player_id,full_name,position,group,marchand_index,OAQ_portable,MI_primary_pinv,OAQport_primary_pinv,rankmove_primary_pinv,MI_primary_shrunk,OAQport_primary_shrunk,rankmove_primary_shrunk,MI_lensA_production_detail,OAQport_lensA_production_detail,rankmove_lensA_production_detail,MI_lensB_attention_stock,OAQport_lensB_attention_stock,rankmove_lensB_attention_stock
1,Leo Carlsson,C,f1,0.0016114278765134,0.0124810654181201,0.0016114278765134008,0.012481065418120108,0.0,0.009891020398287074,0.07660936889715941,-27.0,0.03280930997560863,0.2541194366172717,-75.0,-0.0031191712831245984,-0.02415905880890723,-13.0
2,Nathan Gaucher,C,f1,-0.7436118810224503,-0.6525607256619317,-0.7436118810224506,-0.6525607256619319,0.0,-0.7677693769479337,-0.6737602700393468,0.0,-0.5823247570861314,-0.5110223165511275,-9.0,-0.7714172680788733,-0.6769614971099371,8.0
3,Cutter Gauthier,L,f1,0.0078857557322538,0.0438869794592408,0.007885755732253821,0.043886979459240916,0.0,0.04367519918799013,0.2430677077406438,-89.0,0.03263557870046,0.18162837154710731,-55.0,-0.011274418379421242,-0.06274606830753682,31.0
4,Mikael Granlund,C,f1,0.0716706730649582,0.5086856247137412,0.0716706730649582,0.5086856247137412,0.0,0.05318458282158759,0.37747981958001964,37.0,0.01939005550165207,0.13762173667815758,127.0,0.04133112128548499,0.29334937642026737,40.0
5,Jansen Harkins,C,f1,-0.0061538420326859,-0.0074616693987276,-0.006153842032685908,-0.007461669398727611,0.0,0.17289654440634117,0.20964087925725794,-304.0,-0.4063665977536509,-0.49272847613217746,295.0,-0.3273789281536699,-0.39695418195944515,277.0
6,Ross Johnston,L,f1,-0.0268707447359925,-0.0340247132143518,-0.0268707447359925,-0.0340247132143518,0.0,-0.10280830972088609,-0.1301796168537121,104.0,-0.07179725507768249,-0.09091229281500521,78.0,0.07802081871303333,0.09879279519573908,-281.0
7,Alex Killorn,L,f1,-0.073827097600701,-0.3128156775225468,-0.073827097600701,-0.3128156775225468,0.0,-0.08152458057053243,-0.34543098313092035,5.0,-0.030366757943335754,-0.1286681756282067,-63.0,-0.039575529872971846,-0.16768702269029645,-72.0
8,Chris Kreider,L,f1,0.07299017996953,0.3603434989108753,0.07299017996953003,0.36034349891087547,0.0,0.09253600401729414,0.4568388169030747,-36.0,0.15018417241100498,0.7414407005189929,-99.0,0.15002886640930363,0.740673973980186,-120.0
9,Mason McTavish,C,f1,0.2464544392553034,0.8759978982994522,0.2464544392553034,0.8759978982994522,0.0,0.25942790921066056,0.9221108125114424,-3.0,0.21339007143986224,0.7584738772169096,13.0,0.1806927383896885,0.6422544448605778,16.0
10,Ryan Poehling,C,f1,0.0251536434847955,0.0837637045284257,0.02515364348479553,0.0837637045284258,0.0,0.02515364348479553,0.0837637045284258,15.0,0.03886077550439934,0.12940958311123388,-22.0,0.006477408100195873,0.021570302471004013,36.0
11,Beckett Sennecke,R,f1,0.1536367038566772,0.8293115251843686,0.1536367038566772,0.8293115251843686,0.0,0.1536367038566772,0.8293115251843686,1.0,0.15543702160480988,0.8390294130330509,-7.0,-0.00508836623062825,-0.027466358321221906,260.0
12,Troy Terry,R,f1,-0.1175278380907813,-0.7914612026900543,-0.1175278380907813,-0.7914612026900543,0.0,-0.1175278380907813,-0.7914612026900543,3.0,-0.0006764585130494147,-0.004555437052236655,-188.0,-0.0440341070580329,-0.29653644530254497,-108.0
13,Frank Vatrano,R,f1,-0.0926303269946498,-0.1621408460103857,-0.0926303269946498,-0.1621408460103857,0.0,-0.08795533660120941,-0.15395770640507445,-10.0,-0.2148056201967983,-0.3759974310411981,90.0,-0.14911200487569448,-0.26100681499533407,57.0
14,Jeffrey Viel,L,f1,-0.1964174002613767,-0.3552815529837648,-0.19641740026137672,-0.35528155298376485,0.0,-0.2257106550440861,-0.4082674546263933,19.0,-0.2517839819107272,-0.4554291218122261,17.0,0.05831743263786505,0.1054850945284656,-416.0
15,Tim Washe,C,f1,-0.4618670167082266,-0.8245379791304347,-0.4618670167082266,-0.8245379791304347,0.0,-0.4347988272082287,-0.7762150864759301,-6.0,-0.34649549938485597,-0.6185735038556849,-25.0,-0.28808861803490565,-0.5143038977278627,-41.0
16,John Carlson,D,d1,0.0363671826214566,0.2357763293076575,0.03636718262145661,0.23577632930765757,0.0,0.03636718262145661,0.23577632930765757,7.0,0.03554799917103863,0.23046538540035644,14.0,0.029622657004734557,0.1920501075273106,-3.0
17,Radko Gudas,D,d1,0.7171103326650539,1.408066151477532,0.7171103326650539,1.408066151477532,0.0,0.6985115709024143,1.3715469636978193,-1.0,0.7238341545231222,1.421268563345906,-4.0,0.6076006918552495,1.1930409155257722,-2.0
18,Drew Helleson,D,d1,0.1573890943753995,0.3582345183842668,0.1573890943753995,0.3582345183842668,0.0,0.1573890943753995,0.3582345183842668,-2.0,0.047292029277871135,0.10764174861673803,164.0,-0.056451444557768383,-0.12848956360987362,393.0
19,Tyson Hinds,D,d1,-1.1320369523099043,-2.1179346540445527,-1.1320369523099043,-2.1179346540445527,0.0,-1.1324787612707063,-2.118761237051972,0.0,-1.1798758622197023,-2.2074367545748714,0.0,-0.8871678782986114,-1.6598076498914744,-2.0
20,Jackson LaCombe,D,d1,-0.0083206819515138,-0.069134463922136,-0.008320681951513809,-0.06913446392213607,0.0,0.007449796471938124,0.061898494428423656,-44.0,-0.05242233876248195,-0.43556409306444444,100.0,0.011054707388880165,0.09185079703800747,-66.0
21,Pavel Mintyukov,D,d1,0.2153434996281659,0.6430090460517368,0.2153434996281659,0.6430090460517368,0.0,0.24004309628895915,0.7167612796419911,-11.0,0.15291530150873714,0.4566003725193766,43.0,-0.03847692404863143,-0.11489090810837561,390.0
22,Ian Moore,D,d1,0.1612155881349254,0.1968081028166884,0.16121558813492548,0.19680810281668848,0.0,0.09088218892400693,0.11094678491630794,72.0,-0.1873910296686019,-0.2287624507071701,520.0,0.07451709734237258,0.09096867570327538,73.0
23,Jacob Trouba,D,d1,0.0563874342048599,0.3826750632077172,0.05638743420485991,0.38267506320771727,0.0,0.05223541900460322,0.3544972838566453,18.0,0.10241769234378084,0.6950608312634828,-62.0,0.04352748960402281,0.2954006521200616,15.0
24,Olen Zellweger,D,d1,0.3472949624981827,0.7846529176598022,0.3472949624981827,0.7846529176598022,0.0,0.3718830888486319,0.8402055376629466,-1.0,0.16422874769864454,0.3710464589477921,80.0,0.08253013607520326,0.18646257233462632,146.0
25,Viktor Arvidsson,L,f1,-0.0874793146307863,-0.3008271530891415,-0.08747931463078636,-0.30082715308914165,0.0,-0.12065966199264118,-0.4149289779320037,44.0,-0.09183224997002461,-0.31579619064060094,12.0,-0.10527356531331582,-0.36201869073175585,20.0
26,Michael Eyssimont,C,f1,0.1263850330760998,0.2007286564902534,0.1263850330760998,0.2007286564902534,0.0,0.1436106220835193,0.22808687490074064,-11.0,-0.21363931507099082,-0.3393086320741524,495.0,0.02812762712735263,0.044673175819265554,147.0
27,Morgan Geekie,C,f1,-0.021066804122978,-0.1172502097374144,-0.021066804122978,-0.1172502097374144,0.0,-0.02321812620666689,-0.12922369010267432,9.0,-0.003185741259451977,-0.017730683242669132,-39.0,0.024294399498901026,0.1352138378494599,-137.0
28,James Hagens,C,f1,0.0180990990307419,0.0557539628416956,0.018099099030741906,0.05575396284169562,0.0,0.07636942897807823,0.2352547106490278,-135.0,0.18809756295804572,0.5794313030700347,-255.0,0.4461758696318717,1.3744370818715224,-340.0
29,Tanner Jeannot,L,f1,0.0734244801448997,0.1531363789367433,0.07342448014489973,0.15313637893674337,0.0,0.07342448014489976,0.15313637893674342,-3.0,0.17156598524282615,0.3578233536955609,-122.0,0.0665758983152914,0.13885276371511013,-12.0
30,Mark Kastelic,C,f1,-0.1332196114456767,-0.2746145908239997,-0.13321961144567673,-0.27461459082399975,0.0,-0.11393348172793188,-0.23485878787920023,-21.0,-0.11778415330368994,-0.24279643750675226,-24.0,-0.10553687045651372,-0.2175502854478676,-34.0
31,Marat Khusnutdinov,C,f1,-0.0115148949301657,-0.0342871936684237,-0.011514894930165718,-0.034287193668423754,0.0,0.07152437653412883,0.2129737322929828,-199.0,0.03583050300258093,0.10669028272834188,-112.0,-0.011220493636065696,-0.0334105730610921,-17.0
32,Sean Kuraly,C,f1,-0.1654754133231424,-0.3837805767185643,-0.1654754133231424,-0.3837805767185643,0.0,-0.1743659475250492,-0.40440004081188485,15.0,-0.24597992995093113,-0.5704915158206035,31.0,-0.18488525405765133,-0.4287970521061108,6.0
33,Elias Lindholm,C,f1,-0.1212005041556988,-0.6935117745744722,-0.12120050415569883,-0.6935117745744723,0.0,-0.13776983517294814,-0.7883218270353317,20.0,-0.13535817414858056,-0.7745222531116732,5.0,-0.1549060871753582,-0.8863758130194153,28.0
34,Fraser Minten,C,f1,0.1365852679048309,0.4831358685240366,0.13658526790483091,0.4831358685240367,0.0,0.1736331221325197,0.614183290429875,-35.0,0.07836557245669785,0.27719840867194234,82.0,0.10372231438657774,0.36689147530463645,5.0
35,Casey Mittelstadt,C,f1,-0.0612532061100894,-0.2158638896452882,-0.06125320611008939,-0.21586388964528813,0.0,-0.08408145135470323,-0.29631345506758217,27.0,-0.17521586532135042,-0.6174824244767432,105.0,-0.2397057198834402,-0.8447526643954764,138.0
36,David Pastrnak,R,f1,0.0106308970704059,0.1192093543744681,0.010630897070405902,0.11920935437446811,0.0,0.04001046718843892,0.4486565837451508,-70.0,0.05523734647416252,0.6194028939358642,-100.0,0.018561181599711752,0.20813544334734235,-37.0
37,Lukas Reichel,L,f1,0.1083154941636312,0.2176392253464361,0.10831549416363118,0.21763922534643604,0.0,0.1459054952665516,0.2931691279146894,-30.0,0.4044190415173389,0.8126025513784267,-156.0,0.12613563352530338,0.25344537991542937,-45.0
38,Alex Steeves,C,f1,-0.1804326507969084,-0.3449895114959759,-0.1804326507969084,-0.3449895114959759,0.0,-0.039130249398953064,-0.07481753200009977,-159.0,-0.28753231590471773,-0.5497654264079284,35.0,0.022633896598463515,0.043276296702770334,-327.0
39,Pavel Zacha,C,f1,-0.0916061668913985,-0.4646698837941817,-0.09160616689139851,-0.4646698837941818,0.0,-0.09254003051964231,-0.46940688260486346,1.0,-0.039637770999827904,-0.20106155589051122,-63.0,-0.08254254288640513,-0.41869488826634377,1.0
40,Jonathan Aspirot,D,d1,-0.2125133007380995,-0.4667428073429875,-0.21251330073809954,-0.46674280734298756,0.0,-0.14166731131004048,-0.31114381245750816,-37.0,0.1031589979729577,0.2265680319742721,-479.0,-0.07831819986650786,-0.17201020521907295,-107.0
41,Jordan Harris,D,d1,0.2916071630247395,0.5216925169036575,0.2916071630247395,0.5216925169036575,0.0,0.4154941344275348,0.7433294110467981,-27.0,0.09384805751401674,0.16789652497957647,151.0,-0.0417630878198312,-0.07471520991597796,427.0
42,Henri Jokiharju,D,d1,-0.0697537155927029,-0.1810208322066789,-0.06975371559270292,-0.18102083220667897,0.0,-0.05763562564390632,-0.14957266190281587,-21.0,0.24309024303388038,0.630853822214458,-477.0,-0.12935451759367883,-0.33569340680327603,59.0
43,Hampus Lindholm,D,d1,-0.1308120512569902,-0.7090311537015831,-0.1308120512569902,-0.7090311537015831,0.0,-0.13081205125699016,-0.709031153701583,4.0,-0.028793284481379,-0.1560661691221596,-126.0,-0.142855660081265,-0.774310260460868,6.0
44,Mason Lohrei,D,d1,0.1099060870827021,0.2400385551757602,0.10990608708270214,0.24003855517576028,0.0,0.10990608708270214,0.24003855517576028,3.0,-0.036146884008971744,-0.07894599873335831,320.0,-0.09017960242304006,-0.19695525558709415,397.0
45,Charlie McAvoy,D,d1,0.0204890067256343,0.1666700137118554,0.020489006725634296,0.1666700137118554,0.0,0.020489006725634296,0.1666700137118554,14.0,0.02806284487662837,0.2282802091391536,-2.0,0.03758925778903821,0.3057738325245005,-64.0
46,Andrew Peeke,D,d1,-0.1537136185438688,-0.5699896104609941,-0.1537136185438688,-0.5699896104609941,0.0,-0.17426610049605848,-0.6462008225377686,24.0,-0.14700605739967917,-0.5451171222589886,-13.0,-0.17910076381374557,-0.6641283678474384,13.0
47,Nikita Zadorov,D,d1,0.1351489748954214,0.6550791538998644,0.13514897489542138,0.6550791538998643,0.0,0.12697843836247746,0.6154758334673527,10.0,0.10246167058009673,0.49664086999338614,39.0,0.11469980602324681,0.5559602056939656,-10.0
48,Zach Benson,L,f1,0.1202941675862738,0.4891505866392349,0.1202941675862738,0.48915058663923494,0.0,0.12675434204382122,0.5154195088081738,-3.0,0.1515462311166418,0.6162304402705632,-36.0,-0.017683060524571758,-0.07190439572199464,266.0
49,Sam Carrick,C,f1,0.3050973344641965,0.4343397390081558,0.3050973344641965,0.4343397390081558,0.0,0.19993010796958846,0.28462258140630836,51.0,0.2198321258918278,0.31295530114396797,30.0,0.24996196422070793,0.3558484524037324,4.0
50,Justin Danforth,R,f1,-0.5598780256929421,-0.9009545830139366,-0.5598780256929422,-0.9009545830139367,0.0,-0.45858573836081395,-0.7379552397500243,-14.0,-0.09725000096392826,-0.15649450424156097,-162.0,-0.3529213703197546,-0.5679203530797725,-32.0
51,Josh Doan,R,f1,0.2305525800763295,0.9258417646978406,0.2305525800763295,0.9258417646978406,0.0,0.2282553330956406,0.9166165927312392,4.0,0.19038806597695584,0.7645510751740705,21.0,0.14897213246355626,0.5982349968289074,36.0
52,Josh Dunne,C,f1,-0.426428088024633,-0.4969814780592773,-0.42642808802463295,-0.4969814780592773,0.0,-0.31489481658511637,-0.36699480117415717,-17.0,-0.17944924358076084,-0.2091394840441047,-83.0,-0.13123303767777816,-0.15294580930968954,-120.0
53,Jordan Greenway,L,f1,-0.0814326873247144,-0.1564961023303362,-0.08143268732471445,-0.1564961023303363,0.0,-0.07641906803561518,-0.14686100488864717,-5.0,0.13536535043958972,0.26014307559203653,-403.0,-0.10611992649016204,-0.20393966379950115,29.0
54,Konsta Helenius,C,f1,-0.0217491594091541,-0.0425698262177053,-0.021749159409154086,-0.042569826217705276,0.0,-0.09344258160587979,-0.18289600924170893,109.0,0.1563871638571484,0.30609800879368976,-336.0,0.013550880681621176,0.026523261191909647,-105.0
55,Tyson Kozak,C,f1,-0.4070494553688118,-0.6409801011321519,-0.4070494553688118,-0.6409801011321519,0.0,-0.2835491093808959,-0.44650431147788217,-17.0,-0.3887475213832054,-0.6121600760902837,-3.0,-0.4126174250877635,-0.6497479737984369,4.0
56,Peyton Krebs,C,f1,0.0329303031816108,0.0883918281515467,0.03293030318161077,0.08839182815154661,0.0,0.06168592569297071,0.16557793935729667,-62.0,0.038367945459341316,0.10298759847021006,0.0,0.03768774539382636,0.10116179908512443,-32.0
57,Jiri Kulich,C,f1,-0.0256905505663499,-0.1035795660912237,-0.02569055056634989,-0.10357956609122365,0.0,-0.022248240796282286,-0.08970080738520339,-7.0,-0.04168237381258766,-0.16805565073467535,38.0,-0.08748156230268844,-0.3527095396765662,99.0
58,Beck Malenstyn,L,f1,0.0125315260533912,0.0199285670820019,0.012531526053391244,0.01992856708200197,0.0,0.03514924567416924,0.05589695120251448,-54.0,-0.011733002056633836,-0.01865869468432524,70.0,0.02630548006073016,0.04183293573193031,-57.0
59,Ryan McLeod,C,f1,-0.0223217785419499,-0.1209822362785455,-0.022321778541949923,-0.12098223627854564,0.0,-0.004114485361776992,-0.02230017824375556,-48.0,-0.019290319484612812,-0.10455197310510507,-7.0,-0.03052354484042313,-0.16543514698001605,-2.0
60,Josh Norris,C,f1,0.0468883357403157,0.1968280854895157,0.0468883357403157,0.1968280854895157,0.0,0.07961815784090637,0.33422149305575155,-68.0,0.05002139934192889,0.2099800752261055,7.0,0.02907040116501215,0.12203187243435742,28.0
61,Noah Ostlund,C,f1,0.2831331435740943,0.7782184727101057,0.28313314357409425,0.7782184727101056,0.0,0.34422932221585,0.9461471518849207,-16.0,0.06040295770383538,0.16602329525278803,206.0,0.06350140492959294,0.17453967322734648,167.0
62,Tanner Pearson,L,f1,0.0227551698090689,0.0349521393145084,0.022755169809068963,0.034952139314508496,0.0,0.03150300102829609,0.04838888437243269,-11.0,-0.053168565687599444,-0.08166738067254209,190.0,-0.06291914048836793,-0.09664434861840071,201.0
63,Jack Quinn,R,f1,0.1509257806155294,0.5822659943578521,0.1509257806155294,0.5822659943578521,0.0,0.19075369264451325,0.7359205834292117,-37.0,0.20760519868085414,0.8009330609440557,-55.0,-0.027000752317907595,-0.10416788856534748,314.0
64,Tage Thompson,C,f1,0.033646465728224,0.2690560292798858,0.033646465728224016,0.2690560292798859,0.0,0.052459540636225516,0.41949593801139706,-38.0,0.004563053030506041,0.03648873375582051,88.0,0.025694119460736933,0.20546460403268707,6.0
65,Alex Tuch,R,f1,0.0286884538133118,0.2074821561031797,0.028688453813311806,0.20748215610317972,0.0,0.02868845381331182,0.20748215610317983,10.0,0.06080951366437526,0.43978978751430486,-61.0,0.02308249920985788,0.16693847411494178,2.0
66,Jason Zucker,L,f1,0.0175833498996309,0.0700392513770461,0.01758334989963091,0.07003925137704614,0.0,-0.01424061958655048,-0.05672424996833125,83.0,-0.14598695095259262,-0.5815056183208734,258.0,-0.046587617710805704,-0.18557111622816197,142.0
67,Bowen Byram,D,d1,0.1353703539465321,0.8159787253612181,0.1353703539465321,0.815978725361218,0.0,0.10948577747157982,0.6599529552957213,28.0,0.1562951203023744,0.9421079972567866,-27.0,0.019615059989656257,0.11823468862735853,182.0
68,Rasmus Dahlin,D,d1,0.0081748582906831,0.0626664495882671,0.008174858290683108,0.06266644958826717,0.0,0.028596852375041008,0.2192164248016435,-48.0,0.03487927430297893,0.2673759234791977,-59.0,0.02142805183776635,0.16426216608507738,-51.0
69,Ryan Johnson,D,d1,-2.6261427314792085,-2.0352606168963865,-2.62614273147921,-2.0352606168963874,0.0,-2.676484559042553,-2.0742755332579783,0.0,-2.5755424889695897,-1.9960454289514318,0.0,-3.045173237586378,-2.3600092591294426,0.0
70,Michael Kesselring,D,d1,1.0671861453176208,1.2771040201924535,1.0671861453176208,1.2771040201924535,0.0,1.0071771687910573,1.2052911452727746,0.0,1.1045832499180004,1.3218572179717294,1.0,0.5628168482466841,0.6735241669708532,8.0
71,Zach Metsa,D,d1,0.7296318066015616,0.5654646501162103,0.7296318066015616,0.5654646501162103,0.0,0.7296318066015616,0.5654646501162103,-1.0,-0.08879226804398847,-0.06881400773409108,559.0,0.51925232511562,0.4024205519646056,3.0
72,Owen Power,D,d1,0.076263423974924,0.4193727181081367,0.076263423974924,0.4193727181081367,0.0,0.13844114206431307,0.7612881119079538,-72.0,0.1809443181390731,0.9950131605572476,-122.0,-0.005316192068353035,-0.029233750617113585,169.0
73,Mattias Samuelsson,D,d1,-0.0014472566466196,-0.0095804771105499,-0.0014472566466196177,-0.009580477110550017,0.0,-0.0014472566466196095,-0.009580477110549962,-2.0,0.0068602590389219295,0.04541319941307534,-18.0,0.011210690667211542,0.07421196895626059,-51.0
74,Luke Schenn,D,d1,0.3740988750665464,0.4605710326334875,0.3740988750665463,0.4605710326334874,0.0,0.3718992490405509,0.45786296774016205,2.0,0.48739889653585333,0.6000601125625102,-20.0,0.30776741340456115,0.37890719499613906,0.0
75,Logan Stanley,D,d1,0.4242080233100207,0.8939646059126348,0.4242080233100207,0.8939646059126348,0.0,0.44898391777314334,0.9461766611138436,-3.0,0.28430378249128435,0.5991341627420104,20.0,0.3490316457208788,0.73553992492469,-2.0
76,Conor Timmins,D,d1,0.0039747145811622,0.0129937380911853,0.003974714581162187,0.012993738091185258,0.0,0.003974714581162187,0.012993738091185258,-5.0,-0.04211114746220587,-0.1376655379071749,116.0,-0.04080276715422418,-0.13338831228545303,85.0
77,Mikael Backlund,C,f1,-0.0242751397978057,-0.1320379221479655,-0.024275139797805698,-0.1320379221479655,0.0,-0.02362540199404528,-0.12850385271462436,3.0,-0.028710610506115685,-0.15616344072175983,17.0,-0.0617201662915697,-0.3357098076321856,70.0
78,John Beecher,C,f1,-0.2508068201302527,-0.3517987591403388,-0.25080682013025274,-0.35179875914033887,0.0,-0.20607529779815387,-0.2890552737649483,-14.0,-0.19381028202111064,-0.27185152576096794,-33.0,-0.2512546709194479,-0.352426945215331,-9.0
79,Blake Coleman,L,f1,-0.0936068768275857,-0.457128065242969,-0.09360687682758569,-0.4571280652429689,0.0,-0.06565642661532516,-0.32063237538319084,-40.0,-0.056829634830548474,-0.2775268431015241,-42.0,-0.046990324480531115,-0.22947668849682457,-70.0
80,Matt Coronato,R,f1,0.0536032734891147,0.2386379767804082,0.05360327348911472,0.2386379767804083,0.0,0.05360327348911472,0.2386379767804083,5.0,-0.11194645178450215,-0.49837767402440636,321.0,-0.10893802675999209,-0.4849843789061442,323.0
81,Joel Farabee,L,f1,-0.1330734539783138,-0.5973436035824345,-0.1330734539783138,-0.5973436035824345,0.0,-0.12236489366290022,-0.5492747377286075,-7.0,0.0018352263484985086,0.008238012072491807,-208.0,-0.11466210375173576,-0.5146982527451844,-21.0
82,Morgan Frost,C,f1,0.0378287760377189,0.1374624212318883,0.03782877603771892,0.13746242123188837,0.0,0.05442523483776492,0.19777072748675742,-32.0,-0.01974454496195292,-0.07174783963101741,160.0,-0.054430544344961244,-0.19779002120416522,220.0
83,Matvei Gridin,R,f1,-0.147490023890172,-0.510309846433906,-0.14749002389017196,-0.5103098464339059,0.0,-0.13390041275106807,-0.4632903112099055,-7.0,-0.06021426604735991,-0.20833905947862655,-91.0,-0.11806393912251126,-0.40849671763464573,-33.0
84,Tyson Gross,C,f1,-0.175426317287058,-0.2685943552184455,-0.17542631728705788,-0.2685943552184453,0.0,-0.17542631728705804,-0.26859435521844555,9.0,-0.42591257785554637,-0.6521126134190134,73.0,-0.04888784253621967,-0.0748519306972053,-143.0
85,Samuel Honzek,L,f1,-0.4393238678466639,-0.8523864565440548,-0.4393238678466639,-0.8523864565440548,0.0,-0.4393238678466639,-0.8523864565440548,-2.0,-0.3782096179378624,-0.7338111576889218,-14.0,-0.2034027817110175,-0.39464684039058784,-67.0
86,Jonathan Huberdeau,L,f1,-0.0273650586324169,-0.1520547607663075,-0.027365058632416898,-0.15205476076630747,0.0,-0.030454030602462344,-0.1692187252301982,3.0,-0.049099244028817865,-0.272821407214689,46.0,-0.05906213535785527,-0.32818050868516535,49.0
87,Rory Kerins,C,f1,-0.3037803994976701,-0.8416267907581685,-0.30378039949767,-0.8416267907581683,0.0,-0.27488825872667266,-0.7615808109798903,1.0,-0.3291087895379028,-0.9117993616675557,3.0,-0.04184154318859198,-0.11592243532635838,-214.0
88,Adam Klapka,R,f1,0.1020031452093192,0.1494775106561963,0.10200314520931927,0.1494775106561964,0.0,0.16058894032305623,0.23533034191394542,-59.0,0.2806743700396072,0.41130600485330454,-135.0,0.06526851773619892,0.09564583067910605,37.0
89,Ryan Lomberg,L,f1,-0.1081880028376334,-0.1191295835883547,-0.10818800283763345,-0.11912958358835476,0.0,-0.10818800283763345,-0.11912958358835476,-2.0,-0.0835385311485641,-0.0919871905228428,-28.0,-0.03507868350214666,-0.038626361970190454,-118.0
90,Victor Olofsson,L,f1,-0.1635757396289265,-0.4122996414090548,-0.1635757396289265,-0.41229964140905484,0.0,-0.11357282679385139,-0.28626516295841326,-44.0,-0.17671227231747025,-0.44541083338123605,-1.0,-0.05298023211014533,-0.13353893890581925,-122.0
91,Martin Pospisil,C,f1,-0.112200995204499,-0.1469343292119369,-0.11220099520449904,-0.14693432921193694,0.0,-0.21152730298050526,-0.2770084375526503,75.0,-0.24140282501988833,-0.3161323310859687,74.0,-0.1327446825054019,-0.17383759248153857,11.0
92,Yegor Sharangovich,C,f1,-0.1283441180672229,-0.4832653960377689,-0.12834411806722293,-0.48326539603776897,0.0,-0.14749641529956237,-0.5553812253130284,29.0,-0.20231659953058617,-0.7618004866101692,43.0,-0.13237650206130044,-0.49844888615185085,-4.0
93,Ryan Strome,C,f1,0.0203027134830059,0.049118491408678,0.020302713483005934,0.049118491408678085,0.0,-0.0029863921735464546,-0.007224998690055254,63.0,-0.0002511578672737692,-0.0006076279191071978,61.0,-0.17616412343401383,-0.42619504977271644,294.0
94,Aydar Suniev,L,f1,-0.6751801667718769,-1.1380933067201164,-0.6751801667718769,-1.1380933067201164,0.0,-0.561778655648576,-0.9469421042219223,-4.0,-0.7999841142870171,-1.3484646184224942,7.0,-0.33744593889894375,-0.5688036813595126,-42.0
95,Connor Zary,C,f1,-0.0159592677644008,-0.0449953992743349,-0.01595926776440081,-0.044995399274334935,0.0,-0.022509371827202605,-0.0634626968938179,26.0,-0.14280641481472436,-0.4026269718876462,176.0,-0.15240983686890855,-0.42970276359106296,190.0
96,Kevin Bahl,D,d1,-0.0575167506269226,-0.3462795892326788,-0.057516750626922596,-0.34627958923267876,0.0,-0.044520037076914105,-0.2680328770937436,-27.0,-0.05705977899628593,-0.3435283915933291,9.0,-0.0340204656951276,-0.2048202090348778,-55.0
97,Jake Bean,D,d1,-0.1809124922561804,-0.3493028903606328,-0.1809124922561804,-0.3493028903606328,0.0,-0.18671268074079864,-0.3605017997175647,7.0,-0.06725962413225668,-0.12986378564006773,-107.0,-0.2349124631063018,-0.45356515363556116,13.0
98,Hunter Brzustewicz,D,d1,-0.0924467617738926,-0.1810228258052039,-0.0924467617738926,-0.1810228258052039,0.0,-0.10116700260246828,-0.198098195522875,8.0,-0.06858389479815072,-0.13429621765934252,-17.0,-0.14010820679801775,-0.2743501559860977,45.0
99,Joel Hanley,D,d1,-0.3048317977044193,-0.4612889404062694,-0.3048317977044194,-0.4612889404062695,0.0,-0.35084193837248656,-0.530914121232372,13.0,-0.552928128054453,-0.8367225211799579,38.0,-0.5392214597296808,-0.8159808054021138,39.0
100,Yan Kuznetsov,D,d1,-0.0859597686633802,-0.3624614777194374,-0.0859597686633802,-0.36246147771943743,0.0,-0.07173285350893424,-0.30247168516353495,-15.0,-0.0852454779195536,-0.3594495701427363,5.0,-0.06651401430644051,-0.28046571424563205,-17.0
101,Olli Maatta,D,d1,0.0212797173043833,0.0494902315237759,0.021279717304383352,0.04949023152377602,0.0,0.007840492080265151,0.01823462984786578,40.0,0.06792548538462385,0.15797427897961042,-91.0,-0.24008644904141763,-0.5583689754343439,328.0
102,Brayden Pachal,D,d1,-0.4983619326346477,-0.6344247266195198,-0.49836193263464773,-0.6344247266195199,0.0,-0.4903233590921297,-0.6241914614197446,-4.0,-0.24812752579332636,-0.3158713124134488,-58.0,-0.4503442579373861,-0.5732972645325464,-6.0
103,Zayne Parekh,D,d1,0.3165288568636963,0.7479111851504602,0.3165288568636963,0.7479111851504602,0.0,0.2909172002277537,0.6873946033194928,13.0,0.2804048757870291,0.6625555251101586,8.0,0.24731789279742064,0.584375845361505,10.0
104,Zach Whitecloud,D,d1,-0.0162864145697352,-0.0717303315274702,-0.016286414569735213,-0.07173033152747026,0.0,-0.016286414569735213,-0.07173033152747026,6.0,0.028201406646216762,0.12420758661229511,-99.0,0.029505606720482074,0.12995168107241317,-138.0
105,Abram Wiebe,D,d1,-2.197964924197364,-2.0416467215134317,-2.1979649241973633,-2.0416467215134313,0.0,-2.1979649241973633,-2.0416467215134313,0.0,-2.253774730477452,-2.093487361355148,0.0,-1.9622110892342532,-1.8226595853049592,0.0
106,Sebastian Aho,C,f1,0.0284781656264563,0.243020532769596,0.0284781656264563,0.243020532769596,0.0,0.027672970300976544,0.23614933890309597,14.0,0.053025042211293935,0.45249311972354267,-43.0,0.07587663477915342,0.6474988751264055,-128.0
107,Jackson Blake,R,f1,-0.0021411176750824,-0.0096123048342909,-0.002141117675082419,-0.009612304834290986,0.0,-0.02036721378716665,-0.0914362950835404,46.0,-0.019505718479490796,-0.08756870965978603,45.0,0.01659039407270639,0.07448069155831408,-69.0
108,William Carrier,L,f1,-0.2084684061477095,-0.3147404525995759,-0.2084684061477095,-0.3147404525995759,0.0,-0.09842754461331062,-0.14860347672015195,-93.0,-0.1672025417464245,-0.2524382693643352,-36.0,-0.1286535167623157,-0.19423790320345993,-67.0
109,Nicolas Deslauriers,L,f1,0.7466975633149718,0.7321854400777527,0.7466975633149718,0.7321854400777527,0.0,0.5737577874329385,0.5626067617317487,8.0,0.22786057586018027,0.22343208845075796,66.0,0.33812367982583014,0.3315522207075356,20.0
110,Nikolaj Ehlers,L,f1,0.1267392321758627,0.6242473684467227,0.12673923217586266,0.6242473684467226,0.0,0.11605228329948157,0.5716093683715091,14.0,0.1324680230755271,0.6524642242860791,-5.0,0.06615581534130882,0.32584696092331566,59.0
111,Taylor Hall,L,f1,0.3063122090812848,0.9754710749556952,0.3063122090812849,0.9754710749556954,0.0,0.2663148037705444,0.848096746420351,15.0,0.29964745992805314,0.954246749486227,0.0,0.21537462056546175,0.6858744327276056,22.0
112,Mark Jankowski,L,f1,-0.261620042201872,-0.4298062914129971,-0.261620042201872,-0.42980629141299714,0.0,-0.261620042201872,-0.42980629141299714,8.0,-0.2557649127059896,-0.4201871067618983,-5.0,-0.3389483291683003,-0.5568461923419739,20.0
113,Seth Jarvis,R,f1,0.0983136593723191,0.7215413933549274,0.09831365937231912,0.7215413933549275,0.0,0.09831365937231912,0.7215413933549275,0.0,0.08640846748173275,0.6341670773164985,34.0,0.07359664064184239,0.5401388064892676,13.0
114,Jesperi Kotkaniemi,C,f1,0.0571787936851804,0.0938319051643998,0.057178793685180425,0.09383190516439985,0.0,0.1827682738722587,0.2999275471858658,-143.0,0.2378218939768285,0.39027198657804835,-183.0,-0.07220603603394443,-0.1184920053182289,300.0
115,Jordan Martinook,L,f1,-0.1330914943251252,-0.410861508544294,-0.13309149432512524,-0.4108615085442941,0.0,-0.10762391158301768,-0.3322415372421641,-27.0,-0.07409812645149089,-0.22874540682362843,-59.0,-0.11352322485046953,-0.3504530748068383,-24.0
116,Eric Robinson,L,f1,-0.0497489878340217,-0.0844007226664208,-0.049748987834021714,-0.08440072266642082,0.0,0.0024057636235833135,0.004081453658362891,-118.0,-0.008150429099729106,-0.013827459331506808,-81.0,0.1277682308733283,0.21676282250197593,-388.0
117,Jordan Staal,C,f1,0.0861560051285174,0.3447741042517926,0.0861560051285174,0.3447741042517926,0.0,0.08159605178287122,0.3265263474317083,0.0,0.030128027867147973,0.12056459448501983,125.0,-0.049968920747026996,-0.19996272883458743,300.0
118,Logan Stankoven,C,f1,0.1515305334050301,0.5498300172458057,0.15153053340503006,0.5498300172458056,0.0,0.15351204720006384,0.5570199593625148,-1.0,0.1424380289766607,0.5168377763137748,5.0,0.1506162347486289,0.5465124756604859,-29.0
119,Andrei Svechnikov,R,f1,0.040470986006208,0.2138624936591389,0.040470986006208,0.2138624936591389,0.0,0.05581509194084555,0.294945982893827,-32.0,0.08530436492907523,0.45077735938884206,-70.0,-0.009115006470820522,-0.04816680308381527,112.0
120,Jalen Chatfield,D,d1,-0.0347011825071059,-0.1467491787978151,-0.034701182507105896,-0.14674917879781507,0.0,-0.0683865206836972,-0.2892024140421531,48.0,-0.04211170812245948,-0.17808783846137616,22.0,-0.041284504383015085,-0.174589644431905,-9.0
121,Shayne Gostisbehere,D,d1,-0.0836629676404951,-0.2482903251524358,-0.08366296764049513,-0.2482903251524359,0.0,-0.13448627525678764,-0.3991209247505265,63.0,-0.0912972197774048,-0.27094683613724946,14.0,-0.018263542007714354,-0.05420152920006713,-122.0
122,K'Andre Miller,D,d1,0.0130647860323984,0.0797481446175645,0.013064786032398405,0.07974814461756453,0.0,0.026354779462288338,0.16087096709510798,-29.0,-0.0025406686867299536,-0.015508375977395378,47.0,0.03089751891152251,0.18860008884720272,-77.0
123,Alexander Nikishin,D,d1,0.3042112098864508,0.8411861083359623,0.3042112098864508,0.8411861083359624,0.0,0.2500986776815776,0.6915574658062807,22.0,0.30831988200368504,0.8525471555176714,-7.0,0.25254501525125356,0.698321927841325,1.0
124,Mike Reilly,D,d1,-0.331268615411953,-0.5158922974719273,-0.331268615411953,-0.5158922974719273,0.0,-0.3553718725850694,-0.5534288588637526,11.0,-0.4681497490609194,-0.7290604614131807,26.0,-0.35817856546859006,-0.5577997867833111,7.0
125,Jaccob Slavin,D,d1,0.0918011730202387,0.4928048491087851,0.0918011730202387,0.4928048491087851,0.0,0.10463611915750945,0.5617050982712075,-12.0,0.13810315983292173,0.7413620611133719,-51.0,0.12336206913842024,0.6622292925832662,-61.0
126,Sean Walker,D,d1,-0.0701288849248437,-0.3957606455798025,-0.0701288849248437,-0.3957606455798025,0.0,-0.04977930489382168,-0.2809211904966931,-34.0,-0.04942912023146504,-0.27894498186033834,-21.0,-0.05316399619206224,-0.3000221303550066,-26.0
127,Connor Bedard,C,f1,0.1818831301642882,1.9585022589416003,0.1818831301642882,1.9585022589416003,0.0,0.1818831301642882,1.9585022589416003,2.0,0.16548557520368617,1.781934765285371,8.0,0.15726819452911414,1.6934507008248822,-5.0
128,Tyler Bertuzzi,L,f1,0.052368404566736,0.3335671941623888,0.052368404566736,0.3335671941623888,0.0,0.05609925054284309,0.3573312907469269,-7.0,0.06246640116643799,0.3978876641154393,-12.0,0.030857344836412472,0.19654977121303052,26.0
129,Sacha Boisvert,C,f1,-0.4804401770980663,-0.5725012976635422,-0.4804401770980662,-0.5725012976635421,0.0,-0.42874567059446966,-0.5109011787181514,-9.0,-0.4877734298210549,-0.5812397356629703,3.0,-0.36389369098801766,-0.43362237429966727,-19.0
130,Andre Burakovsky,L,f1,-0.0232114730270807,-0.0951533512534925,-0.02321147302708072,-0.09515335125349259,0.0,-0.0034958999035062475,-0.014331128019203415,-51.0,-0.001549328489521508,-0.006351333144539534,-51.0,-0.023289446593653746,-0.09547299689424768,-18.0
131,Ryan Donato,C,f1,-0.0110697974590823,-0.0334857948231969,-0.011069797459082327,-0.03348579482319698,0.0,0.0011003909666962594,0.003328648629054947,-30.0,-0.025965752408905255,-0.07854559767768446,47.0,-0.03637113129113572,-0.11002154686247477,47.0
132,Anton Frondell,C,f1,0.0627280201269282,0.3551588900569598,0.06272802012692821,0.35515889005695983,0.0,0.050857000750276465,0.2879465333282578,30.0,0.015570894282411535,0.0881606261339904,123.0,0.06624412520949598,0.3750666756991903,-29.0
133,Ryan Greene,C,f1,-0.1480276692680047,-0.6223625334417572,-0.1480276692680047,-0.6223625334417572,0.0,-0.17321938080218804,-0.7282777146350956,26.0,-0.11898121070559281,-0.500240584026446,-33.0,-0.14287129174705485,-0.6006832339351877,-12.0
134,Sam Lafferty,C,f1,-0.1960797820443564,-0.1941727498215516,-0.19607978204435642,-0.19417274982155164,0.0,-0.20564122549749975,-0.20364120061338353,9.0,-0.26968219815283595,-0.26705932374716196,25.0,-0.41227904901941337,-0.4082693065407652,62.0
135,Nick Lardis,L,f1,-0.0910118588826687,-0.195929449184332,-0.09101185888266873,-0.19592944918433208,0.0,-0.13784317059783893,-0.2967474439113946,62.0,-0.08017422700084516,-0.17259830013258354,-2.0,-0.16236766683671186,-0.3495435421187747,73.0
136,Andrew Mangiapane,L,f1,0.2453522912197704,0.4932357838791809,0.2453522912197704,0.4932357838791809,0.0,0.32970650604779295,0.6628144622251848,-25.0,0.24061893521158934,0.48372023972237826,-5.0,0.24682048108689036,0.4961873103409563,-17.0
137,Ilya Mikheyev,R,f1,-0.0686624063352593,-0.3360372159097943,-0.0686624063352593,-0.3360372159097943,0.0,-0.06536087238488333,-0.3198793453059164,-8.0,-0.02135827588173983,-0.10452845956037457,-76.0,-0.0744288350724049,-0.36425840363093565,15.0
138,Oliver Moore,C,f1,0.1567920575737674,0.3486928156551108,0.15679205757376743,0.34869281565511084,0.0,0.1568105781507844,0.3487340039158399,-3.0,-0.02042137386224583,-0.04541547870319899,329.0,0.06277008518112297,0.13959557696613112,96.0
139,Frank Nazar,C,f1,0.0812276682692932,0.4859902674432103,0.0812276682692932,0.48599026744321033,0.0,0.05634577559498411,0.337120332691531,40.0,0.060527369070767736,0.3621390704558294,43.0,0.06095674184129286,0.36470803484969244,14.0
140,Landon Slaggert,L,f1,-0.5202134098414195,-0.7264995265041033,-0.5202134098414196,-0.7264995265041034,0.0,-0.5202134098414196,-0.7264995265041034,-1.0,-0.2550209750241672,-0.35614733126574005,-59.0,-0.5423562703718988,-0.7574229463670081,2.0
141,Teuvo Teravainen,C,f1,0.0025359806291887,0.0130723794963601,0.0025359806291887005,0.013072379496360101,0.0,-0.0038022323760982645,-0.0195996073399049,15.0,-0.0444540473934474,-0.22915008537041998,114.0,-0.0517019017971133,-0.2665110581667289,114.0
142,Dominic Toninato,C,f1,-0.4214381376758145,-0.4662046114942069,-0.42143813767581456,-0.466204611494207,0.0,-0.34159334672564035,-0.37787845774350826,-11.0,-0.4675800054639657,-0.5172478124356926,6.0,-0.49070269723170695,-0.54282666866292,14.0
143,Louis Crevier,D,d1,0.0443213348105326,0.1022538402193347,0.0443213348105326,0.1022538402193347,0.0,0.0443213348105326,0.1022538402193347,8.0,-0.047829917505256704,-0.11034849837429134,236.0,0.018955593056894777,0.04373248666783908,54.0
144,Ethan Del Mastro,D,d1,-0.4980859426224437,-0.6885309639318514,-0.4980859426224437,-0.6885309639318514,0.0,-0.4980859426224437,-0.6885309639318514,-1.0,-0.44345469756593847,-0.6130112581929049,-7.0,-0.5092360941017801,-0.7039444174929632,5.0
145,Matt Grzelcyk,D,d1,-0.2198454150723416,-0.5106289694051798,-0.2198454150723416,-0.5106289694051798,0.0,-0.2198454150723416,-0.5106289694051798,4.0,-0.09101072969689893,-0.21138814787039673,-100.0,-0.18718162414042316,-0.43476167012607764,-21.0
146,Wyatt Kaiser,D,d1,-0.0953913720410391,-0.3663719860023083,-0.09539137204103912,-0.36637198600230836,0.0,-0.1067678805865625,-0.41006602185077556,11.0,-0.12092612600054312,-0.464443942826653,23.0,-0.08438572484371795,-0.32410232644453846,-8.0
147,Kevin Korchinski,D,d1,-0.3503353874043669,-0.4277322655640151,-0.350335387404367,-0.4277322655640152,0.0,-0.2586920508278207,-0.31584287788852083,-18.0,0.27558334047380606,0.33646582906140954,-655.0,-0.4124954257988348,-0.5036248388121851,13.0
148,Artyom Levshunov,D,d1,0.0429682743555336,0.1582784040799937,0.04296827435553362,0.15827840407999375,0.0,0.058019060387105637,0.21371964366796176,-29.0,0.06142731512874532,0.22627432800881261,-27.0,-0.03355033276049635,-0.12358637169705683,179.0
149,Sam Rinzel,D,d1,-0.0209288651974176,-0.0611891853035363,-0.020928865197417598,-0.061189185303536286,0.0,-0.03140125794963961,-0.09180705085155419,25.0,-0.15985385186491916,-0.4673605984357667,171.0,-0.09611883390926089,-0.281020164435829,121.0
150,Alex Vlasic,D,d1,-0.0029070948534642,-0.0148415515155118,-0.0029070948534641854,-0.014841551515511725,0.0,-5.647071598960728e-05,-0.00028829917244663217,-13.0,-0.007293710950916059,-0.03723648256205972,12.0,0.008337164159931562,0.04256360993018651,-53.0
151,Zakhar Bardakov,C,f1,0.1032222633643838,0.084084439506642,0.10322226336438381,0.08408443950664202,0.0,0.17359285527922455,0.14140803992046191,-66.0,-0.2101036206576814,-0.17114956217296984,470.0,-0.022044186474193955,-0.01795710541164186,259.0
152,Ross Colton,C,f1,-0.0724350554727404,-0.1501137762677387,-0.07243505547274043,-0.15011377626773875,0.0,-0.06800727752523955,-0.14093768792437425,-10.0,-0.15942250498949398,-0.3303858068424002,80.0,-0.17455463909134544,-0.36174550938136774,94.0
153,Jack Drury,C,f1,0.0405212635483565,0.1160919646220879,0.040521263548356515,0.11609196462208794,0.0,0.040521263548356515,0.11609196462208794,12.0,0.013250551155495822,0.03796235312680367,86.0,0.03661426119123566,0.10489854320076396,-10.0
154,Nazem Kadri,C,f1,0.084892801729998,0.5780600061384055,0.084892801729998,0.5780600061384055,0.0,0.084892801729998,0.5780600061384055,-7.0,0.02957335352342876,0.20137364500770927,123.0,0.07175564694467691,0.48860526296716644,-6.0
155,Parker Kelly,C,f1,0.1210775226399316,0.2678882510120492,0.1210775226399316,0.2678882510120492,0.0,0.14007891657906515,0.30992949928141766,-14.0,0.03551540120486664,0.0785790665791601,155.0,0.13624526194640166,0.30144740440421575,-44.0
156,Joel Kiviranta,L,f1,-0.0104344582931889,-0.0143676706304368,-0.01043445829318891,-0.014367670630436813,0.0,-0.01043445829318891,-0.014367670630436813,3.0,-0.12824884836715408,-0.17659155466411564,174.0,-0.04579008198539476,-0.06305040449836213,71.0
157,Gabriel Landeskog,L,f1,0.2332988565160745,1.0070612111343369,0.23329885651607443,1.0070612111343367,0.0,0.23329885651607443,1.0070612111343367,4.0,0.25921584117811675,1.1189348411746454,-16.0,0.15529601947171653,0.6703530389689365,29.0
158,Artturi Lehkonen,L,f1,-0.0717506129579321,-0.4515547415937216,-0.0717506129579321,-0.45155474159372166,0.0,-0.06844718634668574,-0.4307649826171711,-7.0,-0.013662691722682864,-0.08598467631109905,-98.0,-0.02865078161767982,-0.18031060302460203,-89.0
159,Nathan MacKinnon,C,f1,0.0301594829937137,0.4897426747280651,0.030159482993713696,0.4897426747280651,0.0,0.030159482993713696,0.4897426747280651,9.0,0.028481652088834047,0.4624973338424656,19.0,0.034056994039189756,0.5530321377666549,-34.0
160,Martin Necas,C,f1,-0.0067232605710994,-0.0861981768595636,-0.0067232605710994394,-0.0861981768595641,0.0,-0.016856847586865474,-0.21611977019503437,25.0,0.005005517838748773,0.06417518812120249,-28.0,-0.016720929310787048,-0.21437717707731152,6.0
161,Brock Nelson,C,f1,0.0764225290141026,0.6078861953457033,0.0764225290141026,0.6078861953457033,0.0,0.05896993893440535,0.46906340683895864,31.0,0.05600601156215881,0.4454874985716013,46.0,0.06613179146110605,0.5260307872730674,-5.0
162,Valeri Nichushkin,R,f1,-0.0209140083438962,-0.1161178556608402,-0.020914008343896215,-0.11611785566084026,0.0,-0.03670893812480855,-0.20381378397428396,37.0,0.029085834916530814,0.16148911892341516,-117.0,-0.06765356715704414,-0.3756232194664557,89.0
163,Logan O'Connor,R,f1,-0.376921424747618,-0.6152477899545475,-0.376921424747618,-0.6152477899545475,0.0,-0.27943166172292067,-0.4561155217787608,-13.0,-0.16699762240936344,-0.27258975311318967,-83.0,-0.4107367471187005,-0.6704444463116113,6.0
164,Nicolas Roy,C,f1,0.1755111454105298,0.5021383114975798,0.1755111454105298,0.5021383114975798,0.0,0.15684800872925703,0.44874297914724687,15.0,0.16965892967003296,0.48539509143836906,-2.0,0.12842549763754976,0.3674260252026521,11.0
165,Jack Ahcan,D,d1,-0.6973147712736161,-0.5616861404542941,-0.6973147712736159,-0.5616861404542939,0.0,-0.7731937843819757,-0.6228065867291828,4.0,-0.9914399435259679,-0.7986035837935999,12.0,-0.7105431022576431,-0.5723415438404853,7.0
166,Nick Blankenburg,D,d1,0.1516411366042564,0.3215477187066917,0.15164113660425643,0.32154771870669174,0.0,0.15164113660425643,0.32154771870669174,4.0,0.23698144457379816,0.5025077270251892,-68.0,0.11098330908671528,0.23533475579575197,9.0
167,Brent Burns,D,d1,0.3005071377272138,0.9472367556765726,0.3005071377272138,0.9472367556765726,0.0,0.2637326768423217,0.8313189732111823,12.0,0.29302858129277554,0.9236633937002857,-5.0,0.2344360756390564,0.7389723564685136,8.0
168,Brett Kulak,D,d1,0.0702464631130767,0.2422496426525298,0.07024646311307668,0.24224964265252974,0.0,0.07024646311307668,0.24224964265252974,-2.0,0.12872445583296943,0.44391492531064186,-78.0,0.08917164088252427,0.30751438835800904,-63.0
169,Cale Makar,D,d1,0.0720394881271733,0.6134786201410181,0.07203948812717328,0.6134786201410181,0.0,0.07203948812717327,0.6134786201410178,-3.0,0.09431227007805147,0.8031506443759113,-29.0,0.09812904679256276,0.8356538030334413,-72.0
170,Sam Malinski,D,d1,0.0869297226569718,0.2107574426531104,0.08692972265697181,0.21075744265311042,0.0,0.05487669897329768,0.13304623992067016,58.0,-0.03347056023950332,-0.08114796026763638,286.0,0.0688099157001565,0.16682673565366551,3.0
171,Josh Manson,D,d1,-0.0047882493348021,-0.0122981346847616,-0.004788249334802095,-0.01229813468476159,0.0,-0.004788249334802095,-0.01229813468476159,-1.0,-0.01671345460838991,-0.04292681968912628,34.0,0.06317782021360117,0.1622658486953319,-191.0
172,Devon Toews,D,d1,0.0472208904556605,0.2989320576131781,0.047220890455660504,0.29893205761317815,0.0,0.05353444690387742,0.3389000548641955,-7.0,0.05558085256345773,0.3518548350182039,-1.0,0.027521379423709594,0.17422421517458475,33.0
173,Charlie Coyle,C,f1,-0.0020210850757852,-0.0120355116795728,-0.0020210850757852164,-0.012035511679572897,0.0,-0.008813672875209313,-0.052485204161088705,17.0,-0.025353898330434735,-0.15098183799120757,62.0,-0.0069060550458664525,-0.04112538712998348,-11.0
174,Adam Fantilli,C,f1,0.0552921636758437,0.3772702308692437,0.0552921636758437,0.3772702308692437,0.0,0.04638329920402451,0.3164831476259374,26.0,0.027643919519805334,0.18862036147672262,86.0,0.029440982461068525,0.2008821053779316,46.0
175,Conor Garland,R,f1,0.1597893954733985,0.75123674921848,0.1597893954733985,0.7512367492184802,0.0,0.1597893954733985,0.7512367492184802,-2.0,0.2118263549884964,0.9958842503215417,-46.0,0.15716553988473736,0.7389009071746151,-25.0
176,Danton Heinen,L,f1,-0.0325402357228682,-0.0542498636528958,-0.03254023572286816,-0.05424986365289575,0.0,-0.005501074927328085,-0.009171186321252855,-65.0,-0.041975613686560484,-0.06998017281239954,25.0,-0.05520921089869756,-0.09204273100988819,35.0
177,Boone Jenner,C,f1,-0.0732454814889789,-0.2975253179735129,-0.0732454814889789,-0.2975253179735129,0.0,-0.025642159616731747,-0.10415921280609826,-77.0,0.005565104832939841,0.022605620869944013,-153.0,-0.014070930849176778,-0.057156538396359105,-124.0
178,Kent Johnson,C,f1,-0.049179640414408,-0.1130581770070194,-0.049179640414407984,-0.11305817700701937,0.0,-0.0649651979146867,-0.14934730679695862,20.0,-0.36199257514417155,-0.8321781186485963,198.0,-0.486505736875202,-1.1184191517279336,223.0
179,Isac Lundeström,C,f1,-0.1682216350898891,-0.3228066741050512,-0.16822163508988913,-0.32280667410505126,0.0,-0.13137352634543356,-0.25209748485895356,-30.0,-0.188360148523708,-0.3614512071909248,3.0,-0.15666883026954348,-0.3006375726179101,-10.0
180,Kirill Marchenko,R,f1,-0.0481310499232998,-0.3510368952103922,-0.04813104992329981,-0.3510368952103923,0.0,-0.05226429072040121,-0.38118209293376515,3.0,0.06078366215009162,0.44331690405025637,-246.0,-0.004639230555894358,-0.03383556130816867,-115.0
181,Mason Marchment,L,f1,0.1047539266810585,0.5442612394986264,0.1047539266810585,0.5442612394986264,0.0,0.10623595732736892,0.5519613025138461,4.0,0.1204719099946078,0.6259258543888854,-17.0,0.07815146629938767,0.40604505496242144,12.0
182,Sean Monahan,C,f1,0.0550161030098101,0.2550500090171299,0.055016103009810115,0.25505000901712993,0.0,0.02352580643728562,0.10906365256177858,92.0,0.02558988131245211,0.11863252943096309,89.0,-0.013119581509591556,-0.06082127230504919,161.0
183,Mathieu Olivier,R,f1,0.0959853809409777,0.273281985351864,0.0959853809409777,0.273281985351864,0.0,0.1446370417916217,0.41179914637772014,-41.0,0.18163196643998553,0.5171281699929333,-87.0,0.15500609717066555,0.4413211007881629,-84.0
184,Cole Sillinger,C,f1,0.237209275030535,0.7887730712814209,0.237209275030535,0.7887730712814209,0.0,0.21313843871749535,0.7087322403126295,18.0,0.15546916821092444,0.5169692175127346,53.0,0.10408495319368609,0.34610538813964337,81.0
185,Dmitri Voronkov,L,f1,-0.1012135189116782,-0.2824735876816109,-0.10121351891167818,-0.2824735876816109,0.0,-0.09134070724445077,-0.2549198719118807,-19.0,0.03978272053708097,0.11102832821819374,-277.0,-0.059710744176595054,-0.16664481496212016,-57.0
186,Miles Wood,L,f1,0.15108267132069,0.2736032882414244,0.15108267132069,0.2736032882414244,0.0,0.059993788424493384,0.10864580063030571,115.0,0.07062712165411633,0.12790224421288107,104.0,0.06869490904561072,0.12440310219581588,72.0
187,Jake Christiansen,D,d1,0.167090581053714,0.1294952003166284,0.16709058105371405,0.12949520031662842,0.0,0.16709058105371405,0.12949520031662842,1.0,-0.204755158676048,-0.15868524797393724,531.0,-0.7157935540668909,-0.5547400044018407,633.0
188,Dante Fabbro,D,d1,0.2452513866694386,0.5305612632828098,0.24525138666943863,0.53056126328281,0.0,0.32505537434000664,0.7032041383690634,-25.0,0.09980285993672765,0.21590716434414345,125.0,0.03957296824080361,0.08560964448282823,207.0
189,Erik Gudbranson,D,d1,-0.0963051435488729,-0.2678791348503682,-0.0963051435488729,-0.2678791348503682,0.0,-0.09300593909986571,-0.25870217917669713,-9.0,-0.029817569156478613,-0.08293954335808676,-90.0,-0.1445078446586589,-0.4019581403417782,44.0
190,Denton Mateychuk,D,d1,0.1257118220668087,0.4215811073659955,0.12571182206680873,0.42158110736599563,0.0,0.16097877161817245,0.5398506495685037,-38.0,0.10175701095301527,0.34124740739997883,32.0,-0.04633352870716819,-0.15538188866725078,337.0
191,Ivan Provorov,D,d1,0.0280113264500679,0.2836760326639748,0.028011326450067906,0.28367603266397484,0.0,0.028011326450067906,0.28367603266397484,10.0,-0.003458100479675506,-0.03502084152910073,95.0,0.0028776546499615354,0.029142556170386164,53.0
192,Damon Severson,D,d1,-0.0493812655519892,-0.2365300248561923,-0.04938126555198919,-0.23653002485619223,0.0,-0.0664949076921184,-0.31850220915598654,23.0,0.00836266658599746,0.040056116694043464,-125.0,-0.09248812891739538,-0.4430064557317328,64.0
193,Brendan Smith,D,d1,-0.4995873030686369,-0.3871801598781936,-0.49958730306863697,-0.38718015987819365,0.0,-0.49958730306863697,-0.38718015987819365,-2.0,-0.5744900162841291,-0.4452297626202001,5.0,-0.7202205503295384,-0.5581709265053922,21.0
194,Zach Werenski,D,d1,-0.0183191273146873,-0.2184269863071049,-0.0183191273146873,-0.2184269863071049,0.0,-0.007551162821338154,-0.0900358248428551,-25.0,-0.00729662928309742,-0.08700090987573039,-19.0,-0.010030379284232185,-0.11959660964938545,-39.0
195,Egor Zamula,D,d1,0.0290041306769121,0.0322997205607629,0.029004130676912165,0.03229972056076297,0.0,0.029004130676912165,0.03229972056076297,10.0,0.21369203861544384,0.23797276361166314,-241.0,0.131089559511778,0.14598459053400986,-198.0
196,Nathan Bastian,R,f1,0.26927787957209,0.2812886723182315,0.26927787957209,0.2812886723182315,0.0,0.24713886028945184,0.2581621706154661,11.0,0.14164444770618792,0.14796231573063978,83.0,-0.10922163925321347,-0.1140933296963677,526.0
197,Jamie Benn,L,f1,0.2771824869836243,0.7185231284879552,0.2771824869836243,0.7185231284879552,0.0,0.3091066419201455,0.801278153630213,-10.0,0.33219789435496666,0.8611361883882065,-28.0,0.27261085640103666,0.7066723714497367,-18.0
198,Colin Blackwell,C,f1,0.0366909167290341,0.0659172624589379,0.03669091672903417,0.06591726245893803,0.0,0.036690916729034184,0.06591726245893806,9.0,-0.11877497446097612,-0.2133858148848689,292.0,0.1697669056662719,0.3049956412996932,-212.0
199,Mavrik Bourque,C,f1,0.0939772754592913,0.3375601935747985,0.09397727545929134,0.3375601935747986,0.0,0.0854579210274144,0.30695923268183867,10.0,0.04234661195183063,0.15210624544961265,104.0,0.0358546200752985,0.12878743753761393,91.0
200,Michael Bunting,L,f1,0.0180290720129462,0.053568036353728,0.01802907201294621,0.05356803635372803,0.0,0.06691803349975056,0.19882707488552773,-112.0,-0.012495770175408993,-0.037127472259441824,87.0,0.04838250489308488,0.14375425308280548,-93.0
201,Oskar Bäck,C,f1,-0.2414877430716226,-0.4605516679256703,-0.2414877430716226,-0.4605516679256703,0.0,-0.2138354796018114,-0.40781484616836694,-7.0,-0.17215632582879614,-0.3283267382265923,-43.0,-0.14474062297929674,-0.2760410714093466,-56.0
202,Matt Duchene,C,f1,-0.107229002215703,-0.5068380902443654,-0.10722900221570301,-0.5068380902443654,0.0,-0.0893412089496291,-0.4222880637559605,-29.0,-0.11415979541027842,-0.5395977906428722,-2.0,-0.1220371701130101,-0.5768316869579786,7.0
203,Adam Erne,L,f1,-0.2893907893767491,-0.3752874424199169,-0.28939078937674917,-0.37528744241991696,0.0,-0.2194949976199169,-0.2846452592985069,-19.0,-0.21078458830066035,-0.27334943594872263,-38.0,-0.31421123571688453,-0.4074750661061136,0.0
204,Radek Faksa,C,f1,0.1348827109484259,0.2425414961222049,0.13488271094842585,0.2425414961222048,0.0,0.07286762766352305,0.13102808586894654,73.0,0.015431801063835047,0.027748938997184835,217.0,0.104245550158509,0.18745079722778357,-1.0
205,Roope Hintz,C,f1,-0.0064457705947619,-0.0353625973772796,-0.006445770594761909,-0.03536259737727965,0.0,-0.026875088920603925,-0.14744132373408025,51.0,-0.030425039596243264,-0.166916958897679,65.0,0.040849453302376056,0.22410707129226787,-148.0
206,Justin Hryckowian,C,f1,-0.0508249289364265,-0.1216304130834874,-0.0508249289364265,-0.1216304130834874,0.0,-0.0009899437402222184,-0.0023690592111451914,-109.0,-0.03911354085181037,-0.09360359631617514,-14.0,0.030177965394505905,0.07221964641690296,-214.0
207,Arttu Hyry,R,f1,-0.128415103294707,-0.2292329816867349,-0.12841510329470696,-0.22923298168673478,0.0,-0.05372524756777543,-0.09590459670117935,-94.0,-0.1361089100708344,-0.24296714708132816,2.0,-0.3103585857802591,-0.5540191315908827,83.0
208,Wyatt Johnston,C,f1,-0.0596427923918569,-0.5598703540866197,-0.05964279239185691,-0.5598703540866197,0.0,-0.06422114823138643,-0.6028476460982175,2.0,-0.04528269140964991,-0.4250712526494186,-13.0,-0.024625107705920177,-0.23115731537440576,-76.0
209,Mikko Rantanen,R,f1,0.0953885792213142,0.9569470559712676,0.09538857922131422,0.9569470559712677,0.0,0.09573780543717295,0.9604505256933467,-1.0,0.10506491340596918,1.0540209361589146,-8.0,0.10794158930128056,1.0828800150074924,-41.0
210,Jason Robertson,L,f1,0.013470172836283,0.1350472174814012,0.013470172836283005,0.13504721748140125,0.0,0.0211239087360039,0.21178088297756237,-12.0,0.040934447880800875,0.41039438414251517,-64.0,0.030717760346806944,0.30796546655458557,-71.0
211,Tyler Seguin,C,f1,0.0518685565049496,0.23722852898129,0.0518685565049496,0.23722852898129,0.0,0.07871027834731449,0.35999312119394483,-57.0,0.03270415470358105,0.149577297590048,59.0,-0.04958677310613603,-0.22679245449553065,239.0
212,Sam Steel,C,f1,-0.0263961087242294,-0.1025957861710709,-0.026396108724229417,-0.10259578617107097,0.0,0.0028945746763526328,0.01125056604569434,-80.0,0.043227566240748125,0.16801590677873943,-175.0,-0.022496711210155607,-0.08743969791088362,-27.0
213,Lian Bichsel,D,d1,0.4534031581708838,0.8208579834483581,0.4534031581708837,0.820857983448358,0.0,0.4099417897717189,0.7421739015686311,5.0,0.27225712583850975,0.4929044521807579,32.0,0.21331955999226634,0.38620168538690947,43.0
214,Kyle Capobianco,D,d1,-0.476791098338557,-0.4350878114894316,-0.47679109833855693,-0.43508781148943154,0.0,-0.47679109833855693,-0.43508781148943154,-2.0,-0.472194368101333,-0.43089314152623326,1.0,-0.27790387390419347,-0.2535965724250028,-46.0
215,Thomas Harley,D,d1,0.0527523901719876,0.3653589235568768,0.0527523901719876,0.3653589235568768,0.0,0.07640685103513938,0.529187867233227,-46.0,0.18032914316187929,1.2489455248711008,-160.0,0.03977253020314188,0.2754614298001918,12.0
216,Miro Heiskanen,D,d1,-0.0013472033197694,-0.013770560094437,-0.0013472033197694001,-0.013770560094437001,0.0,0.0033690957641625743,0.03443751585488608,-18.0,-0.0466870662826002,-0.4772160537635518,106.0,-0.010305290212406514,-0.10533645224749588,3.0
217,Esa Lindell,D,d1,0.0060231049177443,0.0446785278461169,0.006023104917744301,0.04467852784611691,0.0,-0.0007202969958509325,-0.005343059738473321,13.0,0.030147323357202088,0.22362851793142643,-58.0,0.014714428454330367,0.10914951846508805,-39.0
218,Nils Lundkvist,D,d1,-0.0340583776501955,-0.071282493930164,-0.03405837765019553,-0.07128249393016406,0.0,0.013987330816253519,0.029274789135561308,-121.0,0.30833331565972877,0.6453263255143862,-449.0,-0.05521071188089784,-0.11555327957635536,32.0
219,Ilya Lyubushkin,D,d1,0.0561118006916032,0.1026313591788435,0.0561118006916032,0.1026313591788435,0.0,0.04372751383356197,0.07997986382429037,38.0,0.08381233490438862,0.15329705589856493,-29.0,0.04481578459041904,0.08197036681215017,12.0
220,Tyler Myers,D,d1,0.1573441663827005,0.6040703784671483,0.1573441663827005,0.6040703784671483,0.0,0.15430868066478087,0.5924166448168302,3.0,0.1602776428540406,0.6153324816833353,-9.0,0.16476063200192737,0.6325434213291145,-34.0
221,Alexander Petrovic,D,d1,0.0206137173089875,0.0348538145617407,0.02061371730898755,0.03485381456174079,0.0,0.015582712020569588,0.026347356325544607,19.0,0.1073397018664883,0.181490703878818,-162.0,0.12404277050264331,0.2097323668515974,-209.0
222,Mason Appleton,C,f1,-0.166234644979253,-0.3898970192194114,-0.16623464497925303,-0.38989701921941144,0.0,-0.10399259402498967,-0.24391066276406015,-62.0,-0.12500880460590527,-0.29320338307401195,-43.0,0.030854262195482682,0.07236749512554545,-348.0
223,J.T. Compher,L,f1,-0.0925532418810431,-0.3236501736683437,-0.0925532418810431,-0.3236501736683437,0.0,-0.09427045579762999,-0.32965511278266857,3.0,-0.033313487585676246,-0.11649420186123917,-75.0,-0.07104849763848953,-0.24845006109161352,-18.0
224,Andrew Copp,C,f1,-0.1017121432670846,-0.4437504689376005,-0.1017121432670846,-0.4437504689376005,0.0,-0.1017121432670846,-0.4437504689376005,-8.0,-0.11595815163847203,-0.5059030565464582,4.0,-0.10944803794771715,-0.4775006857938949,4.0
225,Alex DeBrincat,R,f1,-0.0349173469199619,-0.2500611194170317,-0.0349173469199619,-0.2500611194170317,0.0,-0.055516167749726016,-0.39757989302743246,25.0,-0.02196924333259586,-0.15733307553654408,-23.0,-0.030851972614065883,-0.2209468785180354,-28.0
226,Emmitt Finnie,C,f1,0.0731584603678366,0.2510880651065796,0.0731584603678366,0.2510880651065796,0.0,0.13810989263585075,0.4740086866188198,-75.0,0.039131012992975396,0.13430203818759187,77.0,0.03592114370240995,0.12328540572484205,54.0
227,Patrick Kane,R,f1,0.2653322637679823,1.5577849553617975,0.2653322637679823,1.5577849553617975,0.0,0.2597535565841117,1.5250319610670604,2.0,0.24050470170773242,1.412020538677106,4.0,0.23296719702328555,1.367767302257023,-3.0
228,Marco Kasper,C,f1,0.3264150521420004,0.80767616495228,0.3264150521420004,0.80767616495228,0.0,0.3908204913761002,0.9670399498675513,-7.0,0.14307301072756015,0.3540175609375439,102.0,0.08088446203521821,0.20013921439019142,147.0
229,Dylan Larkin,C,f1,0.0924375510381896,0.8330276600254051,0.09243755103818958,0.8330276600254051,0.0,0.06927760403221885,0.6243151157832328,41.0,0.06896161214671963,0.6214674637413081,49.0,0.0866915499461291,0.7812459134249888,-21.0
230,David Perron,L,f1,0.0840903238753295,0.2149787947990284,0.08409032387532948,0.21497879479902837,0.0,0.04948261378180808,0.12650340947776748,65.0,-0.026969486319360615,-0.06894809531095186,265.0,0.07540070277031365,0.1927635839837378,-18.0
231,Michael Rasmussen,C,f1,-0.1389580140956998,-0.2829133095935725,-0.13895801409569974,-0.2829133095935724,0.0,-0.10547488045811981,-0.2147429042044473,-38.0,-0.25420861021097874,-0.5175592045554142,54.0,-0.3149679636125164,-0.6412629712755983,71.0
232,Lucas Raymond,L,f1,0.006489723369159,0.0473294016813263,0.00648972336915901,0.04732940168132638,0.0,0.005271609850166806,0.038445728101676235,-4.0,0.11020845584272339,0.8037477067277399,-213.0,0.028580530617789528,0.20843714545726488,-83.0
233,James van Riemsdyk,L,f1,-0.0512294978651858,-0.0970688141996229,-0.05122949786518585,-0.097068814199623,0.0,-0.015605020028896972,-0.029568136579292637,-69.0,-0.35215726611948356,-0.6672618248954084,190.0,-0.2722198068034321,-0.5157976351358439,165.0
234,Jacob Bernard-Docker,D,d1,-0.0996941347120623,-0.1563035694945569,-0.09969413471206234,-0.15630356949455698,0.0,-0.04508133161653212,-0.07067991582035599,-84.0,0.2600530681125123,0.4077192998504331,-522.0,-0.10503217578491775,-0.16467271654824922,-2.0
235,Ben Chiarot,D,d1,-0.0591847610813363,-0.2908833786895436,-0.05918476108133629,-0.29088337868954356,0.0,-0.052841382109646826,-0.25970671304317156,-14.0,-0.03998954458805158,-0.196542042740404,-22.0,-0.05899760648042253,-0.28996354456913087,-3.0
236,Simon Edvinsson,D,d1,0.0570781986980135,0.3606877261037572,0.05707819869801348,0.3606877261037571,0.0,0.04557851204336488,0.2880190728353546,35.0,0.0751665378694538,0.4749912968814277,-17.0,0.0197834885915882,0.12501553442939878,81.0
237,Justin Faulk,D,d1,-0.0130339838483923,-0.0737699152621453,-0.0130339838483923,-0.0737699152621453,0.0,0.0025811593162606296,0.014608879852350765,-42.0,0.01273559311250761,0.07208107940372602,-55.0,-0.012002093427829555,-0.0679296081258032,-17.0
238,Travis Hamonic,D,d1,-0.1624006710439693,-0.2341618013676837,-0.1624006710439693,-0.2341618013676837,0.0,-0.1624006710439693,-0.2341618013676837,12.0,0.055686543194441496,0.08029314892928807,-363.0,-0.27831060361017923,-0.40128967363344525,47.0
239,Albert Johansson,D,d1,0.0529615134136296,0.1016731522130639,0.05296151341362962,0.10167315221306394,0.0,0.132487179500531,0.2543429803909345,-105.0,-0.13950907435467053,-0.2678233010674454,347.0,-0.015510229637959875,-0.029775847350201223,161.0
240,Moritz Seider,D,d1,0.0504950319797649,0.5491087183864717,0.0504950319797649,0.5491087183864717,0.0,0.046881115615594396,0.5098091495916486,11.0,0.002534405772310409,0.02756042032139583,128.0,0.016170918021166436,0.17585080594252833,72.0
241,Colton Dach,C,f1,-0.0464760468283783,-0.0779103181195108,-0.04647604682837828,-0.07791031811951077,0.0,-0.02047233324627992,-0.034318882622615704,-45.0,-0.03510649068507287,-0.058850914481469646,-9.0,-0.006441441124833211,-0.010798137135825031,-105.0
242,Jason Dickinson,C,f1,-0.1736427634070169,-0.5773709894071173,-0.1736427634070169,-0.5773709894071173,0.0,-0.15733462541415066,-0.5231456040033021,-2.0,-0.1576453705061654,-0.5241788471843577,-22.0,-0.15125331693935903,-0.5029249450936637,-20.0
243,Leon Draisaitl,C,f1,0.0635563078210214,0.891047569333729,0.06355630782102142,0.8910475693337294,0.0,0.06042169740862283,0.8471009166011403,7.0,0.03387631945866088,0.4749396739127252,79.0,0.05971930280673279,0.8372534754236298,-9.0
244,Trent Frederic,C,f1,0.6188755911683325,0.9232602597455792,0.6188755911683324,0.923260259745579,0.0,0.6188755911683324,0.923260259745579,-2.0,0.5061749473408976,0.7551294961826168,-2.0,0.3891190674041703,0.5805014390134746,7.0
245,Adam Henrique,C,f1,0.1799887492046877,0.4051140576200083,0.17998874920468763,0.4051140576200082,0.0,0.17183699220909623,0.38676629217462044,8.0,0.03442782106298838,0.0774892561200129,214.0,0.12711847675788432,0.2861150052178929,21.0
246,Zach Hyman,L,f1,0.0609843940132572,0.5300938491185065,0.060984394013257205,0.5300938491185065,0.0,0.044048285035763676,0.3828803309351759,43.0,0.08077069286838551,0.702082035434566,-19.0,0.07008427856969195,0.6091926564298642,-41.0
247,Mattias Janmark,C,f1,0.0254931189465864,0.044963542626417,0.025493118946586433,0.04496354262641705,0.0,-0.012199890391122745,-0.021517582559756387,103.0,-0.14925063042343947,-0.2632411160487889,290.0,0.005137721150539608,0.009061666579085442,39.0
248,Max Jones,L,f1,0.0312082134423323,0.0315215885756408,0.031208213442332298,0.0315215885756408,0.0,-0.26070116314640385,-0.26331897598293963,371.0,-0.1941944875080309,-0.19614447812582314,330.0,-0.32530780637647133,-0.3285743623867312,378.0
249,Kasperi Kapanen,R,f1,0.1768472203872508,0.5311462927816307,0.1768472203872508,0.5311462927816307,0.0,0.17967406465516722,0.5396364904216444,0.0,0.08755840609259136,0.2629745759990535,107.0,0.16518992855170336,0.4961345615892135,-16.0
250,Curtis Lazar,C,f1,-0.1155888737902002,-0.1234235191013798,-0.11558887379020018,-0.12342351910137977,0.0,-0.16907195240504388,-0.18053169533468266,54.0,-0.06509581538562322,-0.06950802746162343,-53.0,-0.15205068393290758,-0.16235672065490914,31.0
251,Connor McDavid,C,f1,0.1171061296655321,2.2143425602483555,0.11710612966553215,2.2143425602483564,0.0,0.11710612966553212,2.214342560248356,2.0,0.10857636552699412,2.053054506285762,9.0,0.10913224564309049,2.0635655615395185,-22.0
252,Ryan Nugent-Hopkins,C,f1,0.0158686794091913,0.1136559936565272,0.01586867940919132,0.11365599365652734,0.0,0.0025055211146315574,0.017945254584065706,32.0,-0.021371122600868042,-0.15306605623088254,102.0,-0.04474005918544317,-0.32044102422461895,131.0
253,Vasily Podkolzin,R,f1,0.1611538767150145,0.5594786054339256,0.1611538767150145,0.5594786054339256,0.0,0.2863249125587294,0.9940354277833123,-70.0,0.12552700501376896,0.4357926420448167,33.0,0.09667242159336789,0.33561806094571506,37.0
254,Jack Roslovic,C,f1,-0.0168993360918624,-0.0641061071804565,-0.0168993360918624,-0.0641061071804565,0.0,-0.04735273660980611,-0.17962833521358867,63.0,0.06871379134697869,0.26065956963753645,-196.0,0.07145287995026171,0.2710500551941485,-236.0
255,Josh Samanski,C,f1,-0.1248100166696959,-0.1769833983873434,-0.12481001666969595,-0.17698339838734345,0.0,0.042297599652640364,0.05997894343659049,-304.0,0.01858335689270001,0.026351616192945126,-244.0,0.06806565448159786,0.0965186221831249,-393.0
256,Matt Savoie,C,f1,-0.5091633006936175,-1.601399764012036,-0.5091633006936175,-1.601399764012036,0.0,-0.5091633006936175,-1.601399764012036,-2.0,-0.647931087405602,-2.0378465789932365,11.0,-0.7078912642748225,-2.2264308955723857,16.0
257,Evan Bouchard,D,d1,0.0018068334412808,0.0144837816427756,0.001806833441280805,0.01448378164277564,0.0,0.003428768712593343,0.02748539859965149,-11.0,0.006039910977641436,0.048416610930086534,-7.0,0.0009176885922700409,0.007356295761873577,-21.0
258,Mattias Ekholm,D,d1,0.0881270662835382,0.380441628052872,0.08812706628353818,0.38044162805287196,0.0,0.08812706628353818,0.38044162805287196,-5.0,0.11050576460861455,0.4770497279651515,-29.0,0.08378593145550392,0.3617010926961097,-25.0
259,Ty Emberson,D,d1,-0.2734472918110423,-0.479967969722477,-0.2734472918110423,-0.479967969722477,0.0,-0.2734472918110423,-0.479967969722477,8.0,-0.27217768664882225,-0.4777394970686647,-4.0,-0.3452817391702745,-0.6060552811995714,18.0
260,Connor Murphy,D,d1,0.2184159072736984,0.5611041783893858,0.21841590727369833,0.5611041783893856,0.0,0.2250875031666049,0.5782433161873684,-1.0,0.24029691913559528,0.6173158679881338,-18.0,0.2584179147455889,0.663868184072886,-40.0
261,Darnell Nurse,D,d1,0.1729090286584819,0.8471407026772109,0.1729090286584819,0.8471407026772108,0.0,0.2169417139336758,1.0628719472177626,-27.0,0.13658639813889162,0.6691836637638411,32.0,0.16473373453819037,0.8070871296545108,-19.0
262,Spencer Stastney,D,d1,0.4125359875329753,0.7250611346097995,0.4125359875329754,0.7250611346097996,0.0,0.41253598753297527,0.7250611346097994,-1.0,0.48080799043000844,0.8450540016045839,-14.0,0.25444331861814407,0.4472021032502228,18.0
263,Jake Walman,D,d1,0.2361826284357841,0.7350664183872453,0.23618262843578408,0.7350664183872453,0.0,0.2478306606240732,0.7713183534199396,-3.0,0.05469287607866367,0.17021953221835512,203.0,0.1863029238595484,0.5798268225037728,5.0
264,Aleksander Barkov,C,f1,0.561914552136392,1.7510200516799226,0.561914552136392,1.7510200516799228,0.0,0.5269363136421689,1.6420219900654573,2.0,0.5551357600543013,1.729896197854139,-9.0,0.44891672946811956,1.3988998715990717,-5.0
265,Sam Bennett,C,f1,0.1668584200387603,1.0828659411145465,0.1668584200387603,1.0828659411145465,0.0,0.16795898417392166,1.0900083041891913,-3.0,0.145136503569868,0.9418965880879828,16.0,0.167713747296078,1.088416783291052,-30.0
266,Jesper Boqvist,C,f1,0.1428370025537487,0.2505109291427564,0.14283700255374873,0.25051092914275647,0.0,0.04747297772825286,0.08325923638311389,134.0,-0.11753118124005317,-0.2061289784109846,445.0,-0.14083865122157915,-0.24700617309197687,467.0
267,Jonah Gadjovich,L,f1,0.394649073287329,0.3816239382195621,0.3946490732873291,0.3816239382195622,0.0,0.3527284009057516,0.34108683026739894,9.0,0.08906712288637574,0.08612752063156998,182.0,0.22876733818483047,0.22121702150948508,29.0
268,A.J. Greer,L,f1,0.2560371710668392,0.5389157935783601,0.2560371710668392,0.5389157935783601,0.0,0.24927979776822157,0.5246926431718939,7.0,0.21896682692215294,0.4608888654971196,15.0,0.3278153917493706,0.6899970471306847,-34.0
269,Vinnie Hinostroza,C,f1,0.0899351565003005,0.1410064242612595,0.08993515650030054,0.14100642426125956,0.0,0.0768646930573847,0.12051366719893195,15.0,0.059140637260231256,0.09272469313565443,64.0,0.07279503113564309,0.11413297584454404,1.0
270,Luke Kunin,C,f1,-0.2894388511335962,-0.3541513483697219,-0.2894388511335962,-0.3541513483697219,0.0,-0.06586937325728501,-0.08059639286147047,-160.0,-0.4072205436320787,-0.49826657356577647,24.0,-0.5002202390587488,-0.6120590634279146,42.0
271,Anton Lundell,C,f1,-0.0002963015282993,-0.0020825282020273,-0.0002963015282993095,-0.002082528202027367,0.0,0.0020317471612997734,0.014279949168948258,-9.0,-0.014908489463044267,-0.10478295516942115,43.0,0.025486549961360266,0.17912988627347537,-88.0
272,Eetu Luostarinen,C,f1,0.0425188305671319,0.179440708722588,0.04251883056713191,0.17944070872258805,0.0,0.04329019417688583,0.18269606713604483,8.0,0.010719443646812741,0.045238886851766746,95.0,0.03016757183569334,0.1273151306946105,13.0
273,Brad Marchand,L,f1,0.297622472245214,1.8798680490638076,0.297622472245214,1.8798680490638073,0.0,0.30659723532101935,1.9365552011691218,0.0,0.3716716238014898,2.3475835176599964,-26.0,0.3442370827386978,2.1742991658581605,-25.0
274,Tomas Nosek,L,f1,-0.0598787725200174,-0.1536403431693283,-0.059878772520017415,-0.15364034316932834,0.0,-0.11158973955178104,-0.2863232687874515,61.0,-0.012776500746283902,-0.03278266865784555,-83.0,-0.04707167589547156,-0.12077916987556757,-25.0
275,Cole Reinhardt,L,f1,-0.1316458502461611,-0.1951132328966052,-0.1316458502461611,-0.1951132328966052,0.0,-0.14663852834309937,-0.21733398567993917,25.0,0.11360501958634078,0.16837479193856686,-441.0,-0.059871670805503055,-0.08873622091345523,-82.0
276,Sam Reinhart,C,f1,0.0372411274501117,0.4092111383801459,0.0372411274501117,0.4092111383801459,0.0,0.03539045129326247,0.3888756289911842,15.0,0.03458690341638166,0.38004612344300137,23.0,0.011493743874797615,0.12629499527253585,58.0
277,Evan Rodrigues,C,f1,0.0199072842699567,0.0901307769885977,0.019907284269956717,0.09013077698859778,0.0,-0.012340272463562597,-0.05587092294002355,86.0,-0.0015005240470252407,-0.006793663887774193,63.0,0.0606553622338051,0.27461882055445175,-114.0
278,Mackie Samoskevich,R,f1,0.0134182906228888,0.039552648242866,0.013418290622888787,0.03955264824286596,0.0,0.04606356911620959,0.13578004809021957,-83.0,-0.04707141000960778,-0.13875082711578016,149.0,-0.0614825861942123,-0.1812301710512386,165.0
279,Cole Schwindt,C,f1,-0.3625848666234657,-0.4837264926985228,-0.36258486662346573,-0.48372649269852286,0.0,-0.36258486662346573,-0.4837264926985228,6.0,-0.2889215882919012,-0.38545190225620696,-18.0,-0.33032275817147805,-0.44068543388691556,-8.0
280,Matthew Tkachuk,L,f1,0.2026104149126384,1.4347824509841656,0.2026104149126384,1.4347824509841656,0.0,0.19342218398076894,1.369716138858402,3.0,0.1893177617460605,1.3406507376729393,0.0,0.15451094660134795,1.0941668263408557,8.0
281,Carter Verhaeghe,C,f1,0.0550484195748901,0.303518765505028,0.0550484195748901,0.303518765505028,0.0,0.04499092190585921,0.24806505220775488,31.0,0.012281641293326153,0.06771690509033784,122.0,0.08219885681801241,0.45321729016009604,-74.0
282,Uvis Balinskis,D,d1,-0.1331288305313173,-0.2676516423323909,-0.1331288305313173,-0.2676516423323909,0.0,-0.1331288305313173,-0.2676516423323909,2.0,-0.05078805033277825,-0.10210789825296698,-91.0,0.018626048256194606,0.03744712836458147,-277.0
283,Aaron Ekblad,D,d1,0.143378866852347,0.9263482237703908,0.143378866852347,0.9263482237703909,0.0,0.134996776889849,0.8721928637880874,12.0,0.20497037879622237,1.3242812590990756,-56.0,0.07910067353526314,0.5110569642309397,45.0
284,Gustav Forsling,D,d1,0.0369858915660368,0.2467621846831537,0.036985891566036815,0.24676218468315378,0.0,0.036985891566036815,0.24676218468315378,8.0,0.04348130206609947,0.29009821411339165,-5.0,0.0584897016169371,0.39023113791083197,-60.0
285,Seth Jones,D,d1,0.0419457133009305,0.3209120826347028,0.041945713300930505,0.32091208263470283,0.0,0.04089618530786875,0.3128825085130155,13.0,0.013171826804274627,0.10077307164948374,89.0,0.044993844219692894,0.3442322735268093,-23.0
286,Dmitry Kulikov,D,d1,0.0345972655772875,0.1035555370649329,0.03459726557728753,0.103555537064933,0.0,0.032247875383950464,0.09652341012696412,16.0,0.13449198260432652,0.40255752173263465,-154.0,-0.03789546621642901,-0.11342761605254006,169.0
287,Niko Mikkola,D,d1,0.0917113051242272,0.4126401513557721,0.09171130512422719,0.4126401513557721,0.0,0.09171130512422719,0.4126401513557721,-3.0,0.19841013036179933,0.8927142200420326,-106.0,0.12717196129484074,0.5721896257591358,-69.0
288,Donovan Sebrango,D,d1,-0.2976017606423122,-0.479188362417844,-0.2976017606423122,-0.479188362417844,0.0,-0.14646501020001174,-0.23583304157132,-61.0,0.06635895516693978,0.10684896147648659,-444.0,0.016710554612625456,0.02690677394728913,-353.0
289,Joel Armia,R,f1,0.0712771917313879,0.1937220346182161,0.07127719173138787,0.19372203461821602,0.0,0.07785966950532114,0.21161234365285214,-19.0,0.07484070761714914,0.20340720221552488,2.0,0.10811613913323985,0.2938454495638353,-84.0
290,Quinton Byfield,R,f1,0.0230791538909927,0.1826218825734246,0.023079153890992694,0.18262188257342454,0.0,0.014807002587846943,0.11716559023931652,30.0,0.07483689312190346,0.5921731087898356,-98.0,-0.0025060752328598147,-0.01983019737452807,52.0
291,Kevin Fiala,L,f1,0.0653387912127514,0.4611709432163266,0.0653387912127514,0.4611709432163266,0.0,0.04027744395955228,0.2842842127379982,62.0,0.07237911251686845,0.510862582074378,-2.0,0.03167748645780701,0.223584428749246,49.0
292,Samuel Helenius,C,f1,-0.1515401451530047,-0.1405851935768846,-0.15154014515300476,-0.14058519357688465,0.0,-0.18791606717285772,-0.17433147271325045,33.0,-0.2370175326650607,-0.21988335617066973,37.0,-0.20549930653217044,-0.19064360641578743,28.0
293,Mathieu Joseph,R,f1,-0.1652252964217637,-0.3013697818777729,-0.16522529642176378,-0.3013697818777731,0.0,-0.16153048799732078,-0.2946304772248575,6.0,0.029510200211669224,0.05382639821845525,-304.0,-0.25997194406131496,-0.47418700267363545,35.0
294,Adrian Kempe,R,f1,0.0022986863822741,0.0178854124939746,0.0022986863822741107,0.017885412493974684,0.0,0.0022986863822741107,0.017885412493974684,-4.0,-0.008616111843720301,-0.06703946897997592,34.0,0.016096220327499307,0.12524002507310966,-55.0
295,Anze Kopitar,C,f1,0.1139744761465454,0.7629252602750093,0.1139744761465454,0.7629252602750093,0.0,0.11481585158234456,0.7685572806628084,3.0,0.0848432135387582,0.5679256703790276,54.0,0.08956647596238929,0.5995423650612882,0.0
296,Andrei Kuzmenko,L,f1,0.0924764351119755,0.3005288810390503,0.0924764351119755,0.3005288810390503,0.0,0.05258631914466355,0.17089442982282066,75.0,0.0021449553567028765,0.006970651847122894,208.0,0.07533467315846516,0.2448217754105905,1.0
297,Alex Laferriere,R,f1,-0.0617092447615962,-0.3581266328785115,-0.06170924476159621,-0.35812663287851154,0.0,-0.05932999000477668,-0.34431874237342086,-9.0,0.007067254745457959,0.04101447287944532,-141.0,-0.07389942801662246,-0.4288717748772586,21.0
298,Scott Laughton,C,f1,0.1524756790237319,0.4252169634876649,0.1524756790237319,0.4252169634876649,0.0,0.18301101444067583,0.5103724629627605,-29.0,0.20224831027190515,0.5640205238957836,-45.0,0.20030701192976813,0.5586067228781232,-64.0
299,Jeff Malott,L,f1,-0.1132462941141141,-0.1198898818524603,-0.11324629411411409,-0.1198898818524603,0.0,-0.11324629411411409,-0.1198898818524603,-2.0,-0.5618201015448413,-0.594779247510524,142.0,0.312536249587046,0.3308711718181694,-563.0
300,Trevor Moore,L,f1,-0.1715147667622886,-0.7470348702219443,-0.1715147667622886,-0.7470348702219443,0.0,-0.1715147667622886,-0.7470348702219443,7.0,-0.15541237765640198,-0.6769006982025114,-22.0,-0.07862235002828705,-0.3424407015130525,-82.0
301,Artemi Panarin,L,f1,0.066716031036634,0.7130779865377506,0.066716031036634,0.7130779865377505,0.0,0.05427818105535963,0.5801390679046016,26.0,0.06241778749178447,0.6671372612729758,16.0,0.08384099998745158,0.8961140303375555,-62.0
302,Alex Turcotte,C,f1,0.3018746162534999,0.456852465638716,0.30187461625349993,0.4568524656387161,0.0,0.24397380698398186,0.3692262590846575,25.0,-0.10766443332551422,-0.16293772042446797,532.0,-0.3007697939470849,-0.4551804443172729,640.0
303,Taylor Ward,R,f1,-0.4247994986937132,-0.5076345124723857,-0.4247994986937132,-0.5076345124723857,0.0,-0.5263686104642072,-0.6290093886066994,15.0,-0.3040626832920931,-0.3633542705880586,-26.0,-0.3077714892449648,-0.36778628594478613,-31.0
304,Jared Wright,R,f1,-1.9108535182997848,-3.132969311008646,-1.9108535182997848,-3.132969311008646,0.0,-1.9108535182997848,-3.132969311008646,0.0,-1.7205805338377187,-2.8210043093354225,0.0,-1.8858847134784835,-3.092031322571257,1.0
305,Mikey Anderson,D,d1,-0.1329440105748159,-0.6094718976821956,-0.1329440105748159,-0.6094718976821956,0.0,-0.12756256332340757,-0.5848010542616362,-2.0,-0.14249124271984323,-0.6532404711431841,2.0,-0.16352069539272754,-0.7496484279390104,24.0
306,Cody Ceci,D,d1,0.1243104604444704,0.33005481777697,0.12431046044447042,0.33005481777697,0.0,0.14551167925155173,0.3863458522160767,-16.0,0.19242895219486417,0.5109151918881362,-67.0,0.05942005093319678,0.15776527584993685,75.0
307,Brandt Clarke,D,d1,-0.0494812811280261,-0.1834229361967695,-0.049481281128026085,-0.18342293619676944,0.0,-0.049481281128026085,-0.18342293619676944,-4.0,0.061272717920407845,0.2271327979693714,-252.0,-0.03527599105899829,-0.13076512389707748,-38.0
308,Drew Doughty,D,d1,0.0761666094439675,0.5591846501438806,0.0761666094439675,0.5591846501438806,0.0,0.0761666094439675,0.5591846501438806,-6.0,0.06025287071053212,0.44235237296757296,38.0,0.05100179264204591,0.3744346739792021,29.0
309,Brian Dumoulin,D,d1,-0.1061978511995725,-0.2846974668560613,-0.10619785119957251,-0.28469746685606134,0.0,-0.10619785119957251,-0.28469746685606134,-3.0,-0.05680039749012367,-0.15227171829933117,-59.0,-0.1357691688518229,-0.3639728865759051,20.0
310,Joel Edmundson,D,d1,-0.26917492412201,-0.8161292260265642,-0.26917492412201,-0.8161292260265642,0.0,-0.25565185036178406,-0.7751277257663441,3.0,-0.18719913735777305,-0.5675814252868117,-40.0,-0.18886687054535514,-0.5726379356584214,-34.0
311,Jacob Moverare,D,d1,-0.2880181113231097,-0.22321403627541,-0.2880181113231097,-0.22321403627541003,0.0,-0.423673262388136,-0.3283467783508054,28.0,-0.8525681917506485,-0.6607403486067525,63.0,-0.6835256980348062,-0.5297324159769747,58.0
312,Nicolas Aube-Kubel,R,f1,-0.2826877085673802,-0.5059792371466529,-0.2826877085673802,-0.5059792371466529,0.0,-0.25469287385558864,-0.45587162835352896,-3.0,-0.2292626393348096,-0.41035436575837336,-25.0,-0.4654056209517469,-0.8330237711654871,42.0
313,Matt Boldy,L,f1,0.0391983619928039,0.4063148016900733,0.0391983619928039,0.4063148016900733,0.0,0.03535048500901179,0.36642922244356524,20.0,0.05255074708671321,0.5447203733952692,-15.0,0.0532854344974272,0.5523358541044696,-44.0
314,Bobby Brink,R,f1,0.1890865063564972,0.6296831336115644,0.1890865063564972,0.6296831336115644,0.0,0.19747110697400566,0.6576049652252921,-4.0,0.18636471305405022,0.6206192010827327,-3.0,0.02550335243932293,0.08492954463559578,213.0
315,Joel Eriksson Ek,C,f1,-0.0188440941881834,-0.1329451800594481,-0.0188440941881834,-0.1329451800594481,0.0,-0.01884409418818342,-0.13294518005944822,3.0,-0.06258500388585565,-0.4415375197946002,91.0,-0.02601602380626171,-0.18354317988514446,4.0
316,Robby Fabbri,C,f1,-0.1574333836409996,-0.2812628420520559,-0.15743338364099962,-0.28126284205205593,0.0,-0.046886027291219975,-0.08376430070594304,-129.0,-0.3808128291970525,-0.680341717574273,79.0,-0.3365881378411252,-0.6013320304801582,68.0
317,Marcus Foligno,L,f1,0.0636853859429439,0.1346451177167254,0.06368538594294394,0.13464511771672552,0.0,0.06368538594294394,0.13464511771672552,1.0,0.028284061753747723,0.059798818330980684,95.0,0.09385991424339372,0.19844080419808965,-78.0
318,Nick Foligno,L,f1,0.2075715896111762,0.4315452161117477,0.2075715896111762,0.4315452161117477,0.0,0.22201321904777602,0.46156963374952487,-11.0,0.14549106492901945,0.30247864447505995,41.0,0.2046637703513708,0.42549980549829514,-26.0
319,Hunter Haight,C,f1,-0.3104648062820399,-0.4692437195169697,-0.31046480628203993,-0.46924371951696975,0.0,0.017106844218404332,0.025855681699873845,-340.0,-0.3031268236521456,-0.4581529221276049,-6.0,0.1484266895226127,0.22433554611632744,-584.0
320,Ryan Hartman,R,f1,0.0222344472371827,0.1007490448521474,0.022234447237182695,0.10074904485214738,0.0,0.08680412676382976,0.3933280988454515,-138.0,0.04907854027398498,0.222385382582066,-52.0,0.05870931718257302,0.26602449644776816,-100.0
321,Marcus Johansson,L,f1,-0.6464079242794188,-2.427183410632664,-0.6464079242794187,-2.4271834106326637,0.0,-0.6505250758753217,-2.442642815873983,1.0,-0.6463035646613222,-2.426791552915161,3.0,-0.6374126841546464,-2.393407374192759,6.0
322,Ben Jones,C,f1,-0.7983106172554763,-0.8328145933496713,-0.7983106172554763,-0.8328145933496713,0.0,-0.7983106172554763,-0.8328145933496713,-1.0,-0.6480253633167373,-0.6760338241351375,-5.0,-0.5605851004643594,-0.5848142845527307,-12.0
323,Kirill Kaprizov,L,f1,0.0649285758020942,0.8805447572884192,0.0649285758020942,0.8805447572884192,0.0,0.06209355380861255,0.8420969132949412,5.0,0.07548239698276656,1.0236729838850787,-10.0,0.06495121039616562,0.880851721870604,-21.0
324,Michael McCarron,C,f1,0.0569470958951434,0.1454712645007852,0.056947095895143414,0.14547126450078524,0.0,0.06290792368751723,0.1606981894703164,-6.0,0.09694665758042689,0.24765008023090554,-52.0,0.04651479779558274,0.11882197585248291,13.0
325,Nico Sturm,C,f1,0.3764512203229258,0.5805240140472678,0.3764512203229258,0.5805240140472678,0.0,0.29505510780556526,0.45500337441197236,21.0,0.3766631266552839,0.5808507940071177,-9.0,0.35348580237698496,0.5451091292215144,-10.0
326,Vladimir Tarasenko,R,f1,0.215727376449854,0.7408547796987948,0.215727376449854,0.7408547796987948,0.0,0.237933792933963,0.8171164487691478,-9.0,0.13597368859074235,0.4669632513198587,63.0,0.27702434123024805,0.9513619025587425,-46.0
327,Yakov Trenin,C,f1,0.1016432679269734,0.2348345763376548,0.10164326792697342,0.2348345763376549,0.0,0.06995267810891975,0.16161727050329464,50.0,0.01377905485156701,0.03183485315255544,191.0,0.05718144103794027,0.13211085942424539,58.0
328,Danila Yurov,R,f1,0.0931876308049265,0.2229694887247763,0.0931876308049265,0.2229694887247763,0.0,0.1798084185382685,0.43022653117787824,-85.0,0.28293508979114523,0.6769771027347034,-147.0,-0.022103008515473626,-0.052885736716401094,247.0
329,Mats Zuccarello,R,f1,0.0232557525649729,0.1634108056194972,0.023255752564972896,0.16341080561949717,0.0,0.030784592955558347,0.21631358183234736,-6.0,0.004699975555410777,0.03302523922869721,63.0,-0.015678513382485684,-0.11016794642917371,93.0
330,Zach Bogosian,D,d1,0.2152215382108868,0.3147020454935811,0.21522153821088685,0.3147020454935812,0.0,0.15620105136797938,0.22840088767316735,44.0,0.15842770440314258,0.23165675263257363,34.0,0.049227879212904446,0.07198217433253302,173.0
331,Jonas Brodin,D,d1,0.0118475434329267,0.0508470855329054,0.011847543432926717,0.05084708553290548,0.0,0.011847543432926717,0.05084708553290548,-2.0,0.002218471711630016,0.009521199184641163,30.0,0.0032198342740429914,0.013818830009859756,4.0
332,Brock Faber,D,d1,0.0270080538963731,0.2486976116740219,0.027008053896373105,0.24869761167402193,0.0,0.02101297882865248,0.193493306437175,29.0,0.11776174223991913,1.0843826124611153,-162.0,0.06329088163873163,0.5827998997887633,-102.0
333,Viking Gustafsson Nyberg,D,d1,-0.3374395708090283,-1.90673858138146,-0.33743957080902826,-1.9067385813814597,0.0,-0.35554944189191034,-2.009070355378168,9.0,-0.28575853813073726,-1.6147093487189315,-17.0,-0.14392610871456182,-0.8132699543690118,-86.0
334,Quinn Hughes,D,d1,0.1272363751067507,1.912758898494141,0.1272363751067507,1.912758898494141,0.0,0.1261773915129642,1.8968390776828754,7.0,0.12659561809458042,1.9031263254522501,0.0,0.12746697417479802,1.9162255205117984,-30.0
335,Daemon Hunt,D,d1,-0.2474962048884361,-0.2371360813934235,-0.24749620488843618,-0.23713608139342357,0.0,-0.21672478229157546,-0.20765274213652518,-8.0,-0.4162986501885847,-0.39887250246763306,40.0,-0.37794621689942104,-0.3621254915540936,35.0
336,Matt Kiersted,D,d1,-0.2274869825079951,-0.4164287511092134,-0.2274869825079951,-0.4164287511092134,0.0,-0.2274869825079951,-0.4164287511092134,3.0,-0.15770336253427802,-0.28868559238797253,-50.0,-0.005933557316503212,-0.010861737386927306,-278.0
337,Carson Lambos,D,d1,0.0909763851831601,0.0705066985169491,0.09097638518316042,0.07050669851694935,0.0,0.09097638518316042,0.07050669851694935,-4.0,-0.21863567180406004,-0.1694426456481466,459.0,0.25542133477946755,0.19795153445408742,-155.0
338,Jake Middleton,D,d1,-0.0116850484014162,-0.0297911612663853,-0.011685048401416208,-0.029791161266385313,0.0,-0.011685048401416208,-0.029791161266385313,1.0,0.06602750523912508,0.16833786125845018,-179.0,-0.04283438314517485,-0.10920673772043439,55.0
339,Jeff Petry,D,d1,0.0690162632587863,0.1054197399745198,0.0690162632587863,0.1054197399745198,0.0,0.0690162632587863,0.1054197399745198,4.0,0.016446250746742472,0.025121027934769016,131.0,0.17520083530411362,0.26761267024590757,-150.0
340,David Spacek,D,d1,1.0420316870210855,0.8075745574413415,1.0420316870210855,0.8075745574413415,0.0,1.0420316870210857,0.8075745574413418,-2.0,1.2993762988110384,1.0070166315785551,-3.0,1.6059919700749692,1.2446437768081016,-5.0
341,Jared Spurgeon,D,d1,0.0862967793435474,0.3253142550899522,0.08629677934354739,0.32531425508995215,0.0,0.08629677934354739,0.32531425508995215,-5.0,0.04994058821069933,0.1882617795948196,79.0,-0.02175210120325142,-0.08199922005671115,232.0
342,Josh Anderson,R,f1,0.2919439862961691,0.7718815059791301,0.291943986296169,0.77188150597913,0.0,0.2991504752132738,0.7909350086346485,0.0,0.27964513154745374,0.7393641089068494,-2.0,0.2344542856805254,0.6198823596618125,4.0
343,Owen Beck,C,f1,0.6223712814416879,0.6778438983853452,0.6223712814416882,0.6778438983853455,0.0,0.6029066412323709,0.6566443540079304,0.0,0.204885169263018,0.2231468031957988,77.0,0.2948427930546654,0.32112244606152074,24.0
344,Zachary Bolduc,R,f1,0.61854476381939,1.5716937122426753,0.61854476381939,1.5716937122426753,0.0,0.6630037523840147,1.684661951353164,-5.0,0.4294117247833056,1.0911153844999162,4.0,0.3559517671090095,0.9044570206567188,7.0
345,Cole Caufield,R,f1,0.181703929449629,1.2574647808517732,0.181703929449629,1.2574647808517732,0.0,0.1833652579534993,1.2689618469271726,-2.0,0.223360801044221,1.545747203082962,-33.0,0.17861605543943493,1.2360954421297783,-23.0
346,Kirby Dach,C,f1,0.3651240993236653,0.9373619422512136,0.3651240993236653,0.9373619422512135,0.0,0.3651240993236653,0.9373619422512135,2.0,0.27256855985225414,0.6997494691065037,19.0,0.20603505326975688,0.528941853091903,33.0
347,Phillip Danault,C,f1,0.1656504667743388,0.5467192056528587,0.1656504667743388,0.5467192056528587,0.0,0.19991890369596857,0.6598200799068443,-25.0,0.1652847548101493,0.5455121957454745,-7.0,0.13756311074977662,0.45401860979183645,-4.0
348,Ivan Demidov,R,f1,0.4121308721440453,1.627985361898384,0.41213087214404526,1.6279853618983837,0.0,0.4071414172910019,1.60827618694056,0.0,0.33003206180431055,1.303681432015535,3.0,0.3983894809815796,1.5737045856288618,-11.0
349,Jake Evans,C,f1,0.1721091716300977,0.5735964142089128,0.17210917163009767,0.5735964142089127,0.0,0.15678618252725057,0.5225287603406727,13.0,0.15704015984568,0.5233752026177562,6.0,0.15610245466513625,0.5202500680066791,-13.0
350,Brendan Gallagher,R,f1,0.4536556568682857,0.9047901811208042,0.4536556568682857,0.9047901811208042,0.0,0.47545527546587624,0.9482682697562229,0.0,0.23551732400980088,0.46972579096436684,47.0,0.46016285020344916,0.9177684049061192,-10.0
351,Oliver Kapanen,C,f1,0.2215031972740047,0.6613458538025168,0.2215031972740047,0.6613458538025168,0.0,0.2730436136049441,0.8152309492016457,-23.0,0.3580305182334091,1.0689777921152377,-53.0,0.2480956610423657,0.7407434240048281,-30.0
352,Patrik Laine,R,f1,0.8696618473192355,1.744229364850742,0.8696618473192352,1.7442293648507419,0.0,0.9296811268968194,1.8646064863941456,0.0,0.8634512767415992,1.7317731905257636,-1.0,0.6743993273327188,1.3526028697192198,1.0
353,Alex Newhook,C,f1,0.0745261368284408,0.2349809453018196,0.07452613682844081,0.23498094530181962,0.0,0.07452613682844082,0.23498094530181968,-4.0,0.0911953420555491,0.2875389574085353,-22.0,0.09007018751920091,0.2839913446137066,-58.0
354,Juraj Slafkovský,L,f1,0.3057573897453429,2.088499980303219,0.3057573897453429,2.088499980303219,0.0,0.22557980966792077,1.5408406921600244,38.0,0.3026365112526624,2.0671825734666402,-3.0,0.210691599915659,1.4391456005050156,23.0
355,Nick Suzuki,C,f1,0.0816242950358205,0.9183685928901686,0.0816242950358205,0.9183685928901686,0.0,0.06880499331312007,0.7741364855286967,23.0,0.10721861368587733,1.2063345519752695,-36.0,0.10135257326130714,1.1403347502227983,-62.0
356,Alexandre Texier,L,f1,0.6521201555607372,1.6782912766801903,0.6521201555607372,1.6782912766801903,0.0,0.6521201555607372,1.6782912766801903,-1.0,0.5634958366168393,1.4502084301112599,-3.0,0.47875801566724197,1.2321278440537544,0.0
357,Joe Veleno,C,f1,0.8318784184377634,1.4685348324016374,0.8318784184377634,1.4685348324016374,0.0,0.7630730178402764,1.3470710160611277,0.0,0.3492583864981581,0.6165541679085056,24.0,0.41625853710319416,0.7348311333386555,11.0
358,Florian Xhekaj,L,f1,0.5867786121162513,0.7181698272700031,0.5867786121162513,0.7181698272700031,0.0,0.4310915696740358,0.5276214090588226,9.0,0.2749117691702975,0.3364698946123287,37.0,0.8003036985289728,0.9795073594506339,-14.0
359,Alexandre Carrier,D,d1,0.2543949153749519,0.8619841170995147,0.2543949153749519,0.8619841170995147,0.0,0.20601546632221177,0.6980566399484001,30.0,0.2090716597122769,0.7084121541580212,21.0,0.1886529930654386,0.6392261552319702,12.0
360,Noah Dobson,D,d1,0.1310036522290954,0.7969047153662061,0.1310036522290954,0.7969047153662061,0.0,0.1310036522290954,0.7969047153662061,3.0,0.2192987321955527,1.3340100889313469,-80.0,0.14863305825426823,0.9041456704961992,-42.0
361,Adam Engstrom,D,d1,-0.195846173196531,-0.2184860088666571,-0.195846173196531,-0.21848600886665712,0.0,-0.1219662372219165,-0.13606554548481964,-51.0,0.3667801354302545,0.40917995288737014,-629.0,0.07840246853174473,0.08746580111935526,-465.0
362,Kaiden Guhle,D,d1,0.16692551564679,0.6126051582578185,0.16692551564678998,0.6126051582578184,0.0,0.16692551564678998,0.6126051582578184,1.0,0.3226947165147659,1.1842674088111558,-85.0,0.19333050001350954,0.7095096342697247,-47.0
363,Lane Hutson,D,d1,0.1137270178874956,0.8061421110984934,0.1137270178874956,0.8061421110984934,0.0,0.11372701788749558,0.8061421110984932,3.0,0.16923511422283302,1.1996054656647215,-61.0,0.1487404188684399,1.0543309540648922,-59.0
364,Mike Matheson,D,d1,0.0818854517373931,0.712276780034186,0.08188545173739309,0.712276780034186,0.0,0.08188545173739309,0.712276780034186,-10.0,0.08135083888502148,0.707626475090234,10.0,0.08977325289188005,0.7808884502229981,-47.0
365,David Reinbacher,D,d1,1.2070804217036295,1.2235259558671103,1.2070804217036297,1.2235259558671105,0.0,1.1975230334202147,1.2138383555839791,0.0,1.2555068910816953,1.2726121983160126,1.0,1.5759879848876521,1.5974595983615296,-1.0
366,Jayden Struble,D,d1,0.5423134528996274,0.7041130022897637,0.5423134528996274,0.7041130022897637,0.0,0.5423134528996274,0.7041130022897636,-4.0,0.49585998628276806,0.6438001155791736,-8.0,0.40251481642496434,0.522605357369864,-3.0
367,Arber Xhekaj,D,d1,1.6236376652566242,1.3202588456743938,1.6236376652566242,1.3202588456743938,0.0,1.6392954853675794,1.3329909816354055,0.0,1.241995642763188,1.0099271338275966,3.0,1.3799808842633687,1.122129652629313,2.0
369,Luke Evangelista,R,f1,-0.0277403583487558,-0.1286677011880215,-0.02774035834875581,-0.12866770118802154,0.0,-0.03221094641566152,-0.1494035648814752,6.0,0.049054268454825224,0.2275277008390027,-187.0,-0.015991411155449827,-0.07417273007998101,-48.0
370,Filip Forsberg,L,f1,0.0479071802197538,0.3497043043227212,0.047907180219753806,0.34970430432272126,0.0,0.06103876549265011,0.44555991242672693,-24.0,0.04232866616714855,0.30898326069268,24.0,0.07422161744636728,0.5417897479193863,-75.0
371,Erik Haula,L,f1,0.0597223571538746,0.2578021718877413,0.059722357153874604,0.25780217188774135,0.0,0.057985192582823815,0.2503033921897221,8.0,0.08117811419325585,0.35041976147813014,-21.0,0.08620735356657515,0.3721293673137555,-73.0
372,Tyson Jost,C,f1,-0.0637834615182583,-0.1255648474973698,-0.06378346151825831,-0.12556484749736982,0.0,-0.08311827320803386,-0.16362757760683666,20.0,-0.25893181896478723,-0.5097361226032419,144.0,-0.0773344718143931,-0.15224152042742678,23.0
373,Jonathan Marchessault,C,f1,0.0014719592378421,0.0064601080367609,0.0014719592378421111,0.006460108036760948,0.0,-0.006165594276117878,-0.027059448462002034,18.0,-0.05209577386244717,-0.22863698855102066,122.0,0.09460688633275544,0.4152089888216862,-237.0
374,Ryan O'Reilly,C,f1,-0.0026907387254854,-0.0252046737112544,-0.002690738725485406,-0.025204673711254455,0.0,-0.0131500158562582,-0.12317875972704062,23.0,-0.002474139353564752,-0.0231757452078607,1.0,0.007952357608665868,0.07449128258466509,-51.0
375,Steven Stamkos,C,f1,0.1071531837695324,0.6325076734193936,0.1071531837695324,0.6325076734193936,0.0,0.09266215869117983,0.5469695285380932,15.0,0.11704721262951119,0.6909105034130361,-11.0,0.05032013310779137,0.29703149452488,78.0
376,Fedor Svechkov,C,f1,0.2913370741634102,0.5449991925346345,0.2913370741634102,0.5449991925346345,0.0,0.258397396022396,0.4833795101074875,11.0,-0.02682459988166983,-0.050180311989316995,423.0,0.055234543382964775,0.1033262986874457,191.0
377,Ozzy Wiesblatt,C,f1,0.2203534512245079,0.2889496614545586,0.2203534512245079,0.2889496614545586,0.0,0.2203534512245079,0.2889496614545586,4.0,0.39728303872576376,0.5209575747669531,-61.0,0.32022814808126027,0.41991543341894877,-53.0
378,Matthew Wood,R,f1,-0.1238660036617538,-0.2569123111627124,-0.12386600366175377,-0.25691231116271235,0.0,-0.11631657533260252,-0.2412539301488557,-6.0,-0.15992539263432226,-0.3317036234371898,24.0,-0.2009716656389838,-0.4168383056784909,51.0
379,Justin Barron,D,d1,0.5731520209470206,0.7849558824667867,0.5731520209470206,0.7849558824667867,0.0,0.5330668995132745,0.7300576168777991,3.0,0.13865500603838918,0.18989388267962137,129.0,0.28597051108195903,0.391648684261669,22.0
380,Nicolas Hague,D,d1,0.2031634553267666,0.7783441146606049,0.20316345532676658,0.7783441146606048,0.0,0.10803881624084329,0.4139099556104074,84.0,0.24676232606072887,0.9453767356949703,-36.0,0.05280949257889778,0.20231964297361787,155.0
381,Roman Josi,D,d1,0.0312553649054672,0.2858899828903919,0.0312553649054672,0.2858899828903919,0.0,0.02604648838119722,0.23824486260765854,27.0,0.025564954592653774,0.2338403167965888,32.0,0.023286968581085726,0.21300378572931516,5.0
382,Nick Perbix,D,d1,-0.0357786339092846,-0.1265602155684936,-0.03577863390928462,-0.12656021556849364,0.0,0.04305120478396778,0.15228557277387872,-195.0,0.027599243780024662,0.09762715511116532,-147.0,-0.06890352922360246,-0.24373332794313757,55.0
383,Brady Skjei,D,d1,0.0315500591616489,0.2116867050452044,0.031550059161648894,0.21168670504520437,0.0,0.031550059161648894,0.21168670504520437,9.0,0.08718963815579932,0.5850032521561895,-97.0,0.007173084180746443,0.04812816823747393,51.0
384,Adam Wilsby,D,d1,-0.0985136816072354,-0.2248637547129284,-0.0985136816072354,-0.2248637547129284,0.0,-0.13072098124377476,-0.298378968105427,32.0,0.1298846044621562,0.2964698848146483,-424.0,0.030318440171403217,0.0692037713214475,-281.0
385,Nick Bjugstad,C,f1,-0.1742858578793203,-0.2608531510571845,-0.17428585787932027,-0.26085315105718443,0.0,-0.11493085176104782,-0.172016681102803,-50.0,-0.2703553149339359,-0.40464003599423715,36.0,-0.26146840254336245,-0.3913390193285282,30.0
386,Jesper Bratt,L,f1,-0.0279123385240839,-0.1964185887880181,-0.027912338524083907,-0.19641858878801816,0.0,-0.027912338524083907,-0.19641858878801816,-1.0,0.002461038027049317,0.017318277213125066,-75.0,0.02177803762428961,0.15325163146199416,-148.0
387,Connor Brown,R,f1,0.0392929330416357,0.203658545657266,0.0392929330416357,0.203658545657266,0.0,0.03291774757255627,0.17061542822054326,27.0,0.08501027789764666,0.4406153530002307,-70.0,0.033330671522539976,0.1727556474561912,-8.0
388,Paul Cotter,L,f1,-0.1109342488128086,-0.1616861448438403,-0.11093424881280861,-0.16168614484384033,0.0,-0.11970990463723646,-0.1744766218508321,10.0,-0.09722953859376143,-0.1417115942858897,-17.0,-0.06957676554968421,-0.10140780789361842,-45.0
389,Evgenii Dadonov,L,f1,0.0270096312202668,0.0371174168995508,0.02700963122026681,0.037117416899550816,0.0,0.02700963122026681,0.037117416899550816,12.0,0.16978955023052272,0.2333297137490973,-218.0,0.12356044723933539,0.16980034251767395,-191.0
390,Cody Glass,C,f1,0.3683268353438572,0.9290107995600568,0.36832683534385713,0.9290107995600567,0.0,0.3372686205601275,0.8506743489394982,9.0,0.32310092761980663,0.8149399454602586,0.0,0.21979649401308876,0.5543807755765855,29.0
391,Arseny Gritsyuk,R,f1,0.0248683343966796,0.0838764541490184,0.024868334396679626,0.08387645414901848,0.0,0.026089731448543072,0.08799600844582933,11.0,0.027198437493251165,0.09173547608529112,13.0,0.07986636238865517,0.26937498813090416,-144.0
392,Nico Hischier,C,f1,0.0424359717775187,0.402718106490101,0.042435971777518705,0.40271810649010104,0.0,0.042435971777518705,0.40271810649010104,10.0,0.017827150414934458,0.1691799659226847,74.0,0.03310861146124554,0.3142012956859612,-1.0
393,Jack Hughes,C,f1,0.1405196863874135,1.7356922458256658,0.1405196863874135,1.7356922458256658,0.0,0.1510217407065371,1.865413103561479,-6.0,0.0879120441527475,1.0858852398084693,67.0,0.13287896057331888,1.6413143768668583,-26.0
394,Zack MacEwen,R,f1,0.0010911081198971,0.0008456087929202,0.0010911081198972067,0.0008456087929202827,0.0,-0.04512060001451572,-0.03496846501124751,94.0,-0.3522892872142831,-0.27302419759105245,302.0,-0.42858338413921626,-0.332152122707872,320.0
395,Timo Meier,R,f1,0.0523889873110123,0.31817899064343,0.052388987311012276,0.3181789906434299,0.0,0.037438449700763855,0.22737847682235898,40.0,0.030405590846274356,0.18466515010018342,65.0,-0.026067295626253515,-0.15831697150255486,187.0
396,Dawson Mercer,C,f1,-0.0196761290581759,-0.1116354743015728,-0.0196761290581759,-0.1116354743015728,0.0,-0.021344607682130718,-0.12110183844243189,10.0,-0.024462047207127236,-0.13878909994343566,21.0,-0.005567895026833829,-0.031590288940683886,-55.0
397,Stefan Noesen,R,f1,-0.2665454813321633,-0.462143895977753,-0.2665454813321634,-0.4621438959777531,0.0,-0.27099384490182615,-0.4698565912391205,10.0,-0.2565226519353125,-0.4447660383489879,-5.0,-0.21458202653670227,-0.372048227022436,-22.0
398,Maxim Tsyplakov,R,f1,0.2034455971487645,0.2204366537935662,0.2034455971487645,0.2204366537935662,0.0,0.10583800917917578,0.11467722533493979,88.0,0.1622444704682028,0.17579455474953193,22.0,-0.12618545260597533,-0.13672401526363903,501.0
399,Dennis Cholowski,D,d1,-0.0115764849687926,-0.0174498033722627,-0.01157648496879264,-0.017449803372262762,0.0,-0.1410342765132199,-0.21258787970090487,197.0,0.09885552404662849,0.1490097781430082,-234.0,-0.3225024144592393,-0.48612370115491477,265.0
400,Brenden Dillon,D,d1,0.0457514222128992,0.1296014933575211,0.045751422212899226,0.1296014933575212,0.0,0.07081958057880335,0.20061285437763873,-47.0,0.015248687441173645,0.04319543674340675,93.0,-0.052466381990464564,-0.14862317121834168,235.0
401,Dougie Hamilton,D,d1,0.0709793237725192,0.3667497948940261,0.0709793237725192,0.3667497948940261,0.0,0.0709793237725192,0.3667497948940261,-3.0,0.08765787685038501,0.45292779146159345,-19.0,0.042557652543115145,0.2198951682236455,36.0
402,Luke Hughes,D,d1,0.1123606842911369,0.773140122072649,0.1123606842911369,0.773140122072649,0.0,0.10885135445671958,0.7489928528236969,7.0,0.19490015241312825,1.3410841041001924,-78.0,0.05946674348672121,0.409183386596847,64.0
403,Johnathan Kovacevic,D,d1,-0.0455745996209682,-0.1240616733815905,-0.04557459962096823,-0.12406167338159058,0.0,-0.04557459962096821,-0.12406167338159052,-4.0,0.13594176491614415,0.37005619310332294,-353.0,-0.017134842655404877,-0.04664390407462288,-72.0
404,Simon Nemec,D,d1,0.3246918725845177,1.206232967560776,0.3246918725845177,1.206232967560776,0.0,0.3177485953641458,1.1804386357856673,8.0,0.3467999168319936,1.2883645331196159,-10.0,0.05988794984213842,0.22248422445624866,195.0
405,Brett Pesce,D,d1,-0.0769930906406155,-0.3405729195160198,-0.07699309064061549,-0.34057291951601976,0.0,-0.07699309064061549,-0.34057291951601976,-3.0,-0.04156666998139723,-0.18386691626917892,-46.0,-0.05058240873857589,-0.22374733209062544,-43.0
406,Jonas Siegenthaler,D,d1,0.0110288377338713,0.0415522168322187,0.011028837733871331,0.04155221683221882,0.0,0.04733340457189052,0.17833319680984602,-94.0,0.05411495926148974,0.20388336245027058,-97.0,0.02462426238325191,0.09277429903061712,-55.0
407,Mathew Barzal,C,f1,0.0335417249321472,0.3244929063755483,0.0335417249321472,0.3244929063755483,0.0,0.011520226431139978,0.11145019417776603,61.0,0.008131302640889857,0.07866470886333787,76.0,0.01917475228551587,0.18550241857701388,25.0
408,Casey Cizikas,C,f1,-0.2016179364885389,-0.3553827551974971,-0.20161793648853887,-0.35538275519749707,0.0,-0.11243664490135748,-0.19818695373106587,-70.0,-0.29972462085545676,-0.5283109400645635,31.0,-0.15597720728333514,-0.27493392025423197,-30.0
409,Anthony Duclair,L,f1,0.0074804930559444,0.018027341512868,0.0074804930559444,0.018027341512868,0.0,-0.05871920088804831,-0.14150819736813572,136.0,-0.043570270330150325,-0.10500058447690616,127.0,-0.024449166383013397,-0.05892037714563052,64.0
410,Marc Gatcomb,C,f1,-0.4493499706973913,-0.583361574347023,-0.4493499706973914,-0.5833615743470231,0.0,-0.28624226655823426,-0.3716095474645619,-25.0,-0.6322195589021938,-0.8207691582615816,17.0,-0.3297971994951256,-0.4281540582146356,-27.0
411,Emil Heineman,L,f1,0.1023065373523212,0.4238613067186771,0.10230653735232119,0.42386130671867706,0.0,0.10731151039388019,0.44459717041213065,0.0,0.1455386646572542,0.6029742592819314,-47.0,0.10933216445267879,0.45296884530167614,-35.0
412,Simon Holmstrom,R,f1,0.0453273744385107,0.2013895620099496,0.045327374438510704,0.20138956200994962,0.0,0.030883411607247963,0.13721502323929918,46.0,0.06150103968343075,0.2732491700308949,-23.0,-0.09346730837882333,-0.4152753282058089,295.0
413,Bo Horvat,C,f1,0.0121195463211907,0.1173650419587766,0.012119546321190701,0.11736504195877662,0.0,0.00900088742003588,0.0871641150355329,7.0,0.026671430391281035,0.2582847133064754,-25.0,0.015346250977819833,0.1486122782312852,-23.0
414,Anders Lee,L,f1,-0.0219717038468269,-0.0812504993818725,-0.02197170384682693,-0.08125049938187262,0.0,-0.02197170384682693,-0.08125049938187262,1.0,0.03823297557130518,0.14138404466397828,-148.0,0.05489540455030371,0.2030010537451439,-214.0
415,Kyle MacLean,C,f1,0.0322225898610384,0.0445392001988299,0.03222258986103836,0.04453920019882984,0.0,0.04241976264144728,0.058634092070878,-13.0,-0.4431138640978753,-0.612487611611749,410.0,-0.16499696790751514,-0.22806462849587678,325.0
416,Jean-Gabriel Pageau,C,f1,-0.2013840868576372,-0.7383884726647723,-0.2013840868576372,-0.7383884726647723,0.0,-0.1909211720720805,-0.7000254828740728,3.0,-0.12966449831111937,-0.4754237157500633,-59.0,-0.08170476769733016,-0.2995760964574631,-96.0
417,Ondrej Palat,L,f1,0.2514373159099644,0.5207149891017167,0.2514373159099643,0.5207149891017165,0.0,0.2514373159099643,0.5207149891017165,2.0,0.2253452178304372,0.46667946729401877,8.0,0.1903711996847508,0.3942499020496317,9.0
418,Kyle Palmieri,C,f1,-0.1339742815471415,-0.9117444366707148,-0.13397428154714147,-0.9117444366707147,0.0,-0.11725831080125422,-0.7979860857759544,-18.0,-0.13537830124784098,-0.9212993089663979,-9.0,-0.14226755591709825,-0.9681832298575347,-4.0
419,Brayden Schenn,C,f1,0.0034899722910985,0.0154348045024955,0.003489972291098516,0.01543480450249557,0.0,-0.013089653521898484,-0.05789050062982365,40.0,-0.06301274214545792,-0.2786811112116797,144.0,-0.0471610636282986,-0.20857523685479462,107.0
420,Max Shabanov,R,f1,0.0777010735566238,0.2008317036772824,0.07770107355662387,0.2008317036772826,0.0,0.07469142856053287,0.19305276183823206,-1.0,0.16776066950574703,0.43360612054257225,-110.0,0.06184254860376462,0.15984263572353724,7.0
421,Adam Boqvist,D,d1,-0.1491215580413384,-0.1646135858343611,-0.14912155804133845,-0.16461358583436114,0.0,-0.14886897711552197,-0.16433476463333474,8.0,-0.21243925377650585,-0.23450926744228506,26.0,-0.37426166403654887,-0.4131431790721538,84.0
422,Tony DeAngelo,D,d1,-0.021295346036393,-0.0698411027807359,-0.021295346036393006,-0.06984110278073592,0.0,-0.05334322867879079,-0.17494667193690547,54.0,0.031626826584459436,0.1037246561919628,-129.0,-0.029295120789048505,-0.09607749686271644,-1.0
423,Scott Mayfield,D,d1,-0.1783483980072984,-0.3744987880194395,-0.17834839800729843,-0.3744987880194396,0.0,-0.17834839800729843,-0.3744987880194396,9.0,-0.14160219382645706,-0.29733852707065994,-37.0,-0.10777454644789823,-0.22630669787362484,-66.0
424,Adam Pelech,D,d1,-0.1193154266210751,-0.5902270301179315,-0.11931542662107507,-0.5902270301179314,0.0,-0.0898406036452422,-0.4444215989097196,-40.0,-0.11700057597286405,-0.5787759758665877,-11.0,-0.061641419602963446,-0.30492647141140095,-67.0
425,Ryan Pulock,D,d1,-0.0849494703724632,-0.3975511971892824,-0.0849494703724632,-0.3975511971892824,0.0,-0.07837108763915207,-0.3667653203647356,-6.0,-0.06912767495649055,-0.3235074900098819,-8.0,-0.14399979908640725,-0.6738981687680343,61.0
426,Alexander Romanov,D,d1,-0.5960636941462463,-2.308922817945188,-0.5960636941462463,-2.308922817945188,0.0,-0.6241111803279351,-2.4175680541286466,2.0,-0.5397184945621654,-2.090663061011493,-5.0,-0.618272877365696,-2.3949527010045166,7.0
427,Matthew Schaefer,D,d1,0.1205157900313965,1.0857882584743832,0.1205157900313965,1.0857882584743832,0.0,0.11219544918777702,1.0108260614697142,11.0,0.11072915929324069,0.9976155074784702,8.0,0.11537442167072691,1.0394670469795875,-25.0
428,Carson Soucy,D,d1,0.2113868115363654,0.45193143216178,0.21138681153636543,0.45193143216178006,0.0,0.2113868115363655,0.45193143216178017,1.0,0.035031857673806815,0.07489586268293535,229.0,0.06517873540970671,0.13934795187132587,130.0
429,Jonny Brodzinski,C,f1,-0.3694430964141647,-0.6047335117129746,-0.3694430964141647,-0.6047335117129746,0.0,-0.3694430964141647,-0.6047335117129746,5.0,-0.3706636766344539,-0.6067314533990075,-1.0,-0.2608224148360046,-0.4269346386172935,-34.0
430,Jaroslav Chmelar,R,f1,-2.1161176551500067,-2.4174368541857243,-2.1161176551500067,-2.4174368541857243,0.0,-2.062137026683626,-2.355769791227693,-1.0,-1.9717398397261492,-2.2525007264222063,-1.0,-1.8868839440496474,-2.155561990995998,0.0
431,Will Cuylle,L,f1,0.1357228358563945,0.6025529361629296,0.1357228358563945,0.6025529361629296,0.0,0.11833008809406477,0.5253363707558987,20.0,0.1434530007031119,0.6368716526561613,-11.0,0.022056029001467702,0.09791959437828784,177.0
432,Adam Edstrom,C,f1,-0.4015643742168426,-0.471046972380929,-0.4015643742168426,-0.471046972380929,0.0,-0.2689077108320695,-0.31543675477778454,-22.0,-0.3432379517807135,-0.402628341490347,-14.0,-0.4021854382417418,-0.4717754989818109,2.0
433,Tye Kartye,L,f1,-0.1436987512424658,-0.2733132668929122,-0.1436987512424658,-0.2733132668929122,0.0,-0.1436987512424658,-0.2733132668929122,9.0,-0.12143795410020385,-0.2309735030606846,-25.0,-0.17744454678549731,-0.33749735717915114,19.0
434,Noah Laba,C,f1,0.0915158964384354,0.2214059455302635,0.09151589643843544,0.2214059455302636,0.0,0.07654915126811854,0.18519664752951975,18.0,-0.008311045076372097,-0.020107050961541834,233.0,0.02367298943302682,0.05727246099231728,122.0
435,Alexis Lafrenière,L,f1,0.1494285839760671,0.8159333504027211,0.1494285839760671,0.8159333504027211,0.0,0.14932834629667036,0.8153860169313696,2.0,0.17128779277813097,0.9352924248210215,-34.0,-0.02434103179063343,-0.1329107128818916,306.0
436,J.T. Miller,C,f1,0.0536249433523625,0.4593073120360494,0.0536249433523625,0.45930731203604946,0.0,0.045610494488678766,0.3906621119685929,24.0,0.038922753816506075,0.3333804068571138,46.0,0.05463069541491099,0.4679217598572518,-12.0
437,Gabe Perreault,R,f1,0.132246423797536,0.5253421342339828,0.132246423797536,0.5253421342339828,0.0,0.12193597810975343,0.48438441766982276,12.0,0.1463403285823244,0.5813294479678248,-21.0,-0.0009428090415000702,-0.003745260550826107,229.0
438,Taylor Raddysh,R,f1,0.00857045455246,0.0156334749337585,0.008570454552460027,0.01563347493375855,0.0,0.07829891799154468,0.1428260501550497,-166.0,0.31207936952731996,0.569267939172271,-342.0,0.09183618781338654,0.16751955586537917,-211.0
439,Matt Rempe,C,f1,1.6751126731560404,1.6406925807213684,1.6751126731560404,1.6406925807213684,0.0,1.6751126731560404,1.6406925807213684,0.0,1.3033992828932282,1.276617129957841,1.0,1.391097110772917,1.3625129492978587,2.0
440,Conor Sheary,L,f1,-0.0267285988751057,-0.0708938534359201,-0.026728598875105716,-0.07089385343592015,0.0,-0.026728598875105716,-0.07089385343592015,0.0,-0.10993023652825942,-0.2915745083768307,110.0,-0.0492081699179246,-0.13051775748935152,34.0
441,Adam Sykora,L,f1,0.214582544103947,0.3605671008581789,0.214582544103947,0.3605671008581789,0.0,0.214582544103947,0.3605671008581789,1.0,0.07288891126679665,0.12247661397586396,151.0,0.21779807922121194,0.36597022523524025,-24.0
442,Vincent Trocheck,C,f1,0.0378264386646804,0.3474937809888472,0.037826438664680405,0.34749378098884726,0.0,0.028035534903434987,0.2575493324127275,36.0,0.029103163544408773,0.2673571368542905,38.0,0.05549418749627502,0.5097991171447636,-54.0
443,Mika Zibanejad,C,f1,0.0040858160572165,0.0423026849178809,0.004085816057216501,0.04230268491788092,0.0,0.00017793676943993303,0.0018422765458636636,8.0,0.01370947228834225,0.1419416533888842,-16.0,0.022846593629675453,0.2365432604475699,-68.0
444,Will Borgen,D,d1,-0.1539791751053679,-0.4384444409038986,-0.15397917510536788,-0.43844444090389856,0.0,-0.15513816684232062,-0.44174458511997683,10.0,-0.08156191736417562,-0.23224159522425775,-71.0,-0.0757465626740438,-0.21568279801010237,-77.0
445,Drew Fortescue,D,d1,-0.0694965346288995,-0.1055712991494801,-0.06949653462889954,-0.10557129914948016,0.0,-0.06949653462889968,-0.10557129914948038,0.0,-0.1804794509816316,-0.27416403151118496,102.0,0.22034282108163858,0.3347199684713027,-477.0
446,Adam Fox,D,d1,-0.0257851241043014,-0.1774863961232929,-0.02578512410430141,-0.17748639612329298,0.0,-0.005803316782414096,-0.03994589194552989,-51.0,-0.017804397925199104,-0.12255277151687138,-18.0,0.030703606466807244,0.21134171926953738,-174.0
447,Vladislav Gavrikov,D,d1,-0.0012611919240285,-0.0102109132269367,-0.001261191924028511,-0.01021091322693679,0.0,-0.0013036102932068438,-0.010554342548561857,0.0,0.05756522956961188,0.4660619472938481,-139.0,0.015817321836421178,0.1280608428242504,-61.0
448,Vincent Iorio,D,d1,-0.1800649849042764,-0.3350542605953547,-0.18006498490427642,-0.33505426059535476,0.0,-0.1800649849042764,-0.3350542605953547,9.0,0.289846202677831,0.5393286494662939,-605.0,0.061922894152969,0.11522245441209433,-421.0
449,Matthew Robertson,D,d1,-0.0406034772707737,-0.1005383020269686,-0.04060347727077373,-0.10053830202696867,0.0,-0.013621348280758382,-0.033727831198614,-56.0,-0.006741796577640281,-0.01669336781199937,-71.0,-0.013943812734763915,-0.03452628568697147,-73.0
450,Braden Schneider,D,d1,0.0039094238365247,0.0176619928133756,0.003909423836524731,0.017661992813375743,0.0,0.009203093259845007,0.041577729561474985,-18.0,0.09040274335773875,0.4084214631773484,-185.0,-0.0035471970788648996,-0.016025524971022914,-4.0
451,Urho Vaakanainen,D,d1,-0.2958637285922899,-0.3745296280924834,-0.2958637285922899,-0.37452962809248347,0.0,-0.2958637285922899,-0.37452962809248347,8.0,-0.2963734572489752,-0.37517488624942197,-2.0,-0.4322492838650606,-0.5471781360273247,31.0
452,Michael Amadio,R,f1,-0.0931529770072935,-0.3624365584153083,-0.09315297700729348,-0.36243655841530825,0.0,-0.07104507576990249,-0.2764198588348089,-27.0,-0.024206427987586574,-0.09418157887387713,-98.0,-0.07214396853991141,-0.28069539490917733,-19.0
453,Drake Batherson,R,f1,-0.0209402738287503,-0.118082416266431,-0.020940273828750324,-0.11808241626643112,0.0,-0.020940273828750324,-0.11808241626643112,3.0,-0.032831784731293896,-0.1851387667188814,33.0,0.01565222261114292,0.08826304187704714,-110.0
454,Graeme Clarke,R,f1,-0.6751717911195856,-2.103948616536418,-0.6751717911195856,-2.103948616536418,0.0,-0.6651106838365681,-2.0725965176671393,1.0,-0.6872060536212194,-2.141449398225421,5.0,-0.4168814579772621,-1.299072589091026,-21.0
455,Nick Cousins,C,f1,0.4204631928898163,0.7153850490315078,0.42046319288981626,0.7153850490315077,0.0,0.3499297928371341,0.5953780170051163,13.0,0.36824678159008956,0.6265429325523767,-2.0,0.3136895340992029,0.533718067424361,3.0
456,Dylan Cozens,C,f1,0.0626379676847714,0.3142938816395189,0.0626379676847714,0.3142938816395189,0.0,0.05779000768353784,0.28996863254317473,11.0,-0.0235941134872298,-0.11838643215666844,222.0,0.025284751813704126,0.1268694226130357,71.0
457,Lars Eller,C,f1,0.1276048699565455,0.2133627270339784,0.12760486995654544,0.2133627270339783,0.0,0.15246578724074322,0.2549316194291429,-20.0,-0.21010370479362345,-0.3513055530715659,495.0,0.06100545835681683,0.1020046567454738,75.0
458,Warren Foegele,L,f1,-0.0679589786055813,-0.1683145024493121,-0.0679589786055813,-0.1683145024493121,0.0,-0.08002182342685787,-0.19819063899339018,15.0,0.009503383702503808,0.023537100355131915,-153.0,0.005595510080087417,0.013858440994913304,-169.0
459,Claude Giroux,R,f1,0.1201954367838422,0.5115678229903191,0.1201954367838422,0.5115678229903191,0.0,0.11930039739961977,0.5077584158985948,2.0,0.14481457049182542,0.6163501422854357,-29.0,0.1676929269790777,0.713723481365089,-75.0
460,Ridly Greig,C,f1,0.0184542428768779,0.0796747910511467,0.01845424287687791,0.07967479105114675,0.0,0.03327895748094111,0.1436793696378705,-33.0,0.0227097317036122,0.09804754063251053,3.0,0.025765347472787945,0.11123992948129403,-39.0
461,Stephen Halliday,C,f1,-0.2026442151886622,-0.2203614936818499,-0.2026442151886623,-0.22036149368184998,0.0,-0.16160225791587265,-0.17573121889291243,-16.0,-0.7216584703197784,-0.7847534078373369,86.0,-0.25010696843395996,-0.2719739376376251,8.0
462,Hayden Hodgson,R,f1,-0.7958227005513949,-0.616762592927331,-0.7958227005513949,-0.616762592927331,0.0,-0.7478217082745391,-0.5795618239127678,-5.0,-0.8443076087359309,-0.6543383967703464,2.0,-0.5570687633784802,-0.43172829161832216,-12.0
463,Arthur Kaliyev,R,f1,0.0082024722186813,0.0132237205889998,0.008202472218681327,0.013223720588999843,0.0,-0.01516419793321177,-0.024447155818263677,63.0,0.10258716739585153,0.16538721515813765,-189.0,-0.12352812861856456,-0.1991474538631895,217.0
464,Kurtis MacDermid,L,f1,0.2139556212571565,0.1658156064742963,0.2139556212571564,0.16581560647429622,0.0,0.3606514469075503,0.2795048713533515,-51.0,0.0717922974665137,0.05563903053654812,152.0,-0.22704592878979465,-0.17596059481209086,575.0
465,Shane Pinto,C,f1,0.0313083940334148,0.2013510509184936,0.03130839403341481,0.20135105091849365,0.0,0.05524553419659927,0.3552959745289616,-54.0,0.05119911919458186,0.3292726048141497,-34.0,0.05606115708951802,0.36054142169137743,-73.0
466,Tim Stützle,C,f1,0.0364813315008303,0.34958847768659,0.036481331500830314,0.3495884776865902,0.0,0.026596945469733492,0.2548696907530845,36.0,0.040308299718710534,0.3862610424862949,0.0,0.03212721366196607,0.3078644132312691,-13.0
467,Brady Tkachuk,L,f1,0.1748783014915349,0.954534128572056,0.17487830149153494,0.9545341285720561,0.0,0.1748783014915349,0.954534128572056,-1.0,0.20042350785214352,1.0939669288946117,-22.0,0.18669141818410576,1.0190133861568453,-36.0
468,Fabian Zetterlund,L,f1,0.0204013890017168,0.0463711192260867,0.020401389001716803,0.046371119226086714,0.0,-0.059560005916567633,-0.13537627929309975,178.0,-0.14805573895141355,-0.3365217104798417,274.0,-0.02086321087588767,-0.04742081232230629,93.0
469,Thomas Chabot,D,d1,0.0191545956072697,0.1201937943538261,0.019154595607269703,0.12019379435382613,0.0,0.03680534362586271,0.230951046609927,-42.0,0.05146279280006256,0.32292555068804013,-70.0,-0.0006617798346111062,-0.004152623786981335,32.0
470,Cameron Crotty,D,d1,-0.4343415579494746,-0.6784033677184936,-0.4343415579494746,-0.6784033677184936,0.0,-0.49090878446726804,-0.7667564075550133,6.0,-0.28780091935976165,-0.4495197600890244,-34.0,0.23628737574559863,0.3690601291111686,-668.0
471,Dennis Gilbert,D,d1,0.302476133772492,0.3093578507334866,0.30247613377249205,0.30935785073348665,0.0,0.3024761337724919,0.30935785073348643,4.0,0.5524911364057747,0.5650610128346454,-37.0,0.1505665926710255,0.15399217425863831,62.0
472,Nick Jensen,D,d1,0.0280537836694632,0.0639868517483038,0.02805378366946324,0.0639868517483039,0.0,0.024614486906782588,0.05614228523046852,24.0,0.07456574784216531,0.1700742940379754,-86.0,0.11639776983492849,0.265487426937276,-186.0
473,Tyler Kleven,D,d1,0.0884535036909567,0.2164907154645788,0.08845350369095673,0.21649071546457885,0.0,0.06083794885389925,0.148901406108175,48.0,0.24314266235705362,0.5950937694627766,-141.0,0.06171694876426245,0.15105276599271608,28.0
474,Nikolas Matinpalo,D,d1,0.0071123727826529,0.0129975202928123,0.007112372782652938,0.01299752029281237,0.0,0.0776479712163063,0.14189794495040592,-170.0,-0.03297167616577455,-0.06025415752924612,105.0,0.08690228741573154,0.15880976415250148,-211.0
475,Jake Sanderson,D,d1,-0.0063845308471286,-0.057876660267377,-0.006384530847128604,-0.057876660267377034,0.0,-0.006384530847128616,-0.057876660267377145,0.0,-0.02910902513701228,-0.26387736215999247,62.0,-0.017718290919211066,-0.16061877193543994,12.0
476,Jordan Spence,D,d1,0.1178538086916715,0.361010284444156,0.11785380869167153,0.36101028444415606,0.0,0.11785380869167153,0.36101028444415606,2.0,0.1494539451128653,0.4578079557670641,-37.0,0.12753952175487454,0.3906796015991009,-43.0
477,Lassi Thomson,D,d1,-0.06042755652472,-0.0731247150810322,-0.06042755652472003,-0.07312471508103224,0.0,-0.06042755652472003,-0.07312471508103224,-4.0,0.019792285870363024,0.023951080406181324,-170.0,0.03257520281961198,0.039419969329994364,-240.0
478,Carter Yakemchuk,D,d1,0.1483815614327239,0.1968244162163512,0.14838156143272396,0.19682441621635127,0.0,0.14838156143272396,0.19682441621635127,2.0,-0.020364189755422882,-0.027012586480614775,317.0,0.3074802104645636,0.40786478008730265,-108.0
479,Artem Zub,D,d1,0.0427997291150279,0.1988347283434727,0.0427997291150279,0.1988347283434727,0.0,0.045486596493455045,0.21131710980548332,1.0,0.05629925334432515,0.2615494765065861,-18.0,0.0832259714289909,0.3866429475693713,-106.0
480,Rodrigo Abols,C,f1,0.0437466563939012,0.0629519614390507,0.043746656393901184,0.06295196143905069,0.0,-0.004848477933934876,-0.006977017699064836,133.0,0.06865756353968844,0.09879905457305294,-37.0,0.08493820207163585,0.122227088017208,-107.0
481,Denver Barkey,C,f1,-0.0482881652477789,-0.1185365192628935,-0.04828816524777891,-0.11853651926289352,0.0,0.005002393813060387,0.012279744892765135,-122.0,-0.1341054054295246,-0.32919842558495566,98.0,0.05268404249069471,0.1293274032156892,-255.0
482,Alex Bump,L,f1,-0.1362030387323201,-0.3092716085384014,-0.13620303873232004,-0.3092716085384013,0.0,-0.14038051588491737,-0.3187572638559403,6.0,0.0315805949973732,0.07170898317938748,-289.0,0.16440128872814253,0.3733004159375902,-522.0
483,Noah Cates,L,f1,-0.0616250486061006,-0.2578574535036175,-0.06162504860610058,-0.25785745350361744,0.0,-0.04920416650112992,-0.20588480435686574,-24.0,0.023499921813835686,0.09833063232423814,-177.0,-0.07832245554420862,-0.32772434903654757,30.0
484,Sean Couturier,C,f1,0.0223431763991195,0.0959157411192244,0.0223431763991195,0.0959157411192244,0.0,0.010061291916521926,0.04319154329498523,35.0,0.0177840050349542,0.07634393572898038,26.0,-0.009861421171798565,-0.04233352963274928,68.0
485,Christian Dvorak,C,f1,-0.0578288765910626,-0.3567334100022106,-0.05782887659106262,-0.3567334100022107,0.0,-0.0466543666245868,-0.2878003564754422,-22.0,0.017364834368206565,0.10711978069536426,-158.0,0.003284004030938231,0.02025828661175577,-149.0
486,Tyson Foerster,R,f1,0.0038876429995591,0.0194275475300146,0.0038876429995590967,0.019427547530014584,0.0,0.0006049808213863393,0.0030232440745107843,4.0,0.0695247051597509,0.3474327540246095,-151.0,-0.01945599876836397,-0.09722660770527636,40.0
487,Jacob Gaucher,C,f1,-0.7560445201960194,-0.756871341528232,-0.7560445201960194,-0.756871341528232,0.0,-0.7560445201960194,-0.756871341528232,-2.0,-0.7291924309531289,-0.7299898864482679,1.0,-0.21128561731187392,-0.21151668234960197,-89.0
488,Luke Glendening,C,f1,-0.1966668458234492,-0.2738109460507314,-0.19666684582344915,-0.27381094605073136,0.0,-0.14936936447023944,-0.20796065968998348,-21.0,-0.267830639621625,-0.37288929157893524,22.0,-0.0422195348474616,-0.058780475834666224,-175.0
489,Nikita Grebenkin,R,f1,0.2460916897194114,0.4052397166418235,0.24609168971941137,0.4052397166418235,0.0,0.39087969646984294,0.6436624398779394,-37.0,0.30522554030209803,0.5026155560348173,-28.0,0.20284965963164467,0.33403297235978946,2.0
490,Carl Grundstrom,R,f1,-0.0373093092165758,-0.0679877647416242,-0.03730930921657584,-0.06798776474162427,0.0,0.010766209551733194,0.0196189781459975,-122.0,-0.0502073938634479,-0.09149160233611658,28.0,-0.1326397848518796,-0.24170596232542335,109.0
491,Garnet Hathaway,R,f1,-0.029653609457287,-0.0391612195255536,-0.029653609457287,-0.0391612195255536,0.0,-0.029653609457287,-0.0391612195255536,-2.0,0.03649661322106511,0.04819824326438385,-162.0,0.11058315845481476,0.14603859102939307,-332.0
492,Travis Konecny,R,f1,-0.0051901074045526,-0.0387122122131248,-0.005190107404552603,-0.03871221221312482,0.0,-0.011602933161688875,-0.08654449240414569,13.0,0.08002485615038947,0.5968930837348851,-188.0,-0.01953459649315958,-0.1457055482662301,18.0
493,Jett Luchanko,C,f1,0.4461771488273121,0.4578329337794069,0.44617714882731213,0.4578329337794069,0.0,0.5077888452557208,0.521054153882416,-3.0,0.6311083684246395,0.6475952356771623,-19.0,0.44330736385529923,0.45488817948953353,-9.0
494,Porter Martone,R,f1,0.0028886974161316,0.0166906484973892,0.0028886974161316022,0.016690648497389216,0.0,0.0010363207691995386,0.005987773448565825,1.0,0.014438729580920644,0.08342575405724784,-24.0,0.08258512965069414,0.47716986985675175,-215.0
495,Matvei Michkov,R,f1,0.2882017293282358,0.9746039229266872,0.2882017293282358,0.9746039229266872,0.0,0.2657284157463467,0.8986065316926961,4.0,0.26218886796717733,0.88663693956358,2.0,0.2348010395913013,0.7940202677698743,0.0
496,Owen Tippett,R,f1,0.0229581240799631,0.1082140549177194,0.022958124079963112,0.10821405491771946,0.0,0.012832987517749948,0.06048881046061637,34.0,-0.05855522107461901,-0.27600242454557755,198.0,-0.008788896581215486,-0.041426822766232635,69.0
497,Garrett Wilson,L,f1,-0.9598513969079852,-0.9399346920952416,-0.9598513969079853,-0.9399346920952417,0.0,-0.9122522818105767,-0.8933232481392169,0.0,-0.9424954809385293,-0.9229389075547049,-1.0,-0.45062724873369947,-0.44127683269792617,-30.0
498,Trevor Zegras,C,f1,0.1644127203287705,1.1315961450188117,0.1644127203287705,1.1315961450188117,0.0,0.15629060395014702,1.0756944145136194,6.0,0.16203652319250644,1.1152415982792148,-5.0,0.16639594497409313,1.1452459974077613,-31.0
499,Emil Andrae,D,d1,0.1953323835339542,0.3267440758398169,0.1953323835339541,0.3267440758398167,0.0,0.16439399242896924,0.2749915920648369,22.0,0.09762690157709944,0.16330631488643654,98.0,0.07272356276966765,0.12164902142211087,103.0
501,Oliver Bonk,D,d1,-0.4857184973801641,-0.6296315905634913,-0.4857184973801641,-0.6296315905634913,0.0,-0.4857184973801641,-0.6296315905634913,-3.0,-0.2435731357103036,-0.3157411992399007,-59.0,-0.4543033800712353,-0.5889085166314766,-1.0
502,Jamie Drysdale,D,d1,0.0497980682431599,0.2648529442331024,0.0497980682431599,0.2648529442331024,0.0,0.06961261939641815,0.3702373978221972,-37.0,0.08691358591108667,0.4622532546846302,-53.0,0.019270422521359486,0.10249048449984782,62.0
503,Helge Grans,D,d1,-0.1870641523594892,-0.5485647056008716,-0.1870641523594892,-0.5485647056008716,0.0,-0.1870641523594892,-0.5485647056008716,7.0,-0.17213031625717223,-0.5047713047721766,-22.0,0.18094985864556715,0.5306345693945009,-572.0
504,David Jiricek,D,d1,1.1362006440464325,1.0562160177089492,1.1362006440464325,1.0562160177089492,0.0,0.9979308403316401,0.9276799336869199,2.0,1.3836152625675042,1.2862134961179,-3.0,0.8420646428744681,0.7827861816579225,1.0
505,Noah Juulsen,D,d1,0.2102190869316664,0.2633013014028962,0.21021908693166638,0.2633013014028962,0.0,0.2362321253398623,0.2958828665038231,-15.0,0.08828488178601339,0.11057761028147906,120.0,0.186141112172903,0.23314342096652418,-14.0
506,Hunter McDonald,D,d1,-1.1235251702127735,-1.4804711847334475,-1.1235251702127735,-1.4804711847334477,0.0,-1.1235251702127735,-1.4804711847334477,0.0,-0.4922870846151947,-0.648687597493885,-26.0,-0.13666867535450802,-0.18008856506500992,-149.0
507,Rasmus Ristolainen,D,d1,-0.0161740073911295,-0.0853390670448065,-0.01617400739112952,-0.0853390670448066,0.0,-0.003441004866637627,-0.018155806283144456,-28.0,0.06854107679405809,0.3616439269750375,-191.0,-0.02453601537339822,-0.1294596082669781,10.0
508,Travis Sanheim,D,d1,0.0043369190289422,0.0382719833954259,0.004336919028942199,0.038271983395425896,0.0,0.004336919028942199,0.038271983395425896,-4.0,0.018572682027399603,0.16389823591761507,-30.0,0.020803661276907085,0.1835859451468823,-61.0
509,Nick Seeler,D,d1,-0.1655096528129925,-0.4476550784269285,-0.1655096528129925,-0.4476550784269285,0.0,-0.13137864782742303,-0.3553407181831276,-27.0,-0.10097312522712545,-0.2731026953674609,-63.0,-0.08464104895141791,-0.22892921810002198,-74.0
510,Cam York,D,d1,-0.0431033559664165,-0.2819322722648869,-0.0431033559664165,-0.2819322722648869,0.0,-0.02530056595400232,-0.165487022740344,-28.0,0.03885034465087659,0.25411399414536695,-187.0,-0.02900274028472827,-0.18970236277548047,-41.0
511,Noel Acciari,C,f1,-0.0814505403220927,-0.2083923991506295,-0.08145054032209272,-0.20839239915062951,0.0,-0.10126775878816548,-0.2590950425499994,20.0,-0.13178036576217864,-0.33716199393558915,50.0,-0.09876860786990461,-0.25270092835951785,23.0
512,Justin Brazeau,R,f1,0.0463719325649597,0.1056587810377144,0.04637193256495969,0.10565878103771437,0.0,0.022257180461648002,0.0507131453626577,74.0,-0.00543569388538832,-0.012385267515425291,144.0,-0.033980182992552996,-0.07742409073424271,188.0
513,Egor Chinakhov,R,f1,0.139176588960198,0.3701315925504797,0.13917658896019797,0.37013159255047967,0.0,0.09581819156973753,0.25482259700412946,41.0,0.05819435723118485,0.1547643197778752,118.0,0.10655851204291404,0.2833858198201177,3.0
514,Sidney Crosby,C,f1,0.2938832283070042,2.419151456007273,0.29388322830700425,2.4191514560072735,0.0,0.3192696511024067,2.6281242579671,-4.0,0.30918950979194315,2.545147802766013,-14.0,0.2996653946229666,2.4667483744932923,-16.0
515,Connor Dewar,C,f1,-0.0255210616300481,-0.0679518907308533,-0.025521061630048088,-0.06795189073085325,0.0,-0.008315351199593533,-0.022140295113670966,-43.0,-0.062308420321569975,-0.1659012086048327,70.0,-0.06321857959412126,-0.16832458128158923,70.0
516,Filip Hallander,C,f1,-0.0335352727317983,-0.0765476182785168,-0.03353527273179832,-0.07654761827851686,0.0,-0.00923646170658502,-0.02108314879721851,-58.0,-0.18470907136700912,-0.42161695241483543,157.0,0.27295698791906137,0.6230516592122434,-446.0
517,Kevin Hayes,R,f1,0.1820057708903009,0.3683308825068129,0.18200577089030093,0.36833088250681295,0.0,0.2538599467018695,0.513744469444265,-39.0,0.18346684665610297,0.37128770812610357,-4.0,0.2695413704564645,0.545479466759128,-62.0
518,Ben Kindel,C,f1,0.2357969019635529,0.7780421663958771,0.23579690196355294,0.7780421663958772,0.0,0.18385170845072904,0.6066423279840155,30.0,0.1006395881595165,0.33207324839629226,120.0,0.18862607982842752,0.6223959796178998,2.0
519,Ville Koivunen,R,f1,-0.0515676431358904,-0.1049379019137597,-0.05156764313589038,-0.10493790191375968,0.0,-0.06793388955308494,-0.13824249868771363,19.0,0.05304692201879069,0.10794816984296912,-237.0,-0.05634660946342029,-0.11466288970127522,5.0
520,Blake Lizotte,C,f1,-0.0110990782989599,-0.028899931828493,-0.011099078298959916,-0.028899931828493042,0.0,-0.011099078298959916,-0.028899931828493042,2.0,-0.08433159606460103,-0.21958376286825254,134.0,-0.10805652094217627,-0.2813590466467528,156.0
521,Evgeni Malkin,C,f1,0.0483053737412227,0.304015801611472,0.0483053737412227,0.304015801611472,0.0,0.04954036102652306,0.31178834574976855,4.0,0.11242630766664481,0.7075687734163023,-101.0,0.06684092398529916,0.4206715632654545,-59.0
522,Anthony Mantha,R,f1,0.0208620923497088,0.0791822053716635,0.02086209234970881,0.07918220537166354,0.0,0.006166605449766726,0.023405390551646366,41.0,0.011166627700889603,0.042383007087641866,39.0,-0.01620826534631091,-0.0615185751197157,86.0
523,Tommy Novak,C,f1,0.0684936332134689,0.2028090695573054,0.06849363321346892,0.2028090695573055,0.0,0.055172054547883646,0.16336398762127352,26.0,-0.05458939062385157,-0.16163872466246298,290.0,0.003329810204923762,0.009859539898523173,136.0
524,Rickard Rakell,R,f1,-0.0707783430028347,-0.5012565114550888,-0.07077834300283471,-0.5012565114550889,0.0,-0.057309709641139336,-0.4058708343323472,-25.0,-0.026507406889241976,-0.1877270608678967,-67.0,-0.04409172323858609,-0.31226025415333286,-52.0
525,Bryan Rust,R,f1,-0.0200511259305827,-0.1737334386203789,-0.020051125930582704,-0.17373343862037893,0.0,-0.025810181405676914,-0.22363290632895166,19.0,-0.008127088565501544,-0.07041734450948678,-23.0,-0.043482327565258314,-0.3767536203843731,35.0
526,Elmer Soderblom,L,f1,0.5258906489692203,0.8317719664551567,0.5258906489692203,0.8317719664551567,0.0,0.5335204789076948,0.843839643764275,-3.0,0.4186976548881947,0.6622307744758921,-2.0,0.09550673379700626,0.15105768458852095,143.0
527,Connor Clifton,D,d1,-0.0135458412201882,-0.0306993721454967,-0.013545841220188213,-0.03069937214549673,0.0,-0.013545841220188237,-0.030699372145496784,3.0,-0.05689834440280925,-0.12895053329587247,95.0,-0.052171230071904835,-0.11823732326632741,78.0
528,Samuel Girard,D,d1,0.1695361785037936,0.472553398087902,0.16953617850379354,0.47255339808790187,0.0,0.1750348442133228,0.48787999792587877,-6.0,0.1553317490642955,0.43296095558522724,10.0,0.12766433716292397,0.35584272851608145,8.0
529,Ryan Graves,D,d1,-0.0479235907966372,-0.083284781436744,-0.0479235907966372,-0.083284781436744,0.0,-0.008323274399848962,-0.014464736003841128,-80.0,0.0024677665562006902,0.004288647717201166,-106.0,-0.06043165372680133,-0.10502211935360264,23.0
530,Erik Karlsson,D,d1,0.0684659588453235,0.4787900125752709,0.06846595884532351,0.47879001257527093,0.0,0.05966426460915188,0.4172387925954145,16.0,0.07466595295438848,0.5221472561969103,-1.0,0.05475713243225476,0.3829226752677804,10.0
531,Kris Letang,D,d1,0.0962342620770773,0.5184062912252957,0.0962342620770773,0.5184062912252957,0.0,0.0962342620770773,0.5184062912252957,0.0,0.12377521010395322,0.666767180738909,-27.0,0.08213543933635584,0.4424570580737357,-3.0
532,Jake Livanavage,D,d1,-0.0975305795938433,-1.184285971403659,-0.09753057959384331,-1.1842859714036593,0.0,-0.12839224392704082,-1.5590303467183495,33.0,-0.09436330670097418,-1.1458266812994427,-4.0,0.008987980025329315,0.10913847430806967,-216.0
533,Ryan Shea,D,d1,0.044628622808986,0.1402750991915252,0.044628622808986,0.1402750991915252,0.0,0.0692607132503877,0.21769780938249533,-43.0,0.03799694491679066,0.1194306452159784,32.0,0.02716787663481026,0.08539310312313259,28.0
534,Ilya Solovyov,D,d1,-0.0753473795644414,-0.0751685639779013,-0.0753473795644415,-0.07516856397790139,0.0,-0.0753473795644415,-0.07516856397790139,-3.0,0.10790929488707986,0.10765320285083513,-370.0,0.14577603022669286,0.1454300722584243,-434.0
535,Jack St. Ivany,D,d1,-0.2720131450579207,-0.5329312723802473,-0.2720131450579207,-0.5329312723802473,0.0,-0.2720131450579207,-0.5329312723802473,8.0,-0.0405117204367658,-0.07937102713944666,-182.0,-0.21357265437060644,-0.4184339930157349,-26.0
536,Parker Wotherspoon,D,d1,-0.0042740836702308,-0.0175344870397171,-0.004274083670230802,-0.017534487039717106,0.0,-0.004274083670230815,-0.01753448703971716,-1.0,-0.027342186300794265,-0.1121716953432777,63.0,0.03235389466554505,0.13273229783700918,-127.0
537,Macklin Celebrini,C,f1,0.0956600107905826,1.2427596704347157,0.09566001079058259,1.2427596704347155,0.0,0.08458289652970319,1.0988521927494483,15.0,0.11265559736098005,1.4635565257822496,-19.0,0.08028911947893284,1.0430699185427552,-3.0
538,Ty Dellandrea,C,f1,0.0131400289742814,0.0346858272142401,0.013140028974281431,0.034685827214240184,0.0,0.013140028974281431,0.034685827214240184,-1.0,-0.02299062320301094,-0.060688510316694144,100.0,-0.1636108835932694,-0.4318848040436414,268.0
539,William Eklund,L,f1,0.1849757585252272,1.1711283960811485,0.18497575852522716,1.1711283960811483,0.0,0.08782285670029104,0.5560287581826531,96.0,0.11923668806409433,0.7549176841325754,60.0,0.053477232360651904,0.3385779080497609,146.0
540,Adam Gaudette,R,f1,0.1653453445461838,0.2935026477637883,0.1653453445461838,0.2935026477637883,0.0,0.13719516469880635,0.24353358245439674,32.0,0.10886217205703608,0.19324000822492238,55.0,0.18587759519664124,0.32994921326582327,-43.0
541,Barclay Goodrow,C,f1,0.0825328802750813,0.1321608184780883,0.08253288027508131,0.13216081847808833,0.0,0.12664194166268328,0.20279314871854623,-51.0,0.08931058845233876,0.14301403791168205,-5.0,0.0983070737200755,0.15742020976037172,-57.0
542,Collin Graf,R,f1,0.0510656201409663,0.2204051631907281,0.05106562014096631,0.22040516319072814,0.0,0.05106562014096631,0.22040516319072814,5.0,0.06295472683637679,0.27171993219109025,-16.0,0.0005469778731400301,0.002360820196804614,111.0
543,Philipp Kurashev,C,f1,-0.0248371681403774,-0.0880987445459527,-0.024837168140377425,-0.08809874454595279,0.0,0.02455003813283766,0.0870802792747611,-118.0,-0.05820505012833412,-0.20645638075801032,65.0,0.0005979530827288891,0.002120971102182862,-87.0
544,Michael Misa,C,f1,0.4426001988385896,1.0127688429268116,0.44260019883858964,1.0127688429268116,0.0,0.42390686762069507,0.9699942949765994,0.0,0.2699464987420399,0.6176983288767628,31.0,0.3970524211989657,0.9085452791348929,-6.0
545,Zack Ostapchuk,C,f1,0.1082942471633886,0.1397564356382015,0.10829424716338859,0.1397564356382015,0.0,0.13847232278853058,0.17870199733019676,-25.0,-0.011337030467549136,-0.014630721486764364,261.0,0.06733992058383724,0.08690385245263815,36.0
546,Ryan Reaves,R,f1,1.0367652668441736,0.8970726440502942,1.0367652668441736,0.8970726440502942,0.0,0.9868856785073957,0.8539137771163975,0.0,0.8027714546450587,0.6946069032372221,1.0,0.7973731908639424,0.6899359956381013,0.0
547,Pavol Regenda,L,f1,0.2837832625262115,0.6962603350354857,0.2837832625262115,0.6962603350354857,0.0,0.2864926976000057,0.7029079158527743,-1.0,0.1538438414882924,0.37745483530020013,72.0,0.22235906639468067,0.5455564809846328,5.0
548,Kiefer Sherwood,L,f1,0.1730304225972845,0.8328715388892328,0.1730304225972845,0.8328715388892328,0.0,0.1520177085386317,0.7317281027722119,24.0,0.14078198474935974,0.6776456216545119,30.0,0.1827995758386422,0.8798947708252219,-33.0
549,Will Smith,C,f1,0.1571504829550891,1.00059002743881,0.1571504829550891,1.00059002743881,0.0,0.15393318664777864,0.9801052377017618,3.0,0.09756850324564936,0.6212266707931643,69.0,0.1207293951317251,0.7686939710013267,7.0
550,Tyler Toffoli,C,f1,0.0316344944018887,0.108997950218578,0.03163449440188868,0.10899795021857794,0.0,-0.03665613365503126,-0.12630021458784862,176.0,-0.012161407031391926,-0.041902627598700615,127.0,0.13735682102213465,0.47326857036978276,-195.0
551,Alexander Wennberg,C,f1,-0.0175625876400393,-0.152895827190388,-0.017562587640039318,-0.15289582719038813,0.0,-0.02023300478212931,-0.17614386137826638,12.0,0.00022913164767093496,0.0019947671450347704,-38.0,-0.024701156733909657,-0.21504255914887999,7.0
552,Vincent Desharnais,D,d1,0.0669003800678927,0.1990504702463004,0.06690038006789273,0.1990504702463005,0.0,0.029570433827894593,0.08798169386864788,90.0,0.1755362907298666,0.5222777685210817,-134.0,0.11510957341135815,0.3424885582732027,-98.0
553,Sam Dickinson,D,d1,0.6894310369944294,1.526790986527892,0.6894310369944294,1.526790986527892,0.0,0.6894310369944294,1.526790986527892,-1.0,0.44389239759500154,0.9830293028159387,8.0,0.12420571366969861,0.27506183204759355,123.0
554,Mario Ferraro,D,d1,-0.0122008345994321,-0.0607452679584771,-0.012200834599432098,-0.060745267958477095,0.0,-0.0011535383246475423,-0.005743213225294381,-27.0,-0.010151306707314284,-0.050541120038886056,2.0,-0.002275534716603877,-0.011329386115549317,-47.0
555,John Klingberg,D,d1,0.1509557312787765,0.6380615871191344,0.1509557312787765,0.6380615871191344,0.0,0.13934119119926963,0.5889691027595766,12.0,0.05559341159471391,0.23498293264521852,134.0,0.07500426196819736,0.3170289595944331,58.0
556,Nick Leddy,D,d1,-0.0557647832026292,-0.152469078393536,-0.0557647832026292,-0.152469078393536,0.0,-0.0557647832026292,-0.152469078393536,-4.0,0.016293305492601502,0.04454828172494648,-151.0,-0.04648598494457365,-0.12709948601361662,-20.0
557,Shakir Mukhamadullin,D,d1,0.220030722327872,0.5203431992005789,0.220030722327872,0.5203431992005789,0.0,0.220030722327872,0.5203431992005789,4.0,0.13529668790035654,0.31995855250799177,68.0,0.11136983552241991,0.26337475011250955,61.0
558,Dmitry Orlov,D,d1,0.1108062456699543,0.5445841896196341,0.11080624566995427,0.544584189619634,0.0,0.11080624566995427,0.544584189619634,3.0,0.025007137418376877,0.12290364666137521,178.0,0.06773637202948796,0.3329068415450806,38.0
559,Matty Beniers,C,f1,-0.0350459628556907,-0.2448200270522896,-0.0350459628556907,-0.2448200270522896,0.0,-0.045590232441144136,-0.31847896391149405,9.0,-0.0223189174850736,-0.1559129079995097,-23.0,-0.04359593687866543,-0.3045474450210944,-2.0
560,Berkly Catton,C,f1,-0.0915544803416814,-0.1980408906529415,-0.09155448034168141,-0.19804089065294153,0.0,-0.09155448034168143,-0.19804089065294156,1.0,-0.04761484749630259,-0.10299536157356962,-46.0,-0.09155448034168143,-0.19804089065294156,10.0
561,Jordan Eberle,R,f1,-0.0244556486413005,-0.1540088294872502,-0.02445564864130051,-0.15400882948725025,0.0,-0.022408652011620848,-0.14111791992581219,-2.0,-0.006413768298213837,-0.04039054382479948,-42.0,-0.034317100596977554,-0.21611107404492363,3.0
562,Frederick Gaudreau,C,f1,-0.053573783995232,-0.2036830149245961,-0.05357378399523202,-0.20368301492459617,0.0,-0.06276834349546734,-0.23863995580594577,9.0,-0.039145741113115855,-0.1488288109737921,-18.0,-0.06433263376593912,-0.24458725567439,21.0
563,Kaapo Kakko,R,f1,0.080503855954166,0.2460604711846835,0.080503855954166,0.2460604711846835,0.0,0.07201469174496951,0.22011329485975933,9.0,0.03727984517396695,0.11394604842805245,95.0,-0.0031695176421934436,-0.00968764781789222,169.0
564,Jared McCann,L,f1,-0.0365824021849146,-0.1692960757087948,-0.03658240218491463,-0.16929607570879493,0.0,-0.05714599339146502,-0.2644602826996757,25.0,-0.0788592359410649,-0.3649448472719917,66.0,-0.04404808621662256,-0.20384577538847212,-2.0
565,Bobby McMann,C,f1,-0.0189528100787217,-0.0756579755546103,-0.018952810078721724,-0.0756579755546104,0.0,-0.03517547706791482,-0.14041745646540826,36.0,-0.019287409031424833,-0.07699366558047266,5.0,0.09060886292353275,0.361702729443593,-281.0
566,Ben Meyers,C,f1,-0.4207634786579721,-0.780635091201017,-0.42076347865797215,-0.7806350912010172,0.0,-0.4431144327773268,-0.822102423781883,5.0,-0.5071604564869082,-0.9409258865953761,15.0,-0.4247902771333377,-0.7881059396812399,4.0
567,Jaden Schwartz,L,f1,-0.1800979075827619,-0.725172739246615,-0.1800979075827619,-0.725172739246615,0.0,-0.1570942325862938,-0.6325473543444512,-9.0,-0.15133235662933994,-0.6093468884035389,-30.0,-0.18559467148616196,-0.7473057189703731,-4.0
568,Chandler Stephenson,C,f1,-0.0060138571770565,-0.0427498434552504,-0.0060138571770565,-0.0427498434552504,0.0,-0.012508460206772772,-0.08891709596061484,16.0,-0.06112443051907302,-0.4345064671556885,116.0,-0.045678001322214556,-0.324704652668383,77.0
569,Eeli Tolvanen,R,f1,0.0654940693421252,0.254710523540644,0.06549406934212519,0.25471052354064394,0.0,-0.03588932392099616,-0.1395758207920214,247.0,-0.02022546497743663,-0.07865809568718239,217.0,0.014661917069093935,0.057021110617971556,111.0
570,Ryan Winterton,C,f1,-0.200364264489527,-0.3716048423665707,-0.20036426448952704,-0.37160484236657076,0.0,-0.1998370530560686,-0.3706270516306663,5.0,-0.23283922073443064,-0.4318343999026626,6.0,-0.20151893557764142,-0.3737463488311949,-4.0
571,Shane Wright,C,f1,0.0854027840678715,0.221476119382263,0.08540278406787151,0.22147611938226303,0.0,0.0692860110281073,0.17968028814829634,27.0,0.12952550959333162,0.3359001411820851,-53.0,0.06428659751611046,0.16671524589692951,14.0
572,Vince Dunn,D,d1,-0.0754489228964611,-0.396249251851281,-0.07544892289646112,-0.39624925185128107,0.0,-0.07042829197425375,-0.3698814632815733,-11.0,-0.08854040383454805,-0.4650042363917638,14.0,-0.09001249903140848,-0.47273551469258596,20.0
573,Ryker Evans,D,d1,-0.1320497017666735,-0.3530743179760792,-0.1320497017666735,-0.3530743179760792,0.0,-0.1413378671810561,-0.37790900237943165,18.0,-0.11295245795417508,-0.3020121327222652,-26.0,-0.12976613603890236,-0.34696852295269487,-10.0
574,Cale Fleury,D,d1,-0.2131738778713229,-0.4399547546563755,-0.21317387787132291,-0.43995475465637557,0.0,-0.24001398244584654,-0.49534818156660826,12.0,-0.3221083745973821,-0.6647770933936696,30.0,-0.25320715805787886,-0.5225766600157071,5.0
575,Adam Larsson,D,d1,-0.0022110748455824,-0.0116713024016842,-0.002211074845582428,-0.011671302401684347,0.0,-0.01678801536614744,-0.08861663116194402,34.0,-0.0020293272985283813,-0.01071193615197543,1.0,-0.002797024709153165,-0.01476427687227868,-26.0
576,Ryan Lindgren,D,d1,0.0517725695884933,0.1591798983500301,0.0517725695884933,0.1591798983500301,0.0,0.06582652658284988,0.20239018255185157,-25.0,0.08756273373426993,0.26922030654181933,-53.0,0.08843037120244628,0.2718879439623055,-96.0
577,Joshua Mahura,D,d1,-0.3403567846186277,-0.62106765506341,-0.3403567846186277,-0.62106765506341,0.0,-0.34035678461862773,-0.6210676550634101,3.0,-0.24338084068667598,-0.4441103419813024,-35.0,-0.4551498648462174,-0.8305368720039238,25.0
578,Brandon Montour,D,d1,-0.0123286968534149,-0.0780276352932093,-0.012328696853414894,-0.07802763529320927,0.0,-0.002383174669216971,-0.015082979664486573,-24.0,-0.025861831646821435,-0.16367809118395327,40.0,-0.007592823171716753,-0.0480545546972746,-33.0
579,Jamie Oleksiak,D,d1,-0.1029193707118506,-0.2363124494178543,-0.10291937071185064,-0.23631244941785437,0.0,-0.10291937071185064,-0.23631244941785437,-7.0,-0.09930902759258456,-0.2280227657572213,-8.0,-0.08827591283552301,-0.20268970789924826,-15.0
580,Jonatan Berggren,R,f1,0.0893047649387673,0.2379540691657862,0.0893047649387673,0.2379540691657862,0.0,0.07920980640697267,0.2110558800003206,8.0,-0.011164466145869682,-0.02974791044234759,235.0,-0.2256636212732589,-0.6012845673069864,460.0
581,Pavel Buchnevich,L,f1,-0.0522631213765461,-0.2905279404090047,-0.052263121376546116,-0.29052794040900476,0.0,-0.06879053139026033,-0.38240294261150193,21.0,0.048723590482634346,0.27085187450369297,-227.0,-0.04556912626070654,-0.2533163739566121,-22.0
582,Jonathan Drouin,L,f1,0.019557226172353,0.0843954952424414,0.01955722617235302,0.0843954952424415,0.0,0.013027509188820141,0.05621774172250377,19.0,0.025455836482994904,0.10984982777516686,1.0,0.04399499661727961,0.18985205238121583,-81.0
583,Dalibor Dvorsky,R,f1,0.053927065668093,0.1489221428353786,0.053927065668092994,0.14892214283537858,0.0,0.07451670457454332,0.20578140465813843,-36.0,0.09413658158457151,0.2599626231298258,-57.0,-0.010109581888931206,-0.02791808861501159,149.0
584,Jack Finley,C,f1,-0.3341006854684317,-0.4034905957235004,-0.33410068546843175,-0.40349059572350043,0.0,-0.3296852159933153,-0.3981580702711334,3.0,-0.3282947212866606,-0.3964787814760451,-4.0,-0.3423772300191499,-0.41348610916166995,2.0
585,Dylan Holloway,L,f1,-0.017894695608626,-0.1155873813845102,-0.017894695608626,-0.11558738138451019,0.0,-0.032841935436478634,-0.21213623297799095,37.0,0.04673660562616438,0.301886211270609,-153.0,-0.0424008312098317,-0.2738801014144421,38.0
586,Jordan Kyrou,R,f1,0.03666477174807,0.1442732450760815,0.03666477174807003,0.1442732450760816,0.0,-0.022585745060939726,-0.08887328563757879,163.0,-0.01797730145723864,-0.0707393908454732,151.0,0.04846205776227488,0.19069471874718386,-41.0
587,Jake Neighbours,L,f1,0.000133603087353,0.0004641573194561,0.00013360308735301405,0.0004641573194561488,0.0,0.00013360308735299806,0.0004641573194560933,-3.0,0.00013360308735301405,0.0004641573194561488,3.0,-0.145726077722448,-0.5062744203791331,217.0
588,Jimmy Snuggerud,R,f1,0.0282102288374526,0.1344371211106205,0.0282102288374526,0.1344371211106205,0.0,0.020547023086029674,0.09791776759400163,34.0,0.05622590174910545,0.26794707715958066,-54.0,-0.03378423072620724,-0.16100027915187948,142.0
589,Oskar Sundqvist,C,f1,-0.1386831305194651,-0.3092951748562259,-0.1386831305194651,-0.3092951748562259,0.0,-0.1394676172952432,-0.31104476021370836,4.0,-0.22852148783812862,-0.5096553075673352,43.0,-0.08799400992102088,-0.19624681518854714,-51.0
590,Pius Suter,C,f1,-0.09106823228188,-0.3444867111810021,-0.09106823228187999,-0.34448671118100205,0.0,-0.09106823228187999,-0.34448671118100205,0.0,-0.061174400699488964,-0.2314063595767064,-26.0,-0.034647117576922175,-0.13106075836667175,-93.0
591,Robert Thomas,C,f1,-0.0590614256946434,-0.4545144341302317,-0.0590614256946434,-0.4545144341302317,0.0,-0.05906142569464337,-0.45451443413023146,-3.0,-0.015773031982733807,-0.12138329919794849,-75.0,-0.04178479931821244,-0.3215600401445285,-43.0
592,Alexey Toropchenko,R,f1,-0.1445617868949852,-0.2590430272952128,-0.14456178689498522,-0.25904302729521284,0.0,-0.12303399782290447,-0.22046697084223293,-18.0,-0.2429024875814925,-0.4352616073178215,44.0,-0.15440281706853146,-0.2766773572423849,5.0
593,Nathan Walker,L,f1,-0.0476746392658075,-0.0876078316820649,-0.04767463926580751,-0.08760783168206493,0.0,-0.07421448663040255,-0.13637796432683794,40.0,-0.020457228414073464,-0.037592595375275095,-44.0,-0.030432552991638703,-0.055923443180810106,-46.0
594,Philip Broberg,D,d1,-0.032120575708577,-0.2418375456019237,-0.03212057570857699,-0.24183754560192358,0.0,-0.03557133285907026,-0.26781848216156134,5.0,0.048950273228191774,0.36854924523934995,-193.0,-0.017449946599121004,-0.1313815883844572,-51.0
595,Cam Fowler,D,d1,0.0170531488656795,0.0838071185188986,0.01705314886567951,0.08380711851889866,0.0,0.02107824885121471,0.10358833512559039,-4.0,0.026353150313109166,0.1295116584645546,-12.0,-0.024100914525978217,-0.11844312249906694,87.0
596,Justin Holl,D,d1,-0.2027082815484292,-0.3609659398131223,-0.20270828154842924,-0.36096593981312236,0.0,-0.23856999592677125,-0.4248254789252198,15.0,0.03978349142220396,0.07084311139420452,-359.0,0.046886786738849835,0.08349206510323515,-399.0
597,Matthew Kessel,D,d1,-0.3327433210938861,-0.3324338861646053,-0.33274332109388616,-0.33243388616460534,0.0,-0.33274332109388616,-0.33243388616460534,5.0,-0.4196156871749336,-0.4192254652162802,19.0,-0.3862923884033433,-0.38593315547420637,14.0
598,Logan Mailloux,D,d1,0.3610118306321279,0.8022180168286464,0.3610118306321279,0.8022180168286464,0.0,0.3818319720382841,0.8484832389951695,-3.0,0.46551198059695226,1.034431744883732,-21.0,0.292408545493656,0.6497720671894068,1.0
599,Colton Parayko,D,d1,0.0439703821658955,0.2781358840180564,0.043970382165895515,0.27813588401805645,0.0,0.035763009373608656,0.2262199175287086,29.0,0.037690161950342756,0.23841017513314117,31.0,0.054819260411466134,0.3467607672417566,-36.0
600,Tyler Tucker,D,d1,0.1671698048735678,0.2296913372957283,0.16716980487356792,0.22969133729572844,0.0,0.167169804873568,0.22969133729572855,1.0,0.1678562738818478,0.23063454581740572,-6.0,0.11633303468413303,0.15984160733140762,21.0
601,Oliver Bjorkstrand,R,f1,0.0407502659165851,0.1041206417002323,0.040750265916585135,0.1041206417002324,0.0,-0.008045038875250437,-0.02055580721630262,134.0,-0.1098823133599434,-0.2807593207357917,291.0,0.005045598982517864,0.012891965046244881,80.0
602,Anthony Cirelli,C,f1,-0.0311148199832092,-0.164357689315006,-0.031114819983209214,-0.16435768931500605,0.0,-0.03675805014498031,-0.19416690145770737,13.0,-0.011635278225864003,-0.06146098369754956,-40.0,-0.006294349443133639,-0.033248616921869076,-82.0
603,Conor Geekie,C,f1,0.2408195355471051,0.3112663096334016,0.24081953554710508,0.3112663096334016,0.0,0.24081953554710508,0.3112663096334016,3.0,-0.010677273737611646,-0.013800689324068277,365.0,0.01285397219267959,0.016614135889997717,284.0
604,Zemgus Girgensons,C,f1,-0.0432338745845386,-0.1270626044243623,-0.0432338745845386,-0.1270626044243623,0.0,-0.027104975500457484,-0.07966042398564765,-24.0,-0.09040644082370418,-0.265700863921758,70.0,-0.06283700077935045,-0.18467539747398193,38.0
605,Gage Goncalves,C,f1,-0.0933759962338318,-0.2215636273275645,-0.0933759962338318,-0.22156362732756446,0.0,-0.032595915528114174,-0.07734395960163448,-87.0,-0.17642267700796743,-0.4186177372912674,66.0,-0.02239650530873124,-0.05314268287148549,-126.0
606,Yanni Gourde,C,f1,-0.0330143302205041,-0.1295498066250537,-0.033014330220504096,-0.12954980662505367,0.0,-0.050426980639971274,-0.19787787748413252,24.0,-0.02635340356892586,-0.10341201270671166,-10.0,-0.022175375196369824,-0.0870172300737306,-43.0
607,Jake Guentzel,C,f1,0.0177328792902944,0.1724651986772428,0.017732879290294407,0.17246519867724286,0.0,0.022149076279813478,0.2154159388659561,-3.0,0.032985272032242344,0.320805854556129,-31.0,0.04063528680666921,0.39520783386004765,-81.0
608,Brandon Hagel,L,f1,0.0080150067891856,0.0708583966172849,0.008015006789185613,0.07085839661728499,0.0,-0.013662756847707172,-0.12078854941291073,59.0,0.06617400382781984,0.5850255567234312,-130.0,0.062208674410204085,0.549969206556552,-153.0
609,Pontus Holmberg,R,f1,0.015673321552448,0.0370615511796301,0.015673321552448,0.0370615511796301,0.0,0.06924492071689019,0.16373837316427814,-123.0,0.274299624108522,0.6486161547463098,-309.0,0.09699000546888407,0.22934513527135625,-200.0
610,Dominic James,C,f1,-0.3707241808070824,-0.738492349170348,-0.3707241808070824,-0.738492349170348,0.0,-0.37072418080708236,-0.7384923491703479,5.0,-0.6390789184453043,-1.2730620666837864,33.0,-0.3209340153956103,-0.6393090260317031,-17.0
611,Nikita Kucherov,R,f1,0.0404985623689088,0.4999747161780346,0.04049856236890879,0.49997471617803435,0.0,0.01633723987710496,0.20169127971216194,69.0,-0.0012470992453566564,-0.015396054940501225,118.0,0.026654197902245106,0.32905921226870527,18.0
612,Nick Paul,L,f1,-0.2265165519419902,-0.5617089827989992,-0.2265165519419902,-0.5617089827989992,0.0,-0.24197304027301206,-0.6000375211050489,8.0,-0.07559487547500493,-0.18745791529952488,-115.0,-0.20567079656342285,-0.5100163009663244,-14.0
613,Corey Perry,R,f1,0.6683176702356938,1.791488597786571,0.6683176702356938,1.791488597786571,0.0,0.5838871919641992,1.565164731359837,3.0,0.5887754834797329,1.5782682581746328,-3.0,0.6512286163414212,1.745679775781681,-5.0
614,Brayden Point,C,f1,-0.0561516574777438,-0.3535789472695163,-0.05615165747774382,-0.3535789472695164,0.0,-0.06244900067713856,-0.39323241573426077,5.0,-0.06395805144110718,-0.40273469232710696,22.0,-0.013038631005241923,-0.08210239255174973,-101.0
615,Scott Sabourin,R,f1,0.0185436762468162,0.0172491916941387,0.01854367624681631,0.0172491916941388,0.0,-0.2092355829110077,-0.19462940523923802,315.0,-0.13050284258066527,-0.1213927874032201,250.0,0.7942226272573296,0.7387800651306277,-349.0
616,Declan Carlile,D,d1,-0.2763903022483729,-0.4313946014620116,-0.2763903022483729,-0.4313946014620116,0.0,-0.25321656926990355,-0.3952246518606315,-3.0,0.0003388172412513517,0.0005288316108382762,-283.0,-0.15134967803279858,-0.23622910610550296,-62.0
617,Erik Cernak,D,d1,0.1469370969292089,0.3866209060577088,0.1469370969292089,0.3866209060577088,0.0,0.1469370969292089,0.3866209060577089,2.0,0.149356532369805,0.3929869248626268,-10.0,0.16288133887292472,0.428573397263198,-45.0
618,Max Crozier,D,d1,-0.2436895656913296,-0.4567275165675276,-0.2436895656913296,-0.4567275165675276,0.0,-0.2436895656913296,-0.4567275165675276,6.0,0.07745796374991282,0.14517315635371075,-445.0,-0.11820466415785948,-0.2215413801340229,-84.0
619,Charle-Edouard D'Astous,D,d1,0.0170231598943419,0.0524631181003318,0.017023159894341906,0.05246311810033183,0.0,0.017023159894341906,0.05246311810033183,0.0,0.2104744169772657,0.6486542018939107,-278.0,0.07670808980914716,0.23640414587457081,-167.0
620,Victor Hedman,D,d1,0.0879577641272414,0.2699663267582659,0.08795776412724142,0.26996632675826593,0.0,0.10005938928416444,0.30710950932818415,-19.0,0.16444323779450074,0.5047210704832832,-89.0,0.073329293007808,0.22506756593381116,-4.0
621,Emil Lilleberg,D,d1,0.2101054216515192,0.5115809008653416,0.2101054216515192,0.5115809008653416,0.0,0.22100327923516555,0.5381158458292603,-9.0,0.11275891352918237,0.2745541076971022,75.0,0.014779380867769509,0.035985977511355904,256.0
622,Ryan McDonagh,D,d1,-0.0013023998768795,-0.0043965493007066,-0.0013023998768795244,-0.004396549300706681,0.0,-0.02367314636096502,-0.0799141315401517,61.0,0.009711282845998799,0.032782661119285655,-24.0,-0.07843136351021417,-0.26476304437350706,154.0
623,J.J. Moser,D,d1,0.026290649220076,0.1419130852757867,0.026290649220075995,0.14191308527578667,0.0,0.026290649220075995,0.14191308527578667,13.0,0.017004494371232245,0.09178777745562802,37.0,0.04938923552039086,0.2665958810465191,-70.0
624,Darren Raddysh,D,d1,-0.163774272678614,-0.9413999834320488,-0.163774272678614,-0.9413999834320488,0.0,-0.163774272678614,-0.9413999834320488,10.0,-0.14323310678362733,-0.8233261680705684,-23.0,0.00755127168156832,0.043405883718191554,-274.0
625,Max Domi,C,f1,0.2484911080194414,0.7941741883019316,0.2484911080194414,0.7941741883019316,0.0,0.2021642010445254,0.6461140261633954,28.0,0.3005896649437668,0.9606804648719609,-24.0,0.3525023378864339,1.1265926587746928,-43.0
626,Bo Groulx,C,f1,-0.8834614019134933,-3.154823486973246,-0.8834614019134933,-3.154823486973246,0.0,-0.8688868848289486,-3.1027781698716432,-1.0,-1.0215366794369507,-3.64788761808059,3.0,-0.8567712053361533,-3.059513313997098,2.0
627,Luke Haymes,C,f1,-1.1378618126284596,-2.717009739110046,-1.1378618126284596,-2.717009739110046,0.0,-1.1876310597537587,-2.835849766648404,0.0,-1.2863546330083506,-3.0715839366816287,0.0,-1.0016596542163774,-2.391783435892617,-1.0
628,Calle Jarnkrok,C,f1,-0.0197593946425024,-0.034217786291781,-0.019759394642502433,-0.03421778629178106,0.0,-0.019759394642502426,-0.034217786291781044,3.0,-0.008133869803470495,-0.0140856045286758,-21.0,-0.004251306983023626,-0.0073620835272429075,-60.0
629,Dakota Joshua,C,f1,0.1962115322652526,0.388929651075613,0.1962115322652526,0.388929651075613,0.0,0.08973822416900587,0.17787872002861588,99.0,0.11769308995378655,0.23329073414429058,67.0,0.08289183920393935,0.16430784534632178,82.0
630,Matthew Knies,L,f1,0.0842819962700359,0.5898049376506886,0.0842819962700359,0.5898049376506886,0.0,0.07490588561247113,0.5241909678050669,9.0,0.1027558472381484,0.7190848432132657,-24.0,0.11256810543398829,0.7877509710879246,-69.0
631,Steven Lorentz,C,f1,0.0152316409244442,0.0276033210982263,0.015231640924444246,0.027603321098226385,0.0,-0.02011804500371302,-0.03645863625992231,92.0,-0.040859882708494874,-0.07404773182568997,142.0,-0.01554503540592764,-0.02817126571730648,62.0
632,Matias Maccelli,L,f1,0.0203316134265614,0.063932252406266,0.020331613426561382,0.06393225240626595,0.0,0.02828775703572748,0.0889501479726452,-13.0,0.11270628142454274,0.3544020969035394,-176.0,0.06952869454762926,0.21863124957363458,-138.0
633,Auston Matthews,C,f1,0.2292833219604127,2.2690343643717497,0.2292833219604127,2.2690343643717497,0.0,0.22569092575713665,2.233483281257735,4.0,0.20977340764647417,2.075960286214778,6.0,0.22639274495501652,2.240428626710468,-17.0
634,William Nylander,R,f1,0.0177290716444684,0.1574827561358009,0.01772907164446841,0.15748275613580098,0.0,0.02591175694838138,0.23016743247384208,-12.0,0.05112780903064133,0.4541550986310381,-74.0,0.03931105196649168,0.34918990313925335,-79.0
635,Nicholas Robertson,L,f1,0.0079170171885722,0.0173185091026973,0.007917017188572217,0.01731850910269734,0.0,0.07253694359236763,0.15867487564629318,-155.0,-0.02141966339747212,-0.04685560567700795,82.0,-0.007802143777604904,-0.017067223022838002,19.0
636,John Tavares,C,f1,0.0850050361041485,0.543344107058678,0.0850050361041485,0.543344107058678,0.0,0.09466418346710213,0.6050844584472952,-19.0,0.11940863427766692,0.7632486349068068,-47.0,0.03638405426301282,0.23256341483685805,72.0
638,Simon Benoit,D,d1,0.1538919356293313,0.390778471386064,0.1538919356293313,0.390778471386064,0.0,0.1298931191156316,0.3298381706877424,28.0,0.19831621551724202,0.5035852413836703,-39.0,0.15286188363148548,0.38816285580152887,-25.0
639,Brandon Carlo,D,d1,0.1250851076139814,0.4691454473639119,0.12508510761398142,0.46914544736391195,0.0,0.12508510761398142,0.46914544736391195,4.0,0.10478717541738047,0.39301582120310513,23.0,0.16112178040717087,0.6043049503739895,-63.0
640,Oliver Ekman-Larsson,D,d1,0.0567114179217367,0.2448213139640451,0.05671141792173669,0.24482131396404502,0.0,0.045073872390816436,0.19458241512134358,35.0,0.09867178310720294,0.42596282154006354,-56.0,0.04943825479652688,0.21342330950141605,5.0
641,Jake McCabe,D,d1,0.0069593090253925,0.0448188979932965,0.006959309025392516,0.044818897993296594,0.0,0.006959309025392516,0.044818897993296594,-4.0,-0.0029338694304925726,-0.018894518730396714,31.0,0.003031809760300652,0.01952526779400085,-9.0
642,Philippe Myers,D,d1,-0.1087914891097254,-0.1631504825544027,-0.10879148910972541,-0.16315048255440273,0.0,-0.15990531060475457,-0.2398039479160431,53.0,-0.22766656174763453,-0.3414229340418856,71.0,-0.2266721303940697,-0.33993162294274537,72.0
643,Morgan Rielly,D,d1,0.1411012522420228,0.6826242992922362,0.1411012522420228,0.6826242992922362,0.0,0.1287801667034694,0.6230169446541045,15.0,0.08560293278236475,0.41413269605639347,76.0,0.1240623678860049,0.6001930216853024,-13.0
644,Troy Stecher,D,d1,0.0318963319345963,0.1128018835530099,0.031896331934596324,0.11280188355300996,0.0,0.03713847636062535,0.13134081042163864,-6.0,0.09117813509157309,0.3224529202376576,-107.0,0.05193425615651897,0.18366632023369633,-59.0
645,Chris Tanev,D,d1,0.1944155588709402,0.5473637676366315,0.1944155588709402,0.5473637676366315,0.0,0.19441555887094014,0.5473637676366314,-1.0,0.3841534392786281,1.0815578500777578,-79.0,0.1707642696593255,0.48077517335171144,-13.0
646,Andrew Agozzino,L,f1,-1.9957384893494687,-1.5466973292458386,-1.9957384893494687,-1.5466973292458386,0.0,-2.1940839185181455,-1.7004150368515631,1.0,-2.129761893593664,-1.65056546753509,1.0,-1.7952338296295456,-1.391306217962898,-1.0
647,Daniil But,L,f1,-0.3908698636433325,-0.7784910564678031,-0.3908698636433325,-0.7784910564678031,0.0,-0.34989432841121315,-0.6968805495465172,-4.0,-0.3797289871283224,-0.7563018995773101,-3.0,-0.3595654539127567,-0.716142420079978,-5.0
648,Michael Carcone,L,f1,-0.4182071128602315,-0.9188794897194872,-0.41820711286023143,-0.9188794897194871,0.0,-0.3943171072001374,-0.8663886651129735,0.0,-0.4635685896665953,-1.0185471648474431,7.0,-0.3659493371170892,-0.804059351964484,-7.0
649,Logan Cooley,C,f1,-0.0080237461266297,-0.0434852752618182,-0.008023746126629682,-0.04348527526181811,0.0,-0.008023746126629703,-0.043485275261818224,-1.0,-0.013233178305834377,-0.0717181715543187,21.0,-0.019687203793462556,-0.10669623173307319,13.0
650,Lawson Crouse,L,f1,-0.2361757760895496,-1.035592171496969,-0.23617577608954957,-1.035592171496969,0.0,-0.24269917315885137,-1.0641962012937154,6.0,-0.1780028121607383,-0.7805132339576241,-38.0,-0.28630063964705277,-1.2553815044970729,8.0
651,Dylan Guenther,R,f1,-0.1628492512523291,-0.9344109829793046,-0.16284925125232907,-0.9344109829793045,0.0,-0.13660498110027885,-0.7838242650069003,-15.0,-0.13400512574042098,-0.7689065826489713,-31.0,-0.17984246539702572,-1.0319161652924882,8.0
652,Barrett Hayton,C,f1,-0.2476568919461422,-0.8001178574466803,-0.2476568919461422,-0.8001178574466803,0.0,-0.2476568919461422,-0.8001178574466803,5.0,-0.32071853962875313,-1.0361618800699137,17.0,-0.28632159172234156,-0.9250338914833162,5.0
653,Clayton Keller,R,f1,-0.0152142813224999,-0.121525569217853,-0.015214281322499908,-0.12152556921785307,0.0,-0.015214281322499908,-0.12152556921785307,7.0,0.00797826211288561,0.06372715372390281,-49.0,-0.00831031377137107,-0.06637944902144677,-35.0
654,Alexander Kerfoot,C,f1,-0.3693170762248414,-0.8152238107052033,-0.3693170762248415,-0.8152238107052036,0.0,-0.5011962176559834,-1.1063314338051247,23.0,-0.40230075461266795,-0.8880313837025284,6.0,-0.3801207601161433,-0.8390716664327289,6.0
655,Jack McBain,C,f1,-0.2263349006581391,-0.5851093231018852,-0.22633490065813913,-0.5851093231018853,0.0,-0.21946290208605598,-0.5673441864783387,0.0,-0.16905951812398942,-0.4370439553326625,-41.0,-0.2711598144222144,-0.7009883805266744,7.0
656,Ben McCartney,L,f1,-0.8578066052623258,-2.673069349364761,-0.857806605262326,-2.6730693493647615,0.0,-0.8477454979793084,-2.641717250495483,-1.0,-0.8698408677639599,-2.7105701310537644,2.0,-0.5759159218053717,-1.794650669445834,-11.0
657,Liam O'Brien,C,f1,-0.0316972724208089,-0.0348162668730072,-0.03169727242080891,-0.03481626687300721,0.0,-0.15085368239612137,-0.16569760310452597,157.0,-0.35200488553860043,-0.3866419757767129,222.0,-0.07646818699876169,-0.08399261521619483,75.0
658,JJ Peterka,R,f1,0.2210880608843372,0.8853136876397728,0.2210880608843372,0.8853136876397729,0.0,0.19195770921884567,0.7686656020214746,21.0,0.09066393694026093,0.3630500173888341,126.0,0.09762330717927596,0.39091776250952676,80.0
659,Kevin Rooney,C,f1,-0.9495813220373271,-1.5847800633968827,-0.9495813220373271,-1.5847800633968827,0.0,-0.8779289425105065,-1.465197611706043,0.0,-0.47978307755210836,-0.8007220007533943,-26.0,-0.6167975329177674,-1.0293888586848554,-10.0
660,Nick Schmaltz,C,f1,-0.099942590896645,-0.8332458215947758,-0.09994259089664499,-0.8332458215947757,0.0,-0.11164025437464349,-0.9307721027129418,8.0,-0.12087600427517922,-1.0077728082667348,15.0,-0.11169522234483512,-0.9312303841230273,7.0
661,Kevin Stenlund,C,f1,-0.2698872595889081,-0.7447010173568707,-0.2698872595889081,-0.7447010173568707,0.0,-0.30844056155276617,-0.8510813008822354,18.0,-0.29260897272840225,-0.8073971331974115,5.0,-0.2752842714806789,-0.7595930143063038,-5.0
662,Brandon Tanev,L,f1,-0.0312019436985941,-0.0348632670193309,-0.031201943698594026,-0.03486326701933082,0.0,-0.031201943698594026,-0.03486326701933082,-1.0,-0.14706488171447568,-0.16432188615894144,138.0,-0.11921727818319569,-0.13320656696159217,114.0
663,Kailer Yamamoto,R,f1,-0.062983097686702,-0.1185699809812275,-0.06298309768670202,-0.11856998098122751,0.0,-0.1420095790552597,-0.26734272695655914,98.0,-0.04693313890449014,-0.08835483791184895,-17.0,-0.1429112349219642,-0.26904015567781014,84.0
664,Ian Cole,D,d1,-0.102474838642367,-0.2979175223010035,-0.10247483864236703,-0.29791752230100355,0.0,-0.10247483864236703,-0.29791752230100355,-8.0,-0.0871572263474343,-0.25338576052482964,-20.0,-0.13627536313337718,-0.39618328824164784,24.0
665,Nick DeSimone,D,d1,-0.636149305840491,-0.8594844121431416,-0.636149305840491,-0.8594844121431416,0.0,-0.5820326164261281,-0.7863687920184232,0.0,-0.6188875943613545,-0.8361625727462907,1.0,-0.3398996426574539,-0.45922936938699876,-37.0
666,Sean Durzi,D,d1,-0.1084280235081745,-0.3660163178853131,-0.10842802350817451,-0.36601631788531314,0.0,-0.11479842027309303,-0.3875206217721049,5.0,0.025152573451839976,0.08490657693754122,-239.0,-0.14080659553255326,-0.4753154208967597,21.0
667,Maveric Lamoureux,D,d1,-0.0981199218436147,-0.1442154084779898,-0.09811992184361475,-0.14421540847798986,0.0,-0.0981199218436149,-0.14421540847799008,-8.0,-0.3812217332704027,-0.5603148366944626,134.0,-0.6036207015026149,-0.8871940009462549,165.0
668,John Marino,D,d1,-0.1183676592163549,-0.4790738938435998,-0.1183676592163549,-0.4790738938435998,0.0,-0.1183676592163549,-0.4790738938435998,2.0,-0.13133555807655142,-0.5315593602543939,4.0,-0.11464609332584656,-0.4640114597787128,-9.0
669,Scott Perunovich,D,d1,-0.0970417555831311,-0.2845744703675272,-0.09704175558313112,-0.28457447036752725,0.0,-0.10306977650845145,-0.3022516120461718,3.0,-0.14009426407561304,-0.4108257395105932,35.0,-0.2964872993535827,-0.8694475453091546,111.0
670,Nate Schmidt,D,d1,0.0192566161627547,0.0742188714694929,0.019256616162754717,0.07421887146949296,0.0,0.035649455399192016,0.13740017071885985,-37.0,0.10498024661679255,0.40461498347551833,-166.0,0.04255048673400676,0.16399813337837463,-79.0
671,Mikhail Sergachev,D,d1,-0.040622659323856,-0.3363975366889333,-0.04062265932385602,-0.33639753668893346,0.0,-0.06269326822746017,-0.5191649525099153,30.0,-0.06665786126478315,-0.5519958738215177,49.0,-0.06514111915596649,-0.5394356840729685,44.0
672,Dmitri Simashev,D,d1,-0.1753555383103416,-0.2938829649691861,-0.17535553831034145,-0.29388296496918587,0.0,-0.17535553831034145,-0.29388296496918587,9.0,-0.10424581178112943,-0.174708301471715,-68.0,-0.37281651202322985,-0.624813011317336,64.0
673,Maksymilian Szuber,D,d1,-0.8587303284811172,-2.518222459472138,-0.8587303284811172,-2.518222459472138,0.0,-0.8587303284811172,-2.518222459472138,-1.0,-0.8437964923788002,-2.4744290586434428,-2.0,-0.45742083087395746,-1.341384333978994,-23.0
674,MacKenzie Weegar,D,d1,-0.0178889465745707,-0.1154241611787658,-0.017888946574570713,-0.1154241611787659,0.0,-0.017888946574570713,-0.1154241611787659,4.0,-0.010185729033210902,-0.06572098724492857,-10.0,0.012196647650500759,0.07869596000992021,-89.0
675,Nils Aman,C,f1,-0.7801307529253122,-0.7619335105358485,-0.7801307529253121,-0.7619335105358483,0.0,-0.7801307529253121,-0.7619335105358483,0.0,-0.5958421630270919,-0.5819436156030752,-10.0,-1.1739050182528514,-1.1465226415432384,11.0
676,Teddy Blueger,C,f1,-0.0448996328405028,-0.1902237662093791,-0.0448996328405028,-0.1902237662093791,0.0,-0.04245554203375855,-0.17986902322365886,-6.0,0.05569544279875007,0.2359617711688762,-229.0,-0.009868721205344072,-0.04181025983039844,-93.0
677,Brock Boeser,R,f1,0.0838859791908569,0.570117189857162,0.0838859791908569,0.570117189857162,0.0,0.08282682826035259,0.5629188456528241,-8.0,0.0947752074747925,0.644124029722806,-13.0,0.09765836976681133,0.6637189656070028,-54.0
678,Filip Chytil,C,f1,0.2104519602030588,0.638013386948053,0.2104519602030588,0.638013386948053,0.0,0.2461132109006872,0.7461252587426631,-20.0,0.02331992213608988,0.07069747647423114,262.0,0.046978292281037365,0.14242100355036078,171.0
679,Jake DeBrusk,L,f1,0.0348476300966729,0.1582531710845008,0.03484763009667288,0.1582531710845007,0.0,0.03484763009667288,0.1582531710845007,12.0,-0.0017011314007327359,-0.007725329896195066,108.0,0.040922351474602804,0.18584023852195042,-32.0
680,Curtis Douglas,C,f1,0.0787919616415796,0.0610637702722242,0.07879196164157976,0.061063770272224316,0.0,0.1326722660290337,0.10282100617250112,-64.0,-0.039795286648905505,-0.030841347152901766,281.0,0.24171731920971343,0.1873309223875279,-168.0
681,Nils Hoglander,L,f1,-0.2166640696740646,-0.3547341914882548,-0.2166640696740646,-0.3547341914882548,0.0,-0.17203135436544162,-0.28165908400620854,-16.0,0.1324911703146617,0.2169217455003345,-515.0,-0.18741962599103656,-0.3068535987299413,-19.0
682,Evander Kane,L,f1,0.3357175529984582,1.3745591841356637,0.3357175529984582,1.3745591841356637,0.0,0.32319381310025913,1.3232820866379502,8.0,0.32712488001211815,1.3393774146268695,-5.0,0.3368213308148801,1.3790784829368643,-11.0
683,Linus Karlsson,C,f1,-0.0822913217349323,-0.1777028703318419,-0.0822913217349323,-0.1777028703318419,0.0,0.04282094711554367,0.09246910916403422,-258.0,-0.06380358480111734,-0.13777977941757458,-14.0,0.026485210373902942,0.05719312566087198,-243.0
684,Drew O'Connor,L,f1,-0.1355996461433529,-0.3984240705651345,-0.1355996461433529,-0.39842407056513457,0.0,-0.1355996461433529,-0.39842407056513457,2.0,-0.11626447376777087,-0.34161272701034484,-30.0,-0.15658664618833976,-0.4600888774041914,14.0
685,Liam Ohgren,L,f1,0.1761937244084723,0.3965638045394425,0.17619372440847228,0.3965638045394425,0.0,0.19809786229908896,0.44586401818905996,-13.0,0.16975130379761794,0.38206368067600216,-2.0,0.12751197938291084,0.2869945330811713,16.0
686,Elias Pettersson,C,f1,0.0560099731150863,0.3822115806980297,0.056009973115086306,0.38221158069802974,0.0,0.06223434585302482,0.42468664738183093,-9.0,0.10379711234770919,0.7083106128401822,-70.0,0.04976038889419293,0.33956447106873167,1.0
687,Aatu Räty,C,f1,0.0780951397570785,0.1429176571884445,0.0780951397570785,0.1429176571884445,0.0,0.07809513975707848,0.14291765718844446,-9.0,0.048607983969327626,0.08895482114711376,69.0,0.1000163301134498,0.18303443242259781,-65.0
688,Marco Rossi,C,f1,0.1003558382086056,0.5375883237508069,0.1003558382086056,0.5375883237508069,0.0,0.051997824358987255,0.278543069688992,88.0,0.09043259597451431,0.4844312852164917,23.0,0.10330810323271551,0.5534030808582144,-30.0
689,Max Sasson,C,f1,-0.1199223156987281,-0.2146703858108328,-0.11992231569872808,-0.21467038581083275,0.0,-0.1407467136157179,-0.25194769745272194,25.0,-0.2856597170917858,-0.5113533817405879,84.0,-0.05159360951870679,-0.09235662267045192,-90.0
690,Zeev Buium,D,d1,0.2540114080819806,0.9381898066958756,0.25401140808198064,0.9381898066958757,0.0,0.26445057705851027,0.9767468226901928,-4.0,0.21506740257998014,0.7943503261395816,14.0,0.17592378541101966,0.6497735809357917,21.0
691,Derek Forbort,D,d1,-0.0939700080552538,-0.1267049796012771,-0.09397000805525381,-0.12670497960127713,0.0,-0.15397971359405146,-0.2076193976536963,68.0,0.040951329038077446,0.05521695078885003,-271.0,-0.29192202936449474,-0.3936146813358047,114.0
692,Filip Hronek,D,d1,-0.0172764611469856,-0.1710100152477049,-0.017276461146985597,-0.17101001524770487,0.0,-0.019085172906304914,-0.18891344019731426,9.0,0.0178090053525083,0.17628137214954379,-80.0,-0.011832294262410066,-0.11712125562144576,-27.0
693,Pierre-Olivier Joseph,D,d1,0.0989057272240965,0.1119934451141506,0.09890572722409655,0.11199344511415066,0.0,0.02478338552046323,0.028062851403337308,161.0,0.4549058768550096,0.5151013776607057,-170.0,-0.231682397397142,-0.2623398117079936,479.0
694,Victor Mancini,D,d1,0.0471946258344733,0.0592046897095986,0.04719462583447333,0.059204689709598635,0.0,0.04719462583447333,0.059204689709598635,5.0,0.0653045469108089,0.0819232140973179,-23.0,-0.08073915711818068,-0.10128561589537524,287.0
695,Elias Pettersson,D,d1,0.5482025164413646,0.8728172836967486,0.5482025164413645,0.8728172836967485,0.0,0.5394803360280226,0.8589303174972776,-2.0,0.3499547288206403,0.5571782811375218,9.0,0.5866947715153668,0.934102492190764,-12.0
696,Marcus Pettersson,D,d1,-0.0647743477611256,-0.3554676045881578,-0.06477434776112562,-0.35546760458815785,0.0,-0.08137277452039737,-0.44655617906225425,17.0,-0.07511409436451523,-0.41220989662496427,20.0,-0.06223642710695388,-0.3415400451953536,-1.0
697,Tom Willander,D,d1,0.0941241800327976,0.2120639177268923,0.09412418003279764,0.21206391772689237,0.0,0.05194084952423438,0.11702391496355165,82.0,-0.06957366295393855,-0.1567510445401118,358.0,-0.011741717428997073,-0.02645435634039641,223.0
698,Ivan Barbashev,L,f1,-0.0633608245751202,-0.2819371672480644,-0.06336082457512017,-0.2819371672480643,0.0,-0.07501213467669862,-0.3337820948795408,12.0,-0.02184888357038044,-0.0972211517554126,-69.0,-0.059504795334055394,-0.26477896313153515,-10.0
699,Braeden Bowman,R,f1,-0.2546241821060468,-0.7274585150358336,-0.2546241821060468,-0.7274585150358336,0.0,-0.2671555100347454,-0.7632603824430757,10.0,-0.21619067900358546,-0.6176544152708817,-23.0,-0.17544201908046178,-0.501235937684845,-41.0
700,Pavel Dorofeyev,R,f1,-0.0734223382087646,-0.4134391380501604,-0.07342233820876462,-0.4134391380501605,0.0,-0.07133514759354104,-0.40168622592618497,-6.0,-0.062254608056001554,-0.3505539611274786,-11.0,-0.035225142137005526,-0.198351792630318,-76.0
701,Nic Dowd,C,f1,0.0146122011333386,0.0415210142659244,0.01461220113333862,0.04152101426592446,0.0,0.03416588976524592,0.09708341566104994,-45.0,0.002848904709600691,0.008095249443268695,34.0,0.0032376669015792437,0.009199929044370343,11.0
702,Jack Eichel,C,f1,0.0134973691056908,0.1608444155728586,0.013497369105690805,0.16084441557285867,0.0,0.005978560331816658,0.07124485038589379,19.0,0.015424338351133422,0.18380757525850522,6.0,-0.030175439721727152,-0.3595923715717946,93.0
703,Tomas Hertl,C,f1,0.0225781627262138,0.1127919115084787,0.022578162726213796,0.11279191150847867,0.0,0.0437813609496141,0.2187150234423763,-45.0,-0.028052039322375825,-0.14013731654118372,143.0,-0.010185643394931011,-0.05088359944913173,73.0
704,Alexander Holtz,R,f1,-0.2219427373411608,-0.3869222685964185,-0.22194273734116082,-0.3869222685964185,0.0,-0.22194273734116077,-0.38692226859641843,5.0,-0.24691334709415588,-0.4304546008079167,2.0,-0.45133159493370223,-0.7868256771680426,57.0
705,Brett Howden,C,f1,-0.0021870641706979,-0.006833129498737,-0.0021870641706979188,-0.006833129498737059,0.0,0.03161892888360465,0.09878824707922584,-89.0,-0.07189672025455729,-0.22462971439794943,140.0,-0.0597620101242452,-0.18671676842179236,114.0
706,William Karlsson,C,f1,-0.090535078574209,-0.3078475681015488,-0.090535078574209,-0.3078475681015488,0.0,-0.09046897129936537,-0.3076227827021773,1.0,-0.06575574831035122,-0.2235900992723693,-16.0,-0.047891397574022776,-0.1628457224352294,-56.0
707,Keegan Kolesar,R,f1,0.0263333237937225,0.0444232641448276,0.026333323793722507,0.04442326414482761,0.0,-0.07703907394268168,-0.12996183687394938,222.0,0.028220266285870373,0.047606460668419004,12.0,-0.06740484553387786,-0.11370927883044407,214.0
708,Tanner Laczynski,C,f1,-0.7301167401035299,-1.2064969183774925,-0.7301167401035297,-1.2064969183774923,0.0,-0.8761670841971773,-1.4478409122872495,9.0,-0.611884467101155,-1.0111214870322196,-5.0,-0.5620203206852572,-0.9287224189328168,-5.0
709,Raphael Lavoie,C,f1,-0.3778419564165682,-0.3630026937598801,-0.37784195641656815,-0.36300269375988004,0.0,-0.37784195641656815,-0.36300269375988004,4.0,-0.21466284787964351,-0.20623223733408835,-56.0,-0.2453768980450456,-0.23574003221228612,-43.0
710,Mitch Marner,R,f1,0.2114154044206521,1.8887105966585915,0.21141540442065207,1.8887105966585913,0.0,0.21244989252961266,1.897952348265412,1.0,0.19804948936434838,1.7693042295111394,4.0,0.1976341287324563,1.7655935442418274,-18.0
711,Jonas Rondbjerg,R,f1,-0.4452740934149463,-0.8350999462194296,-0.44527409341494617,-0.8350999462194294,0.0,-0.4419941405218294,-0.8289484801333674,-2.0,-0.4828085531946378,-0.9054948463650926,6.0,-0.6129467628253973,-1.149565663578489,20.0
712,Brandon Saad,L,f1,-0.0455478685346785,-0.1033130975150247,-0.04554786853467851,-0.10331309751502471,0.0,0.014867272546527125,0.03372241177899167,-138.0,-0.1200587625762758,-0.2723210337742214,94.0,-0.04536062553431654,-0.10288838709546526,-7.0
713,Colton Sissons,C,f1,-0.1602639844257715,-0.3124127255928517,-0.1602639844257715,-0.3124127255928517,0.0,-0.16511505956074038,-0.32186923330668105,16.0,-0.27702304540014,-0.5400185511148002,51.0,-0.16511505956074038,-0.32186923330668105,5.0
714,Cole Smith,R,f1,-0.1479656084812727,-0.3312768455443881,-0.14796560848127271,-0.33127684554438813,0.0,-0.10437903507396505,-0.2336918547166763,-45.0,-0.180946626865496,-0.40511729972364285,16.0,-0.01234348939782161,-0.027635558510466174,-208.0
715,Reilly Smith,R,f1,-0.0952393207478137,-0.2433142946526282,-0.09523932074781366,-0.24331429465262808,0.0,-0.0984189657413424,-0.2514375474516981,-2.0,-0.06806570750464051,-0.17389203830397842,-26.0,-0.07703335399329342,-0.19680228758912766,-16.0
716,Mark Stone,R,f1,-0.0139011988593004,-0.1195370837688098,-0.013901198859300412,-0.11953708376880989,0.0,-0.036555206772696754,-0.31433999746363794,53.0,-0.029408220190504708,-0.2528827129217027,48.0,0.00753329035384328,0.06477912942592423,-71.0
717,Kai Uchacz,C,f1,-1.0568580989864826,-1.841453276746281,-1.0568580989864826,-1.841453276746281,0.0,-1.0185886636094177,-1.7747732018697127,0.0,-1.03669742217552,-1.8063256239321785,1.0,-0.7643772860386249,-1.3318392122803404,-3.0
718,Rasmus Andersson,D,d1,0.0212369584487096,0.1488361712589408,0.021236958448709615,0.14883617125894089,0.0,0.026352416363450034,0.1846871228961548,0.0,0.07009442917589721,0.49124673339253244,-98.0,0.02916296462543523,0.20438444647771337,-37.0
719,Dylan Coghlan,D,d1,-0.5299704505983279,-0.8879920963493889,-0.5299704505983279,-0.8879920963493889,0.0,-0.5374490689994446,-0.900522896933284,0.0,-0.3536369588716678,-0.5925364784027936,-31.0,-0.701035528084544,-1.1746202217432822,12.0
720,Jeremy Davies,D,d1,-0.5084901150170195,-1.4911447582389494,-0.5084901150170195,-1.4911447582389494,0.0,-0.5597739212738383,-1.6415342675410873,5.0,-0.41565064023267456,-1.2188934556198228,-16.0,-0.25944073860927763,-0.7608086883614584,-60.0
721,Noah Hanifin,D,d1,0.0091606926865523,0.0600138925189478,0.0091606926865523,0.0600138925189478,0.0,0.0091606926865523,0.0600138925189478,0.0,0.02056987369931752,0.13475817075834892,-20.0,-0.03482740019915439,-0.22816264269346093,93.0
722,Ben Hutton,D,d1,-0.1257201939596796,-0.1788948064431234,-0.1257201939596796,-0.1788948064431234,0.0,-0.1257201939596796,-0.1788948064431234,3.0,-0.41688281193640697,-0.5932075635736523,114.0,-0.05997890993864879,-0.08534758932670239,-77.0
723,Kaedan Korczak,D,d1,-0.1154067888002251,-0.2188484264025442,-0.11540678880022515,-0.21884842640254426,0.0,-0.12347053273349577,-0.2341398809959494,12.0,-0.11856764581939379,-0.22484242893844314,-3.0,-0.19343611506867986,-0.36681715029332385,57.0
724,Jeremy Lauzon,D,d1,0.1195307435566788,0.2882131161366573,0.11953074355667884,0.2882131161366574,0.0,0.11953074355667884,0.2882131161366574,0.0,0.2328652469750316,0.5614858276087091,-98.0,0.03058222218805543,0.07374000439496625,129.0
725,Brayden McNabb,D,d1,-0.0471972958185434,-0.2176983938872153,-0.0471972958185434,-0.2176983938872153,0.0,-0.0471972958185434,-0.2176983938872153,0.0,-0.03648469780927753,-0.1682863387995106,-7.0,-0.04242448325405477,-0.19568370826606007,-19.0
726,Jaycob Megna,D,d1,-0.7339107236908722,-0.568780810860426,-0.733910723690872,-0.5687808108604258,0.0,-0.733910723690872,-0.5687808108604258,-2.0,0.046548413833845635,0.036075020721230366,-452.0,-0.9597309202074128,-0.743791463160745,12.0
727,Shea Theodore,D,d1,0.0343551705736884,0.2255241671110811,0.034355170573688414,0.22552416711108117,0.0,0.03435517057368841,0.22552416711108114,11.0,0.08910648947432845,0.584938642053517,-96.0,0.026510545477718427,0.17402820561461121,4.0
728,Anthony Beauvillier,R,f1,-0.0280559881142448,-0.1002811465956754,-0.028055988114244826,-0.1002811465956755,0.0,-0.018194532272472648,-0.065033124145401,-27.0,0.022898408989221884,0.08184629603154155,-122.0,0.07267649950567835,0.2597692396828861,-273.0
729,Pierre-Luc Dubois,C,f1,0.0092120655670277,0.0435863369063843,0.009212065567027694,0.043586336906384276,0.0,0.009212065567027694,0.043586336906384276,-1.0,-0.07452342445098716,-0.35260312270945393,179.0,-0.10548339554135436,-0.4990883730301441,204.0
730,Brandon Duhaime,L,f1,0.1337570151761975,0.2017653916888071,0.13375701517619756,0.2017653916888072,0.0,0.15168230838980412,0.22880474959923736,-15.0,0.08641173184580654,0.1303475327960213,66.0,0.14168500202966408,0.2137243410619391,-37.0
731,Ethen Frank,R,f1,-0.205281295508317,-0.4146075367451703,-0.20528129550831703,-0.41460753674517037,0.0,-0.22048601062632045,-0.44531656684154386,10.0,-0.3044853544111904,-0.6149704114775967,31.0,-0.26181735191611594,-0.5287936588976089,13.0
732,David Kampf,C,f1,0.0341142926741089,0.0955034049319712,0.03411429267410889,0.09550340493197117,0.0,0.027611893217968867,0.07729985329390716,29.0,-0.04833116237906993,-0.1353037161173308,211.0,0.022246795967098606,0.062280193934586975,18.0
733,Hendrix Lapierre,C,f1,-0.1053069470614434,-0.1142626016855711,-0.1053069470614434,-0.11426260168557112,0.0,-0.1053069470614434,-0.11426260168557112,-4.0,-0.22558666689995913,-0.24477131077141623,75.0,-0.18319758795306834,-0.19877732292272488,59.0
734,Ryan Leonard,R,f1,0.281084773985466,0.8781999301920183,0.281084773985466,0.8781999301920183,0.0,0.26302881145006474,0.8217872515068362,4.0,0.041746368759236645,0.1304291855098047,241.0,0.011012060092956568,0.034405244609246655,302.0
735,Connor McMichael,L,f1,0.052615324000314,0.2464855424064323,0.05261532400031398,0.24648554240643225,0.0,0.06775128736382831,0.31739256826599843,-23.0,0.10267869242258688,0.48101600961753127,-76.0,-0.0004552408476958364,-0.0021326541155425108,117.0
736,Ivan Miroshnichenko,L,f1,-0.2999232102010955,-0.373200033979527,-0.29992321020109564,-0.37320003397952717,0.0,-0.2999232102010956,-0.37320003397952706,7.0,0.1433280428973379,0.17834575204646907,-555.0,-0.6026493629551738,-0.7498878215587653,47.0
737,Alex Ovechkin,L,f1,0.5630324302545713,3.093084405546328,0.5630324302545712,3.0930844055463274,0.0,0.5630324302545712,3.0930844055463274,-2.0,0.5899509693967309,3.24096454382372,-11.0,0.531282720178101,2.9186636655656044,-8.0
738,Aliaksei Protas,L,f1,-0.0201512747667818,-0.1216403299187004,-0.020151274766781812,-0.12164032991870045,0.0,-0.015171291718384846,-0.0915793641481819,-10.0,-0.003234912173043621,-0.019527091389558188,-34.0,-0.03352103880413363,-0.20234502613571176,10.0
739,Ilya Protas,L,f1,-0.5278973899098001,-2.431797793253033,-0.5278973899098002,-2.4317977932530335,0.0,-0.5302207820185028,-2.442500668301857,0.0,-0.4705190226663776,-2.1674801635203718,-9.0,-0.19400827150353445,-0.8937132396046574,-83.0
740,Justin Sourdif,C,f1,0.0066907108139765,0.0208520496876236,0.006690710813976544,0.02085204968762374,0.0,0.014656595292823392,0.04567826375919899,-22.0,0.008028125333672621,0.02502019187655168,0.0,0.015595847886829686,0.048605507560939155,-40.0
741,Dylan Strome,C,f1,-0.0163630329111243,-0.0969890589028931,-0.016363032911124304,-0.09698905890289311,0.0,0.02381607900129227,0.14116570574895815,-91.0,-0.007197675294860881,-0.04266298044677064,-15.0,-0.011248582333372137,-0.06667403411281847,-28.0
742,Tom Wilson,R,f1,0.1527273873518599,1.2039329699494714,0.1527273873518599,1.2039329699494714,0.0,0.15009513706813357,1.183183234380199,8.0,0.109053283280469,0.8596548759137613,43.0,0.1489874646731885,1.1744515763632581,-23.0
743,Declan Chisholm,D,d1,-0.2265235982399578,-0.2734709041745244,-0.22652359823995782,-0.27347090417452447,0.0,-0.15392171727412843,-0.18582219036827208,-34.0,-0.17965150332515925,-0.21688450754080268,-34.0,-0.18939600816461566,-0.22864857349191958,-22.0
744,Jakob Chychrun,D,d1,-0.0562528099996909,-0.3866213525843644,-0.05625280999969091,-0.3866213525843645,0.0,-0.05625280999969091,-0.3866213525843645,-5.0,-0.03476427456159935,-0.23893225694313946,-28.0,-0.06855973868194315,-0.47120595223934736,24.0
745,Martin Fehérváry,D,d1,0.0390255486940807,0.1363160599307015,0.039025548694080724,0.1363160599307016,0.0,0.04147596552547971,0.14487535451647762,5.0,0.05000445228541719,0.17466531907018976,-11.0,0.020567586630053356,0.07184248435993176,35.0
746,Cole Hutson,D,d1,0.0820549599606508,0.1813156432361414,0.08205495996065079,0.18131564323614138,0.0,0.33933322887355255,0.749819665917938,-174.0,0.12418945919992394,0.2744196290971434,-56.0,0.16886398592494473,0.3731362764917891,-126.0
747,Timothy Liljegren,D,d1,-0.024777908447497,-0.0994210710698967,-0.024777908447497037,-0.09942107106989684,0.0,-0.03535990943644472,-0.14188122764901934,20.0,-0.07344619179182019,-0.2947019951026357,87.0,-0.05059581717941701,-0.20301513125263265,44.0
748,Dylan McIlrath,D,d1,-0.142898751513715,-0.1107465324231291,-0.14289875151371506,-0.11074653242312915,0.0,-0.14289875151371506,-0.11074653242312915,9.0,-0.09281852813250954,-0.07193435930269487,-50.0,-0.13350579681989597,-0.10346699253541936,-16.0
749,Matt Roy,D,d1,-0.0727164041429415,-0.3374727932801451,-0.0727164041429415,-0.3374727932801451,0.0,-0.07251353788136052,-0.33653130222644206,-2.0,-0.11317547227116913,-0.5252410815456758,39.0,-0.07337903656276308,-0.34054803354086527,5.0
750,Rasmus Sandin,D,d1,0.1918841242598053,0.6483794639292043,0.1918841242598053,0.6483794639292043,0.0,0.2365762861686475,0.7993949796320964,-25.0,0.207052708325834,0.6996343472773466,-16.0,0.004966741849274565,0.016782698569409282,269.0
751,Trevor van Riemsdyk,D,d1,-0.3089693903936165,-0.6168848377009996,-0.3089693903936165,-0.6168848377009996,0.0,-0.2431849275752291,-0.4855403131923776,-16.0,-0.2241903964319066,-0.4476160442328297,-38.0,-0.3224797237809296,-0.64385941860787,-4.0
752,Morgan Barron,C,f1,-0.0633344855330084,-0.1387580633056139,-0.06333448553300838,-0.13875806330561388,0.0,-0.0880344854279667,-0.1928727232768715,25.0,-0.03263072182742926,-0.07148989570111121,-45.0,-0.044858926666224874,-0.09828038759278854,-40.0
753,Nikita Chibrikov,R,f1,-0.4029170082366221,-0.4284097320495041,-0.4029170082366222,-0.4284097320495042,0.0,-0.5172303565494665,-0.549955732638357,18.0,0.03887219906565291,0.04133165899045732,-407.0,0.15774015981767267,0.16772044420931653,-615.0
754,Kyle Connor,L,f1,0.0066188059078469,0.0801027170546643,0.006618805907846901,0.08010271705466432,0.0,0.008050480691638705,0.09742926231329063,-9.0,0.006244484541713886,0.07557257084757873,4.0,0.018166704672083096,0.2198587516274364,-48.0
755,Alex Iafallo,L,f1,-0.1177498799052889,-0.4098682294039812,-0.11774987990528889,-0.40986822940398115,0.0,-0.11668544485021126,-0.40616310366040403,0.0,-0.09034019671825852,-0.31445956889894733,-31.0,-0.1328491996563969,-0.46242651189708484,7.0
756,Cole Koepke,L,f1,-0.1336422553483811,-0.1926193093067085,-0.13364225534838117,-0.19261930930670862,0.0,-0.13364225534838112,-0.19261930930670856,1.0,-0.3493563060831876,-0.5035291435651591,86.0,-0.14664436652226331,-0.2113593228399549,6.0
757,Adam Lowry,C,f1,0.1814783953413298,0.5571416755942614,0.1814783953413298,0.5571416755942614,0.0,0.17423078453989083,0.5348913905486278,5.0,0.11051030564883725,0.33926846633079777,66.0,0.1738865053302034,0.5338344476800468,-21.0
758,Vladislav Namestnikov,C,f1,-0.0699099445251491,-0.1724197998962539,-0.06990994452514918,-0.17241979989625406,0.0,-0.11217106058810869,-0.27664893674453994,49.0,-0.1692565461370554,-0.4174396076882013,90.0,-0.008510378501356173,-0.020989256510099953,-138.0
759,Nino Niederreiter,R,f1,0.1047288631591815,0.2649758955882825,0.1047288631591815,0.2649758955882825,0.0,0.09367089586826621,0.23699798483943144,12.0,-0.012526367802411707,-0.03169313049705608,263.0,0.01841531610611702,0.046592837261519415,159.0
760,Gustav Nyquist,R,f1,-0.162009502619729,-0.3336195523349947,-0.162009502619729,-0.3336195523349947,0.0,-0.13231789950454237,-0.27247684663428223,-19.0,-0.1798730913190503,-0.37040531100096996,6.0,-0.06854756066688947,-0.14115719222360396,-90.0
761,Cole Perfetti,C,f1,0.2223404300192356,0.807844311080079,0.22234043001923556,0.8078443110800789,0.0,0.15352733027221432,0.5578210869925488,56.0,-0.005282255146481533,-0.019192369868986037,342.0,0.06662743518020726,0.24208190326667342,136.0
762,Isak Rosen,R,f1,-0.3454097352476812,-0.5935234000857876,-0.3454097352476812,-0.5935234000857876,0.0,-0.2740720247795214,-0.4709426035687563,-9.0,0.041605406232121445,0.07149127441683742,-405.0,-0.14862307822671436,-0.25538155332270035,-82.0
763,Mark Scheifele,C,f1,0.0117816109330948,0.1496423929354544,0.011781610933094806,0.14964239293545445,0.0,-0.0017935358203393936,-0.022780330592748532,35.0,0.007227964734508932,0.09180492761704828,16.0,0.013725678185170075,0.1743346762980641,-20.0
764,Jonathan Toews,C,f1,0.3110222201410626,0.8989352674998944,0.3110222201410626,0.8989352674998944,0.0,0.372754554277067,1.077357800381221,-8.0,0.22815072719221488,0.6594150568593147,29.0,0.2697374699134985,0.7796115806821179,0.0
765,Gabriel Vilardi,C,f1,-0.0935986795349882,-0.649242977475751,-0.09359867953498821,-0.6492429774757511,0.0,-0.09331391766143936,-0.6472677397098666,-3.0,-0.09511308437534366,-0.6597475776746089,4.0,-0.07622970956682129,-0.5287639083922578,-15.0
766,Jacob Bryson,D,d1,0.8557174699767289,0.6631810392319649,0.855717469976729,0.663181039231965,0.0,0.855717469976729,0.663181039231965,0.0,-0.016255030850681293,-0.012597648909278003,446.0,0.3082432060204389,0.23888848466584017,28.0
767,Dylan DeMelo,D,d1,-0.0439747742857928,-0.2405418159675648,-0.04397477428579281,-0.24054181596756483,0.0,-0.046654775489999044,-0.25520141040380734,3.0,-0.037240233791322554,-0.20370390999631488,-1.0,-0.061387829858379914,-0.3357911510011605,32.0
768,Haydn Fleury,D,d1,0.224564355852619,0.2944253607012326,0.22456435585261905,0.29442536070123265,0.0,0.20150543497046366,0.2641929087507304,17.0,0.20575899101640516,0.2697697277803326,9.0,0.2516502168699803,0.3299375165358561,-30.0
769,Ville Heinola,D,d1,0.3941680249919383,0.5490252341811224,0.3941680249919383,0.5490252341811224,0.0,0.3992148303367508,0.5560547832835867,-1.0,0.25104100429622733,0.3496677493706377,29.0,0.015243195064996412,0.02123180524447499,318.0
770,Colin Miller,D,d1,-1.5436310605099903,-2.1630774913307707,-1.5436310605099903,-2.1630774913307707,0.0,-1.5713406229427915,-2.201906672944423,0.0,-1.4774464850000575,-2.070333590782722,0.0,-1.471469482769559,-2.0619580667853272,0.0
771,Josh Morrissey,D,d1,-0.0329103455127325,-0.2988867073786747,-0.03291034551273251,-0.2988867073786748,0.0,-0.032910345512732524,-0.2988867073786749,0.0,-0.03644042637720779,-0.33094636004793293,12.0,-0.032915702361768155,-0.29893535745953065,-22.0
772,Neal Pionk,D,d1,-0.0366495381522744,-0.2562494451081701,-0.03664953815227439,-0.25624944510817005,0.0,-0.030896931530448608,-0.21602786718149264,-15.0,0.014204193230448104,0.09931412009582645,-119.0,-0.013714710966706309,-0.09589171520894953,-72.0
773,Elias Salomonsson,D,d1,-0.0516550162799829,-0.1464253416072728,-0.051655016279982875,-0.14642534160727272,0.0,-0.04615047852545097,-0.13082174917534461,-16.0,-0.0070548637733587405,-0.019998267591431085,-91.0,-0.061373241785572935,-0.17397338228079717,14.0
774,Dylan Samberg,D,d1,-0.0219806934157168,-0.1298058074686014,-0.021980693415716804,-0.12980580746860143,0.0,-0.019666037971821336,-0.11613673373994411,-8.0,-0.01451611606463912,-0.0857241457965611,-14.0,0.0037015669170279127,0.021859405136887528,-89.0
