player_id,full_name,team_code,own_mentions,other_mentions,neutral_mentions,attributed_mentions,own_intensity,other_intensity,neutral_intensity,own_share,own_share_scored,rival_reach,top_rival,low_n
1,Leo Carlsson,ANA,274,109,251,383,0.05064695009242144,0.02066252659019958,0.015876695597122476,0.7102415057375496,0.7168680376593565,23,SanJoseSharks,False
2,Nathan Gaucher,ANA,21,3,1,24,0.0038817005545286505,0.00027290869053874834,1.9138023424940673e-05,0.9343118270718812,0.7585175626453186,2,Habs,True
3,Cutter Gauthier,ANA,214,126,212,340,0.03955637707948244,0.02555375500105099,0.00946126391756373,0.6075302846960277,0.6616911133990844,23,Flyers,False
4,Mikael Granlund,ANA,227,139,156,366,0.041771192719661246,0.024276129079986705,0.005257744987689703,0.6324433993913119,0.6826105738897781,24,SanJoseSharks,False
5,Jansen Harkins,ANA,71,17,28,88,0.01312384473197782,0.00426115829109906,0.0006456928744513011,0.7548945901566544,0.8098983572519707,10,goldenknights,False
6,Ross Johnston,ANA,105,28,54,133,0.019408502772643253,0.006431651762390927,0.0013430457622014137,0.7510985565635503,0.7401642981836997,18,BlueJackets,False
7,Alex Killorn,ANA,128,61,67,189,0.02365988909426987,0.013419229963841978,0.0016467541760021237,0.6380919961229166,0.5796982582885514,20,TampaBayLightning,False
8,Chris Kreider,ANA,222,255,167,477,0.04047779743281362,0.042340109166021454,0.006177384300021978,0.4887565877375484,0.4333872565503604,24,rangers,False
9,Mason McTavish,ANA,284,129,124,413,0.05249537892791128,0.02217633335194756,0.004465456117794215,0.7030156042380031,0.6618729808682977,24,Habs,False
10,Ryan Poehling,ANA,125,74,65,199,0.023110451965447833,0.015325740853817289,0.001298885631897625,0.6012679787022073,0.5380413975968201,17,Flyers,False
11,Beckett Sennecke,ANA,271,71,173,342,0.05009242144177449,0.0153044291509619,0.006612172364357856,0.7659760521761003,0.8261830641997152,21,goldenknights,False
12,Troy Terry,ANA,201,257,132,458,0.03715341959334566,0.043486038439369025,0.0043042054420027965,0.4607349863174038,0.3427372696702001,27,sabres,False
13,Frank Vatrano,ANA,114,40,48,154,0.021072088724584104,0.009932124728905431,0.0018076182993524662,0.6796524206684055,0.6222050822847917,17,goldenknights,False
14,Jeffrey Viel,ANA,55,22,51,77,0.011574198076213531,0.004495023474037262,0.0010858674132249366,0.7202712365387043,0.8393852186346934,14,stlouisblues,False
15,Tim Washe,ANA,63,7,16,70,0.011645101663585952,0.0012744800613582717,0.00030620837479905077,0.9013528387766924,0.8748683054951132,5,SanJoseSharks,False
16,John Carlson,ANA,187,113,146,300,0.03583258650252898,0.022682303224901154,0.00692952479756329,0.6123669833343576,0.518088968373037,24,caps,False
17,Radko Gudas,ANA,181,108,134,289,0.03345656192236599,0.018113690304142616,0.006250188215720538,0.6487569960956745,0.45778606491419915,27,leafs,False
18,Drew Helleson,ANA,100,23,32,123,0.018484288354898338,0.0059299731589284995,0.0006673308588745826,0.7571102793516772,0.7667072044384903,14,goldenknights,False
19,Tyson Hinds,ANA,17,2,6,19,0.003142329020332717,0.00027056277056277056,0.00011482814054964403,0.9207233082266053,0.9170284424249985,1,SanJoseSharks,True
20,Jackson LaCombe,ANA,200,69,140,269,0.036968576709796676,0.014131620843165538,0.007534185138203191,0.723452716038544,0.7575749196019069,24,goldenknights,False
21,Pavel Mintyukov,ANA,104,49,56,153,0.01922365988909427,0.011540647247077249,0.0015261719784764691,0.6248689367195861,0.598043198882538,22,goldenknights,False
22,Ian Moore,ANA,76,15,25,91,0.014048059149722736,0.0036606324536694133,0.0004784505856235168,0.7932861142057379,0.7907531037046006,8,BlueJackets,False
23,Jacob Trouba,ANA,142,122,99,264,0.02624768946395564,0.024913770851699296,0.004287073297552662,0.5130363617850855,0.43750699811037824,23,rangers,False
24,Olen Zellweger,ANA,128,43,62,171,0.02365988909426987,0.010342012934064082,0.0017858502884512872,0.6958401643106308,0.7144068929656668,20,goldenknights,False
25,Viktor Arvidsson,BOS,63,80,116,143,0.01075744442902267,0.015123997688499608,0.0034384885479073184,0.41564316162041276,0.5530991327457736,22,goldenknights,False
26,Michael Eyssimont,BOS,26,40,47,66,0.008364052696484464,0.009008141854609767,0.001009315319525174,0.48146206697631255,0.7466426777370142,18,SeattleKraken,False
27,Morgan Geekie,BOS,86,63,119,149,0.02800390752197981,0.012208393123672268,0.0040951954542871065,0.696401525710957,0.8827560685270663,23,wildhockey,False
28,James Hagens,BOS,66,202,66,268,0.02149137088896125,0.04745037197365065,0.0034955385626365037,0.3117323409097673,0.6011132969554952,17,NewYorkIslanders,False
29,Tanner Jeannot,BOS,41,83,72,124,0.012315583266545789,0.016123901893104232,0.0019071866209562707,0.43304522558724634,0.745808153890262,20,Predators,False
30,Mark Kastelic,BOS,30,51,95,81,0.00976880494952784,0.009844446282477678,0.0032912684439617007,0.49807167786576856,0.7332319606386579,20,Predators,False
31,Marat Khusnutdinov,BOS,21,42,61,63,0.006838163464669489,0.0077310704286926955,0.0016218620956011726,0.4693564201604994,0.6082294287387556,16,wildhockey,False
32,Sean Kuraly,BOS,21,35,36,56,0.00676282433747075,0.007985304169359025,0.0007987970618508265,0.4585547470880067,0.6485395700416613,15,BlueJackets,False
33,Elias Lindholm,BOS,18,37,77,55,0.005861282969716704,0.006733115967255669,0.005639260766178269,0.46538806647693226,0.7321659091316187,21,canucks,False
34,Fraser Minten,BOS,42,75,68,117,0.013676326929338978,0.01202611258964177,0.0016109780901505833,0.5321022901051583,0.7035886312434395,18,leafs,False
35,Casey Mittelstadt,BOS,12,57,59,69,0.0039075219798111365,0.0091664907684277,0.001673522108899984,0.2988770207782999,0.3061177366214594,22,Flyers,False
36,David Pastrnak,BOS,70,129,246,199,0.022793878215564962,0.023194805400858887,0.009647146620800304,0.49564102346744776,0.7761915700729429,27,hawks,False
37,Lukas Reichel,BOS,78,49,45,127,0.01523873089003097,0.010053713482542899,0.0012607396115256408,0.6025013108877388,0.6721230942739305,19,hawks,False
38,Alex Steeves,BOS,32,24,46,56,0.007981020607526632,0.004102351290495863,0.0015345560229287178,0.6604961491612094,0.7414179515845477,15,AnaheimDucks,False
39,Pavel Zacha,BOS,52,93,105,145,0.016932595245848257,0.01704274084037246,0.003532800421551262,0.4983790359829747,0.7237814005361927,24,devils,False
40,Jonathan Aspirot,BOS,28,17,32,45,0.009117551286225985,0.003375535719086734,0.0006673308588745826,0.7298077154468485,0.8772674785493108,10,Flyers,False
41,Jordan Harris,BOS,23,43,24,66,0.007444213651652101,0.007057522232798851,0.0007887972178574629,0.5133325907303231,0.5591489513600028,9,devils,False
42,Henri Jokiharju,BOS,20,33,32,53,0.0065125366330185605,0.0068510422032921955,0.0006673308588745826,0.4873347710811618,0.8184658990164753,16,goldenknights,False
43,Hampus Lindholm,BOS,24,13,28,37,0.007815043959622273,0.0021990096468197627,0.000825564994748687,0.7804076417760395,0.9014371354284814,9,AnaheimDucks,False
44,Mason Lohrei,BOS,41,39,62,80,0.013350700097688049,0.007777124067729098,0.0018757863485999804,0.6319013256244814,0.6892564369337063,19,Flyers,False
45,Charlie McAvoy,BOS,85,88,215,173,0.027678280690328884,0.015419569568547854,0.008419553107649967,0.6422195196297075,0.8417333937441978,24,TampaBayLightning,False
46,Andrew Peeke,BOS,15,32,34,47,0.00488440247476392,0.006722207245932567,0.0006506927964479829,0.42082938879681897,0.551243511291524,13,BlueJackets,False
47,Nikita Zadorov,BOS,32,93,118,125,0.010420058612829698,0.015438473680455634,0.0040609276383942235,0.4029640388961855,0.5979940413986382,22,canucks,False
48,Zach Benson,BUF,303,51,97,354,0.03914222968608707,0.010396352024913274,0.004158861190554089,0.7901362601464084,0.9020470621605042,21,BlueJackets,False
49,Sam Carrick,BUF,130,64,67,194,0.01931387852014651,0.013828537574979859,0.0016268620175978543,0.5827540896448596,0.6228545845419071,21,goldenknights,False
50,Justin Danforth,BUF,43,14,9,57,0.006098968066301801,0.004123710826866735,0.0002271563201009472,0.5966115271778253,0.32692702721934225,6,BlueJackets,False
51,Josh Doan,BUF,347,54,140,401,0.04482624983852215,0.047573549490223264,0.005041472673039346,0.48513362760709783,0.8543324599437563,25,utahmammoth,False
52,Josh Dunne,BUF,69,12,32,81,0.008913577057227747,0.0027376823124685527,0.0008670951375762379,0.7650312103094214,0.8255670506697769,7,BlueJackets,False
53,Jordan Greenway,BUF,95,20,30,115,0.012272316238212117,0.004900810205952068,0.0006839689213011824,0.7146232969351091,0.47102482064945417,12,BostonBruins,False
54,Konsta Helenius,BUF,81,7,10,88,0.010463764371528227,0.0013915853291471894,0.0001913802342494067,0.882619630438408,0.9428399481838453,5,BlueJackets,False
55,Tyson Kozak,BUF,77,10,17,87,0.009947035266761401,0.0023609053986338334,0.0003802605075004726,0.8081803071027381,0.872574840204544,8,BlueJackets,False
56,Peyton Krebs,BUF,190,48,74,238,0.024544632476424234,0.011086906995044981,0.0016358701705515343,0.6888456923416835,0.7915404984590764,21,goldenknights,False
57,Jiri Kulich,BUF,117,13,23,130,0.01511432631442966,0.0029450405041153756,0.0006399388174752907,0.8369244872366657,0.873489530728274,9,BlueJackets,False
58,Beck Malenstyn,BUF,163,29,56,192,0.02105671101924816,0.006767216630118473,0.0015460641368807385,0.7567842787906143,0.9136678607776996,17,BlueJackets,False
59,Ryan McLeod,BUF,152,98,114,250,0.01963570598113939,0.01701021239045894,0.003110512162207089,0.5358224559152444,0.5518943633071938,22,devils,False
60,Josh Norris,BUF,285,261,182,546,0.03681694871463635,0.046003445536874854,0.00796787045492431,0.4445396456678249,0.38549068938800685,29,BlueJackets,False
61,Noah Ostlund,BUF,223,30,50,253,0.028807647590750548,0.006703416257963203,0.0010118152805235147,0.8112302045773262,0.9189742824182918,16,goldenknights,False
62,Tanner Pearson,BUF,89,57,57,146,0.032672656511181536,0.010880455432597802,0.0013654378816040239,0.7501796095157822,0.6335690945349646,22,canucks,False
63,Jack Quinn,BUF,252,154,111,406,0.03255393360031004,0.03014507749060215,0.0029782918242515165,0.5192096818418324,0.5870389290410097,22,Flyers,False
64,Tage Thompson,BUF,280,444,393,724,0.03617103733367782,0.08340809202943915,0.015092393638260315,0.3024862074705357,0.358724827972921,29,caps,False
65,Alex Tuch,BUF,382,138,133,520,0.04934762950523188,0.02518179658032573,0.00582675926895596,0.662122762740481,0.7250208408847209,27,wildhockey,False
66,Jason Zucker,BUF,157,43,70,200,0.02028161736209792,0.00995041856278848,0.0029879276126992434,0.6708650853845574,0.7127793666159681,15,wildhockey,False
67,Bowen Byram,BUF,259,142,99,401,0.033458209533651986,0.03155772845901699,0.003023206089534634,0.514615501470188,0.573476194770416,28,stlouisblues,False
68,Rasmus Dahlin,BUF,394,94,225,488,0.05089781681953236,0.018686224550865087,0.011617764948955818,0.7314581880722063,0.8138452875781014,23,Flyers,False
69,Ryan Johnson,BUF,26,27,22,53,0.003358739180984369,0.004990073529154303,0.0007656509634755242,0.40230141669192876,0.1667080650228803,13,BlueJackets,False
70,Michael Kesselring,BUF,158,41,43,199,0.020410799638289626,0.044135675376898664,0.0009327632258254112,0.31621865692102946,0.6220251304981399,21,utahmammoth,False
71,Zach Metsa,BUF,113,11,17,124,0.014597597209662834,0.002460292376563085,0.00032534639822399145,0.8557680676659001,0.9582808539183773,10,Predators,False
72,Owen Power,BUF,189,71,93,260,0.024415450200232527,0.014994674400745908,0.002124450626646312,0.6195222787909268,0.7170703140610573,24,BlueJackets,False
73,Mattias Samuelsson,BUF,224,43,81,267,0.028936829866942255,0.009313394917710908,0.0023142150613546034,0.7565139820708283,0.8876447192043998,21,BlueJackets,False
74,Luke Schenn,BUF,138,65,37,203,0.04323155349593662,0.014007855292416063,0.0010527213148496342,0.7552760311656741,0.7339275326790023,17,Predators,False
75,Logan Stanley,BUF,142,64,122,206,0.0450577877234602,0.01314528380490054,0.0027741517320546112,0.7741479365312326,0.8292026267538233,22,wildhockey,False
76,Conor Timmins,BUF,85,33,39,118,0.010980493476295053,0.006100559716364104,0.0009111252414021297,0.6428463955029474,0.5475943031436694,12,BlueJackets,False
77,Mikael Backlund,CGY,61,47,77,108,0.014730741366819608,0.010601618750456563,0.0018381344102515306,0.5814989720114365,0.6875623080397275,22,goldenknights,False
78,John Beecher,CGY,40,26,25,66,0.010837452291265613,0.006442078252131255,0.0005333646948999979,0.6271844170793746,0.7009313489449329,12,Predators,False
79,Blake Coleman,CGY,73,78,72,151,0.017628592127505432,0.016615268807950043,0.002301952812423254,0.5147956931822809,0.5550999853639506,24,TampaBayLightning,False
80,Matt Coronato,CGY,82,49,84,131,0.019801980198019802,0.011305812346360185,0.0034556242193500676,0.6365601213833888,0.6935535868955973,23,Predators,False
81,Joel Farabee,CGY,37,59,61,96,0.008935039845447959,0.01358359396257463,0.0016218620956011726,0.39678427748421935,0.3951346511883393,23,Flyers,False
82,Morgan Frost,CGY,46,109,191,155,0.011108427915962327,0.022887928477185675,0.0045443556491189824,0.32675348462346515,0.20796457840723634,26,wildhockey,False
83,Matvei Gridin,CGY,86,17,37,103,0.020767930451581745,0.003543597499576634,0.0012875075444235013,0.854242090143586,0.8945858750166095,12,SeattleKraken,False
84,Tyson Gross,CGY,13,67,41,80,0.0031393383240763103,0.013352056915917274,0.001768350561462901,0.19036220273606952,0.2743876172945591,24,NewYorkIslanders,False
85,Samuel Honzek,CGY,29,11,22,40,0.0070031393383240765,0.0029540891265900423,0.0004210365153486948,0.7033221506366709,0.7618791840447701,8,Predators,False
86,Jonathan Huberdeau,CGY,53,67,75,120,0.012798840859695725,0.012442045629218976,0.0034831462872272575,0.5070678030788152,0.5972753312242255,22,Predators,False
87,Rory Kerins,CGY,27,2,7,29,0.006520164211543105,0.0006171720211553013,0.0001339661639745847,0.913529081293965,0.9685313434337037,2,BostonBruins,True
88,Adam Klapka,CGY,51,36,75,87,0.012315865732914755,0.00892414975604231,0.0023991511995066148,0.5798425965987605,0.6256321098190476,18,goldenknights,False
89,Ryan Lomberg,CGY,44,56,41,100,0.010625452789181358,0.010597798213755606,0.001004315397528492,0.5006515160052983,0.6743474568911116,18,FloridaPanthers,False
90,Victor Olofsson,CGY,41,69,63,110,0.010802722521494928,0.01544319994112362,0.0026040454266828494,0.411596221732385,0.5760957081865706,22,Predators,False
91,Martin Pospisil,CGY,32,21,36,53,0.007727602028495532,0.004892719857447438,0.0007438829525743453,0.6123141785395229,0.4098595249864302,15,winnipegjets,False
92,Yegor Sharangovich,CGY,21,41,53,62,0.005071238831200193,0.009366211821761306,0.0013788218480529544,0.35125583824315615,0.3776963494199593,21,Predators,False
93,Ryan Strome,CGY,112,55,40,167,0.02138213911558416,0.012015896296395876,0.000820435046274108,0.6402214636826896,0.5530098887817606,18,AnaheimDucks,False
94,Aydar Suniev,CGY,9,1,6,10,0.0021733880705143687,0.00018211619012930248,0.00011482814054964403,0.9226848394324123,0.7339684440995108,1,DallasStars,True
95,Connor Zary,CGY,73,39,70,112,0.017628592127505432,0.008404572024688525,0.0018139964648299079,0.6771590277864773,0.673108554559357,21,goldenknights,False
96,Kevin Bahl,CGY,33,44,57,77,0.007969089591886018,0.010107545436332988,0.0013455457231997547,0.4408502787961179,0.5295958253230814,20,Predators,False
97,Jake Bean,CGY,18,25,14,43,0.004346776141028737,0.006111336416192281,0.00032284643722565055,0.415636771668461,0.26062744629909995,13,Predators,False
98,Hunter Brzustewicz,CGY,21,42,27,63,0.005071238831200193,0.008694466196643309,0.0008613410806002275,0.36839659290553894,0.34737314229031246,14,losangeleskings,False
99,Joel Hanley,CGY,22,32,29,54,0.005312726394590679,0.00741800683210762,0.0006648308978762417,0.4173150359830867,0.4112100480167472,15,Predators,False
100,Yan Kuznetsov,CGY,22,69,53,91,0.005312726394590679,0.012112354619698593,0.001179057569351299,0.3048896237689815,0.29707814572727786,20,caps,False
101,Olli Maatta,CGY,10,27,24,37,0.002414875633904854,0.0054677197086163525,0.0005142266714750572,0.3063553980601101,0.3658465441675718,16,DetroitRedWings,False
102,Brayden Pachal,CGY,15,18,30,33,0.003622313450857281,0.0042208520376688635,0.0007739049814498754,0.46184330244674865,0.2135569028113077,11,Predators,False
103,Zayne Parekh,CGY,199,30,114,229,0.048056025114706594,0.005457837728998861,0.00692676831060177,0.8980107688181804,0.9252829285647988,17,SanJoseSharks,False
104,Zach Whitecloud,CGY,104,49,53,153,0.04043893811291923,0.011901392582344059,0.0012140795202235108,0.7726152581718191,0.6914195882568099,20,goldenknights,False
105,Abram Wiebe,CGY,14,7,4,21,0.0033808258874667954,0.0017737087721991164,0.00018638031225272497,0.6558935210818665,0.5593641668114704,6,goldenknights,True
106,Sebastian Aho,CAR,254,116,225,370,0.034870950027457444,0.02287363183573546,0.00737732571881723,0.6038826311024794,0.6503619617412264,29,Predators,False
107,Jackson Blake,CAR,156,67,131,223,0.0214168039538715,0.015437274318520931,0.0036507526316006786,0.5811243953946592,0.6841444396639549,22,Predators,False
108,William Carrier,CAR,60,50,38,110,0.008237232289950576,0.012042213591918741,0.0007272448901477455,0.40618626060759433,0.49264066927122285,17,Predators,False
109,Nicolas Deslauriers,CAR,77,40,38,117,0.013451999763292635,0.00825654569944135,0.0011665577643595946,0.6196637995108901,0.5635238869575107,14,Flyers,False
110,Nikolaj Ehlers,CAR,210,254,227,464,0.04253530219399665,0.05409232860475557,0.008973931678471814,0.4401981280342632,0.5970267034280193,30,winnipegjets,False
111,Taylor Hall,CAR,109,511,365,620,0.014964305326743548,0.10009579059467508,0.011079282221498834,0.13005643013685267,0.09038319076125402,30,Flyers,False
112,Mark Jankowski,CAR,46,45,36,91,0.006315211422295442,0.01086224865691163,0.0006889688432978642,0.36764523935292753,0.4718206878684268,20,Predators,False
113,Seth Jarvis,CAR,285,164,296,449,0.039126853377265236,0.029334092978428317,0.01002940948028297,0.5715207787806347,0.7167183983630756,27,rangers,False
114,Jesperi Kotkaniemi,CAR,42,71,54,113,0.005766062602965404,0.01366453905931536,0.001308023811329202,0.2967516242257515,0.3995461761337483,25,devils,False
115,Jordan Martinook,CAR,74,57,84,131,0.010159253157605712,0.013906744628960797,0.001882164514077422,0.42214136507884764,0.6243264172047607,19,Predators,False
116,Eric Robinson,CAR,55,164,137,219,0.007550796265788029,0.02775072125265777,0.0032259644112581642,0.21389438178805137,0.19717701883616273,28,Predators,False
117,Jordan Staal,CAR,139,111,121,250,0.019082921471718837,0.021632828151244843,0.003134650107628712,0.46868648246515576,0.48567171229963924,27,Predators,False
118,Logan Stankoven,CAR,138,91,129,229,0.018945634266886325,0.01956114724933478,0.003762089120112298,0.4920077326874337,0.6574232590416336,22,DallasStars,False
119,Andrei Svechnikov,CAR,112,89,206,201,0.015376166941241077,0.018624831293089106,0.007573211793039785,0.4522269268469901,0.5896539179730436,24,Predators,False
120,Jalen Chatfield,CAR,65,49,63,114,0.008923668314113125,0.010211095484175457,0.0015152879730258798,0.46635894794328536,0.6887269327375978,18,Predators,False
121,Shayne Gostisbehere,CAR,46,58,115,104,0.006315211422295442,0.012806612726820155,0.003199694087376453,0.3302619756906156,0.5273682159148798,18,Predators,False
122,K'Andre Miller,CAR,100,69,69,169,0.014188727157152298,0.013957531631387294,0.0021744948404040084,0.5041070383012882,0.6922452532516417,22,rangers,False
123,Alexander Nikishin,CAR,201,57,168,258,0.02759472817133443,0.013154434083450088,0.007295647203635504,0.677185165152553,0.882760028328423,21,Predators,False
124,Mike Reilly,CAR,23,46,35,69,0.0034101794301068453,0.012070477458786295,0.0007247449291494047,0.22028648103127563,0.21867219930062076,17,Predators,False
125,Jaccob Slavin,CAR,223,50,112,273,0.030615046677649645,0.010261837898687239,0.0032218486507187088,0.7489574363348697,0.8243047043538169,19,Predators,False
126,Sean Walker,CAR,75,45,69,120,0.01029654036243822,0.01021780424164257,0.0022994528514249137,0.5019190503600097,0.6523269524984373,20,Predators,False
127,Connor Bedard,CHI,449,292,604,741,0.13287955016277006,0.049715074031955686,0.025101867394250257,0.7277298044714741,0.8541360358622597,28,SanJoseSharks,False
128,Tyler Bertuzzi,CHI,123,89,132,212,0.036401302160402486,0.016754376733988083,0.005392962895659765,0.6848055168804147,0.8449978906283822,25,Predators,False
129,Sacha Boisvert,CHI,37,19,18,56,0.010949985202722699,0.0026832615360043895,0.0003444844216489321,0.8031825002930358,0.8971912049336762,7,Habs,False
130,Andre Burakovsky,CHI,90,48,82,138,0.026635099141757917,0.00996610964971641,0.003147539992054108,0.7277109150548641,0.7620849405515207,18,SeattleKraken,False
131,Ryan Donato,CHI,88,53,75,141,0.026043208049718852,0.010328003802208854,0.0021245806531242093,0.7160390518672953,0.8680565855633927,23,Predators,False
132,Anton Frondell,CHI,160,110,92,270,0.04735128736312518,0.022365647317750387,0.004102955390237924,0.6791934783115812,0.8500118991341544,16,Flyers,False
133,Ryan Greene,CHI,76,44,49,120,0.022491861497484462,0.009445390143501646,0.0013372917052254035,0.7042516291107506,0.8356939691026609,18,Predators,False
134,Sam Lafferty,CHI,27,39,25,66,0.007990529742527374,0.00592454425273819,0.0007530211320059225,0.5742355193544825,0.7495201267534046,11,sabres,False
135,Nick Lardis,CHI,99,15,34,114,0.02929860905593371,0.003459548574070901,0.0008504570751496381,0.8943912349056484,0.9686906132490775,9,Predators,False
136,Andrew Mangiapane,CHI,96,73,91,169,0.012324606477850827,0.014354315612799847,0.0027053595743056656,0.4619604358816972,0.5688448929340131,22,CalgaryFlames,False
137,Ilya Mikheyev,CHI,79,51,50,130,0.02337969813554306,0.008976633366346937,0.0011566654499486888,0.722569495685177,0.7922190155536205,17,canucks,False
138,Oliver Moore,CHI,116,21,49,137,0.03432968333826576,0.004611696581027969,0.0010475913663750554,0.8815733651302101,0.962717281364595,14,Predators,False
139,Frank Nazar,CHI,213,51,175,264,0.0630364013021604,0.009736919276355114,0.010471466925538745,0.8662020751705304,0.9418816290922559,20,Predators,False
140,Landon Slaggert,CHI,38,14,23,52,0.011245930748742231,0.003256424910911191,0.0006948529267517718,0.775455451008501,0.8583982534544924,11,Predators,False
141,Teuvo Teravainen,CHI,62,38,78,100,0.01834862385321101,0.008225473506651699,0.002416780952972898,0.6904702577376952,0.8178182109921852,19,Predators,False
142,Dominic Toninato,CHI,27,7,10,34,0.009417596063380263,0.0010832412668658772,0.00024629434352588784,0.8968423914399895,0.920372134452335,6,DallasStars,False
143,Louis Crevier,CHI,79,28,60,107,0.02337969813554306,0.005596074932337405,0.0014029597934745767,0.8068705563358849,0.8925360332136315,16,Predators,False
144,Ethan Del Mastro,CHI,25,7,16,32,0.00739863865048831,0.0015499578635662294,0.00030620837479905077,0.8267931891742031,0.9074282701847075,6,goldenknights,False
145,Matt Grzelcyk,CHI,38,29,46,67,0.011020340023003533,0.006557861376370902,0.0014995340720565058,0.6269321742664594,0.6074992999727264,17,Predators,False
146,Wyatt Kaiser,CHI,84,33,52,117,0.024859425865640723,0.007623490191862945,0.0010500913273733961,0.7653077027208002,0.8374510441327913,17,Predators,False
147,Kevin Korchinski,CHI,56,15,9,71,0.016572950577093813,0.003112523277514541,0.00017224221082446606,0.8418873073362213,0.9439245303650791,9,NewYorkIslanders,False
148,Artyom Levshunov,CHI,116,37,89,153,0.03432968333826576,0.008013233603635131,0.004420415353025816,0.8107538596211933,0.885046191967039,17,Predators,False
149,Sam Rinzel,CHI,108,23,77,131,0.0319621189701095,0.004470047414870869,0.006253683394751177,0.8773049242354771,0.947198460786296,12,SanJoseSharks,False
150,Alex Vlasic,CHI,82,71,54,153,0.02426753477360166,0.012047696645490191,0.001432981822350107,0.6682467335412213,0.6724913620535802,15,SanJoseSharks,False
151,Zakhar Bardakov,COL,25,29,29,54,0.004092992796332679,0.006884165877982572,0.0005550026793232795,0.37286450144057864,0.7112661861643794,11,Predators,False
152,Ross Colton,COL,49,53,46,102,0.008022265880812049,0.012549618094153881,0.0011350274655254073,0.38996262523035813,0.6517905825887774,20,Predators,False
153,Jack Drury,COL,59,473,101,532,0.009659462999345121,0.08238355780382749,0.0027017378957897437,0.10494508888404683,0.1556938576500115,25,rangers,False
154,Nazem Kadri,COL,195,229,160,424,0.04110195029278193,0.04054071316236886,0.006288571792152877,0.5034371559345402,0.5336044131285833,29,CalgaryFlames,False
155,Parker Kelly,COL,62,295,173,357,0.010150622134905042,0.06722817489130674,0.003984977156300452,0.1311809245556836,0.2713866639276188,29,stlouisblues,False
156,Joel Kiviranta,COL,33,41,31,74,0.0054027504911591355,0.009489866858665678,0.0005932787261731608,0.36278045451981544,0.5791453196998092,13,DallasStars,False
157,Gabriel Landeskog,COL,113,90,224,203,0.018500327439423706,0.019120472514292306,0.009570724553578441,0.4917579493839638,0.8115957389891572,26,DallasStars,False
158,Artturi Lehkonen,COL,46,74,109,120,0.007531106745252128,0.015391290485165594,0.00447845353180207,0.3285479555017242,0.5661351630606262,23,DallasStars,False
159,Nathan MacKinnon,COL,226,448,773,674,0.03700065487884741,0.07620776729935977,0.02984997658312507,0.3268365918977546,0.4613555218946016,30,wildhockey,False
160,Martin Necas,COL,188,189,226,377,0.03077930582842174,0.03530732957047943,0.010673103529744694,0.46574175917168137,0.6488954524916883,28,canes,False
161,Brock Nelson,COL,177,202,165,379,0.028978388998035363,0.042798964437828005,0.005879667499257634,0.4037260725129549,0.6805449903218077,30,NewYorkIslanders,False
162,Valeri Nichushkin,COL,36,61,118,97,0.005893909626719057,0.014056396340666499,0.005160052518582808,0.29542953558478385,0.563978015623018,22,DallasStars,False
163,Logan O'Connor,COL,0,0,0,0,0.0,0.0,0.0,,,0,,True
164,Nicolas Roy,COL,67,73,30,140,0.012679779373914771,0.01578244121858407,0.0008487112491306258,0.4454950847108711,0.567533180919597,12,goldenknights,False
165,Jack Ahcan,COL,4,6,6,10,0.0006548788474132286,0.0013296357096005415,0.00011482814054964403,0.32999447905218093,0.6628524023644397,5,goldenknights,True
166,Nick Blankenburg,COL,165,40,48,205,0.055546491229252995,0.011598209817403957,0.0010634752938223264,0.8272654485520057,0.7773974899078222,14,Predators,False
167,Brent Burns,COL,144,171,155,315,0.021883958057545186,0.033129466366784315,0.005188455220924608,0.3977930529964806,0.5927318445248487,30,SanJoseSharks,False
168,Brett Kulak,COL,104,77,76,181,0.0127979482038448,0.013896649904964491,0.0022033951517619575,0.4794208982536224,0.4971799063165676,21,penguins,False
169,Cale Makar,COL,226,318,404,544,0.03700065487884741,0.05431070611080922,0.02020708280332735,0.40521414288238117,0.5683990312943823,30,DallasStars,False
170,Sam Malinski,COL,54,47,56,101,0.008840864440078585,0.011578553251983823,0.0011266434210731586,0.43296359246891125,0.725834349492422,18,Predators,False
171,Josh Manson,COL,80,73,95,153,0.01309757694826457,0.01617855074659184,0.0029466539958348716,0.44738078357834576,0.7250691720315179,25,DallasStars,False
172,Devon Toews,COL,68,41,63,109,0.011132940406024885,0.009285416519007293,0.0019148165304291903,0.5452417374669505,0.6794478069522318,19,goldenknights,False
173,Charlie Coyle,CBJ,181,92,115,273,0.05327439423706615,0.017850493493150096,0.004123709213203979,0.7490260573646346,0.7029073087845585,26,wildhockey,False
174,Adam Fantilli,CBJ,187,73,144,260,0.058074534161490686,0.014401486031903582,0.007650521548711492,0.8012930898595865,0.7895791996152535,24,goldenknights,False
175,Conor Garland,CBJ,298,113,135,411,0.040861513687600645,0.02088365185131253,0.004381511670681888,0.6617767290922365,0.7606036335739328,26,canucks,False
176,Danton Heinen,CBJ,77,33,33,110,0.01881669055582099,0.0060720990233318305,0.0007764049424482163,0.7560307622023571,0.6683875767924179,15,canucks,False
177,Boone Jenner,CBJ,149,56,109,205,0.04627329192546584,0.011734218652596629,0.004168861034547452,0.7977120801140822,0.7295338492251688,25,wildhockey,False
178,Kent Johnson,CBJ,96,39,41,135,0.02981366459627329,0.008022226371252378,0.0017986101463987865,0.7879731079112737,0.7068527644575048,18,canucks,False
179,Isac Lundeström,CBJ,104,33,29,137,0.031418123787327355,0.0071677452881393185,0.0005550026793232795,0.8142391124035443,0.8054171034593944,16,AnaheimDucks,False
180,Kirill Marchenko,CBJ,182,62,140,244,0.05652173913043478,0.013100628448934662,0.006375383782801797,0.8118330515836026,0.7717603247350101,26,goldenknights,False
181,Mason Marchment,CBJ,202,162,176,364,0.05449901553606462,0.030025532457770433,0.00620477634142127,0.6447714519578337,0.5479244058320186,29,SeattleKraken,False
182,Sean Monahan,CBJ,152,78,77,230,0.04720496894409938,0.015210830770733864,0.004355501399755972,0.7562983917496938,0.6787762245260799,22,CalgaryFlames,False
183,Mathieu Olivier,CBJ,174,96,117,270,0.05403726708074534,0.01762551114615032,0.00395185355482059,0.7540492905487814,0.7102458765125678,23,Predators,False
184,Cole Sillinger,CBJ,121,45,55,166,0.037577639751552795,0.009751950467827557,0.0011075053976482181,0.7939565835532131,0.7643964632588838,22,devils,False
185,Dmitri Voronkov,CBJ,129,41,80,170,0.04006211180124224,0.008356905601705423,0.0033790721256503056,0.8274044776217068,0.8447151173304159,19,devils,False
186,Miles Wood,CBJ,119,43,37,162,0.03519445020683595,0.008415015607014187,0.0010726134732539036,0.8070369482870019,0.6163710716687074,12,ColoradoAvalanche,False
187,Jake Christiansen,CBJ,71,10,11,81,0.022049689440993787,0.0015079925988627048,0.0002105182576743474,0.9359872250456823,0.904311214725665,7,devils,False
188,Dante Fabbro,CBJ,122,66,42,188,0.037888198757763975,0.014152897614076176,0.0012582396505272998,0.7280438230403151,0.6878795959112872,19,Predators,False
189,Erik Gudbranson,CBJ,97,27,28,124,0.03012422360248447,0.005433195886755457,0.0006807148253235129,0.8471993759727249,0.7334492086027213,13,Predators,False
190,Denton Mateychuk,CBJ,121,39,51,160,0.037577639751552795,0.008905657214628543,0.0011208893640971484,0.8084116705166632,0.7914510946383727,18,Predators,False
191,Ivan Provorov,CBJ,135,75,78,210,0.04192546583850932,0.015016610634666732,0.0020570367123781265,0.7362827005133775,0.6467830478227838,27,Flyers,False
192,Damon Severson,CBJ,123,48,53,171,0.038198757763975154,0.010210847332532734,0.001448865749797378,0.7890739386909539,0.8083599165547755,20,devils,False
193,Brendan Smith,CBJ,21,12,6,33,0.005365753785697884,0.003358444231157489,0.00016974224982612516,0.6150426406336847,0.6686995966781867,4,BlueJackets,False
194,Zach Werenski,CBJ,214,103,230,317,0.06645962732919254,0.0193551847964481,0.010405041175317629,0.7744540328526227,0.7349867292619594,27,DetroitRedWings,False
195,Egor Zamula,CBJ,83,24,23,107,0.018434246225375785,0.004597195281998201,0.00044017453877363545,0.8003948089603373,0.8094921568369753,13,Flyers,False
196,Nathan Bastian,DAL,62,22,24,84,0.011344291385362497,0.005327454236562241,0.0005142266714750572,0.6804501245774652,0.8198595612765139,11,Predators,False
197,Jamie Benn,DAL,265,127,152,392,0.04826079038426516,0.02497420966999877,0.004676598483969994,0.6589853259849257,0.6815884761155876,26,ColoradoAvalanche,False
198,Colin Blackwell,DAL,131,30,62,161,0.023857220906938627,0.007557076313165106,0.0014611279987287273,0.759438313701033,0.8656452918693592,15,Predators,False
199,Mavrik Bourque,DAL,121,105,109,226,0.022036059005645602,0.021897614156447316,0.0025253574275303824,0.5015756120446326,0.5427728911162599,25,BostonBruins,False
200,Michael Bunting,DAL,222,71,67,293,0.07199651716848197,0.016916532932537663,0.0013920757880239872,0.8097407195758358,0.7072765706939326,23,Predators,False
201,Oskar Bäck,DAL,76,21,39,97,0.01384083044982699,0.005859106967266146,0.0008912330829978603,0.7025824578415997,0.8820548687230992,14,Predators,False
202,Matt Duchene,DAL,168,101,114,269,0.03059551994172282,0.019987198232807694,0.0042541837251405396,0.604861127394461,0.7175664507795426,23,Predators,False
203,Adam Erne,DAL,49,22,30,71,0.008923693316335822,0.0057674855875738985,0.0006290548120247013,0.6074184634672841,0.6685621767020747,14,Predators,False
204,Radek Faksa,DAL,121,37,55,158,0.02310241188286187,0.008949799540025036,0.0012722477254776615,0.7207743508881754,0.8741434901940675,17,stlouisblues,False
205,Roope Hintz,DAL,198,63,173,261,0.036059005645601896,0.011487629569177628,0.006272320282167353,0.7583923758792761,0.8014417688757319,24,Predators,False
206,Justin Hryckowian,DAL,115,29,68,144,0.020943361864869788,0.007380525316704136,0.001356299702172447,0.7394239968055822,0.8755301547296663,13,Predators,False
207,Arttu Hyry,DAL,21,3,11,24,0.0038244399927153524,0.00048647552212528365,0.0002654323669508285,0.8871526197972203,0.9564621310829838,3,wildhockey,True
208,Wyatt Johnston,DAL,189,50,143,239,0.03441995993443817,0.011480032735399357,0.005278758863611553,0.749890314406449,0.8762744570961186,20,Predators,False
209,Mikko Rantanen,DAL,305,312,469,617,0.055545437989437264,0.05178926048465021,0.018164047111914355,0.5174974987501076,0.640480294561108,29,ColoradoAvalanche,False
210,Jason Robertson,DAL,266,161,171,427,0.04844290657439446,0.031355739163477996,0.0055949670824039675,0.607064269405307,0.7649898615685411,28,hawks,False
211,Tyler Seguin,DAL,171,53,87,224,0.031141868512110725,0.010137542802725616,0.003212970524242926,0.754416488030631,0.8207722415076689,18,BostonBruins,False
212,Sam Steel,DAL,149,89,89,238,0.02713531232926607,0.019464647957381134,0.00219751106830805,0.5823033359331307,0.6878152207592283,26,Predators,False
213,Lian Bichsel,DAL,127,25,62,152,0.023128756146421417,0.005708838391631818,0.0016410001190261133,0.802034861676878,0.9131291592013215,17,Predators,False
214,Kyle Capobianco,DAL,35,7,12,42,0.006374066654525588,0.0013501931399900813,0.00022965628109928806,0.8252009673536955,0.8353372857620474,7,hawks,False
215,Thomas Harley,DAL,196,57,179,253,0.03569477326534329,0.010898083865648021,0.009323936128029018,0.7660996870183532,0.8474326673232349,25,Predators,False
216,Miro Heiskanen,DAL,161,68,152,229,0.0293207066108177,0.014739181462528785,0.0061402299706896785,0.6654739240827741,0.7327834679261578,25,Predators,False
217,Esa Lindell,DAL,133,39,81,172,0.02422145328719723,0.008172600688459021,0.001949708454823505,0.7477129384731952,0.7888375531880465,20,Predators,False
218,Nils Lundkvist,DAL,71,26,32,97,0.012930249499180478,0.006448602651647902,0.0006673308588745826,0.6672350559539076,0.6433145398595489,15,winnipegjets,False
219,Ilya Lyubushkin,DAL,95,32,43,127,0.01730103806228374,0.006284065322117666,0.0012423557230800287,0.7335578640594899,0.8167325525581385,16,Predators,False
220,Tyler Myers,DAL,160,78,68,238,0.020008952440051814,0.014257430746832264,0.001885548636532989,0.5839236761850756,0.6614998651915391,21,canucks,False
221,Alexander Petrovic,DAL,109,24,43,133,0.019850664724093973,0.00526404052774164,0.0009327632258254112,0.7904000674124219,0.8709328442124086,14,Predators,False
222,Mason Appleton,DET,67,48,60,115,0.01700494073154737,0.010474087997811994,0.0014578739027510579,0.6188333983354665,0.759300626032314,19,winnipegjets,False
223,J.T. Compher,DET,72,49,82,121,0.01406799531066823,0.010267785886730055,0.0019139323689719647,0.5780786405234538,0.6741423417018617,20,BostonBruins,False
224,Andrew Copp,DET,99,49,64,148,0.019343493552168817,0.010693225519961026,0.0016243620565995136,0.6439948885801264,0.7449121751275508,22,BostonBruins,False
225,Alex DeBrincat,DET,126,88,151,214,0.0246189917936694,0.018318237246964925,0.0049575282259270185,0.5733716950008775,0.8141650451411097,25,Predators,False
226,Emmitt Finnie,DET,119,46,81,165,0.023251270027354436,0.009869200950064423,0.0038327606573507686,0.7020211168858943,0.9133640692966055,20,goldenknights,False
227,Patrick Kane,DET,186,123,206,309,0.03634232121922626,0.021433067115784417,0.008377031273782733,0.6290277273169547,0.8127345891338535,23,hawks,False
228,Marco Kasper,DET,140,69,106,209,0.027354435326299335,0.011616990867220227,0.004475953570803729,0.7019100402039692,0.8823705071817869,21,SanJoseSharks,False
229,Dylan Larkin,DET,358,121,239,479,0.06994919890582259,0.02175713671927267,0.008139485030254731,0.762752087181653,0.9077670201000203,26,wildhockey,False
230,David Perron,DET,29,181,95,210,0.005666275889019148,0.029856171665464684,0.0022924470504534244,0.15951254148037783,0.2601201600090864,19,OttawaSenators,False
231,Michael Rasmussen,DET,49,29,37,78,0.009574052364204768,0.0061977048709246745,0.000852957036147979,0.607037771471645,0.7502987351750222,16,BostonBruins,False
232,Lucas Raymond,DET,197,111,176,308,0.038491598280578354,0.021037919280275475,0.005346042751401842,0.6465968456947507,0.8813368656707975,25,TampaBayLightning,False
233,James van Riemsdyk,DET,24,36,43,60,0.005034842317578441,0.008204535494825577,0.0012224635646757595,0.38029297063048384,0.5190446705775192,18,BlueJackets,False
234,Jacob Bernard-Docker,DET,0,0,0,0,0.0,0.0,0.0,,,0,,True
235,Ben Chiarot,DET,60,48,68,108,0.011723329425556858,0.0091607645673854,0.0024251649974251464,0.5613520715583227,0.6848417197816732,17,BostonBruins,False
236,Simon Edvinsson,DET,108,49,99,157,0.021101992966002344,0.009762743995232501,0.0029483998218538835,0.6836926228305718,0.8775735885728375,20,goldenknights,False
237,Justin Faulk,DET,120,87,99,207,0.03643843367769295,0.01982846013960231,0.002968291980258153,0.6475998798869637,0.6704657790162293,22,stlouisblues,False
238,Travis Hamonic,DET,49,37,25,86,0.008674790284388766,0.007883192170769559,0.0005333646948999979,0.5239038214880037,0.653399386266251,16,NewYorkIslanders,False
239,Albert Johansson,DET,61,25,36,86,0.011918718249316139,0.005544579376778107,0.0006889688432978642,0.6825010089449997,0.8950596572063516,14,Predators,False
240,Moritz Seider,DET,199,89,152,288,0.038882375928096916,0.01718543410164071,0.007678667725090113,0.6934884010535496,0.855871994960257,26,BostonBruins,False
241,Colton Dach,EDM,88,20,51,108,0.021877299145280523,0.005238471054029971,0.0016103539816491519,0.8068109068809273,0.893961824931171,13,Predators,False
242,Jason Dickinson,EDM,62,22,20,84,0.01230805594177543,0.004759975393573756,0.0004925886870517757,0.7211174915225586,0.7736587223325802,10,hawks,False
243,Leon Draisaitl,EDM,415,253,551,668,0.036374791831010604,0.047343009012563574,0.02012728852956751,0.4344929210333238,0.5824498396026613,30,goldenknights,False
244,Trent Frederic,EDM,151,78,103,229,0.013235165220440003,0.018835444213355756,0.0026102935656823934,0.41268829791843264,0.5567250408951647,22,BostonBruins,False
245,Adam Henrique,EDM,103,56,64,159,0.00902796038215444,0.013217968832082946,0.0016442542150037825,0.4058252768500472,0.503783754993126,17,goldenknights,False
246,Zach Hyman,EDM,277,91,183,368,0.02427907792093961,0.017840477423489192,0.008641215423730697,0.5764324367244543,0.7459949933935259,23,goldenknights,False
247,Mattias Janmark,EDM,66,33,51,99,0.00578490665264265,0.008397224071003049,0.00125060974105438,0.40790109507293876,0.48315475099788835,12,goldenknights,False
248,Max Jones,EDM,29,10,11,39,0.0025418529231308615,0.002526937337334509,0.0002105182576743474,0.5014713161355964,0.5633802862767006,6,BostonBruins,False
249,Kasperi Kapanen,EDM,96,39,50,135,0.008414409676571128,0.009976977554612687,0.0011566654499486888,0.4575190316423733,0.6092781249895918,16,goldenknights,False
250,Curtis Lazar,EDM,48,27,16,75,0.004895011262280241,0.005685985526905725,0.0003611224840755319,0.4626228851409407,0.5731573023298412,15,Predators,False
251,Connor McDavid,EDM,986,1003,1505,1989,0.08642299938644929,0.1787119162271366,0.061333749295952186,0.325958575416013,0.4942089355189783,30,wildhockey,False
252,Ryan Nugent-Hopkins,EDM,0,0,0,0,0.0,0.0,0.0,,,0,,True
253,Vasily Podkolzin,EDM,114,86,104,200,0.009992111490928214,0.017644612150999273,0.0028291958678089892,0.36155195602742324,0.5166359430292625,21,goldenknights,False
254,Jack Roslovic,EDM,111,94,101,205,0.010771540373268135,0.019253877579633837,0.0038406470927868676,0.3587473916321308,0.5715694840648711,28,Predators,False
255,Josh Samanski,EDM,27,3,17,30,0.00236655272153563,0.000629183193133162,0.00032534639822399145,0.7899737456655206,0.8988864664040989,3,Predators,False
256,Matt Savoie,EDM,119,56,57,175,0.010430361994916294,0.012602925143596478,0.0012006955537745805,0.4528386214348114,0.6909158033296355,21,goldenknights,False
257,Evan Bouchard,EDM,329,147,314,476,0.028836883162415637,0.029415880928048418,0.013265292229840096,0.49503029792085385,0.6129835388073787,29,goldenknights,False
258,Mattias Ekholm,EDM,167,76,103,243,0.014637566833201858,0.019091552924319792,0.0030098221230857036,0.43397417241929814,0.7222438610221759,20,Predators,False
259,Ty Emberson,EDM,39,28,29,67,0.0034183539311070208,0.007073285395748212,0.0006099167885997606,0.3258169504890557,0.49691473408289344,15,goldenknights,False
260,Connor Murphy,EDM,103,116,139,219,0.020484209869359848,0.022237201903519414,0.0032992624089802575,0.479483449148649,0.42843085483952276,28,DetroitRedWings,False
261,Darnell Nurse,EDM,266,137,196,403,0.023314926812165834,0.02867505140664435,0.0056332620991566724,0.4484504054616126,0.4212045682716226,28,DallasStars,False
262,Spencer Stastney,EDM,108,55,37,163,0.032207561935744956,0.01701736216265226,0.0007081068667228049,0.654293785631122,0.5608163498578655,10,Predators,False
263,Jake Walman,EDM,153,100,104,253,0.013410465422035235,0.0199821077865015,0.004207653660316307,0.40160024021769253,0.5413913351973778,23,DetroitRedWings,False
264,Aleksander Barkov,FLA,308,136,317,444,0.03787506148548942,0.0229326842469398,0.014531659398856464,0.6228657390482799,0.6286320406354134,23,leafs,False
265,Sam Bennett,FLA,223,455,482,678,0.027422528283325136,0.07253211605588335,0.016883928393910803,0.2743497159598046,0.2884175406027661,29,leafs,False
266,Jesper Boqvist,FLA,31,28,38,59,0.0038121003443187407,0.007183618339939635,0.0007821589994242267,0.34668951196216,0.37964834285341487,12,goldenknights,False
267,Jonah Gadjovich,FLA,54,35,36,89,0.006640432857845549,0.006662942010871617,0.0009436472312760006,0.49915400591022213,0.542468835651916,13,BostonBruins,False
268,A.J. Greer,FLA,81,95,146,176,0.009960649286768323,0.021001660574402115,0.003962477507315385,0.3217023966051023,0.25903480270236573,24,BostonBruins,False
269,Vinnie Hinostroza,FLA,82,33,46,115,0.015007629515740768,0.008594482740893089,0.0008803490775472709,0.6358595939447144,0.6081664913913863,19,Predators,False
270,Luke Kunin,FLA,18,44,31,62,0.0022134776192818495,0.01016308881654624,0.0007031069447261231,0.17884424010153593,0.2047424296898178,19,Predators,False
271,Anton Lundell,FLA,86,76,175,162,0.01057550418101328,0.01548442911136565,0.007684291755588225,0.40581470652137175,0.5000011183825444,20,Predators,False
272,Eetu Luostarinen,FLA,68,64,142,132,0.008362026561731432,0.01306818377113803,0.0032118263098299057,0.3901980630076146,0.3823548536115685,20,BlueJackets,False
273,Brad Marchand,FLA,395,538,751,933,0.048573536645351696,0.11858260456941651,0.024103663055258184,0.2905878078565039,0.34113798739633916,31,BostonBruins,False
274,Tomas Nosek,FLA,74,25,38,99,0.00909985243482538,0.005501146779352565,0.0009469013272536701,0.6232349102511553,0.5031564655165248,10,goldenknights,False
275,Cole Reinhardt,FLA,47,28,44,75,0.018605378596846144,0.005743270470818242,0.0011317733695477379,0.7641236499463352,0.7030451044975979,19,Predators,False
276,Sam Reinhart,FLA,180,153,282,333,0.022134776192818496,0.027641931869104443,0.013567365874196866,0.44468139928583694,0.6043893166095289,27,Predators,False
277,Evan Rodrigues,FLA,86,86,130,172,0.01057550418101328,0.017266221671983814,0.0037263130342607576,0.37984370066896744,0.4199762285824425,24,Predators,False
278,Mackie Samoskevich,FLA,72,55,96,127,0.008853910477127398,0.013758385926478935,0.00285596380070685,0.39155291081870514,0.49640909607575384,20,Predators,False
279,Cole Schwindt,FLA,21,17,20,38,0.003932127266583871,0.004448581762601299,0.0005276106379239875,0.4691878996025924,0.6321644842024642,9,goldenknights,False
280,Matthew Tkachuk,FLA,292,137,285,429,0.03590752582390556,0.022765399883644465,0.011072391004095034,0.6119948066486991,0.5398702998777093,28,leafs,False
281,Carter Verhaeghe,FLA,100,84,175,184,0.012297097884899164,0.01654960793649412,0.007069869127015317,0.4262912361999891,0.5541922841571442,20,Predators,False
282,Uvis Balinskis,FLA,37,32,57,69,0.00454992621741269,0.007540203585141925,0.0013455457231997547,0.3763339427878849,0.3821738595326583,14,Predators,False
283,Aaron Ekblad,FLA,186,202,244,388,0.022872602065912444,0.036488142494867135,0.008404679841145204,0.3853152826021773,0.4593500330085277,27,TampaBayLightning,False
284,Gustav Forsling,FLA,91,75,104,166,0.01119035907525824,0.01624565562453817,0.0031539181575315493,0.407871157589855,0.518222446501346,22,Predators,False
285,Seth Jones,FLA,69,60,72,129,0.008484997540580424,0.014762672967280253,0.0037400870801433794,0.36498269956602375,0.3287033610337172,19,hawks,False
286,Dmitry Kulikov,FLA,50,34,53,84,0.006148548942449582,0.006644100841448309,0.0012888857879042612,0.48063138179462717,0.3972831045909583,18,Predators,False
287,Niko Mikkola,FLA,88,72,143,160,0.010821446138711265,0.01677003210566513,0.0037602132676153883,0.3922024779849139,0.4870643384428006,19,Predators,False
288,Donovan Sebrango,FLA,32,27,43,59,0.003973997388414896,0.005499117319375839,0.0009876773351018922,0.4195027201715041,0.5423766092679401,9,Predators,False
289,Joel Armia,LA,72,74,67,146,0.013105268129477331,0.012715806702550741,0.0014469898973004684,0.5075415417340318,0.37389533558358357,22,Habs,False
290,Quinton Byfield,LA,120,80,125,200,0.02952029520295203,0.015723169428277835,0.005134038720664277,0.6524764503241708,0.7350360057650991,26,goldenknights,False
291,Kevin Fiala,LA,82,70,145,152,0.02017220172201722,0.015089894404273904,0.0053170349104614345,0.5720647363041188,0.6582377971345605,24,wildhockey,False
292,Samuel Helenius,LA,43,20,37,63,0.010578105781057811,0.004300954174614715,0.0008728491945522483,0.7109391193107593,0.7216306534951744,12,AnaheimDucks,False
293,Mathieu Joseph,LA,13,31,36,44,0.004222584867086526,0.007395870162181984,0.0007438829525743453,0.36343772527838214,0.4087750702148135,13,Predators,False
294,Adrian Kempe,LA,154,102,153,256,0.03788437884378844,0.020409080303023106,0.0044211659610125294,0.64989073213818,0.7285401165221541,28,goldenknights,False
295,Anze Kopitar,LA,199,111,183,310,0.04895448954489545,0.020983434348200665,0.006413548773076605,0.6999705856256905,0.862104901993517,30,goldenknights,False
296,Andrei Kuzmenko,LA,57,98,74,155,0.014022140221402213,0.017711484056087003,0.0027246276242085038,0.4418701153952042,0.4598643307242187,20,canucks,False
297,Alex Laferriere,LA,38,43,83,81,0.00934809348093481,0.009530216113240947,0.0034213564034571847,0.49517640519142864,0.3270585039583146,21,goldenknights,False
298,Scott Laughton,LA,182,101,97,283,0.021751218031660836,0.016986590957163993,0.002660207752962193,0.5614984068390568,0.6563891354312529,21,Flyers,False
299,Jeff Malott,LA,26,24,38,50,0.0063960639606396065,0.005266039388884872,0.0007272448901477455,0.5484485747504891,0.4087549782388606,15,goldenknights,False
300,Trevor Moore,LA,54,30,49,84,0.013284132841328414,0.007542165913213881,0.0011924415358002293,0.637853753943249,0.6626629499899889,17,goldenknights,False
301,Artemi Panarin,LA,278,379,306,657,0.053247344028697255,0.07277710656450206,0.014980953147158853,0.4225159782729546,0.4542320642792616,30,rangers,False
302,Alex Turcotte,LA,40,41,42,81,0.00984009840098401,0.009119718406470993,0.0009486471532726824,0.5189975462798185,0.451909815740485,19,goldenknights,False
303,Taylor Ward,LA,17,62,48,79,0.004182041820418204,0.009179437239229756,0.001427981900353425,0.312992431582525,0.20634240666062992,17,canes,False
304,Jared Wright,LA,14,9,10,23,0.0034440344403444036,0.0019113442737305245,0.0001913802342494067,0.6430982054159573,0.7216595980858141,8,Predators,True
305,Mikey Anderson,LA,39,26,40,65,0.00959409594095941,0.006530007003669133,0.0010201993249757632,0.5950157955395287,0.5484992501397401,15,Predators,False
306,Cody Ceci,LA,99,79,46,178,0.022054337826204706,0.01353032191610386,0.0012997697933548507,0.6197709346081813,0.5944146445196672,22,SanJoseSharks,False
307,Brandt Clarke,LA,106,51,87,157,0.026076260762607627,0.011224316531153114,0.004057417016453375,0.6990846430403478,0.7125314518238078,22,goldenknights,False
308,Drew Doughty,LA,126,72,119,198,0.03099630996309963,0.013748800166523542,0.005183952907944076,0.6927306665087132,0.648200818096693,23,goldenknights,False
309,Brian Dumoulin,LA,45,50,39,95,0.010348979117231216,0.01113966517761718,0.0009660393506786107,0.4816022348935358,0.39286954082417885,22,Predators,False
310,Joel Edmundson,LA,27,37,35,64,0.006642066420664207,0.008112886274606873,0.0006698308198729235,0.4501584354650605,0.45453836254603386,18,Predators,False
311,Jacob Moverare,LA,15,3,6,18,0.0036900369003690036,0.0006396519913916179,0.00011482814054964403,0.8522637521118728,0.6522493547889431,3,BostonBruins,True
312,Nicolas Aube-Kubel,MIN,0,0,0,0,0.0,0.0,0.0,,,0,,True
313,Matt Boldy,MIN,423,90,198,513,0.0831041257367387,0.02223159019205333,0.00883358734901979,0.7889453734089386,0.8866370510072942,23,goldenknights,False
314,Bobby Brink,MIN,192,86,79,278,0.03608605495643831,0.016714046837194463,0.0017315602876762377,0.6834466929150878,0.705556686045002,23,Flyers,False
315,Joel Eriksson Ek,MIN,260,122,97,382,0.05108055009823183,0.02494816580867264,0.003614482463725604,0.6718586456304072,0.6840945269111135,26,penguins,False
316,Robby Fabbri,MIN,31,45,25,76,0.008331182414422385,0.010596171718905865,0.0006431929134529602,0.44016624593885595,0.49839273388026395,15,stlouisblues,False
317,Marcus Foligno,MIN,63,27,43,90,0.01237721021611002,0.007964827773374018,0.0009327632258254112,0.6084547783515353,0.796004884991477,13,goldenknights,False
318,Nick Foligno,MIN,69,26,53,95,0.01853008673123202,0.006403436173951933,0.0013437998971807424,0.7431796462015166,0.7556917659299599,14,hawks,False
319,Hunter Haight,MIN,52,7,9,59,0.010216110019646365,0.0018398909919683537,0.00017224221082446606,0.8473879530869476,0.9346903915166409,6,hawks,False
320,Ryan Hartman,MIN,180,66,107,246,0.03536345776031434,0.016938360469301444,0.002741759768658637,0.6761420340123063,0.6960953565694541,24,goldenknights,False
321,Marcus Johansson,MIN,193,61,71,254,0.03791748526522593,0.016372000068658004,0.001613478051148924,0.6984314740143673,0.6519354948969797,21,goldenknights,False
322,Ben Jones,MIN,46,43,19,89,0.009037328094302554,0.007823586261231624,0.0007082368932007022,0.5359927643150786,0.7259309392316808,13,FloridaPanthers,False
323,Kirill Kaprizov,MIN,419,218,302,637,0.08231827111984283,0.04457310021095211,0.01364053384544106,0.6487302505798141,0.7147078432747954,30,goldenknights,False
324,Michael McCarron,MIN,216,60,82,276,0.07016381859541297,0.016142618404976057,0.001953716685780503,0.8129615939897589,0.7543991604564305,19,Predators,False
325,Nico Sturm,MIN,127,119,59,246,0.024362942683444192,0.029275875065988347,0.0014936499886025983,0.4542035731893426,0.40255259704283863,19,BostonBruins,False
326,Vladimir Tarasenko,MIN,158,102,91,260,0.03102406007995203,0.02258277933088569,0.0027754034760500896,0.5787332441330216,0.556970781279638,24,stlouisblues,False
327,Yakov Trenin,MIN,147,50,63,197,0.02888015717092338,0.015344715154748582,0.0025292391590020988,0.653029746660429,0.7531614084666761,17,goldenknights,False
328,Danila Yurov,MIN,207,43,60,250,0.04066797642436149,0.01068855132192512,0.001692660132324925,0.7918755065621046,0.9178832406421779,18,goldenknights,False
329,Mats Zuccarello,MIN,134,54,115,188,0.026326129666011788,0.01367277218517803,0.005282510568605373,0.6581713109013437,0.7681929207419175,18,goldenknights,False
330,Zach Bogosian,MIN,81,34,25,115,0.015913555992141455,0.009742634552532365,0.0005333646948999979,0.6202618414620825,0.6670371730849511,12,goldenknights,False
331,Jonas Brodin,MIN,173,41,55,214,0.03398821218074656,0.011250199368643679,0.0013621837856263544,0.7513131212319208,0.753467242510035,15,goldenknights,False
332,Brock Faber,MIN,307,72,107,379,0.06031434184675835,0.01832527041830457,0.005114276588737904,0.7669715059563449,0.8583362620855379,22,goldenknights,False
333,Viking Gustafsson Nyberg,MIN,6,0,3,6,0.0011787819253438114,0.0,5.7414070274822016e-05,1.0,1.0,0,,True
334,Quinn Hughes,MIN,876,612,379,1488,0.13864322269692275,0.08853249556796765,0.015802547850756188,0.6102906761155812,0.7040840111680946,31,canucks,False
335,Daemon Hunt,MIN,66,173,47,239,0.012966601178781925,0.032844187486590966,0.0013387999751840606,0.28304688822314517,0.2745297041127301,29,CalgaryFlames,False
336,Matt Kiersted,MIN,12,4,8,16,0.002357563850687623,0.0009722807785547845,0.00020801829667600651,0.7080101665956726,0.8286711119739348,4,Predators,True
337,Carson Lambos,MIN,30,4,3,34,0.005893909626719057,0.0009707369324893176,0.00011232817955130316,0.8585889420356025,0.8907551214817748,3,DallasStars,False
338,Jake Middleton,MIN,117,68,74,185,0.022986247544204322,0.017836011162202473,0.0019255705094018826,0.5630812275607077,0.6337828626547858,21,goldenknights,False
339,Jeff Petry,MIN,57,58,45,115,0.008473825149568624,0.012226088906095483,0.0010808674912282548,0.409365233439215,0.4149383750889345,17,Predators,False
340,David Spacek,MIN,52,3,13,55,0.010216110019646365,0.00033327731410177333,0.00024879430452422874,0.9684078986240652,0.9871313196075056,3,SanJoseSharks,False
341,Jared Spurgeon,MIN,138,50,56,188,0.02711198428290766,0.014259450937346187,0.001616108038625162,0.6553310064920032,0.7713695126016121,18,goldenknights,False
342,Josh Anderson,MON,310,56,90,366,0.021332232314891276,0.014512023488484908,0.00256126353985982,0.5951367056386755,0.6403377317412776,21,winnipegjets,False
343,Owen Beck,MON,150,5,16,155,0.01032204789430223,0.0008941701447059071,0.0003611224840755319,0.9202788193314242,0.9710585154407654,3,Flyers,False
344,Zachary Bolduc,MON,410,77,113,487,0.03228798981627275,0.02124767331584401,0.004195261384907061,0.6031117936578384,0.7556996941208247,23,stlouisblues,False
345,Cole Caufield,MON,839,93,379,932,0.0577346545554638,0.019417167607656344,0.014468636740993735,0.7483252233939061,0.9090035477803984,26,BostonBruins,False
346,Kirby Dach,MON,425,32,41,457,0.02924580236718965,0.007624754097072729,0.0013290376872510522,0.7932020878376709,0.8563229828887705,17,BostonBruins,False
347,Phillip Danault,MON,179,64,76,243,0.01834206327199523,0.012521353714002812,0.0019487167637838214,0.5942978796001934,0.7093777623887338,16,losangeleskings,False
348,Ivan Demidov,MON,1151,102,277,1253,0.07920451417561244,0.023094936391772874,0.013061779773137237,0.7742418335222623,0.9062034078031422,23,hawks,False
349,Jake Evans,MON,297,34,63,331,0.020437654830718414,0.0080088791114368,0.0015351801314301492,0.71845852546667,0.8593887698518037,20,goldenknights,False
350,Brendan Gallagher,MON,291,43,83,334,0.020024772914946327,0.00893760738616673,0.00264695381299116,0.6914063245753579,0.815537490737909,20,BostonBruins,False
351,Oliver Kapanen,MON,365,24,69,389,0.025116983209468757,0.00575435772540617,0.0017948584414049674,0.8136019508337731,0.9391761820676563,14,Predators,False
352,Patrik Laine,MON,500,81,81,581,0.03440682631434076,0.01930360751636034,0.003912329290967846,0.6405985552601081,0.8268386590999731,22,BlueJackets,False
353,Alex Newhook,MON,299,34,81,333,0.020575282135975776,0.0073576400525584874,0.002044406880908525,0.7365961211326967,0.8249050150590663,18,BostonBruins,False
354,Juraj Slafkovský,MON,502,54,239,556,0.034544453619598126,0.01190430131383503,0.008324119516488442,0.743711078350854,0.9225188734458372,21,BostonBruins,False
355,Nick Suzuki,MON,970,118,289,1088,0.06674924304982108,0.02346198742010756,0.01054965026168983,0.7399216561187637,0.8970630097332509,27,BostonBruins,False
356,Alexandre Texier,MON,224,27,76,251,0.021234818529557976,0.006595107220066461,0.0021134590916132645,0.7630210270986634,0.9001085272778646,15,stlouisblues,False
357,Joe Veleno,MON,174,53,40,227,0.01310923502434484,0.011037149219322036,0.001149919701932995,0.5429067512575153,0.6090608759829715,20,DetroitRedWings,False
358,Florian Xhekaj,MON,99,3,17,102,0.006812551610239472,0.0005354244846341077,0.0004900887260534348,0.9271330666130427,0.9869195375207156,3,NewYorkIslanders,False
359,Alexandre Carrier,MON,259,44,52,303,0.017822736030828516,0.011899369333789269,0.0010500913273733961,0.5996458128449175,0.7446613080308055,17,Predators,False
360,Noah Dobson,MON,494,210,169,704,0.039641996337386985,0.04727481174813742,0.006720254756891806,0.4560912579576099,0.6479558653108383,27,NewYorkIslanders,False
361,Adam Engstrom,MON,123,6,14,129,0.008464079273327828,0.001257929937730876,0.0002679323279491694,0.8706100857937892,0.9631104865546957,4,Flyers,False
362,Kaiden Guhle,MON,265,29,53,294,0.018235617946600606,0.006984694006228403,0.0017234362961797835,0.723052830619531,0.8307067823289429,13,BostonBruins,False
363,Lane Hutson,MON,874,40,161,914,0.06014313239746766,0.007626316833764963,0.007031117968044725,0.887466743196575,0.9710312804164469,19,Flyers,False
364,Mike Matheson,MON,395,54,103,449,0.027181392788329206,0.010960233107324677,0.003134780134106609,0.7126437887753085,0.7641676092240842,21,BostonBruins,False
365,David Reinbacher,MON,272,17,15,289,0.018717313515001378,0.0028267502526697764,0.00039689856992707235,0.8687921516036554,0.9731312005247503,7,NewYorkIslanders,False
366,Jayden Struble,MON,236,25,54,261,0.016240022020368842,0.0053342238191424396,0.0015276802484351266,0.7527503923509905,0.8871124788544329,17,Flyers,False
367,Arber Xhekaj,MON,125,32,58,157,0.00860170657858519,0.0070094342174474265,0.0014394900143054458,0.5509979501799901,0.7635552271305887,16,BostonBruins,False
369,Luke Evangelista,NAS,259,40,96,299,0.08888126286890871,0.008828964604718506,0.0031257719811529287,0.9096413463257824,0.7669995892002898,20,goldenknights,False
370,Filip Forsberg,NAS,269,217,271,486,0.09231297185998627,0.0426168263567829,0.012263327796929221,0.6841555614845168,0.4144931168467064,28,losangeleskings,False
371,Erik Haula,NAS,278,96,97,374,0.09241351793490611,0.020319034353658446,0.0021659807694738627,0.8197589432584896,0.6008659834230768,25,devils,False
372,Tyson Jost,NAS,148,28,48,176,0.048112805042369644,0.006124852390476646,0.0010833674522265956,0.8870738029558143,0.7211440139816958,17,goldenknights,False
373,Jonathan Marchessault,NAS,169,70,85,239,0.05799588194921071,0.014865052679352495,0.0032200838547968725,0.7959804831610677,0.555283248638369,26,goldenknights,False
374,Ryan O'Reilly,NAS,0,0,0,0,0.0,0.0,0.0,,,0,,True
375,Steven Stamkos,NAS,302,208,236,510,0.10363761153054221,0.03995971961358523,0.009056237829147587,0.7217238001904229,0.5556632047757483,29,TampaBayLightning,False
376,Fedor Svechkov,NAS,200,20,60,220,0.06863417982155114,0.004868431802604256,0.0011482814054964404,0.9337651860930024,0.8933558692663324,15,goldenknights,False
377,Ozzy Wiesblatt,NAS,153,24,72,177,0.052505147563486614,0.004396205862326522,0.0014877659051486906,0.9227398717667021,0.7973460331422628,12,SanJoseSharks,False
378,Matthew Wood,NAS,238,21,58,259,0.08167467398764584,0.0047568659515060795,0.0013646837466246952,0.9449637718493165,0.8942223534249313,14,goldenknights,False
379,Justin Barron,NAS,113,25,25,138,0.03877831159917639,0.003690964520428035,0.0005333646948999979,0.9130909481472365,0.742619907526137,9,Habs,False
380,Nicolas Hague,NAS,199,73,70,272,0.07004952278389334,0.01669392462668783,0.0015044039675752904,0.8075482918303813,0.5520738616910427,19,goldenknights,False
381,Roman Josi,NAS,301,45,146,346,0.10329444063143445,0.00998560914585458,0.006799804420606059,0.9118502404837701,0.8069142584033964,20,goldenknights,False
382,Nick Perbix,NAS,178,56,39,234,0.05812798295105304,0.011070262116719598,0.0010010613015508226,0.8400210568074753,0.6572422463286558,22,TampaBayLightning,False
383,Brady Skjei,NAS,244,38,71,282,0.08373369938229239,0.008008490099029604,0.0017034141112976173,0.9127065732319364,0.7983025873374687,18,goldenknights,False
384,Adam Wilsby,NAS,153,14,34,167,0.052505147563486614,0.003205131344941441,0.0006506927964479829,0.9424678639608003,0.8735090911001868,12,goldenknights,False
385,Nick Bjugstad,NJ,53,43,37,96,0.015245071309728013,0.009397273677077773,0.0008728491945522483,0.6186534324509562,0.4687448019367654,21,BostonBruins,False
386,Jesper Bratt,NJ,246,55,131,301,0.04573340769659788,0.010921122099680344,0.006347991741402504,0.8072330290454942,0.7904434748468603,21,BlueJackets,False
387,Connor Brown,NJ,256,281,159,537,0.03806145743492591,0.05292446669664275,0.0048806085496890025,0.41832248007821277,0.39797754623030607,31,losangeleskings,False
388,Paul Cotter,NJ,134,37,53,171,0.024911693623350065,0.007879560436742863,0.0011241434600748178,0.759705425650911,0.6792916175960698,19,BlueJackets,False
389,Evgenii Dadonov,NJ,99,36,35,135,0.01829873278076864,0.006999875837448454,0.0009245092078510599,0.7233098490480633,0.7316269392772609,18,OttawaSenators,False
390,Cody Glass,NJ,194,677,455,871,0.03606618330544711,0.135608197949729,0.011373937488554984,0.2100848306063703,0.17002158981010057,30,BlueJackets,False
391,Arseny Gritsyuk,NJ,219,35,76,254,0.04071388733965421,0.006981237766433347,0.002033890457996188,0.8536278550291023,0.9074956012470995,19,BlueJackets,False
392,Nico Hischier,NJ,270,92,154,362,0.0501952035694367,0.01775276777662751,0.006213527968411771,0.7387299808229548,0.758991115806428,25,BlueJackets,False
393,Jack Hughes,NJ,259,116,343,375,0.048150213794385575,0.021560934732979906,0.015523474991393253,0.6907103786345444,0.7194061230129115,27,wildhockey,False
394,Zack MacEwen,NJ,27,15,23,42,0.004661360294451497,0.0033772023063065263,0.0009145093638576963,0.5798748515078975,0.5366560564033777,8,winnipegjets,False
395,Timo Meier,NJ,204,72,123,276,0.03792526491912995,0.013871842539001136,0.005255742635707512,0.7321888572597591,0.7006234437417757,20,BlueJackets,False
396,Dawson Mercer,NJ,188,63,97,251,0.0349507343372374,0.012358762576083877,0.0051728123765303075,0.7387678292430979,0.7085148273591614,24,BlueJackets,False
397,Stefan Noesen,NJ,96,36,36,132,0.01784718349135527,0.006675572024210121,0.001577962018253178,0.7277805090063016,0.6664789270953001,17,canes,False
398,Maxim Tsyplakov,NJ,53,31,30,84,0.012260775543776473,0.007132131086827267,0.0007739049814498754,0.632229906394118,0.5593793827549324,15,NewYorkIslanders,False
399,Dennis Cholowski,NJ,49,8,11,57,0.00910949990704592,0.0015626745530566888,0.0002105182576743474,0.8535748680928456,0.8194684608393651,5,DetroitRedWings,False
400,Brenden Dillon,NJ,148,66,100,214,0.02751440788250604,0.013508894764654052,0.0030972582222360562,0.6707019207877153,0.6919175954937309,23,BlueJackets,False
401,Dougie Hamilton,NJ,194,199,164,393,0.03606618330544711,0.03584994106669882,0.007383837437765185,0.501503433622405,0.4047236843689987,29,sabres,False
402,Luke Hughes,NJ,106,50,99,156,0.01970626510503811,0.009456883126655616,0.004781300281040993,0.6757248891126875,0.7502680507144326,18,Predators,False
403,Johnathan Kovacevic,NJ,87,23,35,110,0.016174010039040714,0.005181222277443189,0.0007796590384258858,0.7573792595342617,0.7720931731853155,13,winnipegjets,False
404,Simon Nemec,NJ,251,102,127,353,0.0466629485034393,0.018472017289585165,0.003743705231666686,0.7164039765019206,0.8073589132890473,26,SanJoseSharks,False
405,Brett Pesce,NJ,117,38,33,155,0.021751254880089235,0.007236810562801661,0.0007962971008524856,0.7503520689554523,0.7114026607601472,13,canes,False
406,Jonas Siegenthaler,NJ,125,34,55,159,0.023238520171035507,0.007566453147363077,0.0011624195069246993,0.7543755980842244,0.7469094230577997,16,BlueJackets,False
407,Mathew Barzal,NYI,179,109,164,288,0.047179757511860834,0.0221087648751067,0.005351172699876421,0.6809173566780358,0.6898140581253668,27,BlueJackets,False
408,Casey Cizikas,NYI,48,42,47,90,0.012651555086979441,0.009292065244469197,0.001244101549099041,0.5765482129148847,0.5189736471463592,18,goldenknights,False
409,Anthony Duclair,NYI,70,51,53,121,0.01845018450184502,0.010820113519467213,0.001268993629499992,0.6303381157380464,0.5858573150323798,19,goldenknights,False
410,Marc Gatcomb,NYI,50,20,29,70,0.013178703215603585,0.004779684859359366,0.0008096810673014159,0.7338466660032222,0.8216077843623433,11,Predators,False
411,Emil Heineman,NYI,128,90,97,218,0.02692086582302652,0.013854930898749526,0.003524546403576911,0.6602167949461454,0.6340027639369462,21,Habs,False
412,Simon Holmstrom,NYI,99,53,84,152,0.0260938323668951,0.011082361292682296,0.0021368429020555586,0.7018962889486875,0.7130630046337201,23,goldenknights,False
413,Bo Horvat,NYI,160,160,199,320,0.04217185028993147,0.02654791950335676,0.007384331519788719,0.6136785733826824,0.5274747116471087,25,canucks,False
414,Anders Lee,NYI,108,255,190,363,0.028465998945703744,0.06132361279528771,0.005144402620203277,0.3170299814617443,0.2918896522161766,27,Predators,False
415,Kyle MacLean,NYI,40,48,52,88,0.010542962572482868,0.008696595402240298,0.0013596838246280136,0.547983617208574,0.43499455553924443,17,devils,False
416,Jean-Gabriel Pageau,NYI,76,60,58,136,0.020031628887717447,0.01312186743412085,0.0013097696373482143,0.6042086389097538,0.5985812742783085,23,BostonBruins,False
417,Ondrej Palat,NYI,207,90,76,297,0.04182262322981767,0.0183471006599606,0.0018739104961030708,0.6950775327875912,0.6429220477300113,23,devils,False
418,Kyle Palmieri,NYI,46,30,58,76,0.012124406958355299,0.006489427925288591,0.0034124782769814023,0.651365343796463,0.5686718678002008,12,devils,False
419,Brayden Schenn,NYI,121,76,95,197,0.03882372936719652,0.017443560967291154,0.0029816759467070834,0.6899875422541977,0.5618895687465768,24,stlouisblues,False
420,Max Shabanov,NYI,66,55,56,121,0.01739588824459673,0.01216154594578811,0.0021955087163258585,0.5885452753627609,0.5839714012955436,11,Flyers,False
421,Adam Boqvist,NYI,27,19,11,46,0.007116499736425936,0.004812461060213382,0.0002654323669508285,0.5965733191470316,0.5070061401598056,10,BlueJackets,False
422,Tony DeAngelo,NYI,61,55,66,116,0.016078017923036373,0.01209780346812395,0.002551631278404709,0.5706317377523047,0.5748524202485026,21,goldenknights,False
423,Scott Mayfield,NYI,82,53,56,135,0.02161307327358988,0.011129164689179672,0.001236471639626121,0.6600976175839175,0.5197118672861688,20,Flyers,False
424,Adam Pelech,NYI,76,44,55,120,0.020031628887717447,0.010196572003012022,0.0011075053976482181,0.6626801561935115,0.6106289159831353,19,goldenknights,False
425,Ryan Pulock,NYI,76,38,42,114,0.020031628887717447,0.008754020181724206,0.0008587110931239894,0.6958894287703479,0.6516224139089131,15,goldenknights,False
426,Alexander Romanov,NYI,50,43,40,93,0.013178703215603585,0.008131780538414988,0.0014746419916555548,0.618414080493055,0.5707271232347944,13,devils,False
427,Matthew Schaefer,NYI,388,367,495,755,0.10226673695308382,0.0870892404252116,0.02009500762274661,0.5400766237697124,0.6938916353312585,29,Predators,False
428,Carson Soucy,NYI,120,64,62,184,0.024170547382329717,0.012689388482166879,0.001241471561622803,0.6557403537321597,0.6530087990713375,21,Predators,False
429,Jonny Brodzinski,NYR,45,16,36,61,0.007557944239166946,0.0038651883255200097,0.0007438829525743453,0.6616349934107647,0.774671219611396,12,goldenknights,False
430,Jaroslav Chmelar,NYR,34,10,25,44,0.005710446758481693,0.00246395234712493,0.0004784505856235168,0.6985769454986649,0.8502830748812157,9,goldenknights,False
431,Will Cuylle,NYR,204,62,112,266,0.03426268055089016,0.013378697676106199,0.004625803662225584,0.7191790377608124,0.8143694875618862,25,Predators,False
432,Adam Edstrom,NYR,54,38,29,92,0.009069533087000335,0.010743550904438601,0.0008096810673014159,0.45775473878368467,0.5969138951179349,10,Predators,False
433,Tye Kartye,NYR,76,32,60,108,0.017460981225351602,0.00605870327771966,0.001657638181452713,0.7423986160644077,0.7512529586380716,16,SeattleKraken,False
434,Noah Laba,NYR,132,32,55,164,0.022169969768223042,0.00786932731355574,0.001052591288371737,0.7380322418286841,0.8409458204944044,14,Predators,False
435,Alexis Lafrenière,NYR,100,96,115,196,0.016795431642593214,0.01898822871855543,0.004248667224224884,0.4693603581378863,0.5838998964860446,28,goldenknights,False
436,J.T. Miller,NYR,1,186,2,187,0.00016795431642593214,0.02081565558146422,3.8276046849881346e-05,0.008004071617954522,0.004057912855958724,3,canucks,False
437,Gabe Perreault,NYR,98,57,80,155,0.01645952300974135,0.010096672667652332,0.002619799327652223,0.6197997337304131,0.701514058279393,14,Predators,False
438,Taylor Raddysh,NYR,78,32,35,110,0.013542445928597505,0.0074942743271883055,0.0007247449291494047,0.6437527220942567,0.7030971205320219,18,Predators,False
439,Matt Rempe,NYR,178,34,71,212,0.02989586832381592,0.00708389439056911,0.002472211641168353,0.8084386196503772,0.8470028615564914,14,BostonBruins,False
440,Conor Sheary,NYR,88,52,52,140,0.015365355535255552,0.010972237084244845,0.0013246618737558016,0.5834001519136194,0.5100171027384148,21,rangers,False
441,Adam Sykora,NYR,48,14,24,62,0.008061807188444743,0.0027102169368210067,0.00045931256219857613,0.7484022589158335,0.723541029150323,7,devils,False
442,Vincent Trocheck,NYR,195,140,152,335,0.03275109170305677,0.027554708441542154,0.0066798463315818355,0.5430836109383751,0.6035385775857662,28,wildhockey,False
443,Mika Zibanejad,NYR,142,80,200,222,0.023849512932482365,0.016480067572940967,0.006604412428407038,0.5913652617654973,0.7242990719764513,27,Predators,False
444,Will Borgen,NYR,69,42,50,111,0.011588847833389319,0.009584868415797301,0.0010118152805235147,0.5473223357205659,0.5655824522841228,18,Predators,False
445,Drew Fortescue,NYR,22,2,9,24,0.003694994961370507,0.00041891652486852405,0.00017224221082446606,0.8981707491107203,0.9766062770096438,2,hawks,True
446,Adam Fox,NYR,265,205,199,470,0.044507893852872016,0.03933200698006449,0.006839952792960234,0.5308676824601763,0.4406467659372642,30,losangeleskings,False
447,Vladislav Gavrikov,NYR,104,125,112,229,0.018559922918678296,0.025942496550682755,0.00276264361810259,0.4170542442407294,0.44331923927519606,28,losangeleskings,False
448,Vincent Iorio,NYR,48,32,26,80,0.006754889942662868,0.005581724418104901,0.0005525027183249387,0.5475481153195809,0.6913647515229784,10,caps,False
449,Matthew Robertson,NYR,56,76,56,132,0.009405441719852201,0.011477546410900841,0.0017808503664546054,0.4503877347898028,0.4445183108788813,14,leafs,False
450,Braden Schneider,NYR,88,74,74,162,0.014779979845482029,0.013463164871226306,0.0017258062307002272,0.523312116753711,0.5298325756479751,21,devils,False
451,Urho Vaakanainen,NYR,20,22,21,42,0.003359086328518643,0.005983968179256212,0.0004018984919237541,0.3595276390310436,0.32069534102076086,12,BostonBruins,False
452,Michael Amadio,OTT,99,45,60,144,0.012495266944339266,0.010376225033281568,0.0013480456841980953,0.5463249601978553,0.5048817741996284,21,Predators,False
453,Drake Batherson,OTT,239,61,145,300,0.03016534141108166,0.012573451657418314,0.004642935806675718,0.7058070489434247,0.6602929948841709,24,BostonBruins,False
454,Graeme Clarke,OTT,3,5,3,8,0.0003786444528587656,0.0009699952585899352,5.7414070274822016e-05,0.2807602724763517,0.22222232996568933,3,wildhockey,True
455,Nick Cousins,OTT,166,105,116,271,0.020951659724851697,0.017841478352600654,0.0033485524877586255,0.5400867463472717,0.41608875836832543,25,Predators,False
456,Dylan Cozens,OTT,172,89,123,261,0.021708948630569228,0.017064683477209557,0.004926257980048625,0.5598894777312845,0.39997789952122165,22,sabres,False
457,Lars Eller,OTT,89,56,47,145,0.012204229842885139,0.010913896037638215,0.001009315319525174,0.5279074050361066,0.5048178444111466,19,caps,False
458,Warren Foegele,OTT,70,57,58,127,0.012308878863116537,0.011419030471347097,0.0014394900143054458,0.5187510913672655,0.5992574036190057,20,losangeleskings,False
459,Claude Giroux,OTT,217,146,130,363,0.027388615423450714,0.027681686130851008,0.003926077312962413,0.4973391220028883,0.3722635048381599,26,Flyers,False
460,Ridly Greig,OTT,162,63,125,225,0.020446800454373342,0.010928224141448954,0.0031212661411797816,0.6516903402554117,0.5458837579140041,17,leafs,False
461,Stephen Halliday,OTT,63,13,30,76,0.007951533510034078,0.003156907895800331,0.0005741407027482202,0.7158100060605938,0.8776092428391316,8,goldenknights,False
462,Hayden Hodgson,OTT,16,14,17,30,0.002019437081913417,0.0026368937544438567,0.0004351746167769537,0.4336970788556031,0.39564575267900143,7,goldenknights,False
463,Arthur Kaliyev,OTT,41,22,24,63,0.005425244515241192,0.004405763023761924,0.0006789689993045006,0.551850305649478,0.5040709256043147,8,losangeleskings,False
464,Kurtis MacDermid,OTT,45,18,28,63,0.005918440167876266,0.00325867417712853,0.0007006069837277822,0.644912980854133,0.6808675332958464,8,devils,False
465,Shane Pinto,OTT,275,54,141,329,0.03470907484538685,0.012109354964135153,0.005870035237802523,0.7413549533078888,0.747151690529051,20,goldenknights,False
466,Tim Stützle,OTT,330,89,230,419,0.041650889814464215,0.01739690423461423,0.007852652234940975,0.7053758821175515,0.6686829616116658,24,Predators,False
467,Brady Tkachuk,OTT,329,106,261,435,0.04152467499684463,0.021922115347686462,0.010303485944641842,0.6544803097423181,0.7003556806305675,29,Predators,False
468,Fabian Zetterlund,OTT,166,66,77,232,0.020951659724851697,0.012862629142107122,0.0021628566999740903,0.6196096510349602,0.5624559295098256,15,SanJoseSharks,False
469,Thomas Chabot,OTT,212,40,94,252,0.02675754133535277,0.0087784748618465,0.003377196273153396,0.7529696403465067,0.7769850289991935,19,Predators,False
470,Cameron Crotty,OTT,9,1,3,10,0.001135933358576297,0.00019646365422396856,5.7414070274822016e-05,0.8525487130813466,0.9463807342929713,1,wildhockey,True
471,Dennis Gilbert,OTT,29,58,29,87,0.0036602297109680675,0.009995334409357166,0.0007197450071527229,0.26803943643163763,0.2718727241688125,16,Flyers,False
472,Nick Jensen,OTT,151,38,61,189,0.01905843746055787,0.009054161401255758,0.0015669479863246916,0.6779322521634825,0.5871461035652693,19,Predators,False
473,Tyler Kleven,OTT,160,37,66,197,0.020194370819134166,0.007540019796479723,0.0016626381034493948,0.728134650550611,0.796715478817854,19,Predators,False
474,Nikolas Matinpalo,OTT,90,20,36,110,0.011359333585762969,0.004783908901444548,0.0008887331219995195,0.7036587349018955,0.8073889829694246,13,BlueJackets,False
475,Jake Sanderson,OTT,324,68,158,392,0.040893600908746684,0.013884312245952497,0.006415038073132439,0.7465344799327862,0.7344448242833203,24,Predators,False
476,Jordan Spence,OTT,196,100,100,296,0.026055768319894482,0.020615860814357515,0.002677837506428476,0.5582785260172615,0.6399363018390821,22,losangeleskings,False
477,Lassi Thomson,OTT,24,10,17,34,0.003029155622870125,0.0016959721567693792,0.0006699608463508207,0.6410738003578877,0.7526058703151751,7,caps,False
478,Carter Yakemchuk,OTT,100,5,34,105,0.012621481761958854,0.0004646933220164215,0.001269877790957218,0.9644897520448535,0.932977247866872,3,Habs,False
479,Artem Zub,OTT,137,49,82,186,0.01729143001388363,0.010235167592991864,0.002223524866226582,0.6281717145298277,0.5958069928372102,21,Predators,False
480,Rodrigo Abols,PHI,91,19,39,110,0.016936534524474224,0.004512910100402517,0.0009111252414021297,0.7896024731955757,0.8927523202549437,12,Predators,False
481,Denver Barkey,PHI,203,9,37,212,0.03778150009305788,0.0020792210973214994,0.000763020975999286,0.947837845497303,0.9732528403813554,6,hawks,False
482,Alex Bump,PHI,184,125,54,309,0.03424530057695887,0.023663731698402336,0.002376889106581902,0.5913637170471135,0.5344758979001722,29,goldenknights,False
483,Noah Cates,PHI,177,41,70,218,0.03294249022892239,0.009223002806880813,0.001759082355553427,0.7812665726676206,0.8696616108373215,18,Predators,False
484,Sean Couturier,PHI,143,46,82,189,0.02661455425274521,0.010018286671146322,0.0023484828772474867,0.7265217106158832,0.7668153052432852,19,Predators,False
485,Christian Dvorak,PHI,215,103,101,318,0.036378523808448,0.01687959367353946,0.002626931628108993,0.6830606399250153,0.7370240091759149,27,Habs,False
486,Tyson Foerster,PHI,168,25,57,193,0.03126744835287549,0.005321794033017082,0.0015453100019014098,0.8545530411127353,0.9625154987370913,11,devils,False
487,Jacob Gaucher,PHI,24,3,5,27,0.00446677833612507,0.0008819216926023684,9.569011712470336e-05,0.8351147591254626,0.9223030779131887,2,Predators,True
488,Luke Glendening,PHI,88,38,33,126,0.01646378077866709,0.008402499786018269,0.0006315547730230422,0.6620926171825091,0.6530567540495014,15,devils,False
489,Nikita Grebenkin,PHI,137,31,46,168,0.02549785966871394,0.006186349257283501,0.0012647478424826389,0.8047497644100089,0.8785997723734531,14,leafs,False
490,Carl Grundstrom,PHI,80,20,31,100,0.014482586090626292,0.004604889926507931,0.0008479571141512972,0.7587480962713841,0.8128348224923232,11,goldenknights,False
491,Garnet Hathaway,PHI,134,32,48,166,0.024939512376698305,0.007674816922061125,0.001283131730928251,0.764679602889977,0.7724766193228556,12,Predators,False
492,Travis Konecny,PHI,155,63,155,218,0.028847943420807744,0.013481112232623457,0.006267687942708923,0.6815163479431255,0.6413606490938251,26,Predators,False
493,Jett Luchanko,PHI,148,2,18,150,0.027545133072771264,0.00040177446640031673,0.0004893345910741062,0.9856236520682236,0.9933267587193471,2,SeattleKraken,False
494,Porter Martone,PHI,346,108,119,454,0.06439605434580309,0.02644080474586698,0.004170001721967857,0.7089198700806724,0.8683603153067428,17,hawks,False
495,Matvei Michkov,PHI,478,95,259,573,0.08896333519449097,0.017689653478834565,0.010690235674194828,0.8341382299841839,0.8972970262517872,24,Predators,False
496,Owen Tippett,PHI,202,56,96,258,0.03759538432905267,0.01154398141883406,0.0035451926969605084,0.765076711041381,0.8183287625110972,20,Predators,False
497,Garrett Wilson,PHI,17,3,3,20,0.003163967988088591,0.0004988155960941745,5.7414070274822016e-05,0.8638151600743648,0.9079455974179192,3,caps,True
498,Trevor Zegras,PHI,384,261,256,645,0.07143535848613919,0.049769142005170845,0.00984328922098604,0.5893787623113951,0.752896386278876,30,AnaheimDucks,False
499,Emil Andrae,PHI,157,21,30,178,0.029220174948818164,0.005058607854235396,0.0005741407027482202,0.8524274364320551,0.9088512961074965,12,Predators,False
501,Oliver Bonk,PHI,112,9,17,121,0.02084496556858366,0.0013931891190711806,0.0004351746167769537,0.937351406236751,0.9334545627929406,7,OttawaSenators,False
502,Jamie Drysdale,PHI,199,56,65,255,0.037037037037037035,0.012357708281715505,0.0021329646975764577,0.7498173499636621,0.7796844677261101,20,AnaheimDucks,False
503,Helge Grans,PHI,24,2,3,26,0.00446677833612507,0.0004139567764505324,0.00011232817955130316,0.9151855679723451,0.918559854888226,2,losangeleskings,True
504,David Jiricek,PHI,132,61,44,193,0.025643461431438645,0.0168171864548334,0.001041837309399045,0.6039347656710965,0.6612626933310043,16,stlouisblues,False
505,Noah Juulsen,PHI,95,24,30,119,0.01722567865783946,0.005510115815787605,0.0006290548120247013,0.7576457764790584,0.7826596893374982,14,Predators,False
506,Hunter McDonald,PHI,46,66,49,112,0.008561325144239717,0.009994464113499602,0.0012123336942044985,0.4613829692352713,0.4823908094248775,21,rangers,False
507,Rasmus Ristolainen,PHI,106,41,60,147,0.01972827098455239,0.007646269588899403,0.0016226162305805014,0.7206795281775483,0.7598897142979784,18,sabres,False
508,Travis Sanheim,PHI,162,45,93,207,0.03015075376884422,0.010598127632986206,0.003632628796110861,0.7399161088993687,0.8524414358092389,19,Predators,False
509,Nick Seeler,PHI,115,24,35,139,0.021403312860599294,0.005295787277628933,0.0010693593772762339,0.8016492222505157,0.8752579212653723,14,Predators,False
510,Cam York,PHI,124,130,114,254,0.023078354736646194,0.02721016865583153,0.0038347630093329595,0.45891891787179234,0.3690588836304575,26,NewYorkIslanders,False
511,Noel Acciari,PIT,88,23,44,111,0.01611721611721612,0.005033874728319818,0.0011715576863562762,0.7620040136425281,0.7469451086735355,14,BostonBruins,False
512,Justin Brazeau,PIT,110,53,65,163,0.020292968328331787,0.013072217340587815,0.002097942746704246,0.6082078646196514,0.7655300604987189,16,goldenknights,False
513,Egor Chinakhov,PIT,173,67,92,240,0.04213250517598344,0.01466930672195168,0.002559755269901163,0.7417457959209054,0.8799502832426085,21,BlueJackets,False
514,Sidney Crosby,PIT,514,536,872,1050,0.09413919413919414,0.08300200142682809,0.029335416741924795,0.5314359194561694,0.6512245890936907,30,Habs,False
515,Connor Dewar,PIT,98,49,57,147,0.017948717948717947,0.010491990588021197,0.001310523772327543,0.6310925033928796,0.7965623691002153,18,Predators,False
516,Filip Hallander,PIT,63,6,15,69,0.011538461538461539,0.0014096966876549343,0.0002870703513741101,0.8911276288845797,0.9262391113109565,5,winnipegjets,False
517,Kevin Hayes,PIT,164,62,52,226,0.030036630036630037,0.014605859389015926,0.0015793402617339382,0.6728260547982515,0.7432789793395691,21,hawks,False
518,Ben Kindel,PIT,241,48,91,289,0.04413919413919414,0.010618092299933789,0.0027053595743056656,0.8060880479945329,0.9214123350938944,20,Predators,False
519,Ville Koivunen,PIT,98,31,31,129,0.017948717948717947,0.007502103079835746,0.0013724436825755127,0.705231392283219,0.8316451365453906,17,BlueJackets,False
520,Blake Lizotte,PIT,100,34,34,134,0.018315018315018316,0.008810035486523694,0.000705606905724464,0.675206709229721,0.835928865665576,15,Predators,False
521,Evgeni Malkin,PIT,282,169,273,451,0.051648351648351645,0.031173658874874687,0.010028547815721182,0.6236065910748153,0.8150885628174189,29,BlueJackets,False
522,Anthony Mantha,PIT,138,73,100,211,0.025508074795686484,0.0160680205423569,0.003726810643276907,0.6135274269574282,0.7885717965627491,25,Predators,False
523,Tommy Novak,PIT,102,57,64,159,0.01868131868131868,0.014547416531714838,0.0014795118871743396,0.5622037240223091,0.7440536356784508,20,Predators,False
524,Rickard Rakell,PIT,145,46,83,191,0.026556776556776556,0.009902071397746097,0.0033664422941807035,0.7284041610393847,0.7824582965152584,18,AnaheimDucks,False
525,Bryan Rust,PIT,175,106,126,281,0.03205128205128205,0.020639792489703233,0.005223220645833641,0.6082867417393669,0.6381598952918299,27,BlueJackets,False
526,Elmer Soderblom,PIT,92,76,75,168,0.017559658005144523,0.018375422275601027,0.0022344088716771716,0.48864947199111175,0.7055769371789922,20,hawks,False
527,Connor Clifton,PIT,84,42,45,126,0.014575096780238234,0.009046195118668226,0.0013705678300786031,0.6170321607563295,0.7539031355835254,17,Predators,False
528,Samuel Girard,PIT,68,47,62,115,0.01169642407363429,0.01112364378550759,0.0015709562172816897,0.5125499251724889,0.6175156433558033,14,Predators,False
529,Ryan Graves,PIT,79,33,20,112,0.01446886446886447,0.00579441553150744,0.00043767457777529455,0.7140435540839839,0.7155567777704159,11,rangers,False
530,Erik Karlsson,PIT,176,80,106,256,0.03223443223443224,0.015370232260820434,0.0034620023848275098,0.6771276003351896,0.859705126143217,25,BlueJackets,False
531,Kris Letang,PIT,184,71,111,255,0.0336996336996337,0.014844223960037832,0.0050658706714167626,0.694210046838328,0.8163186535901701,25,BlueJackets,False
532,Jake Livanavage,PIT,7,0,2,7,0.001282051282051282,0.0,3.8276046849881346e-05,1.0,1.0,0,,True
533,Ryan Shea,PIT,76,38,53,114,0.01391941391941392,0.009591298101464776,0.0010692293507983367,0.5920456133805211,0.7249310715753219,18,Predators,False
534,Ilya Solovyov,PIT,30,22,20,52,0.0054557824509607646,0.005311803413873186,0.0003827604684988134,0.506685762198461,0.7391255863346947,13,CalgaryFlames,False
535,Jack St. Ivany,PIT,36,5,10,41,0.006593406593406593,0.0012525172696076635,0.0003362304036745808,0.8403607667527798,0.8963894699278033,5,winnipegjets,False
536,Parker Wotherspoon,PIT,74,43,65,117,0.013695590201614297,0.009553735660950014,0.0017183063477052044,0.5890747233951722,0.7605969810780511,18,Predators,False
537,Macklin Celebrini,SJ,789,353,803,1142,0.10673701298701299,0.06364824170153432,0.0329207494223145,0.6264451297861485,0.7656397435353355,28,hawks,False
538,Ty Dellandrea,SJ,63,29,38,92,0.008522727272727272,0.007963563965815037,0.0007272448901477455,0.5169584322762962,0.661829752464873,17,goldenknights,False
539,William Eklund,SJ,248,177,170,425,0.03354978354978355,0.04206084517830609,0.009146931551268226,0.44371782266796145,0.626374748966117,26,NewYorkIslanders,False
540,Adam Gaudette,SJ,109,53,64,162,0.014528073371787874,0.010526534950012415,0.0015543181548550898,0.5798563356165836,0.7039053820171862,18,goldenknights,False
541,Barclay Goodrow,SJ,105,55,45,160,0.014204545454545454,0.012598734452544624,0.0010259533819517736,0.5299554943941032,0.6722806201888273,20,goldenknights,False
542,Collin Graf,SJ,201,47,75,248,0.02719155844155844,0.011271578850669577,0.0018746646310823995,0.7069511318062153,0.8812282906157681,21,goldenknights,False
543,Philipp Kurashev,SJ,102,42,57,144,0.013959365459439446,0.00994945142388107,0.0014553739417527169,0.5838584789688153,0.6791464215908914,16,goldenknights,False
544,Michael Misa,SJ,442,210,142,652,0.059794372294372296,0.04877085207430902,0.007687051769542361,0.5507691126885531,0.7042746389683462,24,hawks,False
545,Zack Ostapchuk,SJ,81,24,32,105,0.010957792207792208,0.00594188540222764,0.0007771590774275449,0.6484024406060452,0.7283813090625024,12,goldenknights,False
546,Ryan Reaves,SJ,122,84,78,206,0.01568831168831169,0.017474997364655628,0.0027160060236959,0.47306231302958485,0.5973069188540674,20,goldenknights,False
547,Pavol Regenda,SJ,103,13,40,116,0.013933982683982684,0.0025965178812152037,0.0007655209369976268,0.8429256348908318,0.9213846724922001,8,caps,False
548,Kiefer Sherwood,SJ,349,176,147,525,0.04177689594356261,0.030988942790946467,0.006114583755309398,0.5741278692050585,0.6756061115239127,28,Predators,False
549,Will Smith,SJ,422,139,166,561,0.05708874458874459,0.06696675579046077,0.00808108279593284,0.4601871292626217,0.7476358706037648,28,UtahHockey,False
550,Tyler Toffoli,SJ,145,107,77,252,0.019615800865800864,0.021703824946331936,0.002417535087952227,0.4747332648893693,0.581088766035301,22,losangeleskings,False
551,Alexander Wennberg,SJ,164,59,97,223,0.022186147186147188,0.013929650413026368,0.00280029555645104,0.6143058899702903,0.785635144879261,21,goldenknights,False
552,Vincent Desharnais,SJ,84,75,48,159,0.011363636363636364,0.010579998517534854,0.0010284533429501144,0.5178556982547571,0.5006930613304336,18,Habs,False
553,Sam Dickinson,SJ,260,27,56,287,0.035173160173160176,0.005234395065942484,0.0018707864266032986,0.8704599910841148,0.937466242584314,16,AnaheimDucks,False
554,Mario Ferraro,SJ,133,78,64,211,0.017992424242424244,0.017050434868752018,0.0017341902751524757,0.5134405325016959,0.577886544781966,26,goldenknights,False
555,John Klingberg,SJ,244,72,92,316,0.030436568646534462,0.01580573707807363,0.0038482770022597876,0.6581974702515208,0.7792385258882824,19,goldenknights,False
556,Nick Leddy,SJ,105,36,31,141,0.01712382915153696,0.0103413349836844,0.0008129351632790853,0.6234744881636203,0.8182083529209443,13,goldenknights,False
557,Shakir Mukhamadullin,SJ,68,30,29,98,0.0091991341991342,0.00866970821381083,0.001044467296875283,0.514814221679515,0.6835867599086176,13,goldenknights,False
558,Dmitry Orlov,SJ,178,95,98,273,0.024180377557642796,0.020843129707302954,0.0037235565472992374,0.5370611715198179,0.6181250678554675,24,goldenknights,False
559,Matty Beniers,SEA,113,51,106,164,0.03294460641399417,0.009506148158462931,0.004006381111655994,0.7760664503092082,0.8640207299034772,21,Flyers,False
560,Berkly Catton,SEA,98,42,61,140,0.02857142857142857,0.008466437242086976,0.0020564126038766953,0.771411309584758,0.8939887399383465,18,Flyers,False
561,Jordan Eberle,SEA,89,50,96,139,0.025947521865889212,0.00965797322893649,0.0038500228282787995,0.7287504863163659,0.8241354091554615,22,Predators,False
562,Frederick Gaudreau,SEA,54,192,167,246,0.0146975433451517,0.043000560974128486,0.0046588387040258136,0.25473182383637555,0.16645802779565738,24,BlueJackets,False
563,Kaapo Kakko,SEA,104,75,74,179,0.030320699708454812,0.015669615142026024,0.0017258062307002272,0.6592844560214574,0.7769127270400452,21,rangers,False
564,Jared McCann,SEA,103,74,73,177,0.030029154518950437,0.012773066091493646,0.003105018158186873,0.7015793594508758,0.8183293969994038,23,goldenknights,False
565,Bobby McMann,SEA,162,91,127,253,0.0218976941425921,0.015448150367791876,0.004303213750963113,0.5863488811051915,0.6688463250250796,25,leafs,False
566,Ben Meyers,SEA,34,23,28,57,0.009912536443148687,0.0043919348140021375,0.0005907787651748199,0.6929676927550465,0.7876439343452657,17,canucks,False
567,Jaden Schwartz,SEA,60,54,42,114,0.01749271137026239,0.009436040166128541,0.0011484114319743376,0.6495923640062972,0.6520449402354835,17,stlouisblues,False
568,Chandler Stephenson,SEA,74,65,71,139,0.021574344023323616,0.012492803923074666,0.0022279006797218323,0.633288822923157,0.6510270070190369,22,rangers,False
569,Eeli Tolvanen,SEA,76,45,85,121,0.022157434402332362,0.010421378205794554,0.002695597286372657,0.6801179241506519,0.8460482671198492,23,Predators,False
570,Ryan Winterton,SEA,43,17,40,60,0.012536443148688046,0.0038183413650914517,0.000910371106422801,0.7665306221629297,0.8123266964201474,12,goldenknights,False
571,Shane Wright,SEA,69,60,45,129,0.02011661807580175,0.010238306430113897,0.0013705678300786031,0.6627134938807497,0.7292317742618861,21,Flyers,False
572,Vince Dunn,SEA,86,44,75,130,0.02507288629737609,0.010337942433368183,0.0025241092105275195,0.708057032158849,0.7909304897742114,21,stlouisblues,False
573,Ryker Evans,SEA,45,21,48,66,0.013119533527696793,0.004796365465426583,0.0009735392336736334,0.7322844102175636,0.8044014971400618,13,Predators,False
574,Cale Fleury,SEA,18,17,18,35,0.0052478134110787176,0.003020378571448211,0.0004543126402018944,0.6346990275708231,0.6108270593773992,9,BostonBruins,False
575,Adam Larsson,SEA,58,207,157,265,0.016909620991253645,0.033090403819230174,0.004438041579499485,0.33819225201080494,0.32705005625102834,25,leafs,False
576,Ryan Lindgren,SEA,58,163,108,221,0.015503540737091918,0.031887781967569376,0.0045890358853343605,0.3271388062685794,0.39756472622477157,24,caps,False
577,Joshua Mahura,SEA,18,12,13,30,0.0052478134110787176,0.0024849877091006668,0.00030370841380070987,0.678643266459306,0.6194734142736548,10,BostonBruins,False
578,Brandon Montour,SEA,80,87,80,167,0.023323615160349854,0.013574706997737435,0.0029843059341833214,0.6321050334056405,0.6843726750769261,21,FloridaPanthers,False
579,Jamie Oleksiak,SEA,53,30,39,83,0.015451895043731779,0.006370775452773191,0.0010559754108273036,0.7080661849431531,0.7925502192264768,18,Predators,False
580,Jonatan Berggren,STL,65,37,45,102,0.016976047537910988,0.008749326791238797,0.0009710392726752925,0.6598950639437416,0.6698916806336889,15,Predators,False
581,Pavel Buchnevich,STL,60,68,103,128,0.021590500179920834,0.014184754910795568,0.004038903101529865,0.6035037381333312,0.679383822665467,20,Predators,False
582,Jonathan Drouin,STL,93,103,77,196,0.023174827180898347,0.019881628103864655,0.002202641016782629,0.5382428030274836,0.5318996567633651,24,NewYorkIslanders,False
583,Dalibor Dvorsky,STL,80,41,59,121,0.02878733357322778,0.00967211974387682,0.0021080726171755068,0.7485112525097906,0.8517439449335783,20,Predators,False
584,Jack Finley,STL,54,39,36,93,0.012503496639984782,0.008582162934542507,0.0008887331219995195,0.592985796616471,0.6359313661548249,16,NewYorkIslanders,False
585,Dylan Holloway,STL,103,101,111,204,0.03706369197553076,0.017720194210763818,0.006509609999732178,0.6765436801889947,0.6752201943849985,23,EdmontonOilers,False
586,Jordan Kyrou,STL,140,223,110,363,0.05037783375314862,0.03961102933710057,0.00491701227103459,0.5598229827909377,0.6053792960628551,27,Flyers,False
587,Jake Neighbours,STL,66,57,66,123,0.02374955019791292,0.011783953802604578,0.0019523384422997431,0.668370622766813,0.7335338262158047,23,Predators,False
588,Jimmy Snuggerud,STL,86,40,102,126,0.030946383591219862,0.008056389300049994,0.0049238880455281814,0.7934406017103136,0.8281959003559293,19,BlueJackets,False
589,Oskar Sundqvist,STL,46,36,38,82,0.016552716804605974,0.009137630862616371,0.0008370731087007079,0.6443165744200947,0.694248535423353,16,Predators,False
590,Pius Suter,STL,84,153,79,237,0.023986390432654076,0.03010235862192395,0.0017315602876762377,0.4434635825733501,0.4773790109836224,29,wildhockey,False
591,Robert Thomas,STL,144,195,132,339,0.051817200431810005,0.036235763141913645,0.006047169841041213,0.5884776426454436,0.6189222449017394,29,Predators,False
592,Alexey Toropchenko,STL,41,28,36,69,0.014753508456279237,0.0069881343959966626,0.0007987970618508265,0.6785829643381732,0.7932110633677764,12,Predators,False
593,Nathan Walker,STL,46,12,33,58,0.016552716804605974,0.0023087687005476885,0.0006864688822995233,0.8775934854167851,0.8949322058963772,9,goldenknights,False
594,Philip Broberg,STL,90,86,80,176,0.032385750269881254,0.01616264319717401,0.0019854845406750456,0.6670818117155223,0.6542429686488681,22,Predators,False
595,Cam Fowler,STL,72,492,131,564,0.025908600215905003,0.04512796919101375,0.00591820359906331,0.36472200772383556,0.20823238925383794,23,Habs,False
596,Justin Holl,STL,46,26,19,72,0.010303508660175455,0.004149384371071823,0.00041853655435035393,0.7129028518995596,0.7080836971921789,12,leafs,False
597,Matthew Kessel,STL,28,80,42,108,0.010075566750629723,0.013373893080682812,0.001168303590378607,0.4296715925701459,0.2568053536273162,22,penguins,False
598,Logan Mailloux,STL,134,81,66,215,0.03541355098554324,0.013471385907460378,0.0023168450488308414,0.7244266482956554,0.7885846933301114,17,Predators,False
599,Colton Parayko,STL,87,90,102,177,0.03130622526088521,0.016812894359162316,0.003535062826489248,0.6505984628996063,0.6911195022397912,26,sabres,False
600,Tyler Tucker,STL,54,96,64,150,0.01943145016192875,0.017721293649180025,0.001279747608472684,0.5230152114934427,0.6102528228445973,22,leafs,False
601,Oliver Bjorkstrand,TB,85,52,73,137,0.01720299534507185,0.012749504636491969,0.002665705283975024,0.5743425542328865,0.4149364679666017,16,SeattleKraken,False
602,Anthony Cirelli,TB,109,77,100,186,0.022060311677798018,0.0152910775447808,0.0035469385229795207,0.5906155604103372,0.48984628250275075,25,Predators,False
603,Conor Geekie,TB,73,9,21,82,0.014774337178708763,0.0017642566723653403,0.00045681260120023523,0.8933248685920925,0.9531751493064716,8,Predators,False
604,Zemgus Girgensons,TB,55,42,68,97,0.011131349929164137,0.009545936172020908,0.001356299702172447,0.5383370851809312,0.4496110233593334,16,Predators,False
605,Gage Goncalves,TB,59,33,69,92,0.011940902651285164,0.008223402095112752,0.0018298803922771791,0.5921802314269351,0.6217673216683139,18,Predators,False
606,Yanni Gourde,TB,89,62,65,151,0.018012548067192876,0.014059215776950629,0.0015535640198757613,0.5616325985289417,0.46758900983616636,23,SeattleKraken,False
607,Jake Guentzel,TB,133,140,190,273,0.026917628010524185,0.026004770846442933,0.006218030281392303,0.5086244877764179,0.5063891234508965,26,penguins,False
608,Brandon Hagel,TB,252,144,275,396,0.051001821493624776,0.026577929275242874,0.012684494338755814,0.6574115150946263,0.6628340330712358,26,FloridaPanthers,False
609,Pontus Holmberg,TB,110,42,83,152,0.016944127720084003,0.007868861946626053,0.0019728547092054435,0.6828732832149129,0.8073834284479251,13,Predators,False
610,Dominic James,TB,29,18,31,47,0.005869257235377454,0.004895068846040855,0.0007031069447261231,0.5452507840234546,0.44905489977995605,12,goldenknights,False
611,Nikita Kucherov,TB,254,183,510,437,0.051406597854685286,0.031203790026128837,0.020337531291375853,0.6222776478044383,0.6522104691674189,29,Predators,False
612,Nick Paul,TB,41,40,55,81,0.008297915401740538,0.00741195656972326,0.0013271618347541426,0.5281975191658652,0.37918039804860965,16,BostonBruins,False
613,Corey Perry,TB,290,304,328,594,0.04718593101412369,0.055950341849259955,0.010406197305648242,0.4575105314948419,0.45531047752387993,31,AnaheimDucks,False
614,Brayden Point,TB,57,73,123,130,0.01153612629022465,0.015624771893451286,0.006379522040236693,0.42473287194743864,0.3774821457229852,26,Predators,False
615,Scott Sabourin,TB,56,25,44,81,0.011266631314445523,0.0036702864021428603,0.0011166435770797953,0.7542808716106953,0.8156030298373275,11,Predators,False
616,Declan Carlile,TB,31,9,28,40,0.006274033596437968,0.0017215208253285007,0.0007006069837277822,0.7846902497915633,0.6051333996218677,5,Flyers,False
617,Erik Cernak,TB,87,38,72,125,0.017607771706132362,0.008619205675560257,0.0018522725116797893,0.6713610741290845,0.666041740273267,16,Predators,False
618,Max Crozier,TB,61,16,25,77,0.012345679012345678,0.0026519791860639716,0.0006431929134529602,0.8231737814677502,0.7788632519705776,11,Flyers,False
619,Charle-Edouard D'Astous,TB,0,0,0,0,0.0,0.0,0.0,,,0,,True
620,Victor Hedman,TB,144,63,134,207,0.029143897996357013,0.013627274784175728,0.009996400462370795,0.6813911357048837,0.6705754282763965,24,Predators,False
621,Emil Lilleberg,TB,75,31,49,106,0.015179113539769277,0.007478304308404408,0.000937763147822093,0.6699401335793788,0.7020987611321934,15,Predators,False
622,Ryan McDonagh,TB,68,50,50,118,0.013762396276057479,0.011265392392353087,0.0017909802369258665,0.5498846285779944,0.4124893153677604,19,Predators,False
623,J.J. Moser,TB,100,64,111,164,0.020238818053025704,0.013743383785697904,0.002673461692933226,0.5955711212910001,0.5775249213327319,22,ColoradoAvalanche,False
624,Darren Raddysh,TB,114,42,110,156,0.0230722525804493,0.009692366070396937,0.006380643757754274,0.7041819355908601,0.6972451933447283,17,Predators,False
625,Max Domi,TOR,244,86,165,330,0.02535064935064935,0.015496555759976376,0.004969939471239088,0.6206213933607613,0.7930554646810482,24,FloridaPanthers,False
626,Bo Groulx,TOR,23,11,13,34,0.0023896103896103894,0.0018163814309029819,0.00030370841380070987,0.5681443263764407,0.7808072647412108,8,AnaheimDucks,False
627,Luke Haymes,TOR,13,3,3,16,0.0013506493506493507,0.0005160036995512489,5.7414070274822016e-05,0.7235674302218098,0.8041680377690248,2,NewYorkIslanders,True
628,Calle Jarnkrok,TOR,89,30,40,119,0.009246753246753246,0.006893721191644886,0.0008753491555505891,0.5728922828163745,0.5920070095797183,13,Predators,False
629,Dakota Joshua,TOR,106,56,49,162,0.011171316337983005,0.010271321427983156,0.0010475913663750554,0.5209861053435395,0.5782506298443738,16,canucks,False
630,Matthew Knies,TOR,323,138,203,461,0.03355844155844156,0.025589142228062002,0.008354639154380124,0.5673679195345086,0.7992428388575634,26,hawks,False
631,Steven Lorentz,TOR,96,37,43,133,0.009974025974025974,0.006569971714706494,0.00087784911654893,0.6028788302369584,0.7435609484170987,13,BlueJackets,False
632,Matias Maccelli,TOR,101,50,70,151,0.010493506493506494,0.010465844741972359,0.0020137607435315634,0.5006598904523178,0.6510646400995109,23,Predators,False
633,Auston Matthews,TOR,823,283,665,1106,0.0855064935064935,0.0492299405218614,0.028367233096868498,0.6346204285657353,0.8019988156553122,29,OttawaSenators,False
634,William Nylander,TOR,401,133,305,534,0.041662337662337665,0.025030022159003015,0.012188927051592373,0.6246943094223255,0.7668702149124133,30,hawks,False
635,Nicholas Robertson,TOR,85,8,8,93,0.008831168831168832,0.0020498472742081467,0.00015310418739952538,0.8116125135413419,0.9118089050824508,7,hawks,False
636,John Tavares,TOR,364,170,263,534,0.03781818181818182,0.034514878156529726,0.009073132417537367,0.5228339825717796,0.6959992669210542,29,NewYorkIslanders,False
638,Simon Benoit,TOR,130,84,68,214,0.013506493506493506,0.012588345297108557,0.0016308702485548525,0.5175925250256425,0.7868902117419296,16,Habs,False
639,Brandon Carlo,TOR,147,52,61,199,0.015272727272727273,0.01155387059927272,0.0015319260354524798,0.5693128642550697,0.6845016823266725,22,BostonBruins,False
640,Oliver Ekman-Larsson,TOR,0,0,0,0,0.0,0.0,0.0,,,0,,True
641,Jake McCabe,TOR,116,60,88,176,0.012051948051948052,0.012055886509369744,0.003102388170710635,0.4999183158194554,0.4717900972013893,23,Predators,False
642,Philippe Myers,TOR,45,16,21,61,0.004675324675324675,0.0032732654563505797,0.0004018984919237541,0.5881954658466327,0.8063285872060181,12,Predators,False
643,Morgan Rielly,TOR,183,62,127,245,0.019012987012987013,0.012224911438056632,0.005661779385066162,0.608651284361666,0.7353879068588265,23,Predators,False
644,Troy Stecher,TOR,74,44,46,118,0.007103455576766121,0.008353400550002096,0.0011000055146531953,0.45956664916252543,0.497869284180426,20,DallasStars,False
645,Chris Tanev,TOR,129,19,25,148,0.013402597402597402,0.0030133939578599464,0.0005333646948999979,0.8164354566414688,0.8679642548324077,9,canucks,False
646,Andrew Agozzino,UTA,0,3,6,3,0.0,0.0004342824824160777,0.00011482814054964403,0.0,0.0,2,SanJoseSharks,True
647,Daniil But,UTA,1,35,30,36,0.03571428571428571,0.006690732975978834,0.0006290548120247013,0.8422183698384996,0.3473365825692734,18,Predators,False
648,Michael Carcone,UTA,0,42,59,42,0.0,0.008801182069476386,0.0013487998191774242,0.0,0.0,21,Predators,False
649,Logan Cooley,UTA,1,208,236,209,0.03571428571428571,0.046601465665687736,0.012747535966521364,0.43386940063787865,0.08166222948332998,28,CalgaryFlames,False
650,Lawson Crouse,UTA,0,49,67,49,0.0,0.011339964447694138,0.001791604345427298,0.0,0.0,22,goldenknights,False
651,Dylan Guenther,UTA,0,63,129,63,0.0,0.013627496343783112,0.0044266634920253605,0.0,0.0,22,goldenknights,False
652,Barrett Hayton,UTA,0,40,60,40,0.0,0.008343056374792737,0.002017382422047485,0.0,0.0,20,goldenknights,False
653,Clayton Keller,UTA,1,73,257,74,0.03571428571428571,0.016080292540120795,0.009308523785709842,0.6895371468971709,0.17606347084416893,22,goldenknights,False
654,Alexander Kerfoot,UTA,1,25,24,26,0.018867924528301886,0.005937129086337751,0.00045931256219857613,0.7606484074344539,0.28393456118561206,16,Predators,True
655,Jack McBain,UTA,1,50,69,51,0.03571428571428571,0.010281220653956629,0.0026440672995517427,0.7764733673840949,0.19997904199081779,21,goldenknights,False
656,Ben McCartney,UTA,0,3,2,3,0.0,0.0005650745908572477,3.8276046849881346e-05,0.0,0.0,2,AnaheimDucks,True
657,Liam O'Brien,UTA,0,0,0,0,0.0,0.0,0.0,,,0,,True
658,JJ Peterka,UTA,39,214,110,253,0.005038108771476553,0.0386378573598682,0.003648382697080235,0.11535197083736343,0.11638476539381772,28,sabres,False
659,Kevin Rooney,UTA,4,29,28,33,0.0009659502535619416,0.005577599677785816,0.0007555210930042634,0.14761868766897104,0.04402449299015343,14,devils,False
660,Nick Schmaltz,UTA,0,64,126,64,0.0,0.014232015702953066,0.006237171831809859,0.0,0.0,23,Predators,False
661,Kevin Stenlund,UTA,0,54,37,54,0.0,0.01026761563936093,0.0011426573749983271,0.0,0.0,15,FloridaPanthers,False
662,Brandon Tanev,UTA,6,48,39,54,0.0023464998044583495,0.010451807545640767,0.0008562111321256485,0.18334454238905093,0.2863080265247518,14,SeattleKraken,False
663,Kailer Yamamoto,UTA,0,34,38,34,0.0,0.006870173733457524,0.0009270091688494008,0.0,0.0,17,Predators,False
664,Ian Cole,UTA,1,43,55,44,0.03571428571428571,0.010837938706166911,0.0012173336162011803,0.7671875223774424,0.17106377462260375,22,Predators,False
665,Nick DeSimone,UTA,0,18,23,18,0.0,0.004621330235587331,0.00044017453877363545,0.0,0.0,10,Predators,True
666,Sean Durzi,UTA,0,41,62,41,0.0,0.008731735696757358,0.002040528676429424,0.0,0.0,21,Predators,False
667,Maveric Lamoureux,UTA,0,4,7,4,0.0,0.000711993234657804,0.00027881633339975885,0.0,0.0,4,TampaBayLightning,True
668,John Marino,UTA,0,47,57,47,0.0,0.011211618309346912,0.001310523772327543,0.0,0.0,21,Predators,False
669,Scott Perunovich,UTA,0,12,4,12,0.0,0.003304157296554695,0.00013146620297624384,0.0,0.0,4,NewYorkIslanders,True
670,Nate Schmidt,UTA,34,148,105,182,0.004181013280865716,0.028618509156475874,0.0026286774541280054,0.12747177306782118,0.14847789708438375,25,goldenknights,False
671,Mikhail Sergachev,UTA,2,78,118,80,0.03773584905660377,0.016572915424547793,0.004670587901030805,0.6948390267596752,0.7218449632060326,23,Predators,False
672,Dmitri Simashev,UTA,0,19,24,19,0.0,0.004193981544412984,0.0007139909501767126,0.0,0.0,9,goldenknights,True
673,Maksymilian Szuber,UTA,0,0,1,0,0.0,0.0,7.40521327014218e-05,,,0,,True
674,MacKenzie Weegar,UTA,49,97,106,146,0.011832890606133784,0.020239952362468387,0.0062690697131823,0.3689380020884845,0.25771574913005857,19,CalgaryFlames,False
675,Nils Aman,VAN,17,3,1,20,0.0018738977072310405,0.0009778869877198845,1.9138023424940673e-05,0.6570964878760903,0.8525003923796857,2,Predators,True
676,Teddy Blueger,VAN,113,29,30,142,0.012455908289241622,0.006834645214842782,0.0006290548120247013,0.6456998907057966,0.8051415642843842,13,goldenknights,False
677,Brock Boeser,VAN,317,168,118,485,0.03494268077601411,0.032695045205165967,0.004041035479989954,0.5166152508695631,0.8125472008135994,30,wildhockey,False
678,Filip Chytil,VAN,162,35,38,197,0.017857142857142856,0.006291758898260496,0.001126773447551056,0.739459832915478,0.8014870309659118,7,rangers,False
679,Jake DeBrusk,VAN,158,66,75,224,0.017416225749559082,0.014184635160379301,0.002813809549377868,0.5511313694647391,0.6694771183550482,22,Predators,False
680,Curtis Douglas,VAN,53,32,67,85,0.009528507820857547,0.006378076268534267,0.0019762388316610104,0.5990291672498157,0.6508760022193275,16,TampaBayLightning,False
681,Nils Hoglander,VAN,93,18,26,111,0.01025132275132275,0.0036346154520918985,0.0004975886090484575,0.7382520792726759,0.8144223148255118,11,BostonBruins,False
682,Evander Kane,VAN,310,158,160,468,0.0341710758377425,0.02833160669281607,0.005174317119496349,0.5467137481824994,0.6569743521230588,28,EdmontonOilers,False
683,Linus Karlsson,VAN,85,25,58,110,0.009369488536155202,0.00538289664527239,0.00116491946792304,0.6351168587945258,0.8577581440210115,18,DallasStars,False
684,Drew O'Connor,VAN,0,0,0,0,0.0,0.0,0.0,,,0,,True
685,Liam Ohgren,VAN,137,54,50,191,0.021051582970377992,0.011831882046634414,0.001356429728650344,0.6401874911748766,0.7047069500299297,19,wildhockey,False
686,Elias Pettersson,VAN,0,0,0,0,0.0,0.0,0.0,,,0,,True
687,Aatu Räty,VAN,110,33,39,143,0.012125220458553791,0.008374311221000205,0.0012358475311246898,0.5914876811867537,0.758126596818346,17,Predators,False
688,Marco Rossi,VAN,292,217,106,509,0.05098604311112497,0.04128397015378842,0.005040224456036482,0.5525743554922944,0.6130305479778392,31,wildhockey,False
689,Max Sasson,VAN,66,23,45,89,0.007275132275132275,0.005918770729582739,0.0009161251633988114,0.551401073096597,0.8188515851679791,13,Predators,False
690,Zeev Buium,VAN,228,131,161,359,0.035997806675606286,0.02803933075107249,0.011087765406608562,0.5621395353098513,0.6760785246687839,25,DetroitRedWings,False
691,Derek Forbort,VAN,51,3,7,54,0.005621693121693121,0.0009777464958729736,0.00018888027325106584,0.8518440121384774,0.9164193718616834,2,winnipegjets,False
692,Filip Hronek,VAN,158,71,102,229,0.017416225749559082,0.014609623787199518,0.0028959856735757436,0.5438177597621291,0.7686577991532235,25,Predators,False
693,Pierre-Olivier Joseph,VAN,31,3,1,34,0.0035629493962827294,0.000587890230405528,1.9138023424940673e-05,0.8583683583857044,0.9137200898477683,3,SeattleKraken,False
694,Victor Mancini,VAN,93,17,17,110,0.01025132275132275,0.003757187397145578,0.0003802605075004726,0.7317925063175698,0.8283952623010429,8,rangers,False
695,Elias Pettersson,VAN,0,0,0,0,0.0,0.0,0.0,,,0,,True
696,Marcus Pettersson,VAN,39,33,52,72,0.004298941798941799,0.006985823481989796,0.0010500913273733961,0.3809509273716065,0.5805453724036075,18,Predators,False
697,Tom Willander,VAN,144,42,47,186,0.015873015873015872,0.008365329193242819,0.0010642294288016549,0.6548720974812804,0.8577948204124559,20,Predators,False
698,Ivan Barbashev,VEG,119,58,94,177,0.05478821362799263,0.012972811347794183,0.003322282163876915,0.8085505443220526,0.7327592121718441,24,stlouisblues,False
699,Braeden Bowman,VEG,70,186,87,256,0.03222836095764273,0.023770058142188466,0.0037525868851350837,0.5755226928850904,0.39769975110815575,24,EdmontonOilers,False
700,Pavel Dorofeyev,VEG,124,66,115,190,0.0570902394106814,0.012932982502650976,0.00444843150292654,0.8153043783295475,0.7118215735331138,24,Predators,False
701,Nic Dowd,VEG,91,76,80,167,0.023623926156523707,0.015615744223617877,0.0019504625898028333,0.60204191135304,0.5611006917977347,23,caps,False
702,Jack Eichel,VEG,211,217,271,428,0.09714548802946593,0.037159579828662144,0.013661677747840807,0.72331960050893,0.710419758394911,30,sabres,False
703,Tomas Hertl,VEG,138,116,120,254,0.06353591160220995,0.019763844541089752,0.004274313439605164,0.7627382665191694,0.658174165915026,24,SanJoseSharks,False
704,Alexander Holtz,VEG,35,28,24,63,0.016114180478821363,0.006222416324028561,0.0005691407807515384,0.7214250506041885,0.71253202693614,14,Predators,False
705,Brett Howden,VEG,101,41,73,142,0.046500920810313075,0.009061837532011128,0.0019263246443812112,0.8369080693190066,0.7790055901455039,17,Predators,False
706,William Karlsson,VEG,54,23,32,77,0.024861878453038673,0.004188878074191997,0.0008320731867040261,0.8558082964116421,0.813870129913648,13,BostonBruins,False
707,Keegan Kolesar,VEG,96,38,51,134,0.04419889502762431,0.008280921216566525,0.0011407815225014176,0.8422075035850918,0.7893269843482565,20,Predators,False
708,Tanner Laczynski,VEG,10,10,8,20,0.004604051565377533,0.0022538832482140647,0.00015310418739952538,0.6713466503433161,0.6356881753641536,7,Predators,True
709,Raphael Lavoie,VEG,4,23,22,27,0.001841620626151013,0.002121669117983885,0.0006406929524546193,0.4646696923626006,0.21951786259676753,6,Habs,True
710,Mitch Marner,VEG,674,907,655,1581,0.14738843844921193,0.17036535851614043,0.029214458572935906,0.46384477496985843,0.5104768173290267,32,leafs,False
711,Jonas Rondbjerg,VEG,4,3,8,7,0.001841620626151013,0.0003744588744588745,0.00015310418739952538,0.8310264255610778,0.8132500392421369,2,SanJoseSharks,True
712,Brandon Saad,VEG,83,41,46,124,0.03821362799263352,0.0090941162300558,0.0012798776349505815,0.8077668597503289,0.7139807943552535,17,hawks,False
713,Colton Sissons,VEG,73,38,39,111,0.03337510791239599,0.010471346244612765,0.0008012970228491673,0.761181458206035,0.6456871385732238,13,Predators,False
714,Cole Smith,VEG,127,52,49,179,0.04416887547383496,0.01444655705683821,0.0011375274265237483,0.7535366296362584,0.6740971055225448,18,Predators,False
715,Reilly Smith,VEG,23,24,23,47,0.010589318600368325,0.004492567877996009,0.0004950886480501166,0.7021216222227368,0.7353968422501785,13,rangers,False
716,Mark Stone,VEG,152,240,222,392,0.06998158379373849,0.042933256864279644,0.010511377741832565,0.6197731262420115,0.5448407819320931,30,DallasStars,False
717,Kai Uchacz,VEG,5,0,4,5,0.0023020257826887663,0.0,7.655209369976269e-05,1.0,1.0,0,,True
718,Rasmus Andersson,VEG,132,194,157,326,0.04347899080434926,0.042422176067267336,0.005476647289816299,0.5061513409862137,0.5135531253813375,28,CalgaryFlames,False
719,Dylan Coghlan,VEG,5,4,5,9,0.002232703926894071,0.0010659992393561677,0.0001506042264011845,0.676842933228233,0.6656322631109829,4,winnipegjets,True
720,Jeremy Davies,VEG,2,3,6,5,0.0009208103130755065,0.0004469497070377801,0.00011482814054964403,0.6732250537628957,0.24858335411671356,3,caps,True
721,Noah Hanifin,VEG,84,45,67,129,0.03867403314917127,0.009778848737842915,0.0028055555314035166,0.7981781814207477,0.668894674064691,20,Predators,False
722,Ben Hutton,VEG,53,29,37,82,0.02440147329650092,0.006434808029113544,0.0007081068667228049,0.7913234750596075,0.7871941927166919,14,Predators,False
723,Kaedan Korczak,VEG,75,29,36,104,0.034530386740331494,0.006253022339652761,0.0007987970618508265,0.8466773013656274,0.8449838249611936,16,Predators,False
724,Jeremy Lauzon,VEG,98,35,68,133,0.04476800256840982,0.009232923509215304,0.003928580800953369,0.8290228672015145,0.7619386713017022,14,Predators,False
725,Brayden McNabb,VEG,94,37,68,131,0.0432780847145488,0.007194419471333021,0.001975484696681682,0.8574586383739318,0.7351403564264621,17,Predators,False
726,Jaycob Megna,VEG,4,9,6,13,0.0008293180930847282,0.0017754122021265816,0.00016974224982612516,0.31838923769167027,0.19124268560694574,6,hawks,True
727,Shea Theodore,VEG,123,65,130,188,0.05662983425414365,0.012120307226626067,0.006223787865360929,0.8237049849560488,0.5965412809588901,25,Predators,False
728,Anthony Beauvillier,WAS,66,78,73,144,0.012908273029532564,0.015185693984321055,0.001726560365679556,0.4594677933225761,0.4269966681233032,23,BlueJackets,False
729,Pierre-Luc Dubois,WAS,67,48,86,115,0.013103852923919421,0.010748610983688628,0.003713556703305874,0.5493710408566965,0.5091744530418024,17,losangeleskings,False
730,Brandon Duhaime,WAS,69,57,69,126,0.013495012712693134,0.01198268577749026,0.0017049223812562742,0.5296794260240103,0.6327254085087898,18,wildhockey,False
731,Ethen Frank,WAS,66,22,42,88,0.012908273029532564,0.0049961808084483545,0.0012383474921230306,0.7209531855224816,0.8286077654926121,12,Predators,False
732,David Kampf,WAS,92,57,43,149,0.010842309061325946,0.009285845227950631,0.0011524196629313357,0.5386638489303645,0.6323062090058484,19,canucks,False
733,Hendrix Lapierre,WAS,60,60,45,120,0.011734793663211422,0.012106310141567756,0.0010259533819517736,0.4922084883024196,0.5694525014559721,17,BlueJackets,False
734,Ryan Leonard,WAS,181,129,164,310,0.03539996088402112,0.025264677640366807,0.006080185912938618,0.5835353468691634,0.49624664163160453,25,DetroitRedWings,False
735,Connor McMichael,WAS,116,45,93,161,0.022687267748875417,0.009534146356594676,0.002653699561006854,0.7041052783907424,0.7258882373896961,20,BlueJackets,False
736,Ivan Miroshnichenko,WAS,26,8,12,34,0.005085077254058283,0.0022954500740237,0.00022965628109928806,0.6889856277220463,0.8431062041725212,6,BlueJackets,False
737,Alex Ovechkin,WAS,321,237,601,558,0.06278114609818111,0.03997650527816079,0.019595060995095302,0.6109632251933245,0.6803667815246944,28,penguins,False
738,Aliaksei Protas,WAS,54,41,64,95,0.01056131429689028,0.00943120997449901,0.0018591482861733807,0.5282631724501274,0.5228939888017852,16,BlueJackets,False
739,Ilya Protas,WAS,27,2,15,29,0.00528065714844514,0.0004207882831071237,0.0005417487393522464,0.9261962096877316,0.9861279127968637,2,BlueJackets,True
740,Justin Sourdif,WAS,96,43,80,139,0.018630452030062545,0.009857026320180156,0.0018955484805263526,0.6539874046066215,0.8403352164995962,19,BlueJackets,False
741,Dylan Strome,WAS,96,23,74,119,0.018775669861138274,0.0035631233183454963,0.0029044997445058893,0.8404961588695886,0.8486084028769516,11,wildhockey,False
742,Tom Wilson,WAS,280,193,276,473,0.05476237042831997,0.0314964512487204,0.009491431415827365,0.6348611001591753,0.6659276009733048,27,BlueJackets,False
743,Declan Chisholm,WAS,37,35,25,72,0.007239991131662156,0.007880985053643869,0.0005882788041764791,0.4788044794818007,0.46359952672831706,13,wildhockey,False
744,Jakob Chychrun,WAS,116,69,128,185,0.022687267748875417,0.014098278551033343,0.005661025250086832,0.6167440756189528,0.6341765907405976,24,BlueJackets,False
745,Martin Fehérváry,WAS,60,44,56,104,0.011734793663211422,0.009562871282016609,0.0012913857489026022,0.5509896833005032,0.5215228051750636,19,BlueJackets,False
746,Cole Hutson,WAS,81,46,68,127,0.01584197144533542,0.00543448856950003,0.002954413931785689,0.744577407815458,0.8462108284913464,11,Habs,False
747,Timothy Liljegren,WAS,71,37,37,108,0.010388858973349487,0.0077858877485540885,0.000763020975999286,0.5716095598091165,0.6233037100900632,14,goldenknights,False
748,Dylan McIlrath,WAS,21,11,10,32,0.0041071777821239976,0.0025925965290869765,0.00024629434352588784,0.6130322591988373,0.4680129124499416,7,BostonBruins,False
749,Matt Roy,WAS,54,96,52,150,0.01056131429689028,0.0164614787668905,0.0016844061143505738,0.3908298550768918,0.43646070270983983,18,NewYorkIslanders,False
750,Rasmus Sandin,WAS,72,139,111,211,0.014081752395853707,0.028949835243610545,0.0037224348297816567,0.32724222294181254,0.144370472209587,21,DetroitRedWings,False
751,Trevor van Riemsdyk,WAS,37,30,33,67,0.00723645609231371,0.007146494706036074,0.0006864688822995233,0.5031273619557941,0.4308901951199887,12,BlueJackets,False
752,Morgan Barron,WPG,122,30,49,152,0.04771216269065311,0.0060339943697118245,0.0013372917052254035,0.8877316128307602,0.8969462301957885,17,DallasStars,False
753,Nikita Chibrikov,WPG,41,3,15,44,0.016034415330465387,0.0007778027319484411,0.00039689856992707235,0.9537358646514744,0.934132884697111,3,goldenknights,False
754,Kyle Connor,WPG,216,109,177,325,0.0844739929605006,0.02310202921216371,0.0062939582665906355,0.7852492707428433,0.8783831709193406,28,DallasStars,False
755,Alex Iafallo,WPG,110,40,50,150,0.04301916308173641,0.009110163631296327,0.0012466015100973818,0.8252391848172727,0.8610021606660035,20,DallasStars,False
756,Cole Koepke,WPG,94,26,35,120,0.03650000439347895,0.00559181998925214,0.0007796590384258858,0.8671518739979756,0.8958157970776901,14,BostonBruins,False
757,Adam Lowry,WPG,148,60,104,208,0.05788032850997262,0.012575971140712811,0.002868980184617528,0.82150678927132,0.8608678481439149,24,DallasStars,False
758,Vladislav Namestnikov,WPG,110,40,56,150,0.04301916308173641,0.008481037747961061,0.0012913857489026022,0.8353202975653157,0.8490300796048127,17,DallasStars,False
759,Nino Niederreiter,WPG,110,53,74,163,0.04301916308173641,0.011615462983282272,0.0017258062307002272,0.7873974103994209,0.8059289798705209,18,DallasStars,False
760,Gustav Nyquist,WPG,112,53,35,165,0.03990893675284073,0.014271365000835893,0.0007796590384258858,0.7365949516907692,0.7593510488874815,17,goldenknights,False
761,Cole Perfetti,WPG,141,42,90,183,0.055142745404771216,0.009522096321687644,0.00321070811930494,0.8527469322206429,0.8920019775127901,20,DallasStars,False
762,Isak Rosen,WPG,92,72,40,164,0.018432295023420794,0.013336415339739897,0.0008753491555505891,0.5802028100201092,0.4175310543820812,13,rangers,False
763,Mark Scheifele,WPG,194,126,263,320,0.07587016034415331,0.02583197176701477,0.008278837668667072,0.7460036360026505,0.7547686544071132,24,DallasStars,False
764,Jonathan Toews,WPG,161,89,119,250,0.06296441141963238,0.018417097381347405,0.0035205571425227363,0.7736943237758492,0.6960022839578514,26,hawks,False
765,Gabriel Vilardi,WPG,132,81,116,213,0.05162299569808369,0.01748137232829922,0.004177869187501132,0.7470294161199026,0.820619847029058,24,Predators,False
766,Jacob Bryson,WPG,74,38,22,112,0.01584511302741872,0.006757166514418388,0.0004210365153486948,0.7010404856770847,0.683607381485169,12,sabres,False
767,Dylan DeMelo,WPG,112,48,61,160,0.04380132968322253,0.010246328140240481,0.0014220978168995172,0.8104204964124759,0.8292424100618735,16,DallasStars,False
768,Haydn Fleury,WPG,113,23,26,136,0.04419241298396558,0.00483595086859562,0.0006623309368779008,0.901364220859208,0.8819028846715109,9,DallasStars,False
769,Ville Heinola,WPG,45,2,5,47,0.01759874853343762,0.0005220904858748966,9.569011712470336e-05,0.9711883933564848,0.9586142861162288,2,BostonBruins,False
770,Colin Miller,WPG,111,18,16,129,0.04341024638247947,0.004084310523460525,0.0006508228229258801,0.9140046609646396,0.919933119929896,9,DallasStars,False
771,Josh Morrissey,WPG,127,56,139,183,0.0496675791943684,0.012648030115223002,0.006415922234589665,0.7970327137076351,0.8139261874533471,20,DallasStars,False
772,Neal Pionk,WPG,119,42,57,161,0.04653891278842393,0.00927743127702555,0.0020896887287298947,0.833786475406792,0.8498160252380057,19,DallasStars,False
773,Elias Salomonsson,WPG,64,11,15,75,0.025029331247555728,0.0028730604579186095,0.0004319205207992842,0.8970317495272304,0.9522632266349951,7,stlouisblues,False
774,Dylan Samberg,WPG,124,29,49,153,0.048494329292139225,0.006363087435311409,0.0013372917052254035,0.884006797714787,0.9112492702664521,13,DallasStars,False
