player_id,full_name,n_days,daily_views
1,Chris Kreider,366,303|262|223|267|230|147|233|263|179|169|130|115|153|103|117|126|3457|9664|3998|1519|996|693|525|501|369|330|232|218|344|305|204|238|209|282|198|182|226|337|211|145|119|146|142|141|137|133|127|139|123|99|115|122|163|129|116|108|128|265|223|150|143|148|118|94|133|89|113|109|110|101|114|101|105|128|117|85|89|96|94|79|84|95|99|98|109|177|157|88|92|86|100|123|98|96|91|101|91|95|113|135|132|93|124|267|203|144|139|98|116|109|114|85|119|413|189|225|173|130|178|164|284|277|333|315|211|185|198|399|209|205|209|223|215|201|359|1059|362|492|251|912|420|274|2252|915|656|341|517|315|272|285|297|389|186|149|237|191|246|303|480|464|195|422|160|459|234|874|482|531|460|361|391|339|343|192|316|249|297|250|341|323|187|314|187|214|133|257|293|270|262|172|246|205|250|189|337|141|313|159|314|252|329|266|281|547|2904|656|277|214|272|229|234|208|217|157|227|153|228|145|206|205|123|300|614|185|153|321|256|147|197|233|174|111|174|274|214|180|277|205|155|271|172|155|141|223|121|294|317|117|160|203|154|127|539|155|293|260|231|171|143|93|128|102|131|148|135|174|127|108|191|145|168|245|666|445|287|181|222|258|581|213|218|174|158|196|188|660|192|192|161|168|184|274|158|133|172|103|98|137|122|105|110|395|283|157|109|142|164|122|112|152|141|210|152|205|186|151|151|118|116|212|137|108|169|131|168|122|163|101|158|170|403|167|304|118|508|164|565|165|431|325|2176|339|209|209|397|138|590|172|570|130|605|182|395|145|367|121|126|106|120|88|99|105|88|106|119|125
2,Leo Carlsson,366,112|96|97|100|74|73|75|80|71|87|106|73|76|75|75|72|124|97|87|46|51|75|71|97|71|84|67|89|176|152|101|140|194|329|146|155|148|110|133|101|89|87|100|78|85|106|98|79|66|226|93|79|77|81|66|75|75|62|48|47|54|33|31|40|29|63|48|43|46|42|44|51|41|54|51|43|21|53|36|41|34|39|31|31|42|54|54|56|41|44|46|46|41|34|48|57|34|45|46|58|56|64|55|37|42|63|78|52|49|59|48|55|57|56|66|56|49|56|57|77|76|87|103|75|78|61|94|109|65|102|121|111|113|99|134|140|103|171|123|316|192|140|300|233|324|140|176|218|127|223|147|203|128|100|115|115|253|133|121|788|225|286|209|534|432|705|537|1654|2651|1292|2335|1163|753|406|360|283|381|446|637|472|263|384|288|261|249|385|349|482|457|519|462|347|365|238|385|174|498|260|343|217|356|297|184|136|275|275|199|176|188|216|158|249|194|156|205|188|214|179|248|204|170|249|319|185|299|346|274|265|240|176|184|123|199|304|188|167|256|161|149|208|147|207|156|193|174|252|219|144|134|151|124|134|197|149|210|159|135|138|141|115|140|250|175|186|155|173|157|217|389|188|210|171|286|303|214|191|400|242|330|220|384|201|211|242|862|492|236|194|150|156|186|190|221|194|504|165|144|207|107|139|111|178|111|180|124|138|211|107|115|513|207|337|115|180|150|104|120|112|98|420|151|161|229|345|422|176|257|136|226|194|855|238|588|242|1669|336|1242|314|537|222|2114|587|286|367|879|566|2622|1109|854|452|824|491|764|336|539|244|255|220|211|213|207|171|154|116|254|207
3,Troy Terry,366,44|68|54|62|55|60|43|32|44|55|58|50|59|45|43|55|52|59|46|33|43|42|441|281|153|67|57|68|167|138|97|86|49|108|82|66|97|73|66|131|244|202|210|169|171|177|155|157|154|177|155|147|163|151|148|129|144|141|140|46|40|42|36|34|33|38|38|60|49|37|38|40|29|32|43|25|37|35|26|32|38|30|30|63|28|37|31|32|51|41|63|143|54|54|38|37|60|39|50|40|35|29|44|40|41|33|43|83|69|49|51|24|38|25|39|50|40|35|46|48|59|42|31|54|52|41|44|61|60|56|87|67|27|50|81|65|63|74|42|89|48|65|161|70|66|47|62|60|34|93|63|149|77|92|38|57|98|43|87|314|88|121|70|155|94|152|75|131|214|131|365|98|130|80|74|49|146|95|127|79|65|153|219|64|72|114|94|88|104|97|80|85|88|55|175|64|113|65|129|71|75|102|61|58|117|65|34|53|92|83|61|77|75|85|107|82|77|68|130|97|61|110|136|60|75|105|119|52|47|66|62|52|56|48|45|43|83|59|87|91|71|89|82|79|85|109|82|56|57|47|50|52|119|62|107|66|59|61|65|88|89|61|74|59|60|110|71|69|81|92|82|101|175|174|112|89|127|77|93|78|108|93|99|79|65|95|60|91|62|112|66|59|82|82|209|63|64|125|67|71|68|510|96|112|65|83|189|207|227|206|95|142|78|95|94|79|66|61|57|188|90|153|207|134|123|90|238|87|86|149|1343|163|349|125|392|121|441|119|256|98|2125|213|139|139|295|92|544|137|232|88|263|119|868|108|298|95|59|69|62|48|57|89|47|38|48|44
4,Jacob Trouba,366,172|192|182|293|175|136|105|139|139|129|359|131|394|138|182|144|325|561|317|146|134|111|127|437|209|166|133|147|151|141|135|116|120|156|113|149|241|238|149|123|87|84|239|116|129|119|101|78|91|104|129|125|96|104|78|87|93|83|73|89|104|101|80|73|103|77|76|72|65|82|94|77|71|103|93|84|110|87|79|81|67|79|61|71|74|56|71|66|67|72|62|62|73|85|70|94|78|86|87|64|76|70|73|121|98|87|101|76|83|98|90|92|90|524|237|165|138|126|103|91|125|108|142|108|105|92|136|151|96|141|133|151|131|152|232|429|177|246|182|247|224|172|338|202|279|182|274|195|151|159|181|360|213|116|216|209|234|117|167|300|158|208|126|361|196|309|237|605|486|247|377|204|300|165|151|150|193|219|250|199|173|264|147|145|134|166|147|143|164|119|148|158|210|144|1083|457|597|223|215|199|252|243|263|279|904|279|154|148|168|211|130|187|174|129|131|125|160|162|238|187|145|198|315|206|187|497|267|138|191|190|234|148|172|219|225|200|266|168|174|307|213|192|126|165|179|199|331|159|159|243|143|157|235|132|464|332|195|145|142|113|101|103|149|143|115|161|135|154|194|163|153|166|475|526|608|801|598|308|572|201|273|192|213|186|274|308|184|258|172|372|252|293|214|153|166|157|136|146|94|181|122|156|150|129|107|108|154|123|109|144|105|171|99|165|124|106|128|116|93|116|100|101|126|110|121|102|155|112|123|145|375|137|2154|169|889|190|688|174|763|129|596|201|175|164|577|214|441|200|350|134|589|126|626|177|508|321|234|176|170|150|155|155|121|106|113|145
5,Jackson Lacombe,366,465|159|124|80|52|46|31|32|20|38|34|18|25|19|22|28|56|43|28|20|22|31|21|30|28|34|27|30|24|50|13|33|27|56|31|37|32|46|40|23|37|45|52|92|39|49|55|29|20|32|29|68|47|49|39|51|27|25|15|25|23|25|34|29|34|21|25|21|21|24|24|24|24|25|29|21|29|25|18|16|21|20|24|18|24|152|116|47|43|28|35|36|33|37|36|36|29|41|26|34|32|31|41|37|36|42|32|28|40|21|18|18|35|44|33|28|38|30|36|34|66|59|49|32|37|58|54|77|65|4439|2174|569|266|394|370|268|196|182|88|137|185|112|219|89|138|64|74|88|81|94|78|115|82|61|43|59|75|53|52|116|63|102|72|148|110|127|65|126|204|107|315|72|133|129|206|60|278|73|160|80|60|258|66|72|54|213|78|72|81|71|66|60|94|53|122|72|133|61|181|95|82|96|62|44|261|163|74|78|79|73|88|108|74|51|51|45|59|56|80|101|58|137|323|72|74|88|99|75|65|75|77|41|37|73|54|44|76|53|41|82|2391|1616|525|279|220|212|662|155|146|186|162|154|314|231|625|386|398|592|448|443|452|545|1044|647|850|959|447|286|808|593|1157|819|10618|5260|5509|7696|2393|1055|687|516|534|315|294|237|301|612|258|223|120|205|136|298|213|239|188|117|132|177|121|114|104|283|110|194|121|168|177|93|78|161|78|138|108|127|105|86|122|106|62|127|100|99|125|126|243|82|202|134|112|143|798|157|751|206|2183|577|3151|1182|1403|607|3436|679|341|547|2166|516|904|302|523|193|545|293|510|215|574|164|104|120|104|68|79|92|79|97|75|87
6,David Pastrnak,366,1094|513|434|450|466|323|269|273|579|364|625|340|878|385|351|639|265|302|508|251|643|436|379|880|405|385|296|261|309|259|280|307|576|832|451|448|476|363|345|269|240|214|197|230|176|184|145|165|126|153|220|180|167|194|133|159|178|151|152|165|149|144|203|171|138|136|165|139|169|182|161|141|190|142|147|147|136|131|171|167|124|159|134|133|135|144|150|136|137|134|127|157|134|146|166|148|134|127|127|153|189|160|174|201|127|154|159|164|129|164|138|142|159|177|197|184|201|210|219|225|237|255|191|182|191|229|224|365|205|216|282|501|394|309|421|551|1238|537|357|445|468|384|316|303|422|282|469|539|348|827|325|466|431|274|311|401|417|357|488|385|262|220|204|447|287|375|290|1049|307|316|3598|773|625|336|801|350|355|294|464|358|416|270|443|244|240|295|410|321|356|235|245|283|223|325|379|372|232|269|457|299|635|304|328|301|264|456|421|442|306|451|371|290|580|392|302|385|570|374|459|430|771|499|571|644|456|515|798|407|521|1540|1093|548|490|781|442|904|524|735|456|392|656|422|739|450|1206|408|1362|932|543|914|752|1219|2141|602|640|957|1757|3041|782|676|722|911|3456|1982|1098|1760|832|2391|9105|2029|1485|992|1729|1120|791|727|646|762|942|571|387|371|479|335|383|699|687|369|325|406|876|738|761|398|816|1285|598|395|585|315|1273|375|456|533|1133|325|454|475|353|325|425|369|347|359|561|260|292|420|317|301|569|451|360|434|692|448|533|498|659|1875|582|1275|634|798|362|1100|646|667|3308|702|920|3678|1437|555|429|431|352|374|481|326|380|365|288|272|286|287|303|272|303|278|309|237|325|280|443|414
7,Pavel Zacha,366,107|162|132|128|110|158|90|64|77|65|107|90|86|57|56|82|53|69|73|58|68|139|111|121|116|75|57|41|64|78|75|73|110|190|109|138|179|131|161|82|102|74|82|73|71|65|40|32|61|66|60|37|40|46|45|53|49|36|35|64|137|108|70|55|52|62|66|43|57|42|40|48|50|60|58|56|46|48|70|61|49|46|32|49|52|50|63|75|61|43|46|50|33|34|39|40|49|48|47|37|64|40|43|54|78|49|49|32|340|263|129|75|77|46|52|61|58|45|33|45|59|76|63|60|56|51|81|96|68|55|46|92|68|56|87|112|179|112|163|200|131|96|69|74|94|56|84|92|80|241|126|281|430|863|433|292|176|131|122|93|86|104|143|188|93|218|81|165|82|79|216|89|73|57|130|56|77|60|95|67|106|66|91|60|72|60|84|49|113|67|64|77|84|217|88|229|54|62|97|66|82|44|99|60|76|92|57|249|86|145|79|67|112|61|50|61|78|65|107|89|135|122|101|128|92|128|143|102|91|1199|418|146|94|419|154|156|98|120|85|88|119|87|100|98|108|79|112|112|72|203|103|103|129|60|95|107|119|226|180|102|107|114|217|123|110|127|91|114|219|137|166|121|163|135|114|92|90|94|114|99|78|78|97|69|70|169|781|324|94|98|80|63|89|58|155|168|329|95|200|76|124|61|54|86|304|88|204|349|594|227|176|147|132|101|271|114|122|224|100|79|94|81|68|89|430|215|162|101|132|259|92|466|146|127|71|123|78|104|204|79|93|263|83|78|82|106|74|43|74|51|66|51|79|54|100|80|60|75|71|59|84|53|68|50|74|71
8,Marat Khusnutdinov,366,55|62|36|30|32|35|32|23|24|24|38|27|27|31|25|22|64|42|44|49|39|37|33|40|33|34|23|24|46|36|36|49|47|64|203|196|126|74|61|36|41|42|42|33|43|27|26|35|27|37|46|40|49|58|41|39|31|30|22|51|30|72|58|37|32|43|21|33|25|27|31|27|20|25|20|27|23|25|24|23|22|27|20|31|26|13|22|23|17|20|14|24|20|20|25|24|17|12|25|29|24|27|24|34|23|17|16|24|26|21|24|18|25|31|27|20|34|23|41|48|38|218|50|45|53|49|60|55|37|43|66|82|53|70|96|270|355|228|101|140|85|64|68|47|62|39|61|168|51|76|33|50|51|40|69|94|93|129|1973|510|156|77|75|2411|360|389|131|422|125|115|288|83|154|76|1091|260|142|90|133|32|197|83|164|43|40|90|105|74|117|55|50|166|48|66|45|95|47|36|118|48|152|110|233|254|56|168|59|213|59|183|94|61|487|62|65|57|119|74|100|56|105|83|68|102|49|67|111|53|150|4125|3295|644|247|344|115|778|201|520|163|98|121|71|127|90|174|83|165|233|93|496|114|148|392|67|120|286|122|73|76|76|68|63|56|45|56|63|60|56|68|206|97|70|111|76|65|69|61|87|89|53|51|78|708|140|291|155|202|105|92|136|88|81|125|63|129|178|103|62|103|54|462|73|132|149|155|71|230|187|155|355|385|127|92|106|128|59|93|104|70|47|102|147|149|90|194|182|144|89|194|728|139|532|147|140|73|184|96|117|369|118|181|395|250|205|136|107|224|104|59|130|76|69|43|50|85|86|61|52|68|57|40|43|56|23|27|45
9,Charlie McAvoy,366,177|150|127|131|141|102|119|107|115|127|174|132|223|168|123|164|132|106|145|106|146|447|465|314|179|165|152|103|140|118|325|378|263|703|210|216|229|188|143|179|229|226|230|232|214|210|314|391|286|209|185|206|223|220|190|207|213|183|190|82|92|92|93|94|97|103|120|100|116|90|93|95|98|93|91|87|92|64|70|80|108|66|79|84|101|120|102|83|105|68|70|99|87|97|131|97|118|95|81|101|102|110|96|90|90|109|122|120|147|113|111|92|112|122|127|144|122|100|188|195|165|182|127|109|133|121|132|153|123|120|144|235|158|178|226|410|443|383|187|523|288|152|154|143|234|150|325|227|321|476|184|401|449|376|241|405|281|208|266|233|171|165|144|387|161|281|198|505|200|196|470|200|168|145|2063|1422|853|607|948|525|348|244|789|563|255|286|578|468|577|488|289|313|240|412|529|361|325|260|278|316|531|227|223|225|230|471|234|328|239|485|419|246|567|205|221|217|302|206|332|344|440|780|654|526|266|293|358|266|387|1839|627|355|272|437|271|560|318|570|234|241|370|276|2635|971|1187|511|1109|509|280|447|538|539|1740|472|428|2046|2050|2366|2027|1186|873|837|3676|2080|7751|3629|1284|831|6355|2707|8491|2884|29903|11959|5754|4155|2571|2664|1861|1021|779|562|1659|634|599|826|848|369|306|1453|858|633|1201|590|544|749|434|363|335|315|624|301|500|497|567|351|399|520|435|293|315|219|245|247|603|262|222|309|238|242|377|322|254|199|254|279|303|262|405|928|356|1409|420|755|237|703|619|343|729|242|256|3501|1056|702|402|300|249|259|200|273|402|477|590|235|155|161|182|136|143|131|127|119|159|124|146|116
10,Jonathan Aspirot,209,109|62|118|72|50|45|204|48|133|38|135|34|33|39|28|34|88|463|51|63|27|59|17|85|43|81|20|32|109|65|27|141|28|24|490|103|160|30|177|33|22|82|38|98|34|32|26|35|43|27|12|12|27|21|22|44|19|16|21|17|28|217|42|534|80|45|85|29|37|92|33|121|122|449|383|179|180|53|118|46|242|148|175|251|59|164|119|468|56|140|95|36|120|48|90|198|38|54|112|40|32|27|31|34|35|31|21|25|30|23|16|33|141|78|42|52|33|38|30|64|156|91|38|27|48|108|51|66|101|163|66|36|105|39|46|84|28|46|150|196|33|195|36|229|38|51|57|104|14|38|64|61|39|152|40|49|46|95|18|54|69|36|35|236|83|83|127|120|60|103|75|258|493|95|321|285|195|35|167|44|72|334|33|55|295|40|37|34|31|33|12|18|20|19|21|17|17|19|41|25|20|25|27|15|17|45|17|14|30
11,Zach Benson,366,50|39|57|46|52|55|28|50|48|38|49|44|40|29|42|52|43|32|44|36|35|34|64|69|44|46|56|44|43|47|42|108|73|131|67|71|80|73|80|35|52|57|71|65|49|46|75|51|35|33|45|31|40|47|35|49|102|34|52|30|24|31|39|32|25|30|30|37|27|27|37|25|33|23|37|45|30|40|29|33|23|30|32|28|37|20|25|32|40|33|24|26|22|37|33|22|30|25|22|47|25|91|61|56|62|52|53|67|39|50|42|29|40|44|31|49|38|26|57|45|52|96|58|37|60|45|33|46|59|77|55|57|50|52|68|88|108|114|54|64|73|92|161|492|187|344|192|236|365|177|200|122|281|81|69|71|65|69|69|90|55|46|70|79|47|56|43|80|64|61|41|60|73|45|58|66|72|63|77|57|396|114|80|76|116|70|67|56|57|60|144|73|137|50|102|58|50|68|152|76|323|59|72|113|82|87|72|130|66|70|186|74|130|45|43|70|83|44|286|73|137|86|84|73|297|961|436|367|2793|815|415|215|283|143|308|387|192|107|120|99|213|121|323|494|203|349|303|342|134|324|179|357|120|443|171|102|122|75|72|55|55|111|74|63|59|76|71|74|77|78|61|69|113|124|102|77|120|109|126|138|93|132|190|78|179|105|165|187|154|601|159|102|113|199|77|64|169|92|133|186|192|262|122|115|553|126|165|257|80|96|209|147|87|78|113|107|287|451|862|289|130|117|64|144|100|545|233|132|284|1298|385|655|195|321|144|1249|625|821|1409|165|366|7352|1646|1026|996|3242|7508|2945|12120|2343|3764|1399|11777|2484|1972|596|8950|1739|6029|1140|647|486|261|235|219|244
12,Josh Norris,366,94|91|80|80|97|84|92|74|85|69|54|59|77|74|176|208|100|85|77|70|58|85|65|94|133|110|86|96|116|91|86|226|171|207|129|148|203|209|142|84|67|76|94|79|81|74|73|73|65|54|102|74|82|64|65|66|57|55|66|74|57|47|49|89|101|56|64|51|44|67|74|56|61|65|53|65|64|62|52|54|35|39|52|60|36|65|43|61|58|48|56|54|59|51|73|50|37|63|50|87|74|181|115|81|154|132|68|65|68|64|64|77|59|76|77|72|71|73|81|73|89|104|90|83|115|115|98|73|173|506|151|187|119|125|149|154|261|708|1042|426|398|400|291|227|127|112|92|115|83|93|132|83|125|108|91|115|75|76|92|69|51|69|61|50|51|66|75|68|69|70|83|80|85|76|76|79|100|84|90|77|95|123|104|100|117|83|69|79|79|203|2132|392|221|129|125|70|94|128|137|101|97|124|104|128|138|85|89|254|141|266|433|347|844|158|128|126|212|119|196|119|185|143|184|96|77|140|190|107|171|91|194|100|104|92|322|208|118|161|113|86|101|79|119|113|139|119|125|140|73|111|111|122|104|137|126|106|105|65|72|66|91|48|74|72|67|63|71|65|103|105|100|101|223|175|146|121|235|130|168|635|159|180|260|149|399|162|229|254|164|190|163|124|128|196|103|107|181|92|152|117|126|132|95|125|174|133|125|87|64|60|247|109|219|90|97|168|208|114|152|157|54|91|72|267|176|221|102|105|187|467|253|266|289|270|165|249|228|194|275|193|160|478|174|227|207|353|582|286|423|390|871|336|335|178|335|156|959|207|853|202|171|208|115|91|102|99
13,Tage Thompson,366,6395|1628|654|511|493|445|328|300|253|262|235|169|197|165|208|213|161|137|187|114|163|184|235|322|233|274|262|189|304|286|213|357|369|450|208|219|235|216|230|186|134|138|135|181|186|136|116|118|130|276|139|119|127|130|79|101|97|134|124|86|91|92|72|74|106|107|76|103|112|85|164|76|86|94|89|106|94|92|61|92|69|74|74|104|97|242|389|255|138|134|149|112|102|125|151|156|183|110|97|103|230|94|114|114|103|112|180|161|88|115|112|86|107|98|94|101|125|102|131|127|188|153|149|121|185|161|167|148|149|175|199|241|153|185|243|232|358|335|295|485|590|722|678|829|279|430|319|417|620|402|791|435|1346|377|226|318|312|401|362|233|327|156|182|272|199|387|182|273|163|161|434|613|504|320|1065|451|774|329|526|261|544|367|394|563|323|316|357|505|462|222|406|252|493|250|246|152|226|398|622|244|443|297|217|456|478|518|485|576|457|485|365|245|378|180|189|228|649|318|630|579|1676|1824|1864|606|567|1621|1580|794|931|559|678|384|569|488|850|3898|1212|437|922|461|639|392|695|862|554|349|571|1521|477|759|1911|1865|607|1093|793|634|2389|1332|901|721|794|915|6332|4868|2988|7053|2339|1023|4988|1502|21437|6552|38600|12634|5106|7488|22116|7566|3672|2445|1370|1530|3757|1285|1907|844|1838|1839|1010|1370|808|1361|860|1012|507|422|586|495|655|871|887|663|455|762|1875|473|799|633|371|582|1186|458|456|499|606|609|576|604|904|605|394|331|345|1380|626|1656|610|572|1956|28555|6563|4208|1527|3033|675|2022|967|940|1991|539|880|2522|754|1218|775|1722|2477|1319|5071|2810|3602|1038|6565|1494|3686|919|6042|1566|7774|1082|643|505|441|281|330|352
14,Rasmus Dahlin,366,214|162|132|204|392|194|107|147|155|128|186|136|168|99|136|174|145|152|173|86|116|183|127|251|167|166|138|125|175|170|157|292|387|738|242|259|250|166|150|149|114|116|163|183|127|99|117|71|67|80|109|115|109|87|71|86|73|75|73|78|105|83|83|89|70|106|71|60|78|97|91|93|93|81|66|66|66|85|64|70|111|69|69|79|89|77|78|62|85|130|100|98|119|80|82|77|71|80|72|67|66|68|88|72|80|105|75|99|82|110|104|90|67|97|95|102|1683|952|336|207|165|150|119|141|140|116|139|139|100|183|140|160|134|155|203|237|230|218|199|245|362|334|349|325|164|858|1602|655|507|266|413|258|352|174|161|165|189|171|393|116|185|122|142|182|153|967|941|401|280|219|190|237|218|306|385|210|297|213|280|178|250|193|202|147|169|152|151|161|191|149|181|157|496|162|178|151|133|204|215|155|268|461|331|406|320|263|254|305|243|312|272|201|237|131|169|312|537|275|361|297|486|414|383|292|319|340|390|322|338|270|291|212|282|201|1204|617|388|244|493|234|262|253|363|300|277|838|1263|2277|558|490|248|856|272|337|568|268|442|287|293|250|250|977|657|1126|958|535|374|721|1787|684|640|517|1013|838|558|403|469|372|375|528|288|279|411|327|1329|576|521|2325|1114|1143|593|441|432|610|280|308|418|263|452|369|307|342|386|714|1670|619|500|385|205|238|254|252|265|317|342|262|378|289|478|372|240|340|515|665|386|427|384|412|624|2599|629|1007|420|1028|288|1066|547|810|1312|319|563|2271|500|1075|760|1513|2675|2425|1516|910|2780|1376|3756|1032|1488|580|5772|1298|11335|907|707|464|339|227|236|276
15,Mattias Samuelsson,366,28|37|35|66|50|47|33|16|24|26|26|27|41|26|43|25|23|29|31|23|18|33|38|50|32|61|188|146|94|57|85|131|79|148|70|62|53|42|46|31|32|35|38|34|31|22|32|25|18|17|49|31|28|26|23|43|34|54|40|22|38|28|21|29|24|29|20|18|29|30|20|11|19|17|13|23|24|27|33|23|23|23|15|18|40|30|35|18|25|15|26|23|24|18|15|12|33|28|25|34|14|20|15|24|18|27|27|13|17|34|27|23|42|27|25|21|25|21|20|35|25|27|29|29|18|17|25|26|24|30|32|37|22|33|34|52|63|66|42|94|51|47|54|50|47|160|46|115|123|34|111|100|947|85|65|71|101|73|73|40|53|52|42|65|32|63|29|36|40|40|32|52|37|26|392|71|102|47|227|49|335|175|170|69|105|225|99|67|87|54|107|34|196|35|86|39|61|61|84|78|83|88|36|90|64|70|65|133|48|69|86|57|96|47|48|47|994|155|331|173|201|165|173|53|180|265|192|140|766|170|194|84|100|75|952|247|289|103|170|82|155|82|185|210|118|70|83|407|119|393|135|198|91|135|1350|260|223|62|64|72|78|79|87|86|79|74|79|68|162|76|89|67|129|117|102|73|180|89|234|231|114|94|177|151|594|185|211|262|222|233|107|95|87|101|86|83|138|92|133|370|132|116|73|91|164|58|79|65|41|68|109|71|185|70|93|89|144|141|137|122|75|61|65|178|103|227|321|201|549|4781|784|1121|302|528|154|602|240|238|768|123|145|2566|245|196|206|334|562|263|441|221|395|793|1125|527|498|107|904|267|4577|443|252|127|108|71|68|71
16,Mikael Backlund,366,176|90|71|100|94|74|71|107|71|77|89|79|93|71|66|59|62|55|86|51|78|49|49|142|89|84|81|86|75|54|54|73|53|72|65|55|71|90|57|57|50|49|64|73|101|95|72|74|58|52|37|48|48|52|47|43|39|46|48|49|36|51|33|32|35|60|65|40|52|56|84|55|61|71|82|50|69|43|57|37|45|51|35|24|46|95|43|62|48|35|61|63|51|119|80|61|39|60|42|53|44|47|37|45|47|56|56|41|63|57|64|45|49|56|327|351|116|90|86|70|53|72|44|68|56|46|44|59|47|80|57|76|65|67|71|106|259|202|183|83|61|66|195|107|54|70|113|82|97|90|309|91|117|62|114|96|90|72|88|75|62|142|77|72|143|77|111|64|102|53|71|63|114|53|126|69|73|111|117|66|63|128|122|67|68|81|88|72|90|69|79|98|69|98|80|100|74|138|89|90|54|84|130|76|68|165|79|162|87|247|78|84|194|100|78|83|188|102|167|91|191|192|161|152|98|152|107|165|119|156|72|95|102|114|79|320|215|118|157|132|85|122|76|122|82|121|64|120|79|110|108|87|73|122|88|121|81|80|91|87|80|101|98|99|86|103|99|88|152|86|148|133|524|361|187|138|138|173|97|103|111|83|110|123|145|125|158|102|112|104|84|200|150|127|122|144|95|100|64|93|90|156|78|96|65|115|61|113|73|88|41|63|132|87|101|84|80|83|68|76|80|79|111|83|97|56|156|94|76|59|100|61|70|73|86|136|128|107|81|93|93|73|72|80|103|94|180|79|71|59|67|55|67|67|62|46|63|55|67|70|85|77|67|54|55|53
17,Blake Coleman,366,77|98|74|67|67|73|65|53|59|72|55|55|85|65|62|76|57|73|100|55|80|60|58|106|93|66|82|39|68|68|49|50|50|63|61|86|76|85|71|64|61|40|46|44|44|36|39|35|36|31|37|27|32|48|32|29|29|38|42|224|1341|1213|408|111|93|64|62|46|44|48|97|143|92|88|134|108|130|73|44|40|45|37|39|34|44|59|60|27|42|47|55|31|38|48|42|56|43|51|66|63|81|63|45|53|47|39|43|42|56|65|43|44|43|46|59|38|39|57|29|61|64|57|28|48|57|42|40|49|54|62|48|127|89|41|65|85|225|123|128|75|65|59|243|190|94|63|93|89|77|59|116|51|91|75|250|106|91|71|77|46|59|77|62|72|134|77|83|48|68|56|106|117|230|89|139|95|85|101|103|81|69|228|195|80|95|147|129|106|80|104|74|109|128|152|90|74|79|69|69|104|65|81|200|55|81|201|64|108|81|109|70|93|105|57|55|89|217|165|295|227|101|82|100|160|111|169|153|787|618|288|289|354|214|147|188|149|116|115|226|213|199|149|103|97|63|79|97|150|142|130|110|77|106|95|121|96|66|59|75|86|139|191|85|53|54|54|53|72|73|137|375|181|183|155|143|136|119|162|120|130|185|205|391|312|366|205|175|102|148|76|68|108|55|72|58|75|49|84|36|95|97|166|55|76|76|75|67|99|46|59|34|47|111|43|69|67|98|321|152|213|67|70|91|67|199|92|168|77|109|105|109|99|84|60|77|118|113|95|78|70|68|59|76|141|100|83|57|50|45|50|69|53|34|40|44|44|43|40|49|54|38|41|53|36|65|62
18,Joel Farabee,366,65|53|47|79|62|52|43|38|48|50|65|34|78|41|50|48|42|56|33|38|55|66|40|64|70|40|54|49|113|93|72|70|76|134|80|76|108|105|142|86|70|56|77|56|53|51|39|42|44|45|61|41|42|43|55|45|45|43|34|37|36|40|32|29|39|41|39|60|45|35|37|35|49|59|59|35|35|28|29|42|43|31|35|34|39|39|41|34|32|48|41|43|32|45|41|50|39|36|54|41|44|35|45|34|38|28|30|26|36|37|35|38|37|47|45|34|49|39|31|57|48|44|105|56|42|34|48|76|78|86|49|77|64|42|72|104|152|93|143|68|66|110|98|126|129|66|101|73|103|67|115|64|88|46|65|106|112|67|110|75|75|216|59|60|63|79|155|68|55|62|50|49|64|46|66|45|44|81|400|64|51|97|104|70|57|100|57|99|76|53|54|74|65|58|50|61|41|78|82|112|61|74|112|64|54|95|54|61|54|128|50|62|98|46|54|50|124|43|84|80|193|69|61|73|53|140|101|210|91|92|52|56|63|55|61|98|72|51|41|80|56|72|48|72|56|61|56|56|52|67|102|68|79|123|69|70|57|41|46|44|50|36|61|47|41|69|51|42|81|49|78|68|138|110|89|60|76|81|67|66|216|64|82|74|99|91|350|161|153|95|48|82|41|56|47|38|31|105|60|123|53|50|67|71|37|66|36|128|55|68|45|53|76|52|114|66|82|134|63|53|48|67|74|127|136|73|169|108|180|97|186|114|142|77|71|98|95|85|75|145|82|75|70|104|102|105|79|88|64|78|80|63|61|66|63|39|55|55|63|51|34|40|38|36|45|41
19,Zach Whitecloud,366,48|82|59|76|76|67|44|74|47|58|75|49|61|47|42|52|53|54|43|41|48|49|40|74|41|40|33|49|44|51|48|31|30|74|52|76|109|74|56|47|32|45|57|43|46|36|40|37|31|43|72|36|47|33|47|30|36|19|24|27|36|35|30|21|38|38|26|24|30|49|25|39|30|44|49|39|27|41|29|32|41|33|43|31|34|32|25|44|50|30|39|32|33|34|43|41|65|33|22|33|41|34|40|43|30|18|43|32|26|28|30|28|39|32|46|35|31|40|41|40|56|78|43|45|32|27|37|40|49|102|84|65|52|44|66|43|167|113|47|289|93|71|173|69|182|42|313|45|140|49|53|61|81|139|45|58|80|39|156|63|39|47|41|126|54|81|38|80|53|76|39|50|84|41|178|238|39|201|43|57|38|88|41|75|50|88|306|127|123|46|107|155|47|43|218|58|293|45|372|39|741|52|110|68|54|44|181|92|113|212|518|89|109|59|42|71|176|57|282|116|60|125|87|76|151|67|459|60|146|57|105|351|57|48|194|444|80|3865|9768|8045|1414|2436|699|970|433|704|246|245|239|969|423|226|212|526|198|1300|181|135|129|83|94|93|102|92|192|110|116|185|135|98|178|119|169|186|216|119|216|493|175|346|447|290|565|1067|1281|367|710|267|202|125|81|103|98|256|137|181|89|271|52|258|100|494|159|294|98|391|84|258|126|293|91|137|1205|191|214|115|111|347|85|186|120|223|290|94|268|115|232|146|108|230|79|176|126|108|141|112|154|221|145|214|140|196|86|90|151|154|171|206|262|153|234|99|183|186|522|661|247|517|211|133|336|187|250|458|333|332
20,Zayne Parekh,366,196|118|134|116|154|173|215|186|135|99|305|160|256|110|153|136|118|104|118|79|104|100|74|145|96|118|147|212|135|190|119|152|212|437|215|228|170|197|402|317|131|124|151|110|135|123|194|113|97|172|168|130|100|96|100|181|120|171|154|105|107|105|95|97|185|268|119|70|50|70|83|106|79|87|90|82|94|102|61|71|279|149|101|116|99|84|105|91|67|51|66|86|78|85|92|72|75|75|76|77|115|246|247|190|88|101|147|172|119|91|99|100|122|95|130|169|220|167|161|911|294|498|205|178|150|335|242|207|212|468|236|438|249|456|696|412|697|473|2300|639|260|198|3919|864|228|186|685|172|628|192|3038|187|384|171|1021|966|1000|229|295|265|346|1011|287|217|241|150|1043|369|233|168|173|148|184|166|272|200|124|364|320|168|119|156|161|112|83|97|84|74|140|107|132|140|106|117|106|108|254|280|124|127|220|248|320|194|323|379|1006|319|162|405|233|165|246|318|651|59355|4325|1080|5446|924|17709|4776|8623|1922|23534|11722|2410|1188|716|474|430|290|315|353|272|286|246|322|340|275|232|186|188|258|177|275|419|407|244|232|356|384|259|1172|261|986|212|188|155|157|144|123|147|182|140|185|173|136|185|213|234|203|430|364|247|189|228|333|169|275|229|178|244|194|596|210|592|245|438|314|154|130|141|238|196|272|126|535|201|455|194|263|169|1111|498|595|221|1690|183|364|135|130|258|118|194|143|169|550|140|267|132|240|554|178|705|148|2183|610|297|227|180|179|149|107|229|202|276|308|150|149|127|147|143|176|271|404|239|183|159|163|218|148|157|195|285|216|152|116|137|125|120|122|103|119|99|105
21,Sebastian Aho,365,12|34|9|111|7|10|21|7|5|6|8|7|8|4|5|6|5|2|6|4|1|7|6|9|7|6|13|6|7|4|6|8|7|6|4|10|2|5|12|9|7|6|6|4|6|3|8|7|5|6|4|3|3|8|3|2|6|8|6|8|11|12|5|4|3|5|5|5|6|4|6|5|5|2|5|9|5|4|4|4|6|5|11|4|2|8|4|4|6|12|6|7|6|8|5|5|5|8|8|9|7|1|8|5|6|5|10|9|2|7|3|16|7|4|5|2|7|7|4|8|7|8|3|9|3|11|4|11|4|13|27|7|5|16|6|12|10|10|7|10|5|4|7|9|3|6|9|8|17|6|4|6|8|7|4|3|8|8|8|6|4|10|3|13|6|6|13|11|14|6|6|6|5|14|10|3|13|8|7|9|6|5|11|7|2|10|9|4|3|2|4|3|6|7|6|4|3|4|7|3|6|9|7|7|3|7|7|5|12|5|3|7|8|8|15|11|9|11|9|7|22|8|23|8|13|11|5|19|12|22|9|10|14|6|4|7|13|17|13|12|6|11|6|7|6|5|2|6|18|8|17|14|9|16|8|12|6|7|11|13|21|6|19|42|12|6|16|45|23|50|59|31|9|26|18|18|19|10|13|14|12|12|12|13|10|11|11|3|1|4|4|8|6|5|10|7|7|17|11|8|11|5|5|9|9|2|12|2|5|2|1|8|5|18|3|6|6|3|8|9|5|7|5|6|7|10|14|4|9|16|4|3|12|36|10|9|21|9|13|4|106|821|319|827|236|225|740|490|758|361|221|227|354|258|190|170|170|480|391|648|3220|727|1680|427|3471
22,Andrei Svechnikov,366,220|546|230|668|213|188|175|148|128|109|194|120|173|93|110|106|103|101|106|113|81|62|119|138|110|295|111|105|141|112|96|124|184|218|119|132|129|146|167|167|210|197|214|187|183|200|187|195|210|191|187|193|207|150|192|164|196|163|179|69|147|85|80|68|61|77|52|57|63|55|57|55|55|68|67|97|95|61|71|75|86|69|82|67|57|70|49|59|85|40|62|75|65|64|70|64|60|74|71|104|109|59|68|69|70|63|60|66|55|48|55|54|67|80|95|74|129|92|59|84|78|101|99|79|69|70|103|105|78|101|88|101|211|124|103|123|145|146|100|154|124|144|238|194|220|145|243|191|190|148|138|198|172|195|146|244|164|124|246|138|90|96|112|152|125|149|109|253|178|121|158|126|117|497|201|129|133|121|166|169|194|542|398|297|207|200|180|174|164|183|143|153|156|165|178|203|139|157|167|153|122|534|432|351|245|220|270|221|227|229|186|191|265|157|150|246|815|350|452|252|205|483|512|431|363|336|387|278|275|243|299|221|557|234|207|232|501|585|477|260|248|242|340|187|284|201|203|201|190|307|285|279|213|180|275|265|264|230|225|159|156|187|243|226|271|229|232|233|314|313|313|274|483|451|429|285|251|328|212|239|239|197|160|268|192|174|213|178|303|287|167|197|209|250|179|171|451|409|262|181|217|153|170|181|248|148|130|292|157|144|169|139|223|154|223|152|152|202|153|170|172|167|131|182|158|196|202|558|339|246|696|209|219|283|471|375|251|175|182|236|248|232|1244|289|1056|340|231|1449|496|598|257|235|209|179|186|164|195|132|430|193|260|1028|621|1108|255|2972
23,Seth Jarvis,366,393|1645|1945|5404|721|425|282|283|220|163|212|122|158|132|101|138|101|109|111|91|107|102|116|177|108|128|88|70|98|102|82|94|114|182|92|84|122|111|168|155|97|87|113|98|100|73|77|48|57|116|187|166|212|131|125|69|73|83|61|57|86|57|48|45|55|68|66|93|62|62|64|66|91|96|83|64|50|47|54|83|67|83|56|66|56|72|46|47|64|75|54|43|60|61|87|50|85|48|72|92|64|68|74|69|53|77|90|77|85|152|170|73|61|59|63|106|117|107|82|88|84|107|93|74|78|79|79|110|84|110|351|945|955|881|872|739|720|848|770|832|1176|2110|1394|908|1053|635|961|617|557|469|456|865|458|422|386|334|289|325|471|350|243|255|296|366|239|321|315|353|795|348|399|375|376|676|402|264|363|238|367|289|1223|426|240|190|214|678|397|1161|400|316|458|186|194|463|191|237|183|203|287|237|279|353|624|304|208|231|320|197|807|498|261|241|229|182|172|236|236|223|323|388|776|783|372|382|239|281|460|253|271|201|247|181|288|211|183|167|278|261|606|486|314|199|331|385|400|181|182|247|415|284|222|544|315|267|978|1815|4178|1551|1436|1526|1004|2124|2242|3421|1892|7808|3540|3143|4304|2650|2899|2619|9378|2351|1112|833|745|641|394|446|314|333|284|376|260|375|2924|488|284|503|300|280|261|325|204|240|370|353|254|408|415|276|297|474|224|169|217|449|216|177|185|160|222|214|531|185|229|382|248|255|204|131|192|217|210|172|316|1152|496|362|1023|256|377|959|1000|648|384|268|200|283|250|340|1142|893|6549|807|769|1990|947|1426|530|386|297|316|285|230|274|310|854|436|570|4516|1026|2129|694|1977
24,Jaccob Slavin,366,159|2115|544|1077|290|168|186|130|146|118|156|83|106|127|106|91|99|138|151|79|102|167|126|148|98|120|82|77|87|91|84|81|74|112|72|90|169|143|166|142|99|84|84|91|77|70|77|62|60|144|61|81|52|44|41|57|55|55|43|46|51|56|47|43|54|53|74|65|79|108|61|60|56|66|70|56|54|42|48|31|69|92|70|51|70|128|104|61|54|57|51|55|94|70|58|68|58|54|51|108|374|142|83|90|51|66|65|47|60|74|51|34|50|46|81|72|82|78|81|180|258|133|108|103|92|66|106|109|98|102|55|75|79|82|114|137|106|171|118|154|104|103|152|90|114|79|98|72|86|70|79|102|68|86|64|96|74|98|131|90|62|83|62|127|66|105|59|119|133|72|202|78|59|121|127|67|108|68|105|89|87|84|73|69|62|106|91|84|64|78|76|71|112|102|102|101|84|67|100|79|133|101|177|271|144|129|179|113|158|90|110|95|99|70|107|94|112|132|132|164|125|814|433|258|157|145|154|124|202|136|367|125|179|138|89|103|228|142|191|141|128|113|394|132|166|123|134|144|175|187|162|264|216|190|315|321|554|540|643|405|371|382|1502|777|1320|1554|572|453|1964|1971|1843|927|14394|15444|3969|2462|1231|1020|525|512|300|279|294|259|210|256|275|167|165|198|229|208|150|250|123|320|218|200|146|146|171|127|139|126|212|125|130|163|128|98|122|103|120|128|137|120|149|435|170|522|527|317|176|126|107|89|138|423|174|196|541|142|162|255|360|278|204|181|235|237|263|193|825|319|685|237|186|911|565|740|328|326|230|214|233|141|218|180|409|289|434|1556|549|1666|662|1252
25,Jalen Chatfield,366,113|199|99|218|134|105|57|53|54|51|72|28|78|42|38|78|42|55|53|38|62|42|21|46|32|45|29|27|28|31|20|27|32|52|30|35|111|119|88|53|49|34|47|57|46|29|24|29|15|30|23|25|20|51|34|24|36|34|32|27|38|62|35|80|88|30|31|37|45|26|30|30|21|39|29|34|39|36|35|20|30|26|35|35|22|40|34|32|52|32|42|36|35|43|35|26|26|42|27|27|64|31|31|30|30|30|21|16|18|29|31|28|27|25|32|24|54|58|40|123|150|72|63|47|34|35|33|39|27|39|38|44|41|32|43|50|53|146|82|87|39|53|93|42|104|44|92|47|87|42|39|146|53|82|40|74|88|99|66|88|49|40|45|84|33|323|95|86|90|42|68|48|35|64|52|47|55|47|35|39|150|94|36|22|30|51|47|53|53|53|33|46|51|99|30|78|37|25|47|32|63|39|99|44|18|43|105|50|151|75|41|38|103|34|33|49|252|47|160|163|48|106|44|91|65|50|121|32|421|83|92|56|334|62|59|51|124|109|112|52|44|52|97|54|128|52|54|38|63|160|77|171|83|45|79|63|82|50|41|39|39|39|37|34|46|36|36|40|44|35|43|44|86|93|103|68|54|61|42|97|37|97|54|232|61|409|133|62|47|136|47|62|71|78|28|163|79|90|73|90|283|86|75|259|43|31|59|194|62|45|46|40|61|50|113|46|63|76|50|66|25|31|49|90|36|50|47|1128|153|130|665|85|198|1628|859|173|70|70|88|103|139|190|547|192|1082|155|173|4233|795|1652|227|206|146|103|122|94|96|84|176|107|155|897|400|1820|631|11466
26,Frank Nazar,366,1140|385|210|298|207|122|119|144|126|116|105|84|96|84|130|93|85|93|125|82|78|73|76|84|104|88|102|85|91|116|103|113|211|351|157|187|133|125|100|84|104|89|135|109|92|76|71|71|54|112|103|77|86|59|55|66|82|65|67|75|67|52|46|30|45|38|58|72|45|47|65|74|107|104|67|51|56|43|130|105|73|66|53|53|48|205|141|2784|3554|2443|713|437|305|226|166|152|142|128|103|155|169|114|110|100|62|81|86|95|102|90|92|57|74|124|96|87|86|92|78|71|143|220|105|106|96|384|1136|330|458|326|172|647|187|245|3684|2232|685|742|498|1415|626|528|330|4295|1405|1250|519|2015|731|498|1054|1559|503|775|695|538|1183|547|519|277|381|279|302|192|350|323|745|469|323|263|206|305|176|199|669|235|214|485|238|436|215|190|326|220|136|326|125|232|354|255|181|300|202|371|200|215|213|165|204|470|181|247|414|184|271|438|233|582|195|380|192|130|209|150|159|192|198|187|141|228|159|353|239|191|182|144|143|193|134|140|149|99|134|133|155|152|105|119|149|182|124|307|523|676|219|598|185|396|159|280|498|141|172|242|136|155|84|110|118|105|94|120|147|124|124|120|108|101|156|111|168|183|382|412|297|235|243|282|177|219|151|126|202|171|183|342|168|182|837|163|158|307|163|190|142|157|509|161|185|212|219|155|160|361|152|164|142|158|394|119|200|106|195|94|168|128|419|175|117|127|149|168|162|213|112|237|135|120|125|191|113|166|75|88|142|156|111|89|106|121|96|84|95|113|125|173|123|119|109|154|165|112|89|76|108|94|75|82|93|76|75|90|65|90|78|96
27,Connor Bedard,366,974|1247|1126|1023|1455|957|852|1054|801|859|1606|758|1651|705|825|1285|725|727|1222|678|948|730|748|1524|842|848|677|771|714|817|736|831|1393|2491|1170|1082|995|1105|865|739|608|588|778|1508|1991|985|956|627|591|828|742|709|1019|717|448|564|584|418|409|328|366|308|345|341|310|320|338|322|372|352|365|364|388|454|369|353|362|365|381|360|382|353|342|318|388|347|398|456|472|531|408|426|371|407|460|465|374|352|386|395|379|380|402|402|482|389|475|519|430|406|514|462|450|545|504|557|550|474|536|570|649|941|793|618|530|673|668|764|1001|901|770|1171|911|1001|3172|1751|1516|2026|1235|1940|1052|1081|1031|2313|1245|1811|1144|1261|860|924|989|1474|1055|1382|1309|954|4504|1850|1601|1109|2279|1011|1149|937|2569|1407|4342|2953|2657|1801|2180|3406|1653|1654|3889|1236|1073|6061|2729|2982|2324|2122|2515|1515|1306|2827|1489|1690|2119|2839|1922|4156|2404|2772|1822|1840|1640|1419|1560|4123|2023|3868|2697|1949|2017|2437|1891|1750|1432|1345|1275|1219|1558|1388|1885|3625|2699|2135|3947|4462|4195|3162|3640|2326|3448|2484|1842|2283|1834|2061|1775|1305|1740|1262|1156|1552|1289|2124|1243|2433|1686|1317|1707|2454|1229|1302|1154|1931|1315|2489|2604|1576|1521|3395|2097|4529|2529|1914|1513|1439|1263|1500|2876|2701|2439|3687|2822|2126|3728|2867|4393|3288|12823|7093|4078|2748|2559|2853|2078|2332|1808|1521|2033|1577|1718|1829|1461|1560|1542|1295|1076|1753|1328|1452|1145|1132|1540|1022|2114|1384|1472|1125|1062|1284|1090|1272|1145|1047|1083|1156|1206|1112|1462|953|1240|1118|2051|1147|1101|1130|933|1005|931|1246|1030|1671|1585|1307|1323|1153|1201|1070|1075|697|920|993|1170|1244|1199|1193|1208|1022|915|1087|1655|4643|2368|1690|1719|1360|1360|1031|1263|973|1204|928|985|788|948|989|814|856|790|852|860|845
28,Nick Lardis,165,87|17|154|130|189|44|67|212|258|97|88|181|67|49|57|622|183|69|727|85|115|64|196|103|56|50|516|86|160|284|90|244|55|74|83|41|58|34|72|29|37|616|278|68|121|90|91|35|38|35|34|35|24|32|38|19|35|19|22|19|55|251|129|44|34|52|34|39|30|27|22|24|27|27|26|29|59|37|35|27|41|40|48|33|85|107|68|65|64|43|73|34|60|64|34|49|47|66|74|138|71|178|465|140|126|160|66|52|40|80|32|241|40|77|44|76|43|40|71|30|25|52|55|38|162|64|46|28|49|50|47|255|62|50|27|47|21|44|34|31|31|42|37|35|61|35|35|39|46|43|32|26|60|81|36|40|28|20|18|15|30|18|21|31|29
29,Alex Vlasic,366,653|218|101|119|93|42|60|48|69|180|194|193|143|103|95|68|64|109|106|49|38|43|29|61|87|40|87|47|56|53|51|309|201|145|102|80|76|78|63|81|47|53|46|57|72|57|68|60|48|78|80|80|72|73|55|46|46|51|67|44|35|41|60|32|36|53|36|30|33|35|35|48|34|50|31|51|37|35|36|24|39|99|59|36|41|252|124|107|54|50|48|54|50|37|55|36|42|44|40|56|64|41|67|76|137|93|51|33|36|56|50|33|56|211|89|75|77|66|69|49|54|73|59|72|43|69|86|71|114|62|66|86|86|105|224|129|186|296|254|411|135|206|103|500|111|302|113|285|89|102|128|363|76|138|187|72|322|90|300|149|237|75|175|77|203|74|412|193|124|87|79|389|82|75|673|84|98|429|159|298|357|96|252|84|235|265|89|196|292|233|108|192|106|173|103|196|217|138|103|400|103|167|180|121|107|221|80|392|195|140|91|79|307|96|67|104|281|242|87|290|122|254|139|175|264|90|121|224|123|217|139|71|240|85|71|158|64|165|81|276|106|69|370|586|103|182|91|160|105|205|306|83|95|386|103|136|81|98|92|74|74|59|95|71|47|93|100|93|155|91|87|85|273|338|138|104|107|118|88|150|110|121|232|176|228|252|172|112|306|86|81|125|76|124|79|62|189|97|158|103|178|80|81|129|83|106|125|77|119|62|132|80|206|58|122|81|373|72|69|144|129|96|74|143|61|259|87|92|63|52|72|65|51|78|102|128|78|68|58|87|72|211|164|113|70|86|71|87|60|61|77|44|44|61|67|62|38|32|48|48|49|46|35|47|49|46
30,Louis Crevier,366,32|21|8|14|24|6|17|10|15|4|15|10|13|11|13|12|16|16|17|14|8|9|5|18|20|11|29|17|24|23|11|19|17|36|24|23|25|18|24|13|15|18|19|13|14|11|6|5|11|16|19|11|85|56|32|14|15|18|9|12|7|8|10|11|9|13|3|8|13|8|5|12|5|16|3|5|8|14|10|8|13|12|3|8|5|13|15|11|14|18|15|13|5|16|6|11|12|9|8|9|11|11|12|19|7|12|11|11|10|12|19|9|9|24|20|18|14|13|13|25|18|18|16|7|14|19|14|14|16|12|8|49|47|25|47|30|28|340|118|671|102|105|44|123|62|169|37|70|45|35|37|63|34|33|46|27|480|66|45|30|50|24|64|24|78|26|95|65|51|39|39|206|44|40|292|59|48|278|74|290|56|126|105|27|29|126|26|47|47|65|43|61|45|84|57|65|54|35|33|983|96|230|56|36|41|151|151|269|106|41|34|41|75|45|27|31|158|76|50|152|23|146|43|173|98|50|40|244|78|57|59|37|74|40|80|187|18|102|35|85|25|31|65|316|59|74|48|103|37|164|106|37|36|67|48|56|24|27|21|24|18|25|43|14|18|28|22|19|36|45|30|36|40|33|25|19|31|39|42|111|42|46|77|35|51|68|56|52|68|21|21|89|33|82|34|23|729|137|91|57|123|39|45|71|49|127|58|34|52|32|65|24|113|19|62|18|51|22|34|87|30|16|35|65|30|566|97|72|55|44|28|43|35|20|42|21|46|24|27|30|27|22|37|24|12|35|25|24|27|19|25|27|48|26|43|32|21|24|33|28|25|26|14|22|21|16
31,Nathan MacKinnon,366,873|888|1032|995|1334|834|592|657|664|719|1418|626|1539|595|640|879|549|544|1209|531|788|685|688|1792|819|669|575|453|396|489|582|653|803|845|490|553|552|506|415|332|324|365|313|335|341|336|315|302|278|318|319|311|294|294|226|241|268|241|230|216|209|228|202|253|258|204|709|571|357|268|260|300|277|283|302|287|282|331|349|309|281|275|274|252|290|295|321|300|292|274|222|239|247|285|273|279|240|350|623|494|285|323|310|1074|303|287|286|274|268|280|254|223|289|500|358|346|363|302|374|319|380|336|315|316|289|307|328|342|392|437|568|536|467|645|791|2086|992|844|680|1092|1105|821|700|760|664|612|1212|560|547|817|560|665|651|688|501|839|832|557|655|602|514|622|630|716|598|661|718|1532|2395|1315|1750|1096|1170|781|812|884|650|825|866|1570|832|1115|1061|765|746|1086|922|1283|1123|1020|836|1647|1015|872|1529|1676|974|730|1301|820|1984|973|1358|843|833|1885|1040|902|964|797|1480|848|1131|713|681|867|1441|1082|1364|1750|2716|1803|1599|2309|1412|1230|1436|1097|1717|1331|1312|860|1559|1073|792|972|1081|1010|1394|1642|855|1096|819|1020|1344|761|952|919|1217|1196|2236|1524|988|1418|1085|1369|1352|1392|1624|2198|2249|2317|6065|7448|4698|7187|3983|2903|6850|4015|22245|13301|37887|26316|9250|4903|4003|3160|2202|1910|1877|1828|1523|1321|1341|1685|1957|1335|974|2239|1116|1224|1006|866|903|1338|796|993|787|945|1091|772|1096|1128|740|959|746|806|633|1019|733|1349|1191|1130|1092|1226|640|853|772|1365|841|1309|899|1306|1295|1125|2275|1221|2106|1408|1087|1833|959|1542|1000|2175|1683|1193|939|1049|1546|1311|1208|4435|1714|8280|2207|1747|2068|3279|1468|5033|1963|9514|2654|1472|1544|1144|1874|1651|3984|1423|3214|1145|5704|1710
32,Gabriel Landeskog,366,299|461|315|419|426|277|274|317|329|302|406|250|281|256|734|913|449|388|334|260|242|420|258|473|311|321|275|215|205|274|215|257|287|224|258|217|218|213|193|196|257|324|304|275|395|515|403|325|446|408|330|407|721|390|844|369|246|269|303|250|163|124|135|129|155|160|135|129|118|148|113|123|168|203|158|115|129|138|130|177|127|126|113|109|126|126|174|128|118|96|123|161|160|148|161|136|116|139|131|116|148|89|97|160|104|139|107|118|92|114|109|121|130|120|276|327|255|194|170|461|402|207|196|189|225|200|185|215|715|382|296|230|257|318|559|2214|452|506|344|451|432|330|307|307|373|261|553|319|336|606|264|449|270|448|244|195|320|242|312|324|219|189|245|626|444|304|235|819|842|366|2306|856|679|402|424|554|300|289|248|522|285|470|503|243|309|474|469|1099|719|397|305|658|373|307|385|516|311|271|427|316|936|396|549|352|328|573|317|358|432|381|532|335|417|252|278|319|484|342|441|386|663|679|542|1287|1642|733|607|469|562|450|377|317|515|323|296|301|427|452|604|437|328|389|290|417|474|341|344|340|404|433|527|408|305|387|346|545|669|602|898|716|588|2116|1448|1330|1104|804|676|3034|3808|1355|961|770|1706|1377|790|704|715|733|470|521|442|660|483|355|392|638|739|641|420|506|306|325|361|313|232|558|281|303|201|337|570|498|366|324|224|336|239|308|241|372|229|514|385|604|378|468|255|348|247|527|314|595|260|408|358|278|426|394|1258|493|429|2332|497|1322|372|1090|887|422|397|336|481|514|406|4134|799|3910|1116|678|610|1225|544|1589|1007|2491|739|508|442|405|666|814|1739|498|1530|407|2833|566
33,Artturi Lehkonen,366,52|87|51|112|85|49|42|43|97|190|101|88|114|56|61|69|55|56|54|40|76|46|46|154|77|55|51|35|43|40|70|48|55|48|45|35|54|66|50|50|47|48|31|43|23|39|30|22|65|51|44|40|32|37|27|28|30|25|37|30|41|35|28|20|22|28|20|22|21|22|35|36|44|42|36|34|23|30|25|34|23|32|47|32|32|38|38|33|32|36|24|29|23|41|26|35|31|40|28|30|36|25|24|39|22|34|21|30|28|25|20|25|30|30|33|40|27|30|40|42|41|20|45|47|47|51|48|40|53|61|49|46|59|56|70|301|113|89|48|92|105|67|75|57|62|61|128|71|87|74|42|89|110|147|96|95|86|78|85|68|78|56|62|71|60|44|42|115|215|86|197|58|152|92|70|85|67|46|53|98|61|86|72|71|58|99|84|277|126|86|83|107|82|94|87|100|70|67|130|48|148|69|77|68|81|144|86|59|121|81|78|62|83|62|64|68|207|101|107|69|69|146|105|190|132|94|148|100|102|107|79|71|107|86|60|66|89|54|105|86|76|137|82|69|114|69|71|81|96|191|112|91|82|94|69|257|113|152|148|113|105|413|243|203|339|237|91|108|2651|1138|1247|799|821|401|188|173|237|190|135|102|87|162|93|95|122|152|132|99|79|103|56|59|77|48|48|94|84|64|66|74|87|74|81|80|85|93|55|65|66|103|67|104|77|100|103|91|68|77|69|103|64|80|48|73|94|73|108|103|967|236|114|200|88|392|151|309|188|79|82|96|120|131|91|662|195|394|132|98|155|146|179|327|163|263|217|106|131|98|465|247|325|164|321|120|309|115
34,Cale Makar,366,486|478|504|492|597|448|398|389|477|459|743|400|697|411|488|644|2558|2002|1133|520|671|758|627|1357|578|550|440|348|460|443|365|437|508|826|521|527|549|433|558|385|373|325|339|370|533|424|309|259|234|242|211|254|286|227|188|205|195|217|206|235|238|209|218|218|208|208|243|221|196|191|245|260|256|264|354|309|282|264|232|225|313|225|247|232|226|290|261|238|268|213|233|327|301|247|279|275|207|262|217|208|214|245|248|322|244|282|229|248|207|238|235|261|249|403|354|308|301|253|280|317|301|283|288|317|300|358|437|416|461|435|400|439|416|496|571|1021|554|679|442|673|621|616|505|555|738|543|985|422|458|882|480|575|606|696|420|414|662|648|720|2064|1236|772|577|667|506|547|655|2066|1080|596|941|692|1215|691|696|1267|548|555|485|1105|684|739|1093|676|613|851|815|1119|685|660|682|821|537|526|878|778|481|475|875|533|738|1583|1067|885|731|1162|662|653|604|663|1195|656|760|476|525|725|772|676|865|1476|1676|1364|1402|1444|1182|1013|1353|814|1069|919|800|762|1662|773|640|665|750|608|774|771|956|973|637|1419|2033|667|603|651|1565|932|1118|717|623|1151|734|1103|885|980|2310|1826|1433|1639|4688|4276|2463|9490|2652|1657|4454|2574|6595|3767|66084|11033|4929|2874|2348|2483|1871|1725|1330|1155|1245|935|1035|1128|1222|1043|802|1156|715|865|826|728|721|946|643|1175|729|914|824|655|669|669|611|712|725|1506|1173|1076|700|806|603|736|702|743|495|570|540|846|687|824|606|824|903|640|990|764|1662|815|691|1390|624|2338|648|2058|1193|677|610|648|1041|792|977|8131|2186|4986|2021|1461|1069|1960|1056|2225|1155|3670|1167|749|779|723|991|2081|3665|2242|3771|2376|6902|1211
35,Devon Toews,366,109|104|103|249|319|153|144|117|126|135|163|97|122|85|104|105|139|140|144|94|120|152|125|173|148|746|410|243|211|154|110|114|227|148|89|117|113|125|168|192|361|222|161|114|84|83|66|48|51|67|74|89|69|65|55|52|60|57|40|41|53|49|49|43|48|67|45|48|57|38|70|61|61|64|61|67|39|60|49|58|69|54|66|57|45|113|97|253|235|129|74|131|89|88|56|77|65|62|57|53|125|110|87|91|55|92|73|54|57|109|89|67|44|64|72|71|80|67|76|73|64|151|101|90|72|88|95|78|102|93|68|85|79|88|125|297|124|385|188|205|185|154|83|130|128|121|223|105|238|307|106|195|215|149|97|80|207|125|200|162|83|99|92|157|98|99|120|394|317|132|336|137|202|115|127|327|106|145|120|193|159|230|434|125|118|242|188|489|219|153|144|302|240|285|198|210|106|86|254|128|206|114|186|97|108|205|160|124|438|171|226|136|203|135|104|108|207|113|257|2200|3722|2031|878|674|407|272|347|226|276|254|210|153|177|198|128|205|152|184|191|525|197|186|213|204|215|150|194|154|162|304|246|212|243|495|302|470|488|685|747|810|737|825|2413|2149|1144|5830|1291|682|3205|1387|3970|1566|30410|7815|2386|1554|977|755|503|533|289|440|319|208|248|315|387|207|144|235|144|196|295|157|126|198|161|261|151|222|188|114|137|149|118|305|182|290|109|150|122|205|85|391|134|212|149|170|106|192|108|633|148|260|129|117|236|175|478|177|154|541|127|503|117|841|418|163|150|135|128|152|158|4273|463|1928|272|276|217|950|238|1334|233|1643|377|185|184|143|174|238|1788|293|1587|207|1744|210
36,Kirill Marchenko,366,44|56|40|43|39|34|38|40|47|35|44|27|34|22|40|34|30|54|28|30|30|34|24|48|44|42|36|58|56|47|34|39|53|67|57|83|68|64|69|36|45|55|50|57|43|35|36|26|48|34|43|39|52|37|39|38|41|31|27|36|34|28|25|22|19|19|34|39|28|45|46|36|25|55|45|55|49|28|36|35|26|28|29|34|24|21|25|24|36|29|24|22|87|53|36|41|43|43|37|27|36|36|34|29|41|33|34|33|42|30|34|29|39|37|32|35|38|24|50|56|47|45|35|43|58|62|64|71|76|69|55|95|80|79|101|69|79|106|66|682|203|556|108|137|117|72|185|63|61|122|62|65|104|96|47|94|150|136|45|69|99|44|39|53|177|45|38|289|67|233|119|58|147|71|231|66|559|142|69|185|126|58|54|48|53|67|51|57|52|51|65|31|52|288|138|61|71|63|53|46|89|52|56|52|50|82|63|93|43|58|51|120|44|81|34|39|107|213|125|74|86|55|75|114|78|82|102|71|75|82|56|65|66|74|76|276|47|173|52|41|68|69|92|42|89|53|38|49|162|60|121|91|72|44|88|73|49|47|40|44|42|38|57|36|39|49|47|35|44|43|27|37|102|83|57|53|47|160|42|80|54|399|101|73|95|56|99|150|106|145|67|38|84|435|105|69|65|50|87|109|127|76|79|210|161|85|68|148|103|71|114|66|64|46|60|35|49|122|54|70|63|220|76|70|164|348|99|126|65|61|62|30|39|27|32|48|40|42|65|32|45|31|44|22|31|40|33|35|30|33|35|24|26|26|47|33|24|43|29|34|37|33|19|20|28|26
37,Adam Fantilli,366,164|168|118|142|112|124|87|106|126|116|145|109|133|98|101|150|115|104|113|79|98|80|93|137|123|97|93|121|146|156|123|174|253|416|219|252|184|177|162|134|105|175|130|155|550|266|137|84|89|128|117|117|120|176|120|133|118|80|56|57|79|50|72|74|68|77|78|70|69|68|85|81|91|84|69|74|66|79|63|54|64|39|65|47|65|74|74|73|67|76|55|51|72|83|88|62|62|79|71|74|68|85|98|84|96|102|116|86|103|104|77|66|93|91|68|96|74|72|72|101|204|123|112|92|96|95|103|101|109|95|174|168|182|142|182|180|161|188|147|231|196|191|162|217|186|156|178|209|146|288|131|284|205|152|169|125|327|217|274|321|198|189|136|147|264|221|399|716|444|546|408|276|412|206|223|147|430|371|317|3698|658|278|271|219|202|1030|150|232|192|202|334|204|189|480|376|217|229|140|233|192|222|181|202|153|166|513|226|315|158|147|136|192|163|184|162|211|245|210|285|296|327|269|294|275|293|225|333|366|298|236|215|170|189|215|176|314|245|186|152|176|201|223|197|226|252|200|165|232|331|242|372|219|186|239|205|260|155|324|230|132|172|202|351|362|370|550|438|309|436|314|425|403|1235|874|497|336|345|627|312|463|411|431|378|244|301|204|243|206|164|211|217|329|272|296|190|163|183|189|284|194|548|206|151|180|187|359|213|436|255|167|201|248|214|178|207|150|213|512|218|1177|349|431|383|210|299|200|255|139|118|167|171|141|143|100|150|125|164|152|138|135|242|177|125|144|174|425|442|440|290|240|255|213|293|254|168|137|139|127|182|165|141|160|106|91|116|125
38,Isac Lundestrom,366,38|22|17|18|21|13|9|8|18|12|10|14|17|19|17|14|18|16|27|17|16|9|13|18|21|21|26|21|34|18|24|30|20|40|33|98|653|328|92|73|40|38|47|52|41|27|18|31|24|23|43|54|27|30|21|16|29|41|11|28|16|15|15|25|16|28|14|19|31|18|18|20|28|11|16|16|18|30|14|16|12|18|17|10|15|15|6|15|10|13|13|11|15|18|13|14|19|15|20|15|20|15|13|12|10|17|21|17|19|10|12|8|16|20|18|18|21|25|22|50|49|23|25|20|24|33|29|41|25|32|21|27|25|59|69|47|52|79|26|64|42|51|34|39|38|33|38|23|21|51|22|35|34|31|14|33|65|65|26|45|56|43|21|50|45|61|35|33|55|41|53|16|43|29|20|39|64|31|36|28|39|24|29|26|34|40|21|41|29|22|37|21|33|26|64|43|38|24|34|21|29|32|43|23|35|47|21|27|21|59|27|19|16|26|26|25|28|26|33|33|22|34|25|38|34|41|31|20|21|34|29|24|35|28|23|28|16|15|21|21|37|36|41|29|50|26|23|26|30|33|44|108|47|32|70|82|49|36|34|26|35|30|44|21|25|13|19|32|63|36|19|24|46|37|38|30|31|27|60|38|37|28|17|43|40|41|32|38|27|31|17|24|19|37|19|23|30|77|75|46|46|34|39|41|20|29|18|29|16|19|21|33|18|30|38|18|33|24|15|46|16|50|41|25|56|24|25|21|18|21|17|14|19|19|32|25|40|22|29|18|44|24|28|32|27|26|42|31|26|24|20|24|21|42|34|36|24|27|28|15|26|20|18|18|14|18
39,Zach Werenski,366,1238|469|247|235|235|164|147|117|128|126|218|118|183|90|96|155|231|194|248|136|142|136|111|247|115|169|118|107|101|106|84|127|161|155|117|123|227|159|185|152|152|157|126|135|118|106|76|71|76|60|76|75|99|76|111|73|112|75|64|55|100|106|213|239|136|104|99|92|80|64|86|75|80|122|72|70|75|74|84|83|103|76|85|54|66|89|70|74|61|51|70|79|92|70|64|49|89|55|54|80|73|70|72|83|59|73|72|66|98|103|83|55|71|66|77|74|66|87|70|87|93|96|117|78|67|76|99|108|127|109|232|326|320|290|317|280|268|222|178|273|248|280|178|207|200|186|189|156|154|193|142|153|182|160|103|148|269|348|138|136|215|138|120|106|165|119|148|264|111|357|165|134|219|231|236|96|466|252|186|326|546|211|152|212|167|713|163|341|123|134|219|135|189|253|209|156|155|113|161|105|172|237|199|173|160|442|221|1533|279|427|302|231|194|170|187|165|201|210|247|252|248|714|650|466|299|265|367|280|254|261|215|259|239|363|232|384|189|267|234|248|296|288|493|302|441|262|265|249|838|393|642|469|305|472|613|1041|799|905|749|704|607|625|2798|1359|1798|7164|1589|651|1854|1555|5529|2336|38460|20551|9253|4732|2555|2615|1813|1571|1329|867|565|457|476|465|586|416|346|383|354|329|306|354|283|271|321|348|428|396|403|265|316|489|458|473|329|429|249|188|207|205|199|199|204|207|211|968|283|261|269|385|265|236|540|340|339|271|199|204|228|180|175|129|141|654|310|201|178|169|187|188|143|221|172|284|530|409|222|297|278|256|195|171|239|149|161|157|188|144|193|121|145|128|161|164
40,Dante Fabbro,366,83|98|97|456|396|307|151|115|125|150|108|66|89|74|147|108|114|125|122|166|149|249|210|121|68|95|70|77|91|74|64|80|85|103|446|337|128|89|71|60|26|42|52|32|33|98|53|63|66|57|78|33|34|23|21|29|41|21|29|69|45|32|43|19|29|38|20|37|29|18|30|35|21|37|33|31|21|59|84|54|39|31|27|41|30|40|16|29|32|26|24|31|43|26|22|23|34|43|35|28|36|36|32|25|37|27|29|20|30|23|24|26|34|37|38|44|27|33|38|54|37|29|44|35|28|34|18|36|53|39|35|53|34|30|45|36|60|161|63|84|54|56|44|50|45|43|40|26|32|42|25|56|56|35|34|36|53|104|59|53|53|65|39|37|56|35|50|249|44|89|51|30|51|42|44|24|62|53|35|84|56|46|37|37|39|45|21|44|47|34|43|50|25|47|36|36|35|37|48|35|51|45|44|42|32|39|26|42|28|34|32|34|22|47|29|44|71|50|90|38|45|42|55|56|53|74|65|34|47|32|43|41|48|76|33|71|29|41|40|26|37|35|30|32|31|34|34|27|27|26|27|42|33|28|108|54|30|26|35|27|42|28|44|24|31|62|32|31|51|45|43|32|59|51|39|46|33|51|35|44|46|42|67|36|45|25|46|51|41|52|40|37|31|35|30|26|26|28|22|47|22|33|34|35|42|51|26|57|38|22|30|27|30|28|32|22|42|33|48|30|30|63|37|26|44|34|34|18|23|30|31|42|41|29|26|24|28|35|23|45|47|37|34|36|34|33|30|41|28|28|22|25|35|39|40|26|27|33|35|26|35|30|35|21|24|24
41,Jason Robertson,366,1660|727|11753|1043|21009|1210|569|979|1763|1881|1237|808|638|337|479|746|1111|729|530|457|409|329|382|471|524|470|415|431|512|599|527|529|605|482|353|411|491|316|303|268|220|226|380|246|239|260|346|182|238|211|189|248|207|202|158|158|210|265|178|159|126|105|124|85|90|105|92|118|184|132|126|96|94|165|138|124|112|100|107|65|88|78|97|91|136|210|156|107|99|98|61|58|102|74|124|176|98|94|78|73|85|77|92|141|71|71|83|78|70|90|78|80|100|57|70|84|90|148|161|107|103|290|155|121|137|114|116|134|125|94|173|263|342|214|209|166|227|331|145|435|162|172|490|208|448|189|210|120|137|198|137|460|207|317|215|166|363|304|249|155|184|110|289|764|206|302|186|275|233|125|517|183|911|259|1974|426|288|1090|335|868|232|1409|323|288|1543|545|309|712|400|1284|436|749|1059|421|1090|324|557|241|685|364|872|310|493|278|388|262|210|396|1310|607|1781|788|1865|483|353|426|752|585|864|1329|931|4458|3987|3457|2375|1870|1891|1313|925|1069|861|430|947|713|496|656|578|654|436|624|2502|959|751|1764|1863|989|845|997|653|932|542|640|443|862|473|1144|421|411|487|451|437|430|654|452|548|586|357|263|623|447|645|478|1785|1318|1199|966|1219|613|464|880|373|1097|665|495|424|991|529|376|276|357|249|1432|414|681|356|358|257|1512|287|731|582|404|264|600|375|249|452|396|476|378|788|253|541|864|396|264|274|1113|503|1467|843|647|523|2082|445|676|421|2949|1484|782|3572|653|6998|767|3791|1801|628|544|3789|1026|2731|656|440|486|679|540|491|380|351|360|339|303|275|253|235|212|223|280|336|216|200|277|207|340|285|245
42,Wyatt Johnston,366,334|313|436|214|617|176|133|138|160|113|140|124|124|104|92|81|72|76|97|55|78|76|177|100|86|118|68|70|82|95|67|96|120|175|103|128|118|106|115|90|61|63|95|69|71|100|56|50|61|106|167|98|93|122|119|319|128|88|64|59|71|44|50|47|39|40|44|73|70|50|67|73|57|65|40|51|49|59|39|59|68|44|48|43|50|85|96|73|87|47|54|65|65|62|41|62|40|51|58|43|45|54|34|40|41|36|48|43|36|36|35|47|51|56|75|73|81|61|76|51|76|89|80|139|70|69|64|88|101|76|95|87|96|100|130|107|108|156|78|129|78|111|416|133|179|95|97|58|74|117|72|162|101|129|123|93|162|104|106|63|107|73|95|334|122|324|186|196|271|115|174|102|602|163|188|94|113|168|132|148|103|136|111|118|518|147|152|244|112|992|231|398|205|134|223|113|146|108|207|128|139|107|127|109|163|125|101|297|149|96|191|160|320|123|101|131|192|122|146|424|284|246|241|526|254|151|220|351|151|157|151|121|212|221|137|158|128|145|105|91|299|114|146|222|113|99|112|127|92|272|125|232|142|195|121|145|102|89|75|90|75|96|114|103|103|117|90|79|120|106|184|123|306|301|192|157|1131|354|157|359|208|198|231|144|202|373|181|166|102|159|130|327|137|318|147|261|143|443|193|186|240|344|172|453|204|135|144|199|219|221|236|129|197|240|148|112|122|480|190|684|209|178|314|491|152|249|191|611|292|164|1442|250|1933|443|490|339|205|179|443|345|1905|198|152|166|164|201|139|154|114|127|129|96|99|140|116|83|117|101|93|69|74|91|81|58|98|89
43,Mavrik Bourque,366,135|206|183|174|6077|270|167|158|98|99|66|91|94|57|52|60|88|109|81|73|62|52|53|50|392|640|378|164|118|87|62|89|78|97|47|64|60|59|37|39|56|33|36|58|24|33|63|28|33|39|50|45|60|54|30|43|28|26|24|32|21|32|24|27|26|34|27|29|24|27|22|20|23|31|21|43|32|30|27|27|25|30|35|19|17|13|28|34|18|23|16|40|27|33|42|28|22|28|23|27|19|32|33|26|21|33|44|22|30|25|21|23|26|36|38|29|25|100|686|76|45|67|39|175|37|31|38|48|47|38|34|77|60|58|79|77|64|112|45|179|40|39|334|47|409|59|58|37|62|107|41|82|46|102|128|57|251|82|56|67|64|26|36|117|43|93|463|182|112|41|107|80|374|60|164|58|37|100|45|337|45|75|43|41|181|151|38|106|53|530|68|144|117|45|100|61|154|90|126|31|88|61|146|50|129|173|128|127|110|46|682|95|343|91|74|152|132|94|76|84|766|154|98|1416|416|156|152|263|74|109|76|49|90|99|94|76|43|163|84|34|2304|95|119|107|89|54|62|85|64|713|173|122|66|114|47|307|60|44|55|43|51|44|50|34|29|49|38|35|62|37|44|57|53|62|43|45|139|52|56|159|87|192|315|81|85|519|224|412|121|174|81|197|203|250|120|142|70|482|73|185|110|220|41|244|53|74|267|291|138|438|459|64|114|1524|174|56|186|143|62|128|113|81|70|4040|539|1296|139|704|747|160|976|183|1000|112|688|1088|129|127|352|172|6345|332|182|119|96|127|122|111|67|71|90|63|104|69|65|46|77|45|77|94|77|186|123|111|103|108
44,Miro Heiskanen,366,183|181|344|139|349|126|92|91|76|92|103|110|104|63|77|101|109|91|75|45|65|86|53|115|88|77|64|60|77|76|49|72|118|140|86|86|82|110|95|56|52|83|83|61|67|55|51|30|50|36|28|58|49|68|50|34|39|51|32|42|62|53|40|44|40|43|68|56|70|67|67|61|52|81|45|71|62|48|33|41|53|49|42|34|44|44|44|46|50|40|34|51|43|39|73|61|48|91|61|50|41|48|34|42|34|47|42|34|39|37|51|45|39|39|42|55|57|47|46|68|52|60|57|49|59|57|51|67|64|62|53|79|73|83|134|132|66|98|81|101|69|93|146|82|108|80|85|76|46|84|68|119|67|120|77|84|135|61|84|77|75|76|64|165|90|126|107|128|151|81|128|77|125|53|109|93|64|140|63|115|95|102|99|115|122|117|96|151|86|113|81|117|146|91|220|110|162|89|140|68|123|184|140|82|113|145|85|114|121|90|115|88|114|72|89|96|99|136|125|98|134|252|144|169|131|224|174|136|115|87|81|101|153|156|97|151|91|145|103|86|117|104|91|124|105|82|120|128|88|112|92|80|87|121|99|164|131|140|143|136|169|513|236|320|446|293|203|148|787|424|763|735|953|465|263|210|223|362|253|161|137|204|187|136|125|192|112|166|108|123|86|152|89|96|74|120|88|137|98|103|82|82|58|98|83|77|70|86|80|66|71|67|103|132|77|98|78|92|83|199|116|102|120|118|87|93|123|240|162|102|286|83|374|114|341|325|132|118|484|138|360|108|93|194|117|246|151|113|99|85|82|88|100|112|77|70|68|72|83|91|109|103|106|71|132|91
45,Thomas Harley,366,256|150|499|272|1298|213|138|113|95|84|107|90|112|87|91|67|120|71|107|68|85|83|78|71|127|91|76|61|71|85|79|50|77|105|77|78|89|81|72|65|52|43|75|91|68|65|61|42|105|75|36|78|62|50|48|35|45|48|46|40|43|47|45|28|33|37|42|117|167|104|74|65|56|55|44|65|49|46|47|60|59|54|37|40|46|101|64|52|56|54|67|56|43|59|71|55|51|55|41|42|53|55|133|85|73|66|51|44|53|38|35|37|40|50|56|54|75|98|76|48|66|84|60|61|62|52|94|59|102|72|80|74|93|93|111|76|68|79|82|133|86|118|166|132|115|95|76|77|67|63|56|73|57|101|72|434|1482|356|176|109|92|110|85|169|136|111|80|123|109|105|140|102|181|109|203|159|133|163|142|82|63|75|68|94|96|84|110|77|82|91|100|90|93|79|105|63|73|92|124|102|105|66|74|75|106|92|86|87|150|77|136|84|143|82|97|97|124|93|137|7365|6153|2045|912|616|348|258|279|292|399|998|286|163|162|193|156|153|106|169|154|153|182|308|303|201|153|144|127|196|166|173|247|288|204|443|411|914|613|539|695|831|738|736|3724|7747|3809|2564|1027|745|2061|1068|2469|1263|7176|1969|921|534|624|308|256|321|311|200|296|210|154|182|117|123|109|116|117|193|117|309|114|133|97|150|62|101|101|83|75|93|77|100|95|80|71|67|81|77|125|111|66|84|84|80|58|119|123|86|68|200|94|159|102|180|127|83|275|102|267|99|175|201|129|108|171|160|331|118|90|96|120|212|168|185|124|72|122|139|128|88|97|74|88|65|78|70|70|77|76|61|67|64
46,Carter Mazur,366,22|17|34|25|24|15|18|23|20|23|18|24|19|15|18|18|18|13|17|12|20|17|13|22|30|19|15|23|20|21|23|26|24|76|55|39|42|50|77|46|29|45|44|20|33|25|22|30|18|17|29|34|17|29|22|30|20|30|18|14|17|19|17|32|52|30|49|26|30|39|21|17|16|13|16|40|29|33|51|18|14|14|22|14|16|16|20|16|9|21|17|12|14|16|15|25|20|17|10|14|31|14|19|18|22|11|12|28|24|42|55|35|38|24|33|39|26|30|21|27|140|265|64|60|34|29|39|105|30|38|57|49|65|41|55|32|57|47|82|64|45|26|42|66|49|66|50|58|46|46|46|59|23|34|65|52|89|26|40|24|20|23|32|22|22|25|25|43|12|11|14|18|25|22|35|19|16|51|23|40|23|15|18|16|25|31|20|15|30|12|16|25|21|8|25|17|23|16|15|31|17|71|61|27|31|39|23|22|32|46|35|26|38|20|31|25|36|35|25|18|21|27|25|42|26|36|25|36|37|26|31|27|29|31|27|28|52|49|48|36|36|45|39|29|42|23|21|33|26|28|21|32|36|29|16|12|22|18|24|14|27|21|17|27|10|43|27|24|18|25|15|18|50|41|36|30|31|21|30|32|43|46|31|64|56|36|44|58|29|35|27|22|27|24|19|20|24|15|12|34|27|20|16|24|17|34|263|638|59|102|60|67|56|47|123|30|47|74|51|102|87|81|68|85|37|54|46|46|32|32|30|17|18|21|26|32|29|11|33|14|24|23|18|21|17|49|42|29|80|38|26|14|23|25|29|26|23|28|14|35|69|32|27|16|12|19
47,Emmitt Finnie,230,198|129|113|611|393|192|148|380|229|433|4229|3738|831|668|1881|378|281|1192|865|400|979|357|466|259|147|470|182|217|158|140|264|278|118|78|93|77|115|88|134|144|66|771|210|349|375|164|179|573|106|213|244|83|328|64|92|222|76|126|69|448|220|569|182|435|499|87|444|85|63|152|497|99|186|219|143|121|1525|301|173|186|203|287|86|111|216|188|843|143|102|126|65|73|200|95|184|74|140|80|60|90|117|107|104|55|58|113|154|53|171|58|79|99|57|100|99|53|56|110|78|55|45|53|67|60|58|53|49|38|49|40|33|30|35|27|31|26|54|55|45|28|56|92|65|82|223|138|58|368|98|114|67|130|51|74|61|47|31|113|129|569|69|108|160|77|222|46|76|160|54|47|69|91|42|46|57|35|74|199|95|42|57|91|58|71|115|83|74|69|69|38|62|42|42|32|24|32|49|21|20|38|29|28|27|23|48|40|31|18|19|37|34|522|236|147|162|107|115|90|154|65|29|156|104|88|72|1325|458|210|89|108
48,Lucas Raymond,366,195|123|103|108|102|97|59|91|91|117|123|93|106|74|92|85|66|69|90|71|85|216|135|121|88|59|78|81|150|83|69|91|110|169|133|97|115|115|74|62|49|64|118|67|79|53|63|55|55|115|287|276|164|154|145|79|64|85|58|55|56|49|70|34|43|70|94|59|47|41|51|49|47|73|68|41|60|75|49|49|45|62|69|49|66|90|44|59|55|65|48|41|81|59|60|77|59|45|50|68|57|62|58|67|54|68|44|58|53|55|48|65|69|74|75|59|68|69|70|74|74|80|58|71|76|60|85|92|99|100|82|94|127|146|202|238|228|166|175|925|387|283|233|253|164|185|312|187|145|192|195|145|110|124|111|151|204|102|171|152|102|321|117|122|131|99|171|167|115|94|78|68|175|101|173|407|106|276|280|216|220|135|123|244|97|122|145|157|186|102|118|236|91|151|95|110|90|151|98|194|107|132|126|107|118|252|173|182|189|326|185|154|287|155|138|160|249|295|229|179|222|573|387|212|267|608|246|254|435|267|524|195|288|176|189|187|400|298|405|238|233|427|1271|257|367|243|209|215|158|236|272|189|183|368|202|309|276|278|293|258|299|947|596|836|2386|1134|695|1867|6613|2067|832|680|1098|724|422|298|294|422|225|323|435|281|209|270|225|212|183|256|136|146|109|138|78|180|139|174|104|119|178|90|417|102|109|140|105|178|257|234|113|117|134|116|194|138|170|123|126|150|140|195|118|210|177|213|199|125|169|99|100|147|119|91|109|89|101|110|132|147|96|85|87|103|116|112|140|244|177|149|151|134|139|158|143|128|405|155|353|448|209|360|224|274|698|289|237|357
49,Simon Edvinsson,366,75|57|48|49|49|42|28|27|32|28|74|57|50|51|42|31|18|23|45|26|40|32|23|32|47|23|25|26|38|34|44|34|48|91|61|59|89|67|62|57|49|40|52|40|25|38|40|23|13|30|35|57|52|51|40|120|64|36|28|30|29|27|19|21|16|30|17|22|18|20|16|14|23|20|32|26|20|29|39|24|20|26|30|14|22|33|24|19|27|22|17|30|15|28|21|27|27|27|20|26|21|24|22|28|34|23|30|32|28|36|36|26|23|33|31|45|35|28|20|37|30|37|38|41|51|36|37|41|55|54|62|47|89|68|75|41|84|97|57|247|82|75|57|108|62|90|116|85|43|75|81|62|39|227|52|41|179|46|77|60|35|70|41|44|60|46|71|85|40|42|35|45|80|40|83|78|52|79|45|50|53|49|63|49|38|41|80|49|56|60|53|106|63|54|57|106|157|229|131|131|123|122|118|147|176|129|102|57|96|133|83|70|119|54|67|59|66|1481|219|109|117|179|136|92|136|173|90|70|164|75|182|86|156|168|95|60|91|77|67|65|73|503|157|111|118|116|138|99|90|99|100|58|59|139|77|100|80|67|74|48|60|73|51|46|54|62|76|62|108|65|69|54|122|87|56|60|62|7903|4232|1310|649|339|208|387|196|174|139|199|99|109|72|109|93|93|93|116|83|83|111|69|89|66|110|103|67|61|103|135|120|132|67|69|88|66|98|70|72|69|69|86|45|99|60|73|49|59|101|50|64|80|49|61|47|53|68|101|62|121|115|98|102|67|79|53|65|86|94|60|56|63|55|50|76|81|68|59|72|81|88|59|51|56|56|47|46|43
50,Moritz Seider,366,133|126|119|105|131|108|74|84|84|91|158|103|140|103|151|223|156|125|147|83|92|143|96|135|113|82|88|83|214|154|102|165|138|212|128|140|140|132|108|134|193|169|222|192|182|203|193|169|157|167|196|209|199|201|176|169|168|159|168|68|68|56|40|48|49|58|60|56|41|48|71|59|58|64|71|73|67|88|53|91|69|78|59|64|42|68|61|53|64|126|101|96|74|59|76|58|64|41|54|40|53|44|81|60|65|62|61|67|65|101|77|78|67|78|58|65|80|82|84|93|118|106|109|124|87|69|109|132|102|137|166|114|136|177|199|190|244|259|172|199|302|169|191|318|168|273|206|493|185|177|232|157|117|191|134|97|198|129|179|171|99|428|201|211|140|143|204|211|150|118|90|112|196|145|266|239|132|195|156|163|240|145|130|221|161|173|146|120|722|160|124|439|171|227|197|235|168|167|142|283|154|159|216|141|129|313|185|151|320|1007|753|492|510|225|261|303|323|740|262|288|347|360|514|208|243|406|397|278|356|229|294|437|454|322|249|229|256|253|252|213|244|1428|521|295|404|363|294|415|264|346|347|179|199|310|323|390|325|357|294|410|392|412|1337|955|786|2416|647|603|902|441|325|315|606|458|333|280|249|358|224|263|356|236|173|428|208|201|325|436|243|184|150|175|190|154|135|305|178|212|344|143|364|192|158|189|204|217|240|226|108|158|196|137|194|264|190|220|205|220|181|513|312|315|242|196|165|196|273|169|130|137|132|122|145|100|138|140|143|142|87|132|133|113|100|86|111|211|157|153|115|132|214|115|199|239|366|248|258|272|204|310|139|124|147|105|140|162
51,Leon Draisaitl,366,2102|1693|9775|2584|9938|2583|1767|2067|2336|3041|30465|6852|19767|2927|3093|5590|1491|1623|26300|5970|7153|2156|2047|8690|2654|1906|1181|905|925|816|706|622|736|782|738|603|754|644|526|437|401|470|425|459|653|572|516|430|353|521|358|330|770|515|313|369|377|367|302|299|244|196|258|267|296|327|324|372|380|628|705|562|470|532|710|767|502|405|514|270|247|255|273|294|395|286|331|274|251|177|208|245|255|339|367|308|263|225|277|234|230|290|335|591|261|240|304|439|545|557|350|321|256|303|477|482|402|385|381|351|399|373|434|356|334|319|485|649|485|369|424|971|591|973|943|779|1572|623|491|937|560|558|653|429|607|516|627|512|426|479|360|568|369|511|1226|602|670|429|516|347|490|339|485|708|552|413|389|542|421|544|455|720|662|388|711|439|451|414|776|571|419|499|367|398|557|430|412|517|476|387|348|480|337|541|407|705|425|399|468|420|637|608|1391|1064|864|4663|1621|1118|966|640|951|628|1558|770|749|1185|1028|750|850|833|963|1035|1051|771|616|681|1098|774|804|929|5706|1145|1551|1204|575|714|1113|1966|1454|743|815|537|795|618|1120|582|930|625|586|1096|655|1251|655|741|1596|2057|2948|3716|1545|1246|1154|1428|5609|5869|3939|12489|7015|5272|6138|2207|2055|1750|4369|2500|1612|1366|1248|1353|959|951|806|709|1157|687|609|618|568|868|492|695|532|815|614|511|964|1361|1267|735|555|683|1014|516|444|590|439|629|510|426|450|422|606|422|482|452|600|458|436|535|688|585|475|531|489|716|579|612|1059|763|721|951|1753|807|1443|558|1282|654|1583|709|2090|889|2150|1444|1803|934|889|1035|619|551|578|632|421|438|405|612|529|448|443|477|430|428|428|363|420|379|500|438
52,Connor McDavid,366,7004|4606|12026|6945|35928|9804|7604|7431|7099|13099|37332|9268|34508|6394|8630|15658|4649|4418|18036|6023|17275|5017|5248|31215|11710|8776|5216|3441|3231|2645|2605|2522|2832|3401|2019|2154|2537|2412|2004|1662|1622|1668|1634|1725|1484|1235|1096|1034|1116|1037|1095|1092|1845|1326|1010|1015|1032|957|838|719|766|752|736|860|795|838|905|732|742|769|813|774|742|760|795|900|999|1116|877|742|764|734|741|646|741|742|756|686|725|613|630|682|683|906|1473|1077|764|743|754|746|851|926|1274|1590|1059|1045|1041|1318|1700|1381|1459|1138|1070|1052|1539|1573|1397|1040|1108|1201|1177|1071|1081|1017|1182|1064|1308|1622|1406|1266|1264|1810|1215|7022|6214|3760|3682|1952|1775|2400|1678|1806|1765|1440|1546|1571|1691|1378|1692|1764|1335|1678|1261|1443|1484|1392|1523|1519|1389|1356|2594|1645|1929|1549|1753|1593|1415|1879|1474|2821|2005|2105|1923|1372|1831|1469|1629|1457|1931|1636|1318|1401|1138|1069|1555|1200|1118|1278|1344|1149|1117|1605|1340|1554|1280|1663|1246|1223|1700|1343|1971|1729|3787|1998|1438|4049|2164|2508|1717|1692|2645|1857|3200|1983|2192|2496|3439|2343|2897|2767|3526|2831|3489|3045|2774|2935|3767|2828|2951|2243|3742|2117|3446|3799|2514|2767|2341|3221|3129|2317|2172|1871|2135|1824|3057|2166|3089|2497|2273|2968|2661|3497|2367|3060|3692|3523|3367|2992|3764|3721|3214|3783|10212|10629|8207|11708|7244|5649|15247|7836|18711|11838|80162|31664|15302|9114|9469|10024|5234|4219|3750|3121|3806|2931|2858|2537|2507|2898|2110|2909|2044|2867|2509|2254|2153|2137|2254|1850|1972|1557|2593|1860|1767|2888|1926|2578|1942|1800|1757|1961|1706|1561|1992|2075|1925|1541|1404|2432|4982|2582|2010|2122|2146|2485|1687|2153|5353|2681|2559|2434|4227|2768|4631|1970|4675|2619|6025|3651|4777|2978|12555|6249|4483|3562|2763|3836|2636|2331|2138|2004|2222|1899|1958|2536|2312|1774|1790|1711|2030|1574|2190|2174|1738|1945|1689|1867
53,Kasperi Kapanen,366,568|369|3609|556|2099|417|474|483|522|419|9356|2168|3729|499|479|1558|322|234|1079|403|428|218|300|1216|394|253|229|210|201|190|182|135|147|153|141|435|400|298|270|233|158|155|153|138|125|121|98|86|109|466|204|130|118|83|81|112|75|117|107|88|82|74|82|65|64|64|62|68|71|96|94|161|160|122|88|98|107|84|116|90|75|79|77|74|93|62|63|90|94|107|107|103|89|318|126|643|191|681|141|82|143|97|99|91|87|93|59|62|80|84|92|122|76|73|105|106|129|93|84|182|232|93|78|68|195|244|156|156|171|146|113|302|138|134|145|741|1130|453|200|273|137|153|254|100|279|176|175|117|417|214|742|625|185|185|164|141|126|124|149|112|120|104|152|159|98|231|103|491|148|180|142|159|185|117|153|115|213|124|110|117|93|311|86|146|115|243|327|282|156|198|118|118|320|157|126|472|149|89|154|92|243|132|238|304|129|180|109|116|166|175|339|136|206|117|151|138|154|230|178|167|164|484|259|282|303|223|1362|546|675|198|461|230|474|273|168|244|137|937|511|171|207|146|174|161|527|202|265|135|128|365|184|271|136|165|724|428|150|158|230|234|211|218|203|193|163|143|123|157|241|148|306|1146|604|223|157|139|151|157|176|119|127|173|220|165|120|131|150|595|283|401|160|148|744|151|130|136|133|132|134|110|253|259|222|287|265|211|129|242|142|136|476|202|227|164|502|231|136|180|199|139|134|116|125|155|140|116|180|140|232|220|3512|798|825|231|1554|410|1812|289|452|295|765|258|264|206|174|183|156|132|198|126|203|84|103|119|154|125|131|362|427|107|116|413|191|277|230|174
54,Mattias Ekholm,366,318|402|558|890|2232|306|214|181|243|253|6651|595|1310|238|212|692|156|116|951|279|826|143|135|819|334|159|126|126|124|102|85|94|56|85|76|87|93|80|70|68|57|46|57|45|67|46|34|31|33|29|28|31|35|33|29|39|24|30|40|25|19|26|26|17|19|51|41|27|37|22|38|30|42|40|46|46|39|34|39|47|56|51|41|29|33|35|34|29|26|29|29|62|91|52|50|47|27|31|42|35|47|35|42|263|75|67|41|32|36|29|45|42|58|56|49|46|52|55|65|50|49|29|45|34|55|55|59|43|43|50|46|64|52|95|103|734|394|154|90|127|64|81|96|51|74|102|87|69|72|52|46|103|76|93|105|57|98|54|71|39|49|45|57|49|58|49|44|105|45|74|48|86|80|49|103|50|93|38|102|68|59|115|44|44|98|70|43|78|54|49|50|81|50|44|32|80|48|54|67|72|138|80|127|100|66|80|52|73|109|61|66|47|156|114|71|61|238|51|131|67|77|226|257|118|90|110|148|94|116|78|77|66|152|189|65|69|70|60|120|68|89|63|86|57|97|69|1704|244|106|170|103|92|74|86|159|95|56|58|59|51|59|81|78|94|78|105|55|84|134|84|97|74|97|152|81|93|111|106|97|72|133|103|88|62|77|71|44|106|64|155|51|63|59|58|135|52|76|45|86|75|91|58|49|77|51|75|68|48|59|57|80|37|109|50|77|31|54|110|70|60|55|44|47|78|45|58|106|51|47|179|230|84|289|59|187|63|243|66|448|85|367|177|81|63|55|113|108|50|68|47|89|82|111|65|261|92|174|121|145|110|64|66|100|96|77|94
55,Evan Bouchard,366,861|538|2690|574|1363|403|377|459|415|497|3762|706|9092|861|639|3110|359|400|2838|569|1771|344|321|2352|788|591|303|355|369|228|382|320|319|260|188|1073|1501|592|344|178|144|166|262|190|302|385|104|88|71|92|125|96|117|63|83|50|61|49|71|72|62|54|54|66|89|74|141|115|105|73|73|75|109|87|67|77|63|81|65|72|73|91|100|50|53|59|61|64|55|54|30|76|59|52|54|69|55|56|61|39|49|61|60|80|62|55|78|60|60|73|90|56|50|66|87|77|56|61|77|88|82|68|89|80|79|61|91|80|80|85|81|109|72|158|210|216|278|108|121|242|111|115|131|87|473|278|306|196|202|220|127|252|89|324|297|86|168|83|365|210|285|129|301|269|122|111|90|212|216|225|126|305|181|94|213|79|126|157|254|149|89|211|119|114|257|121|105|125|89|94|84|148|66|137|86|207|103|65|314|295|301|309|316|284|210|282|184|211|255|139|200|121|206|158|132|120|372|173|266|336|341|188|320|180|155|140|196|101|317|139|237|142|512|775|129|170|95|230|209|117|120|91|188|109|2116|500|627|225|164|591|238|604|205|182|337|358|217|179|220|140|249|614|297|308|185|267|196|126|239|181|256|246|640|408|322|216|354|272|336|278|247|184|451|261|171|226|152|255|178|299|151|233|191|132|154|111|173|134|139|96|215|86|92|241|116|651|328|472|263|179|269|246|216|145|364|160|168|261|486|256|244|171|167|231|159|167|409|302|220|255|465|200|445|134|513|213|1168|204|1136|241|713|273|217|202|256|218|415|420|274|198|251|198|208|227|326|330|225|201|220|138|219|209|112|244|186|225
56,Matthew Tkachuk,366,2129|2883|1471|6676|4126|2364|1796|1909|1743|3105|7461|2057|10186|1874|1754|6987|1905|1929|15703|2415|5327|2724|2611|40992|7320|5073|3782|3025|2405|1744|1322|1072|1066|1432|828|950|1154|847|824|642|597|581|678|616|561|592|587|591|562|460|408|456|491|424|393|455|1335|1366|847|687|654|508|487|576|455|375|423|333|383|400|1198|1500|1248|966|710|531|466|508|540|463|397|382|416|387|404|488|367|354|417|532|594|393|335|300|370|385|301|321|363|372|308|354|418|373|324|288|273|290|296|377|330|344|315|306|465|1080|981|11722|1800|827|583|585|501|526|640|401|509|555|494|448|1027|1275|1176|1132|1731|1450|1264|1043|1105|1134|1039|1133|1088|1143|850|902|806|658|730|1122|837|822|740|636|598|593|602|495|555|505|616|584|447|531|585|653|558|627|573|604|1225|937|775|667|725|542|620|608|574|602|659|741|558|616|735|678|770|685|615|615|551|844|795|904|690|752|750|679|809|964|775|1009|898|709|952|872|980|1134|1043|757|810|711|790|673|673|771|1353|940|1036|1214|1307|2388|4048|1994|1389|1365|1103|976|1298|1057|1205|793|980|800|1517|4344|2394|1881|2227|3221|1409|1131|1789|1196|1383|1072|897|1083|1136|1636|1135|1197|1143|1306|1326|1897|3459|2681|2833|2658|2737|2951|10994|7351|17915|30327|16872|7050|16393|7808|26712|18413|106283|50673|31492|21914|10525|11241|5596|3996|3107|2210|3729|3321|2376|2324|1679|1355|1209|1368|2236|2112|1200|1336|1234|1060|1152|1268|1193|1170|981|891|1206|906|900|1054|1152|1209|771|786|915|1083|1362|1099|1355|1319|1891|1822|1312|1079|952|984|803|831|1078|1387|1285|2472|1824|1334|5356|1337|1088|1526|2431|2088|1572|1273|1397|1123|1078|952|890|961|871|937|1150|1055|950|900|834|716|785|667|922|767|721|646|701|1117|774|657|1791|697|899|958
57,Luke Kunin,366,79|88|67|101|82|59|58|67|62|80|132|52|87|44|77|94|42|57|100|49|43|63|41|117|74|62|46|36|45|50|55|84|74|84|65|74|102|105|145|227|115|76|67|62|58|46|74|33|89|132|80|56|60|40|49|49|59|58|71|48|38|33|36|42|46|30|43|38|39|36|38|73|74|63|44|45|29|48|49|52|26|31|41|55|29|41|44|71|520|409|191|139|86|55|53|53|45|43|43|55|54|60|46|62|46|57|39|32|41|34|56|51|49|57|58|49|78|74|56|53|52|81|51|56|87|64|105|113|66|79|214|88|244|106|498|227|122|179|80|174|167|132|102|104|76|80|67|55|95|199|82|99|79|76|71|61|85|70|59|64|51|53|84|51|63|77|71|82|66|89|89|72|87|72|76|37|329|93|77|91|78|79|87|189|71|73|78|79|152|59|60|68|84|65|86|55|54|55|51|48|46|76|62|65|81|83|76|80|176|126|83|60|262|85|87|102|254|89|119|140|70|137|280|101|77|80|113|57|77|83|76|60|52|70|67|116|83|63|74|68|57|80|72|59|196|86|51|56|46|240|67|75|76|66|71|71|81|90|79|71|70|64|84|63|85|92|90|78|104|112|141|102|411|343|233|147|152|85|111|215|230|123|91|57|77|101|70|88|46|77|81|87|52|50|82|51|49|56|42|108|47|44|36|46|53|164|54|202|136|69|49|68|67|71|88|45|84|66|93|68|48|53|44|58|59|221|89|44|66|88|66|50|55|51|94|83|101|62|94|102|65|63|55|48|43|58|48|30|44|59|45|39|41|38|41|19|43|40|56|21|37|31|40|36|37|34
58,Cole Reinhardt,366,24|33|8|8|15|9|5|6|5|9|8|8|10|6|11|14|8|19|14|4|12|25|22|42|14|5|10|11|10|8|9|6|7|14|14|13|151|306|121|57|56|37|38|24|23|17|20|21|20|15|17|13|10|15|9|17|17|22|15|13|13|8|17|16|14|25|14|7|5|9|11|18|11|8|19|21|15|12|15|6|18|8|14|11|8|7|13|17|10|16|14|13|14|12|11|13|17|10|19|15|27|15|13|11|15|11|7|7|9|12|16|11|19|20|18|12|16|19|22|76|16|14|18|214|77|27|27|20|107|116|25|22|31|61|55|55|72|45|38|28|20|78|374|38|1046|85|60|43|108|28|37|39|45|37|18|92|124|27|189|61|44|57|49|106|26|92|25|78|26|140|18|22|82|23|79|83|17|174|16|144|37|59|20|65|21|15|24|25|152|27|19|79|22|22|159|44|126|15|145|15|131|27|56|17|18|34|78|20|17|178|113|20|10|15|22|14|29|19|42|22|22|24|22|17|47|49|32|27|14|25|45|103|26|20|114|266|36|237|57|76|26|28|244|50|54|45|23|122|12|39|34|98|37|32|31|713|163|34|28|24|29|20|39|25|22|34|17|11|27|22|29|22|62|41|25|20|119|23|31|215|75|41|208|141|1254|576|130|90|86|75|160|208|32|56|99|49|223|43|2399|237|74|47|48|75|58|52|57|104|54|72|70|51|42|106|85|29|74|1156|71|40|254|412|261|819|111|389|67|33|38|47|22|44|32|21|44|31|22|20|22|46|22|41|22|31|27|24|31|13|17|23|28|19|29|22|18|21|26|22|21|15|22|28|46|28|39|22
59,Donovan Sebrango,366,30|40|10|19|11|16|9|20|37|6|17|10|11|6|12|15|12|12|5|5|9|5|9|12|13|16|17|13|22|11|10|9|8|24|12|11|22|14|24|18|12|14|12|15|6|10|12|10|9|15|8|9|11|10|10|15|15|6|20|12|7|21|12|5|9|7|4|8|9|9|5|10|12|12|14|18|15|13|7|5|11|5|11|5|9|11|10|3|10|12|9|11|13|6|9|16|17|12|9|20|14|157|60|24|20|23|14|14|11|9|16|8|15|14|15|13|15|13|34|24|33|81|32|16|18|28|21|51|470|90|40|39|64|81|101|54|205|171|75|78|59|87|962|604|181|150|110|108|111|99|95|96|71|70|101|84|89|70|55|418|272|107|84|85|50|148|76|102|46|803|143|116|233|80|67|48|66|40|48|56|49|110|59|44|51|25|27|38|26|67|41|44|47|51|59|58|38|32|34|51|34|30|34|24|36|41|35|38|38|21|24|28|43|51|27|36|45|32|48|44|47|60|70|77|57|69|166|38|607|54|115|57|157|47|57|63|120|45|119|52|38|37|33|32|38|53|41|37|20|21|27|30|33|29|31|33|89|43|47|34|60|34|36|21|29|22|22|16|33|21|23|25|38|38|53|48|35|76|52|37|70|44|31|39|69|144|26|25|79|209|41|53|33|39|52|31|44|21|70|67|46|15|45|77|51|48|53|32|26|37|94|50|39|60|90|24|144|241|87|107|76|72|38|71|41|85|30|35|28|31|38|27|29|27|23|21|24|28|15|33|21|24|20|23|30|26|28|19|21|22|24|13|20|21|7|17|17|26|22|15|19|20|24|26|21|18
60,Michael Benning,366,32|22|21|30|36|38|37|45|25|60|42|16|19|16|56|39|26|17|43|136|113|254|64|104|33|131|29|122|33|98|24|29|26|12|23|23|48|24|11|15|13|17|10|7|15|14|24|8|18|14|12|12|13|17|20|16|17|6|12|10|9|11|12|18|10|15|10|9|15|18|15|18|11|17|15|15|19|10|18|19|113|63|22|29|26|30|24|24|27|24|23|21|17|19|20|22|20|24|18|16|24|18|14|23|15|19|9|12|20|18|22|24|18|27|12|21|19|22|26|44|26|34|108|73|35|34|42|38|27|26|17|20|30|27|21|20|23|24|17|24|13|14|17|8|27|20|17|13|13|21|15|16|17|15|9|16|20|6|8|13|12|13|8|16|14|9|23|25|10|19|12|14|16|17|20|9|18|18|20|28|17|16|14|9|13|15|18|18|16|19|14|25|23|20|21|50|24|20|15|19|31|25|29|24|24|12|21|14|18|19|12|30|11|24|21|13|20|21|29|33|18|32|50|89|28|18|18|28|15|24|21|16|17|31|14|14|18|26|24|21|23|20|9|28|35|36|19|25|18|22|12|19|34|23|17|11|12|14|17|10|14|10|20|15|11|21|26|25|19|25|12|27|21|31|29|17|24|29|20|23|37|38|27|23|22|16|27|22|13|25|372|870|139|87|80|43|115|59|798|145|67|37|44|55|56|78|53|70|45|40|26|43|75|57|60|37|52|71|52|59|39|69|46|36|27|382|71|26|38|38|19|25|44|22|26|24|32|19|34|36|15|17|20|26|14|26|19|17|20|29|11|18|30|28|21|15|7|19|37|15|12|20|20|21|19|21
61,Artemi Panarin,366,295|292|275|443|580|427|382|382|293|344|388|240|315|214|266|391|328|362|354|200|289|227|211|361|327|357|321|319|300|284|288|225|217|323|200|220|319|385|371|262|341|429|418|343|454|429|446|428|464|445|443|408|341|326|284|309|563|353|325|220|200|174|170|199|161|163|167|218|190|127|198|153|154|227|203|200|172|215|194|199|232|177|157|171|164|179|204|175|168|126|153|206|193|192|171|186|198|195|159|197|177|183|185|191|159|171|133|207|269|225|183|178|186|331|276|285|268|243|240|272|238|317|306|344|234|246|259|353|252|234|241|279|221|324|504|869|483|459|394|458|453|668|484|584|749|445|711|532|914|463|341|395|250|262|394|429|398|428|523|227|296|293|271|422|583|516|1103|667|378|560|379|654|303|286|441|366|294|358|309|371|259|331|286|331|274|366|405|508|397|423|576|753|520|825|650|390|412|245|360|702|271|256|751|320|394|378|318|327|519|380|304|258|417|261|235|320|308|356|374|449|389|603|1778|498|394|658|488|944|891|841|455|560|701|558|710|2811|3574|1769|1247|1526|1420|1289|1086|998|827|704|832|1334|6584|3234|2312|1526|1522|1496|13576|11575|3870|1627|1375|798|658|667|698|565|734|565|568|526|715|614|645|597|1199|880|1061|1352|3639|2192|1182|972|888|1080|558|633|1630|827|1308|829|555|598|375|516|507|540|855|1546|514|365|605|561|427|555|354|859|584|487|332|388|258|267|316|408|336|396|676|388|310|270|271|356|585|537|290|503|365|341|499|411|1529|539|392|1553|479|896|332|1052|631|364|362|296|328|301|279|319|247|388|434|303|239|214|261|192|487|497|289|237|216|165|209|209|207|223|225|169|172|197
62,Anze Kopitar,366,302|356|283|286|294|242|182|307|270|240|314|193|291|221|232|320|202|1487|1335|580|499|415|293|558|348|330|347|276|282|265|242|257|263|266|247|237|308|315|256|213|195|239|199|195|223|226|155|139|168|191|162|165|182|804|326|239|220|198|190|169|220|214|192|167|159|171|206|198|192|227|173|200|197|147|179|182|186|181|151|184|158|143|249|205|333|346|201|218|219|236|342|274|194|159|215|315|272|226|200|190|176|134|175|177|163|184|176|165|123|170|153|175|171|219|195|3405|10115|2632|918|692|563|497|493|475|400|332|341|325|318|314|545|846|741|734|1105|5390|2692|638|1097|533|499|761|433|458|565|507|496|377|338|484|351|427|345|560|660|403|538|380|616|285|484|304|333|440|415|573|384|586|736|581|1341|647|970|388|717|467|1359|544|519|1127|1147|431|396|882|395|447|340|342|1755|334|293|2501|1071|665|452|2356|1363|790|441|1338|419|357|932|339|523|436|585|467|296|279|367|399|418|290|281|323|620|365|732|446|407|634|547|882|383|703|444|553|384|499|654|379|382|341|490|369|480|572|387|314|432|322|322|341|436|326|353|542|389|444|666|1557|981|397|608|798|804|478|352|326|342|543|682|594|701|616|478|528|847|632|952|751|1491|1005|622|548|982|952|427|734|540|673|381|351|2177|653|1473|915|612|3021|698|612|1886|4171|1188|2639|900|543|928|781|502|525|379|412|390|646|361|449|252|291|285|567|1374|1296|1198|503|635|441|391|607|2297|9781|2869|3161|2697|995|2948|1003|3395|981|575|2323|586|1677|570|26577|34659|5809|4047|2730|1520|1005|763|625|507|602|522|457|439|431|457|415|384|495|527|620|619|599|626|451|401|417|455|327|514|488
63,Adrian Kempe,366,101|100|99|74|76|67|69|78|103|88|157|86|106|105|111|137|95|35|89|47|76|154|91|121|76|72|53|59|65|72|122|67|71|99|66|82|100|115|100|73|58|60|62|64|65|61|41|38|65|54|56|87|102|71|76|69|94|96|57|35|52|34|37|51|49|48|41|50|42|37|32|42|61|93|60|69|51|50|51|34|58|54|54|52|31|51|55|41|40|58|34|66|54|48|56|53|52|38|47|58|71|70|65|58|42|63|54|101|73|70|165|92|70|79|72|86|124|65|61|63|109|123|145|112|76|91|98|101|82|88|127|95|88|116|182|435|489|286|383|145|135|324|159|146|233|273|203|120|92|214|103|2187|571|328|282|211|237|161|249|108|171|156|141|228|122|179|99|142|103|114|170|126|287|96|624|1775|599|274|274|336|232|132|138|221|97|76|109|121|376|144|106|225|106|148|94|133|127|186|121|172|88|101|289|101|142|231|163|226|124|121|144|146|131|62|129|131|163|120|134|114|147|237|181|317|183|306|155|202|126|171|297|111|205|151|168|132|188|283|126|94|234|104|106|87|150|103|99|111|100|193|255|289|114|107|161|256|334|254|198|144|173|784|466|569|989|313|238|1068|1500|418|208|161|252|234|144|138|301|209|250|216|133|175|102|116|212|87|208|154|200|171|113|127|152|148|113|113|81|110|115|127|91|108|103|126|76|77|74|127|71|67|62|149|143|97|376|95|198|114|137|239|134|143|126|276|201|105|148|128|1145|332|156|1041|237|579|117|453|423|174|123|132|128|132|126|88|88|90|99|73|58|56|64|72|248|156|94|68|70|77|65|93|90|115|67|71|43|65
64,Drew Doughty,366,145|188|133|170|178|138|136|143|159|185|251|146|301|139|128|318|138|140|211|147|163|111|99|196|165|183|121|93|108|147|140|128|148|147|124|132|295|185|194|108|95|89|112|108|107|102|90|88|87|93|94|106|89|128|93|121|71|79|100|94|61|64|71|80|141|119|81|121|76|77|102|100|92|110|117|89|89|129|84|78|66|92|89|100|89|79|80|68|95|66|69|114|86|74|95|67|108|87|73|95|90|83|98|98|80|107|95|79|79|72|101|88|137|104|97|202|341|137|140|126|146|130|143|106|99|131|104|118|96|131|148|157|163|198|217|554|357|196|337|198|180|257|132|148|219|129|183|97|124|228|120|206|124|203|147|115|397|178|264|121|191|163|180|355|148|249|165|252|215|227|385|192|1013|211|399|231|340|159|195|215|236|156|148|176|118|119|135|120|242|144|145|194|190|282|173|292|234|291|236|292|187|159|527|157|168|168|231|257|229|173|129|211|248|131|187|226|328|223|1361|2544|1780|1251|728|845|626|613|418|575|349|534|2232|392|352|201|538|259|374|316|204|219|272|226|211|213|312|272|237|340|225|327|324|441|292|234|386|480|551|630|701|783|829|800|2735|2936|1729|2275|1114|1035|2414|1418|2901|1570|12236|2818|1275|763|807|791|384|375|275|251|237|237|327|223|393|214|214|372|164|202|270|283|253|268|158|150|254|418|291|233|139|240|130|172|114|158|122|120|154|188|233|241|451|164|285|129|133|184|445|397|258|476|371|193|284|165|1237|274|201|839|272|894|211|1554|1262|358|334|385|248|231|175|200|164|199|188|170|176|155|141|142|129|252|137|110|119|105|153|117|150|127|161|154|130|136
65,Mikey Anderson,366,30|30|22|29|33|21|50|31|28|21|48|31|39|22|28|31|19|20|31|18|30|27|17|24|23|31|15|28|25|26|20|33|23|34|23|36|35|27|44|27|20|19|23|28|22|15|29|16|24|16|15|24|24|39|19|20|24|19|15|19|34|13|19|15|22|21|22|25|15|19|35|29|21|22|45|76|31|31|31|14|20|34|26|45|13|25|16|15|16|15|19|22|18|22|33|15|25|22|25|15|19|17|22|27|15|23|14|10|17|20|25|19|15|19|17|23|26|17|23|26|31|33|21|24|18|13|22|25|18|33|24|22|27|26|42|127|79|28|79|53|43|154|38|38|57|29|34|27|28|37|19|34|15|35|33|32|39|18|36|14|35|24|23|62|21|39|28|19|24|20|67|22|49|21|40|53|37|23|27|29|27|39|23|36|25|17|23|27|49|28|18|41|27|68|36|71|35|43|33|27|22|20|50|25|33|38|24|32|30|37|56|76|35|24|58|29|54|36|54|31|28|53|36|190|48|183|42|55|34|57|51|29|69|33|49|30|47|33|28|35|50|35|38|33|30|28|20|44|24|41|34|56|49|35|45|64|44|44|27|31|36|33|38|42|34|38|39|36|34|46|37|41|84|73|48|53|65|55|42|39|42|45|46|37|85|64|96|53|36|60|38|50|45|44|78|103|42|72|41|41|39|59|21|34|16|40|35|34|27|23|31|36|35|57|100|38|58|39|44|29|46|33|43|65|46|27|38|73|147|51|31|360|35|138|35|124|80|67|39|35|64|45|34|24|32|38|25|22|29|25|22|27|24|38|23|20|18|11|27|32|24|28|19|27|32|47
66,Mats Zuccarello,366,121|128|101|122|124|86|85|74|78|82|125|91|82|61|73|74|111|128|113|72|99|79|68|116|107|69|97|72|58|65|84|82|76|95|86|109|109|102|92|105|184|169|189|158|175|168|173|160|174|191|169|154|173|166|197|153|193|201|193|94|78|55|43|46|82|79|83|65|60|53|76|81|94|152|214|154|103|106|53|69|75|63|77|46|66|89|73|63|77|85|54|44|59|82|56|80|78|66|141|121|77|70|103|82|62|68|68|89|129|132|76|60|78|90|74|92|109|90|82|105|87|95|86|111|76|70|80|261|227|157|108|181|77|147|180|181|200|327|147|233|118|297|297|134|128|167|186|527|621|205|202|132|110|141|159|116|146|103|195|118|219|105|95|161|197|234|1086|207|298|161|347|118|101|130|237|236|103|147|478|298|282|267|189|167|116|198|180|182|662|205|155|321|121|167|141|309|156|447|162|136|182|329|260|271|199|311|156|186|331|311|187|192|493|551|510|385|760|300|331|312|281|346|535|457|229|284|250|524|787|375|465|200|256|603|317|288|595|334|279|526|530|308|947|266|335|192|189|304|162|324|182|572|234|598|222|302|232|245|191|164|239|410|360|346|413|368|285|495|554|377|424|445|810|464|339|235|219|450|313|229|202|327|647|315|326|536|469|206|189|260|181|376|529|674|777|306|525|176|221|268|205|234|257|270|156|152|232|144|109|104|137|173|342|317|480|243|229|236|152|341|148|122|161|139|136|126|138|1249|722|358|758|308|732|279|495|602|427|510|5351|1234|2094|516|380|1883|353|1271|244|207|189|978|330|1022|332|1349|409|318|327|324|272|204|210|178|259|156|238|292
67,Ryan Hartman,366,56|75|53|64|58|44|64|69|98|66|86|66|74|37|51|66|45|44|74|42|61|47|50|100|77|44|45|36|55|52|46|62|59|66|38|71|61|75|47|53|39|40|47|48|36|37|38|35|34|35|50|32|41|38|62|49|54|42|40|74|50|50|34|32|48|37|54|32|46|98|74|44|29|40|55|39|49|33|38|36|25|33|53|24|32|64|56|52|35|47|24|32|30|31|31|44|36|50|43|31|29|44|47|46|41|19|31|35|36|41|41|35|40|39|40|39|28|58|57|62|34|48|54|58|46|81|76|65|69|51|55|145|48|60|62|62|61|444|109|146|88|162|140|77|96|90|133|99|86|94|100|60|78|73|125|73|81|62|80|81|146|69|67|138|65|97|113|62|91|62|78|55|46|73|109|65|56|81|88|67|107|80|70|71|52|96|140|103|94|55|49|98|59|52|57|108|69|64|40|55|73|359|184|447|145|261|96|228|271|176|326|151|201|94|105|95|162|174|309|244|119|87|165|125|73|138|70|73|202|82|117|68|225|87|74|120|221|79|95|486|194|95|244|107|120|80|111|204|69|206|84|207|89|241|83|145|79|75|61|61|97|88|77|68|69|93|63|59|97|82|73|84|232|176|116|115|88|169|118|107|103|62|139|78|127|137|175|90|72|286|108|226|182|327|322|268|420|137|247|146|120|83|91|163|113|211|178|92|60|71|68|77|277|455|281|101|105|155|72|247|130|107|82|66|83|81|65|570|419|182|302|98|740|99|355|495|106|98|576|253|788|174|148|1117|184|920|205|100|114|1551|207|606|134|539|132|95|64|98|89|58|62|66|62|74|53|80
68,Kirill Kaprizov,366,219|197|183|191|188|174|177|149|153|181|209|157|191|113|176|243|235|184|208|121|122|144|166|238|145|141|141|141|153|189|164|223|275|293|230|319|314|307|299|269|315|285|318|300|295|288|265|295|266|317|260|284|273|228|240|245|292|444|353|232|218|166|133|131|131|150|165|119|130|150|213|188|142|181|211|151|133|146|152|156|168|193|142|147|144|151|146|202|194|169|152|128|166|170|177|202|197|160|204|169|226|390|391|606|185|210|197|2948|4338|1907|904|722|872|971|973|790|699|495|424|361|343|361|382|506|283|299|355|13898|9198|2873|1488|1199|784|1839|1501|1224|1323|1079|596|1137|634|1068|1105|464|554|547|508|382|650|438|472|236|376|443|411|345|479|310|495|312|339|191|183|489|305|417|692|314|501|272|382|245|239|279|346|413|312|248|500|258|391|347|299|203|238|568|769|658|834|291|312|493|282|366|246|414|381|372|215|204|436|1613|755|1670|782|1584|642|764|569|550|546|359|500|342|513|543|886|573|551|673|541|583|823|642|533|585|420|437|658|473|721|346|525|413|355|401|488|477|527|650|686|413|1153|513|709|414|428|615|359|561|415|999|581|1332|619|815|544|555|529|447|420|498|649|562|598|627|630|502|716|583|816|769|2300|1448|760|587|636|795|683|564|696|591|2291|881|673|581|734|493|395|784|408|637|405|497|472|405|424|340|398|411|408|363|301|331|322|374|321|327|275|284|253|308|644|431|1357|667|351|419|359|647|323|282|294|330|399|341|387|1100|1218|660|856|415|1414|578|724|1164|542|410|2054|814|1977|702|596|1359|565|1821|501|391|367|3086|948|1456|537|1669|768|672|525|374|375|334|311|293|272|232|275|263
69,Quinn Hughes,366,449|528|537|548|592|532|531|466|534|515|633|435|598|405|424|567|690|531|673|518|485|780|908|853|567|568|561|507|481|492|549|475|562|776|585|551|702|590|545|470|436|426|399|453|351|315|326|266|294|289|272|405|491|428|353|284|369|334|328|340|292|206|253|238|321|304|286|275|237|234|329|330|361|302|299|251|262|257|263|214|273|236|264|252|296|486|400|262|263|317|303|420|392|348|370|446|414|402|347|371|388|341|444|632|288|301|515|616|723|528|378|444|392|511|475|551|470|462|435|456|399|427|416|468|508|468|464|492|1748|1411|729|872|660|787|786|720|865|1571|1265|1612|1004|1385|936|1053|1202|1457|1009|698|760|1872|974|828|902|1165|1122|733|898|625|616|539|671|577|740|477|719|789|693|854|919|871|911|1110|812|1244|1004|1050|1186|819|644|826|1285|1124|1647|2680|2174|1339|1072|996|1173|899|1129|1308|1499|1519|1407|1928|2013|3400|2817|2573|2295|81893|24504|32366|12928|11859|5869|5007|4306|3881|3472|3694|3246|1785|2004|2124|3363|1931|2258|3049|1835|3231|4584|3217|2889|2945|2408|1758|2481|1641|3174|1860|6219|2733|1893|1815|2747|2210|1921|3787|2782|1910|3332|1974|2318|1432|1329|1918|1355|2078|1635|3382|1937|4450|2123|2956|2372|4152|3454|3885|3346|3495|10332|7898|12616|13020|9755|6802|55642|72194|40138|20101|244933|127654|64782|29566|22120|16719|13048|19111|10184|9732|8927|6847|4868|6147|5525|3704|2866|2854|2256|2727|2699|2788|2824|2878|2780|2575|2542|2642|2613|2121|1799|2215|1944|2289|1781|1822|1681|1454|1315|1840|2825|2125|2677|1861|1531|1662|1277|3785|1705|1472|1303|1402|1391|1273|1620|4486|2802|2018|5224|1886|5048|1443|2399|3252|1570|1361|3080|3003|20725|3896|2708|11707|3021|7200|2482|1648|1591|7285|2663|6726|1907|5811|2853|2047|2608|1376|1881|1184|1107|1087|1264|1114|1006|960
70,Brock Faber,366,72|64|72|82|72|59|81|71|74|67|60|47|87|59|244|281|145|96|80|45|50|75|53|66|77|64|73|102|92|73|73|103|86|124|84|82|92|88|61|60|58|67|112|105|67|74|54|43|71|46|156|227|93|73|84|83|80|75|85|43|59|62|51|41|52|42|54|50|62|61|53|55|64|54|65|44|35|58|44|64|78|73|54|47|41|94|109|86|95|97|83|83|86|100|112|74|64|48|51|47|37|39|49|65|60|50|77|47|60|66|44|56|48|56|55|46|54|46|63|58|62|83|76|97|74|57|76|137|151|128|123|132|84|123|167|140|110|200|113|154|127|267|317|132|142|192|163|125|134|134|142|98|104|212|170|106|342|132|188|99|96|67|74|229|74|281|309|112|215|98|193|78|61|106|159|113|86|85|246|110|182|222|224|135|101|348|156|125|258|95|92|219|104|167|67|134|84|125|114|104|177|1052|858|1544|637|839|334|494|446|374|218|166|597|201|188|187|387|193|533|325|254|992|810|742|263|375|228|197|455|242|321|153|329|248|226|213|238|191|188|649|430|255|394|239|290|177|210|329|224|434|237|700|337|1093|360|579|405|639|612|486|551|586|2076|1105|1795|3969|2102|649|1681|1098|1725|1071|14807|7306|3618|3802|1660|1442|1402|716|607|398|924|463|437|833|637|293|245|463|230|390|273|377|463|245|397|276|303|355|355|203|230|380|299|330|275|209|195|166|148|187|299|312|351|243|284|296|168|266|221|165|185|206|260|245|258|1458|739|379|4003|413|1293|290|1264|1548|552|463|1500|662|3032|591|449|2040|484|951|456|370|380|3374|776|3259|508|1446|419|332|406|261|255|167|186|216|188|178|192|154
71,Cole Caufield,366,392|254|245|236|256|232|229|163|468|820|517|256|244|167|204|319|259|209|240|208|225|188|220|281|231|219|188|208|252|267|197|195|272|578|292|263|282|280|400|265|226|216|258|214|525|239|186|142|159|168|180|194|173|153|159|163|169|137|134|163|123|148|177|173|185|154|117|140|165|178|152|131|161|169|188|179|170|183|146|205|189|189|168|162|149|246|317|210|181|175|219|195|196|182|154|232|217|176|186|135|159|140|255|175|149|145|156|169|142|153|138|196|196|137|149|154|186|167|191|168|370|383|249|218|235|222|194|243|273|182|236|250|287|258|268|381|423|276|343|665|310|398|1845|497|4027|1195|714|482|596|535|813|2195|613|603|377|353|1899|805|515|1034|937|538|612|994|444|572|449|1840|641|553|605|366|348|374|975|362|509|340|564|384|343|638|334|315|269|461|423|704|355|317|325|397|916|320|350|1616|1009|806|626|432|886|421|590|533|359|614|560|492|427|603|596|414|1013|440|498|402|500|566|509|1402|804|2445|1534|741|592|561|564|1176|869|754|737|570|721|553|383|633|360|1598|616|440|2887|1254|1370|615|8373|1064|1117|2275|902|1034|721|3732|1480|1958|788|1239|722|752|635|575|716|658|915|712|605|897|670|559|1022|887|1251|1109|10247|5895|2271|1322|1095|1792|733|3341|1069|780|824|492|490|1172|1285|498|624|2636|929|910|1115|1139|1127|701|4577|1937|905|743|7087|2138|1238|2703|1126|1191|948|2899|1569|1233|2370|1493|7313|3790|5469|3355|1531|2296|1473|29216|7496|4166|2282|1660|1803|1362|1459|1526|3671|4265|2557|4838|1978|3461|6169|3809|8030|1608|1732|3832|3001|3671|2883|4661|3306|2673|3479|2437|2966|2943|14036|3201|7404|2908|4113|2090|5673|1655|7382|1808|1698|8491|2483|2865|1739|4808
72,Nick Suzuki,366,343|345|415|354|684|430|357|418|441|344|405|269|358|239|306|362|341|301|431|294|292|412|273|471|309|243|191|235|246|282|202|227|369|507|326|318|361|337|474|479|483|433|459|382|386|411|382|333|385|310|320|334|343|333|296|300|310|508|394|297|212|324|1669|1834|669|396|313|351|359|337|266|260|218|252|223|266|368|281|254|221|169|221|206|174|174|249|217|375|389|226|294|222|227|212|225|268|277|252|251|183|208|187|218|231|224|212|278|747|263|345|277|617|274|291|220|360|619|403|431|333|385|791|638|436|320|318|308|415|502|427|419|375|397|325|385|885|807|479|454|810|422|811|1030|559|1347|1204|1208|587|1013|543|1249|1119|661|1202|532|427|1102|657|517|586|802|566|625|1373|686|818|500|1533|669|701|861|450|593|422|1191|416|605|521|506|639|412|1456|373|461|404|983|618|728|481|472|481|883|1459|552|552|1711|723|458|1012|830|1550|886|1769|1472|964|1057|813|812|1156|1569|1291|916|1891|776|727|960|1184|1231|1429|8384|4929|3485|2269|1763|1255|1198|1601|1767|1496|1172|1658|796|1420|1150|1107|1343|735|1577|1003|952|1336|912|1635|1575|2002|3627|2545|1701|1017|3264|1269|2184|1237|2339|1296|1471|1409|1500|2079|3339|3504|3485|12631|8102|3804|5792|4413|3363|29434|14682|11821|5025|37981|8347|3417|2188|2217|2103|1354|1996|1134|1033|1335|724|758|1394|1811|1067|1232|1145|1362|676|893|1386|1075|1175|1551|1004|983|760|3602|2272|1195|1102|903|1028|851|1946|1941|1029|1762|1172|2114|1695|2188|1734|747|2488|1247|4067|2270|2812|5071|2299|1525|1289|2229|2163|2931|4468|2245|5209|1054|1671|4533|2640|6343|1291|2168|3303|2531|4774|10707|24210|2645|5377|4855|2818|5459|6124|8811|3145|4658|3846|9411|4419|8321|2856|14884|4542|3399|11850|4683|8051|2939|8972
73,Juraj Slafkovsky,366,310|284|244|348|280|253|169|183|193|225|286|200|277|191|191|335|267|201|281|136|161|266|226|421|228|225|214|225|232|259|224|347|622|851|414|342|331|271|242|177|154|212|230|233|237|206|171|137|186|179|263|234|134|177|174|233|193|138|156|209|122|141|214|196|157|145|207|139|125|119|123|109|141|131|145|125|102|113|133|124|104|137|134|125|138|135|142|207|175|139|148|163|129|156|171|181|134|133|102|145|121|106|125|123|110|151|130|148|160|130|157|169|155|137|139|179|202|218|196|219|187|267|216|227|183|209|218|266|232|186|169|201|194|210|272|321|423|386|306|506|315|391|478|312|410|509|471|276|814|386|540|540|322|821|548|363|801|338|279|310|400|269|308|338|315|376|337|548|323|331|330|480|323|261|505|227|357|307|293|385|234|570|300|345|276|339|260|437|271|265|276|446|732|277|373|604|457|339|372|280|401|402|333|552|341|404|325|371|289|663|580|360|764|328|427|432|507|1417|882|959|686|1641|1203|947|1187|1219|783|1303|1074|587|566|433|1266|872|642|666|420|1153|662|536|643|554|542|563|654|625|460|432|326|612|405|1045|577|526|459|673|592|1041|742|657|862|12428|7638|3354|5890|5252|4351|2996|5382|3440|11199|7046|5528|2792|1605|1212|873|828|676|709|510|736|873|588|524|572|1727|534|525|740|1236|456|399|489|460|339|460|421|559|376|1400|558|421|794|426|472|406|578|630|474|815|521|778|516|698|395|373|464|405|1732|676|633|612|473|442|423|467|444|1451|20345|3001|4958|1210|944|1457|905|2445|937|921|1030|945|1231|1510|2147|1217|2150|1406|1177|1395|892|3571|1153|1843|820|2064|888|2011|779|2323|1180|1046|9643|2009|1340|789|1799
74,Mike Matheson,366,136|102|64|75|78|79|81|53|77|63|123|78|105|130|138|96|70|78|68|34|60|39|49|80|76|64|73|58|138|71|64|82|320|320|265|280|189|143|132|102|67|60|118|125|83|81|67|57|172|81|53|97|98|63|59|58|35|71|39|50|69|56|52|66|65|62|78|64|49|40|58|56|48|69|62|43|41|41|53|45|42|34|38|48|43|31|48|59|50|41|40|49|53|48|64|61|45|63|77|60|45|57|87|96|92|53|57|49|61|40|50|59|81|92|89|122|109|109|82|93|102|77|119|99|73|99|79|90|97|72|59|88|83|63|99|179|196|277|138|125|99|211|430|311|322|205|214|115|319|124|919|354|114|488|158|240|202|110|101|116|171|108|128|163|77|154|94|199|107|114|119|77|151|91|196|81|216|93|109|194|72|253|103|100|83|117|1564|1389|272|368|1291|648|504|168|163|476|171|121|93|89|336|82|253|323|194|178|94|132|136|242|172|119|259|93|108|95|125|146|110|470|353|324|266|179|140|114|137|348|397|117|158|109|288|200|90|166|89|158|109|86|209|113|189|102|381|126|103|221|114|407|117|308|143|195|115|186|95|96|92|103|112|85|115|130|105|217|139|117|139|115|170|151|294|290|156|123|120|260|134|408|113|66|147|102|136|141|133|100|125|388|318|94|141|684|177|155|159|113|636|297|187|119|66|159|126|166|101|217|154|102|391|166|341|180|544|185|161|305|198|408|335|275|201|157|124|119|121|131|383|473|217|983|135|226|558|1062|1049|185|280|777|710|862|564|2104|457|479|418|1148|2918|1702|2161|949|1002|370|1173|489|1644|346|3386|629|402|1403|2421|1423|555|5031
75,Noah Dobson,366,125|115|103|118|125|80|80|90|60|71|92|85|71|74|54|71|70|80|59|44|58|67|61|121|185|398|379|437|567|637|694|2654|29111|16480|3572|2307|1891|1127|739|562|507|510|733|554|456|403|344|300|245|255|191|266|255|203|153|135|152|144|140|145|155|141|196|177|181|145|165|158|150|201|176|134|147|129|123|106|143|89|126|129|120|134|158|149|182|220|186|208|199|135|141|346|388|227|291|159|152|141|155|172|115|121|153|191|207|170|148|138|149|189|127|214|254|270|187|183|189|178|149|385|455|247|235|317|186|198|174|138|168|161|166|201|254|243|331|492|542|412|315|392|389|475|574|322|364|287|834|214|441|325|686|438|244|197|130|139|232|119|140|280|254|165|126|183|133|330|184|343|184|197|254|116|188|226|321|223|207|126|112|222|141|1832|188|140|140|149|188|160|131|119|109|152|219|124|124|435|283|133|209|118|170|187|300|192|153|259|135|212|130|178|296|170|372|192|191|175|154|286|156|469|233|338|245|275|171|153|217|257|571|224|223|121|683|243|134|192|139|186|105|107|135|132|216|202|255|116|140|154|126|450|379|381|213|242|177|224|160|112|120|111|99|101|158|191|140|106|114|97|125|151|199|176|356|294|220|166|411|2033|342|287|236|176|194|157|173|309|286|146|192|223|191|161|133|206|169|117|191|157|186|159|246|158|157|184|194|171|136|211|177|195|217|190|223|182|283|210|119|188|134|231|180|878|446|258|257|262|482|422|422|615|324|420|143|265|705|486|470|271|356|423|621|465|2240|1914|494|488|517|343|946|838|1190|608|631|359|643|300|736|282|1368|456|395|1153|475|614|269|1588
76,Steven Stamkos,366,342|748|408|740|596|406|255|304|325|406|584|265|519|269|319|399|254|247|395|275|374|291|282|944|521|393|345|306|323|377|297|258|389|469|329|395|497|373|318|310|345|296|368|342|346|358|322|292|277|283|295|338|301|297|272|286|278|282|254|187|137|152|174|207|173|171|182|149|185|140|273|198|170|197|207|166|152|169|149|168|157|181|198|169|153|208|236|288|263|183|158|150|168|190|178|182|134|173|150|151|157|182|148|192|163|181|198|162|146|184|176|151|161|174|249|346|363|279|296|275|302|269|197|218|348|467|248|255|219|247|274|233|368|304|451|407|423|512|364|515|617|771|967|534|1054|563|605|294|280|391|328|582|420|588|642|491|668|695|1014|462|479|621|690|916|738|899|605|508|397|655|448|607|1396|1301|811|493|369|603|505|495|338|478|362|561|411|588|385|764|485|306|279|664|381|824|499|460|307|514|689|324|2039|549|502|369|420|358|393|730|464|1550|633|384|1072|317|319|328|570|386|762|1645|1739|1407|610|793|434|415|811|404|1812|619|671|1177|666|1248|576|454|704|598|513|389|618|420|1208|957|485|620|503|838|380|580|449|636|1199|930|726|841|692|519|414|397|327|404|523|526|423|609|444|460|744|548|797|614|1515|959|672|577|904|2277|1127|1130|1056|604|698|625|904|611|688|502|319|400|339|459|324|378|491|233|401|261|338|576|722|378|330|576|310|459|601|1030|465|374|319|300|463|325|666|345|602|442|339|554|622|731|489|622|384|427|1053|560|1070|1030|730|1511|447|490|1090|593|1358|443|551|1028|618|1535|1547|2067|1081|682|479|491|443|960|1195|364|333|401|349|276|325|279|493|329|763|545|388|560|353|514
77,Ryan O'Reilly,366,346|245|256|250|302|254|189|231|238|185|322|173|277|182|202|278|149|188|219|142|274|191|193|804|296|245|205|195|198|224|257|230|389|737|268|250|302|196|172|166|151|136|118|151|229|140|149|128|118|132|111|112|114|104|95|108|105|100|111|111|113|95|89|78|102|97|80|75|89|92|95|95|123|107|119|112|97|118|83|95|124|115|97|77|128|104|139|91|90|88|99|117|107|109|106|100|66|141|87|117|94|106|122|111|121|121|150|96|101|88|95|76|96|97|102|90|127|80|125|126|139|152|119|117|104|143|142|118|118|146|185|191|149|157|187|233|273|433|212|255|292|380|347|254|270|172|265|153|150|247|205|359|183|356|227|205|204|173|289|159|147|188|253|270|277|2506|943|418|350|367|321|252|382|335|406|256|217|294|231|199|185|405|212|217|995|454|323|405|374|224|210|231|208|235|245|196|220|205|603|193|379|315|430|329|584|365|415|394|290|522|384|306|605|259|283|645|629|256|416|337|605|358|490|425|480|255|410|254|431|228|276|246|306|326|235|391|1590|487|297|274|1045|283|402|442|268|186|319|428|290|406|238|341|286|568|352|592|553|499|274|219|190|165|245|286|224|403|210|231|279|223|510|321|743|550|424|418|701|584|445|679|618|530|636|582|735|664|562|450|259|342|255|315|254|235|233|184|362|206|265|206|248|152|150|213|211|164|225|298|114|167|141|187|263|175|333|217|251|256|175|349|273|309|271|388|217|220|327|188|254|881|422|367|255|233|178|252|256|266|257|237|228|313|188|299|266|316|239|229|254|670|418|267|355|337|613|574|477|480|513|228|446|394|427|520|346|324
78,Cole O'Hara,364,11|27|8|8|8|8|6|3|3|4|6|8|5|5|5|6|8|5|3|3|6|3|8|6|11|11|34|5|5|2|5|6|3|22|7|5|3|8|6|5|28|16|11|11|3|4|2|4|1|8|3|2|6|3|7|3|9|5|11|3|3|5|7|6|6|4|3|3|5|2|3|6|3|7|7|6|4|6|6|7|7|4|1|5|2|6|9|6|2|4|6|7|4|9|4|8|2|3|12|4|8|4|5|2|5|2|5|6|11|8|6|3|13|6|9|4|6|16|9|4|6|12|11|10|15|11|11|6|10|12|17|5|6|4|12|9|6|11|8|6|9|3|3|10|12|8|7|4|9|5|2|10|5|3|9|6|8|4|14|8|2|6|6|9|10|6|9|7|5|13|5|12|11|5|6|5|2|9|7|15|9|11|6|11|7|10|15|15|9|7|3|11|10|19|13|4|4|5|6|2|6|5|7|5|8|7|3|13|5|3|8|8|9|7|17|3|8|11|5|7|7|4|12|4|4|4|12|5|6|3|8|12|7|10|8|6|4|9|6|3|2|7|5|2|6|13|10|14|7|7|8|11|10|2|7|4|10|3|3|8|14|6|4|6|7|4|6|6|6|13|8|3|12|6|3|3|1|13|15|7|11|13|14|10|11|3|2|8|12|4|8|10|3|4|4|2|5|3|9|6|5|6|11|4|9|4|1|5|4|17|9|7|4|5|2|5|7|5|6|10|5|11|4|123|632|63|52|36|24|14|14|10|5|9|12|10|7|11|13|10|10|16|12|11|7|5|4|9|10|10|18|2|9|11|4|8|11|5|8|8|8|5|9|6
79,Brady Skjei,366,811|290|187|610|226|136|121|101|93|78|82|63|66|68|51|59|48|55|63|95|110|114|57|59|72|52|57|53|51|41|48|55|60|62|69|94|199|200|105|63|75|49|66|83|77|60|41|53|43|58|37|37|40|29|34|36|38|49|40|49|34|35|21|37|24|19|55|56|51|41|36|38|36|41|41|28|33|50|22|33|43|35|35|38|35|92|57|57|53|40|47|30|123|81|45|45|81|61|66|39|38|51|44|37|41|39|28|79|60|53|33|39|53|100|69|59|51|64|86|45|54|58|68|78|48|60|46|48|47|58|81|82|76|65|100|230|141|237|161|124|133|116|183|162|344|151|194|90|105|117|96|149|100|159|131|92|135|80|90|91|130|110|276|359|173|249|244|104|100|271|193|130|210|140|206|139|85|83|88|80|74|138|100|122|93|123|63|125|102|74|73|80|98|109|91|161|99|85|308|106|109|122|134|88|111|114|138|95|96|146|187|99|218|80|70|81|141|90|129|129|107|151|163|150|108|88|150|105|105|98|103|131|80|103|70|107|212|95|101|74|108|58|119|90|98|72|95|205|106|131|120|124|114|112|140|193|165|73|79|67|376|575|313|153|129|154|127|116|429|272|146|113|391|336|216|116|129|114|102|425|208|103|137|97|146|95|109|62|72|142|82|66|53|61|82|55|102|56|102|83|103|71|81|151|98|67|109|165|58|55|48|61|107|56|181|62|117|120|54|80|116|58|65|102|71|79|69|87|158|95|124|100|120|72|91|132|90|116|93|230|77|74|97|90|83|87|62|84|81|132|120|91|72|81|64|44|57|66|65|65|49|72|68|68|80|79
80,Nick Perbix,366,25|79|34|49|36|45|24|34|28|20|31|27|43|44|43|41|56|35|22|16|13|40|29|44|47|49|30|187|149|87|49|47|40|47|77|232|790|264|90|61|41|26|44|55|64|28|31|35|25|23|21|22|15|32|18|14|24|12|27|17|12|13|30|25|21|18|20|23|26|11|22|22|18|38|20|23|16|18|21|21|10|9|12|17|14|22|16|23|11|20|36|16|25|23|28|16|11|22|14|15|16|15|14|16|21|17|14|16|17|25|13|14|18|25|13|15|16|15|39|27|22|66|14|22|28|17|24|21|20|24|25|42|26|36|52|37|49|101|33|73|44|36|120|33|192|51|24|34|32|42|23|62|37|37|31|46|129|44|46|22|31|24|45|179|15|45|37|23|17|38|24|27|44|47|38|20|22|20|27|16|24|44|18|35|21|30|15|40|40|23|16|29|26|19|27|21|19|11|42|18|46|30|32|16|23|28|30|53|20|51|32|90|161|28|37|21|26|26|37|64|41|62|34|40|25|37|49|23|32|27|32|28|30|40|29|24|36|49|46|18|20|25|43|48|37|51|35|46|15|51|26|38|39|35|50|185|49|33|33|28|42|33|69|26|56|49|39|51|50|56|61|76|107|96|65|58|34|53|41|44|69|37|54|29|240|39|39|30|24|37|22|31|23|29|33|26|39|17|34|33|42|24|31|65|28|25|24|127|106|28|28|16|39|18|39|20|42|35|19|25|92|33|17|36|12|19|15|34|47|13|28|29|11|23|24|18|30|18|26|20|25|40|21|30|17|24|17|20|18|19|18|22|14|16|15|13|19|17|14|9|10|21|17|11|18|20
81,Timo Meier,366,227|171|94|88|107|165|79|93|82|74|97|93|110|73|65|85|66|47|69|80|63|92|69|86|85|61|51|51|77|101|71|103|94|117|98|74|135|144|132|114|176|169|184|166|162|172|155|149|169|163|162|160|157|153|136|128|148|147|148|66|43|46|39|32|27|47|52|37|46|40|58|70|48|66|60|55|39|44|53|52|32|41|42|38|73|55|53|58|54|44|41|62|54|68|68|33|51|37|29|36|40|43|35|60|50|47|41|42|40|33|34|39|57|38|51|52|60|58|61|52|75|55|51|58|56|62|50|64|59|66|66|56|70|91|124|176|135|147|121|137|113|136|98|76|215|134|99|94|91|112|139|174|196|129|109|94|83|79|223|63|110|105|72|73|120|271|166|119|94|266|111|206|121|85|128|79|85|101|108|96|80|124|156|294|99|222|93|103|177|109|201|109|124|86|120|201|80|85|104|482|317|189|158|105|100|114|151|133|149|137|150|95|116|72|80|106|228|105|134|209|121|209|203|150|130|128|193|137|179|106|138|131|131|123|180|103|77|150|119|232|111|70|72|151|99|69|100|160|144|123|101|172|111|124|146|159|163|173|131|140|143|196|926|1355|504|911|308|619|981|360|266|260|448|318|220|164|340|194|182|219|137|107|127|274|112|138|124|147|52|91|85|67|79|125|97|121|70|123|83|75|63|51|55|105|73|68|80|113|92|77|60|75|94|94|321|191|126|116|108|94|70|93|81|105|100|75|99|95|88|93|83|85|74|62|115|71|70|79|65|88|75|85|65|105|72|127|125|63|87|67|98|90|103|80|180|300|140|207|130|226|241|187|262|267|205|374
82,Nico Hischier,366,619|334|236|273|303|247|182|225|201|171|291|202|224|141|187|214|179|149|204|148|168|219|152|288|200|161|151|149|205|201|151|167|303|413|215|179|224|182|163|142|137|108|116|149|146|134|121|105|120|121|102|109|104|94|99|80|107|98|91|105|90|68|100|95|79|79|113|91|89|79|95|167|141|140|122|102|107|126|109|114|93|125|110|75|100|121|112|112|139|210|195|127|109|124|131|117|110|116|92|105|101|137|150|108|118|103|119|89|115|90|228|244|194|146|170|155|135|113|142|154|147|186|167|142|133|174|249|210|198|197|233|153|179|198|361|278|263|276|174|256|204|274|186|229|325|378|315|305|242|360|325|260|286|321|274|260|304|193|233|187|282|270|196|167|223|321|339|296|220|279|229|424|227|229|292|214|190|295|200|293|253|301|248|569|285|398|340|356|365|289|351|364|387|276|323|301|279|297|375|340|274|382|381|256|269|284|329|248|278|218|327|212|254|176|199|297|380|268|321|1307|500|446|489|470|593|455|564|388|364|307|360|269|401|303|678|343|335|278|265|329|310|240|232|359|284|315|332|423|336|444|307|330|257|278|350|392|491|412|357|296|350|464|897|1815|882|1015|641|1142|1342|577|688|547|1559|1252|872|649|801|528|374|379|305|331|373|421|299|414|357|308|216|238|198|200|183|375|223|338|255|317|233|228|180|510|212|266|202|224|218|287|283|183|183|213|220|185|351|276|330|424|342|276|269|306|553|324|330|268|275|220|235|292|263|209|227|225|227|254|304|270|194|247|280|237|220|367|335|736|440|282|276|360|253|280|265|377|386|387|307|396|301|487|492|395|407|354|334|886
83,Dawson Mercer,366,56|52|36|53|38|52|45|38|77|61|56|41|62|53|41|48|57|29|43|71|43|36|38|39|39|41|36|50|52|67|49|69|96|107|55|60|58|74|60|53|43|47|42|37|68|46|51|31|43|59|53|60|82|51|41|69|79|79|40|47|33|41|35|33|36|26|34|29|36|11|14|26|30|25|28|37|23|30|28|24|25|31|25|30|16|20|33|35|25|35|29|21|28|29|27|29|37|39|37|29|23|24|25|29|50|37|26|20|27|22|26|28|28|36|25|38|33|26|37|33|37|34|31|23|27|29|40|41|40|42|58|42|50|48|51|66|76|66|47|54|59|167|59|84|100|158|113|128|118|158|253|132|118|83|114|66|66|44|130|54|229|170|65|66|117|250|117|102|71|113|95|291|89|76|103|59|53|67|44|86|42|60|62|135|70|64|65|55|226|122|92|74|104|59|88|142|85|84|204|117|70|133|126|82|179|102|92|69|71|81|88|62|72|37|50|85|76|75|68|168|62|94|83|64|133|76|62|82|68|50|67|49|103|73|77|52|46|51|49|104|120|38|37|60|92|49|34|64|42|70|60|71|42|50|55|42|56|38|39|41|45|46|46|42|27|40|35|41|52|40|51|46|85|77|388|211|195|112|70|63|58|55|118|281|62|193|86|63|37|57|55|38|31|49|57|77|32|52|41|50|25|36|22|59|42|28|62|70|61|78|428|101|155|103|474|189|64|61|49|43|41|57|165|55|59|71|47|120|88|55|66|40|42|40|39|52|63|50|45|41|48|56|45|99|99|70|68|43|72|69|84|344|215|96|156|150|115|96|165|98|86|116|84|84|68|81
84,Dougie Hamilton,366,108|145|134|216|178|175|84|100|78|81|162|86|146|48|70|79|66|59|79|74|92|69|92|128|111|95|73|63|115|96|76|67|168|177|122|112|170|122|129|119|85|202|378|349|279|233|143|104|101|151|207|231|154|98|84|83|82|101|80|80|86|60|45|59|76|67|54|65|66|57|61|61|66|76|59|50|55|63|45|63|43|76|55|45|59|69|47|47|49|47|61|62|70|64|52|63|93|86|91|76|46|80|91|90|69|70|60|54|72|50|56|51|56|58|76|67|71|51|57|68|98|104|64|76|94|112|79|76|133|143|117|103|96|143|152|106|120|308|118|102|108|99|78|106|114|190|114|101|153|250|213|148|709|246|112|150|146|86|141|87|87|126|79|90|108|232|135|126|99|117|120|183|106|164|201|93|195|219|136|103|85|142|128|192|124|129|137|124|177|86|146|97|135|112|175|502|97|107|198|95|84|182|193|250|395|308|240|134|127|115|147|126|111|80|82|94|170|86|93|416|142|117|225|173|196|186|205|160|254|1334|2468|1356|1230|1043|977|525|250|290|328|477|469|266|296|261|357|172|240|239|175|247|115|242|122|107|154|115|95|106|115|93|218|169|132|112|125|104|103|109|119|96|134|122|228|153|146|151|232|225|189|162|133|245|392|588|279|268|153|225|95|112|104|143|68|113|308|783|103|149|69|132|94|78|94|150|49|80|79|86|142|80|110|80|145|86|246|202|163|180|105|118|85|65|200|127|255|157|127|109|105|85|115|93|78|92|97|78|91|81|105|72|71|87|84|78|134|118|101|113|80|106|102|73|70|137|82|118|118|58|81|72|192|121|90|107|87|96
85,Jonas Siegenthaler,366,146|61|42|42|32|30|50|39|37|37|25|36|34|32|28|31|23|29|22|23|24|102|40|40|34|30|31|25|23|30|25|28|22|28|32|34|39|45|23|26|39|28|34|36|21|32|25|20|16|30|27|25|23|30|36|29|31|26|21|33|26|28|13|29|53|57|37|19|33|18|17|34|20|23|22|19|24|19|25|14|17|23|39|21|16|33|26|22|18|33|33|29|18|25|26|34|17|17|20|28|19|39|25|21|17|37|43|28|14|25|23|16|23|22|12|23|23|22|17|34|36|37|30|18|32|27|28|18|34|34|48|37|36|43|37|40|43|67|50|76|71|79|42|48|96|60|58|44|32|169|73|63|63|76|53|56|72|30|73|24|46|36|25|28|35|71|63|46|34|68|44|69|41|27|103|44|39|46|44|33|23|72|37|355|60|70|42|44|94|57|154|62|84|46|68|64|41|26|84|43|37|61|70|38|48|53|75|48|63|59|63|54|44|25|34|56|136|50|51|126|70|84|124|77|110|67|96|78|81|62|92|50|65|51|73|40|36|45|29|108|92|39|40|72|55|51|49|78|35|56|49|106|51|49|66|78|101|103|97|82|96|135|298|650|376|514|183|198|421|132|82|76|140|106|82|53|187|70|46|33|36|41|62|73|57|79|64|47|29|33|23|26|23|44|147|112|20|42|49|42|22|17|28|69|25|54|47|36|45|36|52|41|68|54|107|56|93|62|34|60|42|33|64|34|46|38|45|45|35|41|40|28|33|24|29|40|25|35|40|35|49|75|35|39|37|40|29|29|32|65|38|31|17|34|50|53|32|54|50|50|50|42|157|57|26|61
86,Bo Horvat,366,229|192|151|215|180|147|141|187|208|219|150|110|146|109|111|138|129|100|121|127|149|91|88|163|117|118|81|103|129|109|130|137|190|341|195|340|366|209|154|143|116|101|97|110|109|102|83|74|68|75|83|103|105|107|91|66|74|92|81|84|72|85|92|70|102|100|89|86|89|83|91|76|90|92|91|50|61|77|47|67|49|72|57|60|82|76|85|70|73|60|82|66|69|79|80|68|53|61|56|71|58|69|75|85|93|211|175|86|95|86|89|89|97|89|95|55|93|108|84|92|85|133|112|136|162|104|140|148|92|113|137|152|131|133|120|116|133|199|107|151|225|149|117|130|1047|386|254|197|228|274|269|208|336|188|140|207|227|166|175|299|169|170|153|581|194|207|180|763|272|719|416|260|382|467|230|271|159|338|244|434|307|279|302|220|197|197|253|189|257|174|148|344|163|351|217|326|194|179|737|240|721|1251|575|465|364|324|271|250|473|177|177|175|187|146|153|276|404|244|313|2823|2138|1348|776|636|351|322|407|293|353|300|311|202|310|396|259|291|212|233|206|336|198|193|172|337|201|179|236|211|285|395|324|297|272|351|842|421|720|508|545|612|709|837|12183|4798|1462|4660|1109|707|2352|859|2734|1095|12709|1970|827|599|515|599|303|338|571|332|268|289|503|299|794|498|290|308|235|244|298|260|198|243|349|215|194|193|274|261|153|177|188|251|196|147|194|213|164|144|205|204|195|206|175|108|163|186|164|190|190|161|336|206|180|147|227|159|197|139|293|140|124|197|129|150|138|207|115|127|128|147|168|205|141|157|135|157|112|127|110|151|142|136|123|117|135|105|103|99|114|100|135|114
87,Simon Holmstrom,366,37|20|18|23|14|15|15|14|18|14|26|13|15|12|11|13|20|20|23|19|11|11|27|28|18|13|13|10|18|21|25|23|53|110|43|47|138|150|46|32|26|25|30|16|37|31|21|10|12|19|10|19|19|19|36|30|24|17|18|11|8|13|12|16|13|11|16|19|21|10|16|8|14|10|12|13|9|10|10|14|11|10|9|12|14|17|13|18|20|17|6|6|19|21|15|8|21|21|13|13|16|18|14|16|13|15|12|18|16|9|15|11|28|24|17|20|14|14|17|12|22|31|23|17|12|14|54|32|19|12|19|14|16|27|41|58|51|79|42|41|32|26|21|38|46|29|23|23|38|36|114|199|191|48|35|39|31|21|84|59|44|189|80|71|30|27|56|50|27|40|28|21|68|66|28|42|30|24|30|129|44|35|32|22|34|28|37|30|70|32|21|51|23|47|18|51|25|16|434|32|121|56|34|28|29|252|31|20|39|34|22|18|130|38|25|31|143|48|25|69|33|42|33|79|26|30|126|41|139|33|707|114|88|60|21|69|161|34|32|41|22|109|18|44|42|15|36|24|217|79|32|43|35|59|96|35|36|20|25|25|25|29|33|26|47|34|26|24|42|25|24|25|44|56|40|19|15|68|35|270|115|57|61|45|60|148|219|59|41|57|35|33|126|293|56|54|92|39|52|105|118|65|40|54|30|53|93|51|37|40|28|32|34|102|33|22|37|16|29|53|41|70|38|16|82|38|15|22|37|25|28|26|20|45|30|20|23|36|25|45|33|45|34|22|24|27|34|13|22|32|50|46|58|38|89|65|88|149|57|53|51|84|71|33|33|45
88,Victor Eklund,366,62|61|75|70|64|81|55|83|86|68|107|94|127|159|112|101|128|79|142|86|68|64|72|111|110|114|154|181|224|261|254|356|1007|8873|1130|627|417|265|196|157|180|141|119|125|154|119|98|61|58|239|180|93|72|49|49|62|54|40|48|46|37|44|26|42|53|39|56|39|546|48|71|72|49|54|45|46|44|43|39|42|68|32|54|40|59|35|40|33|47|31|33|25|36|64|32|32|36|36|28|40|53|40|37|52|53|39|142|63|80|70|91|41|54|52|55|60|69|55|54|79|109|67|61|70|72|68|65|72|50|88|68|85|66|99|104|104|107|105|94|104|99|67|100|95|122|116|98|92|90|235|141|207|143|87|101|104|94|78|115|116|101|118|113|73|100|73|94|98|85|97|105|97|100|135|88|95|71|98|77|109|88|90|100|92|108|98|100|102|101|87|86|104|104|105|106|90|96|78|91|81|81|88|140|97|86|99|148|99|99|109|98|93|138|128|900|430|449|390|229|240|325|576|277|920|798|4026|578|331|215|186|191|138|191|145|133|148|125|121|135|162|130|127|77|105|103|127|150|131|126|154|121|141|126|135|115|120|99|113|122|100|141|82|87|84|71|96|83|98|106|88|93|125|173|128|130|121|110|213|148|162|289|157|180|154|151|156|346|216|160|135|138|365|265|231|136|128|151|135|100|138|141|117|309|254|275|231|510|275|216|152|178|163|159|229|246|178|271|147|142|146|118|172|249|848|1456|343|204|139|219|159|197|140|109|100|89|118|102|71|79|75|88|90|151|101|140|273|128|106|137|114|115|97|111|98|85|65|82|76|91|85|83|131|92|147|75|127
89,Adam Pelech,366,42|54|34|36|37|26|39|32|34|28|34|31|56|33|29|51|33|30|39|23|30|18|18|35|38|27|32|28|38|33|32|35|66|88|42|50|52|47|43|37|35|44|42|26|24|28|27|31|21|18|19|21|31|24|22|18|23|20|21|32|29|34|28|27|17|19|37|21|27|14|18|19|22|23|27|35|29|27|16|22|25|21|22|22|45|30|27|26|36|26|17|16|19|26|27|19|29|16|18|14|15|30|24|31|23|24|25|24|14|24|24|17|37|20|22|15|24|21|18|28|17|31|27|25|16|33|33|18|19|21|38|26|22|24|45|26|38|50|30|39|53|25|30|48|78|52|40|15|25|54|34|35|49|24|32|53|56|26|47|54|49|39|57|36|30|30|35|48|33|47|56|31|69|64|40|51|27|62|41|29|42|57|52|42|32|50|44|31|40|35|34|60|38|137|53|73|36|24|105|36|74|53|40|31|27|29|27|34|55|47|56|49|151|49|47|67|80|52|82|178|96|53|32|385|47|54|88|42|91|51|65|38|41|79|64|125|71|38|26|63|28|63|37|86|46|38|79|55|90|67|45|73|31|46|80|34|47|48|48|34|36|37|45|34|38|47|50|36|39|16|45|41|60|38|41|41|39|61|56|51|82|39|43|52|132|38|85|35|34|42|36|29|51|51|50|84|141|45|37|53|94|34|25|31|19|29|36|38|32|94|90|68|56|53|37|41|53|29|48|83|56|49|71|50|58|66|66|59|46|45|61|68|58|56|31|35|32|44|45|35|29|29|30|19|30|37|23|41|36|31|23|33|28|44|37|35|32|37|27|29|36|31|31|17|44|48
90,Matthew Schaefer,366,295|286|262|363|403|472|473|573|784|504|493|473|704|1360|1636|1453|681|441|416|344|362|369|368|579|554|569|554|944|2425|2935|2751|2960|29085|65947|24515|9182|6295|2756|2876|2571|1150|956|994|2630|3240|1705|972|964|764|748|608|693|458|403|345|358|455|448|341|323|310|324|313|309|338|277|302|299|272|237|611|2371|795|547|451|327|292|365|430|349|292|312|311|233|301|266|262|284|281|333|316|264|282|256|229|235|264|215|246|224|864|412|365|306|328|239|318|362|363|295|299|254|332|432|408|433|412|489|478|1217|1017|757|524|520|617|457|521|817|531|594|580|620|585|811|1054|959|2910|4079|1686|5512|2789|1725|1479|1745|2743|3171|2352|1349|1107|6069|3098|2813|2318|1229|1102|1257|1284|758|1548|869|1305|4278|2063|4361|3795|1868|1897|2243|1238|1421|1203|1226|2130|5540|2719|2532|1395|2342|1831|2129|2281|2894|1987|1331|1295|1819|5100|2660|1793|1297|1187|1571|1013|1121|925|1372|1226|813|1785|1061|1223|1606|1532|1217|1333|1424|1133|930|1595|923|1663|4359|1793|1448|1415|2331|1994|2264|2302|3396|3074|1787|2863|27999|4675|2617|2679|1708|1854|1117|1714|1063|3190|3122|1428|3322|2474|1137|983|1865|1022|1563|768|1136|698|909|936|718|979|2896|1221|1462|980|1820|3279|1540|1280|919|766|617|574|664|1050|1154|1057|1934|1140|943|1438|1018|1515|1310|3963|3370|2218|1399|1560|8979|3342|2355|13551|3395|2061|2033|2476|1205|1870|1045|1153|1801|1256|1077|2142|1419|1154|3593|4024|1302|2677|1548|2852|1088|1120|1700|951|1351|1248|1180|967|1151|883|770|1275|1579|1704|1044|990|961|1153|3420|1540|1183|1177|1025|1862|1961|1393|939|1301|920|1276|891|718|597|747|747|673|1130|860|787|750|877|792|760|1622|2809|1253|1003|813|1761|1862|1093|9694|16788|3433|1519|1272|3096|1138|769|762|1001|797|622|586|718
91,Mika Zibanejad,366,353|267|288|294|227|191|166|214|160|148|204|129|166|140|116|135|292|465|384|329|285|812|1070|571|279|221|180|209|299|244|214|210|158|367|186|155|202|204|162|108|145|118|128|113|145|113|125|160|131|109|108|116|156|96|112|107|81|97|97|98|95|102|80|93|118|150|90|110|117|109|94|97|113|97|165|110|128|100|92|98|77|77|107|74|88|122|125|135|97|83|95|67|136|115|118|138|95|81|107|119|107|82|132|116|100|93|101|89|110|95|99|87|98|236|166|165|149|112|131|121|176|213|162|199|107|98|145|167|117|137|184|183|155|156|305|853|225|250|312|544|451|232|498|298|401|842|1045|305|378|169|204|442|177|151|348|193|524|163|371|140|205|153|140|300|146|170|515|351|176|475|198|329|118|179|409|533|176|283|190|430|186|241|160|265|145|214|665|581|194|168|148|315|181|592|365|257|543|222|332|741|239|408|885|546|525|570|205|293|556|297|274|174|279|172|277|284|339|211|258|342|314|780|10970|961|853|968|699|416|722|1217|433|266|629|297|595|460|1414|944|431|410|410|260|243|369|244|226|746|251|679|691|788|397|273|234|356|377|485|341|483|374|376|4212|1880|2804|2495|755|627|4053|18027|6176|1335|821|1074|607|471|374|381|640|1474|509|372|432|258|275|897|900|352|360|697|620|226|378|294|311|238|280|270|488|321|227|686|4762|6837|1342|2077|497|535|520|275|326|570|397|661|581|372|582|234|264|370|205|259|210|208|227|195|347|232|295|242|188|223|150|161|168|200|177|210|153|166|133|179|146|173|331|186|202|166|173|161|232|155|153|157|145|150|138|150|150|164|172|174|181|168|159|151|203
92,Gabriel Perreault,366,72|85|63|91|69|64|61|71|77|53|67|64|58|62|69|69|71|96|67|42|45|59|63|69|79|108|72|55|80|113|90|96|74|393|183|117|148|190|161|148|81|63|106|84|99|171|91|61|52|88|159|177|97|61|70|97|59|73|69|62|91|77|54|65|33|57|69|85|41|66|81|61|66|50|53|54|80|58|56|68|42|42|58|61|46|44|50|52|29|40|30|33|56|59|41|44|33|40|34|63|67|57|62|60|59|56|48|100|71|49|54|50|54|67|57|50|66|53|262|135|136|709|181|153|68|76|89|169|93|105|206|165|112|130|153|218|107|108|101|199|99|91|158|123|95|124|91|89|95|81|87|157|100|92|147|87|105|76|76|115|120|123|98|95|94|95|147|225|908|1326|260|338|116|141|168|138|80|167|202|98|110|98|110|108|108|100|104|143|138|107|121|97|134|119|131|123|143|155|106|108|133|115|128|121|117|186|226|1141|304|174|156|238|313|191|203|233|175|141|181|226|159|228|489|176|204|207|137|163|404|230|153|210|205|133|1181|233|249|123|105|154|168|144|180|574|232|204|616|193|327|208|267|146|142|127|196|214|177|177|177|117|171|128|134|121|135|154|127|161|164|151|472|1549|932|359|240|231|225|259|460|225|239|1281|331|267|484|644|288|267|874|880|304|741|360|292|259|313|235|272|185|332|368|349|275|249|558|245|279|265|156|143|234|279|282|4259|1637|693|323|842|527|260|249|198|300|442|210|331|272|180|175|154|141|259|600|247|325|273|171|167|182|163|149|214|173|154|294|349|291|181|177|171|140|112|195|203|140|116|123|131|144|117|110|129|99|132|141|159
93,Alexis Lafrenière,366,217|222|169|232|264|233|199|258|183|191|235|187|201|150|186|305|212|332|307|231|240|217|172|282|184|184|185|150|177|223|192|262|419|1047|438|259|366|331|195|187|189|218|195|200|173|151|129|86|105|161|313|232|179|119|102|84|219|113|117|108|96|75|90|77|101|110|110|98|360|304|135|122|120|115|102|85|107|99|94|79|95|78|92|69|85|88|75|95|84|93|83|83|78|84|83|56|55|78|67|75|63|81|68|69|96|107|85|81|74|68|84|116|129|160|90|110|127|81|104|143|111|110|141|140|112|99|121|145|124|138|144|171|155|215|289|610|311|343|254|299|252|195|281|259|306|217|468|297|375|462|319|710|269|210|577|351|364|236|397|158|197|177|177|269|261|230|636|357|324|420|290|338|303|187|279|225|152|342|219|328|241|279|275|349|195|206|252|245|183|213|221|284|158|200|219|184|316|184|163|532|171|264|552|253|334|451|340|303|255|167|237|197|398|196|202|313|493|290|517|524|511|768|1060|431|440|623|317|411|483|532|384|385|721|659|818|679|724|408|485|557|507|518|492|509|366|300|432|396|434|536|548|352|263|267|397|430|286|256|345|206|196|241|340|338|328|438|368|324|425|335|714|650|1188|878|583|433|420|753|430|317|406|477|434|346|729|378|475|332|454|912|313|500|303|237|316|480|226|241|355|327|346|334|260|256|537|191|338|313|181|192|266|324|378|300|265|262|198|242|549|210|215|226|296|267|241|279|271|178|443|277|249|301|193|348|198|408|271|174|205|201|191|193|180|241|452|1130|475|382|281|233|297|201|264|243|217|155|222|181|294|178|169|272|155|183|167|214
94,Adam Fox,366,170|157|158|183|158|251|398|175|162|121|165|159|164|142|135|157|190|174|174|94|129|146|137|162|135|152|121|117|134|128|135|126|175|304|135|131|243|217|171|153|142|130|119|147|289|354|235|134|77|131|125|114|101|96|80|79|120|91|76|91|110|86|102|98|159|178|138|156|92|62|105|103|93|133|113|90|85|100|88|80|149|109|77|87|76|182|128|118|87|90|85|106|118|104|143|139|114|143|156|176|278|131|210|147|136|188|118|92|89|96|85|102|108|237|133|144|118|119|100|100|136|175|150|152|108|87|129|442|226|162|164|174|152|149|249|372|185|331|131|542|243|206|258|190|240|201|273|159|245|212|236|522|197|151|1202|197|221|144|229|127|253|190|148|203|183|173|254|273|162|229|141|187|153|220|405|221|123|246|152|249|142|214|266|265|309|272|485|309|331|336|306|218|160|200|272|141|150|182|126|192|135|225|196|179|224|228|190|169|193|185|148|157|179|159|190|192|250|239|240|631|834|2260|3041|1124|751|666|392|262|258|286|220|240|218|159|247|309|298|195|308|295|340|242|208|214|178|190|267|156|274|230|228|177|206|187|221|244|207|183|207|141|162|135|223|183|258|306|206|186|410|299|313|247|1108|861|630|446|426|1051|882|372|655|658|494|352|444|291|205|149|190|256|139|218|186|176|182|167|138|159|108|131|134|144|219|111|171|133|136|259|166|146|184|140|225|220|146|297|145|243|450|188|195|122|176|175|141|152|126|131|150|162|144|115|143|100|111|124|128|116|115|120|122|115|119|119|149|385|278|196|142|137|166|402|154|184|280|176|164|141|141|125|177|147|125|153|188|182
95,Vladislav Gavrikov,366,77|76|77|51|58|52|48|55|37|61|99|81|155|186|183|119|153|188|229|222|191|136|107|125|99|119|181|114|355|421|384|235|195|242|247|513|6548|2421|682|360|306|317|346|279|243|231|195|171|177|223|178|194|169|166|169|146|225|151|175|57|44|37|50|38|41|37|37|43|51|41|31|34|40|39|31|36|42|34|29|35|29|38|32|16|40|29|40|45|45|24|31|39|31|34|44|37|34|29|49|48|54|47|36|52|32|48|41|37|42|45|59|35|65|64|71|99|115|93|80|53|151|334|86|61|53|36|48|67|61|91|77|53|62|68|194|345|96|103|111|231|118|81|130|64|132|60|149|47|189|53|65|104|35|38|114|37|66|42|96|37|261|81|52|71|40|53|79|63|47|308|59|125|58|48|158|201|47|66|39|142|50|166|36|234|57|86|109|95|30|49|52|585|103|589|159|69|98|65|45|86|45|50|112|49|179|57|37|66|70|41|73|45|76|51|46|49|67|69|384|101|85|127|338|53|55|138|78|55|83|92|69|61|61|53|73|80|80|56|57|91|174|58|54|41|53|39|93|49|84|91|107|66|43|51|80|102|113|88|51|53|88|65|112|73|96|100|83|80|120|112|121|111|244|156|106|73|63|107|119|53|67|181|57|54|207|149|62|36|85|50|50|60|118|165|69|97|97|92|106|59|78|117|65|38|37|34|34|44|37|25|50|26|49|75|60|79|43|24|68|34|28|39|61|105|59|64|44|44|38|37|50|45|27|30|23|25|38|24|35|22|35|30|35|29|26|28|25|27|19|26|27|32|39|27|35|26|25|24|29|17|17|28|26|29|23|23
96,Warren Foegele,366,61|74|92|85|206|83|67|89|82|100|141|66|128|60|57|74|71|49|98|48|70|40|39|108|88|80|74|59|60|48|32|43|40|46|41|45|64|80|66|26|33|43|46|31|37|20|25|24|32|23|26|32|34|32|44|137|83|32|38|48|24|32|40|37|30|24|19|23|34|16|18|31|24|23|28|24|16|30|14|22|22|25|24|19|27|36|45|28|18|31|15|16|35|29|25|25|21|19|19|37|27|20|24|28|28|13|17|24|28|14|17|20|22|23|23|29|32|25|14|28|25|24|32|28|36|26|31|22|24|19|31|30|38|64|60|218|67|28|42|45|30|41|37|32|81|24|84|27|21|46|29|33|25|42|56|32|26|28|36|23|33|16|24|37|25|37|17|45|26|43|75|45|664|49|48|36|35|57|34|41|37|30|30|82|25|23|26|31|33|30|30|40|32|40|32|66|40|27|30|95|53|56|74|35|47|35|41|33|24|32|43|59|36|30|44|26|35|37|48|23|21|50|45|50|52|133|59|59|38|46|195|48|39|53|52|29|43|40|35|31|33|34|39|24|57|37|37|43|29|54|40|59|35|36|55|66|82|202|144|117|113|58|49|45|37|58|55|46|44|39|48|130|94|66|59|41|49|201|64|49|45|69|39|1648|3336|613|1376|234|252|135|154|60|95|308|164|50|73|58|269|89|501|88|879|141|58|78|80|42|37|43|81|54|80|57|105|63|94|65|66|88|87|98|69|68|78|388|96|360|97|84|861|105|103|251|208|130|90|60|62|46|75|76|95|47|49|53|46|44|42|25|45|38|51|53|53|36|39|31|56|33|37|42|34|28|44|46
97,Tim Stützle,366,140|105|115|148|107|90|74|96|73|78|182|88|109|70|80|77|89|51|123|76|88|152|124|140|85|86|85|54|90|92|76|139|104|191|117|91|82|125|90|71|86|81|92|68|96|59|65|63|65|213|422|317|191|125|113|79|102|72|63|61|59|57|56|65|70|50|54|51|67|40|48|54|63|64|80|67|56|70|54|77|45|48|71|56|44|74|50|89|79|50|58|55|57|58|59|51|37|57|53|60|51|61|51|54|44|80|82|47|51|53|47|61|65|68|72|47|69|66|87|102|103|86|74|83|73|84|72|98|98|109|142|125|122|130|160|163|149|208|152|132|181|120|211|259|162|150|130|97|159|192|151|211|125|137|150|285|188|128|173|112|216|118|87|75|104|129|248|207|130|125|186|109|298|121|140|93|86|120|115|162|118|239|144|226|107|163|140|126|121|139|98|151|115|189|127|114|108|102|160|154|245|303|165|124|253|230|170|233|298|201|262|163|277|113|175|266|452|174|251|155|264|256|241|304|188|421|261|264|552|330|347|149|206|209|439|188|196|820|287|210|259|192|168|153|247|192|337|245|324|249|171|263|220|318|307|215|447|299|263|255|307|304|1516|1313|879|4028|1289|1111|1008|450|384|323|434|314|233|239|250|312|205|206|162|220|316|165|261|165|219|171|275|235|350|319|314|243|187|142|125|179|159|172|248|189|228|184|164|232|131|111|88|93|113|128|171|146|314|276|207|255|151|198|163|187|156|146|190|347|384|535|224|251|1838|225|506|680|587|450|287|207|185|219|198|130|161|285|250|453|348|197|161|174|165|115|130|144|121|117|176|112|146|105|114|125|103|78|151|126
98,Drake Batherson,366,114|175|123|114|126|91|57|66|146|197|145|115|124|104|91|99|76|68|57|48|50|68|57|78|77|52|52|45|74|66|66|58|51|78|67|60|67|65|56|56|56|41|49|59|55|36|42|43|48|37|41|70|91|38|43|36|44|41|46|127|76|90|58|59|106|99|281|193|74|61|80|55|70|53|55|39|37|38|36|39|32|50|42|42|41|39|39|47|41|48|40|76|55|35|64|40|34|54|57|38|49|67|63|49|49|53|45|31|35|55|57|85|36|48|42|53|60|59|109|73|63|66|48|64|48|58|59|70|61|49|64|71|70|66|99|89|91|115|94|80|111|161|237|131|121|99|71|61|60|104|75|68|54|138|83|461|108|86|143|99|219|124|94|114|98|123|78|82|94|68|210|100|129|87|112|89|59|63|56|106|197|95|95|254|59|137|99|46|45|66|61|190|82|118|82|92|40|78|234|66|210|440|121|74|114|75|66|330|240|202|425|133|132|90|75|163|323|129|122|186|272|215|198|298|115|352|109|161|444|370|247|160|145|154|177|76|91|231|170|115|98|76|84|69|165|125|77|86|210|99|83|79|82|133|98|96|106|119|81|86|180|83|109|94|111|176|107|87|126|182|124|152|262|157|123|102|669|243|119|575|136|88|305|104|109|80|124|74|120|130|419|119|170|321|294|112|119|145|109|110|116|88|158|121|190|273|102|78|64|68|123|120|152|208|162|77|99|113|159|213|92|117|194|94|147|311|122|382|234|232|712|136|189|554|540|396|265|178|134|124|120|111|125|90|86|121|119|82|134|103|96|76|117|85|74|65|70|68|98|73|93|62|63|68|63|78
99,Thomas Chabot,366,76|59|57|56|64|88|59|71|72|63|70|45|54|39|49|49|39|34|58|34|29|38|44|56|62|49|42|39|52|46|48|48|113|116|62|59|80|69|69|68|39|48|46|45|43|46|35|51|25|37|26|54|34|31|42|31|33|33|53|35|36|29|25|31|34|32|30|39|28|37|39|36|33|53|49|39|28|30|29|16|29|29|37|39|40|32|26|35|23|31|24|19|34|33|37|28|28|24|33|37|34|30|39|36|35|54|59|49|42|23|44|24|35|36|32|33|49|46|74|56|33|39|72|64|57|102|83|178|134|57|35|71|80|61|75|68|72|85|54|84|106|51|56|91|59|78|55|41|49|168|77|73|41|57|77|105|65|56|80|109|85|69|84|58|65|99|103|86|91|46|110|68|70|35|58|47|44|43|59|50|59|99|63|49|40|55|60|66|41|70|46|70|44|62|47|37|72|41|72|41|54|52|42|37|69|60|47|76|135|65|96|69|91|62|104|94|209|87|134|89|255|187|110|437|182|302|94|84|151|62|93|57|63|90|164|61|56|253|90|57|88|46|68|64|102|89|58|70|110|129|99|99|68|104|84|70|128|68|56|43|55|57|68|55|46|84|44|55|89|67|80|83|130|112|109|102|118|120|51|332|85|71|86|67|87|46|111|77|111|131|216|65|105|93|89|59|68|97|110|94|146|160|356|158|243|127|72|59|56|53|47|53|60|58|61|60|80|140|363|366|182|114|182|75|70|95|74|310|105|111|697|72|103|399|622|262|203|132|68|55|55|49|67|54|60|72|55|38|61|79|114|84|48|72|55|61|42|46|76|49|46|154|108|45|67|47
100,Jordan Spence,366,69|58|74|64|71|58|40|39|63|48|80|51|80|44|59|64|53|50|172|90|112|132|94|114|95|67|60|70|63|60|54|118|90|5624|2058|770|511|392|203|141|136|118|127|142|119|95|83|78|74|89|92|132|65|96|138|81|84|63|61|112|63|55|51|70|52|54|59|44|60|152|98|85|113|133|82|59|69|77|43|54|46|59|71|45|50|39|65|178|101|40|52|54|96|121|184|140|84|92|89|89|145|168|139|68|76|117|86|64|115|60|49|74|47|52|76|69|62|67|279|219|163|124|157|260|135|110|78|103|121|97|92|63|98|81|111|160|201|151|155|98|761|140|166|331|249|421|158|93|102|113|108|92|92|74|71|73|77|99|212|95|69|65|74|71|92|88|89|71|1890|158|254|108|238|156|473|95|79|63|78|118|80|219|76|205|52|84|81|54|161|175|58|202|69|103|79|84|58|62|221|102|136|94|89|47|134|70|67|135|151|122|164|102|133|55|96|99|691|94|123|115|137|107|136|132|107|214|102|106|108|75|126|69|98|620|193|62|93|344|163|124|161|73|93|63|182|241|77|72|116|95|70|252|61|113|130|115|100|61|64|74|74|67|72|87|78|89|84|65|112|185|100|74|132|81|132|82|91|135|499|326|94|75|67|71|118|95|127|80|132|149|177|60|380|197|102|55|98|148|184|192|294|145|1113|192|159|264|413|142|84|87|125|124|640|293|428|155|130|844|231|197|215|121|157|78|111|193|141|331|127|127|744|129|102|493|380|146|198|121|96|86|65|81|74|87|89|79|56|52|54|60|48|56|55|62|48|38|62|60|60|50|40|58|55|52|65|63
101,Travis Konecny,366,379|251|173|165|143|182|102|114|128|105|134|102|129|81|114|108|101|98|101|70|88|96|95|134|94|123|72|89|190|201|138|124|124|261|138|139|189|163|173|88|109|71|101|112|95|78|75|72|57|80|62|63|94|59|59|66|63|77|84|64|83|72|83|57|45|53|57|66|64|70|93|65|67|99|55|43|47|55|53|48|47|44|54|81|71|49|49|64|64|67|59|48|56|66|64|67|59|63|81|68|71|61|72|56|62|81|60|60|59|63|76|99|61|76|79|89|92|67|74|102|82|84|83|73|82|82|94|90|96|91|132|167|105|110|125|129|125|144|127|116|132|257|121|118|155|108|152|113|598|228|166|218|285|147|96|334|385|173|224|183|150|247|91|241|98|198|190|142|144|146|85|440|182|169|130|110|98|98|106|175|126|186|116|118|83|109|143|114|202|132|175|122|274|135|139|425|164|141|455|197|295|136|187|143|115|265|100|142|176|96|116|209|446|150|135|111|137|156|135|435|317|261|301|179|162|152|258|210|776|165|191|164|199|134|170|155|177|140|106|322|160|200|112|183|133|126|146|105|577|321|345|194|221|171|370|152|238|152|144|123|135|107|736|301|187|338|172|145|359|184|299|203|846|323|248|221|283|254|365|237|168|292|123|144|195|144|166|161|165|315|666|329|141|201|124|108|107|120|166|272|174|130|105|105|97|144|74|239|400|150|144|121|207|183|231|188|151|221|130|121|129|237|215|649|293|201|278|314|994|590|1234|387|4019|481|431|1675|351|858|346|1844|298|305|703|397|1035|205|193|929|516|1098|239|170|181|134|167|106|92|120|104|88|96|90|88|103|106|97
102,Christian Dvorak,366,91|96|70|80|88|81|78|146|111|84|86|57|95|61|66|76|53|47|70|47|60|59|43|79|57|44|59|45|70|59|57|96|82|108|103|166|3591|1070|609|339|199|206|239|179|151|287|297|169|134|93|98|98|86|55|74|54|57|45|55|55|64|42|46|41|61|47|42|45|44|25|44|46|33|44|39|55|39|48|55|36|36|53|55|40|65|63|45|59|59|52|39|50|24|49|42|44|48|34|43|52|50|45|47|46|44|54|55|41|42|31|62|62|50|60|55|47|60|53|48|83|160|337|93|66|104|108|83|93|73|150|240|162|101|89|113|146|298|295|164|188|199|572|156|168|125|91|209|137|159|73|93|115|738|286|123|122|139|89|130|293|343|184|282|557|103|169|130|78|73|52|62|159|66|899|247|76|62|61|88|104|65|110|52|59|47|143|70|67|206|57|98|64|121|72|55|171|80|48|555|133|352|122|172|183|95|332|86|95|128|75|86|504|178|81|119|59|241|168|134|302|115|111|164|92|111|2149|1097|274|409|140|149|84|192|107|154|134|124|74|53|89|67|442|106|129|56|59|92|105|157|155|139|93|142|134|116|83|102|55|54|48|56|95|47|54|68|66|52|48|90|77|100|74|121|116|92|79|99|191|316|267|182|688|65|83|114|112|109|80|88|101|112|117|39|115|65|47|47|98|80|205|161|90|73|132|70|183|55|203|149|78|119|86|126|122|976|559|245|190|235|291|92|239|138|429|166|97|108|137|1254|422|623|351|629|117|136|710|245|485|137|1057|182|153|307|174|635|111|119|576|372|414|174|118|111|88|115|110|69|73|162|133|96|109|89|104|70|89
103,Alex Bump,366,24|16|22|19|31|18|12|30|34|17|11|15|11|14|19|15|13|11|17|8|10|16|8|14|18|9|14|24|21|23|30|18|23|106|45|45|48|151|199|115|139|172|267|123|91|55|39|23|25|32|45|30|28|23|23|25|30|18|37|37|28|27|29|22|79|32|24|27|21|15|28|33|33|27|21|23|19|12|16|24|20|27|17|12|16|16|16|17|12|16|16|13|22|24|11|10|26|14|12|11|16|21|14|17|17|29|21|23|22|40|50|41|24|24|26|41|61|47|40|39|81|83|31|49|57|80|39|53|41|39|29|71|52|36|35|73|40|64|49|34|39|36|28|31|32|80|86|32|39|54|26|49|40|33|24|42|33|18|35|46|34|18|19|19|10|18|46|41|18|19|25|17|18|28|53|23|40|32|55|28|34|33|18|18|18|25|17|16|24|28|57|52|49|19|35|49|19|20|25|20|31|30|30|11|20|28|48|35|60|31|23|29|39|22|18|26|30|37|46|26|27|17|22|40|17|18|22|18|33|43|29|21|20|20|13|14|24|12|6|25|20|19|16|41|28|19|25|20|27|13|38|22|19|11|20|18|17|30|14|20|15|16|13|14|16|32|20|16|27|23|27|30|49|26|25|18|39|17|47|55|34|38|30|31|235|2156|5174|975|432|181|483|977|163|531|93|64|90|101|86|92|95|82|74|74|126|303|111|311|220|120|104|132|281|469|450|221|158|238|121|106|67|94|84|223|797|163|91|115|387|130|288|126|244|83|60|262|939|5869|553|1060|241|178|638|306|554|106|109|817|274|1887|176|110|92|96|85|55|43|59|40|61|37|36|45|22|41|22
104,Travis Sanheim,366,90|87|54|60|88|50|50|30|64|49|64|51|87|43|46|59|44|44|45|33|30|32|40|74|44|56|40|36|60|56|57|48|50|86|53|57|52|53|49|33|40|36|53|46|40|28|43|48|17|19|18|31|29|23|23|26|34|17|23|27|32|31|24|15|20|26|20|21|35|31|32|28|16|35|30|17|25|28|29|23|14|21|22|32|20|21|30|29|27|32|24|15|17|34|34|23|29|18|37|20|32|21|39|38|28|27|25|29|34|29|32|27|27|31|40|39|50|37|34|22|29|46|33|22|35|41|30|41|23|47|49|59|53|58|85|66|80|118|75|106|91|137|70|91|150|64|142|68|84|81|67|71|76|75|64|110|126|77|126|81|74|101|66|140|47|126|84|100|109|85|74|130|65|70|76|48|48|56|77|263|65|60|57|71|43|78|57|57|77|70|86|58|96|61|61|72|57|53|68|81|130|52|55|52|41|97|71|64|94|58|65|166|70|56|60|50|73|84|117|1295|1105|505|622|262|191|164|311|160|216|140|114|92|119|119|88|97|108|100|83|89|85|108|77|99|60|82|112|81|102|105|149|128|145|171|237|238|403|412|608|458|456|528|1081|1370|678|1543|481|353|944|511|2230|1008|5114|1480|745|445|343|292|183|157|153|248|115|99|100|115|100|71|83|67|109|83|64|79|56|45|59|64|66|63|76|50|48|54|53|46|29|86|77|46|73|48|85|210|143|100|97|119|82|82|89|257|96|261|130|78|96|117|3666|580|549|244|600|162|164|676|196|1126|147|808|171|135|239|197|466|76|101|714|141|252|95|93|81|68|54|50|46|61|54|54|46|58|41|44|42|43
105,Rasmus Ristolainen,366,93|103|46|102|104|88|49|52|63|60|79|43|76|36|44|55|46|38|50|30|51|52|33|155|102|80|57|61|70|66|60|98|96|89|52|58|81|66|45|48|37|38|59|51|30|28|41|16|35|34|30|34|31|27|47|27|33|32|41|38|24|20|32|27|45|37|32|27|28|30|28|45|30|25|31|29|31|21|20|34|33|31|26|19|27|24|24|17|28|30|26|21|17|28|25|25|29|27|26|19|32|31|25|30|21|26|20|24|19|19|24|22|34|46|42|30|39|30|33|28|36|42|42|26|34|34|29|49|31|49|47|44|41|41|41|55|56|56|51|62|86|71|48|51|48|47|55|50|73|59|71|54|77|66|73|73|75|61|59|39|64|58|30|62|41|60|58|55|35|41|32|72|39|49|53|36|47|47|48|46|45|64|38|57|40|53|42|63|74|52|62|88|128|53|56|59|39|29|54|54|95|42|70|82|147|570|123|240|138|61|70|96|87|53|70|53|56|88|66|89|83|159|172|104|89|103|235|89|133|118|106|72|118|126|131|88|68|64|64|86|42|70|43|67|58|67|124|90|107|112|104|73|66|80|169|92|136|108|98|114|110|458|267|248|315|169|141|121|251|196|1407|961|712|476|461|305|362|585|493|250|420|760|417|596|1045|237|168|153|108|90|104|77|45|75|47|60|49|54|59|79|62|34|44|66|60|57|37|79|135|54|80|75|81|83|173|101|83|146|117|89|68|84|97|754|303|155|148|151|1486|810|868|323|4051|240|218|686|206|530|239|847|199|226|394|200|586|137|153|503|166|347|98|120|107|93|79|56|89|51|107|57|45|38|51|38|47|58
106,Sidney Crosby,366,2981|2352|3208|5230|6696|4896|3460|3328|2991|3342|4877|2394|5366|2289|2553|4080|2172|2116|3507|2080|3916|3180|3042|7411|3607|4009|2903|2184|2168|2179|1812|1823|2054|4040|2252|1991|2704|2137|1710|1496|1571|1583|1420|1798|1710|1675|1890|1673|2740|2277|2056|1649|1522|1323|1350|1310|1323|1336|1201|1256|1426|1159|1252|1044|1160|1737|2202|1966|1240|1340|1263|1452|1424|3127|2349|1799|2189|1721|1547|1504|1283|1468|1210|1421|1200|1525|1260|1451|1374|1177|1014|1122|1418|1549|2324|1739|1308|1468|1530|1225|1057|1344|1178|1355|1351|1083|2165|2526|2059|2027|1794|1448|1826|2449|1905|1531|1669|1506|1697|1914|2040|1883|1810|1778|2216|3565|2313|2355|2195|2155|2906|3727|2792|3050|6695|10086|4730|5276|3629|3935|3123|3100|3622|2959|3080|2801|3326|2470|2569|4888|3231|4314|2895|2921|2990|7880|5831|3248|3549|3597|3476|2791|4963|2693|6000|10101|4657|3629|2902|2625|2849|2656|3110|2689|3772|2818|2948|2992|2723|3788|2882|3021|2409|2342|2298|2611|2148|3923|5665|2988|5571|3190|3089|3577|2739|2949|3207|2979|3369|2949|4661|4365|4775|3635|3673|6785|3667|3974|3510|4809|16498|7095|5180|3943|3736|4882|4794|5394|6100|10013|10317|10313|11299|7997|8063|6400|6222|5954|7126|7281|7041|5529|5319|5792|5132|9732|5402|5554|5274|5529|4332|5248|6174|4686|5064|5916|4343|4008|3843|5445|7948|9191|5864|5103|6818|5685|7447|7490|12586|12493|9585|9918|26510|25952|18477|31363|18292|13131|33593|26793|33868|24310|155078|50074|24437|19301|18039|11867|9032|7725|6222|6353|6248|4933|5787|5013|4995|4261|3630|4492|3515|3425|3507|3558|3014|4430|3801|4381|3783|3545|4085|3166|3027|3162|2992|4097|3251|3188|3019|4064|3435|3220|3206|3351|6934|5407|4619|3660|3665|5173|5469|8356|9329|6703|5866|6176|5848|6424|18409|7471|12036|6565|14993|4571|4549|15780|6696|19438|5733|19554|5870|4208|3649|3683|3084|3391|2897|2634|2477|2847|3115|3459|4198|3756|4653|4595|3966|4370|4130|3187|4589|3850|3051|3460|2827|4636
107,Bryan Rust,366,89|85|80|83|76|76|67|58|89|74|76|64|78|71|115|82|76|72|96|110|100|126|94|121|103|110|99|96|105|106|84|107|729|263|138|161|176|335|165|181|126|176|189|231|184|138|102|68|77|74|69|96|93|100|76|62|101|173|138|217|150|103|87|78|68|45|73|56|37|58|67|57|64|56|56|40|61|81|45|47|59|63|43|50|44|125|104|65|54|32|32|55|62|47|34|53|68|44|47|53|62|64|63|53|57|60|61|41|43|58|58|45|61|66|80|62|78|75|64|66|62|76|64|87|233|610|148|130|90|107|85|107|309|89|167|450|175|200|178|120|76|86|135|86|100|95|102|59|70|174|86|115|79|164|175|321|204|95|231|113|53|65|157|55|67|605|181|103|89|75|68|106|123|119|161|85|67|77|80|87|88|83|56|68|52|157|72|190|122|71|367|95|104|120|74|85|120|105|214|80|119|166|190|108|78|237|81|77|106|135|201|225|140|84|109|69|84|225|106|176|129|402|508|178|101|98|97|109|188|99|135|82|106|144|99|327|159|129|108|127|98|194|187|93|118|336|393|282|146|192|228|384|206|160|350|143|200|108|119|84|129|90|97|101|104|112|90|86|127|127|133|84|285|221|162|172|148|196|295|423|233|119|191|92|364|195|303|138|66|289|98|150|78|176|88|300|93|309|128|291|290|106|88|123|96|137|109|89|87|227|132|132|109|127|470|275|170|146|167|272|179|132|125|118|137|100|215|140|1089|288|403|214|1665|161|132|705|340|614|180|1208|212|156|100|93|109|80|70|87|147|132|147|115|63|79|67|55|60|86|55|59|68|60|46|78|58|70
108,Rickard Rakell,366,50|76|71|69|65|73|43|43|46|43|63|39|62|47|61|58|55|59|101|51|62|102|52|90|74|63|53|46|110|78|54|72|76|89|63|69|76|108|106|98|87|59|177|201|119|90|64|52|68|62|50|64|61|70|92|44|42|47|67|85|53|54|52|49|45|55|58|67|43|42|61|35|63|57|54|46|53|56|33|36|61|90|59|48|46|47|42|30|39|29|33|25|38|48|32|34|41|44|63|89|51|39|35|40|41|37|37|33|34|34|34|37|49|44|38|40|47|36|36|71|66|55|52|48|74|189|70|76|66|57|57|81|48|79|142|425|90|137|98|76|51|73|219|77|79|52|70|50|65|96|68|172|70|129|125|111|65|44|77|67|52|39|72|51|58|102|62|56|59|66|85|111|170|107|180|77|46|49|50|52|103|55|45|43|196|36|41|68|63|56|73|46|54|62|57|52|61|49|85|52|115|161|113|73|75|118|67|67|60|115|236|121|67|57|58|65|76|103|70|165|60|235|295|199|348|215|132|103|132|105|94|76|68|91|72|111|70|138|108|142|82|162|181|86|81|109|85|81|71|167|162|161|176|169|168|106|115|102|143|106|105|496|335|287|249|159|165|457|555|219|121|133|175|158|108|88|111|104|156|124|100|87|108|74|102|120|157|64|42|80|50|76|52|56|47|128|78|89|62|173|134|64|55|61|100|217|81|51|78|287|125|145|77|93|430|305|142|79|84|175|120|110|63|82|71|76|91|107|370|206|188|91|238|81|96|429|213|325|126|321|220|106|70|76|188|92|93|79|51|98|81|57|56|55|45|55|46|64|57|51|67|50|42|50|43|33
109,Erik Karlsson,366,271|295|242|393|343|345|266|231|207|234|298|207|282|183|228|338|516|548|424|244|267|271|252|389|308|292|257|273|244|403|355|367|324|417|274|279|513|349|389|257|223|197|440|411|451|513|384|329|241|405|448|397|303|287|266|261|211|202|204|202|182|164|155|211|188|231|241|182|206|192|215|195|168|190|158|154|195|196|191|148|138|135|214|133|139|159|233|156|187|161|197|168|167|164|198|167|152|154|171|169|187|231|216|323|210|159|150|140|171|150|180|161|268|419|317|272|254|182|227|227|181|175|227|211|230|367|236|244|234|230|258|298|231|258|411|673|335|546|491|543|322|262|396|266|373|253|432|258|211|462|272|345|240|260|290|522|427|242|307|321|215|244|1177|288|283|664|538|584|388|340|386|405|788|768|691|391|340|260|245|356|297|354|233|248|221|298|247|367|449|269|607|317|243|306|246|209|293|233|428|269|576|905|665|383|303|609|308|499|241|432|482|528|319|209|242|216|314|293|315|378|303|771|600|448|556|397|374|297|876|519|485|336|360|379|457|365|318|341|304|354|300|287|391|299|282|314|282|344|273|373|437|503|353|699|598|357|394|360|467|473|467|1211|856|1010|910|700|555|1541|3699|1100|654|546|1223|932|632|437|486|563|714|818|518|360|689|299|639|498|751|466|390|417|320|390|301|422|325|1126|435|852|428|1052|777|375|408|398|509|1215|641|823|447|609|459|471|381|536|623|398|315|410|401|748|399|515|413|406|709|1075|764|569|1581|856|1523|573|2015|400|682|1512|719|1724|1107|2407|696|427|351|396|461|361|547|382|388|359|428|248|367|332|429|209|235|228|288|220|387|239|385|246|701|327
110,Parker Wotherspoon,366,35|43|17|16|40|21|28|29|30|14|25|35|17|36|26|21|29|20|28|18|11|18|15|28|35|14|24|22|26|29|21|28|16|34|27|49|936|286|95|57|39|54|54|31|43|34|31|34|33|40|19|40|27|26|23|12|19|23|12|19|15|23|15|30|27|23|24|24|20|14|18|11|15|25|26|27|15|27|32|13|33|42|22|17|28|26|17|15|21|15|28|38|19|22|27|17|14|24|24|23|25|21|41|17|11|19|13|17|16|20|24|17|25|33|27|21|20|14|37|29|35|36|30|39|47|60|21|45|48|49|59|108|67|91|151|494|145|285|89|87|36|45|187|50|94|58|95|44|68|147|73|147|71|63|53|734|255|99|265|103|24|48|118|39|51|112|66|96|43|33|39|30|100|44|344|85|48|37|36|49|68|72|45|29|24|93|329|168|114|59|156|66|37|161|69|67|84|40|40|41|109|142|248|86|47|116|34|63|37|75|78|103|53|27|38|27|24|53|54|82|42|130|235|98|58|47|36|49|53|77|165|88|23|69|42|71|50|57|217|120|56|203|156|64|89|185|67|64|58|121|138|88|74|120|187|34|91|51|40|74|60|40|40|37|34|36|34|19|27|23|39|43|40|37|43|45|51|66|100|100|68|71|192|52|88|59|239|70|30|53|51|59|20|91|32|147|47|88|44|65|83|35|36|58|48|77|49|41|69|159|77|59|47|81|276|247|96|56|69|90|80|74|52|54|54|60|69|72|300|95|259|102|210|54|37|470|117|188|103|571|74|54|31|26|31|45|37|176|131|96|127|73|71|69|235|184|71|356|173|88|103|110|61|89|49|193
111,Igor Chernyshov,366,23|37|26|35|24|33|20|32|26|18|16|42|23|21|29|25|18|21|5|14|14|31|14|17|21|18|18|15|24|20|50|45|78|186|89|69|33|42|65|52|36|47|65|36|41|18|9|25|12|17|17|14|17|25|23|19|23|19|23|9|10|14|11|9|10|17|13|18|12|13|8|23|17|5|19|8|9|14|10|5|14|9|11|8|5|8|16|8|7|17|9|9|17|14|18|10|14|13|5|13|13|16|22|14|18|18|23|12|17|18|29|12|14|14|17|21|6|17|11|21|17|14|24|32|23|22|27|43|21|20|26|27|30|35|31|21|17|29|15|24|14|21|23|22|12|18|16|7|18|11|15|27|29|34|38|27|24|15|18|18|22|26|28|13|30|26|34|28|31|22|90|44|61|27|12|12|19|23|29|29|31|29|40|30|30|28|24|19|41|44|53|74|40|26|33|45|38|15|16|18|32|29|32|240|268|763|143|308|121|323|115|100|79|35|43|45|969|232|893|1028|1731|410|356|191|167|178|199|172|118|140|130|88|82|87|85|127|120|85|78|288|104|92|110|118|76|60|56|66|86|58|78|46|73|86|37|41|40|36|25|30|23|33|18|24|32|33|38|36|27|54|41|40|47|55|64|38|27|45|52|61|69|43|87|73|68|67|53|40|33|38|115|75|584|2686|366|145|126|151|112|84|118|96|118|136|43|94|330|835|245|419|145|163|241|166|119|87|104|94|109|98|81|721|132|425|137|129|293|157|113|100|54|85|110|62|76|68|62|139|110|115|89|76|75|126|178|380|209|119|82|93|81|91|118|69|76|69|103|84|79|57|75|88|69|66|75|72
112,Macklin Celebrini,366,699|723|683|643|710|584|549|604|550|512|722|493|740|431|479|892|614|524|902|662|540|492|484|849|548|513|515|440|505|539|555|630|1263|2403|1008|892|709|589|757|599|456|369|490|701|947|531|383|325|310|392|468|444|379|336|330|316|356|261|241|228|248|255|231|241|247|297|334|411|298|277|272|311|280|298|271|257|301|279|264|219|284|291|242|268|272|300|298|348|301|287|309|265|263|318|318|328|282|205|259|315|283|246|261|298|371|344|619|439|367|339|330|296|373|433|457|825|556|369|389|414|393|386|388|360|412|377|372|428|374|480|462|566|572|588|770|830|819|1445|859|1769|1078|742|1040|647|729|1080|953|690|1235|1847|1368|5816|1832|1270|4337|1829|2705|1272|1425|1810|1260|2169|1110|1119|3878|2323|9358|5711|5122|2566|4798|2829|2375|1579|2006|1163|1124|7995|4846|3929|3686|3495|4314|2229|2098|2557|2308|2470|2617|2049|3440|2777|2405|2009|2773|1844|2607|1922|2249|2451|4106|2764|4047|2680|2046|7354|4930|5086|2972|2868|2332|2029|2581|3047|2543|3647|7391|2976|5454|12649|11996|6021|5886|4617|4233|3507|3543|9402|5077|4418|5072|4094|2910|2510|2162|3890|5114|2564|2635|3571|2989|2267|2340|5122|2843|2472|2160|6254|3423|7047|3871|2725|2288|5131|2924|3432|2990|3464|3225|4248|5883|4694|24850|29274|17368|64752|35196|16572|38574|17047|36212|22518|118449|29352|13644|8695|9306|8167|8567|7052|5404|4478|6909|4360|3620|4081|4881|3412|4114|5393|4650|4640|4653|8408|3660|3249|3743|2630|2674|2622|2501|2174|2294|1996|1965|2275|2147|2253|1821|5340|2689|7402|4652|2939|3515|2957|3677|2652|5701|2908|2344|4155|2370|2874|2372|3010|10320|4120|3754|2942|4173|3212|2519|1867|2119|2106|2219|2220|2188|1868|1895|1754|1610|1878|2205|5144|2959|2719|2191|3798|3360|2137|2423|2445|3897|4431|3346|3063|3564|3075|2419|2258|2206|3040|2062|3205
113,Will Smith,366,834|428|486|307|307|295|295|312|297|209|244|214|208|218|226|231|249|179|297|178|180|201|174|185|183|183|170|174|171|231|202|234|437|877|366|406|281|274|302|211|215|210|196|182|186|249|219|187|157|173|209|263|179|157|184|156|170|201|155|129|149|124|173|166|143|150|194|164|132|128|144|109|138|158|128|119|97|135|144|118|132|109|127|124|115|93|118|135|112|95|107|85|124|99|137|112|135|128|123|114|110|108|136|115|119|125|373|206|129|140|120|150|150|128|145|159|151|133|134|175|142|200|155|163|189|170|156|165|150|178|272|219|234|217|272|212|262|424|259|394|348|320|390|294|398|356|351|324|956|1398|701|1803|1077|686|650|512|729|456|620|481|706|740|392|425|726|466|1295|1114|892|768|1413|634|597|431|647|443|431|887|576|735|696|1035|1207|844|736|679|665|659|1290|837|2016|969|886|604|642|617|701|583|610|564|701|867|1938|1473|1158|1430|1077|1084|874|1003|945|935|798|779|710|780|1204|1097|1159|1310|1253|1254|1311|1315|1138|1095|888|1066|967|1078|1083|837|759|793|761|984|1377|985|902|1324|1006|902|858|1446|1051|984|758|1648|962|1109|1151|890|875|1286|966|978|797|833|825|751|809|795|1012|988|948|1345|1370|1190|1380|1548|1556|1659|3037|3132|3573|2688|2868|2377|2001|2047|1924|1574|2069|1254|1368|1499|1666|1165|1140|1266|1592|1648|1147|1448|1163|1598|1282|927|805|859|851|933|1016|950|893|749|824|1025|830|948|975|1772|1571|1154|1372|1309|1662|1282|1549|1027|914|1264|990|1082|911|1049|1671|1411|1416|1185|941|935|1005|873|915|969|896|909|887|742|774|769|780|752|914|1718|1132|1004|870|930|747|669|753|617|635|663|780|782|832|722|770|710|705|812|675|688
114,Dmitry Orlov,366,180|450|92|807|183|142|61|63|69|71|57|63|84|50|63|79|51|58|76|62|64|44|45|88|66|79|91|58|61|61|60|68|65|81|49|114|371|313|1743|424|224|143|126|83|136|153|121|89|79|80|87|75|62|75|68|59|66|40|70|73|50|54|43|51|53|44|56|67|52|50|42|61|46|75|50|38|42|58|47|49|34|50|55|34|49|50|31|34|54|71|51|47|52|46|59|61|45|38|42|41|41|52|77|53|34|47|46|37|47|39|35|42|34|45|45|53|67|55|42|60|62|48|54|42|168|62|68|86|76|72|52|91|68|68|110|94|96|254|96|201|87|99|191|76|61|152|167|75|68|115|76|289|145|101|143|75|110|74|254|134|73|148|81|61|123|93|118|201|77|86|225|84|79|60|99|47|66|155|68|122|77|93|372|85|68|81|88|97|134|115|120|82|421|96|104|127|83|79|70|67|270|127|115|78|64|96|58|82|62|71|51|60|83|54|80|62|118|86|121|122|131|102|110|98|96|86|120|117|78|100|108|110|83|76|88|337|88|104|101|124|123|73|51|162|86|102|83|93|89|118|82|82|59|89|91|97|56|66|79|52|69|71|67|80|57|74|83|90|97|81|92|74|141|96|82|67|85|108|145|156|97|71|173|81|112|160|159|72|88|154|115|123|73|130|82|63|195|68|75|177|96|70|58|79|64|73|73|74|73|108|54|251|163|82|126|73|175|64|188|115|53|124|89|123|58|105|100|110|104|139|140|68|75|56|54|72|56|67|55|62|52|58|81|63|72|86|84|92|49|100|79|59|48|67|269|57|53|51|67|57|50|53|39|80|71|93
115,Shakir Mukhamadullin,366,55|71|49|413|288|85|71|69|43|51|42|39|69|142|40|45|39|25|51|46|38|37|35|77|65|56|38|42|63|49|49|82|77|161|75|92|92|73|89|111|53|64|75|60|32|33|74|66|61|61|68|50|60|36|41|42|44|46|72|91|50|35|36|27|34|29|20|23|31|28|34|51|30|42|24|29|38|36|31|24|34|48|27|23|23|22|24|24|25|33|25|26|25|16|42|37|21|24|29|36|28|25|32|51|33|40|32|39|27|16|19|35|23|29|39|39|34|37|37|37|39|43|65|35|84|41|38|139|35|80|51|72|112|148|117|120|81|765|171|172|96|121|108|77|92|97|135|96|88|84|89|149|125|76|117|71|88|82|223|307|151|287|76|52|475|96|339|147|103|78|298|257|142|78|287|70|73|236|80|92|98|225|2999|248|168|147|90|87|130|82|315|128|130|91|87|88|75|83|78|71|267|128|124|102|62|191|88|754|113|238|95|83|168|71|71|62|291|95|269|214|175|126|137|172|110|164|165|149|97|131|120|95|97|90|107|125|94|84|106|162|93|93|82|87|83|92|75|136|96|87|223|223|92|573|131|143|61|49|83|48|71|87|71|51|63|63|83|44|109|60|74|84|122|106|105|106|102|229|1825|4173|574|229|522|208|209|238|232|124|173|177|139|200|176|1195|294|138|180|136|278|240|156|122|142|178|90|131|133|130|108|305|90|260|291|139|231|123|352|149|176|463|125|269|162|255|92|204|295|115|140|145|128|124|74|75|90|56|58|82|73|96|118|83|62|75|92|211|176|105|94|80|69|85|69|78|69|63|64|58|64|50|63|60|62|76|54|52
116,Jordan Eberle,366,207|261|377|322|419|214|193|160|149|193|394|171|364|165|166|190|146|113|296|172|289|136|127|276|169|177|158|143|152|108|150|133|129|159|151|139|176|166|169|138|128|149|114|118|126|105|181|113|153|119|94|73|119|158|115|95|107|90|122|120|109|116|87|97|79|83|91|63|94|126|107|105|95|103|96|97|78|92|88|67|103|105|86|114|110|114|189|97|104|83|92|102|100|90|105|120|71|71|92|75|88|240|212|122|109|110|116|104|102|145|115|139|144|101|103|98|127|96|116|211|122|115|208|116|146|110|130|163|99|162|115|109|111|110|146|231|201|273|168|342|171|246|358|159|239|246|469|194|260|198|127|290|166|2241|307|166|267|124|155|128|181|125|382|160|247|122|139|181|222|162|212|156|439|173|232|177|130|309|130|199|144|361|350|164|169|236|135|356|224|141|126|121|165|501|137|246|145|321|147|302|160|193|211|325|168|376|174|381|167|263|242|383|334|548|783|338|238|535|749|289|316|443|506|245|324|1232|758|258|282|209|240|166|343|265|262|283|279|268|477|222|217|367|161|224|292|260|187|334|174|339|239|248|208|182|271|297|212|173|135|192|173|150|232|126|150|186|201|193|208|164|243|233|354|285|234|197|247|192|186|1536|283|276|213|254|760|503|445|221|169|299|168|217|163|416|222|132|200|109|115|133|171|147|149|188|160|263|196|157|117|127|592|153|281|171|245|159|521|163|179|265|172|318|197|240|175|267|241|163|173|207|373|187|168|137|177|160|182|188|179|219|221|175|228|147|245|198|140|183|108|163|121|108|129|206|208|123|154|171|134|131|124|154|153|148|137|191
117,Bobby McMann,366,41|35|34|38|36|38|40|42|32|31|27|42|30|30|36|49|28|33|26|37|29|40|31|37|32|32|23|29|17|32|44|36|41|42|42|63|62|72|54|46|39|46|38|51|64|91|31|33|35|29|29|27|34|66|40|30|38|26|26|27|26|17|21|19|35|56|39|36|32|38|32|25|44|24|30|40|30|26|30|24|22|27|16|25|21|24|27|18|28|31|26|20|20|29|32|26|20|19|26|31|22|27|28|24|38|28|26|18|20|23|16|34|23|30|25|49|60|30|35|34|84|92|61|102|39|50|29|34|26|56|56|28|44|44|50|320|336|65|137|104|105|78|303|100|77|73|99|57|57|58|47|64|98|56|27|62|46|42|24|37|40|58|197|69|78|44|43|271|108|56|198|28|360|52|125|50|46|74|50|42|97|121|34|29|29|55|49|29|125|26|40|148|64|297|101|115|42|453|170|123|78|59|170|32|40|46|40|65|36|75|53|125|74|38|32|47|200|245|67|764|81|251|80|181|64|50|418|114|203|128|728|768|1725|559|290|214|149|283|179|194|86|153|100|367|151|102|115|844|454|356|212|225|193|457|1667|276|383|245|186|143|99|87|81|89|95|92|49|94|128|91|88|82|106|88|112|204|290|235|144|262|337|442|418|622|4567|1956|921|358|399|498|331|331|164|2080|1245|337|537|194|231|261|114|129|103|229|175|352|361|525|282|225|429|106|338|180|181|157|198|109|103|227|120|133|82|203|88|141|229|132|155|108|56|74|54|38|45|64|49|109|49|52|79|91|69|71|50|83|62|85|82|70|77|90|59|69|119|184|173|117|98|106|76|63|43|54|71|68
118,Matty Beniers,366,521|249|169|189|189|132|113|133|138|150|140|108|146|113|150|268|238|144|140|93|114|104|111|177|126|153|127|135|150|165|111|149|184|413|215|209|214|176|146|118|116|136|216|149|120|162|115|115|105|137|154|108|93|152|156|184|100|94|79|78|75|70|91|92|74|76|80|76|69|71|74|63|82|112|81|71|74|82|92|76|69|73|70|75|57|77|93|87|84|50|67|68|65|75|60|99|57|64|79|64|91|60|121|62|73|56|62|66|74|81|74|76|84|79|80|80|92|86|82|139|104|107|131|101|135|131|111|172|168|166|165|135|113|172|175|165|161|289|150|578|220|273|305|185|164|166|304|203|229|198|159|216|172|355|191|149|302|170|146|121|188|167|462|299|541|186|200|235|185|137|256|182|290|135|256|159|201|306|181|269|185|323|200|153|157|298|157|262|191|184|179|231|155|196|136|318|174|262|180|420|203|284|189|390|191|352|189|229|172|212|165|219|260|175|132|169|209|315|445|211|199|687|822|275|251|367|549|250|448|218|460|232|362|232|300|972|246|223|220|162|181|309|180|264|449|293|191|367|179|464|197|238|156|192|351|260|212|188|173|144|146|147|241|226|231|308|244|213|321|299|349|321|1158|1083|573|393|428|371|252|483|229|332|268|336|257|193|321|198|179|358|194|243|151|296|212|184|278|156|159|151|199|202|143|181|166|158|166|181|132|130|244|202|258|143|204|192|245|225|196|394|189|299|215|311|164|227|240|134|147|246|185|142|172|140|153|152|141|167|163|165|198|243|175|192|184|391|269|199|193|162|206|152|262|290|276|147|186|162|232|143|131|196|133|134|162|152
119,Vince Dunn,366,110|109|100|98|131|127|73|82|72|73|82|76|102|71|56|74|91|73|67|60|71|69|52|90|126|89|103|99|99|89|84|83|70|84|67|79|126|85|80|78|67|76|62|62|57|65|49|49|65|40|66|64|89|65|60|58|52|44|50|68|46|74|48|38|45|60|37|45|32|46|54|52|52|85|67|46|41|57|48|43|40|56|40|60|49|61|98|90|76|49|83|78|58|51|149|84|57|67|63|41|56|51|68|64|61|52|33|59|69|58|57|59|68|72|59|54|58|63|55|128|100|63|63|77|66|67|83|147|199|129|86|81|157|111|122|118|118|275|114|177|127|158|216|155|207|321|488|253|222|178|249|145|115|219|114|115|252|132|124|73|116|102|138|102|141|111|118|223|146|101|125|100|265|105|169|99|92|118|74|104|98|158|146|103|107|187|83|129|124|113|107|107|131|160|135|252|148|442|217|493|210|208|152|193|150|208|146|243|214|186|195|361|226|158|143|134|179|203|222|151|130|211|253|159|145|259|176|172|277|139|133|149|140|95|183|169|120|139|142|146|170|353|120|147|140|143|124|158|124|177|125|185|107|111|137|216|139|96|100|124|139|114|147|93|112|133|106|105|115|133|117|105|191|186|133|129|152|145|107|314|162|126|105|201|114|103|160|105|123|131|89|102|72|128|97|80|78|69|96|94|67|80|58|68|80|109|77|97|55|65|84|72|76|71|136|94|89|57|77|110|60|112|74|110|51|100|268|66|76|99|87|79|76|69|80|82|87|92|84|59|88|88|78|98|87|70|76|57|50|70|66|65|65|76|77|44|59|77|83|71|62|58|54|51|62|59
120,Adam Larsson,366,130|117|136|121|153|80|73|62|69|79|114|96|123|69|59|105|65|44|125|77|69|49|50|109|84|79|71|52|76|65|55|68|72|85|64|73|80|88|67|83|156|176|164|160|183|166|167|148|149|163|156|156|152|159|152|149|157|152|187|183|59|39|35|31|38|80|54|41|48|55|48|45|49|40|34|33|55|40|46|35|34|24|48|39|32|43|56|44|40|39|48|39|45|51|60|59|48|35|40|43|35|34|45|37|44|40|40|31|40|46|52|36|38|36|46|37|57|47|50|67|64|48|60|58|54|60|55|87|54|70|53|49|63|55|75|68|70|115|67|117|76|85|116|79|78|104|138|87|101|88|52|99|76|159|65|58|102|61|76|49|75|56|102|72|85|55|50|76|98|83|121|82|102|67|150|53|77|96|60|73|68|103|104|35|128|76|98|139|97|72|73|83|53|99|66|151|68|116|90|82|66|98|75|104|75|110|67|77|72|75|79|91|81|71|47|73|86|129|122|65|74|162|162|109|99|130|162|93|220|96|108|90|121|100|377|116|111|179|221|138|89|101|87|97|152|87|75|96|78|106|67|103|66|73|124|173|97|85|92|77|65|134|75|79|59|72|71|90|135|75|72|87|106|110|98|86|126|128|64|120|76|158|104|109|96|101|115|76|62|82|63|84|49|110|75|54|104|55|85|75|83|243|394|353|123|131|133|89|82|64|174|94|276|80|171|103|123|114|79|78|64|71|45|93|55|62|88|85|184|77|118|72|80|74|85|97|95|65|57|80|83|67|126|108|265|127|83|97|61|186|64|80|81|71|172|66|61|74|61|76|53|91|59|49|65|131
121,Robert Thomas,366,85|91|167|202|213|154|112|152|111|106|103|86|103|78|78|93|72|61|73|58|98|74|83|83|73|66|68|71|81|98|87|132|111|149|91|108|125|128|146|75|73|65|84|108|105|81|61|51|40|53|67|62|43|65|68|57|90|47|52|81|70|75|146|112|76|61|50|56|68|49|64|71|82|84|105|60|68|61|60|53|45|44|46|44|50|66|48|90|97|53|58|41|68|68|56|53|60|54|48|42|61|61|60|40|51|52|48|30|42|40|52|48|59|60|60|66|51|60|61|58|63|86|113|113|89|81|85|88|76|70|131|83|106|102|95|99|135|165|254|80|94|111|86|147|72|82|86|95|126|108|95|105|75|113|97|73|81|85|252|115|58|130|335|88|163|181|92|107|96|86|103|87|85|158|93|106|102|416|93|118|100|84|92|105|75|120|117|104|117|82|117|78|102|100|73|124|136|74|236|126|101|164|76|64|91|101|167|117|80|119|93|96|89|87|101|142|161|96|126|92|101|119|263|128|108|94|94|261|236|201|153|100|276|371|376|242|192|127|199|218|266|403|555|503|388|444|456|339|264|773|501|501|296|439|744|395|229|225|219|186|330|200|158|170|176|138|179|197|165|142|149|172|251|269|331|651|644|626|535|1553|2278|7291|5837|2651|2067|725|326|355|388|342|196|164|461|207|112|89|103|111|94|108|109|81|79|157|88|111|123|162|70|89|81|114|86|212|97|665|143|209|94|173|89|85|114|152|144|134|512|156|141|154|105|87|87|88|102|150|173|157|134|122|128|121|137|131|170|228|160|173|133|242|248|176|217|169|568|630|245|261|245|212|196|223|177|200|177|240
122,Dylan Holloway,366,116|75|132|99|174|97|67|84|80|98|125|89|204|188|112|96|83|89|146|76|86|93|88|225|206|152|91|102|121|150|128|133|107|131|84|117|150|154|204|189|112|150|108|69|109|114|61|50|40|45|59|69|69|64|66|49|66|31|49|37|39|30|42|54|53|32|32|25|41|37|40|40|41|41|25|31|39|41|26|42|27|43|34|39|29|38|38|33|40|27|20|36|39|38|40|33|22|35|32|81|236|313|174|60|60|45|49|35|60|26|50|35|38|48|41|74|49|61|80|52|252|86|60|55|37|61|68|62|122|78|105|75|75|93|127|86|103|103|224|107|84|109|60|196|53|49|92|86|73|111|77|100|92|76|112|70|65|53|126|57|46|69|179|155|121|96|42|110|53|64|194|54|58|124|68|48|55|95|44|63|83|72|71|107|66|41|47|50|169|76|82|70|49|90|64|55|159|114|79|52|62|104|80|106|63|56|77|52|62|67|53|59|58|46|51|47|61|49|64|44|53|68|79|52|42|57|81|63|56|79|108|58|64|53|56|47|52|117|254|63|74|60|64|60|80|39|70|49|47|60|59|53|64|54|61|57|32|31|55|32|41|24|48|27|32|45|41|51|60|34|35|51|63|55|57|55|69|573|206|121|83|55|78|112|88|113|75|92|67|135|71|85|153|91|62|50|68|190|52|37|51|30|30|52|30|241|59|343|83|84|42|68|66|397|84|207|84|79|80|152|58|49|50|64|123|44|132|59|71|60|86|57|61|50|67|77|64|53|60|67|979|819|328|197|170|136|98|153|112|134|125|95|111|156|393|485|216|190|132|111|294|97|73|101|56|82
123,Jimmy Snuggerud,366,63|66|49|43|59|39|47|43|49|42|49|30|42|39|41|42|34|32|48|14|35|34|34|48|34|27|35|43|31|63|75|62|91|152|93|99|194|180|106|106|65|70|75|77|87|70|59|47|43|54|57|46|60|50|44|40|50|57|54|72|69|49|50|51|45|36|39|38|37|22|36|47|38|43|54|46|59|35|40|39|30|27|52|31|26|41|43|48|41|47|46|44|56|47|54|41|51|63|44|44|41|59|79|51|38|44|54|88|57|52|38|48|47|61|60|60|69|85|51|70|89|84|76|75|130|160|109|144|133|137|201|242|173|285|399|254|302|700|326|146|247|1540|338|393|119|157|463|164|127|144|111|138|138|241|178|150|214|85|474|96|99|95|346|111|278|406|117|199|72|64|129|84|53|629|146|100|70|438|87|172|157|92|81|114|59|131|107|84|134|194|132|79|66|67|69|66|60|67|74|49|49|98|58|58|51|67|62|56|48|61|47|66|52|55|77|80|163|76|807|120|156|179|271|83|92|72|63|261|93|168|127|40|58|262|52|70|306|72|272|79|168|59|82|157|177|69|47|161|57|442|117|338|97|109|81|325|79|65|66|79|126|69|88|58|80|70|41|56|59|42|85|81|171|130|108|74|91|132|148|376|294|86|86|126|105|374|98|353|114|544|140|605|413|206|160|149|133|146|71|91|167|64|72|422|85|157|135|690|138|142|148|189|105|233|110|744|192|229|132|139|178|120|109|625|806|185|326|103|119|183|107|74|71|59|67|71|56|69|69|75|62|66|48|65|58|116|80|82|64|52|69|69|161|149|73|49|41|62|75|57|48|62|45|61|54|55
124,Philip Broberg,366,71|52|70|49|124|57|69|67|48|58|97|41|110|114|56|80|53|54|93|61|52|56|50|198|135|89|68|63|134|189|132|90|76|93|61|76|133|133|112|79|49|57|64|44|48|50|31|32|28|28|31|41|29|45|25|35|29|19|45|31|17|26|30|25|21|31|25|26|19|35|30|32|21|17|15|21|18|28|29|25|24|29|27|21|17|24|18|26|30|27|17|33|32|24|29|22|12|20|31|19|39|37|32|30|25|25|21|26|39|34|22|17|40|15|47|47|39|32|32|24|30|37|31|28|35|42|29|37|54|37|123|57|43|69|55|50|55|39|54|42|53|70|34|73|53|39|51|30|32|53|37|71|42|35|43|42|46|31|47|28|36|49|87|42|53|39|33|68|34|30|36|35|35|42|52|30|40|64|29|27|62|50|33|64|68|45|37|42|92|48|59|39|34|47|33|44|55|42|57|31|57|55|39|38|35|49|33|79|44|35|36|45|47|35|36|37|63|40|65|36|40|281|260|84|74|78|84|90|57|406|783|217|105|82|47|53|64|59|107|47|71|51|48|46|60|32|49|61|45|58|39|103|62|81|67|67|82|52|94|83|92|345|211|245|175|117|90|219|713|221|99|62|184|155|93|57|54|97|63|93|67|70|62|82|76|115|61|88|51|99|47|53|108|55|41|52|41|70|32|24|68|36|27|52|35|58|41|114|39|54|40|58|83|137|46|119|81|63|36|97|60|50|40|38|79|38|90|22|67|52|57|39|35|37|53|46|73|87|59|90|320|191|119|107|90|88|69|74|53|61|58|73|75|70|77|58|47|26|59|70|40|57|44|46|35|51
125,Logan Mailloux,366,101|115|83|148|197|190|180|145|137|180|162|150|89|68|68|108|114|185|85|69|59|114|102|69|67|64|45|57|88|70|63|229|1071|374|176|184|12428|4087|1415|621|510|413|483|354|319|256|201|134|132|168|140|155|153|173|136|151|107|91|88|309|504|202|111|126|133|85|122|84|73|54|56|71|65|55|143|72|112|75|81|72|68|67|92|73|76|131|113|119|108|82|91|141|97|94|110|137|116|80|80|113|113|98|89|82|92|93|115|105|154|157|116|139|107|123|169|192|146|201|499|195|193|152|286|191|158|281|160|126|166|151|637|1830|611|265|337|294|592|880|277|829|261|377|310|923|409|269|230|177|165|126|478|216|114|140|155|153|201|124|255|123|118|88|111|114|396|213|78|405|236|110|119|91|133|118|180|90|100|111|71|91|179|342|103|179|85|194|152|168|138|115|161|156|201|126|84|228|537|176|330|113|136|1107|167|124|139|106|222|307|154|139|64|138|113|75|66|96|155|224|230|163|118|204|361|133|106|87|104|160|145|112|92|85|121|645|144|117|117|105|178|90|104|78|90|85|107|68|89|107|48|126|60|108|84|111|297|426|184|107|90|68|101|96|62|45|95|52|72|63|104|70|59|64|115|101|82|79|77|91|74|240|373|253|165|396|167|210|124|174|144|187|151|166|381|152|97|62|91|148|132|103|210|96|85|215|122|469|211|259|141|145|118|157|103|150|108|227|120|115|76|288|161|117|168|146|283|100|383|83|153|230|179|132|89|84|289|135|344|112|109|168|137|139|151|205|129|186|145|95|168|113|846|204|151|133|213|146|254|128|917|163|179|282|205|174|138|222
126,Nikita Kucherov,366,409|376|430|491|617|376|326|380|395|1670|1390|596|764|344|351|493|382|532|1011|417|459|415|547|1034|623|409|332|306|294|285|290|276|337|497|287|312|324|271|274|192|198|220|237|255|200|184|188|195|189|175|184|194|213|185|165|189|220|183|134|180|117|130|141|175|176|202|171|195|134|153|164|196|182|181|170|144|160|154|238|236|176|215|168|140|160|153|135|153|173|158|135|155|217|196|209|166|156|159|152|182|183|161|223|505|140|181|169|150|195|199|189|179|192|210|201|225|179|221|205|166|216|182|194|233|234|231|211|296|298|219|279|251|287|353|423|561|556|465|345|351|438|497|423|288|328|361|327|211|218|284|289|460|541|1108|525|364|374|477|809|314|353|288|298|526|390|496|311|414|253|255|312|496|350|300|424|344|258|426|299|486|238|396|282|355|258|310|353|528|338|263|279|301|274|381|271|284|263|489|429|266|404|338|327|298|315|396|307|335|289|280|382|421|338|236|233|259|730|618|398|456|390|713|514|554|364|431|675|411|387|344|737|440|771|652|416|437|601|545|463|349|609|360|340|1556|730|446|746|587|431|677|535|938|2798|885|1757|1042|1321|758|645|549|481|557|686|617|595|741|631|561|842|597|860|835|2237|1483|953|816|2575|1270|624|595|490|441|725|442|595|493|1328|1105|595|543|470|667|454|420|326|358|1171|723|1275|697|3888|1754|1320|1842|1037|945|715|740|492|652|820|689|996|668|682|733|1087|713|813|889|764|522|587|884|713|873|1131|803|1321|2639|1120|4119|1051|1244|1852|1241|3655|1136|994|1936|1282|3383|1667|3883|1476|998|611|699|543|530|482|400|358|459|447|339|322|329|394|273|345|376|310|266|318|342
127,Anthony Cirelli,366,112|82|92|61|91|112|61|86|72|72|81|62|78|60|51|61|47|60|78|49|50|61|79|75|80|69|48|52|33|44|36|53|59|92|58|49|186|113|68|64|50|83|88|106|95|76|72|64|42|45|61|47|44|41|47|32|38|25|55|50|44|31|45|41|40|32|36|35|52|32|34|31|42|40|29|36|33|22|35|22|31|50|42|41|36|37|22|37|34|36|39|30|48|46|40|44|80|38|40|51|35|33|36|32|28|37|31|34|23|22|50|48|37|31|34|37|46|39|36|40|42|39|45|48|54|40|54|43|55|59|102|56|46|71|69|50|75|85|49|70|263|143|116|69|65|77|83|45|47|42|60|62|93|99|61|51|96|56|245|69|126|92|60|89|60|83|60|67|64|75|65|81|61|55|69|57|64|97|58|90|40|74|81|194|52|79|75|114|76|64|83|87|75|81|77|75|74|340|79|51|60|75|56|46|56|70|59|61|62|55|70|125|50|49|53|65|184|129|104|2346|1484|746|404|216|224|196|293|107|114|125|119|80|134|164|66|79|122|98|152|102|250|109|87|141|129|100|148|115|80|130|101|177|844|1268|794|321|323|228|201|162|503|360|407|282|206|277|155|133|246|171|302|233|638|358|192|160|177|121|77|138|65|55|85|56|90|75|127|166|56|75|41|59|54|93|77|65|98|63|128|239|687|191|49|82|93|104|52|62|47|72|75|84|351|125|92|73|104|46|70|124|94|58|79|68|65|79|76|90|298|487|141|729|150|177|492|191|688|119|214|382|407|441|463|457|151|252|155|73|73|125|75|70|84|75|96|75|84|67|59|51|63|48|52|58|68|44
128,Brandon Hagel,366,159|191|121|111|203|292|129|127|167|149|177|117|139|130|122|87|72|117|250|135|133|110|115|229|167|167|183|129|133|102|87|219|125|178|93|126|171|177|126|112|105|134|151|112|93|119|93|64|109|78|87|81|73|80|65|74|74|59|100|72|48|76|83|71|130|88|100|81|69|70|79|61|105|142|81|78|52|69|50|67|47|64|70|59|48|56|57|57|70|74|44|53|107|88|77|102|80|98|106|73|73|75|75|304|84|72|51|66|56|86|83|61|67|98|82|54|68|92|79|74|57|77|105|92|97|93|80|144|80|115|351|183|240|160|198|134|189|132|82|112|138|145|139|96|111|143|121|94|76|107|147|213|112|195|132|65|130|85|280|98|140|80|70|122|85|201|119|202|126|124|210|289|139|142|173|146|114|172|113|260|87|304|118|369|122|239|171|484|314|198|321|206|138|416|146|201|133|203|165|185|186|146|105|93|303|173|169|114|113|95|95|99|99|64|72|121|227|172|207|1141|998|626|564|411|263|256|422|225|148|187|193|120|251|198|146|149|142|231|168|124|541|193|200|511|181|160|225|168|117|187|155|392|1768|358|573|377|4569|1670|987|740|625|728|1560|1313|647|2536|983|522|1228|886|1621|1397|6405|1686|799|544|663|362|308|383|206|185|255|168|278|199|407|2479|668|308|212|200|176|225|143|165|227|138|364|237|746|270|183|275|198|167|312|288|265|219|226|170|243|220|141|246|557|193|144|203|455|145|164|188|148|187|156|193|1290|2527|3008|11682|4285|2169|5068|1096|11838|2038|2973|2492|1350|2222|2319|6621|1133|533|349|279|252|272|309|238|170|252|211|165|179|150|160|145|141|151|154|176|92|147
129,J.J. Moser,171,50|16|29|21|25|21|23|39|22|50|29|20|33|17|18|18|60|31|43|24|264|748|140|163|245|132|179|191|152|63|75|214|111|80|50|72|41|53|191|77|68|53|97|48|40|91|93|51|96|49|45|121|43|66|108|66|78|227|109|118|78|421|215|125|141|110|126|771|755|259|341|145|212|495|104|98|66|109|91|81|54|135|76|50|43|53|53|58|47|49|92|93|233|58|190|44|39|43|43|43|32|45|39|72|40|227|82|59|78|54|62|56|91|41|54|53|33|50|47|65|46|58|48|31|57|95|35|25|70|41|33|35|48|126|162|92|6058|261|163|701|162|640|207|735|393|166|513|494|278|114|67|70|82|61|67|69|80|87|89|256|174|92|137|76|89|107|62|102|65|59|171
130,Darren Raddysh,366,54|47|26|39|28|18|23|26|24|31|34|31|35|22|27|22|19|33|26|24|31|19|11|23|21|15|31|27|26|30|20|23|18|37|30|25|31|256|42|35|23|27|31|25|14|12|17|16|25|13|27|18|19|19|16|11|15|10|13|31|15|28|22|17|15|21|16|28|14|15|21|13|23|28|16|20|17|5|16|14|12|11|26|12|21|19|13|16|20|13|13|20|15|23|22|27|24|25|20|20|20|20|12|24|13|19|16|12|13|11|13|19|15|24|23|28|19|27|27|22|17|28|20|26|32|49|23|43|39|39|110|48|55|34|46|80|39|63|41|159|66|38|30|34|40|43|38|15|17|18|45|352|34|36|35|36|45|31|102|24|47|23|16|51|31|40|25|85|23|29|56|1142|42|57|158|183|40|211|37|102|48|116|81|131|43|50|224|510|187|128|172|119|80|172|98|72|45|222|300|211|274|200|152|85|160|86|53|72|42|68|45|705|390|133|54|87|231|59|114|128|238|261|815|968|247|212|547|202|176|165|130|101|268|239|161|120|213|240|156|93|167|129|144|352|268|121|619|195|248|884|341|217|2015|276|1511|477|564|150|135|106|160|145|137|123|86|139|58|56|93|78|77|69|139|115|122|145|642|208|259|166|115|106|137|118|252|328|1066|429|211|186|113|164|101|95|101|158|136|118|289|90|371|258|136|1064|238|197|240|187|133|162|187|129|171|295|809|264|228|132|189|572|232|104|114|180|208|308|173|159|1967|1701|598|1085|237|379|598|556|848|265|256|750|289|1043|902|1018|406|800|636|512|326|282|268|344|281|172|149|269|266|277|262|124|159|101|78|90|92|112
131,John Tavares,366,688|705|647|657|770|551|554|550|450|484|711|394|707|457|343|464|339|335|508|443|454|632|554|657|512|610|474|617|545|621|590|566|4501|2968|1182|1123|1099|739|546|422|369|359|355|368|373|307|282|245|220|248|235|207|237|256|229|245|224|208|162|198|240|209|247|166|160|211|218|230|222|198|208|172|296|267|269|264|205|205|193|188|173|189|175|159|195|260|294|258|261|210|256|236|209|263|223|222|217|217|179|215|223|218|442|463|251|234|210|189|214|204|230|229|225|204|264|260|287|394|389|278|316|305|253|254|281|472|238|277|265|292|281|269|276|427|406|515|680|427|445|507|579|412|747|424|480|356|1661|457|834|700|376|463|924|956|519|569|548|1287|467|441|505|451|587|369|3569|773|612|1332|882|452|624|412|1071|438|729|398|631|1010|494|951|522|755|349|327|390|442|383|478|564|308|386|528|377|408|314|731|332|639|300|327|432|314|487|393|321|530|344|411|427|739|565|530|337|369|469|491|740|691|508|903|794|894|1090|3246|1023|1048|906|678|891|641|1060|675|718|724|596|914|561|672|412|765|407|684|550|1149|663|543|450|595|391|551|537|683|431|722|1020|741|623|549|731|582|578|1418|1030|1109|918|986|716|649|958|674|846|791|2196|1343|1006|1056|1429|1146|709|962|698|859|475|850|995|618|600|431|437|511|464|591|600|824|441|446|564|290|353|602|650|370|341|674|667|360|371|377|244|907|403|350|686|410|926|417|340|380|532|605|333|453|590|623|457|622|563|435|477|453|472|388|343|392|409|399|397|419|382|444|430|853|473|470|552|1016|564|523|446|857|700|516|625|544|1069|651|505|488|507|435|477|434|464|657|521|657
132,William Nylander,366,679|575|508|555|624|517|475|424|386|418|624|335|479|320|360|452|281|280|358|256|325|361|337|549|376|358|302|292|296|288|242|227|285|380|265|438|595|443|329|324|274|263|267|193|195|170|207|174|171|247|132|197|195|150|179|163|160|164|156|139|156|150|160|195|163|203|136|128|114|357|459|350|220|233|220|176|165|198|147|175|141|184|275|165|160|146|171|169|208|205|176|175|185|190|170|211|192|150|146|166|204|146|182|403|154|174|148|176|142|168|197|258|200|177|219|311|327|251|262|192|208|259|298|398|657|586|480|509|482|365|401|648|968|755|970|1455|1073|772|1034|751|778|666|801|855|855|591|698|515|516|606|500|534|746|480|415|439|472|438|293|337|444|371|862|536|979|490|674|688|1091|585|643|498|577|428|619|458|409|1623|913|703|453|691|406|373|296|807|500|782|802|434|368|392|458|395|384|634|318|445|316|379|414|370|474|336|314|412|315|407|339|431|649|865|641|409|420|439|835|640|596|888|667|1037|955|882|645|649|634|529|531|590|1357|456|912|482|409|862|460|505|467|521|368|462|405|567|791|1560|1383|787|533|552|541|1148|786|2308|1332|601|616|635|873|914|929|3509|2044|2085|1828|1154|1185|2820|6472|1853|1131|938|1535|1125|1839|1842|1347|911|670|1225|660|934|603|953|606|467|514|452|427|813|550|540|571|659|510|457|436|348|378|562|497|349|336|739|740|300|426|395|312|739|324|371|448|382|394|298|267|278|332|340|238|615|354|454|340|921|913|866|576|416|345|319|360|247|301|476|472|315|328|335|627|456|398|530|542|1179|554|445|446|386|389|391|308|305|410|355|324|293|314|301|409|350|372|299|435|712
133,Easton Cowan,366,1058|455|481|305|387|972|858|8270|1751|871|505|317|351|204|163|169|125|158|134|112|127|130|126|135|132|101|127|106|125|144|122|150|493|608|323|505|525|578|549|836|500|305|262|248|229|183|149|123|98|118|167|147|126|128|98|80|116|106|86|74|72|66|67|57|60|90|92|79|91|83|82|97|70|65|86|63|68|73|69|55|62|36|50|48|63|51|70|66|59|44|73|113|103|74|76|71|104|78|82|50|79|100|102|113|111|78|105|107|240|327|220|168|115|137|291|194|188|217|454|348|390|657|421|563|311|256|230|191|195|550|504|306|518|377|475|682|384|281|419|738|4057|2295|4187|1504|1671|920|2740|270|261|195|160|162|375|247|122|157|200|144|92|180|1559|489|560|348|479|188|223|225|188|181|170|210|191|190|2225|276|205|763|203|915|255|498|195|473|183|1480|365|252|1732|243|221|293|267|269|155|526|157|562|154|165|246|137|1269|139|115|253|127|214|126|294|128|153|121|113|154|558|291|481|221|537|227|378|315|351|350|290|1615|200|3106|755|1854|338|1201|422|236|328|167|432|130|1222|150|1093|229|354|264|168|136|214|135|209|155|197|124|152|167|212|288|218|120|95|73|89|147|93|97|109|81|79|153|124|142|115|137|135|145|191|217|251|292|378|218|419|445|459|737|226|359|135|166|564|188|568|239|748|296|148|189|123|104|219|528|142|197|1287|592|205|336|273|138|727|192|160|267|198|590|158|151|159|302|276|200|208|175|203|140|278|131|180|417|130|114|120|136|104|117|135|163|126|126|107|106|183|193|181|231|779|350|276|223|284|236|228|254|187|234|139|166|125|182|222|158|135|136|226|350|170
134,Morgan Rielly,366,498|1755|402|387|388|400|402|345|361|317|342|233|304|244|230|268|211|192|192|176|180|384|185|238|185|202|169|163|171|186|190|262|232|204|188|260|382|322|216|190|202|252|369|252|200|239|178|276|298|231|217|184|168|193|152|182|173|134|143|169|170|170|107|142|146|154|151|109|145|139|216|157|203|181|190|181|189|126|175|138|233|146|168|211|209|216|141|185|166|188|155|162|196|182|168|333|366|187|229|177|193|219|179|144|277|312|212|144|141|159|155|151|173|184|210|265|238|177|162|169|173|204|176|240|206|265|175|172|143|172|193|153|197|205|183|285|889|209|243|338|245|197|244|164|196|380|527|182|206|204|154|178|204|185|133|142|175|169|143|171|204|164|292|201|376|141|178|297|263|185|284|173|279|324|553|208|228|392|199|268|222|385|249|194|194|211|187|233|256|191|366|253|194|247|354|894|1710|1019|238|204|255|181|331|193|203|234|209|222|194|307|300|347|188|197|245|335|379|588|552|478|340|375|332|1015|413|435|614|417|587|397|615|346|343|385|486|573|487|569|393|440|410|675|595|577|524|658|617|769|636|1160|927|1086|735|696|767|894|1518|2525|3471|2625|3313|3159|4563|2819|1758|1903|2650|2716|1870|1351|1405|1401|1767|1060|703|757|860|1185|763|931|850|629|570|806|607|438|405|546|321|496|350|448|408|358|414|325|332|378|270|311|242|183|264|315|280|328|331|251|148|309|196|187|325|266|235|172|159|152|217|220|187|209|376|488|281|482|379|335|316|225|363|244|226|184|144|206|330|221|261|193|187|199|226|165|273|509|326|307|223|236|353|263|244|402|359|406|308|496|318|231|282|247|191|443|305|351
135,Troy Stecher,366,536|578|657|267|474|195|174|155|148|179|321|148|250|71|63|162|190|541|1056|322|695|75|87|177|67|66|71|42|37|60|58|52|42|54|46|62|50|95|153|55|47|41|56|40|31|38|29|33|25|40|32|29|33|26|23|25|18|40|35|29|66|102|89|78|60|38|38|41|29|25|35|65|151|156|78|67|57|35|25|47|46|33|32|22|26|31|26|25|22|18|24|21|45|29|21|34|35|21|29|42|34|35|23|41|35|27|21|21|26|31|39|33|22|19|33|24|42|31|37|28|22|36|30|32|54|24|53|31|34|41|38|128|38|37|34|48|96|53|39|104|22|57|85|35|72|76|65|32|42|37|38|39|42|45|67|32|42|37|63|23|61|74|81|57|47|38|35|49|75|137|132|153|545|3435|2471|1071|1166|1092|487|455|215|607|188|120|108|232|326|206|419|204|252|4541|791|599|1266|1685|177|867|309|180|470|272|2165|298|497|404|215|152|108|502|206|163|124|65|97|101|2021|1051|252|276|233|3678|406|954|186|171|677|183|359|190|855|175|388|234|129|228|82|253|178|374|146|388|107|225|193|108|114|212|77|160|81|409|103|864|571|265|181|308|169|133|117|68|99|61|72|75|53|76|53|74|53|54|82|97|83|79|185|71|77|107|72|86|97|108|151|95|118|80|76|105|55|56|55|65|168|69|79|60|84|90|65|43|56|75|66|48|59|54|54|68|33|44|38|60|78|42|69|69|71|60|53|72|47|103|60|269|55|45|43|80|43|32|54|70|62|50|277|261|121|42|56|27|33|38|51|50|46|43|35|40|59|37|41|32|38|38|37|40|28|34|23|37|38|16|31|29
136,Clayton Keller,366,1167|470|309|304|290|211|216|181|251|219|289|198|286|211|191|230|151|191|218|146|167|211|173|383|241|215|174|156|190|171|230|434|355|475|302|222|253|237|184|209|319|276|303|309|293|259|243|253|286|226|249|264|240|246|225|238|239|251|246|140|115|119|133|137|216|140|104|106|202|225|165|165|143|141|174|146|126|114|106|113|111|97|107|111|111|142|137|113|107|101|92|112|160|116|117|127|108|108|103|108|112|107|105|122|113|126|169|122|128|127|124|143|150|134|144|154|174|200|181|228|285|176|164|228|170|130|161|184|204|233|367|298|292|287|364|291|301|409|268|336|279|397|350|735|296|524|387|704|331|728|417|1361|360|507|508|344|603|291|262|280|374|271|295|606|629|231|251|375|273|163|188|299|244|313|179|204|304|296|237|206|166|407|213|327|330|247|2167|3495|4371|1067|568|335|464|257|335|259|218|334|285|322|226|338|368|262|255|421|622|192|248|193|388|262|241|190|190|249|194|193|293|446|521|1161|857|508|345|486|306|487|436|873|263|300|302|566|252|294|298|373|278|263|234|918|357|385|281|245|342|294|252|397|246|358|322|418|325|670|592|1553|826|703|789|683|1251|1173|1236|1926|1072|563|1315|5016|4161|1572|17517|8990|3738|3264|2195|1194|1488|846|619|528|608|489|612|390|515|340|417|473|261|354|268|498|289|451|219|190|427|299|203|364|243|356|201|303|180|241|192|282|277|230|335|226|478|292|264|1072|293|597|387|313|295|284|340|409|1006|401|400|1461|409|941|341|305|1106|433|438|2955|450|1479|467|1330|397|490|415|406|286|251|197|229|197|182|214|231|178|147|177|154|212|148|148|170|156|152|162|148
137,Lawson Crouse,366,75|91|74|93|90|131|68|56|64|66|150|104|116|100|146|89|55|49|55|49|70|58|65|138|85|66|69|43|96|105|92|128|87|163|87|95|142|120|134|96|83|51|66|51|49|43|44|47|28|25|29|25|29|41|25|24|40|26|27|30|30|23|49|26|27|20|23|27|35|40|36|31|34|49|47|36|34|25|22|24|26|30|25|35|40|32|32|40|39|52|41|33|24|24|41|25|26|25|19|20|19|27|36|27|25|28|24|14|28|26|31|32|14|23|36|58|38|47|30|82|50|35|35|44|21|30|25|37|43|50|72|82|33|45|45|63|102|103|66|65|39|67|70|106|65|68|107|76|53|137|62|99|59|57|82|49|102|53|55|58|124|104|58|71|291|51|39|179|73|50|35|116|46|90|42|53|62|59|58|44|29|56|43|71|38|69|37|85|47|41|107|45|104|55|88|65|48|50|52|52|40|70|63|41|61|60|58|45|49|42|102|46|52|42|61|58|51|44|75|66|86|81|77|62|69|108|64|146|108|169|71|72|55|141|70|109|61|95|71|57|65|123|63|73|35|58|74|119|62|111|38|62|54|90|69|102|59|57|34|41|54|44|56|47|42|34|39|43|82|51|66|48|92|67|59|58|76|57|193|83|50|59|62|75|89|65|82|62|86|66|42|61|44|83|34|77|44|47|63|93|120|210|95|163|74|186|116|86|64|52|39|58|63|54|115|68|63|128|43|105|54|63|104|47|83|71|148|79|70|285|82|196|74|71|1393|180|152|457|107|777|109|241|133|128|126|93|93|57|64|82|65|58|77|98|77|69|57|34|57|38|72|39|56|61|103|47
138,Nick Schmaltz,366,71|97|80|89|77|54|68|86|96|81|114|65|83|61|78|412|303|94|115|74|74|63|68|95|85|63|36|35|73|75|53|123|121|111|84|78|97|80|83|81|54|64|120|91|138|95|59|73|65|86|57|45|50|64|74|43|50|38|43|50|55|41|46|40|48|63|79|60|62|51|42|36|64|96|134|71|71|66|61|48|42|31|49|60|54|106|88|93|85|54|48|58|68|39|55|59|51|50|35|58|52|47|63|55|61|57|38|39|65|62|52|74|40|47|43|38|38|64|56|78|64|79|74|78|55|40|67|48|59|65|69|115|94|76|96|105|113|151|101|105|100|193|99|203|112|1127|337|541|175|635|186|508|301|748|1207|614|561|326|281|217|253|487|273|425|399|206|181|249|280|109|116|283|104|215|106|126|163|152|134|128|104|227|109|126|104|181|95|122|138|103|125|105|183|86|193|119|86|118|77|120|91|442|146|106|129|200|419|177|136|111|134|80|127|76|74|142|109|87|222|103|280|188|169|109|142|224|125|131|123|636|137|151|100|217|127|254|133|138|106|102|121|261|115|143|163|98|150|279|109|135|67|120|69|901|172|370|109|105|95|72|70|81|104|98|85|132|109|75|80|73|94|73|149|199|153|197|283|205|365|231|139|141|180|122|324|131|166|146|256|1531|1902|1338|352|316|185|173|112|127|121|135|78|657|164|203|101|165|117|126|69|64|67|80|340|126|134|91|101|866|290|280|178|128|129|125|289|272|274|136|120|655|167|425|174|96|379|143|196|1647|234|822|172|910|156|189|147|151|110|92|82|96|91|80|60|106|104|129|80|64|70|91|61|78|53|59|71|71
139,Mikhail Sergachev,366,107|111|84|108|106|86|78|83|81|79|105|79|89|64|74|75|122|125|124|59|69|95|87|169|105|78|104|75|85|90|102|230|150|153|122|114|166|121|83|77|56|58|86|83|96|156|214|115|100|89|87|80|67|63|56|51|44|52|48|52|43|54|43|46|56|38|41|42|48|35|45|68|59|61|39|52|41|66|41|64|77|46|43|56|50|38|34|46|52|55|60|39|87|39|49|46|46|82|90|103|73|59|46|44|60|62|63|50|34|40|54|35|48|55|48|76|46|77|67|72|71|54|56|74|62|61|59|74|78|88|143|125|153|116|147|104|117|183|89|123|128|138|159|269|150|198|174|190|122|535|140|203|136|218|263|129|240|165|236|188|329|151|87|148|614|116|110|630|162|100|104|145|91|186|86|70|131|129|74|107|82|131|95|127|89|355|95|137|106|88|385|132|143|68|222|81|65|90|104|144|98|160|127|98|98|178|183|65|108|83|111|100|117|134|115|163|246|122|170|150|206|158|173|161|93|208|152|340|673|1965|417|263|168|644|915|768|321|423|320|244|330|384|305|329|306|259|633|309|192|288|221|247|235|302|209|256|207|178|172|162|127|166|167|172|192|183|189|171|163|205|171|209|294|224|187|176|217|392|1472|469|282|190|355|211|248|204|217|266|235|198|143|199|164|236|143|201|166|134|119|165|168|180|108|188|132|192|120|210|122|124|124|92|179|132|165|102|130|245|143|221|184|151|150|161|167|161|263|178|254|888|224|923|188|334|493|271|320|1388|243|802|231|851|218|243|231|236|153|115|158|126|134|132|92|98|127|100|122|81|145|100|94|131|112|100|93|128
140,MacKenzie Weegar,366,118|99|49|200|130|115|84|69|86|95|88|67|108|85|108|126|62|77|100|55|81|68|61|539|194|141|118|126|88|97|86|86|86|141|91|109|117|91|108|88|164|158|188|179|162|153|137|153|153|142|148|158|136|144|137|123|144|214|181|55|60|50|156|157|123|48|79|50|76|62|48|51|40|41|53|36|41|52|39|54|45|44|44|34|45|45|35|41|32|35|27|39|48|53|55|75|40|34|32|40|43|46|54|111|106|62|44|48|49|36|43|54|35|36|54|38|36|44|51|50|43|77|57|42|42|52|47|55|62|67|74|69|81|70|71|124|249|255|166|86|65|52|104|76|62|70|82|58|66|44|200|58|82|84|94|70|59|179|220|79|70|162|48|57|105|80|162|73|94|79|75|70|98|72|131|83|74|93|89|69|69|103|114|56|64|58|112|84|67|52|49|47|47|79|54|64|58|99|59|117|40|67|69|46|33|70|47|201|39|102|55|38|598|198|86|96|158|64|96|96|209|118|108|98|70|152|131|162|74|121|57|56|45|77|64|93|55|73|107|103|69|102|58|75|59|96|69|119|120|115|116|92|105|173|127|168|79|98|122|84|101|67|82|85|77|76|71|84|49|55|162|120|218|205|163|271|219|288|131|100|181|164|1097|5125|1770|596|970|339|291|294|135|309|314|184|114|101|68|88|101|147|90|133|72|182|84|115|92|130|82|83|92|82|122|86|93|65|77|249|69|113|88|94|518|170|152|101|130|101|75|567|84|368|61|77|785|133|177|1004|90|266|93|242|83|103|88|86|74|70|83|57|67|52|48|44|59|65|57|42|52|44|38|51|55|63|57|47
141,Drew O'Connor,366,375|120|72|76|66|47|52|55|44|44|46|45|36|44|58|48|38|44|68|44|42|44|38|55|71|44|33|34|38|75|72|67|57|85|51|72|60|96|73|59|58|44|50|40|52|37|27|35|35|30|29|48|54|60|43|41|44|50|33|39|37|28|25|31|45|50|50|39|41|30|49|40|39|75|53|44|50|32|34|39|36|39|35|21|25|30|40|42|33|31|31|35|35|48|27|35|43|34|34|31|79|28|38|25|34|35|40|27|41|26|33|25|30|24|36|31|42|42|55|42|43|33|46|53|57|50|119|48|78|151|71|95|36|48|64|111|67|361|98|98|53|85|32|67|123|97|136|60|86|231|90|82|52|114|123|55|111|57|93|72|250|38|77|43|141|49|49|345|693|100|104|49|42|62|61|101|166|63|61|87|50|54|83|56|59|115|48|40|67|49|49|55|45|55|59|66|54|67|47|41|73|105|278|96|94|165|72|58|73|143|56|138|54|40|45|45|239|70|112|232|58|67|121|116|41|48|68|43|143|72|152|66|76|61|56|70|53|84|57|139|58|333|197|182|119|138|70|63|52|268|84|55|52|74|52|180|47|28|30|38|49|65|66|39|54|48|38|48|54|44|53|53|131|114|57|67|194|78|79|98|87|128|88|88|78|140|87|49|73|113|270|214|114|114|78|86|183|92|105|85|70|55|67|170|73|55|48|81|47|45|34|109|56|44|56|40|42|52|32|58|46|95|66|36|102|99|141|59|120|83|54|60|45|52|36|52|40|40|29|37|47|38|36|85|50|65|51|41|35|33|30|58|29|47|36|38|34|32|31|24|90|43|76|26|76|59
142,Marco Rossi,366,158|207|798|919|586|379|249|384|377|408|360|447|232|188|185|217|175|355|287|165|120|137|128|127|194|327|266|177|254|239|175|668|452|238|136|195|326|248|212|136|123|103|97|111|120|86|83|57|68|102|104|64|106|101|60|62|96|196|139|82|82|76|76|52|98|97|109|61|76|40|67|89|66|62|83|64|47|71|205|125|83|69|56|52|49|72|63|108|555|340|117|90|81|80|59|61|53|39|47|49|52|70|60|55|42|49|88|46|37|43|41|40|48|49|42|46|61|50|36|56|65|88|39|155|63|52|48|88|137|66|77|83|76|103|98|100|128|213|96|125|84|213|105|79|80|80|78|85|89|93|86|70|65|92|110|66|89|45|150|51|135|47|72|74|76|66|161|72|60|64|98|71|54|72|78|56|46|60|60|58|72|68|64|75|48|63|63|69|81|54|56|80|44|59|47|55|65|83|88|106|66|19615|3990|2438|1016|1297|429|432|500|545|408|393|166|166|132|154|422|217|262|222|126|254|298|181|138|164|206|129|150|154|159|104|176|134|110|122|146|129|131|204|138|148|148|145|162|109|130|154|107|150|129|177|111|159|114|149|113|105|91|78|103|110|178|183|161|189|139|127|288|326|237|190|482|426|288|250|264|195|197|217|160|196|187|264|247|470|210|140|197|137|107|447|168|690|184|143|470|192|290|237|265|230|197|154|108|127|101|122|88|104|81|229|246|122|151|81|110|119|78|117|97|184|269|117|197|106|165|128|124|134|172|102|170|95|87|131|102|73|124|109|470|157|126|191|156|287|138|95|106|195|144|234|100|255|162|143|141|82|107|118|92|95|84|86|84|71
143,Linus Karlsson,366,40|103|33|35|63|40|64|53|48|30|78|34|32|18|120|36|39|40|39|60|53|41|36|199|92|133|77|309|114|930|196|88|63|65|31|53|40|47|47|21|25|28|37|29|39|33|26|22|22|17|20|29|27|37|38|31|21|24|39|16|19|38|19|16|11|10|17|18|8|8|6|15|13|29|24|12|8|13|13|15|8|7|8|17|11|15|2|8|13|7|8|8|12|17|15|27|21|10|13|13|17|16|7|14|12|14|18|19|10|14|21|10|21|13|21|22|22|14|37|17|49|23|53|18|15|7|57|31|24|57|27|52|34|45|47|34|35|51|24|30|15|23|16|25|53|85|93|36|30|32|19|42|36|37|85|23|29|20|34|15|21|16|41|17|33|20|23|29|299|39|53|25|37|54|95|131|23|16|15|155|31|15|89|23|25|167|58|25|45|31|31|180|40|42|123|125|63|37|30|21|46|54|89|43|43|72|24|17|45|825|123|61|23|26|28|22|368|97|297|123|35|45|881|242|76|61|76|48|54|50|44|32|65|110|38|48|19|48|41|50|26|54|25|184|60|95|47|64|35|40|20|66|30|29|42|43|27|21|22|12|31|23|26|29|32|16|12|17|38|21|15|27|22|27|15|19|24|29|28|34|28|29|110|64|50|47|155|53|126|31|25|34|20|36|19|18|39|19|74|49|41|45|31|56|37|28|20|50|16|37|22|55|41|63|177|34|38|54|22|25|24|341|98|37|60|26|53|40|33|46|42|29|26|21|16|18|23|19|28|35|26|19|37|16|30|37|41|24|32|21|75|61|132|89|127|89|86|88|40|73|59|45|51|27|27|62
144,Filip Hronek,366,49|57|51|36|41|23|19|32|28|33|25|35|34|49|28|38|36|44|33|23|21|22|34|52|60|48|38|37|39|26|33|43|62|38|41|37|53|58|52|29|42|30|37|52|36|39|25|36|24|33|24|23|25|21|38|24|16|26|27|28|35|16|23|17|28|40|23|30|28|25|34|55|25|42|47|27|28|29|23|29|14|12|23|19|29|33|16|33|15|21|32|21|23|26|23|31|32|44|32|28|22|26|20|32|32|28|28|36|26|26|34|29|35|30|39|30|25|28|44|36|30|21|31|36|109|40|51|31|69|73|38|89|63|70|65|46|59|135|58|102|61|71|44|43|73|63|71|56|50|55|34|58|52|78|156|59|76|45|55|65|97|68|100|42|61|55|57|78|89|71|78|39|30|95|96|88|102|54|53|106|54|61|172|92|84|97|64|73|104|95|65|81|66|57|65|74|60|146|63|70|68|299|410|340|138|257|94|99|112|154|72|83|45|37|49|67|79|93|116|141|68|79|124|269|87|151|122|105|267|159|110|79|108|109|109|130|110|111|197|195|143|197|99|148|93|80|71|135|62|103|88|118|85|83|63|90|96|115|99|107|160|169|593|268|165|265|128|263|712|266|225|310|270|185|143|81|128|122|117|123|77|96|97|185|146|149|107|119|103|52|59|142|61|68|64|51|53|36|68|56|84|49|39|105|39|90|53|71|43|35|45|64|107|56|86|53|48|76|42|61|62|162|82|54|142|63|137|83|65|56|61|44|45|48|43|58|52|43|56|48|152|73|46|44|61|184|147|109|80|92|131|90|98|114|148|146|107|132|90|80|79|67|117|93|181|156
145,Zeev Buium,366,1029|426|370|234|190|130|142|116|129|113|119|103|125|70|97|149|158|127|126|84|93|71|76|115|93|74|94|78|106|105|130|139|184|364|190|162|153|276|225|128|137|117|116|130|210|135|95|91|95|145|166|136|133|92|73|90|111|100|132|131|112|69|80|77|83|120|76|65|98|88|62|80|84|65|98|81|64|85|69|68|78|68|88|91|61|69|89|87|87|59|61|64|225|157|93|75|76|72|62|124|105|111|99|106|91|127|123|212|139|92|106|150|135|126|121|115|112|92|103|137|138|203|140|240|154|221|216|266|606|319|270|464|344|382|551|372|366|692|277|3191|1056|1268|1562|697|812|925|822|609|701|476|664|273|272|427|695|336|313|304|273|198|254|238|188|1081|255|349|707|258|359|183|444|160|177|248|361|253|111|183|370|219|360|268|224|187|188|317|312|239|613|153|172|331|195|296|168|288|179|188|152|165|709|31731|14589|8948|3596|4073|1294|1617|2440|2233|845|1196|526|441|695|812|1017|376|708|571|409|436|831|2062|495|452|523|398|480|360|856|265|421|346|256|368|301|393|240|378|276|316|260|675|321|451|327|345|239|286|230|438|274|352|256|282|221|187|183|151|148|177|252|236|246|362|273|240|455|489|440|375|1269|1035|693|495|636|483|271|408|302|363|325|418|399|529|439|292|592|289|212|301|254|339|283|226|278|263|319|341|372|280|356|450|228|534|318|399|272|308|216|854|453|251|275|215|228|236|219|425|277|506|468|290|836|270|501|403|390|336|401|264|317|191|233|352|305|278|313|227|557|214|270|339|266|741|593|361|352|403|326|351|320|440|321|194|216|180|263|218|180|178|165|136|151|125
146,Jack Eichel,366,385|354|319|473|605|485|327|326|304|333|656|354|588|240|318|460|217|275|531|229|386|466|422|1135|433|413|295|238|352|300|231|451|401|511|338|610|882|767|678|473|511|443|500|467|486|495|414|350|361|336|290|328|319|290|257|263|285|264|275|141|205|124|122|181|148|179|125|153|167|178|187|181|170|164|172|143|140|154|127|153|156|140|111|131|131|172|147|172|159|120|158|195|183|185|181|185|169|141|133|177|160|239|213|305|147|158|167|159|214|231|157|164|157|192|176|180|209|181|170|187|179|232|287|388|246|226|223|301|285|249|308|290|320|394|476|2442|3939|1161|521|653|458|578|1040|571|938|518|919|591|859|532|556|499|491|469|439|645|913|419|558|389|328|351|469|490|328|431|412|499|475|487|371|317|407|291|437|393|275|391|392|521|324|456|336|363|347|407|401|352|415|238|305|383|272|277|404|286|740|367|620|302|757|382|426|423|393|459|454|320|328|349|373|299|349|229|224|270|407|320|427|458|410|898|651|439|415|359|453|366|496|287|430|625|357|353|873|1492|423|461|444|556|541|705|1281|1816|436|380|374|559|349|583|403|719|1079|501|506|647|874|853|736|1136|797|777|2854|1766|7760|5804|1705|869|4113|1870|7452|3296|29749|13199|5101|3487|3435|1928|1476|1425|998|1214|1863|1201|760|771|676|1497|494|671|476|579|372|545|357|339|770|647|654|496|481|419|306|357|419|649|335|571|396|414|304|335|406|307|495|376|327|303|299|408|341|1202|350|632|385|574|468|366|505|2320|614|1181|353|522|814|549|576|3460|687|1422|666|3353|980|778|2017|759|1862|555|1402|564|1471|547|3574|725|2904|570|791|550|1304|925|2614|650|8421|1286|4885|1347
147,Ivan Barbashev,366,49|45|51|62|55|42|47|40|52|69|143|55|62|64|42|73|53|28|42|31|39|51|30|117|65|58|53|42|58|62|110|85|73|91|69|139|151|111|77|51|41|32|46|37|46|39|38|42|38|24|24|22|33|26|22|36|30|14|33|31|35|27|24|20|31|41|19|25|34|32|31|31|31|23|28|31|21|37|22|23|35|22|34|17|29|31|33|29|24|14|33|19|25|26|27|18|34|26|21|24|64|52|40|34|28|21|43|44|45|30|28|32|31|26|44|49|29|51|35|31|36|42|35|84|36|42|40|38|39|44|46|43|65|64|72|121|244|81|53|72|47|53|71|60|60|44|155|65|167|56|48|46|38|47|39|55|60|49|75|47|41|37|47|152|49|201|49|84|60|109|70|43|59|61|111|89|43|68|25|45|27|52|41|75|40|53|53|47|74|35|43|85|48|40|87|44|61|39|194|54|56|73|93|50|35|45|65|39|59|65|47|45|40|33|30|26|108|65|106|68|47|139|80|60|60|66|90|41|80|60|107|70|51|69|63|132|66|119|85|76|55|47|69|125|60|43|52|77|44|80|43|117|79|41|44|117|86|69|55|38|67|42|38|53|46|38|58|35|64|54|45|42|79|70|72|52|80|78|58|99|54|61|100|103|62|89|62|103|39|61|38|65|66|59|55|32|50|32|38|34|37|148|37|53|38|144|35|62|52|51|55|46|82|47|65|64|62|44|26|41|39|65|58|80|36|95|52|58|46|607|99|911|71|59|129|63|56|367|63|269|74|257|67|87|496|111|176|49|157|77|148|61|814|115|366|78|76|67|97|163|434|111|3138|398|925|279
148,Pavel Dorofeyev,366,29|27|27|46|33|18|33|14|25|24|26|25|21|24|22|39|24|24|23|17|32|22|26|41|30|19|23|36|27|34|29|40|30|44|45|128|199|138|90|41|35|32|51|63|27|27|24|18|21|24|18|26|26|28|21|17|35|34|36|25|30|29|19|15|23|43|36|23|22|26|15|28|15|27|19|23|20|16|23|16|16|23|17|10|17|20|17|21|14|15|26|18|20|17|44|26|21|15|24|21|25|31|17|25|26|36|30|22|14|15|20|16|21|28|24|61|100|45|37|46|40|41|27|54|34|29|35|48|21|48|45|58|54|68|57|101|3721|1042|319|779|404|368|347|173|804|276|312|125|1027|265|192|138|117|124|79|335|468|154|200|72|58|53|62|93|73|72|45|124|64|76|51|45|64|44|98|108|59|71|36|38|36|61|57|54|37|56|46|36|47|29|59|62|43|37|72|36|51|42|172|44|53|31|64|30|38|48|183|46|28|53|108|56|71|31|34|37|61|28|60|47|32|114|53|34|34|42|45|45|56|34|52|111|37|36|64|599|97|182|113|109|51|56|92|298|93|45|57|377|71|81|51|82|114|37|53|150|164|63|54|29|37|28|44|36|41|35|25|30|47|49|41|36|55|56|56|58|282|84|96|68|46|60|175|52|36|145|67|90|45|57|30|325|66|345|78|62|90|41|49|43|52|67|38|59|40|81|38|66|53|62|47|41|157|49|118|58|48|54|23|50|38|196|39|97|45|88|57|59|55|166|55|106|42|43|92|41|58|465|55|3582|311|365|91|130|295|85|142|59|165|66|429|93|3622|538|2096|338|201|162|193|347|2468|377|916|344|1079|388
149,Shea Theodore,366,87|78|86|104|204|227|111|96|82|75|115|53|65|66|82|55|64|47|58|29|69|49|46|131|66|95|81|69|74|62|62|66|54|110|95|146|177|151|119|90|54|41|80|68|49|56|34|37|42|42|40|45|37|35|27|35|46|37|48|48|42|44|49|37|41|26|29|41|38|61|74|50|49|82|72|50|43|44|38|61|66|49|32|26|37|33|37|42|45|27|27|46|45|48|29|45|42|44|44|46|54|67|49|57|53|56|58|40|41|53|33|40|41|35|55|62|56|45|43|33|62|48|67|91|49|48|80|60|53|74|65|71|88|104|73|86|165|122|67|69|62|78|113|84|104|51|113|55|83|69|87|56|61|94|59|70|77|51|88|53|41|66|51|64|56|84|51|129|96|106|61|55|192|64|95|84|58|156|83|73|73|151|78|59|65|75|88|71|73|54|64|190|88|62|238|86|79|52|113|64|72|65|67|44|57|69|78|47|60|76|76|91|63|51|60|92|90|71|135|852|649|374|255|125|138|122|152|93|137|102|183|127|82|94|190|177|74|199|180|109|74|89|133|225|106|105|107|1051|705|196|119|183|188|147|164|195|257|382|644|600|428|505|1241|1314|620|1412|555|390|1031|623|8927|2335|6456|1440|609|376|325|248|201|210|110|110|155|103|114|152|153|200|112|105|85|87|77|100|72|56|84|80|86|76|59|94|62|61|53|119|67|62|91|165|501|78|101|63|124|96|98|103|55|95|74|104|70|111|78|171|85|89|83|346|88|200|83|79|111|64|100|964|150|707|138|415|121|163|329|137|309|109|1307|140|675|107|457|171|955|174|142|109|144|168|830|162|746|175|884|236
150,Brayden McNabb,366,58|43|41|46|88|51|48|47|56|39|45|39|50|27|56|59|53|43|58|33|35|31|30|89|48|53|33|53|40|42|48|50|50|56|51|53|74|82|44|69|145|145|167|148|137|146|128|132|136|125|129|129|120|134|132|116|131|135|138|53|31|32|18|20|25|36|26|23|34|30|30|30|22|33|24|34|32|25|28|21|28|28|32|23|36|29|37|29|29|34|20|25|28|21|30|21|52|44|28|34|30|31|31|25|38|26|41|26|17|35|24|27|14|35|24|23|32|21|23|34|30|36|26|58|22|19|30|18|28|70|47|37|41|33|36|60|143|68|41|82|42|32|69|50|92|25|107|54|58|31|29|43|60|81|47|44|55|21|71|30|32|37|30|64|38|43|38|68|37|67|29|35|133|31|72|60|33|109|58|44|36|49|43|51|33|34|42|37|62|26|43|63|38|32|79|30|38|27|130|38|87|41|108|38|30|40|84|37|32|76|92|47|44|29|43|51|130|34|126|75|46|61|65|39|48|36|80|40|38|49|33|49|34|40|64|74|32|46|92|79|80|53|56|84|55|50|51|42|36|49|22|57|49|47|49|74|69|31|39|29|31|28|29|38|32|31|42|24|45|33|28|38|61|41|44|49|91|64|70|72|51|49|138|154|52|62|40|110|34|60|45|94|45|52|48|35|501|75|47|44|116|131|34|52|39|103|28|59|52|85|546|76|64|42|145|58|63|121|46|51|40|98|45|66|33|92|30|60|41|284|62|140|65|50|125|46|66|330|47|283|67|291|60|85|304|73|198|61|745|79|370|57|1949|675|531|296|120|113|119|98|581|136|1156|130|959|171
151,Alex Ovechkin,366,2940|2165|2232|5427|6688|4657|2760|2482|2381|2531|3950|1912|3977|1908|2073|3496|1797|1688|2577|1358|2414|1406|1402|4094|1889|2339|1357|1866|2318|1859|1431|1326|1935|1558|1188|1304|1387|1238|1207|1065|1104|1269|1172|1206|1341|1226|1302|1180|1412|1290|1063|1155|3094|1376|1202|1207|1120|1091|1048|946|846|850|791|1014|781|945|1004|838|888|954|963|1378|1076|998|1055|1102|1052|1013|973|1018|861|890|905|809|759|808|782|925|987|835|866|786|918|962|1059|898|820|976|1067|952|1003|926|929|1028|1003|920|937|964|963|994|895|968|1025|1247|2435|1965|1691|1624|1963|1509|1489|1374|1264|1385|1224|1536|1567|1894|1600|1628|1911|1763|1742|1649|2665|4038|4822|2187|2122|3133|2656|3672|4249|1797|2148|4812|2949|1903|1925|2560|1755|2148|4492|3189|2551|4258|4567|2097|2397|2386|2377|1770|1861|2135|28091|9908|4076|3712|2547|2381|3633|2525|2722|1986|3171|2696|3397|2306|4291|7238|2917|2731|2007|2123|1973|5959|2465|2899|3006|2429|2510|2788|4484|2761|2886|2422|2317|1882|1957|2100|2475|2228|2728|2276|2158|4253|2308|2752|2833|3142|3392|2865|3598|2485|2305|2854|4129|3163|3847|4501|4593|3962|4211|5073|3619|5349|4020|6057|4741|6224|4531|5657|4330|5104|3749|4931|4469|4714|5246|4147|3052|3527|3078|3969|4625|3016|2601|3710|2515|4099|8165|4753|3198|3718|3783|3090|3567|3298|4225|3459|3578|3836|5309|4670|4747|5805|4270|3742|5731|4409|6359|5699|18003|9341|5976|4749|4983|5312|4331|5994|3104|2685|3007|2722|3943|6110|3554|3045|3374|3011|3552|2805|4927|2843|1917|2002|2004|4357|2515|2349|5920|6565|2901|2734|1905|4474|2409|2798|1882|2165|4744|2464|2538|2443|4100|4033|2322|3770|4672|3597|9044|14117|15236|10418|14800|7490|5364|3381|4469|3093|3060|2650|3056|2213|2492|3702|3053|3082|2595|3577|2669|2874|2729|2611|1970|2286|2181|2095|2149|2401|2237|3607|2688|2313|2382|1674|1861|1584|1857|1359|1627|1767|1639|1843|1580|1923
152,Dylan Strome,366,253|256|219|593|704|489|262|268|199|198|387|305|317|191|236|265|138|171|244|249|198|164|120|251|210|172|142|133|192|214|175|226|329|369|233|317|579|534|582|445|380|335|355|302|293|239|250|188|213|204|217|216|203|187|185|202|235|232|200|85|85|60|73|83|74|66|73|89|98|53|98|72|75|130|111|66|69|70|87|62|88|86|70|74|64|106|73|76|58|81|64|79|89|78|81|74|81|66|79|58|92|81|85|78|80|98|112|88|96|65|65|72|93|105|115|114|85|86|82|82|102|103|271|437|138|98|106|132|142|114|157|119|116|156|198|251|273|118|100|198|165|188|241|140|220|548|275|162|150|175|107|141|181|192|125|114|132|284|220|160|152|100|113|116|188|385|134|181|126|110|220|136|182|106|204|107|178|122|305|2237|1845|735|425|330|210|260|221|387|214|155|163|208|251|166|375|202|220|130|193|150|142|128|259|254|176|404|211|185|180|214|153|145|275|165|350|180|181|210|296|267|323|229|219|634|425|669|268|219|267|505|267|233|234|3142|3340|1425|463|634|372|295|195|336|249|286|449|172|245|187|148|255|181|185|161|236|222|153|188|148|125|110|125|133|178|148|244|178|164|141|256|256|238|206|477|543|1634|1343|1144|653|378|280|216|237|158|228|728|670|745|530|472|288|236|183|205|163|150|133|180|241|179|198|201|292|124|181|169|230|128|394|146|141|146|129|147|119|296|161|180|236|502|135|191|280|246|149|185|173|176|178|168|173|173|176|129|121|153|123|194|178|157|159|221|308|190|175|739|1149|1154|796|319|192|198|170|166|155|318|128|112|95|134|120|192|175|193|177|332|237
153,Anthony Beauvillier,366,113|124|89|94|56|103|68|71|65|61|77|71|74|87|73|81|56|48|72|53|63|68|63|84|81|92|324|142|115|102|74|95|128|157|90|135|339|380|325|411|157|105|89|73|70|65|61|51|58|62|47|59|47|55|50|46|44|51|41|49|45|52|45|62|70|71|82|63|59|56|55|51|63|79|67|47|70|53|49|46|45|54|35|44|49|50|41|37|46|49|50|63|52|50|46|56|89|38|50|56|46|51|50|43|64|60|107|80|81|61|51|61|50|55|44|57|65|51|61|68|48|82|63|70|51|66|74|74|70|57|67|54|80|56|106|136|134|86|111|188|723|121|133|91|124|122|197|100|86|97|60|89|109|83|70|62|87|80|164|148|92|86|48|92|415|280|129|118|91|128|110|84|95|85|89|95|77|99|209|148|87|89|98|79|89|114|102|186|290|167|101|175|120|127|119|142|118|104|167|101|126|172|162|122|97|122|74|152|140|110|76|89|117|87|70|110|301|248|214|304|186|138|177|291|158|169|165|165|175|294|116|122|112|226|134|174|120|112|141|134|109|159|116|136|160|85|101|117|119|113|111|132|102|401|248|117|133|86|106|86|80|108|125|96|76|102|92|76|85|92|81|83|138|109|81|79|118|125|142|169|116|95|93|93|129|130|118|171|123|166|119|88|126|77|53|76|154|225|87|131|158|90|81|66|68|95|64|119|121|97|87|91|75|74|95|110|85|77|118|88|161|138|99|79|174|83|82|60|62|68|71|65|93|85|76|112|98|84|84|76|75|89|59|59|56|81|79|62|43|55|76|67|76|53|69|51|54|54|55|62|100|72|52|49|59|86
154,Martin Fehervary,366,42|61|35|45|31|21|21|27|27|19|20|25|23|29|41|26|24|17|30|13|20|93|35|20|26|25|24|20|18|28|44|33|26|45|23|21|663|277|146|66|42|45|33|35|27|15|19|17|13|22|26|14|25|26|21|17|15|29|33|22|21|24|20|13|22|15|35|14|17|17|18|23|17|19|20|21|19|22|14|14|28|17|16|11|10|25|23|20|33|58|32|21|21|14|29|19|22|27|18|12|34|14|28|18|23|19|21|17|26|27|11|17|20|29|19|45|21|20|29|19|20|43|22|24|35|29|33|19|27|29|56|35|24|36|51|59|83|36|89|227|101|40|90|46|45|118|118|45|30|54|32|22|73|84|32|29|40|35|27|48|43|31|28|43|66|48|32|38|28|33|210|56|51|22|95|36|66|47|98|68|34|36|35|120|36|50|39|42|72|28|34|51|66|27|49|24|297|29|31|30|51|30|56|17|25|64|27|87|76|78|37|29|75|25|33|30|60|57|134|119|83|72|70|67|77|122|80|168|63|91|50|51|67|87|39|61|33|56|93|73|35|61|34|83|89|35|57|53|40|47|71|73|89|353|134|103|253|150|111|134|182|887|504|324|467|265|154|204|827|643|2502|1028|409|177|178|126|113|80|109|214|48|56|65|44|84|90|58|59|60|44|61|58|60|48|35|35|29|85|37|41|59|38|43|40|27|48|35|46|36|37|47|34|55|40|68|48|65|45|216|43|59|90|71|52|73|72|55|56|29|33|24|36|41|25|54|55|41|36|52|34|31|40|33|29|27|25|60|53|72|54|31|29|31|19|26|26|27|26|26|24|78|58|49|49|31|37
155,Dylan McIlrath,366,70|83|77|46|37|28|30|37|43|29|28|31|36|21|30|38|24|29|31|20|29|27|24|41|28|21|21|22|31|40|47|36|38|38|40|51|28|42|38|39|24|13|42|22|35|25|27|21|18|25|29|20|22|25|17|17|16|27|19|16|19|22|27|16|18|19|29|32|31|20|23|23|29|11|15|22|16|33|17|28|38|16|16|17|16|24|21|10|25|20|21|21|22|15|19|22|13|17|24|18|19|17|21|16|15|26|30|18|20|26|14|19|10|25|33|29|21|27|30|29|23|34|29|47|31|72|31|40|40|40|31|38|48|47|48|54|34|27|27|51|56|23|59|50|46|37|36|31|30|39|70|58|47|85|80|69|52|38|72|38|33|34|34|36|31|55|33|43|30|39|23|43|29|26|30|46|40|32|41|76|37|54|28|34|34|75|32|38|40|43|30|30|55|39|57|48|65|38|43|52|34|38|47|50|38|21|31|45|52|34|31|44|65|25|19|24|29|39|98|217|72|33|45|42|83|247|93|126|46|71|53|39|54|504|113|101|101|45|36|36|33|37|41|40|36|21|30|58|38|34|48|58|42|46|55|39|40|90|45|61|52|36|40|24|19|27|31|44|47|26|29|36|35|40|58|30|42|34|41|29|39|35|55|35|47|50|34|33|34|27|36|44|54|32|22|33|29|24|26|38|38|28|27|31|24|17|22|35|17|23|33|36|32|20|42|27|39|26|26|23|38|55|35|39|64|56|33|22|32|52|32|24|18|27|16|31|23|21|16|22|29|26|26|18|73|40|23|38|18|35|18|39|17|29|19|17|16|20|24|18|33|17|29|16|24|38
156,Kyle Connor,366,177|140|133|145|196|195|160|118|103|131|159|127|135|93|106|117|103|113|289|117|116|136|79|184|98|165|98|96|101|102|88|97|130|152|120|119|174|189|330|255|253|254|264|233|223|283|214|201|202|221|192|195|193|197|210|205|194|181|172|92|77|64|67|67|74|92|72|75|70|85|133|105|86|97|74|64|55|76|80|129|134|82|124|103|93|126|71|110|74|52|72|75|107|130|86|69|82|50|68|78|65|77|75|93|81|174|92|107|73|83|79|83|82|95|101|104|133|129|83|118|109|115|113|102|91|78|106|137|144|125|146|126|89|171|178|2229|852|1067|560|246|255|179|134|200|221|170|216|141|165|105|122|131|143|121|119|107|187|123|236|256|170|140|114|128|122|117|159|109|178|96|131|133|190|107|148|84|92|204|109|111|187|116|114|95|79|121|83|130|167|101|147|90|257|120|202|134|92|217|209|97|281|120|136|108|144|106|140|92|100|95|184|98|120|85|76|104|262|140|270|243|426|572|384|208|193|153|227|169|298|218|182|123|139|220|131|203|109|306|132|165|221|124|160|128|397|141|100|148|137|191|165|147|198|238|182|427|361|608|417|339|446|383|976|738|1097|993|486|626|1163|682|1165|684|9076|4781|6496|10201|2855|1312|834|651|415|366|343|242|325|220|297|193|147|157|175|300|244|387|154|149|145|173|202|184|234|119|106|187|143|156|119|215|186|320|533|413|507|458|1200|439|467|312|300|350|342|323|214|236|216|200|312|283|266|207|199|162|200|209|230|273|197|169|153|158|159|151|160|187|146|166|111|127|118|145|115|129|123|120|112|74|92|85|95|62|115|99|102|216|164|116
157,Mark Scheifele,366,472|514|468|672|918|816|463|340|340|314|381|304|314|253|289|274|205|201|322|194|317|443|407|372|222|189|180|148|151|181|133|157|168|194|170|128|154|172|351|256|298|267|229|268|229|201|201|210|202|210|188|284|224|219|234|276|263|230|205|117|95|107|103|98|109|114|91|131|119|123|116|95|101|107|117|150|102|102|99|99|120|82|119|129|106|121|89|162|106|117|81|104|114|98|145|85|123|91|121|95|113|108|99|105|108|113|95|95|65|99|101|113|116|172|139|135|211|153|180|187|129|157|120|114|161|150|138|125|131|117|136|182|165|148|161|265|232|439|436|267|378|214|186|228|505|456|1145|314|467|366|232|253|231|252|237|187|217|171|307|269|281|213|238|284|237|208|254|210|229|162|233|167|237|146|404|163|155|818|282|223|333|321|234|114|139|222|143|192|226|150|193|187|859|201|281|300|184|184|758|183|285|142|283|208|272|172|228|104|207|187|181|163|190|141|174|192|368|224|733|1322|1065|1725|582|502|324|323|415|245|343|531|406|296|213|473|266|385|412|536|317|290|364|185|220|193|238|233|147|284|158|212|190|257|197|274|318|510|360|234|234|306|192|197|271|256|208|283|235|247|399|232|346|458|1182|727|381|360|390|238|274|264|179|173|275|144|335|167|374|213|201|200|158|288|241|595|255|159|185|165|136|213|249|168|169|356|162|450|181|169|122|108|205|139|198|180|476|190|751|205|195|318|281|276|153|540|361|212|486|310|251|223|195|159|151|176|188|226|220|154|189|198|161|132|122|159|135|197|149|213|161|249|291|244|206|229|373|302|225|298|190|173|1052|550|226|384|201|278
158,Gabriel Vilardi,366,55|51|64|56|62|70|42|67|42|58|50|45|41|30|65|45|40|45|42|34|41|49|36|53|50|66|36|58|53|53|57|70|59|57|69|62|118|115|151|102|90|153|73|60|59|54|45|42|37|55|39|45|54|640|655|228|418|317|126|75|54|43|41|43|53|40|47|36|25|38|33|23|32|34|34|33|20|30|22|25|28|40|32|32|30|37|30|41|34|30|36|34|23|40|31|35|31|34|34|29|26|33|29|22|39|32|28|18|28|22|25|37|34|44|41|39|31|27|34|54|32|44|39|55|31|53|46|38|43|53|44|47|45|58|74|115|83|116|198|80|74|35|52|62|68|50|59|51|58|48|54|118|113|71|43|48|67|41|234|115|51|47|40|105|36|64|63|61|69|40|101|53|60|46|273|61|43|67|64|52|159|79|63|52|53|166|51|65|107|65|182|51|140|50|127|119|85|57|65|52|68|58|123|60|76|52|81|35|55|52|41|47|52|41|38|44|91|48|82|75|85|285|80|78|49|61|78|60|103|119|90|49|69|92|59|93|53|248|363|126|110|95|73|58|68|27|49|95|45|56|47|42|34|82|66|158|56|36|52|34|37|43|71|64|53|57|43|53|66|54|60|39|90|61|69|76|132|71|120|75|45|46|51|47|80|54|152|52|43|132|105|656|85|58|46|41|165|56|64|54|112|63|41|57|42|62|62|117|70|83|77|54|37|51|49|40|114|39|50|78|72|97|60|68|76|35|69|75|62|107|100|61|45|36|74|60|93|71|47|53|37|36|26|59|38|71|37|80|98|151|132|73|91|90|212|200|119|346|110|73|186|98|72|401|124|104
159,Josh Morrissey,366,90|94|69|81|85|106|62|60|58|59|89|77|94|47|57|71|58|72|67|28|54|54|46|95|80|77|44|47|56|41|37|50|57|69|55|42|90|65|87|63|55|45|61|39|49|52|39|34|28|37|25|59|34|36|44|40|45|48|36|41|40|25|36|26|35|47|47|37|37|47|61|42|41|54|45|46|38|43|34|39|41|58|32|32|43|32|42|55|60|42|49|47|41|44|58|41|38|43|27|55|35|25|44|178|46|45|28|31|36|34|25|27|32|56|37|40|38|37|52|53|47|57|53|48|44|58|62|55|50|52|66|105|74|79|85|88|88|105|137|74|83|70|65|90|83|68|110|66|142|74|57|90|138|91|78|39|62|39|99|76|42|48|42|79|63|69|100|66|80|61|140|66|88|76|168|67|81|170|79|117|166|77|74|60|75|60|44|42|59|60|87|64|156|50|91|80|65|51|72|53|65|99|117|74|92|77|83|57|58|59|70|62|55|52|58|79|165|75|205|524|538|348|178|144|121|105|154|103|163|187|121|97|95|217|92|165|85|113|92|118|183|67|195|111|147|192|71|96|94|97|117|84|116|122|179|257|219|269|301|333|348|387|1634|1311|668|852|388|380|702|460|797|1575|2791|1069|534|320|290|161|148|148|94|97|116|74|105|189|414|110|78|133|65|65|96|90|53|58|95|70|57|72|76|47|45|75|53|83|89|71|43|46|72|74|75|56|61|51|95|65|78|132|97|116|81|81|72|63|93|81|106|111|84|55|65|55|63|78|63|59|50|61|45|46|55|70|66|72|55|49|62|52|66|55|54|55|45|53|50|62|56|43|55|47|46|53|50|49
160,Dylan DeMelo,366,35|41|38|36|34|18|49|33|32|26|27|34|37|26|42|66|36|21|36|19|34|28|24|33|33|35|42|41|31|30|11|34|27|30|18|18|25|32|29|42|19|25|22|17|14|22|18|22|16|24|20|23|25|21|32|19|18|31|27|33|18|25|23|22|26|22|25|21|27|13|22|23|15|21|23|26|14|27|35|13|14|18|7|10|21|12|12|26|19|20|21|16|17|16|27|17|21|24|20|16|20|19|26|201|28|22|15|16|16|21|18|22|40|50|14|35|29|19|24|25|18|11|23|18|20|26|25|20|35|21|29|41|27|24|24|29|23|64|59|38|36|37|18|36|38|24|51|32|49|311|118|67|55|119|70|38|51|32|83|48|30|30|36|43|27|36|80|38|32|22|50|22|37|24|72|21|28|47|30|22|66|34|33|25|42|37|28|43|26|26|69|29|117|28|46|45|22|24|34|25|56|46|50|31|49|30|34|15|28|33|26|24|19|31|21|30|96|67|93|29|79|243|50|83|29|36|49|38|72|129|40|33|29|61|46|35|39|77|40|139|113|66|88|45|46|33|28|36|31|36|45|32|31|58|36|97|42|29|22|37|34|37|48|26|29|18|12|34|37|20|29|27|47|27|27|34|34|23|52|67|42|42|42|37|110|34|55|29|30|53|60|136|35|50|32|27|35|34|40|48|56|32|36|44|22|39|24|39|32|45|66|34|36|38|41|26|55|31|26|34|36|30|33|21|39|27|106|107|69|44|54|42|24|27|36|40|29|20|25|23|35|35|24|39|30|43|20|86|66|78|101|71|102|80|176|220|117|146|87|56|83|80|54|154|70|88
