player_id,full_name,position,group,team_code,age,ppg,toi_per_game,cf_pct,xgf_pct,ozs_pct,onice_status,games_played,small_sample,wiki_12mo,wiki_intl_12mo,intl_match,trends_12mo,reddit_mentions_12mo,reddit_upvotes_12mo,engagement_raw,dropped_components,null_reasons,rookie_flag_source,expected_cap_linear_allrows,effective_K,peer_player_ids,peer_engagement_mean,market_z,market_z_lockedv1,market_z_metro_only,OAQ_observed,OAQ_observed_lo95,OAQ_observed_hi95,OAQ_portable,OAQ_portable_lo95,OAQ_portable_hi95,OAQ_portable_lockedv1,OAQ_portable_lockedv1_lo95,OAQ_portable_lockedv1_hi95,OAQ_portable_market_lockedv1,expected_cap,is_rookie_deal,peer_skill_gap,peer_skill_gap_age,peer_skill_gap_ppg,peer_skill_gap_toi_per_game,peer_skill_gap_cf_pct,peer_skill_gap_xgf_pct,peer_skill_gap_ozs_pct,OAQ_bc,OAQ_portable_bc,marchand_index,marchand_index_lo95,marchand_index_hi95,marchand_index_rawcap,marchand_index_rawcap_lo95,marchand_index_rawcap_hi95,marchand_index_hybrid,marchand_index_hybrid_lo95,marchand_index_hybrid_hi95,engagement_raw_log1p,OAQ_observed_log1p,OAQ_portable_log1p,marchand_index_hybrid_log1p,marchand_index_rawcap_log1p,cap_hit_M,cap_quality,match_quality,jersey_list_member,jersey_rank,asg2024_member
1,Leo Carlsson,C,f1,ANA,21,0.9571,19.15,0.56,0.55,0.6557377049180327,ok,70.0,0,71385.0,41414.0,ok,0.093686,441.0,26795.0,0.7540219361917418,,,contract_type,6.4856403627846975,10,9|649|393|466|160|602|660|761|518|549,0.7415408707736217,-0.6188180889362667,0.30877625026872907,1.2630650979869569,0.012481065418120108,-0.057597173617589724,0.03510105288466538,0.012481065418120108,-0.057597173617589724,0.03510105288466538,-0.161413334975804,-0.23149157401151396,-0.13879334750925895,0.012481065418120108,7.745345354906353,1,0.40112126713296786,-0.614944300384014,0.4116766690008882,0.24634936088297388,0.6026294314204077,0.467220094877258,0.06390774623226547,-0.07919696136898237,-0.07919696136898237,0.0016114278765134563,-0.007436359642905312,0.004531889964393948,0.013137963598021166,-0.060628603807989186,0.03694847672070041,0.0016114278765134563,-0.007436359642905312,0.004531889964393948,0.7540219361917418,0.012481065418120108,0.012481065418120108,0.0016114278765134563,0.013137963598021166,0.95,ok,ok,0,,0
2,Nathan Gaucher,C,f1,ANA,22,0.0,8.017,,,,thin,3.0,1,8052.0,2246.0,ok,0.0,22.0,817.0,-1.3235402908168055,,,contract_type,0.775,10,343|487|709|675|603|493|319|84|439|610,-0.6709795651548738,-0.6188180889362667,0.30877625026872907,1.2630650979869569,-0.6525607256619317,-0.935031909536919,-0.7758781638700792,-0.6525607256619317,-0.935031909536919,-0.7758781638700792,0.3217610833129698,0.039289899437982334,0.1984436451048224,-0.6525607256619317,0.8775555398128856,1,0.1878732238713988,-0.10981148221143111,-0.3535249569228649,-0.4152853392279634,-0.14261789358359453,-0.09612662239101455,-0.009873048891524489,-0.4301442776608968,-0.4301442776608968,-0.7436118810224503,-1.0654959909845576,-0.8841356799314534,-0.7359430761948028,-1.0545076232512902,-0.8750176653547752,-0.7436118810224503,-1.0654959909845576,-0.8841356799314534,-1.3235402908168055,-0.6525607256619317,-0.6525607256619317,-0.7436118810224503,-0.7359430761948028,0.8867,ok,ok,0,,0
3,Cutter Gauthier,L,f1,ANA,22,0.9079,17.25,0.55,0.52,0.5821428571428572,ok,76.0,0,142749.0,18865.0,ok,0.131365,368.0,27317.0,0.8116565741262697,,,contract_type,5.6400491861089375,10,651|232|369|345|113|280|48|653|738|700,0.7677695946670289,-0.6188180889362667,0.30877625026872907,1.2630650979869569,0.043886979459240805,-0.08253005953881497,0.11360374708139932,0.043886979459240805,-0.08253005953881497,0.11360374708139932,0.14848963463154874,0.022072595633493182,0.21820640225370735,0.043886979459240805,5.565348579050824,1,0.1921875837130583,-0.48317052173029673,0.06731420150262313,-0.16186888568103774,0.05021911928503453,-0.297321878558255,0.09323089552110264,0.09904226212781636,0.09904226212781636,0.00788575573225384,-0.014829270505979798,0.02041269211941699,0.04619682048341137,-0.08687374688296313,0.11958289166463087,0.00788575573225384,-0.014829270505979798,0.02041269211941699,0.8116565741262697,0.043886979459240805,0.043886979459240805,0.00788575573225384,0.04619682048341137,0.95,ok,ok,0,,0
4,Mikael Granlund,C,f1,ANA,33,0.7069,19.167,0.52,0.55,0.4633204633204633,ok,58.0,0,102398.0,117416.0,ok,0.107943,402.0,33801.0,0.9084566516479367,,,contract_type,5.744693937084425,10,484|436|173|224|315|161|606|374|182|590,0.3997710269341955,-0.6188180889362667,0.30877625026872907,1.2630650979869569,0.5086856247137412,0.26725715472946526,0.37349766343876506,0.5086856247137412,0.26725715472946526,0.37349766343876506,1.257396791576714,1.0159683215924382,1.122208830301738,0.5086856247137412,7.0975421739474625,0,0.24341404295153377,0.21962296442286222,0.29283182442050004,0.2918234801093197,0.2259860367826531,0.40350826375763216,0.026711688216235374,0.3256589518183135,0.3256589518183135,0.0716706730649582,0.03765488787237794,0.05262352153534802,0.07266937495910589,0.038179593532780755,0.05335680906268073,0.07266937495910589,0.038179593532780755,0.05335680906268073,0.9084566516479367,0.5086856247137412,0.5086856247137412,0.07266937495910589,0.07266937495910589,7.0,ok,ok,0,,0
5,Jansen Harkins,C,f1,ANA,28,0.1818,9.583,0.49,0.48,0.4461538461538462,ok,44.0,0,11914.0,1102.0,ok,0.0,98.0,3418.0,-0.661866053991679,,,contract_type,0.775,10,26|432|38|683|142|429|654|439|709|708,-0.6544043845929514,-0.6188180889362667,0.30877625026872907,1.2630650979869569,-0.007461669398727611,-0.21029688690472387,-0.14270071031371437,-0.007461669398727611,-0.21029688690472387,-0.14270071031371437,1.3007044587642993,1.097869241258303,1.1654654178493125,-0.007461669398727611,1.2125220893053832,0,0.20936928326408166,0.08784918576914487,-0.2669160240407026,-0.25066952706977097,-0.15016177444110435,-0.23808105313123412,-0.2625381351325331,0.14193380877198344,0.14193380877198344,-0.006153842032685914,-0.17343757178493677,-0.1176891634159533,-0.009475135744416014,-0.2670436659107605,-0.18120725119201825,-0.009475135744416014,-0.2670436659107605,-0.18120725119201825,-0.661866053991679,-0.007461669398727611,-0.007461669398727611,-0.009475135744416014,-0.009475135744416014,0.7875,ok,ok,0,,0
6,Ross Johnston,L,f1,ANA,31,0.2258,9.75,0.4799999999999999,0.47,0.4278846153846153,ok,62.0,0,17791.0,1594.0,ok,0.002037,157.0,6861.0,-0.32583858742775396,,,contract_type,0.8451555373405619,10,89|312|62|756|438|186|88|707|462|350,-0.2918138742134021,-0.6188180889362667,0.30877625026872907,1.2630650979869569,-0.034024713214351854,-0.29999942656052714,-0.2261591823612768,-0.034024713214351854,-0.29999942656052714,-0.2261591823612768,0.19192140109473038,-0.07405331225144493,-0.00021306805219456097,-0.034024713214351854,1.2662363305761606,0,0.12485187071655966,0.39532133596115193,-0.01043319963677014,-0.2425785799916076,-0.03314902391402608,0.011177514231512475,-0.05645157056428973,-0.04288109225645797,-0.04288109225645797,-0.026870744735992522,-0.23692214424460709,-0.17860740282058585,-0.03093155746759259,-0.272726751418661,-0.2055992566920698,-0.03093155746759259,-0.272726751418661,-0.2055992566920698,-0.32583858742775396,-0.034024713214351854,-0.034024713214351854,-0.03093155746759259,-0.03093155746759259,1.1,ok,ok,0,,0
7,Alex Killorn,L,f1,ANA,36,0.4024,16.7,0.53,0.53,0.4764890282131661,ok,82.0,0,31301.0,6755.0,ok,0.004073,194.0,6994.0,-0.05784310905531742,,,contract_type,3.9281795951341345,10,440|157|759|414|371|417|300|395|712|86,0.2549725684672294,-0.6188180889362667,0.30877625026872907,1.2630650979869569,-0.3128156775225468,-0.43065800000047544,-0.3426544991506495,-0.3128156775225468,-0.43065800000047544,-0.3426544991506495,0.5406028998016427,0.4227605773237139,0.5107640781735399,-0.3128156775225468,4.237139040930905,0,0.31367804802825594,0.7467180790377315,-0.016318594303666188,0.27039745358751566,0.22598603678265283,0.2548473244785043,-0.36780079997946524,-0.4199380928989469,-0.4199380928989469,-0.07382709760070107,-0.10163886429977981,-0.08086930729452009,-0.05005050840360749,-0.06890528000007606,-0.05482471986410393,-0.05005050840360749,-0.06890528000007606,-0.05482471986410393,-0.05784310905531742,-0.3128156775225468,-0.3128156775225468,-0.05005050840360749,-0.05005050840360749,6.25,ok,ok,0,,0
8,Chris Kreider,L,f1,ANA,34,0.6667,17.05,0.56,0.54,0.6610169491525424,ok,75.0,0,102885.0,11950.0,ok,0.163951,509.0,41967.0,0.9169893905232335,,,contract_type,4.846186018686045,10,157|414|90|200|715|111|301|387|350|268,0.5566458916123581,-0.6188180889362667,0.30877625026872907,1.2630650979869569,0.36034349891087536,0.4108777755301404,0.5208492428049613,0.36034349891087536,0.4108777755301404,0.5208492428049613,1.2679002698522117,1.3184345464714766,1.4284060137462975,0.36034349891087536,4.936876427230374,0,0.4720544934755202,0.3513967430765794,0.46554809404844155,0.47576766584312447,0.5775198717778909,0.42474554079750737,0.5373490453095777,0.009062690254344086,0.009062690254344086,0.07299017996953003,0.08322626291876745,0.10550177839820102,0.0554374613709039,0.06321196546617544,0.0801306527392248,0.0554374613709039,0.06321196546617544,0.0801306527392248,0.9169893905232335,0.36034349891087536,0.36034349891087536,0.0554374613709039,0.0554374613709039,6.5,ok,ok,0,,0
9,Mason McTavish,C,f1,ANA,23,0.5467,15.317,0.53,0.51,0.6156716417910447,ok,75.0,0,97735.0,12462.0,ok,0.076375,386.0,18434.0,0.6143850958490946,,,contract_type,3.85056618998138,10,761|178|610|256|95|31|61|518|254|390,-0.26161280245035756,-0.6188180889362667,0.30877625026872907,1.2630650979869569,0.8759978982994522,0.786002311441409,0.8766028775461155,0.8759978982994522,0.786002311441409,0.8766028775461155,1.2846429115123204,1.1946473246542773,1.285247890758984,0.8759978982994522,3.5544009714185,0,0.291215162385919,-0.0658868893268586,0.44906230103264766,0.25019505795098995,0.37664339463775476,0.2123727703987535,0.3931305609685096,0.6395328128819484,0.6395328128819484,0.24645443925530341,0.22113495853781767,0.24662464493877248,0.12514255689992174,0.11228604449162985,0.12522898250658793,0.12514255689992174,0.11228604449162985,0.12522898250658793,0.6143850958490946,0.8759978982994522,0.8759978982994522,0.12514255689992174,0.12514255689992174,7.0,ok,ok,0,,0
10,Ryan Poehling,C,f1,ANA,27,0.48,15.067,0.49,0.48,0.4006622516556291,ok,75.0,0,51150.0,4974.0,ok,0.007128,217.0,10737.0,0.1030998025671183,,,contract_type,3.5594442474586456,10,164|35|543|56|131|59|390|590|30|752,0.019336098038692517,-0.6188180889362667,0.30877625026872907,1.2630650979869569,0.08376370452842578,-0.16273409391021404,-0.07263928561032913,0.08376370452842578,-0.16273409391021404,-0.07263928561032913,0.4016550376063736,0.1551572391677339,0.24525204746761858,0.08376370452842578,3.330082362782068,0,0.10268308633881497,0.021962296442286228,0.1507463588543581,0.11269890173997585,0.10043823857006781,0.12742366223925167,-0.10282906018695026,0.018513918409438446,0.018513918409438446,0.025153643484795565,-0.0488678885930798,-0.02181305976757996,0.04408616027811883,-0.08564952311063898,-0.03823120295280481,0.04408616027811883,-0.08564952311063898,-0.03823120295280481,0.1030998025671183,0.08376370452842578,0.08376370452842578,0.04408616027811883,0.04408616027811883,1.9,ok,ok,0,,0
11,Beckett Sennecke,R,f1,ANA,20,0.7317,17.45,0.52,0.53,0.5514018691588785,ok,82.0,0,98168.0,5192.0,ok,0.063136,416.0,30994.0,0.6322514222655223,,,contract_type,5.187388465993906,10,48|51|435|588|454|656|437|344|539|587,-0.19706010291884618,-0.6188180889362667,0.30877625026872907,1.2630650979869569,0.8293115251843686,0.418519207276507,0.5297075645964833,0.8293115251843686,0.418519207276507,0.5297075645964833,0.7670599025972937,0.3562675846894321,0.4674559420094083,0.8293115251843686,5.397873713549641,1,0.43119575231844715,-0.5490574110571556,0.4985763173719673,0.39361658226768415,0.5192612882213493,0.478397609108771,0.14826530588375553,0.6597484417034529,0.6597484417034529,0.1536367038566772,0.07753408647296581,0.09813263383076587,0.8799061275165714,0.4440522093119437,0.5620239412164278,0.1536367038566772,0.07753408647296581,0.09813263383076587,0.6322514222655223,0.8293115251843686,0.8293115251843686,0.1536367038566772,0.8799061275165714,0.9425,ok,ok,0,,0
12,Troy Terry,R,f1,ANA,28,0.9344,18.35,0.54,0.55,0.5787234042553191,ok,61.0,0,30628.0,4749.0,ok,0.016293,322.0,18681.0,0.2176477840065347,,,contract_type,6.123676323781864,10,710|653|608|386|700|345|65|225|51|742,1.009108986696589,-0.6188180889362667,0.30877625026872907,1.2630650979869569,-0.7914612026900543,-0.809939350633205,-0.7338205546837245,-0.7914612026900543,-0.809939350633205,-0.7338205546837245,-0.5224744769663212,-0.5409526249094719,-0.46483382895999176,-0.7914612026900543,6.734244546204538,0,0.0827167900655349,0.197660667980576,0.04708315733516799,-0.06702500604256456,-0.050219119285033864,0.021237277039875657,-0.11307551270999128,-0.8165224574492399,-0.8165224574492399,-0.11752783809078135,-0.12027174615892021,-0.1089685041356733,-0.11306588609857918,-0.11570562151902929,-0.10483150781196066,-0.11306588609857918,-0.11570562151902929,-0.10483150781196066,0.2176477840065347,-0.7914612026900543,-0.7914612026900543,-0.11306588609857918,-0.11306588609857918,7.0,ok,ok,0,,1
13,Frank Vatrano,R,f1,ANA,31,0.18,11.817,0.48,0.42,0.4450867052023121,ok,50.0,0,23769.0,4015.0,ok,0.028513,155.0,9147.0,-0.14319538806987295,,,contract_type,1.4684471514018462,10,397|662|342|89|29|350|438|715|756|136,0.018945457940512767,-0.6188180889362667,0.30877625026872907,1.2630650979869569,-0.16214084601038573,-0.03241023924285233,0.07841831399929333,-0.16214084601038573,-0.03241023924285233,0.07841831399929333,0.6933503568786721,0.8230809636462056,0.9339095168883512,-0.16214084601038573,1.7504077905257813,0,0.2133669365979535,0.0878491857691448,-0.22451443064511123,0.01246105738272707,-0.12554779821258466,-0.7857792504753878,-0.04404989710276558,-0.11942504567691611,-0.11942504567691611,-0.09263032699464988,-0.018515822094871418,0.04480002569900487,-0.035470083568950324,-0.0070900943390909,0.01715486393054194,-0.035470083568950324,-0.0070900943390909,0.01715486393054194,-0.14319538806987295,-0.16214084601038573,-0.16214084601038573,-0.035470083568950324,-0.035470083568950324,4.5712,ok,ok,0,,0
14,Jeffrey Viel,L,f1,ANA,29,0.2222,11.924,0.54,0.52,0.5034013605442177,ok,45.0,0,17493.0,3212.0,ok,0.001018,109.0,5935.0,-0.4128250941989901,,,contract_type,1.633818887416389,10,90|268|612|356|648|350|163|580|296|116,-0.05754354121522528,-0.6188180889362667,0.30877625026872907,1.2630650979869569,-0.35528155298376485,-0.8226902215539761,-0.6778415281448089,-0.35528155298376485,-0.8226902215539761,-0.6778415281448089,0.23853864148423265,-0.22887002708597864,-0.08402133367681153,-0.35528155298376485,1.808808957408989,0,0.20850166783244672,0.0,-0.44053516671413373,-0.26932365505553735,0.13408284589809039,-0.01564851992411853,-0.3914198194028003,-0.09822721454688843,-0.09822721454688843,-0.1964174002613767,-0.4548242743846375,-0.3747446768042196,-0.45842781030163204,-1.0615357697470658,-0.8746342298642695,-0.45842781030163204,-1.0615357697470658,-0.8746342298642695,-0.4128250941989901,-0.35528155298376485,-0.35528155298376485,-0.45842781030163204,-0.45842781030163204,0.775,ok,ok,0,,0
15,Tim Washe,C,f1,ANA,24,0.1282,12.05,0.49,0.47,0.3225806451612903,ok,39.0,0,9113.0,244.0,ok,0.001018,81.0,2646.0,-0.903486831349879,,,contract_type,1.3994293736372352,10,687|377|30|584|164|95|390|10|372|241,-0.07894885221944428,-0.6188180889362667,0.30877625026872907,1.2630650979869569,-0.8245379791304347,-1.3082476700800412,-1.1779687107003871,-0.8245379791304347,-1.3082476700800412,-1.1779687107003871,-0.0918657728108592,-0.5755754637604659,-0.4452965043808115,-0.8245379791304347,1.7852281052823409,0,0.2900697789391384,-0.2196229644228621,-0.47116597077593325,-0.13562325179477253,0.10043823857006795,0.16989821631900193,-0.6436700317521924,-0.5119382646489972,-0.5119382646489972,-0.4618670167082266,-0.7328182130950357,-0.6598421272972771,-1.0148159743143812,-1.6101509785600507,-1.4498076439389378,-1.0148159743143812,-1.6101509785600507,-1.4498076439389378,-0.903486831349879,-0.8245379791304347,-0.8245379791304347,-1.0148159743143812,-1.0148159743143812,0.8125,ok,ok,0,,0
16,John Carlson,D,d1,ANA,36,0.8451,23.163,0.55,0.53,0.5239852398523985,ok,71.0,0,88802.0,23540.0,ok,0.052953,354.0,31558.0,0.6593424459131546,,,contract_type,6.297336163542006,10,530|620|381|401|624|285|558|555|422|258,0.42356611660549703,-0.6188180889362667,0.30877625026872907,1.2630650979869569,0.23577632930765757,-0.04344325125630497,0.0833957300426669,0.23577632930765757,-0.04344325125630497,0.0833957300426669,0.6404535176895786,0.36123393712561597,0.4880729184245879,0.23577632930765757,6.483216799108043,0,0.5157540951801821,0.6808311897108723,0.7598847068780914,0.37325736412750277,0.6277389910629251,0.40350826375763216,0.24930405554406881,-0.1557037028268506,-0.1557037028268506,0.036367182621456606,-0.00670087899301499,0.012863325819081112,0.029472041163457197,-0.0054304064070381216,0.010424466255333362,0.029472041163457197,-0.0054304064070381216,0.010424466255333362,0.6593424459131546,0.23577632930765757,0.23577632930765757,0.029472041163457197,0.029472041163457197,8.0,ok,ok,0,,0
17,Radko Gudas,D,d1,ANA,35,0.2321,16.183,0.52,0.54,0.474025974025974,ok,56.0,0,149288.0,139570.0,ok,0.171079,281.0,38153.0,0.964024880372411,,,contract_type,2.2060861343061027,10,664|596|400|691|472|665|670|751|101|509,-0.4440412711051209,-0.6188180889362667,0.30877625026872907,1.2630650979869569,1.408066151477532,1.017406182732317,1.174978347697994,1.408066151477532,1.017406182732317,1.174978347697994,1.2584371156143552,0.8677771468691403,1.0253493118348174,1.408066151477532,1.963527908243386,0,0.29131026846119507,0.32943444663429333,0.06978874244211308,-0.15232955918764746,0.4841533051071435,0.5415939058985356,0.1705616514974372,1.4203039585928303,1.4203039585928303,0.7171103326650539,0.5181521375178774,0.5984016538624882,0.352016537869383,0.25435154568307927,0.2937445869244985,0.352016537869383,0.25435154568307927,0.2937445869244985,0.964024880372411,1.408066151477532,1.408066151477532,0.352016537869383,0.352016537869383,4.0,ok,ok,0,,0
18,Drew Helleson,D,d1,ANA,24,0.25,16.967,0.49,0.47,0.5,ok,60.0,0,11011.0,565.0,ok,0.0,132.0,4323.0,-0.5990422599579615,,,contract_type,2.6188861077282644,10,98|288|503|673|44|262|621|669|598|336,-0.9572767783422282,-0.6188180889362667,0.30877625026872907,1.2630650979869569,0.3582345183842668,-0.03852053703292173,0.04550582537931937,0.3582345183842668,-0.03852053703292173,0.04550582537931937,0.6775664090372145,0.2808113536200258,0.3648377160322669,0.3582345183842668,2.276107628714205,0,0.0749214634410595,-0.04392459288457251,0.017426424589631173,0.028830748793681388,-0.1114044544139432,-0.21228608763532564,0.03565647232920312,0.3379073962621763,0.3379073962621763,0.15738909437539952,-0.016923864472385405,0.01999282670346571,0.32566774398569703,-0.03501867002992884,0.041368932163017604,0.32566774398569703,-0.03501867002992884,0.041368932163017604,-0.5990422599579615,0.3582345183842668,0.3582345183842668,0.32566774398569703,0.32566774398569703,1.1,ok,ok,0,,0
19,Tyson Hinds,D,d1,ANA,22,0.0,15.617,,,,thin,6.0,1,0.0,,,0.0,25.0,405.0,-3.237668592080697,wiki_intl_12mo,wiki_12mo=no_entity_exists|wiki_intl_12mo=fetch_failed,contract_type,1.7070440912581715,10,769|719|672|553|105|621|98|667|24|445,-1.1197339380361444,-0.6188180889362667,0.30877625026872907,1.2630650979869569,-2.1179346540445527,-2.5232513767298634,-2.3837824322584735,-2.1179346540445527,-2.5232513767298634,-2.3837824322584735,-2.3405441240027836,-2.7458608466880943,-2.6063919022167052,-2.1179346540445527,1.8709059361736724,1,0.12929241771314331,-0.02196229644228609,-0.4640433056392922,0.08083455460498624,-0.05534351921207746,0.005200965805683799,-0.14836986457453408,-1.9993021226391423,-1.9993021226391423,-1.1320369523099045,-1.3486789089409545,-1.274132700190007,-2.5535744562871385,-3.042261124583872,-2.8741046928604694,-1.1320369523099045,-1.3486789089409545,-1.274132700190007,-3.237668592080697,-2.1179346540445527,-2.1179346540445527,-1.1320369523099045,-2.5535744562871385,0.8294,ok,low,0,,0
20,Jackson LaCombe,D,d1,ANA,25,0.7073,24.25,0.54,0.53,0.4190871369294606,ok,82.0,0,89302.0,11256.0,ok,0.020367,307.0,19398.0,0.4597211569680324,,,contract_type,6.720524417089792,10,671|240|475|67|536|402|668|285|236|334,0.5288556208901685,-0.6188180889362667,0.30877625026872907,1.2630650979869569,-0.06913446392213607,-0.48137292139234644,-0.2825554777615129,-0.06913446392213607,-0.48137292139234644,-0.2825554777615129,-0.04372377073871192,-0.4559622282089225,-0.2571447845780887,-0.06913446392213607,8.308749730490334,0,0.2339266907945077,-0.10981148221143111,0.3134641454970618,0.2046959666657615,0.32642427535272067,0.2123727703987538,-0.23679150464131737,-0.16280380638850084,-0.16280380638850084,-0.0083206819515138,-0.0579356626455926,-0.03400697901931367,-0.07473996099690386,-0.5204031582619961,-0.3054653813637977,-0.07473996099690386,-0.5204031582619961,-0.3054653813637977,0.4597211569680324,-0.06913446392213607,-0.06913446392213607,-0.07473996099690386,-0.07473996099690386,0.925,ok,ok,0,,0
21,Pavel Mintyukov,D,d1,ANA,22,0.3014,18.433,0.49,0.5,0.4701754385964912,ok,73.0,0,17789.0,13739.0,ok,0.005092,157.0,8025.0,-0.15255526407987513,,,contract_type,3.407223954240125,10,503|673|190|553|750|213|445|667|239|557,-0.7955643101316119,-0.6188180889362667,0.30877625026872907,1.2630650979869569,0.6430090460517368,0.5502601601984137,0.682695566671045,0.6430090460517368,0.5502601601984137,0.682695566671045,0.5241827065758367,0.43143382072251363,0.5638692271951449,0.6430090460517368,2.9859691477199077,1,0.20054386239735186,-0.06588688932685849,0.14177624049411836,0.3553860318620796,0.21501982093877747,0.276171284281808,0.14902290748046929,0.49941354617076317,0.49941354617076317,0.2153434996281659,0.1842819309163303,0.22863450119447912,0.7002167549294749,0.599216116953516,0.7434341355450779,0.2153434996281659,0.1842819309163303,0.22863450119447912,-0.15255526407987513,0.6430090460517368,0.6430090460517368,0.2153434996281659,0.7002167549294749,0.9183,ok,ok,0,,0
22,Ian Moore,D,d1,ANA,24,0.1791,13.667,0.52,0.54,0.4346153846153846,ok,67.0,0,9881.0,1711.0,ok,0.0,102.0,3155.0,-0.6629676182129054,,,contract_type,0.8854115170162853,10,70|600|166|534|379|340|105|337|218|667,-0.8597757210295939,-0.6188180889362667,0.30877625026872907,1.2630650979869569,0.19680810281668848,-0.35207052621980456,-0.22566735015032988,0.19680810281668848,-0.35207052621980456,-0.22566735015032988,0.502040284129716,-0.04683834490677715,0.07956483116269765,0.19680810281668848,1.220775888321511,1,0.21067783202327742,-0.02196229644228631,0.08062321898798974,0.023423791232461078,0.3656771787938794,0.5522558858001876,-0.2201246208828605,0.21677559132744245,0.21677559132744245,0.16121558813492548,-0.28839898427538496,-0.18485567441916642,0.21276551655858214,-0.3806167851024914,-0.24396470286522148,0.16121558813492548,-0.28839898427538496,-0.18485567441916642,-0.6629676182129054,0.19680810281668848,0.19680810281668848,0.16121558813492548,0.21276551655858214,0.925,ok,ok,0,,0
23,Jacob Trouba,D,d1,ANA,31,0.4321,22.833,0.52,0.5,0.4306569343065693,ok,81.0,0,70852.0,12740.0,ok,0.149695,274.0,16443.0,0.523765145236173,,,contract_type,5.7516948679305315,10,43|283|284|536|285|401|47|674|104|749,0.14109008202845574,-0.6188180889362667,0.30877625026872907,1.2630650979869569,0.38267506320771727,0.7729886955343954,0.8785419823159019,0.38267506320771727,0.7729886955343954,0.8785419823159019,1.1124058048516476,1.5027194371783257,1.6082727239598322,0.38267506320771727,6.7865308752554485,0,0.1799822649468723,0.1756983715382897,0.2141815502356176,0.29749213747581016,0.20087647714013585,0.16989821631900287,-0.02174683697237767,0.22239851861303347,0.22239851861303347,0.056387434204859956,0.11390041683193547,0.12945376635936,0.04783438290096466,0.09662358694179943,0.10981774778948773,0.04783438290096466,0.09662358694179943,0.10981774778948773,0.523765145236173,0.38267506320771727,0.38267506320771727,0.04783438290096466,0.04783438290096466,8.0,ok,ok,0,,0
24,Olen Zellweger,D,d1,ANA,22,0.2895,16.983,0.53,0.53,0.527027027027027,ok,76.0,0,33435.0,1864.0,ok,0.005092,186.0,6290.0,-0.1608210941540723,,,contract_type,2.6632042811125043,10,621|618|473|667|445|379|503|673|190|21,-0.9454740118138745,-0.6188180889362667,0.30877625026872907,1.2630650979869569,0.7846529176598022,0.48904672633042395,0.5819423749197609,0.7846529176598022,0.48904672633042395,0.5819423749197609,0.8158771744850206,0.5202709831556426,0.6131666317449794,0.7846529176598022,2.2593270919209143,1,0.2508763232220467,-0.1756983715382896,0.058009685718127146,0.027003457547725096,0.5665536559340154,0.4460695006008105,0.23192326799331262,0.8071489773777604,0.8071489773777604,0.3472949624981827,0.21645680613453316,0.2575733177372669,0.929463299762855,0.5793019738574082,0.6893418324090984,0.3472949624981827,0.21645680613453316,0.2575733177372669,-0.1608210941540723,0.7846529176598022,0.7846529176598022,0.3472949624981827,0.929463299762855,0.8442,ok,ok,0,,0
25,Viktor Arvidsson,L,f1,BOS,32,0.7826,14.6,0.5,0.49,0.4444444444444444,ok,69.0,0,58102.0,12074.0,ok,0.045825,183.0,13773.0,0.21635222455381517,,,contract_type,4.291405938584432,10,273|225|62|280|6|66|463|756|233|370,0.5171793776429567,1.3220400829468655,-0.020454948251828937,-0.12437043834898806,-0.30082715308914154,-0.4056107269007908,-0.3118009952885197,-0.30082715308914154,-0.4056107269007908,-0.3118009952885197,-2.337738174789227,-2.4425217486008766,-2.348712016988605,-0.30082715308914154,3.438837562443273,0,0.20359310111789944,0.2415852608651483,0.4453504896234123,0.08870075315320047,0.10897328625557276,0.04806331119550718,-0.2888855056145556,-0.49442251805201154,-0.49442251805201154,-0.08747931463078636,-0.11794995242886867,-0.09067046338384967,-0.07520678827228539,-0.1014026817251977,-0.07795024882212992,-0.07520678827228539,-0.1014026817251977,-0.07795024882212992,0.21635222455381517,-0.30082715308914154,-0.30082715308914154,-0.07520678827228539,-0.07520678827228539,4.0,ok,ok,0,,0
26,Michael Eyssimont,C,f1,BOS,29,0.3214,10.917,0.51,0.4899999999999999,0.4484848484848485,ok,56.0,0,35401.0,4495.0,ok,0.005092,80.0,6076.0,-0.3521534868101075,,,contract_type,1.5597799685103897,10,5|654|683|432|708|390|38|35|49|142,-0.5528821433003609,1.3220400829468655,-0.020454948251828937,-0.12437043834898806,0.2007286564902534,0.159155652767879,0.2764267973611399,0.2007286564902534,0.159155652767879,0.2764267973611399,-0.9931804975889797,-1.034753501311354,-0.9174823567180929,0.2007286564902534,1.5882312296376835,0,0.12874144282871414,0.19766066798057597,-0.03855602301665373,-0.1570742503754592,0.3183848110812134,0.03241479127138626,-0.028358113246996275,0.21816733000291244,0.21816733000291244,0.12638503307609988,0.10020937115320827,0.17404694744870366,0.13843355620017475,0.10976251915026136,0.1906391705938896,0.13843355620017475,0.10976251915026136,0.1906391705938896,-0.3521534868101075,0.2007286564902534,0.2007286564902534,0.13843355620017475,0.13843355620017475,1.45,ok,ok,0,,0
27,Morgan Geekie,C,f1,BOS,27,0.8395,17.4,0.48,0.46,0.5988023952095808,ok,81.0,0,123805.0,6205.0,ok,0.088595,185.0,21455.0,0.4175198595392452,,,contract_type,5.49093672659416,10,64|565|765|346|688|39|56|33|625|549,0.5347700692766596,1.3220400829468655,-0.020454948251828937,-0.12437043834898806,-0.1172502097374144,-0.36860008335422806,-0.2748629937757495,-0.1172502097374144,-0.36860008335422806,-0.2748629937757495,-1.706125667806908,-1.9574755414237215,-1.8637384518452433,-0.1172502097374144,5.565638198037219,0,0.21405642970091013,0.08784918576914486,0.5178812909444203,0.18479323573583417,0.07532867892755063,-0.14866093927912694,0.26982524754938386,-0.3966489508075612,-0.3966489508075612,-0.02106680412297801,-0.066227819746569,-0.04938570995733838,-0.021318219952257165,-0.06701819697349601,-0.049975089777409006,-0.021318219952257165,-0.06701819697349601,-0.049975089777409006,0.4175198595392452,-0.1172502097374144,-0.1172502097374144,-0.021318219952257165,-0.021318219952257165,5.5,ok,ok,0,,0
28,James Hagens,C,f1,BOS,19,0.5,14.55,,,,thin,2.0,1,174750.0,1247.0,ok,0.089613,112.0,11239.0,0.12793698921667096,,,contract_type,3.4290631457711616,10,544|518|434|54|649|319|61|56|138|226,0.07218302637497528,1.3220400829468655,-0.020454948251828937,-0.12437043834898806,0.055753962841695676,-0.07634203437112992,0.08137560231591016,0.055753962841695676,-0.07634203437112992,0.08137560231591016,-2.050143678958678,-2.1822396761715037,-2.0245220394844634,0.055753962841695676,3.0804827769048386,1,0.17595324919312424,-0.35139674307657964,0.2098678234627223,0.1993269740058693,0.057267416728546516,-0.0022355028463019247,-0.2356250350387257,0.018046872955643785,0.018046872955643785,0.01809909903074196,-0.024782490245842483,0.02641650942702998,0.057183551632508385,-0.07829952243192813,0.08346215622144632,0.01809909903074196,-0.024782490245842483,0.02641650942702998,0.12793698921667096,0.055753962841695676,0.055753962841695676,0.01809909903074196,0.057183551632508385,0.975,ok,ok,0,,0
29,Tanner Jeannot,L,f1,BOS,28,0.2857,12.65,0.4899999999999999,0.47,0.4061135371179039,ok,77.0,0,50348.0,4762.0,ok,0.023422,120.0,8962.0,-0.08747277151114527,,,contract_type,2.0904171204310233,10,438|707|356|547|342|207|88|756|293|711,-0.2406091504478886,1.3220400829468655,-0.020454948251828937,-0.12437043834898806,0.15313637893674334,0.22895321904168486,0.3587626787133505,0.15313637893674334,0.22895321904168486,0.3587626787133505,-1.0620241263386943,-0.986207286233753,-0.8563978265620874,0.15313637893674334,2.0856310951679324,0,0.129534081135127,0.2635475573074346,0.007122665136641115,0.12845627089528822,0.08386372661305294,-0.05812307400386996,-0.2360911928544751,0.10925296416571396,0.10925296416571396,0.07342448014489973,0.1097764698522822,0.17201636451649824,0.04504011145198333,0.06733918207108378,0.10551843491569132,0.04504011145198333,0.06733918207108378,0.10551843491569132,-0.08747277151114527,0.15313637893674334,0.15313637893674334,0.04504011145198333,0.04504011145198333,3.4,ok,ok,0,,0
30,Mark Kastelic,C,f1,BOS,26,0.2683,12.617,0.48,0.44,0.3828996282527881,ok,82.0,0,30459.0,479.0,ok,0.013238,116.0,8135.0,-0.3695335078465497,,,contract_type,2.026319113314331,10,687|372|241|390|131|377|15|543|10|35,-0.09491891702254995,1.3220400829468655,-0.020454948251828937,-0.12437043834898806,-0.27461459082399975,-0.1696643159579296,-0.01395047165133262,-0.27461459082399975,-0.1696643159579296,-0.01395047165133262,-1.60708612765561,-1.50213585278954,-1.346422008482943,-0.27461459082399975,2.0613676007903687,0,0.1919401363361953,0.10981148221143106,-0.16759998903683315,-0.1509810680079532,-0.150657357855102,-0.4247455407975067,-0.1478453801083458,-0.20370434604925686,-0.20370434604925686,-0.1332196114456767,-0.082306676350631,-0.006767580729406893,-0.1752821796285184,-0.10829406775893892,-0.008904366918575745,-0.1752821796285184,-0.10829406775893892,-0.008904366918575745,-0.3695335078465497,-0.27461459082399975,-0.27461459082399975,-0.1752821796285184,-0.1752821796285184,1.5667,ok,ok,0,,0
31,Marat Khusnutdinov,C,f1,BOS,23,0.4286,14.5,0.48,0.46,0.575,ok,77.0,0,46030.0,37553.0,ok,0.01833,84.0,2758.0,-0.23536619129001024,,,contract_type,3.1974482998865184,10,346|256|95|434|138|9|178|34|56|376,-0.20107899762158649,1.3220400829468655,-0.020454948251828937,-0.12437043834898806,-0.034287193668423754,0.056740365206844494,0.18142813468142582,-0.034287193668423754,0.056740365206844494,0.18142813468142582,-1.3817930307364923,-1.2907654718612243,-1.1660777023866427,-0.034287193668423754,2.9776384306035637,0,0.2190313158221977,0.04392459288457262,0.1382064554447787,0.14815922535414944,-0.3515338349952378,-0.530931925996883,0.10143186025756468,-0.1542049942095418,-0.1542049942095418,-0.011514894930165775,0.019055491970978927,0.060930209933061134,-0.03706723639829595,0.061340935358750806,0.1961385239799198,-0.03706723639829595,0.061340935358750806,0.1961385239799198,-0.23536619129001024,-0.034287193668423754,-0.034287193668423754,-0.03706723639829595,-0.03706723639829595,0.925,ok,ok,0,,0
32,Sean Kuraly,C,f1,BOS,33,0.2683,13.333,0.51,0.46,0.2925764192139738,ok,82.0,0,39864.0,3157.0,ok,0.011202,60.0,2742.0,-0.5426943726696972,,,contract_type,2.289603706944521,10,701|757|654|706|661|77|30|198|372|390,-0.15891379595113292,1.3220400829468655,-0.020454948251828937,-0.12437043834898806,-0.3837805767185643,-0.19175870346191776,-0.09898588742516856,-0.3837805767185643,-0.19175870346191776,-0.09898588742516856,-2.063290804611577,-1.8712689313549309,-1.7784961153181815,-0.3837805767185643,2.3192604206953265,0,0.33200056082297313,0.5051328181725828,-0.20555409668982705,-0.1771767577764522,0.35153383499523777,-0.1274236622392514,-0.6251821950644876,-0.29171465505758104,-0.29171465505758104,-0.16547541332314242,-0.08268097094694846,-0.04267993647539248,-0.20744896038841312,-0.10365335322265824,-0.053505885094685714,-0.20744896038841312,-0.10365335322265824,-0.053505885094685714,-0.5426943726696972,-0.3837805767185643,-0.3837805767185643,-0.20744896038841312,-0.20744896038841312,1.85,ok,ok,0,,0
33,Elias Lindholm,C,f1,BOS,31,0.6957,17.883,0.47,0.47,0.5608308605341247,ok,69.0,0,58111.0,31638.0,ok,0.139511,91.0,4327.0,0.023126338480509462,,,contract_type,5.239099010776653,10,416|625|485|443|686|565|211|633|765|224,0.7166381130549817,1.3220400829468655,-0.020454948251828937,-0.12437043834898806,-0.6935117745744722,-0.05855916491948615,0.0502845997580724,-0.6935117745744722,-0.05855916491948615,0.0502845997580724,-1.5719056622967664,-0.9369530526417802,-0.8281092879642216,-0.6935117745744722,5.722020542782231,0,0.11095255995077531,0.24158526086514848,0.08557230086697021,0.03124004566290911,0.05021911928503353,-0.02123727703987599,0.23586135598471458,-0.7938640019094934,-0.7938640019094934,-0.12120050415569888,-0.010234001168232924,0.008787909687164877,-0.08948539026767384,-0.0075560212799336965,0.006488335452654503,-0.08948539026767384,-0.0075560212799336965,0.006488335452654503,0.023126338480509462,-0.6935117745744722,-0.6935117745744722,-0.08948539026767384,-0.08948539026767384,7.75,ok,ok,0,,0
34,Fraser Minten,C,f1,BOS,21,0.4268,15.55,0.5,0.5,0.5914396887159533,ok,82.0,0,97758.0,3343.0,ok,0.060081,142.0,10927.0,0.12752510660938,,,contract_type,3.5781744861474536,10,226|627|256|228|61|184|518|761|174|31,-0.3556107619146567,1.3220400829468655,-0.020454948251828937,-0.12437043834898806,0.48313586852403667,0.5109241150341832,0.628579404253177,0.48313586852403667,0.5109241150341832,0.628579404253177,-0.9563116010585367,-0.9285233545483902,-0.8108680653293966,0.48313586852403667,3.537247288343521,1,0.09198635126480696,-0.0878491857691448,0.011937988045919726,0.11484649880393304,-0.11701275052708016,-0.05812307400386958,0.1621486104388945,0.4527819706843101,0.4527819706843101,0.13658526790483097,0.1444411638162417,0.17770298568736434,0.5915707953030938,0.6255958308242723,0.7696576518344277,0.13658526790483097,0.1444411638162417,0.17770298568736434,0.12752510660938,0.48313586852403667,0.48313586852403667,0.13658526790483097,0.5915707953030938,0.8167,ok,ok,0,,0
35,Casey Mittelstadt,C,f1,BOS,27,0.5915,15.167,0.51,0.49,0.4285714285714285,ok,71.0,0,57157.0,5855.0,ok,0.057026,75.0,2714.0,-0.31411542554267463,,,contract_type,3.9291995796689054,10,10|390|30|654|56|39|706|26|543|177,-0.09825153589738642,1.3220400829468655,-0.020454948251828937,-0.12437043834898806,-0.21586388964528821,0.20829264865138877,0.2994456967198644,-0.21586388964528821,0.20829264865138877,0.2994456967198644,-1.8582144790829473,-1.4340579407862704,-1.3429048927177947,-0.21586388964528821,3.5241239333222723,0,0.25901258773084024,-0.28550985374972077,0.41809709954659297,0.23313914173375008,0.32642427535272067,0.2548473244785044,-0.036057831523752415,-0.35858033790833665,-0.35858033790833665,-0.061253206110089435,0.059104802382765956,0.0849702514399288,-0.03754154602526751,0.03622480846111109,0.052077512473019894,-0.03754154602526751,0.03622480846111109,0.052077512473019894,-0.31411542554267463,-0.21586388964528821,-0.21586388964528821,-0.03754154602526751,-0.03754154602526751,5.75,ok,ok,0,,0
36,David Pastrnak,R,f1,BOS,29,1.2987,20.65,0.49,0.4799999999999999,0.6395663956639567,ok,77.0,0,192278.0,228043.0,ok,0.488798,272.0,32625.0,1.3190243873108174,,,contract_type,8.057368903858524,10,634|345|754|225|492|273|370|210|313|232,1.1998150329363493,1.3220400829468655,-0.020454948251828937,-0.12437043834898806,0.11920935437446811,0.2420432994112714,0.3527367907459984,0.11920935437446811,0.2420432994112714,0.3527367907459984,-0.919651307930622,-0.7968173628938187,-0.6861238715590919,0.11920935437446811,11.21348025335699,0,0.4694157342794425,0.21962296442286217,0.819708406077392,0.339220447869672,-0.3264242753527208,-0.4884573719171341,0.6230609400368734,-0.3759725435124711,-0.3759725435124711,0.010630897070405978,0.021585029263221884,0.03145649546583892,0.010596387055508277,0.02151495994766857,0.0313543813996443,0.010596387055508277,0.02151495994766857,0.0313543813996443,1.3190243873108174,0.11920935437446811,0.11920935437446811,0.010596387055508277,0.010596387055508277,11.25,ok,ok,1,8.0,1
37,Lukas Reichel,L,f1,BOS,23,0.2759,12.445,0.45,0.46,0.5733333333333334,ok,29.0,0,85472.0,44253.0,ok,0.044807,138.0,12541.0,0.27307770447822105,,,contract_type,1.985768625902408,10,762|328|632|635|704|420|314|249|490|344,0.05543847913178497,1.3220400829468655,-0.020454948251828937,-0.12437043834898806,0.2176392253464361,0.2550768240256595,0.3646795872695769,0.2176392253464361,0.2550768240256595,0.3646795872695769,-0.550561227536893,-0.5131236288576694,-0.40352086561375206,0.2176392253464361,2.0093083360507085,0,0.2824516343552435,-0.32943444663429333,-0.3639247168172096,-0.19915216959368653,-0.3013147157102031,-0.33979643263800463,0.16108732473806375,0.41236781826629054,0.41236781826629054,0.10831549416363123,0.1269475766606396,0.1814950850133603,0.1813660211220301,0.21256402002138294,0.3038996560579808,0.1813660211220301,0.21256402002138294,0.3038996560579808,0.27307770447822105,0.2176392253464361,0.2176392253464361,0.1813660211220301,0.1813660211220301,1.2,ok,ok,0,,0
38,Alex Steeves,C,f1,BOS,26,0.3721,11.933,0.49,0.5,0.4892086330935252,ok,43.0,0,41043.0,360.0,ok,0.008147,76.0,3506.0,-0.5859036647252747,,,contract_type,2.084789880086016,10,683|56|5|264|603|319|432|84|415|60,-0.24091415322929874,1.3220400829468655,-0.020454948251828937,-0.12437043834898806,-0.3449895114959759,-0.5156042467843291,-0.3618243764168368,-0.3449895114959759,-0.5156042467843291,-0.3618243764168368,-1.9728623728966432,-2.1434771081849964,-1.989697237817504,-0.3449895114959759,1.9120126538754316,0,0.10221918608550556,0.19766066798057597,0.16660839553882273,0.03064421132489059,-0.04118848818553174,0.12854141366240318,-0.04867193982080915,-0.43537055172536737,-0.43537055172536737,-0.18043265079690843,-0.26966570840379017,-0.18923743819553704,-0.40587001352467755,-0.6065932315109756,-0.4256757369609845,-0.40587001352467755,-0.6065932315109756,-0.4256757369609845,-0.5859036647252747,-0.3449895114959759,-0.3449895114959759,-0.40587001352467755,-0.40587001352467755,0.85,ok,ok,0,,0
39,Pavel Zacha,C,f1,BOS,28,0.8333,16.85,0.48,0.46,0.4327868852459016,ok,78.0,0,40825.0,23531.0,ok,0.049898,144.0,9245.0,0.07842591113091144,,,contract_type,5.270177286667958,10,35|229|27|565|10|64|355|543|60|56,0.5430957949250932,1.3220400829468655,-0.020454948251828937,-0.12437043834898806,-0.4646698837941817,-0.4537019811413627,-0.3447760757157286,-0.4646698837941817,-0.4537019811413627,-0.3447760757157286,-2.414259780203685,-2.4032918775508656,-2.294365972125232,-0.4646698837941817,5.072473825316364,0,0.3252329963243888,0.21962296442286217,0.32831139113400387,-0.009863963258871872,-0.35153383499523794,-0.5096946489570078,-0.5323711751783491,-0.5930241744478945,-0.5930241744478945,-0.09160616689139855,-0.08944392751264041,-0.0679700058766149,-0.09782523869351194,-0.09551620655607634,-0.07258443699278495,-0.09782523869351194,-0.09551620655607634,-0.07258443699278495,0.07842591113091144,-0.4646698837941817,-0.4646698837941817,-0.09782523869351194,-0.09782523869351194,4.75,ok,ok,0,,0
40,Jonathan Aspirot,D,d1,BOS,26,0.2131,16.733,0.48,0.5,0.3930131004366812,ok,61.0,0,14705.0,5034.0,ok,0.001018,59.0,2552.0,-0.7127190795950318,,,contract_type,2.466734036854124,10,218|259|188|234|724|552|239|359|750|70,-0.24597627225204421,1.3220400829468655,-0.020454948251828937,-0.12437043834898806,-0.46674280734298756,-1.1929256242448592,-0.9977884965243273,-0.46674280734298756,-1.1929256242448592,-0.9977884965243273,-2.017874747503957,-2.744057564405828,-2.548920436685296,-0.46674280734298756,2.1962992703134354,0,0.08876028240209587,-0.08784918576914491,0.10362976177676497,0.024073064763425106,0.10043823857006773,0.10618638519937715,-0.1103850583337953,-0.4754765768943646,-0.4754765768943646,-0.2125133007380995,-0.5431525841533499,-0.4543044338315207,-0.602248783668371,-1.5392588699933665,-1.2874690277733256,-0.602248783668371,-1.5392588699933665,-1.2874690277733256,-0.7127190795950318,-0.46674280734298756,-0.46674280734298756,-0.602248783668371,-0.602248783668371,0.775,ok,ok,0,,0
41,Jordan Harris,D,d1,BOS,25,0.375,15.9,,,,thin,8.0,1,49687.0,2527.0,ok,0.01222,58.0,3986.0,-0.47787124496369,,,contract_type,2.194069704864383,10,477|600|470|669|667|336|379|750|535|503,-0.9995637618673474,1.3220400829468655,-0.020454948251828937,-0.12437043834898806,0.5216925169036575,0.7705349511255721,0.9396530826704348,0.5216925169036575,0.7705349511255721,0.9396530826704348,-1.3637644255705155,-1.114921991348601,-0.945803859803738,0.5216925169036575,1.7890250414026962,0,0.0952186826074893,1.1102230246251565e-16,0.3840137346247685,-0.022865744042067062,-0.014143343798641565,-0.04256123684317883,0.1077280363362797,0.40784314911038144,0.40784314911038144,0.29160716302473955,0.43070104291074063,0.5252319341118299,0.6323545659438273,0.9339817589400875,1.138973433539921,0.6323545659438273,0.9339817589400875,1.138973433539921,-0.47787124496369,0.5216925169036575,0.5216925169036575,0.6323545659438273,0.6323545659438273,0.825,ok,ok,0,,0
42,Henri Jokiharju,D,d1,BOS,26,0.3659,17.8,0.5,0.49,0.3666666666666666,ok,41.0,0,24898.0,13008.0,ok,0.008147,58.0,3953.0,-0.4922209763038485,,,contract_type,3.1463439352980327,10,449|403|384|535|359|745|41|536|75|444,-0.31120014409716956,1.3220400829468655,-0.020454948251828937,-0.12437043834898806,-0.18102083220667892,0.10286301246897128,0.20952761966267355,-0.18102083220667892,0.10286301246897128,0.20952761966267355,-1.0674207314502384,-0.7835368867745883,-0.6768722795808859,-0.18102083220667892,2.5951425048620047,0,0.15580139253672384,-0.15373607509600345,0.2076608004626363,0.005069327953294067,0.2922957718386058,0.1858478447897663,-0.09019853508003717,-0.19068677927534466,-0.19068677927534466,-0.06975371559270291,0.03963674914817095,0.08073838691714352,-0.060340277402226306,0.03428767082299043,0.06984253988755786,-0.060340277402226306,0.03428767082299043,0.06984253988755786,-0.4922209763038485,-0.18102083220667892,-0.18102083220667892,-0.060340277402226306,-0.060340277402226306,3.0,ok,ok,0,,0
43,Hampus Lindholm,D,d1,BOS,32,0.3881,21.617,0.51,0.4899999999999999,0.3869731800766283,ok,67.0,0,38070.0,12850.0,ok,0.022403,50.0,2685.0,-0.49789679939927733,,,contract_type,5.0965416242262895,10,23|47|558|749|536|285|401|309|674|283,0.2111343543023058,1.3220400829468655,-0.020454948251828937,-0.12437043834898806,-0.7090311537015831,-0.7341680435452747,-0.6195442882571569,-0.7090311537015831,-0.7341680435452747,-0.6195442882571569,-2.1746292842115413,-2.199766174055233,-2.085142418767115,-0.7090311537015831,5.420228082110242,0,0.13786169235224907,0.1976606679805759,0.022036790258434413,0.06335411338673147,-0.07532867892755096,-0.1274236622392546,-0.34136624132094695,-0.7348135698369316,-0.7348135698369316,-0.13081205125699027,-0.1354496586533759,-0.11430225423575748,-0.1090817159540897,-0.11294892977619611,-0.09531450588571645,-0.1090817159540897,-0.11294892977619611,-0.09531450588571645,-0.49789679939927733,-0.7090311537015831,-0.7090311537015831,-0.1090817159540897,-0.1090817159540897,6.5,ok,ok,0,,0
44,Mason Lohrei,D,d1,BOS,25,0.3562,16.9,0.48,0.45,0.5043859649122807,ok,73.0,0,40653.0,3665.0,ok,0.023422,97.0,4774.0,-0.29286360447778237,,,contract_type,2.6824164487583753,10,18|288|263|75|41|448|399|669|147|98,-0.5329021596535426,1.3220400829468655,-0.020454948251828937,-0.12437043834898806,0.24003855517576023,0.37823472770516275,0.5481944102259262,0.24003855517576023,0.37823472770516275,0.5481944102259262,-1.2581081301447463,-1.1199119576153438,-0.9499522750945804,0.24003855517576023,2.1840333101399203,0,0.14860664762907022,0.0439245928845724,0.3759421705240962,0.17600740195642214,0.05729079118435498,-0.11676168233759987,0.12171324688737573,0.06501672627899022,0.06501672627899022,0.10990608708270211,0.17318175778231656,0.25100093834686343,0.07501204849242507,0.11819835240786336,0.17131075319560193,0.07501204849242507,0.11819835240786336,0.17131075319560193,-0.29286360447778237,0.24003855517576023,0.24003855517576023,0.07501204849242507,0.07501204849242507,3.2,ok,ok,0,,0
45,Charlie McAvoy,D,d1,BOS,28,0.8841,24.383,0.4899999999999999,0.48,0.4613180515759312,ok,69.0,0,218307.0,15085.0,ok,0.195519,256.0,66156.0,0.9497697157889748,,,contract_type,6.949925850352017,10,334|572|360|194|285|671|68|718|692|381,0.7830997020771194,1.3220400829468655,-0.020454948251828937,-0.12437043834898806,0.1666700137118554,0.05743044488095719,0.19633830225237045,0.1666700137118554,0.05743044488095719,0.19633830225237045,-1.4711426136369206,-1.5803821824678188,-1.4414743250964055,0.1666700137118554,8.13460681348354,0,0.2612060491599486,-0.08784918576914486,0.4293328530015761,0.0014983235329930622,-0.40175295428027435,-0.403508263757632,-0.24329471461807134,0.042477994833204386,0.042477994833204386,0.02048900672563437,0.0070600148474002705,0.024136176062858915,0.01754421196966899,0.006045309987469178,0.020667189710775836,0.01754421196966899,0.006045309987469178,0.020667189710775836,0.9497697157889748,0.1666700137118554,0.1666700137118554,0.01754421196966899,0.01754421196966899,9.5,ok,ok,0,,0
46,Andrew Peeke,D,d1,BOS,27,0.1818,19.383,0.4799999999999999,0.43,0.351063829787234,ok,77.0,0,18994.0,3889.0,ok,0.005092,53.0,1978.0,-0.7473563224761842,,,contract_type,3.7778391412118735,10,47|96|150|450|104|403|576|384|674|43,-0.1773667120151901,1.3220400829468655,-0.020454948251828937,-0.12437043834898806,-0.5699896104609941,-0.5406665718945766,-0.4243163066054782,-0.5699896104609941,-0.5406665718945766,-0.4243163066054782,-1.8120516417100443,-1.7827286031436271,-1.6663783378545285,-0.5699896104609941,3.708126943211105,0,0.25696731672607775,-0.1317737786537173,-0.25387452449474,-0.20487077107794427,-0.12554779821258666,-0.5096946489570081,-0.31604237896047016,-0.39308510862112067,-0.39308510862112067,-0.1537136185438688,-0.14580584218791032,-0.11442874343401942,-0.2072689492585433,-0.1966060261434824,-0.15429683876562844,-0.2072689492585433,-0.1966060261434824,-0.15429683876562844,-0.7473563224761842,-0.5699896104609941,-0.5699896104609941,-0.2072689492585433,-0.2072689492585433,2.75,ok,ok,0,,0
47,Nikita Zadorov,D,d1,BOS,30,0.2716,20.883,0.48,0.45,0.3746312684365782,ok,81.0,0,81416.0,55237.0,ok,0.148676,153.0,15579.0,0.46233034586004707,,,contract_type,4.618586875765762,10,104|43|46|23|576|406|674|749|96|536,-0.19274880803981725,1.3220400829468655,-0.020454948251828937,-0.12437043834898806,0.6550791538998644,1.0111078779549387,1.1121501424795897,0.6550791538998644,1.0111078779549387,1.1121501424795897,-0.7667578489390623,-0.41072912488398783,-0.3096868603593368,0.6550791538998644,4.847089327956547,0,0.23350676931702172,0.24158526086514837,-0.008058977924556454,0.04152853392279621,-0.40175295428027175,-0.42474554079750615,-0.2833693481118512,0.6074718143178336,0.6074718143178336,0.1351489748954214,0.20860104065406304,0.22944700772586213,0.13101583077997286,0.20222157559098775,0.22243002849591795,0.13101583077997286,0.20222157559098775,0.22243002849591795,0.46233034586004707,0.6550791538998644,0.6550791538998644,0.13101583077997286,0.13101583077997286,5.0,ok,ok,0,,0
48,Zach Benson,L,f1,BUF,20,0.6615,15.883,0.52,0.53,0.4924242424242424,ok,65.0,0,41050.0,3222.0,ok,0.014257,381.0,24026.0,0.3251909591767887,,,contract_type,4.401532261769758,10,11|51|454|656|651|344|588|63|539|547,-0.1639596274624462,-2.3954540984845383,-1.0798732512063334,-0.8133731902939311,0.4891505866392349,0.6153381076085859,0.6986424004123087,0.4891505866392349,0.6153381076085859,0.6986424004123087,1.4160663679020993,1.54225388887145,1.625558181675173,0.4891505866392349,4.06628680720053,1,0.3357458107417452,-0.6588688932685867,0.17514712863209303,0.023505697559467444,0.46904216893631534,0.542109440228397,-0.14580153582561195,0.5582556629439421,0.5582556629439421,0.12029416758627381,0.15132678455414228,0.171813360330403,0.5148953543570893,0.6477243237985114,0.7354130530655881,0.12029416758627381,0.15132678455414228,0.171813360330403,0.3251909591767887,0.4891505866392349,0.4891505866392349,0.12029416758627381,0.5148953543570893,0.95,ok,ok,0,,0
49,Sam Carrick,C,f1,BUF,33,0.2192,10.476,0.48,0.48,0.2972972972972973,ok,73.0,0,42371.0,1967.0,ok,0.01833,213.0,17235.0,0.07886607579955304,,,contract_type,1.0924070417581466,10,204|198|250|706|26|5|52|247|752|654,-0.35547366320860274,-2.3954540984845383,-1.0798732512063334,-0.8133731902939311,0.4343397390081558,0.34244043617940634,0.4558897226928333,0.4343397390081558,0.34244043617940634,0.4558897226928333,2.497390326630257,2.405491023801508,2.5189403103149344,0.4343397390081558,1.423610402139144,0,0.28106974254166434,0.614944300384014,-0.16442321350640632,-0.25861064179463544,-0.0753286789275513,-0.08494910815950116,-0.4881625124778777,0.4935038151631031,0.4935038151631031,0.30509733446419657,0.240543645694671,0.32023489151793544,0.4343397390081558,0.34244043617940634,0.4558897226928333,0.4343397390081558,0.34244043617940634,0.4558897226928333,0.07886607579955304,0.4343397390081558,0.4343397390081558,0.4343397390081558,0.4343397390081558,1.0,ok,ok,0,,0
50,Justin Danforth,R,f1,BUF,32,0.0,11.7,,,,thin,4.0,1,14741.0,4154.0,ok,0.001018,57.0,1508.0,-0.8070556833186873,,,contract_type,0.8878721620975702,10,440|417|712|163|612|352|458|728|200|136,0.09389889969524938,-2.3954540984845383,-1.0798732512063334,-0.8133731902939311,-0.9009545830139366,-0.6007193900264646,-0.49629026146214483,-0.9009545830139366,-0.6007193900264646,-0.49629026146214483,1.9535278659611084,2.253763058948581,2.3581921875129,-0.9009545830139366,1.6091979711096103,0,0.3515786241186069,0.3953213359611518,-0.8710718504430297,-0.4381597451649938,-0.06828038148403841,-0.12965916508555395,-0.2069792665728736,-0.5330660946722953,-0.5330660946722953,-0.5598780256929421,-0.37330359645696237,-0.3084084558719221,-0.5005303238966314,-0.333732994459147,-0.2757168119234138,-0.5005303238966314,-0.333732994459147,-0.2757168119234138,-0.8070556833186873,-0.9009545830139366,-0.9009545830139366,-0.5005303238966314,-0.5005303238966314,1.8,ok,ok,0,,0
51,Josh Doan,R,f1,BUF,24,0.6341,15.867,0.52,0.54,0.5380710659898477,ok,82.0,0,105984.0,5726.0,ok,0.04277,487.0,38858.0,0.7064711731139046,,,contract_type,4.313821412533553,10,435|454|656|587|11|344|48|700|63|314,-0.21937059158393604,-2.3954540984845383,-1.0798732512063334,-0.8133731902939311,0.9258417646978406,0.5603645036690337,0.6907064359647151,0.9258417646978406,0.5603645036690337,0.6907064359647151,2.7846363836240657,2.419159122595259,2.5495010548909405,0.9258417646978406,4.01575104642646,1,0.2281306469953465,0.21962296442286222,0.17815670545039208,0.029049494631542886,0.34349437072373035,0.5208721631885216,-0.07758818355502994,0.8488326513042037,0.8488326513042037,0.23055258007632956,0.13954164418825002,0.17199931668557034,1.0009100158895574,0.6057994634259823,0.7467096605023946,0.23055258007632956,0.13954164418825002,0.17199931668557034,0.7064711731139046,0.9258417646978406,0.9258417646978406,0.23055258007632956,1.0009100158895574,0.925,ok,ok,0,,0
52,Josh Dunne,C,f1,BUF,27,0.1176,9.483,0.49,0.51,0.238095238095238,ok,34.0,0,28510.0,266.0,ok,0.0,98.0,3761.0,-0.5940256399486317,,,contract_type,0.775,10,752|584|250|49|629|204|377|432|631|439,-0.09704416188935439,-2.3954540984845383,-1.0798732512063334,-0.8133731902939311,-0.4969814780592773,-1.0044399807987465,-0.8800691811474773,-0.4969814780592773,-1.0044399807987465,-0.8800691811474773,2.1389409926213507,1.6314824898818816,1.755853289533151,-0.4969814780592773,1.1654520234853025,0,0.4242129643113505,-0.08784918576914484,-0.2756103570713445,-0.2789628697844604,0.5775198717778902,0.7433046963956369,-0.5820308050696261,-0.2359006757899903,-0.2359006757899903,-0.42642808802463306,-0.8618458422638051,-0.7551311966627478,-0.6412664233022932,-1.296051588127415,-1.1355731369644868,-0.6412664233022932,-1.296051588127415,-1.1355731369644868,-0.5940256399486317,-0.4969814780592773,-0.4969814780592773,-0.6412664233022932,-0.6412664233022932,0.775,ok,ok,0,,0
53,Jordan Greenway,L,f1,BUF,28,0.15,12.45,0.43,0.45,0.3211678832116788,ok,40.0,0,24993.0,2813.0,ok,0.001018,123.0,4020.0,-0.3754318469709088,,,contract_type,1.611619286346058,10,592|593|186|223|490|58|679|730|293|526,-0.21893574464057255,-2.3954540984845383,-1.0798732512063334,-0.8133731902939311,-0.15649610233033626,0.009343896106488989,0.07467995139502917,-0.15649610233033626,0.009343896106488989,0.07467995139502917,2.160377874291428,2.326217872728254,2.3915539280167937,-0.15649610233033626,1.9217848197285317,0,0.34355144309700014,-0.021962296442286228,-0.34202168552847734,-0.02794373389032434,-0.703067669990475,-0.42474554079750637,-0.5415677319329316,0.01812270618341741,0.01812270618341741,-0.08143268732471445,0.00486209278508553,0.03885968430408267,-0.039124025582584064,0.002335974026622247,0.018669987848757293,-0.039124025582584064,0.002335974026622247,0.018669987848757293,-0.3754318469709088,-0.15649610233033626,-0.15649610233033626,-0.039124025582584064,-0.039124025582584064,4.0,ok,ok,0,,0
54,Konsta Helenius,C,f1,BUF,19,0.4444,11.917,,,,thin,9.0,1,29735.0,28290.0,ok,0.026477,91.0,5034.0,-0.21533111267097738,,,contract_type,2.294823236857311,10,544|129|603|319|28|56|683|38|343|138,-0.172761286453272,-2.3954540984845383,-1.0798732512063334,-0.8133731902939311,-0.04256982621770539,0.05204487688266548,0.18542516005391999,-0.04256982621770539,0.05204487688266548,0.18542516005391999,2.6095301413443535,2.7041448444447242,2.837525127615979,-0.04256982621770539,1.9573090351155331,1,0.195704692203033,-0.5929820039417277,0.34282423934669043,0.039206132446656605,0.08287255978506106,0.03576804554084324,-0.08057517215721885,-0.08068925333980037,-0.08068925333980037,-0.021749159409154128,0.02659001514269996,0.09473473872917312,-0.045166924368918185,0.055220028522721995,0.19673757034898673,-0.021749159409154128,0.02659001514269996,0.09473473872917312,-0.21533111267097738,-0.04256982621770539,-0.04256982621770539,-0.021749159409154128,-0.045166924368918185,0.9425,ok,ok,0,,0
55,Tyson Kozak,C,f1,BUF,23,0.1304,11.283,0.42,0.43,0.2901234567901234,ok,46.0,0,11082.0,200.0,ok,0.002037,93.0,3011.0,-0.8221509620592258,,,contract_type,1.1239613512300928,10,545|179|434|752|543|538|584|629|164|631,-0.18117086092707396,-2.3954540984845383,-1.0798732512063334,-0.8133731902939311,-0.6409801011321519,-0.9216790314173228,-0.7876956584701281,-0.6409801011321519,-0.9216790314173228,-0.7876956584701281,1.3906747561374695,1.1099758258522987,1.2439591987994931,-0.6409801011321519,1.5746983386856137,0,0.5108716455319973,-0.5929820039417281,-0.47002901953346476,-0.3462875405336241,-0.7281772296329923,-0.5096946489570084,-0.4180594305931655,-0.2894361748453023,-0.2894361748453023,-0.4070494553688118,-0.5853051398953274,-0.50022003524028,-0.7769455771298811,-1.1171867047482702,-0.954782616327428,-0.7769455771298811,-1.1171867047482702,-0.954782616327428,-0.8221509620592258,-0.6409801011321519,-0.6409801011321519,-0.7769455771298811,-0.7769455771298811,0.825,ok,ok,0,,0
56,Peyton Krebs,C,f1,BUF,25,0.4756,13.767,0.49,0.49,0.5043227665706052,ok,82.0,0,24162.0,3239.0,ok,0.002037,260.0,16936.0,0.052948018054185086,,,contract_type,3.068273395138906,10,38|683|346|264|10|434|319|84|31|60,-0.03544381009736162,-2.3954540984845383,-1.0798732512063334,-0.8133731902939311,0.0883918281515467,0.23163382225060478,0.33835356228552393,0.0883918281515467,0.23163382225060478,0.33835356228552393,2.7047681350937576,2.848010129192816,2.9547298692277346,0.0883918281515467,2.6842093637603406,0,0.07367332390315297,0.0219622964422862,0.21937630908633343,0.1044865894425745,0.025605143056514235,0.0592408254270201,-0.011368779964189328,-0.014446784946136243,-0.014446784946136243,0.03293030318161082,0.0862949907626081,0.12605334250511682,0.060959881483825314,0.15974746362110676,0.23334728433484409,0.060959881483825314,0.15974746362110676,0.23334728433484409,0.052948018054185086,0.0883918281515467,0.0883918281515467,0.060959881483825314,0.060959881483825314,1.45,ok,ok,0,,0
57,Jiri Kulich,C,f1,BUF,21,0.4167,16.367,0.5,0.48,0.4615384615384615,ok,12.0,1,17596.0,10810.0,ok,0.011202,138.0,4942.0,-0.26813006842774445,,,contract_type,3.8484357342146156,10,226|95|228|271|518|627|396|761|34|184,-0.16455050233652072,-2.3954540984845383,-1.0798732512063334,-0.8133731902939311,-0.10357956609122373,0.2082294768547561,0.29850897624083195,-0.10357956609122373,0.2082294768547561,0.29850897624083195,2.441421766826165,2.7532308097721447,2.8435103091582206,-0.10357956609122373,4.031815737997239,1,0.26861891401690524,-0.21962296442286222,0.006587629257832454,0.19026211663126005,-0.21745098909714802,-0.504105891841252,-0.4736838928510764,-0.07924153497383325,-0.07924153497383325,-0.02569055056634998,0.051646575733193555,0.07403834789064866,-0.116814667972509,0.23483644621039368,0.33665160284293666,-0.02569055056634998,0.051646575733193555,0.07403834789064866,-0.26813006842774445,-0.10357956609122373,-0.10357956609122373,-0.02569055056634998,-0.116814667972509,0.8867,ok,ok,0,,0
58,Beck Malenstyn,L,f1,BUF,27,0.1728,11.25,0.46,0.46,0.2622222222222222,ok,81.0,0,18832.0,335.0,ok,0.002037,214.0,14767.0,-0.22472195032852327,,,contract_type,1.2384501396926233,10,547|730|438|707|29|593|592|731|62|53,-0.2446505174105252,-2.3954540984845383,-1.0798732512063334,-0.8133731902939311,0.01992856708200194,-0.09805602585948041,0.003039168503732755,0.01992856708200194,-0.09805602585948041,0.003039168503732755,2.1634390404368884,2.045454447495406,2.14654964185862,0.01992856708200194,1.590274560105068,0,0.2679384281889529,-0.2635475573074346,-0.26223446010112617,-0.18554239750233126,-0.07532867892754991,-0.19113549335887758,-0.6298419819363978,0.2498619962212177,0.2498619962212177,0.012531526053391232,-0.06165980914201502,0.0019110967250409636,0.01476190154222366,-0.07263409322924474,0.0022512359286909296,0.01476190154222366,-0.07263409322924474,0.0022512359286909296,-0.22472195032852327,0.01992856708200194,0.01992856708200194,0.01476190154222366,0.01476190154222366,1.35,ok,ok,0,,0
59,Ryan McLeod,C,f1,BUF,26,0.6667,17.617,0.5,0.51,0.4755434782608695,ok,81.0,0,53251.0,6707.0,ok,0.028513,190.0,9489.0,0.10031800616100169,,,contract_type,5.0546809412954286,10,315|590|10|729|224|199|740|276|184|705,0.22130024243954724,-2.3954540984845383,-1.0798732512063334,-0.8133731902939311,-0.12098223627854555,-0.05516609011604083,0.04407045221868995,-0.12098223627854555,-0.05516609011604083,0.04407045221868995,2.4404209984849037,2.5062371446474088,2.6054736869821395,-0.12098223627854555,5.419919208103433,0,0.16971960068997094,-0.19766066798057597,0.3736222421206177,0.27768929478141635,0.025109559642516988,-0.08494910815950141,0.059286731455197444,-0.29286338573227105,-0.29286338573227105,-0.022321778541949944,-0.010178397130636351,0.008131200950892276,-0.02419644725570911,-0.011033218023208165,0.00881409044373799,-0.02419644725570911,-0.011033218023208165,0.00881409044373799,0.10031800616100169,-0.12098223627854555,-0.12098223627854555,-0.02419644725570911,-0.02419644725570911,5.0,ok,ok,0,,0
60,Josh Norris,C,f1,BUF,26,0.7727,15.833,0.51,0.53,0.5114155251141552,ok,44.0,0,47514.0,3399.0,ok,0.052953,465.0,35894.0,0.5178924384568029,,,contract_type,4.71523428666716,10,591|56|38|683|649|64|59|35|729|355,0.3210643529672872,-2.3954540984845383,-1.0798732512063334,-0.8133731902939311,0.1968280854895157,0.20710483441040006,0.31867220844808297,0.1968280854895157,0.20710483441040006,0.31867220844808297,2.1001235716926434,2.110400320613528,2.221967694651211,0.1968280854895157,4.197804899274301,0,0.17825955427554951,0.043924592884572455,0.16549328526402363,-0.14746000770541925,0.2008764771401359,0.4247455407975071,-0.0870574218616386,0.17880068253589956,0.17880068253589956,0.046888335740315736,0.04933646021667264,0.07591401127364773,0.02475824974710889,0.026050922567345917,0.04008455452177145,0.02475824974710889,0.026050922567345917,0.04008455452177145,0.5178924384568029,0.1968280854895157,0.1968280854895157,0.02475824974710889,0.02475824974710889,7.95,ok,ok,0,,0
61,Noah Ostlund,C,f1,BUF,21,0.45,13.967,0.51,0.52,0.62882096069869,ok,60.0,0,16653.0,6220.0,ok,0.00611,272.0,19448.0,0.07050914348328305,,,contract_type,3.0653647053621866,10,256|138|34|376|84|627|319|516|9|518,-0.7077093292268226,-2.3954540984845383,-1.0798732512063334,-0.8133731902939311,0.7782184727101057,0.7365375503374894,0.8702006035285055,0.7782184727101057,0.7365375503374894,0.8702006035285055,3.5449686370084934,3.503287714635877,3.636950767826893,0.7782184727101057,2.7485954589645214,1,0.3151281408680744,-0.17569837153828982,0.3540599928016738,0.13619760914908685,0.2767007394816844,0.4839863662245275,0.4641257660131842,0.6188688180758382,0.6188688180758382,0.28313314357409436,0.26796869940801155,0.3165982832032824,0.8776570121913901,0.8306502202971572,0.9813923576502825,0.28313314357409436,0.26796869940801155,0.3165982832032824,0.07050914348328305,0.7782184727101057,0.7782184727101057,0.28313314357409436,0.8776570121913901,0.8867,ok,ok,0,,0
62,Tanner Pearson,L,f1,BUF,33,0.2679,10.831,0.46,0.46,0.303030303030303,ok,56.0,0,35962.0,4121.0,ok,0.005092,150.0,7896.0,-0.12848349666041298,,,contract_type,1.3683839323848717,10,6|593|540|58|186|438|756|233|318|707,-0.1634356359749214,-2.3954540984845383,-1.0798732512063334,-0.8133731902939311,0.03495213931450841,0.0326100173050956,0.12975301893357744,0.03495213931450841,0.0326100173050956,0.12975301893357744,2.0382304774136153,2.0358883554042024,2.133031357032684,0.03495213931450841,1.53600872275532,0,0.30358984154451346,0.5710197074994416,-0.01655267250064496,-0.15577570331353208,-0.17576691749761775,-0.19113549335887747,-0.7112885550969669,0.04341592708855517,0.04341592708855517,0.022755169809068946,0.021230359451734862,0.08447414198327216,0.03495213931450841,0.0326100173050956,0.12975301893357744,0.03495213931450841,0.0326100173050956,0.12975301893357744,-0.12848349666041298,0.03495213931450841,0.03495213931450841,0.03495213931450841,0.03495213931450841,1.0,ok,ok,0,,0
63,Jack Quinn,R,f1,BUF,24,0.622,15.65,0.48,0.48,0.5287671232876713,ok,82.0,0,44371.0,4954.0,ok,0.025458,354.0,24974.0,0.36518774777409513,,,contract_type,4.197891604143349,10,454|656|588|735|344|354|632|437|635|412,-0.217078246583757,-2.3954540984845383,-1.0798732512063334,-0.8133731902939311,0.5822659943578521,0.5008448949910437,0.5751416784650029,0.5822659943578521,0.5008448949910437,0.5751416784650029,3.3052704858377053,3.223849386470896,3.2981461699448555,0.5822659943578521,3.8579624500410916,0,0.1099297264176542,0.219622964422862,0.2097907017849579,0.03691569317975736,-0.008039464271507535,-0.07377159392798843,-0.11143794091885195,0.468824900890938,0.468824900890938,0.1509257806155294,0.12982109117876695,0.14907912814415208,0.17252325758751172,0.14839848740475367,0.17041234917481562,0.17252325758751172,0.14839848740475367,0.17041234917481562,0.36518774777409513,0.5822659943578521,0.5822659943578521,0.17252325758751172,0.17252325758751172,3.375,ok,ok,0,,0
64,Tage Thompson,C,f1,BUF,28,1.0,19.25,0.5,0.5,0.6051401869158879,ok,81.0,0,327360.0,59466.0,ok,0.186165,246.0,30127.0,0.9863275423333655,,,contract_type,6.6505285682937085,10,607|27|765|591|60|763|565|33|160|355,0.7172715130534797,-2.3954540984845383,-1.0798732512063334,-0.8133731902939311,0.2690560292798858,-0.021947472160171073,0.1374549866642257,0.2690560292798858,-0.021947472160171073,0.1374549866642257,2.6538358911329247,2.362832389692868,2.5222348485172645,0.2690560292798858,7.996561405681022,0,0.09879557182282812,-0.021962296442286214,0.13529719785375627,0.09087332227604084,-0.1255477982125849,-0.106186385199377,0.11290643095292352,0.18783599924983124,0.18783599924983124,0.03364646572822407,-0.002744613721665272,0.017189261695229795,0.03766761809347545,-0.0030726276666579503,0.01924358267149557,0.03766761809347545,-0.0030726276666579503,0.01924358267149557,0.9863275423333655,0.2690560292798858,0.2690560292798858,0.03766761809347545,0.03766761809347545,7.1429,ok,ok,0,,0
65,Alex Tuch,R,f1,BUF,29,0.8354,19.0,0.51,0.51,0.5906862745098039,ok,79.0,0,76601.0,9625.0,ok,0.0611,490.0,28121.0,0.6659564013405032,,,contract_type,6.067037942038432,10,128|581|710|524|492|525|291|435|12|650,0.45847424523732344,-2.3954540984845383,-1.0798732512063334,-0.8133731902939311,0.20748215610317972,0.054999856241208865,0.11597422680199738,0.20748215610317972,0.054999856241208865,0.11597422680199738,2.752814107921312,2.600331808059341,2.6613061786201295,0.20748215610317972,7.232252998134908,0,0.06800527711309283,1.1102230246251565e-16,0.18946958058313967,0.10031276053389837,-0.025109559642516988,-0.021237277039875324,0.07190248487912654,0.10836961590537643,0.10836961590537643,0.028688453813311886,0.0076048025774806995,0.016035698257777408,0.04368045391645889,0.011578917103412393,0.02441562669515734,0.04368045391645889,0.011578917103412393,0.02441562669515734,0.6659564013405032,0.20748215610317972,0.20748215610317972,0.04368045391645889,0.04368045391645889,4.75,ok,ok,0,,0
66,Jason Zucker,L,f1,BUF,34,0.7258,15.617,0.49,0.5,0.5767918088737202,ok,62.0,0,51776.0,4484.0,ok,0.023422,219.0,12158.0,0.1383080334733634,,,contract_type,4.495745430207289,10,227|233|197|321|522|289|525|601|312|414,0.06826878209631723,-2.3954540984845383,-1.0798732512063334,-0.8133731902939311,0.07003925137704617,0.08435646637591215,0.15477253443452943,0.07003925137704617,0.08435646637591215,0.15477253443452943,2.92197379039721,2.9362910053960753,3.006707073454693,0.07003925137704617,3.983271206956763,0,0.16815926337867806,0.13177377865371742,0.4721357233062742,0.19820323135612444,0.008535047685504948,0.026826034155631936,0.17148176511481555,-0.1838816133106604,-0.1838816133106604,0.01758334989963098,0.021177685875012477,0.03885563558017841,0.01474510555306235,0.0177592560791394,0.03258369145990093,0.01474510555306235,0.0177592560791394,0.03258369145990093,0.1383080334733634,0.07003925137704617,0.07003925137704617,0.01474510555306235,0.01474510555306235,4.75,ok,ok,0,,0
67,Bowen Byram,D,d1,BUF,24,0.5122,22.333,0.49,0.49,0.4455445544554455,ok,82.0,0,55898.0,7016.0,ok,0.034623,352.0,25814.0,0.44366593639143087,,,contract_type,5.572366348890331,10,73|215|750|503|673|21|360|718|510|669,-0.37231278896978715,-2.3954540984845383,-1.0798732512063334,-0.8133731902939311,0.8159787253612181,0.6653387834697102,0.7774269286249494,0.8159787253612181,0.6653387834697102,0.7774269286249494,2.6753069814110373,2.5246670395195294,2.6367551846747688,0.8159787253612181,6.027750549307928,0,0.21011766554924227,-0.19766066798057602,0.3080512260100454,0.4126263217699031,0.14871008588282464,0.005374331332539908,-0.18828336031956466,0.649073281311273,0.649073281311273,0.13537035394653218,0.1103792829559114,0.1289746352748803,0.1305565960577949,0.10645420535515362,0.12438830857999192,0.1305565960577949,0.10645420535515362,0.12438830857999192,0.44366593639143087,0.8159787253612181,0.8159787253612181,0.1305565960577949,0.1305565960577949,6.25,ok,ok,0,,0
68,Rasmus Dahlin,D,d1,BUF,25,0.961,24.183,0.52,0.54,0.462287104622871,ok,77.0,0,108495.0,59378.0,ok,0.132383,554.0,66290.0,1.0891343878921762,,,contract_type,6.919339281511027,10,194|446|334|257|45|475|332|20|363|73,1.026467938303909,-2.3954540984845383,-1.0798732512063334,-0.8133731902939311,0.06266644958826717,0.060627760151902466,0.14458906144845324,0.06266644958826717,0.060627760151902466,0.14458906144845324,2.4881105387751608,2.4860718493387957,2.570033150635347,0.06266644958826717,7.665753626541529,0,0.1656051209214007,-0.04392459288457251,0.2906582411628398,-0.13954386503943805,-0.20087647714013546,0.04247455407975109,-0.27615299522166725,0.03558311372619209,0.03558311372619209,0.008174858290683115,0.007908910604951858,0.01886168907748811,0.005696949962569742,0.00551161455926386,0.013144460131677568,0.005696949962569742,0.00551161455926386,0.013144460131677568,1.0891343878921762,0.06266644958826717,0.06266644958826717,0.005696949962569742,0.005696949962569742,11.0,ok,ok,0,,0
69,Ryan Johnson,D,d1,BUF,24,0.0,9.0,,,,thin,3.0,1,0.0,,,0.003055,21.0,965.0,-3.1592367117735596,wiki_intl_12mo,wiki_12mo=no_entity_exists|wiki_intl_12mo=fetch_failed,contract_type,0.775,10,337|311|187|340|105|165|600|70|477|471,-1.1239760948771729,-2.3954540984845383,-1.0798732512063334,-0.8133731902939311,-2.0352606168963865,-1.7746635515529319,-1.6032636755810055,-2.0352606168963865,-1.7746635515529319,-1.6032636755810055,-0.0501362638742352,0.21046080146921967,0.3818606774411461,-2.0352606168963865,0.775,0,0.23404787589528495,-0.2855098537497208,-0.3209212080579582,-0.6892288251768963,-0.04827184731275676,-0.04784888541229063,0.012506635662086873,-1.6911703925269324,-1.6911703925269324,-2.6261427314792085,-2.2898884536166864,-2.068727323330329,-2.466982565935014,-2.1511073352156753,-1.9433499097951583,-2.466982565935014,-2.1511073352156753,-1.9433499097951583,-3.1592367117735596,-2.0352606168963865,-2.0352606168963865,-2.466982565935014,-2.466982565935014,0.825,ok,low,0,,0
70,Michael Kesselring,D,d1,BUF,26,0.0588,13.4,0.49,0.5,0.4123711340206185,ok,34.0,0,49350.0,2980.0,ok,0.00611,201.0,13536.0,0.06818858303427863,,,contract_type,0.775,10,470|600|336|769|22|40|379|105|719|337,-1.208915437158175,-2.3954540984845383,-1.0798732512063334,-0.8133731902939311,1.2771040201924535,1.0363451141157725,1.1749820523623964,1.2771040201924535,1.0363451141157725,1.1749820523623964,3.6156794206851632,3.3749205146084815,3.513557452855106,1.2771040201924535,1.196702211508149,0,0.20676395163073358,0.26354755730743445,-0.18629280505271262,-0.17732659012975138,-0.20477102108469028,-0.010488614374795535,-0.39815712183501717,1.3730551978362449,1.3730551978362449,1.0671861453176208,0.8660008347521262,0.9818499882954344,0.912217157280324,0.7402465100826947,0.839272894544569,0.912217157280324,0.7402465100826947,0.839272894544569,0.06818858303427863,1.2771040201924535,1.2771040201924535,0.912217157280324,0.912217157280324,1.4,ok,ok,0,,0
71,Zach Metsa,D,d1,BUF,27,0.1395,10.967,0.46,0.46,0.4814814814814814,ok,43.0,0,24907.0,224.0,ok,0.002037,130.0,9170.0,-0.4201849640879003,,,contract_type,0.775,10,165|471|477|187|693|399|311|470|41|766,-0.9856496142041106,-2.3954540984845383,-1.0798732512063334,-0.8133731902939311,0.5654646501162103,-0.033267348529932586,0.13144952742045854,0.5654646501162103,-0.033267348529932586,0.13144952742045854,2.7503767853418806,2.151644786695738,2.3163616626461287,0.5654646501162103,0.775,0,0.32356811314701855,0.06588688932685866,-0.09105641862475988,-0.4189312598249133,-0.6818526542925115,-0.6051323714913045,0.07854908532176338,0.6550147002287682,0.6550147002287682,0.7296318066015616,-0.04292561100636463,0.16961229344575293,0.7296318066015616,-0.04292561100636463,0.16961229344575293,0.7296318066015616,-0.04292561100636463,0.16961229344575293,-0.4201849640879003,0.5654646501162103,0.5654646501162103,0.7296318066015616,0.7296318066015616,0.775,ok,ok,0,,0
72,Owen Power,D,d1,BUF,23,0.358,21.65,0.52,0.49,0.4902912621359223,ok,81.0,0,91248.0,14865.0,ok,0.041752,279.0,14443.0,0.4400584635978892,,,contract_type,5.085618872634038,10,402|404|100|380|283|536|284|621|287|503,0.020685745489752504,-2.3954540984845383,-1.0798732512063334,-0.8133731902939311,0.4193727181081367,0.5224841844204549,0.5966717205996035,0.4193727181081367,0.5224841844204549,0.5966717205996035,2.9137061982865387,3.0168176645988574,3.0910052007780053,0.4193727181081367,5.499001962540119,0,0.23239653422539483,-0.5490574110571554,0.14320156324230085,0.31987143318265776,0.19185753326853783,-0.06899947968873799,0.12139178491297935,0.3494068105352417,0.3494068105352417,0.07626342397492408,0.0950143658757865,0.10850545692913094,0.050224277617740926,0.06257295621801856,0.07145769108977287,0.050224277617740926,0.06257295621801856,0.07145769108977287,0.4400584635978892,0.4193727181081367,0.4193727181081367,0.050224277617740926,0.050224277617740926,8.35,ok,ok,0,,0
73,Mattias Samuelsson,D,d1,BUF,25,0.5256,22.833,0.4799999999999999,0.5,0.4168797953964194,ok,78.0,0,32921.0,7118.0,ok,0.004073,297.0,22749.0,0.24447058630817242,,,contract_type,5.837451498012362,10,67|594|215|332|750|510|554|508|502|718,0.25405106341872236,-2.3954540984845383,-1.0798732512063334,-0.8133731902939311,-0.009580477110549934,-0.26302089698596876,-0.17571548798406955,-0.009580477110549934,-0.26302089698596876,-0.17571548798406955,2.1703286057300946,1.9168881858546758,2.004193594856575,-0.009580477110549934,6.619749947548501,0,0.10824790293210984,-0.06588688932685871,0.2326402880545185,0.07941114724864207,0.025109559642515322,0.06371183111962608,-0.18272770220049828,-0.07587797705663084,-0.07587797705663084,-0.0014472566466196934,-0.03973275411760433,-0.026544127705177514,-0.0022354521106353535,-0.06137174720255005,-0.041000417197673555,-0.0022354521106353535,-0.06137174720255005,-0.041000417197673555,0.24447058630817242,-0.009580477110549934,-0.009580477110549934,-0.0022354521106353535,-0.0022354521106353535,4.2857,ok,ok,0,,0
74,Luke Schenn,D,d1,BUF,36,0.14,13.657,0.43,0.37,0.3851851851851852,ok,50.0,0,126877.0,9209.0,ok,0.031568,192.0,10691.0,0.29705645459593155,,,contract_type,0.8444937556452069,10,770|189|768|620|238|75|645|220|743|237,-0.16351457803755595,-2.3954540984845383,-1.0798732512063334,-0.8133731902939311,0.46057103263348753,0.3629992554129976,0.49419985140235223,0.46057103263348753,0.3629992554129976,0.49419985140235223,2.631567669339448,2.533995892118958,2.6651964881083123,0.46057103263348753,1.2311478684654131,0,0.7004938233622671,0.7906426719223036,-0.31640684283050946,-0.8138144269452854,-0.7783963489180256,-1.380423007591897,-0.12327964196558117,0.6699019879998883,0.6699019879998883,0.37409887506654643,0.29484618761957876,0.4014138870405199,0.16748037550308637,0.13199972924109005,0.1797090368735826,0.16748037550308637,0.13199972924109005,0.1797090368735826,0.29705645459593155,0.46057103263348753,0.46057103263348753,0.16748037550308637,0.16748037550308637,2.75,ok,ok,0,,0
75,Logan Stanley,D,d1,BUF,27,0.3421,16.697,0.4699999999999999,0.44,0.4107883817427386,ok,76.0,0,63868.0,4602.0,ok,0.02444,263.0,34505.0,0.3751959500373596,,,contract_type,2.56684943849444,10,44|42|384|41|399|743|101|422|288|444,-0.5187686558752752,-2.3954540984845383,-1.0798732512063334,-0.8133731902939311,0.8939646059126348,0.47060974770503655,0.6469087668678671,0.8939646059126348,0.47060974770503655,0.6469087668678671,3.8670202246676215,3.443665366460023,3.619964385622854,0.8939646059126348,2.107373167855681,0,0.23175939436078638,0.0439245928845724,0.15429097155146604,0.03623445743955331,-0.4358814577943883,-0.5362195745659948,-0.18400531192874336,0.8144300155672761,0.8144300155672761,0.4242080233100207,0.22331581083187887,0.3069739981201893,0.7151716847301078,0.3764877981640293,0.5175270134942938,0.7151716847301078,0.3764877981640293,0.5175270134942938,0.3751959500373596,0.8939646059126348,0.8939646059126348,0.7151716847301078,0.7151716847301078,1.25,ok,ok,0,,0
76,Conor Timmins,D,d1,BUF,27,0.2051,18.767,0.44,0.47,0.4107142857142857,ok,39.0,0,28329.0,1658.0,ok,0.005092,133.0,4942.0,-0.3329147306061293,,,contract_type,3.487766200441141,10,639|747|573|557|188|554|577|510|574|239,-0.3459084686973146,-2.3954540984845383,-1.0798732512063334,-0.8133731902939311,0.012993738091185314,-0.0026547922242993057,0.08726836464008372,0.012993738091185314,-0.0026547922242993057,0.08726836464008372,2.0625224411837957,2.0468739108683116,2.136797067732694,0.012993738091185314,3.269099661336098,0,0.08373139363183757,0.1976606679805759,0.006888586939662433,0.13634744150238576,-0.05021911928503364,0.08494910815950096,-0.02632343792386671,-0.059992643878480925,-0.059992643878480925,0.003974714581162296,-0.0008120866597301223,0.02669492327573051,0.005906244586902415,-0.001206723738317866,0.039667438472765326,0.005906244586902415,-0.001206723738317866,0.039667438472765326,-0.3329147306061293,0.012993738091185314,0.012993738091185314,0.005906244586902415,0.005906244586902415,2.2,ok,ok,0,,0
77,Mikael Backlund,C,f1,CGY,36,0.5244,17.95,0.5,0.47,0.2575342465753424,ok,82.0,0,35365.0,18586.0,ok,0.005092,133.0,5747.0,-0.10743592199342215,,,contract_type,4.752165440440021,10,701|757|32|706|242|676|551|349|661|413,0.02460200015454338,-1.0435686216393492,-0.3144111281414327,-0.75543419978117,-0.13203792214796553,-0.06799377897886522,0.0036690176282877704,-0.13203792214796553,-0.06799377897886522,0.0036690176282877704,0.8227736256090035,0.8868177687781038,0.9584805653852567,-0.13203792214796553,5.4392239652477885,0,0.4952770840201845,1.032227932787452,0.3480408391650754,0.45986046433451244,0.3013147157102036,0.16989821631900226,-0.660320335804861,-0.4309248516707799,-0.4309248516707799,-0.024275139797805777,-0.012500639689281062,0.0006745479965027741,-0.029341760477325673,-0.01510972866197005,0.0008153372507306157,-0.029341760477325673,-0.01510972866197005,0.0008153372507306157,-0.10743592199342215,-0.13203792214796553,-0.13203792214796553,-0.029341760477325673,-0.029341760477325673,4.5,ok,ok,0,,0
78,John Beecher,C,f1,CGY,24,0.2,10.428,0.42,0.37,0.3157894736842105,ok,35.0,0,28824.0,1574.0,ok,0.010183,68.0,3067.0,-0.5955266634376012,,,contract_type,1.017417773673124,10,480|687|30|241|269|432|377|91|543|372,-0.24372790429726235,-1.0435686216393492,-0.3144111281414327,-0.75543419978117,-0.35179875914033887,-0.22537558081460538,-0.11707371871064576,-0.35179875914033887,-0.22537558081460538,-0.11707371871064576,0.6824052802484091,0.8088284585741424,0.9171303206781023,-0.35179875914033887,1.4026682326965334,0,0.6787054771876035,-0.4392459288457243,-0.10359632203433922,-0.2739934300666995,-1.2303684224833313,-1.2742366223925208,-0.750792137303006,-0.17889272992823638,-0.17889272992823638,-0.2508068201302527,-0.16067632784506447,-0.08346501045766151,-0.39088751015593204,-0.2504173120162282,-0.13008190967849528,-0.39088751015593204,-0.2504173120162282,-0.13008190967849528,-0.5955266634376012,-0.35179875914033887,-0.35179875914033887,-0.39088751015593204,-0.39088751015593204,0.9,ok,ok,0,,0
79,Blake Coleman,L,f1,CGY,34,0.5072,17.333,0.52,0.51,0.2893081761006289,ok,69.0,0,37651.0,4971.0,ok,0.016293,139.0,7316.0,-0.12690123049548407,,,contract_type,4.473918620447566,10,714|300|742|759|395|342|452|7|548|291,0.33022683474748493,-1.0435686216393492,-0.3144111281414327,-0.75543419978117,-0.457128065242969,-0.2964715546451045,-0.2163536255064879,-0.457128065242969,-0.2964715546451045,-0.2163536255064879,0.4690664246460504,0.6297229352439149,0.7098408643825315,-0.457128065242969,4.883488059162062,0,0.4200216158233185,0.7027934861531588,0.10215841311004081,0.20839183138047795,-0.15065735785510204,-0.19113549335887842,-1.1649931130822526,-0.5322734383968324,-0.5322734383968324,-0.09360687682758577,-0.06070897503043651,-0.04430309297072617,-0.0932914418863202,-0.06050439890716418,-0.04415380112377303,-0.0932914418863202,-0.06050439890716418,-0.04415380112377303,-0.12690123049548407,-0.457128065242969,-0.457128065242969,-0.0932914418863202,-0.0932914418863202,4.9,ok,ok,0,,0
80,Matt Coronato,R,f1,CGY,23,0.5625,16.65,0.4899999999999999,0.45,0.5285714285714286,ok,80.0,0,27934.0,2202.0,ok,0.014257,155.0,9997.0,-0.16219129661089293,,,contract_type,4.387916641834613,10,431|412|411|738|580|539|735|63|454|656,-0.40082927339130114,-1.0435686216393492,-0.3144111281414327,-0.75543419978117,0.2386379767804082,0.1864520850709908,0.29097219382574996,0.2386379767804082,0.1864520850709908,0.29097219382574996,0.807314517253444,0.7551286255440266,0.859648734298786,0.2386379767804082,4.45192916863312,0,0.24233723650769637,-0.24158526086514853,0.09626277625023155,0.09637416538070571,-0.20891594141164577,-0.7108899051242479,0.09999537001419889,0.18144774715700243,0.18144774715700243,0.053603273489114714,0.04188118858329396,0.06535867548743761,0.03671353488929357,0.02868493616476781,0.04476495289626922,0.03671353488929357,0.02868493616476781,0.04476495289626922,-0.16219129661089293,0.2386379767804082,0.2386379767804082,0.03671353488929357,0.03671353488929357,6.5,ok,ok,0,,0
81,Joel Farabee,L,f1,CGY,25,0.4634,16.917,0.5,0.5,0.5955056179775281,ok,82.0,0,24869.0,3200.0,ok,0.011202,106.0,3558.0,-0.4162776965377607,,,contract_type,4.190144425327417,10,728|314|412|684|253|431|435|658|175|581,0.18106590704467387,-1.0435686216393492,-0.3144111281414327,-0.75543419978117,-0.5973436035824345,-0.21766018850058358,-0.11030399952876425,-0.5973436035824345,-0.21766018850058358,-0.11030399952876425,0.6521972541604675,1.0318806692423186,1.139236858214138,-0.5973436035824345,4.488826176254356,0,0.12515531283617046,-0.1537360750960035,-0.08751180592765215,0.14878352682623036,0.025109559642517265,0.0637118311196261,0.27207907840499346,-0.5902741190286344,-0.5902741190286344,-0.13307345397831383,-0.04848933328093522,-0.024573016463026866,-0.11946872071648691,-0.04353203770011671,-0.02206079990575285,-0.11946872071648691,-0.04353203770011671,-0.02206079990575285,-0.4162776965377607,-0.5973436035824345,-0.5973436035824345,-0.11946872071648691,-0.11946872071648691,5.0,ok,ok,0,,0
82,Morgan Frost,C,f1,CGY,26,0.5244,15.5,0.49,0.49,0.6720867208672087,ok,82.0,0,24913.0,1357.0,ok,0.016293,248.0,11621.0,-0.04882009534138826,,,contract_type,3.8512614538562677,10,741|256|614|765|516|266|31|376|61|688,-0.18628251657327657,-1.0435686216393492,-0.3144111281414327,-0.75543419978117,0.13746242123188832,0.3880256737462797,0.51055822793342,0.13746242123188832,0.3880256737462797,0.51055822793342,1.156969702366221,1.4075329548806124,1.5300655090677526,0.13746242123188832,3.633805679962388,0,0.1281738001324434,0.28550985374972065,0.04189999725920823,0.05481366924866976,-0.02510955964251685,0.06371183111962582,0.29799788977491914,0.04002554780753141,0.04002554780753141,0.03782877603771898,0.10678217492089342,0.14050234737337539,0.031419981995860186,0.08869158257057823,0.11669902352763883,0.031419981995860186,0.08869158257057823,0.11669902352763883,-0.04882009534138826,0.13746242123188832,0.13746242123188832,0.031419981995860186,0.031419981995860186,4.375,ok,ok,0,,0
83,Matvei Gridin,R,f1,CGY,19,0.5405,15.167,0.43,0.42,0.7662337662337663,ok,37.0,0,23514.0,9872.0,ok,0.007128,120.0,5156.0,-0.26577404154289325,,,contract_type,3.776893115211708,10,348|762|482|563|378|583|37|420|685|437,0.24453580489101268,-1.0435686216393492,-0.3144111281414327,-0.75543419978117,-0.510309846433906,-0.7751632325538775,-0.5997184403076108,-0.510309846433906,-0.7751632325538775,-0.5997184403076108,0.8656187857318989,0.6007653996119273,0.7762101918581941,-0.510309846433906,3.4599617857130895,1,0.6284837955190529,-0.6149443003840138,0.34061721634660447,0.3958570774168175,-0.6528485507054405,-0.6158810341563851,1.1507545941050557,-0.7609710200266047,-0.7609710200266047,-0.14749002389017207,-0.22403809075426487,-0.17333094336011873,-0.5414428078874334,-0.8224543581473501,-0.6363060374616559,-0.14749002389017207,-0.22403809075426487,-0.17333094336011873,-0.26577404154289325,-0.510309846433906,-0.510309846433906,-0.14749002389017207,-0.5414428078874334,0.9425,ok,ok,0,,0
84,Tyson Gross,C,f1,CGY,23,0.1667,11.033,,,,thin,6.0,1,1692.0,147.0,ok,0.002037,41.0,5965.0,-1.3269132728758382,,,contract_type,1.1404387388856185,10,319|343|487|675|709|2|603|493|627|178,-1.0583189176573926,-1.0435686216393492,-0.3144111281414327,-0.75543419978117,-0.26859435521844555,-0.8760051336942025,-0.19732668810208423,-0.26859435521844555,-0.8760051336942025,-0.19732668810208423,1.0652791999379845,0.4578684214622275,1.1365468670543455,-0.26859435521844555,1.5310949883245417,1,0.12296560374502104,0.1537360750960035,0.2087643119626792,0.26460393592660814,-0.05875416697053877,-0.005588757115756564,-0.046346375398540085,-0.41500893784739723,-0.41500893784739723,-0.17542631728705807,-0.5721429045057511,-0.12887945529624936,-0.27548138996763644,-0.8984668037889257,-0.20238634677136846,-0.17542631728705807,-0.5721429045057511,-0.12887945529624936,-1.3269132728758382,-0.26859435521844555,-0.26859435521844555,-0.17542631728705807,-0.27548138996763644,0.975,ok,ok,0,,0
85,Samuel Honzek,L,f1,CGY,21,0.2222,12.35,0.56,0.57,0.2941176470588235,ok,18.0,1,11244.0,6954.0,ok,0.005092,51.0,1157.0,-0.8831073088007836,,,contract_type,1.7904658663080948,10,609|714|369|547|48|391|156|278|300|297,-0.030720852256728808,-1.0435686216393492,-0.3144111281414327,-0.75543419978117,-0.8523864565440548,-0.5869618997880207,-0.48923674482569207,-0.8523864565440548,-0.5869618997880207,-0.48923674482569207,0.030518255142946316,0.29594281189898036,0.393667966861309,-0.8523864565440548,1.9402234181402613,1,0.762566273250752,-0.9883033399028797,-0.7071167933305809,-0.6003282955526302,0.30131471571020496,0.658355588236134,-1.3199789067720822,-0.15952784462380287,-0.15952784462380287,-0.43932386784666394,-0.30252284056577056,-0.25215484992683684,-0.9613019697124785,-0.6619622192263681,-0.5517500223589624,-0.43932386784666394,-0.30252284056577056,-0.25215484992683684,-0.8831073088007836,-0.8523864565440548,-0.8523864565440548,-0.43932386784666394,-0.9613019697124785,0.8867,ok,ok,0,,0
86,Jonathan Huberdeau,L,f1,CGY,32,0.5,18.133,0.53,0.51,0.6513409961685823,ok,50.0,0,67162.0,19526.0,ok,0.099796,112.0,6833.0,0.09467622910597742,,,contract_type,4.746589261660789,10,582|387|755|371|728|581|158|682|7|440,0.24673098987228498,-1.0435686216393492,-0.3144111281414327,-0.75543419978117,-0.15205476076630756,0.2946622392217843,0.367714738153442,-0.15205476076630756,0.2946622392217843,0.367714738153442,1.072945382831512,1.5196623828196039,1.5927148817512615,-0.15205476076630756,5.5565296902445445,0,0.4078839767586226,0.0219622964422862,0.1559629586727433,0.38022456855592085,0.6528485507054416,0.40350826375763166,0.832797222417712,-0.34627844348288783,-0.34627844348288783,-0.02736505863241695,0.05302990457139376,0.06617704910297327,-0.014481405787267386,0.028063070402074695,0.035020451252708765,-0.014481405787267386,0.028063070402074695,0.035020451252708765,0.09467622910597742,-0.15205476076630756,-0.15205476076630756,-0.014481405787267386,-0.014481405787267386,10.5,ok,ok,0,,0
87,Rory Kerins,C,f1,CGY,23,0.0,15.0,,,,thin,4.0,1,4248.0,1676.0,ok,0.001018,34.0,1265.0,-1.2660061611709945,,,contract_type,2.1013346746389527,10,717|678|228|226|627|396|34|559|357|460,-0.4243793704128261,-1.0435686216393492,-0.3144111281414327,-0.75543419978117,-0.8416267907581685,-0.8555752033619134,-0.703703371001058,-0.8416267907581685,-0.8555752033619134,-0.703703371001058,0.6327496685876755,0.6188012559839309,0.770673088344786,-0.8416267907581685,2.7705105140090622,0,0.21398648495489214,0.0439245928845724,-1.0653233141930223,-0.046997414818221755,0.007048297443512555,-0.023472779886177277,-0.09715251050384652,-0.4184806421962138,-0.4184806421962138,-0.30378039949767016,-0.30881499963118886,-0.25399772621067057,-1.085970052591185,-1.103968004337953,-0.9080043496787844,-1.085970052591185,-1.103968004337953,-0.9080043496787844,-1.2660061611709945,-0.8416267907581685,-0.8416267907581685,-1.085970052591185,-1.085970052591185,0.775,ok,ok,0,,0
88,Adam Klapka,R,f1,CGY,25,0.2278,10.633,0.48,0.46,0.4659090909090909,ok,79.0,0,31398.0,35966.0,ok,0.015275,116.0,5882.0,-0.10843054628861534,,,contract_type,1.1758214909513376,10,207|489|438|756|29|275|441|358|736|356,-0.2579080569448117,-1.0435686216393492,-0.3144111281414327,-0.75543419978117,0.14947751065619638,0.05009010532371429,0.19970483509066458,0.14947751065619638,0.05009010532371429,0.19970483509066458,1.7809176953803574,1.6815302900478752,1.8311450198148254,0.14947751065619638,1.465420603937806,0,0.12705786231036006,0.1537360750960035,-0.17040892740057884,-0.1597712327348475,-0.07483309551355294,-0.17436922201160743,-0.02922862110557012,0.21493036151772626,0.21493036151772626,0.10200314520931929,0.034181384640774554,0.13627816788847352,0.11958200852495711,0.040072084258971435,0.15976386807253168,0.11958200852495711,0.040072084258971435,0.15976386807253168,-0.10843054628861534,0.14947751065619638,0.14947751065619638,0.11958200852495711,0.11958200852495711,1.25,ok,ok,0,,0
89,Ryan Lomberg,L,f1,CGY,31,0.1579,9.05,0.48,0.44,0.3977272727272727,ok,57.0,0,35524.0,3387.0,ok,0.026477,104.0,7427.0,-0.23706773889983213,,,contract_type,0.775,10,6|756|662|13|438|88|62|397|29|350,-0.11793815531147737,-1.0435686216393492,-0.3144111281414327,-0.75543419978117,-0.11912958358835475,0.07350075983831295,0.1794605605409952,-0.11912958358835475,0.07350075983831295,0.1794605605409952,0.5476750463048853,0.740305389731553,0.8462651904342352,-0.11912958358835475,1.1011348806127998,0,0.2584802544079996,0.19766066798057602,-0.22795872411494233,-0.5235392144867257,0.025109559642517265,-0.2973218785582544,-0.27929148166498186,0.04568638984766825,0.04568638984766825,-0.10818800283763344,0.06675000595513654,0.1629778183405855,-0.059564791794177376,0.03675037991915647,0.0897302802704976,-0.059564791794177376,0.03675037991915647,0.0897302802704976,-0.23706773889983213,-0.11912958358835475,-0.11912958358835475,-0.059564791794177376,-0.059564791794177376,2.0,ok,ok,0,,0
90,Victor Olofsson,L,f1,CGY,30,0.3974,13.556,0.55,0.53,0.5687022900763359,ok,78.0,0,35369.0,9580.0,ok,0.01222,88.0,6038.0,-0.26306539121919964,,,contract_type,2.7571487586844663,10,14|268|350|612|157|296|116|715|648|356,0.14923425018985523,-1.0435686216393492,-0.3144111281414327,-0.75543419978117,-0.41229964140905484,-0.3799416677839742,-0.2767022761863731,-0.41229964140905484,-0.3799416677839742,-0.2767022761863731,0.6968293481016875,0.729187321726768,0.8324267133243692,-0.41229964140905484,2.5205427305073567,0,0.1254784991669331,-0.0439245928845724,0.07854995495760583,0.05833472955120367,0.2762051560676877,0.08494910815950163,0.2109074533810274,-0.4625703740908553,-0.4625703740908553,-0.1635757396289265,-0.15073803875068456,-0.10977884756219788,-0.2617775501009872,-0.24123280494220586,-0.1756839848802369,-0.2617775501009872,-0.24123280494220586,-0.1756839848802369,-0.26306539121919964,-0.41229964140905484,-0.41229964140905484,-0.2617775501009872,-0.2617775501009872,1.575,ok,ok,0,,0
91,Martin Pospisil,C,f1,CGY,26,0.1364,10.15,0.48,0.4000000000000001,0.48,ok,22.0,0,17747.0,17520.0,ok,0.022403,67.0,4263.0,-0.4590415553039323,,,contract_type,0.775,10,689|269|372|30|241|480|687|134|78|114,-0.3121072260919954,-1.0435686216393492,-0.3144111281414327,-0.75543419978117,-0.1469343292119369,0.2630943786629588,0.3857530243316312,-0.1469343292119369,0.2630943786629588,0.3857530243316312,1.124078129940529,1.5341068378154243,1.6567654834840968,-0.1469343292119369,1.3095635109486543,0,0.22972029929248972,-0.08784918576914486,-0.2834352567989221,-0.26380483004234545,0.17576691749761864,-0.48845737191713146,0.07900823372977567,-0.005011121480201969,-0.005011121480201969,-0.11220099520449904,0.20090234376824687,0.29456610626863744,-0.1469343292119369,0.2630943786629588,0.3857530243316312,-0.1469343292119369,0.2630943786629588,0.3857530243316312,-0.4590415553039323,-0.1469343292119369,-0.1469343292119369,-0.1469343292119369,-0.1469343292119369,1.0,ok,ok,0,,0
92,Yegor Sharangovich,C,f1,CGY,27,0.3718,16.05,0.49,0.45,0.5513698630136986,ok,78.0,0,14869.0,22516.0,ok,0.021385,69.0,3152.0,-0.5059036904725113,,,contract_type,3.597780373080454,10,222|357|141|95|131|254|31|347|372|178,-0.02263829443474228,-1.0435686216393492,-0.3144111281414327,-0.75543419978117,-0.48326539603776897,-0.0274496882633435,0.058274290483755674,-0.48326539603776897,-0.0274496882633435,0.058274290483755674,0.9225505687236266,1.378366276498052,1.4640902552451514,-0.48326539603776897,3.765387953226252,0,0.22478171257026294,-0.08784918576914486,0.18452049870415904,0.41368712745943725,-0.02510955964251696,-0.19113549335887758,0.4463884104874421,-0.6661640083577881,-0.6661640083577881,-0.12834411806722293,-0.007290002678163378,0.01547630448910987,-0.08404615583265547,-0.004773858828407565,0.010134659214566206,-0.08404615583265547,-0.004773858828407565,0.010134659214566206,-0.5059036904725113,-0.48326539603776897,-0.48326539603776897,-0.08404615583265547,-0.08404615583265547,5.75,ok,ok,0,,0
93,Ryan Strome,C,f1,CGY,32,0.4038,13.293,0.51,0.51,0.5722222222222222,ok,52.0,0,52606.0,7517.0,ok,0.009165,169.0,6263.0,-0.010337231252143482,,,contract_type,2.679552441682793,10,264|408|142|429|177|758|254|266|683|457,-0.05945572266082148,-1.0435686216393492,-0.3144111281414327,-0.75543419978117,0.049118491408678,-0.10801199112981909,-0.022080415491706796,0.049118491408678,-0.10801199112981909,-0.022080415491706796,1.162381093221666,1.005250610683169,1.0911821863212812,0.049118491408678,2.4193067320676995,0,0.30523162417535854,0.21962296442286222,0.2511440643906012,0.11887049535930971,0.39371349000876454,0.37221122390939443,0.4758275069612189,-0.13359220132958421,-0.13359220132958421,0.020302713483005972,-0.04464584407513507,-0.009126753213651173,0.0098236982817356,-0.021602398225963815,-0.00441608309834136,0.0098236982817356,-0.021602398225963815,-0.00441608309834136,-0.010337231252143482,0.049118491408678,0.049118491408678,0.0098236982817356,0.0098236982817356,5.0,ok,ok,0,,0
94,Aydar Suniev,L,f1,CGY,21,0.1667,11.617,,,,thin,6.0,1,5478.0,5477.0,ok,0.001018,16.0,341.0,-1.5391107203711407,,,contract_type,1.3551848320141546,10,753|344|711|454|656|352|328|358|314|253,-0.4010174136510244,-1.0435686216393492,-0.3144111281414327,-0.75543419978117,-1.1380933067201164,-1.2986821624734564,-1.1408627727167004,-1.1380933067201164,-1.2986821624734564,-1.1408627727167004,-0.03621690669289235,-0.1968057624462326,-0.03898637268947636,-1.1380933067201164,1.6856142445082276,1,0.2863524273762789,-0.5710197074994416,-0.5349792415167871,-0.35134987833656095,0.016078928543014907,-0.06482958254277674,-0.1798572258190921,-0.7660232409672304,-0.7660232409672304,-0.6751801667718769,-0.7704503961713628,-0.6768231678354992,-1.2326365284524168,-1.406565755955222,-1.2356360583956465,-0.6751801667718769,-0.7704503961713628,-0.6768231678354992,-1.5391107203711407,-1.1380933067201164,-1.1380933067201164,-0.6751801667718769,-1.2326365284524168,0.9233,ok,ok,0,,0
95,Connor Zary,C,f1,CGY,24,0.3378,14.367,0.5,0.48,0.48582995951417,ok,74.0,0,15120.0,2101.0,ok,0.020367,136.0,6875.0,-0.35557871659140733,,,contract_type,2.8773768487128843,10,761|178|627|57|390|228|31|9|655|357,-0.31058331731707234,-1.0435686216393492,-0.3144111281414327,-0.75543419978117,-0.04499539927433499,0.2677078296766822,0.3552748431209713,-0.04499539927433499,0.2677078296766822,0.3552748431209713,0.7276419071799248,1.0403451361309417,1.1279121495752311,-0.04499539927433499,2.8193899581472555,0,0.16790520240232323,0.10981148221143122,-0.01518164306119757,0.04335149422127155,-0.21745098909714802,-0.312970398482374,-0.30866520734051717,-0.0463567692729698,-0.0463567692729698,-0.01595926776440086,0.09495239525241296,0.12601124654442547,-0.011919311066049005,0.07091598137130656,0.09411254122409834,-0.011919311066049005,0.07091598137130656,0.09411254122409834,-0.35557871659140733,-0.04499539927433499,-0.04499539927433499,-0.011919311066049005,-0.011919311066049005,3.775,ok,ok,0,,0
96,Kevin Bahl,D,d1,CGY,25,0.2368,21.95,0.47,0.43,0.3859649122807017,ok,76.0,0,27555.0,1280.0,ok,0.005092,94.0,4210.0,-0.48296890409383475,,,contract_type,5.12613320412035,10,450|150|100|46|47|576|104|382|72|772,-0.13668931486115593,-1.0435686216393492,-0.3144111281414327,-0.75543419978117,-0.3462795892326788,-0.22076210524549797,-0.11100475995480477,-0.3462795892326788,-0.22076210524549797,-0.11100475995480477,0.6165524031074447,0.7420698870946255,0.8518272323853188,-0.3462795892326788,6.020499862358199,0,0.26011901183767033,-0.307472150192007,0.04383950231988987,0.38541875680363136,-0.20087647714013618,-0.3822709867177565,-0.24083619785260102,-0.4383593103843746,-0.4383593103843746,-0.05751675062692267,-0.03666840134417454,-0.018437797939144004,-0.06472515686592129,-0.04126394490570056,-0.020748553262580332,-0.06472515686592129,-0.04126394490570056,-0.020748553262580332,-0.48296890409383475,-0.3462795892326788,-0.3462795892326788,-0.06472515686592129,-0.06472515686592129,5.35,ok,ok,0,,0
97,Jake Bean,D,d1,CGY,27,0.125,15.95,0.55,0.59,0.4642857142857143,ok,16.0,1,18494.0,2590.0,ok,0.002037,35.0,3925.0,-0.8158821641469565,,,contract_type,1.990053391918112,10,723|22|534|724|528|166|617|619|218|665,-0.4665792737863237,-1.0435686216393492,-0.3144111281414327,-0.75543419978117,-0.3493028903606328,0.07859967484160657,0.2329754919512609,-0.3493028903606328,0.07859967484160657,0.2329754919512609,0.7174930382681785,1.1453956034704178,1.2997714205800721,-0.3493028903606328,1.9307836955007163,0,0.38044221966579334,0.06588688932685863,-0.43749215015340925,-0.0507432236507051,0.7281772296329927,0.9132029127146382,0.08715091251615614,-0.16513797929458301,-0.16513797929458301,-0.18091249225618045,0.04070868996085192,0.12066369344953612,-0.1996016516346473,0.04491409990948947,0.13312885254357765,-0.1996016516346473,0.04491409990948947,0.13312885254357765,-0.8158821641469565,-0.3493028903606328,-0.3493028903606328,-0.1996016516346473,-0.1996016516346473,1.75,ok,ok,0,,0
98,Hunter Brzustewicz,D,d1,CGY,21,0.2059,16.133,0.49,0.47,0.4818181818181818,ok,34.0,0,16216.0,212.0,ok,0.005092,45.0,1782.0,-1.0383139799846186,,,contract_type,2.156776444807436,10,18|445|667|503|673|553|404|621|288|379,-0.8572911541794147,-1.0435686216393492,-0.3144111281414327,-0.75543419978117,-0.1810228258052039,-0.38953609862936156,-0.19004076946247112,-0.1810228258052039,-0.38953609862936156,-0.19004076946247112,0.3241803714982413,0.1156670986740835,0.31516242784097415,-0.1810228258052039,1.9581305210879265,1,0.1802017044169644,-0.30747215019200724,-0.14122429965327143,-0.12300370016378315,-0.16162357369897704,-0.3184724728347021,-0.029414029959045476,-0.0722789950191037,-0.0722789950191037,-0.09244676177389269,-0.19893265256543646,-0.0970521461239905,-0.19055034295284623,-0.4100379985572227,-0.2000429152236538,-0.09244676177389269,-0.19893265256543646,-0.0970521461239905,-1.0383139799846186,-0.1810228258052039,-0.1810228258052039,-0.09244676177389269,-0.19055034295284623,0.95,ok,ok,0,,0
99,Joel Hanley,D,d1,CGY,34,0.1029,14.667,0.54,0.5,0.5176991150442478,ok,68.0,0,11785.0,1378.0,ok,0.002037,55.0,1549.0,-0.9279421494925792,,,contract_type,1.3211119446889186,10,691|286|309|596|726|400|262|665|282|168,-0.46665320908630986,-1.0435686216393492,-0.3144111281414327,-0.75543419978117,-0.4612889404062694,-0.3509739054254805,-0.26994609348475435,-0.4612889404062694,-0.3509739054254805,-0.26994609348475435,0.6687416010966353,0.7790566360774243,0.8600844480181503,-0.4612889404062694,1.5132572910046576,0,0.37895033404444534,0.39532133596115204,-0.11948019968647328,-0.3090542007387418,0.8517777558733004,0.26022165581104373,0.33784685619596067,-0.3314072969838473,-0.3314072969838473,-0.3048317977044193,-0.23193273709090642,-0.17838743952493105,-0.26359368023215396,-0.20055651738598884,-0.15425491056271676,-0.26359368023215396,-0.20055651738598884,-0.15425491056271676,-0.9279421494925792,-0.4612889404062694,-0.4612889404062694,-0.26359368023215396,-0.26359368023215396,1.75,ok,ok,0,,0
100,Yan Kuznetsov,D,d1,CGY,23,0.2105,20.083,0.48,0.46,0.4380165289256198,ok,57.0,0,13882.0,10125.0,ok,0.0,45.0,1282.0,-0.8507552262763836,,,contract_type,4.158075151084464,10,450|382|72|380|404|96|503|673|146|576,-0.48829374855694613,-1.0435686216393492,-0.3144111281414327,-0.75543419978117,-0.36246147771943743,-0.8868342247926037,-0.7627930491773883,-0.36246147771943743,-0.8868342247926037,-0.7627930491773883,0.3435502598078961,-0.18082248726527,-0.05678131165005472,-0.36246147771943743,4.216640916506441,0,0.12318112893328352,-0.2855098537497208,-0.15587090683566052,0.09233036358623026,-0.04314744738571347,-0.05304985121797379,-0.10917835082440225,-0.30594284361220925,-0.30594284361220925,-0.08595976866338026,-0.2103177013060341,-0.1809006420706498,-0.4461064341162307,-1.0914882766678198,-0.9388222143721703,-0.4461064341162307,-1.0914882766678198,-0.9388222143721703,-0.8507552262763836,-0.36246147771943743,-0.36246147771943743,-0.4461064341162307,-0.4461064341162307,0.8125,ok,ok,0,,0
101,Olli Maatta,D,d1,CGY,31,0.3488,17.213,0.49,0.49,0.4525547445255474,ok,43.0,0,44437.0,32121.0,ok,0.01222,39.0,2673.0,-0.49595059657025065,,,contract_type,2.833878896724982,10,720|596|428|579|669|555|558|336|400|471,-0.5454408280940266,-1.0435686216393492,-0.3144111281414327,-0.75543419978117,0.04949023152377596,0.01620146563837881,0.17178552911400458,0.04949023152377596,0.01620146563837881,0.17178552911400458,0.5395849141561972,0.5062961482708,0.6618802117464256,0.04949023152377596,2.3256996705300077,0,0.07366151752096793,-0.0439245928845724,0.2939270685303494,-0.04464137938823548,0.030233959569560348,0.016036311234191483,-0.013205793518898556,-0.01162507816568241,-0.01162507816568241,0.021279717304383307,0.006966275931357306,0.07386402091842584,0.014140066149650275,0.004628990182393945,0.04908157974685845,0.014140066149650275,0.004628990182393945,0.04908157974685845,-0.49595059657025065,0.04949023152377596,0.04949023152377596,0.014140066149650275,0.014140066149650275,3.5,ok,ok,0,,0
102,Brayden Pachal,D,d1,CGY,26,0.1795,13.883,0.49,0.53,0.5,ok,39.0,0,10897.0,971.0,ok,0.001018,46.0,748.0,-1.1192425785932594,,,contract_type,0.9949857845580183,10,723|724|693|218|499|188|214|166|234|533,-0.4848178519737396,-1.0435686216393492,-0.3144111281414327,-0.75543419978117,-0.6344247266195198,-0.2042207564211752,-0.11797836974030566,-0.6344247266195198,-0.2042207564211752,-0.11797836974030566,0.667372353993709,1.0975763241920535,1.183818710872923,-0.6344247266195198,1.2730200383997239,0,0.17477931375316405,-0.043924592884572455,-0.1437240129449937,-0.4653543172888214,-0.07532867892755107,0.27608460151837977,0.044259678954665815,-0.4512047376319086,-0.4512047376319086,-0.4983619326346477,-0.16042226379868704,-0.09267597224047848,-0.5342524013638061,-0.1719753738283581,-0.09935020609709952,-0.5342524013638061,-0.1719753738283581,-0.09935020609709952,-1.1192425785932594,-0.6344247266195198,-0.6344247266195198,-0.5342524013638061,-0.5342524013638061,1.1875,ok,ok,0,,0
103,Zayne Parekh,D,d1,CGY,19,0.2432,17.15,0.49,0.46,0.8142857142857143,ok,37.0,0,261374.0,4657.0,ok,0.071283,283.0,18030.0,0.6144157101663645,,,contract_type,2.7051721931504593,10,148|690|361|149|598|307|366|597|195|672,-0.13349547498409567,-1.0435686216393492,-0.3144111281414327,-0.75543419978117,0.7479111851504602,0.42565696206466147,0.634457987663372,0.7479111851504602,0.42565696206466147,0.634457987663372,1.9791325951178629,1.6568783720320641,1.8656793976307748,0.7479111851504602,2.362853082531195,1,0.4937510910885387,-0.6808311897108723,0.09891475809476291,0.24290321675708929,0.2259860367826525,-0.021237277039874547,1.6926340681459808,0.5924304484174496,0.5924304484174496,0.3165288568636963,0.18014533582793835,0.2685135154419808,0.7935397189925307,0.45162542394128535,0.6731649736481401,0.3165288568636963,0.18014533582793835,0.2685135154419808,0.6144157101663645,0.7479111851504602,0.7479111851504602,0.3165288568636963,0.7935397189925307,0.9425,ok,ok,0,,0
104,Zach Whitecloud,D,d1,CGY,29,0.2179,20.317,0.49,0.46,0.453416149068323,ok,78.0,0,85053.0,4152.0,ok,0.020367,165.0,7984.0,0.07249592077033128,,,contract_type,4.283170317280382,10,382|283|772|287|47|168|380|406|536|576,0.14422625229780148,-1.0435686216393492,-0.3144111281414327,-0.75543419978117,-0.0717303315274702,-0.21613120528153806,-0.08017182731354745,-0.0717303315274702,-0.21613120528153806,-0.08017182731354745,1.1239577762350836,0.9795569024810158,1.1155162804490066,-0.0717303315274702,4.40430465651815,0,0.09026661005251574,0.06588688932685866,-0.030229527152692892,0.026095801532965757,-0.12554779821258505,-0.27608460151837927,0.017755042571612756,-0.08997756207554573,-0.08997756207554573,-0.016286414569735296,-0.0490727191094001,-0.01820306122440853,-0.026083756919080072,-0.07859316555692293,-0.02915339175038089,-0.026083756919080072,-0.07859316555692293,-0.02915339175038089,0.07249592077033128,-0.0717303315274702,-0.0717303315274702,-0.026083756919080072,-0.026083756919080072,2.75,ok,ok,0,,0
105,Abram Wiebe,D,d1,CGY,22,0.0,12.017,,,,thin,4.0,1,0.0,,,0.0,16.0,820.0,-3.277408748730688,wiki_intl_12mo,wiki_12mo=no_entity_exists|wiki_intl_12mo=fetch_failed,contract_type,0.775,10,340|337|769|667|379|445|70|69|600|19,-1.2357620272172565,-1.0435686216393492,-0.3144111281414327,-0.75543419978117,-2.0416467215134313,-2.356479804239351,-2.1627215032113467,-2.0416467215134313,-2.356479804239351,-2.1627215032113467,-1.5932204334861164,-1.908053516212036,-1.7142952151840318,-2.0416467215134313,0.9288804835040689,1,0.16989778002346465,-0.2635475573074344,-0.3011248805420357,-0.2767153844849708,-0.07338140695527375,-0.06908616245216599,0.035531288398907235,-1.8428695169022427,-1.8428695169022427,-2.197964924197364,-2.5369031281073617,-2.3283097681768363,-2.1491018121194014,-2.480505057094054,-2.2765489507487864,-2.197964924197364,-2.5369031281073617,-2.3283097681768363,-3.277408748730688,-2.0416467215134313,-2.0416467215134313,-2.197964924197364,-2.1491018121194014,0.95,ok,low,0,,0
106,Sebastian Aho,C,f1,CAR,28,1.0127,19.617,0.62,0.56,0.6852941176470588,ok,79.0,0,221414.0,73913.0,ok,0.184318,344.0,24083.0,1.0033706745078521,,,contract_type,6.823407604375932,10,281|660|265|602|393|1|254|118|160|117,0.7603501417382561,-0.13502756390573664,-0.14631968919058466,-0.7351981076242048,0.243020532769596,0.24254975467608597,0.3230116097593134,0.243020532769596,0.24254975467608597,0.3230116097593134,0.23003562844732273,0.2295648503538128,0.3100267054370402,0.243020532769596,8.533573965305841,0,0.5773466582668884,0.08784918576914488,0.6581944501620078,0.3409185478737319,1.4814640189085,0.46722009487725824,0.4284336520106873,-0.1017166253084576,-0.1017166253084576,0.028478165626456397,0.028422997874301904,0.03785185563194878,0.024925182848163693,0.024876897915495997,0.033129395872750086,0.024925182848163693,0.024876897915495997,0.033129395872750086,1.0033706745078521,0.243020532769596,0.243020532769596,0.024925182848163693,0.024925182848163693,9.75,ok,ok,0,,0
107,Jackson Blake,R,f1,CAR,22,0.6543,16.5,0.6,0.58,0.7649572649572649,ok,81.0,0,57063.0,2755.0,ok,0.02444,276.0,21905.0,0.2735185569779462,,,contract_type,4.606910890923869,10,519|278|700|253|658|113|386|369|453|116,0.2831308618122372,-0.13502756390573664,-0.14631968919058466,-0.7351981076242048,-0.009612304834290986,-0.21750010901745698,-0.10194664557848465,-0.009612304834290986,-0.21750010901745698,-0.10194664557848465,-0.08983424813631657,-0.2977220523194825,-0.18216858888051013,-0.009612304834290986,4.4893865228219845,1,0.6036317108220016,-0.6369065968263001,0.16342002123363986,0.14443838858054953,0.9541632664156441,0.658355588236134,1.0645064036397418,-0.07552909999029989,-0.07552909999029989,-0.0021411176750824263,-0.04844762372582224,-0.022708368963161137,-0.010611950578815395,-0.24011935197334616,-0.11254873656269004,-0.0021411176750824263,-0.04844762372582224,-0.022708368963161137,0.2735185569779462,-0.009612304834290986,-0.009612304834290986,-0.0021411176750824263,-0.010611950578815395,0.9058,ok,ok,0,,0
108,William Carrier,L,f1,CAR,31,0.2571,10.75,0.6,0.58,0.5365853658536586,ok,70.0,0,23874.0,6872.0,ok,0.003055,103.0,4790.0,-0.34974553814520914,,,contract_type,1.3063458097909146,10,648|116|156|112|90|14|268|115|111|110,-0.03500508554563324,-0.13502756390573664,-0.14631968919058466,-0.7351981076242048,-0.3147404525995759,-0.30184160227064893,-0.21861463065029282,-0.3147404525995759,-0.30184160227064893,-0.21861463065029282,-0.5926876036170341,-0.5797887532881071,-0.496561781667751,-0.3147404525995759,1.5097753103967595,0,0.42385074136189355,0.1537360750960035,-0.48414059083704475,-0.5509335630816192,0.5273007524928559,0.42474554079750604,-0.4022479258663322,0.005534802050799481,0.005534802050799481,-0.20846840614770953,-0.19992484987142017,-0.14479944740442358,-0.1535319280973541,-0.1472398059856824,-0.10664128324404529,-0.1535319280973541,-0.1472398059856824,-0.10664128324404529,-0.34974553814520914,-0.3147404525995759,-0.3147404525995759,-0.1535319280973541,-0.1535319280973541,2.05,ok,ok,0,,0
109,Nicolas Deslauriers,L,f1,CAR,34,0.0645,8.55,0.49,0.51,0.5285714285714286,ok,31.0,0,40192.0,9831.0,ok,0.015275,117.0,9734.0,-0.08378074144748701,,,contract_type,0.775,10,497|646|462|394|517|299|491|196|312|163,-0.8159661815252397,-0.13502756390573664,-0.14631968919058466,-0.7351981076242048,0.7321854400777527,0.6044178966394043,0.7562811149836496,0.7321854400777527,0.6044178966394043,0.7562811149836496,0.8356769895819958,0.7079094461436474,0.8597726644878926,0.7321854400777527,0.9805649248769577,0,0.23360582632423718,0.6808311897108726,-0.17485641314317601,-0.15190503418663237,-0.12455663138459021,0.033532542694539424,0.23595314682561244,0.6981695340966007,0.6981695340966007,0.7466975633149718,0.616397630901643,0.7712708213365357,0.4183916800444301,0.34538165522251674,0.43216063713351405,0.4183916800444301,0.34538165522251674,0.43216063713351405,-0.08378074144748701,0.7321854400777527,0.7321854400777527,0.4183916800444301,0.4183916800444301,1.75,ok,ok,0,,0
110,Nikolaj Ehlers,L,f1,CAR,29,0.8659,16.6,0.61,0.57,0.6688311688311688,ok,82.0,0,113590.0,44941.0,ok,0.125255,443.0,43156.0,0.9432300982772881,,,contract_type,5.275604989647177,10,119|113|648|111|268|386|369|90|653|108,0.31898272983056536,-0.13502756390573664,-0.14631968919058466,-0.7351981076242048,0.6242473684467227,0.42404134779125113,0.5319468805773891,0.6242473684467227,0.42404134779125113,0.5319468805773891,0.1777149032828662,-0.022491117372605268,0.08541441541353254,0.6242473684467227,4.925446980620179,0,0.4750682132413464,0.2415852608651484,0.7208270877250547,0.2912241506961224,0.8035059085605423,0.36103370967787907,0.4322331619233317,0.23210421975632173,0.23210421975632173,0.1267392321758627,0.08609195255977738,0.10799971711611238,0.07344086687608502,0.04988721738720602,0.06258198595028107,0.07344086687608502,0.04988721738720602,0.06258198595028107,0.9432300982772881,0.6242473684467227,0.6242473684467227,0.07344086687608502,0.07344086687608502,8.5,ok,ok,0,,0
111,Taylor Hall,L,f1,CAR,34,0.6,14.533,0.6,0.57,0.7322834645669292,ok,80.0,0,177464.0,23921.0,ok,0.155804,427.0,84800.0,1.0922971481837627,,,contract_type,3.7214521016386697,10,116|8|268|112|90|110|108|157|115|648,0.11682607322806746,-0.13502756390573664,-0.14631968919058466,-0.7351981076242048,0.9754710749556952,0.9216575677416688,1.0036689158290388,0.9754710749556952,0.9216575677416688,1.0036689158290388,0.6975239239382369,0.6437104167242107,0.7257217648115805,0.9754710749556952,3.184564787284853,0,0.5606701770097784,0.6808311897108728,0.49250052644343106,0.20914099314697465,0.5524103121353727,0.23361004743862757,1.1955279931833918,0.5346635615991779,0.5346635615991779,0.3063122090812848,0.2894139793988837,0.3151667442397248,0.3080402548254319,0.29104669458479454,0.3169447424224078,0.3080402548254319,0.29104669458479454,0.3169447424224078,1.0922971481837627,0.9754710749556952,0.9754710749556952,0.3080402548254319,0.3080402548254319,3.1667,ok,ok,0,,0
112,Mark Jankowski,L,f1,CAR,31,0.3088,11.15,0.59,0.6,0.640926640926641,ok,68.0,0,23634.0,2052.0,ok,0.007128,93.0,4142.0,-0.4802006538341555,,,contract_type,1.60782912028935,10,116|108|268|156|299|111|90|648|14|157,-0.050394362421158426,-0.13502756390573664,-0.14631968919058466,-0.7351981076242048,-0.4298062914129971,-0.16203324751145076,-0.04748544752872415,-0.4298062914129971,-0.16203324751145076,-0.04748544752872415,-0.5744703982413251,-0.3066973543397787,-0.19214955435705217,-0.4298062914129971,1.6428645443048613,0,0.4480649593173504,0.1537360750960035,-0.12543247383822043,-0.28625471097836097,0.5524103121353721,0.8919656356747636,0.6785905481813814,-0.38433836594961535,-0.38433836594961535,-0.261620042201872,-0.09862848892390653,-0.02890405523287769,-0.5372578642662463,-0.20254155938931345,-0.05935680941090518,-0.5372578642662463,-0.20254155938931345,-0.05935680941090518,-0.4802006538341555,-0.4298062914129971,-0.4298062914129971,-0.5372578642662463,-0.5372578642662463,0.8,ok,ok,0,,0
113,Seth Jarvis,R,f1,CAR,24,0.9296,18.883,0.6,0.55,0.6875,ok,71.0,0,188803.0,13892.0,ok,0.141548,532.0,86737.0,1.1202966627787576,,,contract_type,6.305334179286381,10,119|369|110|3|386|278|391|738|107|700,0.3987552694238302,-0.13502756390573664,-0.14631968919058466,-0.7351981076242048,0.7215413933549274,0.6758005713337993,0.7951230346057525,0.7215413933549274,0.6758005713337993,0.7951230346057525,0.9762478764154223,0.9305070543942944,1.0498295176662473,0.7215413933549274,7.339177464877096,0,0.46105462408653924,-0.10981148221143111,0.6937074566179372,0.515573127702978,0.6277389910629232,0.1061863851993774,0.7133103017245888,0.3154342075506842,0.3154342075506842,0.09831365937231912,0.09208124133364534,0.10833952965587103,0.09724146485288977,0.09107701666201255,0.10715799444828945,0.09724146485288977,0.09107701666201255,0.10715799444828945,1.1202966627787576,0.7215413933549274,0.7215413933549274,0.09724146485288977,0.09724146485288977,7.4201,ok,ok,0,,0
114,Jesperi Kotkaniemi,C,f1,CAR,25,0.2143,11.35,0.55,0.49,0.6477987421383647,ok,42.0,0,47699.0,21258.0,ok,0.069246,91.0,9491.0,-0.014224276850893442,,,contract_type,1.3991573834322206,10,689|610|178|254|9|372|390|118|91|376,-0.10805618201529325,-0.13502756390573664,-0.14631968919058466,-0.7351981076242048,0.0938319051643998,0.19428537484741543,0.2882004535282628,0.0938319051643998,0.19428537484741543,0.2882004535282628,0.07882381330855152,0.1792772829915672,0.2731923616724145,0.0938319051643998,1.641026316172864,0,0.3927733306874163,0.08784918576914491,-0.4605990121694611,-0.461583536397455,0.728177229632993,0.04247455407975036,0.5759564660756931,0.2859801925761818,0.2859801925761818,0.0571787936851804,0.11839260158881548,0.17562207911472888,0.01946720024157672,0.040308169055480375,0.05979262521333253,0.01946720024157672,0.040308169055480375,0.05979262521333253,-0.014224276850893442,0.0938319051643998,0.0938319051643998,0.01946720024157672,0.01946720024157672,4.82,ok,ok,0,,0
115,Jordan Martinook,L,f1,CAR,33,0.3766,14.833,0.6,0.55,0.527027027027027,ok,77.0,0,21305.0,3906.0,ok,0.002037,153.0,11000.0,-0.17671367085655326,,,contract_type,3.1646048331582675,10,648|108|90|548|14|157|8|116|111|391,0.23414783768774078,-0.13502756390573664,-0.14631968919058466,-0.7351981076242048,-0.41086150854429404,-0.33894029578394097,-0.24629773116516473,-0.41086150854429404,-0.33894029578394097,-0.24629773116516473,-0.8825286693341269,-0.8106074565737735,-0.7179648919549975,-0.41086150854429404,3.0870606016385445,0,0.3649356438938578,0.5710197074994415,-0.1977960764471005,0.18744027397745605,0.778396348918025,0.10618638519937762,-0.34877507132174623,-0.4115210725947136,-0.4115210725947136,-0.13309149432512524,-0.10979385879371427,-0.07978389897316407,-0.13361349871359154,-0.11022448643380195,-0.080096823143143,-0.13361349871359154,-0.11022448643380195,-0.080096823143143,-0.17671367085655326,-0.41086150854429404,-0.41086150854429404,-0.13361349871359154,-0.13361349871359154,3.075,ok,ok,0,,0
116,Eric Robinson,L,f1,CAR,30,0.2687,11.433,0.58,0.57,0.635593220338983,ok,67.0,0,17771.0,1621.0,ok,0.003055,187.0,26819.0,-0.08575724922382826,,,contract_type,1.5921380329565447,10,112|268|90|108|14|111|648|157|156|200,-0.0013565265574074336,-0.13502756390573664,-0.14631968919058466,-0.7351981076242048,-0.08440072266642082,-0.06916528268692154,0.16371145650220698,-0.08440072266642082,-0.06916528268692154,0.16371145650220698,-0.2555753939240137,-0.24033995394451446,-0.007463214755385913,-0.08440072266642082,1.6965314540269283,0,0.32111979352369596,-0.10981148221143111,-0.370144508908361,-0.3491593273051945,0.30131471571020296,0.27608460151837844,0.5202041254886078,0.09690130151117851,0.09690130151117851,-0.049748987834021714,-0.04076864152606729,0.09649774315331289,-0.04964748392142401,-0.0406854604040715,0.09630085676600411,-0.04964748392142401,-0.0406854604040715,0.09630085676600411,-0.08575724922382826,-0.08440072266642082,-0.08440072266642082,-0.04964748392142401,-0.04964748392142401,1.7,ok,ok,0,,0
117,Jordan Staal,C,f1,CAR,37,0.48,16.183,0.59,0.54,0.5026737967914439,ok,75.0,0,129686.0,21246.0,ok,0.028513,204.0,14176.0,0.41131004680976463,,,contract_type,3.9698152062453675,10,277|281|757|654|32|254|152|347|706|703,0.06653594255797199,-0.13502756390573664,-0.14631968919058466,-0.7351981076242048,0.34477410425179267,0.17988231813021055,0.26985840746600337,0.34477410425179267,0.17988231813021055,0.26985840746600337,0.576155371680271,0.4112635855586889,0.5012396748944817,0.34477410425179267,4.001741999730592,0,0.6769319472187417,1.2518508972103142,0.13416024661128764,0.25211790648499793,1.4312448996234655,0.679592865276012,0.31262486810637335,0.059092290087157606,0.059092290087157606,0.08615600512851748,0.04495100337361097,0.06743523382671121,0.11812186660675368,0.06162886053522357,0.09245525814238845,0.11812186660675368,0.06162886053522357,0.09245525814238845,0.41131004680976463,0.34477410425179267,0.34477410425179267,0.11812186660675368,0.11812186660675368,2.9188,ok,ok,0,,0
118,Logan Stankoven,C,f1,CAR,22,0.5432,15.45,0.61,0.58,0.768595041322314,ok,81.0,0,77187.0,8475.0,ok,0.081466,277.0,26458.0,0.49982808894597297,,,contract_type,3.8890200019723937,10,610|114|9|178|761|302|153|1|254|660,-0.05000192829983271,-0.13502756390573664,-0.14631968919058466,-0.7351981076242048,0.5498300172458057,0.5540122991492571,0.6639513951443471,0.5498300172458057,0.5540122991492571,0.6639513951443471,0.2851156506285688,0.2892979325320202,0.39923702852711024,0.5498300172458057,3.6285097457959186,1,0.856001008787919,-0.5710197074994415,0.20926590809906256,0.1698100004059018,1.6321213767636014,1.0831011290336412,1.4706879309258656,0.4313090410368442,0.4313090410368442,0.1515305334050301,0.15268315037355196,0.18298184148840102,0.6753009300488894,0.6804376064225707,0.8154647447117994,0.1515305334050301,0.15268315037355196,0.18298184148840102,0.49982808894597297,0.5498300172458057,0.5498300172458057,0.1515305334050301,0.6753009300488894,0.8142,ok,ok,0,,0
119,Andrei Svechnikov,R,f1,CAR,25,0.8861,16.983,0.61,0.55,0.6596385542168675,ok,79.0,0,82572.0,72053.0,ok,0.112016,283.0,33336.0,0.7324826532686664,,,contract_type,5.476765489814661,10,113|110|3|369|391|278|648|280|386|738,0.5186201596095275,-0.13502756390573664,-0.14631968919058466,-0.7351981076242048,0.2138624936591389,0.15896640899525805,0.2463430763879458,0.2138624936591389,0.15896640899525805,0.2463430763879458,0.1990194072237631,0.1441233225598822,0.2314999899525699,0.2138624936591389,5.284341074031002,0,0.435422249274652,-0.08784918576914491,0.5155070692322066,0.07024640163850043,0.9541632664156448,0.19113549335887847,0.793632079233537,-0.05229000796472155,-0.05229000796472155,0.040470986006208014,0.03008254137426358,0.0466175579768227,0.027595160472146954,0.020511794709065556,0.03178620340489623,0.027595160472146954,0.020511794709065556,0.03178620340489623,0.7324826532686664,0.2138624936591389,0.2138624936591389,0.027595160472146954,0.027595160472146954,7.75,ok,ok,0,,0
120,Jalen Chatfield,D,d1,CAR,29,0.2361,20.133,0.58,0.52,0.5794392523364486,ok,72.0,0,39188.0,1608.0,ok,0.011202,124.0,7992.0,-0.22688344923878084,,,contract_type,4.206834530657472,10,125|126|122|287|405|286|674|623|99|666,-0.08013427044096569,-0.13502756390573664,-0.14631968919058466,-0.7351981076242048,-0.14674917879781516,-0.17916633160581735,-0.07666622044093799,-0.14674917879781516,-0.17916633160581735,-0.07666622044093799,-0.5267173961032078,-0.55913454891121,-0.4566344377463306,-0.14674917879781516,4.228938848633312,0,0.26408128693729294,-0.24158526086514842,-0.12242289701992126,-0.021351110345154023,0.627738991062923,0.021237277039875546,0.5501521852907352,-0.06801980264985771,-0.06801980264985771,-0.034701182507105965,-0.04236673501763201,-0.018128949882005172,-0.04851212522241823,-0.05922853937382392,-0.02534420510444231,-0.04851212522241823,-0.05922853937382392,-0.02534420510444231,-0.22688344923878084,-0.14674917879781516,-0.14674917879781516,-0.04851212522241823,-0.04851212522241823,3.025,ok,ok,0,,0
121,Shayne Gostisbehere,D,d1,CAR,32,0.9091,19.233,0.6,0.57,0.721030042918455,ok,55.0,0,66376.0,6759.0,ok,0.026477,154.0,20770.0,0.17857131015460492,,,contract_type,4.369068021196595,10,16|530|624|258|169|620|257|124|666|123,0.4268616353070408,-0.13502756390573664,-0.14631968919058466,-0.7351981076242048,-0.24829032515243588,-0.3639095213554416,-0.24850446126058645,-0.24829032515243588,-0.3639095213554416,-0.24850446126058645,-0.25226108855981555,-0.36788028476282125,-0.252475224667966,-0.24829032515243588,2.9677446563855407,0,0.7297260661992934,0.3074721501920069,0.7050100895577719,-0.4632316922837474,1.1299301839132623,0.5734064800766328,1.199305801172339,-0.35084143261994977,-0.35084143261994977,-0.08366296764049515,-0.1226215741210877,-0.08373512213252324,-0.0775907266101362,-0.11372172542357549,-0.07765764414393327,-0.0775907266101362,-0.11372172542357549,-0.07765764414393327,0.17857131015460492,-0.24829032515243588,-0.24829032515243588,-0.0775907266101362,-0.0775907266101362,3.2,ok,ok,0,,0
122,K'Andre Miller,D,d1,CAR,26,0.5139,22.4,0.62,0.57,0.5798816568047337,ok,72.0,0,75775.0,4814.0,ok,0.001018,198.0,15320.0,0.18178902946193864,,,contract_type,5.6078000761578615,10,126|120|125|623|402|123|666|72|668|287,0.10204088484437406,-0.13502756390573664,-0.14631968919058466,-0.7351981076242048,0.07974814461756459,-0.05782570449412055,0.03060004217941957,0.07974814461756459,-0.05782570449412055,0.03060004217941957,-0.458237045797837,-0.5958108949095221,-0.507385148235982,0.07974814461756459,6.104052865450903,0,0.6486462908534288,-0.19766066798057594,0.5370757030966832,0.4120139995142611,1.5316831381935347,0.8070165275152614,0.40642770882025614,-0.08846248463663249,-0.08846248463663249,0.013064786032398433,-0.009473329567870475,0.0050130696528885915,0.010633085949008612,-0.007710093932549406,0.00408000562392261,0.010633085949008612,-0.007710093932549406,0.00408000562392261,0.18178902946193864,0.07974814461756459,0.07974814461756459,0.010633085949008612,0.010633085949008612,7.5,ok,ok,0,,0
123,Alexander Nikishin,D,d1,CAR,24,0.4074,18.183,0.58,0.56,0.6802325581395349,ok,81.0,0,38887.0,41732.0,ok,0.025458,334.0,36788.0,0.5233378294841633,,,contract_type,3.3780479273820214,10,618|307|476|473|24|621|666|366|361|124,-0.317848278851799,-0.13502756390573664,-0.14631968919058466,-0.7351981076242048,0.8411861083359623,0.6024040696885848,0.6989893008960024,0.8411861083359623,0.6024040696885848,0.6989893008960024,0.6963983203540262,0.45761628170664875,0.5542015129140663,0.8411861083359623,2.7651384334257165,1,0.49976048851721416,-0.1317737786537173,0.38616214553019707,0.3582491567386867,0.9792728260581602,0.5734064800766351,0.5696985440458887,0.6629756195893728,0.6629756195893728,0.3042112098864508,0.2178567490171801,0.2527863677443548,0.9093903873902295,0.6512476429065782,0.7556641090767594,0.3042112098864508,0.2178567490171801,0.2527863677443548,0.5233378294841633,0.8411861083359623,0.8411861083359623,0.3042112098864508,0.9093903873902295,0.925,ok,ok,0,,0
124,Mike Reilly,D,d1,CAR,32,0.2143,14.967,0.6,0.58,0.7261904761904762,ok,42.0,0,18387.0,3274.0,ok,0.004073,69.0,3261.0,-0.6188082604813361,,,contract_type,1.5749630906889618,10,123|126|618|258|99|172|476|339|670|310,-0.10291596300940879,-0.13502756390573664,-0.14631968919058466,-0.7351981076242048,-0.5158922974719273,-0.3124691455193168,-0.22199386205393415,-0.5158922974719273,-0.3124691455193168,-0.22199386205393415,-0.6437663477373706,-0.4403431957847602,-0.3498679123193775,-0.5158922974719273,1.5573231917257944,0,0.6909287287722717,0.2635475573074345,-0.3331935935281335,-0.8903787594812406,1.0546015049857116,0.5521692030367575,1.0516817542943528,-0.1699327783778094,-0.1699327783778094,-0.331268615411953,-0.20064502164964537,-0.14254835684295242,-0.46899299770175207,-0.28406285956301525,-0.20181260186721284,-0.46899299770175207,-0.28406285956301525,-0.20181260186721284,-0.6188082604813361,-0.5158922974719273,-0.5158922974719273,-0.46899299770175207,-0.46899299770175207,1.1,ok,ok,0,,0
125,Jaccob Slavin,D,d1,CAR,31,0.2051,21.317,0.59,0.56,0.5272727272727272,ok,39.0,0,110996.0,11321.0,ok,0.03666,317.0,29773.0,0.5862391324421428,,,contract_type,4.777020160430962,10,126|120|623|287|122|284|424|405|670|283,0.09343428333335771,-0.13502756390573664,-0.14631968919058466,-0.7351981076242048,0.4928048491087851,0.27660874416874703,0.4697269314586648,0.4928048491087851,0.27660874416874703,0.4697269314586648,0.5117453986247926,0.2955492936847546,0.48866748097467233,0.4928048491087851,5.368175949125837,0,0.39080648918982447,0.35139674307657953,-0.3258034104520878,0.022574741230431794,0.8788345874880923,0.5946437571165106,0.17158569577524468,0.5951899305865966,0.5951899305865966,0.0918011730202387,0.05152751079513153,0.08750214894412243,0.07704891324402519,0.04324714574245576,0.07344073349885316,0.07704891324402519,0.04324714574245576,0.07344073349885316,0.5862391324421428,0.4928048491087851,0.4928048491087851,0.07704891324402519,0.07704891324402519,6.396,ok,ok,0,,0
126,Sean Walker,D,d1,CAR,31,0.3827,21.817,0.61,0.58,0.5760598503740648,ok,81.0,0,24627.0,2132.0,ok,0.014257,150.0,7804.0,-0.22994810524559076,,,contract_type,5.19270679254162,10,125|122|120|623|670|666|123|287|284|401,0.1658125403342118,-0.13502756390573664,-0.14631968919058466,-0.7351981076242048,-0.39576064557980256,-0.22458610039894975,-0.1398465578428263,-0.39576064557980256,-0.22458610039894975,-0.1398465578428263,-0.6848747571118339,-0.5137002119309811,-0.4289606693748577,-0.39576064557980256,5.643332929133759,0,0.5670151183078581,0.5270951146148692,0.12065059067136741,0.27686521683827015,1.2052588628408136,0.8707283586348871,0.40149256624694135,-0.5189285117506401,-0.5189285117506401,-0.0701288849248437,-0.03979671290338408,-0.024780844865782616,-0.10947735700686101,-0.062126168851715007,-0.038685078241445715,-0.10947735700686101,-0.062126168851715007,-0.038685078241445715,-0.22994810524559076,-0.39576064557980256,-0.39576064557980256,-0.10947735700686101,-0.10947735700686101,3.615,ok,ok,0,,0
127,Connor Bedard,C,f1,CHI,20,1.087,20.867,0.44,0.41,0.6711864406779661,ok,69.0,0,529316.0,74857.0,ok,1.79685,891.0,144430.0,2.793908269647466,,,contract_type,7.5049421093953805,10,132|549|688|139|27|537|353|765|208|686,0.835406010705866,1.021428506808291,1.0008723871189504,0.6572439580694991,1.9585022589416003,2.181500257842073,2.280411143868445,1.9585022589416003,2.181500257842073,2.280411143868445,0.9707424396640982,1.193740438564571,1.2926513245909428,1.9585022589416003,10.767915953351796,1,0.6845885025845518,-0.6588688932685864,0.8450557308359552,0.648774089786079,-0.5273007524928561,-0.8919656356747648,0.5355659134490696,1.5265869983724676,1.5265869983724676,0.18188313016428823,0.2025926156270772,0.21177831938394795,2.0615813252016846,2.2963160608863924,2.400432783019416,0.18188313016428823,0.2025926156270772,0.21177831938394795,2.793908269647466,1.9585022589416003,1.9585022589416003,0.18188313016428823,2.0615813252016846,0.95,ok,ok,1,1.0,0
128,Tyler Bertuzzi,L,f1,CHI,30,0.7342,18.45,0.47,0.47,0.5277777777777778,ok,79.0,0,112639.0,10732.0,ok,0.154786,237.0,21796.0,0.5923777809295825,,,contract_type,5.5625703820449,10,492|679|65|525|581|735|175|567|524|249,0.2588105867671937,1.021428506808291,1.0008723871189504,0.6572439580694991,0.3335671941623888,0.5070138151574901,0.5954011515207774,0.3335671941623888,0.5070138151574901,0.5954011515207774,-0.8038495312699476,-0.6304029102748464,-0.542015573911559,0.3335671941623888,6.369626818348169,0,0.1649927735593424,0.06588688932685854,0.27437308660159887,0.19742909753074422,-0.17576691749761897,-0.10618638519937706,-0.1703142651998566,0.19476355490771136,0.19476355490771136,0.05236840456673607,0.0795986687472805,0.0934750446926783,0.06064858075679796,0.09218433002863456,0.10825475482195952,0.06064858075679796,0.09218433002863456,0.10825475482195952,0.5923777809295825,0.3335671941623888,0.3335671941623888,0.06064858075679796,0.06064858075679796,5.5,ok,ok,0,,0
129,Sacha Boisvert,C,f1,CHI,19,0.2857,9.25,,,,thin,7.0,1,26664.0,208.0,ok,0.007128,55.0,3048.0,-0.8170421835952231,,,contract_type,0.8401830166005084,10,54|603|544|319|343|2|733|439|432|683,-0.24454088593168094,1.021428506808291,1.0008723871189504,0.6572439580694991,-0.5725012976635422,-0.8885957328637746,-0.7006464010036897,-0.5725012976635422,-0.8885957328637746,-0.7006464010036897,-1.5475644219011753,-1.8636588571014079,-1.6757095252413228,-0.5725012976635422,1.1916182803893285,1,0.23226984684914764,-0.6369065968263001,0.20134068914420822,-0.2393322123367887,-0.09289435771255797,-0.0704183396585337,0.1527268854164972,-0.5294476168035062,-0.5294476168035062,-0.4804401770980663,-0.7457050193736962,-0.5879788960394035,-0.5876630031446748,-0.9121286520876357,-0.719201807640823,-0.4804401770980663,-0.7457050193736962,-0.5879788960394035,-0.8170421835952231,-0.5725012976635422,-0.5725012976635422,-0.4804401770980663,-0.5876630031446748,0.9742,ok,ok,0,,0
130,Andre Burakovsky,L,f1,CHI,30,0.44,16.417,0.46,0.43,0.7003891050583657,ok,75.0,0,54787.0,22890.0,ok,0.01833,165.0,16796.0,0.21109410879930127,,,contract_type,3.9364046793072744,10,682|755|684|524|677|760|136|249|371|409,0.3062474600527938,1.021428506808291,1.0008723871189504,0.6572439580694991,-0.09515335125349253,-0.2786505896483969,-0.16768012872766572,-0.09515335125349253,-0.2786505896483969,-0.16768012872766572,-0.9666821324493473,-1.1501793708442516,-1.0392089099235204,-0.09515335125349253,4.099410284839626,0,0.3942739907135519,-0.24158526086514842,-0.0033439742425545663,0.2488965108890629,-0.3264242753527197,-0.5309319259968832,1.0144619969349424,-0.22577565253413392,-0.22577565253413392,-0.023211473027080782,-0.06797333525724371,-0.04090347564082027,-0.017300609318816825,-0.0506637435724358,-0.03048729613230286,-0.017300609318816825,-0.0506637435724358,-0.03048729613230286,0.21109410879930127,-0.09515335125349253,-0.09515335125349253,-0.017300609318816825,-0.017300609318816825,5.5,ok,ok,0,,0
131,Ryan Donato,C,f1,CHI,29,0.3659,14.733,0.47,0.44,0.4253731343283582,ok,82.0,0,42196.0,3651.0,ok,0.017312,157.0,12956.0,-0.01245225397754441,,,contract_type,3.0958787483457617,10,222|565|543|164|372|10|30|661|346|198,0.021033540845652572,1.021428506808291,1.0008723871189504,0.6572439580694991,-0.03348579482319698,0.08822735688457427,0.17002228832171973,-0.03348579482319698,0.08822735688457427,0.17002228832171973,-1.2753363946806398,-1.1536232429728683,-1.0718283115357228,-0.03348579482319698,3.024969060813584,0,0.1495120770844308,0.2415852608651484,0.07560725762415793,0.19508172399572155,-0.10043823857006806,-0.19113549335887792,0.09322448809261097,-0.15174412525386094,-0.15174412525386094,-0.011069797459082365,0.02916636670024155,0.056206290016067535,-0.008371448705799246,0.022056839221143567,0.04250557208042993,-0.008371448705799246,0.022056839221143567,0.04250557208042993,-0.01245225397754441,-0.03348579482319698,-0.03348579482319698,-0.008371448705799246,-0.008371448705799246,4.0,ok,ok,0,,0
132,Anton Frondell,C,f1,CHI,18,0.75,17.7,0.4000000000000001,0.35,0.4864864864864865,ok,12.0,1,96072.0,17208.0,ok,0.035642,232.0,22034.0,0.4522266041823701,,,contract_type,5.333968587345497,10,127|139|626|538|78|688|549|133|543|27,0.09706771412541026,1.021428506808291,1.0008723871189504,0.6572439580694991,0.35515889005695983,-0.20363468607887064,-0.020454008794355574,0.35515889005695983,-0.20363468607887064,-0.020454008794355574,-0.7920423737878061,-1.3508359499236364,-1.1676552726391216,0.35515889005695983,5.6618858579994455,1,0.7361444869708711,-1.2079263043257418,0.585329251416745,0.30505867131742614,-0.9039441471306087,-1.2954738994323964,-0.11913464820230843,0.21604165356794142,0.21604165356794142,0.06272802012692828,-0.035965876244425446,-0.0036125787957129066,0.3642655282635486,-0.20885608828602117,-0.020978470558313412,0.06272802012692828,-0.035965876244425446,-0.0036125787957129066,0.4522266041823701,0.35515889005695983,0.35515889005695983,0.06272802012692828,0.3642655282635486,0.975,ok,ok,0,,0
133,Ryan Greene,C,f1,CHI,22,0.358,16.75,0.44,0.41,0.5161290322580645,ok,81.0,0,21731.0,262.0,ok,0.002037,121.0,6637.0,-0.4988927025774168,,,contract_type,3.8139691746630238,10,139|559|92|686|226|31|538|57|688|434,0.12346983086434038,1.021428506808291,1.0008723871189504,0.6572439580694991,-0.6223625334417572,-1.142513741120782,-1.007410602781999,-0.6223625334417572,-1.142513741120782,-1.007410602781999,-1.7292249984665575,-2.2493762061455826,-2.114273067806799,-0.6223625334417572,4.2043662277419696,1,0.3847843883050765,-0.3074721501920069,-0.3967959836215206,0.08473019579076847,-0.602629431420407,-0.8494910815950141,-0.06758748721074145,-0.4669454110185229,-0.4669454110185229,-0.14802766926800479,-0.2717445815214793,-0.23961057344023212,-0.6551184562544813,-1.2026460432850337,-1.0604322134547357,-0.14802766926800479,-0.2717445815214793,-0.23961057344023212,-0.4988927025774168,-0.6223625334417572,-0.6223625334417572,-0.14802766926800479,-0.6551184562544813,0.95,ok,ok,0,,0
134,Sam Lafferty,C,f1,CHI,30,0.069,8.6,0.47,0.4,0.6538461538461539,ok,29.0,0,22030.0,1752.0,ok,0.01222,72.0,2765.0,-0.6292567631643244,,,contract_type,0.775,10,657|689|91|270|269|114|266|480|142|372,-0.4350840133427728,1.021428506808291,1.0008723871189504,0.6572439580694991,-0.19417274982155164,0.1646217429581361,0.25722125303771864,-0.19417274982155164,0.1646217429581361,0.25722125303771864,-1.411271456273105,-1.0524769634934172,-0.9598774534138348,-0.19417274982155164,0.9902742026591329,0,0.5943715467163527,0.4172836324034381,-0.423079621167999,-0.5215664218349516,-0.24256054873966548,-0.843902324479257,1.1178367316728044,-0.15300970025406777,-0.15300970025406777,-0.19607978204435644,0.16623854536055338,0.25974750462752183,-0.09708637491077582,0.08231087147906806,0.12861062651885932,-0.09708637491077582,0.08231087147906806,0.12861062651885932,-0.6292567631643244,-0.19417274982155164,-0.19417274982155164,-0.09708637491077582,-0.09708637491077582,2.0,ok,ok,0,,0
135,Nick Lardis,L,f1,CHI,20,0.3659,12.667,0.47,0.4,0.625,ok,41.0,0,12289.0,341.0,ok,0.009165,131.0,10721.0,-0.4822968503822988,,,contract_type,2.3361776723122776,10,685|489|378|388|80|420|140|207|482|681,-0.2863674011979668,1.021428506808291,1.0008723871189504,0.6572439580694991,-0.19592944918433203,-0.635981699376169,-0.43188237447299865,-0.19592944918433203,-0.635981699376169,-0.43188237447299865,-0.9962665864219117,-1.4363188366137485,-1.2322195117105783,-0.19592944918433203,2.1527903241370066,1,0.3809049328547018,-0.7027934861531588,0.17271626962794145,0.06003282955526301,0.22598603678265272,-0.6795928652760095,0.44430810973318513,-0.23665546710226404,-0.23665546710226404,-0.09101185888266879,-0.29542203541402307,-0.20061515960507126,-0.22650803373911219,-0.7352389588163802,-0.4992859820497095,-0.09101185888266879,-0.29542203541402307,-0.20061515960507126,-0.4822968503822988,-0.19592944918433203,-0.19592944918433203,-0.09101185888266879,-0.22650803373911219,0.865,ok,ok,0,,0
136,Andrew Mangiapane,L,f1,CHI,29,0.2581,12.487,0.49,0.47,0.5734597156398105,ok,62.0,0,96047.0,13739.0,ok,0.043788,195.0,17230.0,0.3603229751085585,,,contract_type,1.9480547517470184,10,601|163|612|684|397|352|200|711|398|350,-0.13291280877062242,1.021428506808291,1.0008723871189504,0.6572439580694991,0.4932357838791809,0.23534573327721356,0.33717259805611677,0.4932357838791809,0.23534573327721356,0.33717259805611677,0.01012017017752942,-0.24776988042443798,-0.14594301564553475,0.4932357838791809,2.0103165999675654,0,0.15663770179950137,-0.0219622964422862,-0.027086191364691703,-0.02072680887307321,-0.20038089372613846,-0.4079792694502376,0.26169075094058114,0.46647931369966683,0.46647931369966683,0.24535229121977045,0.11706898967108496,0.16772114305853952,0.13700993996643912,0.065373814799226,0.093659055015588,0.13700993996643912,0.065373814799226,0.093659055015588,0.3603229751085585,0.4932357838791809,0.4932357838791809,0.13700993996643912,0.13700993996643912,3.6,ok,ok,0,,0
137,Ilya Mikheyev,R,f1,CHI,31,0.4675,17.433,0.45,0.42,0.3684210526315789,ok,77.0,0,30789.0,18292.0,ok,0.013238,145.0,9951.0,-0.02178470129131046,,,contract_type,4.392130081561195,10,569|175|342|567|677|128|581|223|371|387,0.3142525146184839,1.021428506808291,1.0008723871189504,0.6572439580694991,-0.33603721590979435,-0.2563882546629206,-0.18553425277415386,-0.33603721590979435,-0.2563882546629206,-0.18553425277415386,-1.1583306195576089,-1.078681658310735,-1.0078276564219684,-0.33603721590979435,4.8940495075138895,0,0.4445750340435543,0.1537360750960035,-0.14760302306635692,0.14029302680593492,-0.5021911928503389,-0.700830142315886,-1.0227967441268053,-0.2548942238718903,-0.2548942238718903,-0.0686624063352593,-0.05238775256958165,-0.03791017080830528,-0.07074467703364092,-0.053976474665878016,-0.03905984268929555,-0.07074467703364092,-0.053976474665878016,-0.03905984268929555,-0.02178470129131046,-0.33603721590979435,-0.33603721590979435,-0.07074467703364092,-0.07074467703364092,4.75,ok,ok,0,,0
138,Oliver Moore,C,f1,CHI,21,0.3725,12.85,0.4699999999999999,0.48,0.5852272727272727,ok,51.0,0,29680.0,2663.0,ok,0.00611,163.0,15144.0,-0.07732279076110213,,,contract_type,2.42317993271291,10,61|516|434|256|31|319|84|376|28|544,-0.42601560641621294,1.021428506808291,1.0008723871189504,0.6572439580694991,0.3486928156551108,0.34711389131983594,0.4719630868930903,0.3486928156551108,0.34711389131983594,0.4719630868930903,-0.704630732537153,-0.7062096568724281,-0.5813604612991735,0.3486928156551108,2.2239188709610374,1,0.20850040102635922,-0.1317737786537172,0.0550752557748731,-0.06700003398368193,-0.5519147287213777,-0.23808105313123482,0.20715755589327056,0.3259081511503812,0.3259081511503812,0.1567920575737674,0.15608208368223217,0.2122213598057818,0.37028014830106276,0.36860347384499936,0.5011819973378893,0.1567920575737674,0.15608208368223217,0.2122213598057818,-0.07732279076110213,0.3486928156551108,0.3486928156551108,0.1567920575737674,0.37028014830106276,0.9417,ok,ok,0,,0
139,Frank Nazar,C,f1,CHI,22,0.6212,18.317,0.45,0.42,0.5086505190311419,ok,66.0,0,107321.0,9972.0,ok,0.05499,333.0,34203.0,0.6279709017726199,,,contract_type,5.176200822813427,10,133|686|559|543|688|31|57|434|346|538,0.1419806343294096,1.021428506808291,1.0008723871189504,0.6572439580694991,0.48599026744321033,0.26989344838014373,0.3745190477790459,0.48599026744321033,0.26989344838014373,0.3745190477790459,-0.662498377445251,-0.8785951965083176,-0.7739695971094156,0.48599026744321033,5.98306313351273,1,0.36815812440271617,-0.3953213359611518,0.5269434611417427,0.5755310410815918,-0.20087647714013546,-0.5096946489570084,-0.0005817821346668084,0.22092324819012182,0.22092324819012182,0.08122766826929327,0.04510957721111092,0.06259653950185899,0.5115687025718004,0.28409836671594074,0.394230576609522,0.08122766826929327,0.04510957721111092,0.06259653950185899,0.6279709017726199,0.48599026744321033,0.48599026744321033,0.08122766826929327,0.5115687025718004,0.95,ok,ok,0,,0
140,Landon Slaggert,L,f1,CHI,23,0.1321,10.55,0.43,0.41,0.4566929133858268,ok,53.0,0,10603.0,295.0,ok,0.001018,58.0,2859.0,-0.9547260147524596,,,contract_type,0.8595024692293229,10,275|207|420|489|635|88|388|37|438|490,-0.22822648824835623,1.021428506808291,1.0008723871189504,0.6572439580694991,-0.7264995265041033,-0.5596614595607468,-0.43802297832021125,-0.7264995265041033,-0.5596614595607468,-0.43802297832021125,-1.2932527392170619,-1.1264146722737052,-1.00477619103317,-0.7264995265041033,1.3965413285396997,0,0.5117421298461923,-0.4392459288457242,-0.503836599125691,-0.300189119835198,-0.6779581103479574,-0.7433046963956369,-0.4059183245269465,-0.4042128346247933,-0.4042128346247933,-0.5202134098414195,-0.4007482257227285,-0.3136484179657126,-0.8072216961156703,-0.6218460661786075,-0.48669219813356807,-0.8072216961156703,-0.6218460661786075,-0.48669219813356807,-0.9547260147524596,-0.7264995265041033,-0.7264995265041033,-0.8072216961156703,-0.8072216961156703,0.9,ok,ok,0,,0
141,Teuvo Teravainen,C,f1,CHI,31,0.4667,17.75,0.47,0.4099999999999999,0.5057034220532319,ok,75.0,0,42818.0,36887.0,ok,0.041752,136.0,10439.0,0.10667897136750826,,,contract_type,4.506306904936652,10,92|442|418|347|222|131|661|373|413|565,0.0936065918711481,1.021428506808291,1.0008723871189504,0.6572439580694991,0.013072379496360156,-0.02693988309231732,0.055526340335092524,0.013072379496360156,-0.02693988309231732,0.055526340335092524,-0.9375744478496065,-0.977586710438284,-0.8951204870108742,0.013072379496360156,5.15476314996217,0,0.2768266010917706,0.0439245928845724,-0.05908802486593856,0.25776159179260594,-0.4017529542802719,-0.7433046963956382,0.15512774633159648,-0.0638413913790926,-0.0638413913790926,0.0025359806291887716,-0.005226211623809531,0.010771850950222617,0.0024208110178444734,-0.004988867239318022,0.010282655617609725,0.0024208110178444734,-0.004988867239318022,0.010282655617609725,0.10667897136750826,0.013072379496360156,0.013072379496360156,0.0024208110178444734,0.0024208110178444734,5.4,ok,ok,0,,0
142,Dominic Toninato,C,f1,CHI,31,0.125,9.15,,,,thin,8.0,1,12599.0,1151.0,ok,0.0,36.0,2080.0,-1.0188115372254554,,,contract_type,0.775,10,429|5|93|657|408|709|675|26|683|457,-0.5526069257312485,1.021428506808291,1.0008723871189504,0.6572439580694991,-0.4662046114942069,-0.6536735963198046,-0.5791645694779856,-0.4662046114942069,-0.6536735963198046,-0.5791645694779856,-1.554049537941492,-1.7415185227670897,-1.6670094959252708,-0.4662046114942069,1.1062231198753738,0,0.23797368545159822,0.26354755730743457,-0.31399918137587035,-0.38901473328281466,0.13259609565609762,0.18889999051257675,0.1397845545747953,-0.3233424521764567,-0.3233424521764567,-0.42143813767581456,-0.5909057445784055,-0.5235513153469743,-0.5484760135225963,-0.7690277603762408,-0.6813700817388065,-0.5484760135225963,-0.7690277603762408,-0.6813700817388065,-1.0188115372254554,-0.4662046114942069,-0.4662046114942069,-0.5484760135225963,-0.5484760135225963,0.85,ok,ok,0,,0
143,Louis Crevier,D,d1,CHI,24,0.3205,17.133,0.4600000000000001,0.41,0.2524271844660194,ok,78.0,0,18861.0,1033.0,ok,0.001018,136.0,9744.0,-0.3431629213645594,,,contract_type,2.76747542883957,10,743|451|46|150|75|384|42|504|144|745,-0.4454167615838941,1.021428506808291,1.0008723871189504,0.6572439580694991,0.1022538402193347,-0.35620464153514503,-0.23441326808746057,0.1022538402193347,-0.35620464153514503,-0.23441326808746057,-0.46957773530347713,-0.9280362170579569,-0.8062448436102724,0.1022538402193347,2.3071020007961236,0,0.4184361848979514,-0.2855098537497207,0.31714251716387165,0.15682452978662703,-0.42686251392278574,-0.6158810341563854,-0.7083966606083183,0.026177729688048212,0.026177729688048212,0.044321334810532624,-0.15439483881173335,-0.10160507338061792,0.113615378021483,-0.39578293503905,-0.26045918676384505,0.113615378021483,-0.39578293503905,-0.26045918676384505,-0.3431629213645594,0.1022538402193347,0.1022538402193347,0.113615378021483,0.113615378021483,0.9,ok,ok,0,,0
144,Ethan Del Mastro,D,d1,CHI,23,0.0526,14.133,0.45,0.34,0.2727272727272727,ok,19.0,1,8184.0,334.0,ok,0.0,42.0,1647.0,-1.164589231371749,,,contract_type,1.0049926823390065,10,143|743|46|150|770|504|451|384|75|695,-0.47605826743989754,1.021428506808291,1.0008723871189504,0.6572439580694991,-0.6885309639318514,-0.8058637136487478,-0.7032302800296661,-0.6885309639318514,-0.8058637136487478,-0.7032302800296661,-1.4922489602464055,-1.6095817099633016,-1.5069482763442201,-0.6885309639318514,1.3823537365995646,1,0.7665847860198278,-0.5710197074994416,-0.5194195190959953,-0.47204682906952455,-0.5021911928503386,-1.8901176565489044,-0.6447138110547623,-0.2874691499930665,-0.2874691499930665,-0.4980859426224437,-0.5829649042155318,-0.5087194843192119,-0.8045465808972323,-0.9416495836045196,-0.8217226922524727,-0.4980859426224437,-0.5829649042155318,-0.5087194843192119,-1.164589231371749,-0.6885309639318514,-0.6885309639318514,-0.4980859426224437,-0.8045465808972323,0.8558,ok,ok,0,,0
145,Matt Grzelcyk,D,d1,CHI,32,0.1739,16.967,0.47,0.46,0.5465116279069767,ok,69.0,0,34210.0,2273.0,ok,0.00611,83.0,4055.0,-0.44725572905209465,,,contract_type,2.549088465490539,10,423|310|595|556|168|263|330|555|428|640,0.06337324035308516,1.021428506808291,1.0008723871189504,0.6572439580694991,-0.5106289694051798,-0.39932881763156564,-0.3342424239339553,-0.5106289694051798,-0.39932881763156564,-0.3342424239339553,-1.5117686237151275,-1.4004684719415132,-1.3353820782439032,-0.5106289694051798,2.3226728164294617,0,0.21841439381651648,-0.15373607509600362,-0.37519391001461827,-0.3514817287813342,-0.12554779821258544,-0.1274236622392515,0.17710318855530563,-0.2968730186865725,-0.2968730186865725,-0.21984541507234165,-0.17192641805031994,-0.14390422170944028,-0.5106289694051798,-0.39932881763156564,-0.3342424239339553,-0.5106289694051798,-0.39932881763156564,-0.3342424239339553,-0.44725572905209465,-0.5106289694051798,-0.5106289694051798,-0.5106289694051798,-0.5106289694051798,1.0,ok,ok,0,,0
146,Wyatt Kaiser,D,d1,CHI,23,0.2208,19.617,0.45,0.43,0.495049504950495,ok,77.0,0,15954.0,778.0,ok,0.0,135.0,6039.0,-0.4601725979632521,,,contract_type,3.931917296825821,10,448|149|100|382|598|690|576|697|404|18,-0.09380061196094375,1.021428506808291,1.0008723871189504,0.6572439580694991,-0.36637198600230836,-0.3642889359168027,-0.2941638078794952,-0.36637198600230836,-0.3642889359168027,-0.2941638078794952,-1.1912749167521093,-1.1891918666666037,-1.1190667386292958,-0.36637198600230836,3.8407245662080256,0,0.2179166986100567,0.04392459288457218,-0.04159903957737843,0.36616529940466813,-0.451972073565305,-0.297321878558255,-0.10651730767016149,-0.5062853889872977,-0.5062853889872977,-0.09539137204103912,-0.09484901341844144,-0.07659070646920282,-0.21551293294253435,-0.21428760936282515,-0.1730375340467619,-0.21551293294253435,-0.21428760936282515,-0.1730375340467619,-0.4601725979632521,-0.36637198600230836,-0.36637198600230836,-0.21551293294253435,-0.21551293294253435,1.7,ok,ok,0,,0
147,Kevin Korchinski,D,d1,CHI,21,0.1538,13.633,0.47,0.43,0.5555555555555556,ok,13.0,1,22769.0,2723.0,ok,0.010183,66.0,3561.0,-0.587895840773522,,,contract_type,0.8450167290178069,10,288|448|367|598|195|44|18|366|98|695,-0.1601635752095068,1.021428506808291,1.0008723871189504,0.6572439580694991,-0.42773226556401517,-0.09494166407035168,-0.0017518413092681697,-0.42773226556401517,-0.09494166407035168,-0.0017518413092681697,-1.1843004772658434,-0.8515098757721798,-0.7583200530110965,-0.42773226556401517,1.2209222389239103,1,0.2921818538336263,-0.5270951146148691,-0.08975226867016362,-0.36896216999958875,-0.15065735785510226,-0.40350826375763105,0.21311594810440349,-0.2479170420648441,-0.2479170420648441,-0.3503353874043669,-0.07776225302770375,-0.0014348508475135959,-0.465787069110329,-0.1033885049225217,-0.0019077004347905582,-0.3503353874043669,-0.07776225302770375,-0.0014348508475135959,-0.587895840773522,-0.42773226556401517,-0.42773226556401517,-0.3503353874043669,-0.465787069110329,0.9183,ok,ok,0,,0
148,Artyom Levshunov,D,d1,CHI,20,0.3529,19.583,0.45,0.41,0.6573705179282868,ok,68.0,0,63043.0,23168.0,ok,0.028513,185.0,10134.0,0.2158728388215993,,,contract_type,4.035887145991836,10,149|690|146|598|103|448|697|694|147|360,0.05759443474160555,1.021428506808291,1.0008723871189504,0.6572439580694991,0.15827840407999375,0.2656334543141177,0.3879395593145375,0.15827840407999375,0.2656334543141177,0.3879395593145375,-0.28583014647621874,-0.17847509624209484,-0.0561689912416752,0.15827840407999375,3.6836109072090326,1,0.41861123339424094,-0.39532133596115204,0.3317891243462604,0.5462388160115732,-0.1004382385700675,-0.4035082637576317,0.734371621718761,-0.13646352486378374,-0.13646352486378374,0.0429682743555336,0.07211224556704895,0.10531502080073606,0.1623368246974295,0.27244456852730026,0.3978867275020897,0.0429682743555336,0.07211224556704895,0.10531502080073606,0.2158728388215993,0.15827840407999375,0.15827840407999375,0.0429682743555336,0.1623368246974295,0.975,ok,ok,0,,0
149,Sam Rinzel,D,d1,CHI,21,0.2593,18.267,0.45,0.42,0.5989583333333334,ok,54.0,0,22963.0,2806.0,ok,0.00611,152.0,8292.0,-0.22138474921920348,,,contract_type,3.284682636276669,10,690|148|146|598|448|697|147|404|672|18,-0.16019556391566717,1.021428506808291,1.0008723871189504,0.6572439580694991,-0.061189185303536314,-0.20920574815497156,-0.12194399824336587,-0.061189185303536314,-0.20920574815497156,-0.12194399824336587,-0.7760540267789434,-0.9240705896303786,-0.836808839718773,-0.061189185303536314,2.9236742998892327,1,0.29016215583701177,-0.08784918576914502,0.08366623554871433,0.2254976917154845,-0.401752954280271,-0.44598281783738214,0.4962240498710737,-0.22429648315494427,-0.22429648315494427,-0.020928865197417698,-0.07155576397921533,-0.04170915968580559,-0.06497736572532263,-0.22215753228732246,-0.12949346739233925,-0.020928865197417698,-0.07155576397921533,-0.04170915968580559,-0.22138474921920348,-0.061189185303536314,-0.061189185303536314,-0.020928865197417698,-0.06497736572532263,0.9417,ok,ok,0,,0
150,Alex Vlasic,D,d1,CHI,24,0.2593,21.133,0.45,0.4,0.3204747774480712,ok,81.0,0,47651.0,4355.0,ok,0.00611,114.0,5480.0,-0.20729997990405255,,,contract_type,4.733702969347581,10,96|46|450|47|576|143|100|104|695|696,-0.19245842838854074,1.021428506808291,1.0008723871189504,0.6572439580694991,-0.014841551515511808,-0.09022894839329602,-0.0030700027546917232,-0.014841551515511808,-0.09022894839329602,-0.0030700027546917232,-0.7710302748361695,-0.8464176717139538,-0.7592587260753495,-0.014841551515511808,5.105286295638392,0,0.4249471849467262,-0.417283632403438,0.15168267164227345,0.4086677436239099,-0.35153383499523727,-0.7433046963956365,-0.47721053061986196,-0.12109355216387213,-0.12109355216387213,-0.002907094853464225,-0.017673631441664978,-0.0006013380204190553,-0.0032264242425025674,-0.01961498878115131,-0.0006673919031938529,-0.0032264242425025674,-0.01961498878115131,-0.0006673919031938529,-0.20729997990405255,-0.014841551515511808,-0.014841551515511808,-0.0032264242425025674,-0.0032264242425025674,4.6,ok,ok,0,,0
151,Zakhar Bardakov,C,f1,COL,24,0.1667,7.2,0.55,0.54,0.6037735849056604,ok,60.0,0,13365.0,17660.0,ok,0.001018,55.0,3775.0,-0.6113249238704312,,,contract_type,0.775,10,461|733|2|610|439|603|129|709|302|675,-0.6954093633770733,0.485369873045787,-0.1589792750932078,-0.4693869807387147,0.08408443950664202,-0.47232039212300553,-0.339043067063258,0.08408443950664202,-0.47232039212300553,-0.339043067063258,-0.09815665911793703,-0.6545614907475847,-0.5212841656878371,0.08408443950664202,0.8145959676336137,1,0.4244474084701782,0.26354755730743484,-0.009697525303408394,-0.5348265851019418,0.770852468060517,0.4314520493364148,0.5363082657113527,0.10733465280390356,0.10733465280390356,0.10322226336438389,-0.5798216672924218,-0.4162100974402953,0.09692730778863633,-0.5444615471158565,-0.39082774301240114,0.10322226336438389,-0.5798216672924218,-0.4162100974402953,-0.6113249238704312,0.08408443950664202,0.08408443950664202,0.10322226336438389,0.09692730778863633,0.8675,ok,ok,0,,0
152,Ross Colton,C,f1,COL,29,0.3288,12.517,0.59,0.59,0.4653846153846154,ok,73.0,0,23784.0,3303.0,ok,0.011202,92.0,6270.0,-0.3883867301186642,,,contract_type,2.1702247984891274,10,155|153|655|602|302|703|733|654|390|610,-0.23827295385092545,0.485369873045787,-0.1589792750932078,-0.4693869807387147,-0.15011377626773875,-0.008039746029074403,0.07501002124236687,-0.15011377626773875,-0.008039746029074403,0.07501002124236687,-0.7402491193078808,-0.5981750890692162,-0.5151253217977751,-0.15011377626773875,2.072391265362269,0,0.5930225045328869,0.5710197074994416,-0.26273605623750956,-0.21256216521397642,1.0797110646282277,0.9769147438342651,-0.45519128978390044,-0.008022547618352749,-0.008022547618352749,-0.07243505547274046,-0.003879453732241531,0.036194912850713336,-0.03752844406693469,-0.0020099365072686007,0.018752505310591718,-0.03752844406693469,-0.0020099365072686007,0.018752505310591718,-0.3883867301186642,-0.15011377626773875,-0.15011377626773875,-0.03752844406693469,-0.03752844406693469,4.0,ok,ok,0,,0
153,Jack Drury,C,f1,COL,25,0.3293,14.483,0.58,0.58,0.4790874524714829,ok,82.0,0,56810.0,2149.0,ok,0.015275,166.0,18119.0,0.0628963100268162,,,contract_type,2.8946474838654117,10,655|152|652|272|155|761|602|396|460|456,-0.05319565459527174,0.485369873045787,-0.1589792750932078,-0.4693869807387147,0.11609196462208793,0.06673646860884261,0.20223055713909874,0.11609196462208793,0.06673646860884261,0.20223055713909874,-1.0002451260556886,-1.0496006220689338,-0.9141065335386778,0.11609196462208793,2.8649640819701507,0,0.4115583274789949,-0.13177377865371737,-0.5050404298530107,-0.2702226491753331,0.8286154682030586,0.5521692030367575,-0.18152843595209248,0.42420376733135956,0.42420376733135956,0.04052126354835658,0.02329399835370708,0.07058746684182889,0.067299689635993,0.03868780788918412,0.11723510558788332,0.067299689635993,0.03868780788918412,0.11723510558788332,0.0628963100268162,0.11609196462208793,0.11609196462208793,0.067299689635993,0.067299689635993,1.725,ok,ok,0,,0
154,Nazem Kadri,C,f1,COL,35,0.6494,19.041,0.53,0.51,0.6788732394366197,ok,77.0,0,209282.0,22828.0,ok,0.153768,391.0,41352.0,0.9915001599173232,,,contract_type,5.526643659387787,10,295|277|758|764|418|182|614|373|419|254,0.41344015377891774,0.485369873045787,-0.1589792750932078,-0.4693869807387147,0.5780600061384055,0.4338267611926533,0.5335794916004432,0.5780600061384055,0.4338267611926533,0.5335794916004432,0.007768648196040173,-0.13646459674971206,-0.036711866341922424,0.5780600061384055,6.809293536770386,0,0.5346852547951527,0.37335903951886573,0.4701962182455924,0.5627703189922659,0.6277389910629246,0.4035082637576316,0.7705386971936359,0.18228124775550125,0.18228124775550125,0.08489280172999804,0.06371097953847576,0.07836047729754904,0.08258000087691507,0.06197525159895047,0.07622564165720618,0.08258000087691507,0.06197525159895047,0.07622564165720618,0.9915001599173232,0.5780600061384055,0.5780600061384055,0.08258000087691507,0.08258000087691507,7.0,ok,ok,0,,1
155,Parker Kelly,C,f1,COL,26,0.4268,12.7,0.57,0.57,0.4657534246575342,ok,82.0,0,22846.0,2064.0,ok,0.005092,246.0,30155.0,0.0771445103540283,,,contract_type,2.5301841344071683,10,152|733|655|602|153|390|439|302|610|26,-0.1907437406580209,0.485369873045787,-0.1589792750932078,-0.4693869807387147,0.2678882510120492,0.19618999816053853,0.28242781667894085,0.2678882510120492,0.19618999816053853,0.28242781667894085,0.12581645316866963,0.05411820031715891,0.14035601883556112,0.2678882510120492,2.2125349542269133,0,0.3571637564714261,0.0878491857691448,0.3417876073314986,0.09489382375623912,0.6779581103479564,0.6371183111962593,-0.3033755004274588,0.1655939975018178,0.1655939975018178,0.12107752263993164,0.08867204460916175,0.12764897392440272,0.32471303152975667,0.23780605837641036,0.3423367474896253,0.32471303152975667,0.23780605837641036,0.3423367474896253,0.0771445103540283,0.2678882510120492,0.2678882510120492,0.32471303152975667,0.32471303152975667,0.825,ok,ok,0,,0
156,Joel Kiviranta,L,f1,COL,29,0.1765,10.367,0.59,0.6,0.4460431654676259,ok,51.0,0,19531.0,16514.0,ok,0.004073,64.0,6319.0,-0.43023158585026644,,,contract_type,0.9248066732858877,10,108|648|112|116|14|299|609|663|176|90,-0.41586391521982957,0.485369873045787,-0.1589792750932078,-0.4693869807387147,-0.014367670630436868,-0.1455468991017219,-0.043871438886735496,-0.014367670630436868,-0.1455468991017219,-0.043871438886735496,-1.1853499298619306,-1.3165291583332155,-1.214853698118229,-0.014367670630436868,1.3769445645123082,0,0.5092030623068059,-0.0439245928845724,-0.40187882447020357,-0.32930654049303354,0.8286154682030586,0.8070165275152621,-0.6444764202747048,0.3077588640678729,0.3077588640678729,-0.010434458293188927,-0.10570280231526406,-0.031861441642186995,-0.011494136504349495,-0.11643751928137751,-0.0350971511093884,-0.011494136504349495,-0.11643751928137751,-0.0350971511093884,-0.43023158585026644,-0.014367670630436868,-0.014367670630436868,-0.011494136504349495,-0.011494136504349495,1.25,ok,ok,0,,0
157,Gabriel Landeskog,L,f1,COL,33,0.5833,16.417,0.56,0.56,0.5773584905660377,ok,60.0,0,261607.0,77322.0,ok,0.246436,285.0,76718.0,1.2003082034934884,,,contract_type,4.36435598041936,10,8|296|414|162|90|650|158|200|291|7,0.19324699235915171,0.485369873045787,-0.1589792750932078,-0.4693869807387147,1.0070612111343367,0.6802870248707114,0.8017784694987294,1.0070612111343367,0.6802870248707114,0.8017784694987294,0.34841229974549515,0.02163811348186976,0.14312955810988784,1.0070612111343367,4.316614432548447,0,0.24522808472113486,0.417283632403438,0.10158993748880674,-0.0016981000040586502,0.47708163320782293,0.4459828178373826,0.02773238738530004,0.9214625505185692,0.9214625505185692,0.23329885651607452,0.15759735679451983,0.1857424335731961,0.14386588730490524,0.0971838606958159,0.11453978135696134,0.14386588730490524,0.0971838606958159,0.11453978135696134,1.2003082034934884,1.0070612111343367,1.0070612111343367,0.14386588730490524,0.14386588730490524,7.0,ok,ok,0,,0
158,Artturi Lehkonen,L,f1,COL,30,0.6857,18.483,0.55,0.57,0.6505190311418685,ok,70.0,0,37329.0,50461.0,ok,0.057026,136.0,16913.0,0.18820384163884668,,,contract_type,5.429864545872784,10,291|181|296|586|157|246|710|200|650|320,0.6397585832325683,0.485369873045787,-0.1589792750932078,-0.4693869807387147,-0.4515547415937216,-0.5516511324537913,-0.41944172307130506,-0.4515547415937216,-0.5516511324537913,-0.41944172307130506,-0.8959404553032787,-0.9960368461633483,-0.8638274367808622,-0.4515547415937216,6.2933921116251845,0,0.3096534435943615,0.04392459288457251,0.11326040759532185,0.33819659345546055,0.4770816332078227,0.48845737191713123,0.39700006250586006,-0.5786219167527997,-0.5786219167527997,-0.0717506129579321,-0.08765561126165627,-0.06664795640120853,-0.10034549813193813,-0.12258914054528695,-0.09320927179362336,-0.10034549813193813,-0.12258914054528695,-0.09320927179362336,0.18820384163884668,-0.4515547415937216,-0.4515547415937216,-0.10034549813193813,-0.10034549813193813,4.5,ok,ok,0,,0
159,Nathan MacKinnon,C,f1,COL,30,1.5875,22.267,0.58,0.58,0.7209302325581395,ok,80.0,0,498114.0,177587.0,ok,0.550916,835.0,230176.0,2.1289961894106013,,,contract_type,9.51443822000848,10,243|251|160|355|607|393|702|763|64|591,1.6392535146825362,0.485369873045787,-0.1589792750932078,-0.4693869807387147,0.4897426747280651,0.4237516215304666,0.5251355247493068,0.4897426747280651,0.4237516215304666,0.5251355247493068,0.010098904499565187,-0.05589214869803333,0.045491754520806664,0.4897426747280651,16.238430706194244,0,0.7829699019349367,0.3953213359611518,1.1252473326195989,0.3309546963793264,1.2554779821258468,0.913202912714638,0.6776151518090585,-0.08961041761151567,-0.08961041761151567,0.03015948299371379,0.026095601797827918,0.03233905629495286,0.03886846624825913,0.033631081073846554,0.04167742259915133,0.03886846624825913,0.033631081073846554,0.04167742259915133,2.1289961894106013,0.4897426747280651,0.4897426747280651,0.03886846624825913,0.03886846624825913,12.6,ok,ok,1,6.0,1
160,Martin Necas,C,f1,COL,27,1.2821,21.5,0.56,0.56,0.6854838709677419,ok,78.0,0,83604.0,103155.0,ok,0.235234,418.0,58708.0,1.0903297396445741,,,contract_type,8.320353168835968,10,607|393|355|64|702|591|1|159|660|466,1.1765279165041378,0.485369873045787,-0.1589792750932078,-0.4693869807387147,-0.08619817685956366,-0.007545301149068377,0.10342095971788817,-0.08619817685956366,-0.007545301149068377,0.10342095971788817,-0.9479448858636861,-0.869292010153191,-0.7583257492862344,-0.08619817685956366,12.820888904721922,0,0.3144665342222019,0.0439245928845724,0.5149385936109727,0.29337174776007924,0.4519720735653061,0.3610337096778813,0.22155848783439946,-0.3488079786055854,-0.3488079786055854,-0.006723260571099477,-0.0005885162257579075,0.008066598227818534,-0.01326125797839441,-0.0011608155613951352,0.015910916879675104,-0.01326125797839441,-0.0011608155613951352,0.015910916879675104,1.0903297396445741,-0.08619817685956366,-0.08619817685956366,-0.01326125797839441,-0.01326125797839441,6.5,ok,ok,0,,0
161,Brock Nelson,C,f1,COL,34,0.8025,19.65,0.57,0.61,0.5466321243523317,ok,81.0,0,313011.0,17088.0,ok,0.121181,362.0,54934.0,1.0199593081683311,,,contract_type,6.207800683836583,10,4|703|484|173|606|182|436|602|374|224,0.4120731128226279,0.485369873045787,-0.1589792750932078,-0.4693869807387147,0.6078861953457033,0.21815850616887142,0.44847648817794233,0.6078861953457033,0.21815850616887142,0.44847648817794233,0.13270317917374613,-0.25702451000308585,-0.02670652799401509,0.6078861953457033,7.954280016479528,0,0.8059424068372728,0.41728363240343813,0.5582096203096276,0.44030734222895024,1.2805875417683636,1.550321223910899,0.5889450804023582,0.2612894912296519,0.2612894912296519,0.07642252901410261,0.027426555982049253,0.05638178279477176,0.08105149271276044,0.02908780082251619,0.05979686509039231,0.08105149271276044,0.02908780082251619,0.05979686509039231,1.0199593081683311,0.6078861953457033,0.6078861953457033,0.08105149271276044,0.08105149271276044,7.5,ok,ok,0,,0
162,Valeri Nichushkin,R,f1,COL,30,0.6806,17.733,0.58,0.5900000000000001,0.5243055555555556,ok,72.0,0,51553.0,43125.0,ok,0.159878,131.0,14440.0,0.3202082659248813,,,contract_type,5.138846964758568,10,157|300|291|395|742|608|650|296|700|386,0.43632612158572154,0.485369873045787,-0.1589792750932078,-0.4693869807387147,-0.11611785566084026,0.03596681884011847,0.22382548559366838,-0.11611785566084026,0.03596681884011847,0.22382548559366838,-0.3603348767259328,-0.20825020222497395,-0.02039153547142409,-0.11611785566084026,5.55215689653913,0,0.35318148117530684,0.26354755730743457,-0.033640380880098575,-0.014284017681202243,0.7783963489180239,0.87072835863489,-0.15849222363019194,-0.08559420256541064,-0.08559420256541064,-0.02091400834389621,0.006477990357682066,0.04031324938479085,-0.018958017250749432,0.005872133688182607,0.03654293642345606,-0.018958017250749432,0.005872133688182607,0.03654293642345606,0.3202082659248813,-0.11611785566084026,-0.11611785566084026,-0.018958017250749432,-0.018958017250749432,6.125,ok,ok,0,,0
163,Logan O'Connor,R,f1,COL,29,0.1538,11.45,,,,thin,13.0,1,22365.0,2992.0,ok,0.0,40.0,5180.0,-0.6978462775733864,,,contract_type,1.255251698257423,10,352|293|612|711|601|136|200|289|312|417,-0.08259848761883883,0.485369873045787,-0.1589792750932078,-0.4693869807387147,-0.6152477899545475,-0.650808191879322,-0.5560152753239144,-0.6152477899545475,-0.650808191879322,-0.5560152753239144,-0.533018747153899,-0.5685791490786735,-0.47378623252326574,-0.6152477899545475,1.6322972098667778,0,0.1931923943730093,-0.10981148221143106,-0.4747440232154667,-0.372832839126488,-0.03463577415601661,0.04582780834920547,-0.12130243917944797,-0.3355844914106949,-0.3355844914106949,-0.37692142474761803,-0.3987069192701975,-0.340633600279997,-0.24609911598181902,-0.26032327675172884,-0.22240611012956574,-0.24609911598181902,-0.26032327675172884,-0.22240611012956574,-0.6978462775733864,-0.6152477899545475,-0.6152477899545475,-0.24609911598181902,-0.24609911598181902,2.5,ok,ok,0,,0
164,Nicolas Roy,C,f1,COL,28,0.3378,14.456,0.47,0.46,0.3403361344537815,ok,74.0,0,173844.0,13583.0,ok,0.03055,151.0,17860.0,0.3735846296904404,,,contract_type,2.910103564960212,10,10|349|543|131|179|590|15|752|242|198,-0.12855368180713944,0.485369873045787,-0.1589792750932078,-0.4693869807387147,0.5021383114975798,0.2293482818264627,0.4142346345923316,0.5021383114975798,0.2293482818264627,0.4142346345923316,-0.24029439335254407,-0.5130844230236612,-0.3281980702577923,0.5021383114975798,2.8610052673467075,0,0.07926865509744856,0.02196229644228622,0.04099712421371848,0.08408092225980451,-0.07532867892755124,-0.12742366223925172,-0.1258192465020791,0.475354987260267,0.475354987260267,0.17551114541052987,0.08016353008645805,0.14478639355197423,0.16737943716585993,0.07644942727548756,0.1380782115307772,0.16737943716585993,0.07644942727548756,0.1380782115307772,0.3735846296904404,0.5021383114975798,0.5021383114975798,0.16737943716585993,0.16737943716585993,3.0,ok,ok,0,,0
165,Jack Ahcan,D,d1,COL,28,0.1818,11.533,,,,thin,11.0,1,8703.0,180.0,ok,0.0,10.0,488.0,-1.7796362695944514,,,contract_type,0.775,10,471|187|311|477|71|600|69|726|470|748,-1.2179501291401573,0.485369873045787,-0.1589792750932078,-0.4693869807387147,-0.5616861404542941,-1.0030226888783138,-0.8034432203998932,-0.5616861404542941,-1.0030226888783138,-0.8034432203998932,-1.8188830109791052,-2.2602195594031254,-2.0606400909247045,-0.5616861404542941,0.8054986981394328,0,0.08462281818544436,0.10981148221143112,0.26507683820729766,0.02195043975835098,0.027056831614794066,0.037100222747210684,-0.04674109457358161,-0.6521820304292899,-0.6521820304292899,-0.6973147712736161,-1.2452195033897986,-0.9974481923505434,-0.7247563102636053,-1.2942228243591147,-1.0367009295482492,-0.7247563102636053,-1.2942228243591147,-1.0367009295482492,-1.7796362695944514,-0.5616861404542941,-0.5616861404542941,-0.7247563102636053,-0.7247563102636053,0.775,ok,ok,0,,0
166,Nick Blankenburg,D,d1,COL,27,0.3934,16.799,0.53,0.55,0.4822695035460992,ok,61.0,0,17124.0,829.0,ok,0.002037,235.0,6866.0,-0.25403010646883567,,,contract_type,2.66547109553786,10,619|600|528|668|22|723|724|41|218|470,-0.5755778251755274,0.485369873045787,-0.1589792750932078,-0.4693869807387147,0.3215477187066917,0.20788674166057955,0.3444387292765914,0.3215477187066917,0.20788674166057955,0.3444387292765914,-0.24262304547889146,-0.35628402252500385,-0.21973203490899176,0.3215477187066917,2.1204517844379316,0,0.2849818674082942,0.2196229644228621,0.3939201657729237,0.06133137661719032,0.4088246261795927,0.47788207477890954,0.14830999667828632,0.18086698538744947,0.18086698538744947,0.15164113660425643,0.09803889113926922,0.1624364825479358,0.41490028220218284,0.26824095698139294,0.44443707003431154,0.41490028220218284,0.26824095698139294,0.44443707003431154,-0.25403010646883567,0.3215477187066917,0.3215477187066917,0.41490028220218284,0.41490028220218284,0.775,ok,ok,0,,0
167,Brent Burns,D,d1,COL,40,0.4268,18.883,0.56,0.57,0.4244372990353697,ok,82.0,0,244546.0,50814.0,ok,0.145621,299.0,46063.0,0.997063317061235,,,contract_type,3.749754133406901,10,171|17|309|664|558|670|308|400|258|665,0.04982656138466239,0.485369873045787,-0.1589792750932078,-0.4693869807387147,0.9472367556765726,0.6750228388604415,0.7547998734385325,0.9472367556765726,0.6750228388604415,0.7547998734385325,-0.2713860523678142,-0.5435999691839452,-0.4638229346058543,0.9472367556765726,3.152127309988987,0,0.5659179894268743,1.2298886007680276,0.41261298178880346,0.05111780453395287,0.7532867892755098,0.6795928652760097,-0.26900889491894253,0.7479501315442094,0.7479501315442094,0.3005071377272138,0.21414834252452827,0.23945729318945863,0.9472367556765726,0.6750228388604415,0.7547998734385325,0.9472367556765726,0.6750228388604415,0.7547998734385325,0.997063317061235,0.9472367556765726,0.9472367556765726,0.9472367556765726,0.9472367556765726,1.0,ok,ok,0,,0
168,Brett Kulak,D,d1,COL,32,0.1446,18.959,0.49,0.4600000000000001,0.4981412639405204,ok,83.0,0,62740.0,5351.0,ok,0.021385,199.0,22583.0,0.23594125521232964,,,contract_type,3.5293498556109553,10,405|104|772|382|595|235|287|145|263|400,-0.006308387440200171,0.485369873045787,-0.1589792750932078,-0.4693869807387147,0.24224964265252982,0.03365677138476754,0.155735403262414,0.24224964265252982,0.03365677138476754,0.155735403262414,-0.16722154694514088,-0.3758144182129031,-0.2537357863352567,0.24224964265252982,3.4485671152236823,0,0.16344167880946409,0.2196229644228621,-0.26945744446504405,-0.22085288876320552,-8.326672684688674e-17,-0.2123727703987519,0.05834400480692084,0.3607078064947858,0.3607078064947858,0.07024646311307672,0.009759639369113593,0.045159452624517836,0.08809077914637448,0.012238825958097289,0.056631055731786915,0.08809077914637448,0.012238825958097289,0.056631055731786915,0.23594125521232964,0.24224964265252982,0.24224964265252982,0.08809077914637448,0.08809077914637448,2.75,ok,ok,0,,0
169,Cale Makar,D,d1,COL,27,1.0533,24.85,0.55,0.56,0.6718346253229974,ok,75.0,0,377994.0,83728.0,ok,0.378819,508.0,84222.0,1.5895201408014257,,,contract_type,7.34122368049182,10,257|744|363|194|446|771|334|68|216|469,0.9760415206604076,0.485369873045787,-0.1589792750932078,-0.4693869807387147,0.6134786201410181,0.5570292523705097,0.6553977726326755,0.6134786201410181,0.5570292523705097,0.6553977726326755,-0.002569352733684749,-0.059018720504193135,0.039349799757972787,0.6134786201410181,8.51586589646538,0,0.4450731437945641,0.10981148221143111,0.5234322881870601,0.0444752368710164,0.5775198717778907,0.3822709867177567,1.0329289970022297,0.39066529414492895,0.39066529414492895,0.07203948812717334,0.06541075906346902,0.0769619649488265,0.06816429112677978,0.061892139152278855,0.07282197473696395,0.06816429112677978,0.061892139152278855,0.07282197473696395,1.5895201408014257,0.6134786201410181,0.6134786201410181,0.06816429112677978,0.06816429112677978,9.0,ok,ok,1,7.0,1
170,Sam Malinski,D,d1,COL,27,0.4878,17.617,0.59,0.6,0.5045592705167173,ok,82.0,0,24563.0,1236.0,ok,0.004073,110.0,9830.0,-0.3442438588353243,,,contract_type,3.165625637281386,10,528|166|665|668|534|619|171|22|618|97,-0.5550013014884347,0.485369873045787,-0.1589792750932078,-0.4693869807387147,0.21075744265311042,0.007045297239360388,0.11407091431717765,0.21075744265311042,0.007045297239360388,0.11407091431717765,-0.6861060495271719,-0.8898181949409218,-0.7827925778631046,0.21075744265311042,2.4244577828088527,0,0.5769869526551665,-0.10981148221143108,0.6202069027665886,0.2981164389478911,1.2303684224833296,0.9132029127146388,0.2902155568071201,0.026738114309466987,0.026738114309466987,0.08692972265697183,0.0029059269620269764,0.04705007244342318,0.15054103046650744,0.005032355170971706,0.08147922451226976,0.15054103046650744,0.005032355170971706,0.08147922451226976,-0.3442438588353243,0.21075744265311042,0.21075744265311042,0.15054103046650744,0.15054103046650744,1.4,ok,ok,0,,0
171,Josh Manson,D,d1,COL,34,0.3924,17.783,0.57,0.57,0.4041811846689895,ok,79.0,0,37993.0,4576.0,ok,0.005092,161.0,18519.0,0.025232836116123508,,,contract_type,3.1620542639480314,10,167|665|309|528|306|170|529|401|17|670,0.03753097080088511,0.485369873045787,-0.1589792750932078,-0.4693869807387147,-0.012298134684761604,-0.14482809442859118,-0.06391056153148031,-0.012298134684761604,-0.14482809442859118,-0.06391056153148031,-0.6691836465430678,-0.8017136062868975,-0.7207960733897867,-0.012298134684761604,2.568398975252963,0,0.393388036949506,0.3953213359611518,0.3755951869237249,0.024472617705556754,0.8035059085605409,0.5521692030367573,-0.20926396950930437,-0.08995156123202572,-0.08995156123202572,-0.004788249334802181,-0.05638847228333246,-0.024883424322806283,-0.002732918818835912,-0.03218402098413138,-0.014202347006995625,-0.002732918818835912,-0.03218402098413138,-0.014202347006995625,0.025232836116123508,-0.012298134684761604,-0.012298134684761604,-0.002732918818835912,-0.002732918818835912,4.5,ok,ok,0,,0
172,Devon Toews,D,d1,COL,31,0.3529,22.367,0.57,0.58,0.6551724137931034,ok,68.0,0,141973.0,14656.0,ok,0.043788,123.0,14731.0,0.2711550210586154,,,contract_type,5.443449116427782,10,721|670|258|767|725|310|473|469|476|405,-0.027777036554562762,0.485369873045787,-0.1589792750932078,-0.4693869807387147,0.29893205761317815,0.09684210707392286,0.2432089036600713,0.29893205761317815,0.09684210707392286,0.2432089036600713,-0.6417433659286328,-0.8438333164678881,-0.6974665198817398,0.29893205761317815,6.3305044595435795,0,0.5097114666170534,0.10981148221143111,0.08316463941233113,0.5332533453922987,0.853725027845575,0.764541973435511,0.713772331405173,0.09599507956786152,0.09599507956786152,0.04722089045566058,0.01529769194426964,0.03841856604230342,0.04123200794664526,0.013357532010196257,0.03354605567725121,0.04123200794664526,0.013357532010196257,0.03354605567725121,0.2711550210586154,0.29893205761317815,0.29893205761317815,0.04123200794664526,0.04123200794664526,7.25,ok,ok,0,,0
173,Charlie Coyle,C,f1,CBJ,33,0.7073,18.1,0.5,0.55,0.393643031784841,ok,82.0,0,89972.0,7024.0,ok,0.074338,297.0,14187.0,0.4422765867651879,,,contract_type,5.3535356185349245,10,484|4|436|375|315|205|224|713|327|374,0.4543120984447608,-0.84185426424635,-0.46792265997595134,-0.6203856328644397,-0.012035511679572897,-0.18372687627188328,-0.09875055618844837,-0.012035511679572897,-0.18372687627188328,-0.09875055618844837,1.1323611602484194,0.9606697956561089,1.045646115739544,-0.012035511679572897,5.954975287171664,0,0.3224313348080684,0.2855098537497206,0.2863779541323701,0.20062552106779713,0.10043823857006783,0.48845737191713345,-0.5731790694113215,-0.12337313166357582,-0.12337313166357582,-0.002021085075785294,-0.030852668132422257,-0.01658286582669435,-0.002292478415156742,-0.03499559548035872,-0.01880962975018064,-0.002292478415156742,-0.03499559548035872,-0.01880962975018064,0.4422765867651879,-0.012035511679572897,-0.012035511679572897,-0.002292478415156742,-0.002292478415156742,5.25,ok,ok,0,,0
174,Adam Fantilli,C,f1,CBJ,21,0.7195,18.9,0.52,0.52,0.7272727272727273,ok,82.0,0,80289.0,11887.0,ok,0.095723,291.0,13224.0,0.4681127696947176,,,contract_type,5.684142444267159,10,34|256|466|559|61|82|226|549|765|761,0.09084253882547391,-0.84185426424635,-0.46792265997595134,-0.6203856328644397,0.3772702308692437,0.549494044168932,0.6400601485513141,0.3772702308692437,0.549494044168932,0.6400601485513141,0.5124620296051856,0.6846858429048738,0.775251947287256,0.3772702308692437,6.823213377595987,1,0.511119089051883,-0.3733590395188655,0.3886366864696875,0.5398209968785854,0.47708163320782265,0.46722009487725785,0.8205960833590784,0.12920040512489722,0.12920040512489722,0.055292163675843706,0.08053302949211512,0.09380626299229493,0.39712655880973025,0.5784147833357178,0.673747524790857,0.055292163675843706,0.08053302949211512,0.09380626299229493,0.4681127696947176,0.3772702308692437,0.3772702308692437,0.055292163675843706,0.39712655880973025,0.95,ok,ok,0,,0
175,Conor Garland,R,f1,CBJ,29,0.4648,17.195,0.47,0.47,0.4743589743589743,ok,71.0,0,67634.0,13693.0,ok,0.088595,445.0,53827.0,0.7595507442523507,,,contract_type,4.296550410880619,10,223|679|581|128|735|412|728|684|81|249,0.008313995033870614,-0.84185426424635,-0.46792265997595134,-0.6203856328644397,0.75123674921848,0.6696388868973716,0.7603269958077414,0.75123674921848,0.6696388868973716,0.7603269958077414,1.8956353583708085,1.8140374960497003,1.9047256049600698,0.75123674921848,4.701418057142252,0,0.23267362336040268,0.2855098537497208,-0.07380151153317849,0.18771496662517143,-0.17576691749761908,-0.16989821631900304,-0.5033502744377233,0.7461845682591639,0.7461845682591639,0.1597893954733985,0.14243338472741782,0.16172290712430382,0.15176499984211717,0.1352805832115902,0.1536014132944932,0.15176499984211717,0.1352805832115902,0.1536014132944932,0.7595507442523507,0.75123674921848,0.75123674921848,0.15176499984211717,0.15176499984211717,4.95,ok,ok,0,,0
176,Danton Heinen,L,f1,CBJ,30,0.2609,11.344,0.53,0.58,0.4,ok,46.0,0,24293.0,2239.0,ok,0.014257,126.0,5520.0,-0.329004371438068,,,contract_type,1.5361173868510567,10,183|609|517|303|299|663|317|248|526|452,-0.2747545077851722,-0.84185426424635,-0.46792265997595134,-0.6203856328644397,-0.0542498636528958,0.1848278204776717,0.2885014225333192,-0.0542498636528958,0.1848278204776717,0.2885014225333192,0.6694256598213219,0.9085033439518893,1.012176946007537,-0.0542498636528958,1.6671625895681712,0,0.3130517296852695,0.3513967430765795,-0.09336376085212245,-0.12795682971762412,0.4017529542802718,0.6583555882361338,-0.2454845019488855,0.0038123398638713127,0.0038123398638713127,-0.03254023572286829,0.11086370437663542,0.17304936203495716,-0.024111050512398133,0.08214569799007632,0.12822285445925294,-0.024111050512398133,0.08214569799007632,0.12822285445925294,-0.329004371438068,-0.0542498636528958,-0.0542498636528958,-0.024111050512398133,-0.024111050512398133,2.25,ok,ok,0,,0
177,Boone Jenner,C,f1,CBJ,32,0.5672,16.083,0.51,0.5,0.4814814814814814,ok,67.0,0,43000.0,6044.0,ok,0.021385,243.0,9006.0,0.11506692846291375,,,contract_type,4.193457805165402,10,264|706|224|265|590|254|10|565|374|93,0.4125922464364266,-0.84185426424635,-0.46792265997595134,-0.6203856328644397,-0.2975253179735129,-0.264673368071936,-0.18043735695170712,-0.2975253179735129,-0.264673368071936,-0.18043735695170712,0.47166628374428776,0.5045182336458646,0.5887542447660935,-0.2975253179735129,4.062029655962885,0,0.12005573372229301,0.37335903951886573,0.005896993441652176,-0.00986046818369423,0.13408284589808972,0.06930058823538252,-0.1278344670560737,-0.33931028873308655,-0.33931028873308655,-0.07324548148897891,-0.0651579113124905,-0.04442049227455364,-0.07934008479293678,-0.07057956481918293,-0.04811662852045523,-0.07934008479293678,-0.07057956481918293,-0.04811662852045523,0.11506692846291375,-0.2975253179735129,-0.2975253179735129,-0.07934008479293678,-0.07934008479293678,3.75,ok,ok,0,,0
178,Kent Johnson,C,f1,CBJ,23,0.2895,13.233,0.52,0.5,0.570281124497992,ok,76.0,0,31758.0,5743.0,ok,0.020367,25.0,1887.0,-0.8423614493636651,,,contract_type,2.3161438224493605,10,9|761|95|610|84|627|376|256|31|228,-0.7293032723566456,-0.84185426424635,-0.46792265997595134,-0.6203856328644397,-0.11305817700701948,0.13927124478256947,0.2721530350493346,-0.11305817700701948,0.13927124478256947,0.2721530350493346,0.678782396919649,0.9311118187092379,1.0639936089760031,-0.11305817700701948,2.2988817334641802,0,0.13210307649848238,0.06588688932685849,-0.1949202585985036,-0.12368660764859296,0.3183848110812134,0.05365206831126373,0.0360878240244622,-0.026109880052054113,-0.026109880052054113,-0.04917964041440807,0.06058217034623261,0.11838496564989784,-0.06281009833723304,0.07737291376809415,0.15119613058296363,-0.06281009833723304,0.07737291376809415,0.15119613058296363,-0.8423614493636651,-0.11305817700701948,-0.11305817700701948,-0.06281009833723304,-0.06281009833723304,1.8,ok,ok,0,,0
179,Isac Lundeström,C,f1,CBJ,26,0.1765,12.383,0.45,0.45,0.3926701570680628,ok,68.0,0,12622.0,8394.0,ok,0.002037,140.0,3899.0,-0.38296633691476567,,,contract_type,1.6661219536748042,10,434|164|316|55|543|545|131|346|10|590,-0.06015966280971439,-0.84185426424635,-0.46792265997595134,-0.6203856328644397,-0.32280667410505126,-0.4508273065534825,-0.3649124679529514,-0.32280667410505126,-0.4508273065534825,-0.3649124679529514,0.2550765891801736,0.12705595673174236,0.2129707953322736,-0.32280667410505126,1.9189367285162793,0,0.2441604234050271,-0.0219622964422862,-0.5195532780656975,-0.302736269841287,-0.3013147157102031,-0.19113549335887792,-0.12826048701181092,-0.06186610446096219,-0.06186610446096219,-0.16822163508988916,-0.23493599338320129,-0.1901638873914835,-0.2483128262346548,-0.34679023581037116,-0.28070189842534726,-0.2483128262346548,-0.34679023581037116,-0.28070189842534726,-0.38296633691476567,-0.32280667410505126,-0.32280667410505126,-0.2483128262346548,-0.2483128262346548,1.3,ok,ok,0,,0
180,Kirill Marchenko,R,f1,CBJ,25,0.8816,18.95,0.52,0.52,0.7317073170731707,ok,76.0,0,26107.0,32231.0,ok,0.037678,294.0,13925.0,0.28062135770705193,,,contract_type,6.186623884784503,10,435|658|453|65|710|386|754|700|524|253,0.6316582529174442,-0.84185426424635,-0.46792265997595134,-0.6203856328644397,-0.3510368952103922,-0.3145314573931293,-0.25355859656030344,-0.3510368952103922,-0.3145314573931293,-0.25355859656030344,0.17043400356667693,0.20693944138393977,0.2679123022167658,-0.3510368952103922,7.293356279777687,0,0.3306876915962439,-0.41728363240343813,0.26962464317717183,0.18521776073684904,-0.2510955964251699,-0.19113549335887814,0.6697690234759561,-0.5000577218492185,-0.5000577218492185,-0.048131049923299835,-0.0431257496997962,-0.034765694535360374,-0.09117841434036161,-0.08169648243977386,-0.06585937572994895,-0.09117841434036161,-0.08169648243977386,-0.06585937572994895,0.28062135770705193,-0.3510368952103922,-0.3510368952103922,-0.09117841434036161,-0.09117841434036161,3.85,ok,ok,0,,0
181,Mason Marchment,L,f1,CBJ,30,0.6618,17.371,0.51,0.54,0.6825938566552902,ok,68.0,0,117398.0,9173.0,ok,0.066191,386.0,42483.0,0.7260679569802808,,,contract_type,4.9495894605312145,10,246|698|158|483|564|200|586|728|320|185,0.18180671748165447,-0.84185426424635,-0.46792265997595134,-0.6203856328644397,0.5442612394986264,0.25857952471178497,0.36366016410257307,0.5442612394986264,0.25857952471178497,0.36366016410257307,1.5884174264169142,1.3027357116300728,1.4078163510208608,0.5442612394986264,5.195616591593017,0,0.2195234549507413,0.24158526086514837,0.1502782024604007,0.24088047998754822,-0.12554779821258505,-0.10618638519937651,0.452662602979389,0.35617130875018466,0.35617130875018466,0.10475392668105858,0.049768784927315526,0.0699936490100152,0.12094694211080587,0.057462116602618886,0.0808133698005718,0.12094694211080587,0.057462116602618886,0.0808133698005718,0.7260679569802808,0.5442612394986264,0.5442612394986264,0.12094694211080587,0.12094694211080587,4.5,ok,ok,0,,0
182,Sean Monahan,C,f1,CBJ,31,0.4615,17.117,0.52,0.52,0.5067750677506775,ok,78.0,0,69817.0,10408.0,ok,0.115071,224.0,16513.0,0.4069168267433104,,,contract_type,4.258013445504336,10,604|277|224|272|606|590|732|4|705|177,0.15186681772618046,-0.84185426424635,-0.46792265997595134,-0.6203856328644397,0.25505000901712993,0.5131736364686007,0.6327349217111333,0.25505000901712993,0.5131736364686007,0.6327349217111333,1.153168088148508,1.411291715599979,1.5308530008425114,0.25505000901712993,4.635915578601615,0,0.1946843840489855,0.0439245928845724,0.10065362470089141,0.22767026083832503,0.22598603678265283,0.12742366223925206,0.4424481268482194,0.13136190072561277,0.13136190072561277,0.055016103009810115,0.11069520740138136,0.1364854279555264,0.046372728912205445,0.09330429753974559,0.11504271303838788,0.046372728912205445,0.09330429753974559,0.11504271303838788,0.4069168267433104,0.25505000901712993,0.25505000901712993,0.046372728912205445,0.046372728912205445,5.5,ok,ok,0,,0
183,Mathieu Olivier,R,f1,CBJ,28,0.4262,14.233,0.51,0.56,0.4210526315789473,ok,61.0,0,60189.0,13806.0,ok,0.031568,268.0,14411.0,0.33699939342338975,,,contract_type,3.0921007881112548,10,496|452|609|176|320|317|526|51|517|458,0.06371740807152573,-0.84185426424635,-0.46792265997595134,-0.6203856328644397,0.273281985351864,0.2024382604810462,0.31572059520309065,0.273281985351864,0.2024382604810462,0.31572059520309065,0.8098157862688427,0.738972061398025,0.8522543961200694,0.273281985351864,2.847120912297129,0,0.14795126938229025,-0.1317737786537173,0.14616511414205857,0.046198308933958765,0.07532867892755096,0.3610337096778813,-0.1272080259585746,0.2570676214908898,0.2570676214908898,0.09598538094097774,0.0711027970771055,0.11089117916961219,0.091093995117288,0.06747942016034873,0.10524019840103022,0.091093995117288,0.06747942016034873,0.10524019840103022,0.33699939342338975,0.273281985351864,0.273281985351864,0.091093995117288,0.091093995117288,3.0,ok,ok,0,,0
184,Cole Sillinger,C,f1,CBJ,22,0.4074,15.217,0.5,0.52,0.4985422740524781,ok,81.0,0,288029.0,12868.0,ok,0.099796,175.0,5585.0,0.42945538878684575,,,contract_type,3.3977889026356287,10,199|228|627|460|226|34|705|740|206|516,-0.35931768249457524,-0.84185426424635,-0.46792265997595134,-0.6203856328644397,0.7887730712814209,1.111624283457477,1.2186273428449115,0.7887730712814209,1.111624283457477,1.2186273428449115,2.033296283442791,2.356147495618847,2.4631505550062816,0.7887730712814209,3.3252201929283127,0,0.10225363309223955,-0.219622964422862,0.11239097429225771,0.1374462120932478,0.008535047685504837,0.09053786527525798,0.0449887347843069,0.7544825189735452,0.7544825189735452,0.23720927503053504,0.3343009542109569,0.3664801944354075,0.3505658094584093,0.49405523709221205,0.5416121523755162,0.3505658094584093,0.49405523709221205,0.5416121523755162,0.42945538878684575,0.7887730712814209,0.7887730712814209,0.3505658094584093,0.3505658094584093,2.25,ok,ok,0,,0
185,Dmitri Voronkov,L,f1,CBJ,25,0.5079,13.933,0.53,0.56,0.70703125,ok,63.0,0,18900.0,29507.0,ok,0.011202,195.0,7674.0,-0.02137728053071143,,,contract_type,3.225774997501758,10,468|586|699|495|658|698|453|512|200|181,0.26109630715089954,-0.84185426424635,-0.46792265997595134,-0.6203856328644397,-0.28247358768161096,-0.18386788512205665,-0.11542035380317511,-0.28247358768161096,-0.18386788512205665,-0.11542035380317511,0.18138643494773077,0.279992137507285,0.34843966882616656,-0.28247358768161096,2.79086816384781,0,0.2947882117605767,-0.30747215019200713,-0.310354249451486,-0.30813023456006255,0.2510955964251699,0.3610337096778813,0.23064333025685313,-0.0684300746032242,-0.0684300746032242,-0.10121351891167821,-0.06588196730459504,-0.04135643356368486,-0.06765834435487687,-0.04404021200528303,-0.027645593725311408,-0.06765834435487687,-0.04404021200528303,-0.027645593725311408,-0.02137728053071143,-0.28247358768161096,-0.28247358768161096,-0.06765834435487687,-0.06765834435487687,4.175,ok,ok,0,,0
186,Miles Wood,L,f1,CBJ,30,0.2593,11.85,0.46,0.47,0.4355828220858895,ok,54.0,0,30424.0,3769.0,ok,0.007128,170.0,7969.0,-0.12178347208525078,,,contract_type,1.717403396751882,10,490|593|293|289|707|312|249|163|711|540,-0.3953867603266752,-0.84185426424635,-0.46792265997595134,-0.6203856328644397,0.27360328824142444,0.17677253688412797,0.27865500990996384,0.27360328824142444,0.17677253688412797,0.27865500990996384,1.2926667112087036,1.1958359598514072,1.297718432877243,0.27360328824142444,1.8109508248015456,0,0.2365504704389136,0.2415852608651483,-0.08336527786688452,-0.10293482671663656,-0.4263669305087905,-0.3017928842508608,-0.26325764242516086,0.29859236392450356,0.29859236392450356,0.15108267132069003,0.09761310713862136,0.1538722123724704,0.10944131529656978,0.0707090147536512,0.11146200396398555,0.10944131529656978,0.0707090147536512,0.11146200396398555,-0.12178347208525078,0.27360328824142444,0.27360328824142444,0.10944131529656978,0.10944131529656978,2.5,ok,ok,0,,0
187,Jake Christiansen,D,d1,CBJ,26,0.075,10.05,0.5,0.49,0.5060240963855421,ok,40.0,0,6105.0,530.0,ok,0.0,82.0,1838.0,-0.9671199470024622,,,contract_type,0.775,10,311|69|165|337|471|477|340|600|71|379,-1.0966151473190906,-0.84185426424635,-0.46792265997595134,-0.6203856328644397,0.12949520031662842,0.2143498047992494,0.28108557489555397,0.12949520031662842,0.2143498047992494,0.28108557489555397,0.48803004827706065,0.572884652759682,0.6396204228559862,0.12949520031662842,0.775,0,0.1928995327922526,0.13177377865371714,-0.12991339932324353,-0.39580713329905115,0.16285342968146627,-0.03701353998378279,0.30003591581225464,0.26618699525056444,0.26618699525056444,0.16709058105371408,0.2765803932893541,0.36269106438135995,0.13281559006833685,0.2198459536402558,0.2882928973287733,0.13281559006833685,0.2198459536402558,0.2882928973287733,-0.9671199470024622,0.12949520031662842,0.12949520031662842,0.13281559006833685,0.13281559006833685,0.975,ok,ok,0,,0
188,Dante Fabbro,D,d1,CBJ,27,0.1486,16.567,0.47,0.49,0.4362934362934363,ok,74.0,0,20621.0,6413.0,ok,0.005092,170.0,6125.0,-0.19139221942787696,,,contract_type,2.3236478149994055,10,239|234|40|724|218|336|557|669|470|76,-0.7219534827106868,-0.84185426424635,-0.46792265997595134,-0.6203856328644397,0.5305612632828098,0.6124385591036935,0.7025515516103101,0.5305612632828098,0.6124385591036935,0.7025515516103101,0.9045280655869478,0.9864053614078313,1.076518353914448,0.5305612632828098,2.1633364462804257,0,0.08705181813601008,0.21962296442286217,-0.14585157028411277,-0.010084380841339613,-0.12749507018486272,0.00537433133253995,-0.013882591750343232,0.5385909173256427,0.5385909173256427,0.2452513866694386,0.2830990806615871,0.3247537167962273,0.12862091231098421,0.1484699537221075,0.17031552766310548,0.12862091231098421,0.1484699537221075,0.17031552766310548,-0.19139221942787696,0.5305612632828098,0.5305612632828098,0.12862091231098421,0.12862091231098421,4.125,ok,ok,0,,0
189,Erik Gudbranson,D,d1,CBJ,34,0.0811,17.767,0.41,0.39,0.3394495412844037,ok,37.0,0,29205.0,4531.0,ok,0.004073,124.0,4077.0,-0.30712294174254945,,,contract_type,2.8684456942403522,10,575|644|220|235|645|642|428|579|696|576,-0.039243806892181245,-0.84185426424635,-0.46792265997595134,-0.6203856328644397,-0.2678791348503682,-0.22832440639826565,-0.07276778131032731,-0.2678791348503682,-0.22832440639826565,-0.07276778131032731,1.0734618309310773,1.1130165593831798,1.268573184471118,-0.2678791348503682,2.78156622771062,0,0.6160436259885191,0.46120822528801064,-0.32352950796715085,-0.22452378141903895,-1.0546015049857131,-1.2317620683127695,-0.4006366679584319,-0.2071960001506127,-0.2071960001506127,-0.09630514354887292,-0.08208483555906165,-0.026160722180689957,-0.06696978371259205,-0.05708110159956641,-0.018191945327581827,-0.06696978371259205,-0.05708110159956641,-0.018191945327581827,-0.30712294174254945,-0.2678791348503682,-0.2678791348503682,-0.06696978371259205,-0.06696978371259205,4.0,ok,ok,0,,0
190,Denton Mateychuk,D,d1,CBJ,21,0.4133,19.183,0.51,0.53,0.4818481848184818,ok,75.0,0,19276.0,1108.0,ok,0.002037,171.0,12651.0,-0.22798236160730675,,,contract_type,3.889049096548969,10,21|503|673|24|553|445|218|750|502|619,-0.6495634689733023,-0.84185426424635,-0.46792265997595134,-0.6203856328644397,0.4215811073659955,0.16729334020368822,0.3880913274621629,0.4215811073659955,0.16729334020368822,0.3880913274621629,0.9367331688757277,0.6824454017134204,0.9032433889718952,0.4215811073659955,3.353551801531832,1,0.33696765000644807,-0.4172836324034379,0.355589953563055,0.3025451552651842,0.3495865630229609,0.5150689802895485,0.08173161549450209,0.2925220635737268,0.2925220635737268,0.12571182206680873,0.04988542002758751,0.11572546077412342,0.47544954027968367,0.18866960663548912,0.43768053170425497,0.12571182206680873,0.04988542002758751,0.11572546077412342,-0.22798236160730675,0.4215811073659955,0.4215811073659955,0.12571182206680873,0.47544954027968367,0.8867,ok,ok,0,,0
191,Ivan Provorov,D,d1,CBJ,29,0.378,24.817,0.5,0.52,0.4105011933174224,ok,82.0,0,55340.0,25880.0,ok,0.011202,206.0,13939.0,0.25492036664594,,,contract_type,6.7051653961512,10,383|508|507|305|594|510|284|447|73|749,-0.02875566601803487,-0.84185426424635,-0.46792265997595134,-0.6203856328644397,0.28367603266397484,0.25159287543166775,0.396175045287372,0.28367603266397484,0.25159287543166775,0.396175045287372,1.1366462973382945,1.1045631401059874,1.2491453099616918,0.28367603266397484,10.1271902696092,0,0.2523493774646693,0.2196229644228622,0.04139840112282514,0.5915131587668532,0.30131471571020385,0.33979643263800585,-0.02045059212726552,0.08061192281287122,0.08061192281287122,0.02801132645006794,0.024843304878617287,0.03911993699538343,0.0333736509016441,0.029599161815490323,0.046608828857337886,0.0333736509016441,0.029599161815490323,0.046608828857337886,0.25492036664594,0.28367603266397484,0.28367603266397484,0.0333736509016441,0.0333736509016441,8.5,ok,ok,0,,0
192,Damon Severson,D,d1,CBJ,31,0.4507,21.067,0.54,0.57,0.4636871508379888,ok,71.0,0,11475.0,2668.0,ok,0.0,173.0,5685.0,-0.36545391002699196,,,contract_type,4.875882909609475,10,727|619|668|469|670|724|166|479|533|528,-0.12892388517079967,-0.84185426424635,-0.46792265997595134,-0.6203856328644397,-0.2365300248561923,-0.06458318285435362,-0.0043317520345194085,-0.2365300248561923,-0.06458318285435362,-0.0043317520345194085,0.14639992485772324,0.3183467668595619,0.37859819767939623,-0.2365300248561923,4.789873694248893,0,0.3305926824966341,0.4831705217302968,0.18866702676492653,0.370560381768115,0.37664339463775476,0.5521692030367569,-0.012345567041954886,-0.4389492451807049,-0.4389492451807049,-0.04938126555198924,-0.013483274711794044,-0.0009043562129248747,-0.03784480397699077,-0.010333309256696578,-0.0006930803255231053,-0.03784480397699077,-0.010333309256696578,-0.0006930803255231053,-0.36545391002699196,-0.2365300248561923,-0.2365300248561923,-0.03784480397699077,-0.03784480397699077,6.25,ok,ok,0,,0
193,Brendan Smith,D,d1,CBJ,36,0.1333,11.083,0.46,0.45,0.5853658536585366,ok,15.0,1,31183.0,4127.0,ok,0.005092,35.0,985.0,-0.8754798041614325,,,contract_type,0.775,10,330|423|339|145|596|556|726|748|238|505,-0.4882996442832388,-0.84185426424635,-0.46792265997595134,-0.6203856328644397,-0.38718015987819365,0.03519365510393494,0.12498414117273028,-0.38718015987819365,0.03519365510393494,0.12498414117273028,0.6942708101136241,1.1166446250957527,1.2064351111645482,-0.38718015987819365,0.775,0,0.4798781948976463,0.5490574110571551,-0.006420430545704514,-0.8385617372985572,-0.35348110696751445,-0.5467948717042186,0.5849536118127285,-0.26252466066337954,-0.26252466066337954,-0.49958730306863697,0.045411167876045086,0.1612698595777165,-0.48397519984774207,0.04399206887991868,0.15623017646591283,-0.48397519984774207,0.04399206887991868,0.15623017646591283,-0.8754798041614325,-0.38718015987819365,-0.38718015987819365,-0.48397519984774207,-0.48397519984774207,0.8,ok,ok,0,,0
194,Zach Werenski,D,d1,CBJ,28,1.08,26.617,0.54,0.55,0.5276497695852534,ok,75.0,0,190514.0,22880.0,ok,0.072301,393.0,28451.0,0.8322281581645632,,,contract_type,8.259089627988347,10,334|257|68|446|45|169|744|624|363|671,1.050655144471668,-0.84185426424635,-0.46792265997595134,-0.6203856328644397,-0.2184269863071049,-0.40100255678320273,-0.21737410363106616,-0.2184269863071049,-0.40100255678320273,-0.21737410363106616,0.732710218598016,0.5501346481219181,0.7337631012740551,-0.2184269863071049,11.923438412482755,0,0.3147766899245781,0.3733590395188656,0.4467549588052855,0.5644184748785586,0.12554779821258544,0.2760846015183799,-0.1024952666137934,-0.5562617922289839,-0.5562617922289839,-0.018319127314687322,-0.03363145285032793,-0.018230823702959312,-0.02279246045799515,-0.04184389059960585,-0.022682594057481888,-0.02279246045799515,-0.04184389059960585,-0.022682594057481888,0.8322281581645632,-0.2184269863071049,-0.2184269863071049,-0.02279246045799515,-0.02279246045799515,9.5833,ok,ok,0,,0
195,Egor Zamula,D,d1,CBJ,25,0.0909,13.074,0.48,0.46,0.5942028985507246,ok,33.0,0,21541.0,14338.0,ok,0.005092,112.0,4710.0,-0.29127205898257047,,,contract_type,0.775,10,366|597|367|616|693|598|147|361|288|448,-0.3235717795433334,-0.84185426424635,-0.46792265997595134,-0.6203856328644397,0.03229972056076291,0.15329971589454836,0.2818656499550395,0.03229972056076291,0.15329971589454836,0.2818656499550395,1.4810285109642516,1.602028506298037,1.730594440358528,0.03229972056076291,1.1136248460800842,0,0.14415086406332836,0.2855098537497206,-0.147235185899676,-0.23990656969110308,-0.025109559642517265,0.042474554079751536,0.12466946131720169,0.1030739563130002,0.1030739563130002,0.029004130676912127,0.13765831144496943,0.2531064666410735,0.03229972056076291,0.15329971589454836,0.2818656499550395,0.03229972056076291,0.15329971589454836,0.2818656499550395,-0.29127205898257047,0.03229972056076291,0.03229972056076291,0.03229972056076291,0.03229972056076291,1.0,ok,ok,0,,0
196,Nathan Bastian,R,f1,DAL,28,0.1944,8.65,0.47,0.51,0.515625,ok,36.0,0,21419.0,1334.0,ok,0.001018,91.0,4904.0,-0.5186086298780692,,,contract_type,0.775,10,203|430|704|512|490|462|312|299|109|394,-0.7998973021963007,0.3122997967413926,0.49868077618033885,0.4872450802574446,0.2812886723182315,0.4407502429017132,0.547412890295274,0.2812886723182315,0.4407502429017132,0.547412890295274,0.2978106296927623,0.45727220027624405,0.5639348476698046,0.2812886723182315,1.0446037111003248,0,0.15511990433757875,-0.021962296442286228,-0.043571984380485485,-0.2742681227144148,-0.3510382515812408,0.0804781024668958,-0.15940066844014938,0.36692643813720016,0.36692643813720016,0.26927787957209,0.4219305734970562,0.5240388144118894,0.3629531255719116,0.5687099908409203,0.7063392132842244,0.3629531255719116,0.5687099908409203,0.7063392132842244,-0.5186086298780692,0.2812886723182315,0.2812886723182315,0.3629531255719116,0.3629531255719116,0.775,ok,ok,0,,0
197,Jamie Benn,L,f1,DAL,36,0.6,13.283,0.4499999999999999,0.47,0.5198019801980198,ok,60.0,0,144624.0,24058.0,ok,0.12831,393.0,45657.0,0.916826167778986,,,contract_type,3.2618072105245095,10,233|66|326|227|522|321|540|546|186|329,0.1983030392910308,0.3122997967413926,0.49868077618033885,0.4872450802574446,0.7185231284879552,0.6047664682908761,0.68821116008328,0.7185231284879552,0.6047664682908761,0.68821116008328,-0.011252695884326647,-0.1250093560814056,-0.041564664289001886,0.7185231284879552,2.592238551241532,0,0.30127947521320514,0.3733590395188653,0.10346256306463703,-0.18821440780283594,-0.5273007524928586,-0.5521692030367594,-0.0631708853632745,0.6345329589003066,0.6345329589003066,0.27718248698362435,0.23329892536365068,0.26548913091106785,0.7185231284879552,0.6047664682908761,0.68821116008328,0.7185231284879552,0.6047664682908761,0.68821116008328,0.916826167778986,0.7185231284879552,0.7185231284879552,0.7185231284879552,0.7185231284879552,1.0,ok,ok,0,,0
198,Colin Blackwell,C,f1,DAL,32,0.2143,11.9,0.47,0.4600000000000001,0.3580246913580246,ok,70.0,0,30464.0,1725.0,ok,0.003055,190.0,21101.0,-0.01482190239224608,,,contract_type,1.6014011355224513,10,247|49|706|245|164|204|429|316|131|457,-0.08073916485118401,0.3122997967413926,0.49868077618033885,0.4872450802574446,0.06591726245893793,-0.2002070792513227,-0.06850099966921405,0.06591726245893793,-0.2002070792513227,-0.06850099966921405,-0.11175488196909253,-0.3778792236793532,-0.2461731440972446,0.06591726245893793,1.7965553421775498,0,0.15195035365886697,-0.0219622964422862,-0.24725345549448197,-0.17635267983330594,-0.025109559642517265,-0.2760846015183773,-0.16493952902223308,0.2009108583814062,0.2009108583814062,0.03669091672903415,-0.11143941661638869,-0.03812907849873753,0.08112893841100054,-0.24640871292470487,-0.08430892266980192,0.08112893841100054,-0.24640871292470487,-0.08430892266980192,-0.01482190239224608,0.06591726245893793,0.06591726245893793,0.08112893841100054,0.08112893841100054,0.8125,ok,ok,0,,0
199,Mavrik Bourque,C,f1,DAL,24,0.5,15.483,0.52,0.55,0.509009009009009,ok,82.0,0,57735.0,9323.0,ok,0.01222,222.0,14565.0,0.2221870937407456,,,contract_type,3.77214209249877,10,184|705|652|460|740|206|201|59|655|456,-0.11537309983405294,0.3122997967413926,0.49868077618033885,0.4872450802574446,0.33756019357479855,0.2298674048138724,0.3528499440981371,0.33756019357479855,0.2298674048138724,0.3528499440981371,-0.8566968498466585,-0.9643896386075848,-0.84140709932332,0.33756019357479855,3.5919342407518657,0,0.19539177242062047,-0.10981148221143111,0.22752400746341025,0.09978834729735069,0.15065735785510215,0.23361004743862945,0.3509593922577993,0.22390166005601728,0.22390166005601728,0.09397727545929133,0.0639954379470367,0.09823396544817546,0.35532651955241956,0.24196568927776044,0.37142099378751275,0.35532651955241956,0.24196568927776044,0.37142099378751275,0.2221870937407456,0.33756019357479855,0.33756019357479855,0.35532651955241956,0.35532651955241956,0.95,ok,ok,0,,0
200,Michael Bunting,L,f1,DAL,30,0.4459,14.449,0.52,0.52,0.631578947368421,ok,74.0,0,34077.0,4851.0,ok,0.063136,312.0,7735.0,0.16668210273088524,,,contract_type,3.230359530193953,10,601|296|612|163|136|440|414|468|352|289,0.11311406637715718,0.3122997967413926,0.49868077618033885,0.4872450802574446,0.05356803635372806,0.0724236455238802,0.17830670776935614,0.05356803635372806,0.0724236455238802,0.17830670776935614,0.19884424513577564,0.21769985430592778,0.3235829165514037,0.05356803635372806,2.9712031942222117,0,0.31400066486038924,0.0,0.3658976616203168,0.22482344612563765,0.34349437072373035,0.2872621157498928,0.6625263949427579,-0.1807248730928909,-0.1807248730928909,0.01802907201294621,0.024375191055500647,0.06001161688170319,0.011904008078606235,0.016094143449751155,0.03962371283763469,0.011904008078606235,0.016094143449751155,0.03962371283763469,0.16668210273088524,0.05356803635372806,0.05356803635372806,0.011904008078606235,0.011904008078606235,4.5,ok,ok,0,,0
201,Oskar Bäck,C,f1,DAL,25,0.1667,12.367,0.49,0.53,0.3877551020408163,ok,72.0,0,10768.0,2410.0,ok,0.0,114.0,6461.0,-0.49356894913777505,,,contract_type,1.6309717666826506,10,705|206|199|244|184|652|740|481|713|460,-0.03301728121210469,0.3122997967413926,0.49868077618033885,0.4872450802574446,-0.46055166792567037,-0.535893044330817,-0.4566151407368805,-0.46055166792567037,-0.535893044330817,-0.4566151407368805,-0.9664689009743072,-1.0418102773794538,-0.9625323737855173,-0.46055166792567037,1.9071430378521357,0,0.3520437097735667,0.0658868893268586,-0.6430462468432362,-0.46730213788171227,-0.2762051560676868,-0.06371183111962597,-0.5961099974022803,-0.08407928152891792,-0.08407928152891792,-0.2414877430716226,-0.2809925808891351,-0.23942364661390578,-0.5582444459705096,-0.6495673264615963,-0.5534728978628854,-0.5582444459705096,-0.6495673264615963,-0.5534728978628854,-0.49356894913777505,-0.46055166792567037,-0.46055166792567037,-0.5582444459705096,-0.5582444459705096,0.825,ok,ok,0,,0
202,Matt Duchene,C,f1,DAL,35,0.7895,16.517,0.4499999999999999,0.46,0.6041666666666666,ok,57.0,0,95253.0,18642.0,ok,0.098778,259.0,26036.0,0.5884737281720982,,,contract_type,5.016923512317787,10,550|636|514|211|33|375|763|625|416|521,1.0953118184164636,0.3122997967413926,0.49868077618033885,0.4872450802574446,-0.5068380902443654,-0.4993859808711022,-0.40867607202029577,-0.5068380902443654,-0.4993859808711022,-0.40867607202029577,-0.5843218875143086,-0.5768697781410456,-0.48615986929023863,-0.5068380902443654,4.726688486989784,0,0.2979140809614345,0.21962296442286244,-0.02608299909192513,-0.23089165643426043,-0.6277389910629261,-0.467220094877257,0.21592777987937573,-0.5346621660428674,-0.5346621660428674,-0.10722900221570301,-0.10565239961246924,-0.08646139324501227,-0.1126306867209701,-0.11097466241580049,-0.09081690489339905,-0.1126306867209701,-0.11097466241580049,-0.09081690489339905,0.5884737281720982,-0.5068380902443654,-0.5068380902443654,-0.1126306867209701,-0.1126306867209701,4.5,ok,ok,0,,0
203,Adam Erne,L,f1,DAL,30,0.1778,10.0,0.45,0.5,0.4545454545454545,ok,45.0,0,15789.0,2624.0,ok,0.002037,79.0,3928.0,-0.5970563955345767,,,contract_type,0.7937372548977969,10,196|491|186|490|540|704|615|593|326|293,-0.2217689531146597,0.3122997967413926,0.49868077618033885,0.4872450802574446,-0.37528744241991696,-0.6719139103695856,-0.5617241555751218,-0.37528744241991696,-0.6719139103695856,-0.5617241555751218,-0.7244902821363234,-1.0211167500859921,-0.9109269952915281,-0.37528744241991696,1.2968188905671822,0,0.1887414098760647,0.021962296442286255,-0.32496741689144937,-0.31352419927883823,-0.20087647714013557,0.23361004743862884,-0.037508022065049884,-0.18583216703982777,-0.18583216703982777,-0.28939078937674917,-0.5181247090530232,-0.43315543879025675,-0.4842418611869896,-0.8669856907994652,-0.7248053620324152,-0.4842418611869896,-0.8669856907994652,-0.7248053620324152,-0.5970563955345767,-0.37528744241991696,-0.37528744241991696,-0.4842418611869896,-0.4842418611869896,0.775,ok,ok,0,,0
204,Radek Faksa,C,f1,DAL,32,0.2931,11.733,0.45,0.46,0.2615384615384615,ok,58.0,0,30240.0,15998.0,ok,0.009165,178.0,12608.0,0.05532932909240428,,,contract_type,1.7753209976622886,10,629|49|752|250|198|631|628|247|316|52,-0.18721216702980065,0.3122997967413926,0.49868077618033885,0.4872450802574446,0.24254149612220494,0.10746683069270214,0.19471393918125485,0.24254149612220494,0.10746683069270214,0.19471393918125485,-0.08536198756571761,-0.2204366529952204,-0.13318954450666765,0.24254149612220494,1.7981659355508035,0,0.22132108641338608,0.3513967430765794,0.24912608107031264,0.10338432377653461,-0.12554779821258455,-0.23361004743862812,-0.26486152490567716,0.09031689682425992,0.09031689682425992,0.13488271094842594,0.0597646905483078,0.10828474465656655,0.12127074806110247,0.05373341534635107,0.09735696959062742,0.12127074806110247,0.05373341534635107,0.09735696959062742,0.05532932909240428,0.24254149612220494,0.24254149612220494,0.12127074806110247,0.12127074806110247,2.0,ok,ok,0,,0
205,Roope Hintz,C,f1,DAL,29,0.8302,17.333,0.5,0.56,0.5454545454545454,ok,53.0,0,47885.0,35114.0,ok,0.095723,340.0,43127.0,0.6598705067102867,,,contract_type,5.438526228676482,10,498|729|591|702|375|252|173|60|523|443,0.6952331040875663,0.3122997967413926,0.49868077618033885,0.4872450802574446,-0.03536259737727965,-0.13596487008633693,-0.04901320002567325,-0.03536259737727965,-0.13596487008633693,-0.04901320002567325,-0.37104653083468725,-0.4716488035437445,-0.3846971334830807,-0.03536259737727965,5.4861706381571524,0,0.15449157203222705,-0.0439245928845724,0.021903031288732278,-0.21068926079773498,-0.07532867892755066,0.467220094877258,-0.10788377341751393,0.029328062735600458,0.029328062735600458,-0.006445770594761926,-0.024783201080309195,-0.00893395471237788,-0.00418492276654197,-0.016090517169980705,-0.005800378701263107,-0.00418492276654197,-0.016090517169980705,-0.005800378701263107,0.6598705067102867,-0.03536259737727965,-0.03536259737727965,-0.00418492276654197,-0.00418492276654197,8.45,ok,ok,0,,0
206,Justin Hryckowian,C,f1,DAL,24,0.3704,13.3,0.48,0.52,0.4328358208955223,ok,81.0,0,38424.0,415.0,ok,0.002037,182.0,9998.0,-0.1876421516387574,,,contract_type,2.5823806508598888,10,481|201|199|570|705|740|184|729|516|244,-0.06601173855526997,0.3122997967413926,0.49868077618033885,0.4872450802574446,-0.12163041308348742,-0.5639455668472036,-0.4326998486672405,-0.12163041308348742,-0.5639455668472036,-0.4326998486672405,-0.23893423543663117,-0.6812493892003473,-0.5500036710203842,-0.12163041308348742,2.393125098819648,1,0.1186241509330163,-0.04392459288457251,0.02822314260716033,-0.1519050341866326,-0.17576691749761905,-0.021237277039875435,-0.2906879413822378,-0.07175915410998275,-0.07175915410998275,-0.05082492893642657,-0.23565235562710712,-0.18080954016179906,-0.13980507250975566,-0.6482132952266708,-0.4973561478933799,-0.05082492893642657,-0.23565235562710712,-0.18080954016179906,-0.1876421516387574,-0.12163041308348742,-0.12163041308348742,-0.05082492893642657,-0.13980507250975566,0.87,ok,ok,0,,0
207,Arttu Hyry,R,f1,DAL,24,0.25,11.783,0.47,0.4499999999999999,0.4565217391304347,ok,20.0,0,7357.0,8413.0,ok,0.002037,31.0,3124.0,-0.9630328661529797,,,contract_type,1.6649928988342033,10,88|489|438|140|29|454|656|275|711|356,-0.7337998844662448,0.3122997967413926,0.49868077618033885,0.4872450802574446,-0.2292329816867349,-0.6048249135857056,-0.3877335092568511,-0.2292329816867349,-0.6048249135857056,-0.3877335092568511,-0.48018555991479994,-0.8557774918137704,-0.6386860874849158,-0.2292329816867349,1.785093620651889,1,0.22034568212782757,-0.2415852608651482,-0.1890785458669464,-0.12035833366676796,-0.2506000130111721,-0.3442674383306129,-0.17618450102631789,-0.09536750371175678,-0.09536750371175678,-0.12841510329470704,-0.33881971600169225,-0.21720626009254168,-0.2634861858468217,-0.6952010500985122,-0.44567070029523115,-0.12841510329470704,-0.33881971600169225,-0.21720626009254168,-0.9630328661529797,-0.2292329816867349,-0.2292329816867349,-0.12841510329470704,-0.2634861858468217,0.87,ok,ok,0,,0
208,Wyatt Johnston,C,f1,DAL,22,1.0488,20.117,0.46,0.5,0.5801749271137027,ok,82.0,0,74737.0,8226.0,ok,0.092668,307.0,26499.0,0.5370762788273855,,,contract_type,7.115074646447181,10,498|729|649|591|633|765|64|549|537|205,1.0969466329140052,0.3122997967413926,0.49868077618033885,0.4872450802574446,-0.5598703540866197,-0.4498845965297835,-0.33810896699117277,-0.5598703540866197,-0.4498845965297835,-0.33810896699117277,-1.642753103446845,-1.5327673458900088,-1.420991716351398,-0.5598703540866197,9.387058043966748,0,0.44233972858259357,-0.614944300384014,0.4670863222000168,0.34136804493363004,-0.8286154682030593,-0.27608460151837966,-0.1259396342564616,-0.7078927414753045,-0.7078927414753045,-0.059642792391856964,-0.047926048227531035,-0.036018629628958375,-0.06665123262935949,-0.053557690063069464,-0.04025106749894914,-0.06665123262935949,-0.053557690063069464,-0.04025106749894914,0.5370762788273855,-0.5598703540866197,-0.5598703540866197,-0.06665123262935949,-0.06665123262935949,8.4,ok,ok,0,,0
209,Mikko Rantanen,R,f1,DAL,29,1.2031,20.183,0.45,0.51,0.629757785467128,ok,64.0,0,305796.0,111130.0,ok,0.374745,779.0,136884.0,1.7650588216994072,,,contract_type,7.600145611712627,10,210|564|326|323|634|492|585|522|630|36,0.8081117657281395,0.3122997967413926,0.49868077618033885,0.4872450802574446,0.9569470559712677,0.70312630608111,0.8463489526102449,0.9569470559712677,0.70312630608111,0.8463489526102449,1.2699135056573665,1.016092755767209,1.1593154022963437,0.9569470559712677,10.032092560588655,0,0.4124152137337472,0.19766066798057594,0.8146924447135604,0.41655891423100755,-0.7281772296329916,0.14866093927912755,0.16874108656522024,0.5239372175732223,0.5239372175732223,0.0953885792213142,0.07008770122829215,0.08436414910436028,0.07974558799760564,0.0585938588400925,0.07052907938418707,0.07974558799760564,0.0585938588400925,0.07052907938418707,1.7650588216994072,0.9569470559712677,0.9569470559712677,0.07974558799760564,0.07974558799760564,12.0,ok,ok,0,,1
210,Jason Robertson,L,f1,DAL,26,1.1707,20.25,0.51,0.55,0.5641025641025641,ok,82.0,0,272209.0,21784.0,ok,0.202648,417.0,57063.0,1.1507953448132917,,,contract_type,7.528023176927067,10,225|313|345|585|12|323|492|710|608|51,1.0157481273318905,0.3122997967413926,0.49868077618033885,0.4872450802574446,0.13504721748140125,0.028561601570666048,0.15430819619899971,0.13504721748140125,0.028561601570666048,0.15430819619899971,-0.1139288661102279,-0.2204144820209633,-0.09466788739262966,0.13504721748140125,10.025648454757764,0,0.28192424103789365,-0.08784918576914486,0.6616387436318396,0.2954943727651528,-0.3013147157102036,0.2123727703987538,-0.1328756579522673,-0.13838651276149144,-0.13838651276149144,0.013470172836283057,0.0028488532885981932,0.015391343202919839,0.017425447416955,0.003685367944602071,0.019910734993419315,0.017425447416955,0.003685367944602071,0.019910734993419315,1.1507953448132917,0.13504721748140125,0.13504721748140125,0.017425447416955,0.017425447416955,7.75,ok,ok,0,,0
211,Tyler Seguin,C,f1,DAL,34,0.6296,16.667,0.45,0.45,0.4427480916030534,ok,27.0,0,196448.0,24287.0,ok,0.149695,238.0,25499.0,0.7626617375708926,,,contract_type,4.594555337159216,10,416|33|636|550|565|625|202|177|264|224,0.5254332085896026,0.3122997967413926,0.49868077618033885,0.4872450802574446,0.23722852898129,0.12181201202447947,0.19874481363178945,0.23722852898129,0.12181201202447947,0.19874481363178945,0.12216944750504011,0.00675293054822938,0.08368573215553962,0.23722852898129,4.573648178519334,0,0.4358107411029477,0.46120822528801053,0.07204080395938084,0.13332931745269516,-0.6443135030199354,-0.5890550000007527,-0.7149175968969118,0.15980455878928657,0.15980455878928657,0.05186855650494962,0.026633446052231047,0.04345432920818383,0.024084114617389848,0.012366701728373551,0.020177138439775578,0.024084114617389848,0.012366701728373551,0.020177138439775578,0.7626617375708926,0.23722852898129,0.23722852898129,0.024084114617389848,0.024084114617389848,9.85,ok,ok,0,,0
212,Sam Steel,C,f1,DAL,27,0.4521,16.067,0.46,0.5,0.5613382899628253,ok,73.0,0,36967.0,3524.0,ok,0.00611,229.0,17967.0,0.10742195915173527,,,contract_type,3.8438395650880945,10,231|485|516|729|252|705|678|244|419|686,0.2100177453228062,0.3122997967413926,0.49868077618033885,0.4872450802574446,-0.10259578617107093,-0.14441226168734472,-0.05016968126420596,-0.10259578617107093,-0.14441226168734472,-0.05016968126420596,-0.04061070732099245,-0.08242718283726622,0.011815397585872491,-0.10259578617107093,3.886776920148712,0,0.1454028377261707,-0.21962296442286217,0.007824899727577606,0.09601756640598438,-0.30131471571020285,0.06371183111962594,0.1839250489707711,-0.10580547809397646,-0.10580547809397646,-0.026396108724229407,-0.03715475949718755,-0.012907785112165998,-0.048855136271938535,-0.06876774366064034,-0.023890324411526647,-0.048855136271938535,-0.06876774366064034,-0.023890324411526647,0.10742195915173527,-0.10259578617107093,-0.10259578617107093,-0.048855136271938535,-0.048855136271938535,2.1,ok,ok,0,,0
213,Lian Bichsel,D,d1,DAL,21,0.16,15.667,0.46,0.4699999999999999,0.3937007874015748,ok,50.0,0,39778.0,17667.0,ok,0.015275,185.0,13607.0,0.13993901528162847,,,contract_type,1.879072894178751,10,553|234|557|445|21|667|239|40|259|503,-0.6809189681667297,0.3122997967413926,0.49868077618033885,0.4872450802574446,0.8208579834483581,0.6238898551549928,0.7307693733927554,0.8208579834483581,0.6238898551549928,0.7307693733927554,0.13001884319004495,-0.06694928510332054,0.03993023313444214,0.8208579834483581,1.81043728667409,1,0.3056285755190061,-0.46120822528801053,-0.1557162942996484,-0.16283846503000182,-0.37859066661003093,-0.31318482426559147,-0.36223297762075335,0.9757281803922615,0.9757281803922615,0.4534031581708838,0.34460727236850364,0.40364246735949294,0.8938886893698771,0.6793965535826993,0.795785008594964,0.4534031581708838,0.34460727236850364,0.40364246735949294,0.13993901528162847,0.8208579834483581,0.8208579834483581,0.4534031581708838,0.8938886893698771,0.9183,ok,ok,0,,0
214,Kyle Capobianco,D,d1,DAL,28,0.1515,12.133,0.49,0.51,0.6056338028169014,ok,33.0,0,10770.0,992.0,ok,0.001018,47.0,2262.0,-0.9637928113003389,,,contract_type,0.775,10,693|505|722|102|597|499|616|195|71|366,-0.5287049998109072,0.3122997967413926,0.49868077618033885,0.4872450802574446,-0.43508781148943165,-0.7443293587110504,-0.6454269426095403,-0.43508781148943165,-0.7443293587110504,-0.6454269426095403,-0.9433417318471272,-1.2525832790687461,-1.153680862967236,-0.43508781148943165,0.9125334197839554,0,0.2768163313666531,0.41728363240343813,-0.04838730728976415,-0.37358200089298466,0.2008764771401355,0.4035082637576316,0.21726030671596486,-0.3570042480353698,-0.3570042480353698,-0.47679109833855704,-0.8156735332359359,-0.7072912932463851,-0.5614036277282989,-0.9604249789820005,-0.8328089582058584,-0.5614036277282989,-0.9604249789820005,-0.8328089582058584,-0.9637928113003389,-0.43508781148943165,-0.43508781148943165,-0.5614036277282989,-0.5614036277282989,0.775,ok,ok,0,,0
215,Thomas Harley,D,d1,DAL,24,0.5143,23.05,0.48,0.49,0.4916387959866221,ok,70.0,0,121304.0,10410.0,ok,0.039715,320.0,33071.0,0.6168641762343301,,,contract_type,5.9368003117919805,10,67|510|73|502|594|360|750|718|21|447,0.2515052526774533,0.3122997967413926,0.49868077618033885,0.4872450802574446,0.3653589235568768,0.27064825065356934,0.44672493126726526,0.3653589235568768,0.27064825065356934,0.44672493126726526,-0.13839470571864426,-0.2331053786219518,-0.05702869800825589,0.3653589235568768,6.925921695030386,0,0.18185626150410436,-0.2855098537497208,0.21083757599306302,0.27097181094183,-0.05021911928503392,-0.06371183111962606,0.20988737793535223,0.22943676888013692,0.22943676888013692,0.05275239017198763,0.03907757877883168,0.06450043054743276,0.0913397308892192,0.06766206266339234,0.11168123281681631,0.0913397308892192,0.06766206266339234,0.11168123281681631,0.6168641762343301,0.3653589235568768,0.3653589235568768,0.0913397308892192,0.0913397308892192,4.0,ok,ok,0,,0
216,Miro Heiskanen,D,d1,DAL,26,0.8182,25.467,0.5,0.55,0.5355191256830601,ok,77.0,0,52751.0,40761.0,ok,0.099796,285.0,22746.0,0.5512145841031665,,,contract_type,7.437542807293223,10,502|469|215|771|73|744|594|332|68|363,0.5649851441976035,0.3122997967413926,0.49868077618033885,0.4872450802574446,-0.013770560094437001,-0.06464112828442703,0.01679329525948923,-0.013770560094437001,-0.06464112828442703,0.01679329525948923,-0.7603016875454247,-0.8111722557354145,-0.7297378321914983,-0.013770560094437001,10.221590083962555,0,0.37066455140944116,0.19766066798057597,0.5865665218864904,0.5149488262308974,1.6653345369377348e-16,0.6795928652760115,0.2452184270826718,-0.4008554045643708,-0.4008554045643708,-0.0013472033197694652,-0.006323979708973804,0.0016429239601221666,-0.0016296520821818938,-0.007649837666796099,0.001987372220057897,-0.0016296520821818938,-0.007649837666796099,0.001987372220057897,0.5512145841031665,-0.013770560094437001,-0.013770560094437001,-0.0016296520821818938,-0.0016296520821818938,8.45,ok,ok,0,,0
217,Esa Lindell,D,d1,DAL,31,0.3902,23.233,0.48,0.55,0.4290030211480362,ok,82.0,0,23050.0,19729.0,ok,0.00611,210.0,22318.0,0.14619661662372604,,,contract_type,5.91550080674788,10,599|331|508|507|338|747|617|261|76|191,0.10151808877760908,0.3122997967413926,0.49868077618033885,0.4872450802574446,0.044678527846116964,-0.04778727967788054,0.042580489628397375,0.044678527846116964,-0.04778727967788054,0.042580489628397375,-0.3185135475918094,-0.4109793551158069,-0.3206115858095289,0.044678527846116964,7.41785648038309,0,0.43169752023992564,0.35139674307657953,0.36766996796887064,0.6172843235343373,0.200876477140136,0.8070165275152636,0.2459410822043666,-0.31411691795506175,-0.31411691795506175,0.00602310491774432,-0.006442195235814619,0.005740268734101787,0.008510195780212755,-0.00910233898626296,0.008110569453028073,0.008510195780212755,-0.00910233898626296,0.008110569453028073,0.14619661662372604,0.044678527846116964,0.044678527846116964,0.008510195780212755,0.008510195780212755,5.25,ok,ok,0,,0
218,Nils Lundkvist,D,d1,DAL,25,0.2115,16.483,0.49,0.52,0.4205128205128205,ok,52.0,0,14129.0,3682.0,ok,0.001018,104.0,5884.0,-0.4562329524046436,,,contract_type,2.3388690966612082,10,40|724|188|259|617|234|70|723|21|239,-0.38495045847447956,0.3122997967413926,0.49868077618033885,0.4872450802574446,-0.07128249393016406,0.08699430554039694,0.1513290977777058,-0.07128249393016406,0.08699430554039694,0.1513290977777058,-0.42823475871867095,-0.26995795924811006,-0.2056231670108012,-0.07128249393016406,2.092950364879014,0,0.16470154757491529,-0.1537360750960035,0.14589759620265408,0.06650059280601732,0.2259860367826525,0.33979643263800574,-0.056292551924158496,-0.09339145790198225,-0.09339145790198225,-0.03405837765019556,0.04156539352304505,0.07230419809141225,-0.057025995144131245,0.06959544443231756,0.12106327822216464,-0.057025995144131245,0.06959544443231756,0.12106327822216464,-0.4562329524046436,-0.07128249393016406,-0.07128249393016406,-0.057025995144131245,-0.057025995144131245,1.25,ok,ok,0,,0
219,Ilya Lyubushkin,D,d1,DAL,31,0.1698,15.733,0.43,0.46,0.3582089552238806,ok,53.0,0,14700.0,13855.0,ok,0.01222,137.0,9039.0,-0.2017624068780233,,,contract_type,1.921430215654444,10,221|260|579|574|338|428|642|577|751|644,-0.30439376605686685,0.3122997967413926,0.49868077618033885,0.4872450802574446,0.10263135917884356,0.26632389671521906,0.4380917025019143,0.10263135917884356,0.26632389671521906,0.4380917025019143,0.24154144007038292,0.40523397760675833,0.5770017833934536,0.10263135917884356,1.8290512497169173,0,0.15075690783951004,0.06588688932685871,0.0,-0.21101389756321637,-0.3515338349952375,-0.06371183111962542,-0.21239499403212225,0.1503656016349431,0.1503656016349431,0.05611180069160327,0.14560767324394988,0.23951854961402413,0.03157887974733648,0.08194581437391356,0.13479744692366596,0.03157887974733648,0.08194581437391356,0.13479744692366596,-0.2017624068780233,0.10263135917884356,0.10263135917884356,0.03157887974733648,0.03157887974733648,3.25,ok,ok,0,,0
220,Tyler Myers,D,d1,DAL,36,0.1507,19.519,0.4699999999999999,0.46,0.358974358974359,ok,73.0,0,118335.0,9224.0,ok,0.0611,250.0,31093.0,0.5463799263229243,,,contract_type,3.8180749545980155,10,645|235|575|644|400|309|579|558|428|43,-0.05769045214422398,0.3122997967413926,0.49868077618033885,0.4872450802574446,0.6040703784671483,0.6468962654698687,0.7392574674195915,0.6040703784671483,0.6468962654698687,0.7392574674195915,0.6375263000623549,0.6803521870650752,0.772713389014798,0.6040703784671483,3.8391660291866017,0,0.3010346352672224,0.592982003941728,-0.3213893644519158,0.09524343258060408,-0.17576691749762102,-0.2760846015183788,-0.34474149161308654,0.6111051816360179,0.6111051816360179,0.15734416638270052,0.16849916376420052,0.19255678493701844,0.20135679282238275,0.21563208848995624,0.2464191558065305,0.20135679282238275,0.21563208848995624,0.2464191558065305,0.5463799263229243,0.6040703784671483,0.6040703784671483,0.20135679282238275,0.20135679282238275,3.0,ok,ok,0,,0
221,Alexander Petrovic,D,d1,DAL,33,0.1852,15.35,0.44,0.4599999999999999,0.3741496598639456,ok,54.0,0,27237.0,8861.0,ok,0.011202,150.0,9548.0,-0.09091389113564773,,,contract_type,1.7419139481870975,10,219|579|260|238|428|751|642|330|472|645,-0.12576770569738852,0.3122997967413926,0.49868077618033885,0.4872450802574446,0.03485381456174079,-0.5088425625543235,-0.4004892058501877,0.03485381456174079,-0.5088425625543235,-0.4004892058501877,0.10528562694420268,-0.4384107501718615,-0.3300573934677257,0.03485381456174079,1.6908068563909395,0,0.17847895584727247,-0.02196229644228631,0.05972337997202404,-0.19785362253175912,-0.4017529542802716,-0.19113549335888003,-0.19844598849841377,0.06723743572905254,0.06723743572905254,0.020613717308987582,-0.3009465928240071,-0.23686277609793926,0.044972663950633276,-0.6565710484571916,-0.5167602656131454,0.044972663950633276,-0.6565710484571916,-0.5167602656131454,-0.09091389113564773,0.03485381456174079,0.03485381456174079,0.044972663950633276,0.044972663950633276,0.775,ok,ok,0,,0
222,Mason Appleton,C,f1,DET,30,0.2154,13.517,0.47,0.4399999999999999,0.4826086956521739,ok,65.0,0,44931.0,3741.0,ok,0.004073,129.0,10893.0,-0.10003160038700001,,,contract_type,2.199282808057981,10,131|357|92|266|372|625|416|346|565|264,0.2898654188324114,0.25518572425993447,0.24130151334378713,-0.23864998233228227,-0.38989701921941144,-0.46289120702048003,-0.34149415988392623,-0.38989701921941144,-0.46289120702048003,-0.34149415988392623,-0.3012716872758482,-0.3742658750769168,-0.2528688279403629,-0.38989701921941144,2.345461857653516,0,0.2862841185456077,0.3733590395188656,-0.4944953122142078,-0.16798354503224877,-0.1421223101695973,-0.3554449525621267,-0.18429955177659962,-0.2234401402906305,-0.2234401402906305,-0.166234644979253,-0.19735610089331104,-0.1455978313054168,-0.1344472480066936,-0.15961765759326899,-0.11775660685652628,-0.1344472480066936,-0.15961765759326899,-0.11775660685652628,-0.10003160038700001,-0.38989701921941144,-0.38989701921941144,-0.1344472480066936,-0.1344472480066936,2.9,ok,ok,0,,0
223,J.T. Compher,L,f1,DET,30,0.3415,15.667,0.46,0.47,0.4608433734939759,ok,82.0,0,26691.0,4213.0,ok,0.005092,152.0,7778.0,-0.17707636530070642,,,contract_type,3.366457220147917,10,175|679|458|249|728|581|684|289|128|440,0.14657380836763728,0.25518572425993447,0.24130151334378713,-0.23864998233228227,-0.3236501736683437,-0.30706757265620943,-0.2392888360575862,-0.3236501736683437,-0.30706757265620943,-0.2392888360575862,-0.31711604716682146,-0.3005334461546871,-0.23275470955606392,-0.3236501736683437,3.4969080184606045,0,0.28674161545325516,0.0878491857691448,-0.3070771546937824,-0.016981000040590277,-0.4770816332078213,-0.2973218785582552,-0.5341388404499371,-0.17583518155101938,-0.17583518155101938,-0.09255324188104316,-0.0878111666178127,-0.06842869037285258,-0.0634608183663419,-0.06020932797180577,-0.046919379619134546,-0.0634608183663419,-0.06020932797180577,-0.046919379619134546,-0.17707636530070642,-0.3236501736683437,-0.3236501736683437,-0.0634608183663419,-0.0634608183663419,5.1,ok,ok,0,,0
224,Andrew Copp,C,f1,DET,31,0.5443,16.567,0.5,0.51,0.4876543209876543,ok,79.0,0,21228.0,3377.0,ok,0.003055,161.0,14039.0,-0.13749468182802965,,,contract_type,4.303043718062261,10,590|264|177|182|315|604|416|705|59|4,0.3062557871095709,0.25518572425993447,0.24130151334378713,-0.23864998233228227,-0.44375046893760056,-0.5621886457944515,-0.47550589323095255,-0.44375046893760056,-0.5621886457944515,-0.47550589323095255,-0.9478951544521534,-1.0663333313090044,-0.9796505787455055,-0.44375046893760056,4.362807179987956,0,0.08192646387749553,0.17569837153828982,0.08407911123257705,0.017883489235564598,0.008535047685504657,0.04806331119550716,0.15729945237752982,-0.520436115287051,-0.520436115287051,-0.10171214326708465,-0.12885938401614244,-0.10899081110255833,-0.07888897225557344,-0.09994464814123583,-0.08453438101883602,-0.07888897225557344,-0.09994464814123583,-0.08453438101883602,-0.13749468182802965,-0.44375046893760056,-0.44375046893760056,-0.07888897225557344,-0.07888897225557344,5.625,ok,ok,0,,0
225,Alex DeBrincat,R,f1,DET,28,1.0366,18.5,0.51,0.53,0.4954128440366973,ok,82.0,0,86081.0,10091.0,ok,0.096741,264.0,33737.0,0.5670556000822214,,,contract_type,6.48404391988273,10,210|345|313|12|651|492|232|25|716|36,0.8171167194992531,0.25518572425993447,0.24130151334378713,-0.23864998233228227,-0.2500611194170317,-0.16487745205942198,-0.06248152756808884,-0.2500611194170317,-0.16487745205942198,-0.06248152756808884,-0.2519036899299226,-0.16672002257231303,-0.06432409808097977,-0.2500611194170317,7.161515449333119,0,0.179934300573412,0.2196229644228621,0.00030095768183002747,-0.05244132365476373,-0.12554779821258488,0.19113549335887858,-0.49055726610955275,-0.21811897985764794,-0.21811897985764794,-0.03491734691996195,-0.023022704234307752,-0.008724623721073887,-0.03175379294184529,-0.02093681930913295,-0.007934162230868425,-0.03175379294184529,-0.02093681930913295,-0.007934162230868425,0.5670556000822214,-0.2500611194170317,-0.2500611194170317,-0.03175379294184529,-0.03175379294184529,7.875,ok,ok,0,,0
226,Emmitt Finnie,C,f1,DET,20,0.3659,15.5,0.49,0.49,0.5181818181818182,ok,82.0,0,44137.0,713.0,ok,0.013238,184.0,23422.0,0.006514263416030855,,,contract_type,3.3779168535334096,10,228|34|627|184|57|518|434|95|28|761,-0.24457380169054882,0.25518572425993447,0.24130151334378713,-0.23864998233228227,0.25108806510657966,-0.22188139244165617,-0.02108344056655693,0.25108806510657966,-0.22188139244165617,-0.02108344056655693,0.07369305189384806,-0.3992764056543876,-0.19847845377928836,0.25108806510657966,3.4321124835613377,1,0.16199099487645954,-0.307472150192007,-0.05474085835061762,0.18599189456222898,-0.25913506069667736,-0.1374834250476145,0.027122580409611935,0.27781349741428774,0.27781349741428774,0.07315846036783669,-0.06464863651887671,-0.006142992302128647,0.30557145564875215,-0.27002725135895844,-0.02565831881046237,0.07315846036783669,-0.06464863651887671,-0.006142992302128647,0.006514263416030855,0.25108806510657966,0.25108806510657966,0.07315846036783669,0.30557145564875215,0.8217,ok,ok,0,,0
227,Patrick Kane,R,f1,DET,37,0.8507,17.7,0.5,0.52,0.5622775800711743,ok,67.0,0,538926.0,108385.0,ok,0.577393,347.0,59223.0,1.677471382152527,,,contract_type,5.634699194616864,10,66|329|321|561|197|525|233|414|326|524,0.11968642679072942,0.25518572425993447,0.24130151334378713,-0.23864998233228227,1.5577849553617975,1.5564235300566154,1.6347623427899833,1.5577849553617975,1.5564235300566154,1.6347623427899833,1.4771518847462481,1.475790459441066,1.554129272174434,1.5577849553617975,5.871072493181569,0,0.37797601042160195,0.48317052173029684,0.5526920628094129,0.35794949203208803,0.4017529542802718,0.46722009487725785,0.005070936800284143,1.2275421177534251,1.2275421177534251,0.2653322637679823,0.2651003767819566,0.2784435628564511,0.5192616517872658,0.5188078433522051,0.5449207809299944,0.5192616517872658,0.5188078433522051,0.5449207809299944,1.677471382152527,1.5577849553617975,1.5577849553617975,0.5192616517872658,0.5192616517872658,3.0,ok,ok,0,,0
228,Marco Kasper,C,f1,DET,21,0.2346,13.8,0.5,0.5,0.4873646209386281,ok,81.0,0,29975.0,20401.0,ok,0.020367,227.0,19978.0,0.22132719507712573,,,contract_type,2.360685315672467,10,627|226|184|34|95|57|717|518|761|178,-0.5863489698751543,0.25518572425993447,0.24130151334378713,-0.23864998233228227,0.80767616495228,0.8222788315855912,0.9085509878661054,0.80767616495228,0.8222788315855912,0.9085509878661054,0.3351170983704113,0.34971976500372265,0.43599192128423664,0.80767616495228,2.4743839466107596,1,0.20460389461528736,-0.1537360750960035,-0.3588753157109521,-0.21603328139874384,-0.13358726248409233,0.011177514231513155,-0.35421391877041913,1.043619777045194,1.043619777045194,0.32641505214200045,0.33231658842270295,0.3671827038445573,0.9108787244302244,0.9273472782063733,1.0246430448473052,0.32641505214200045,0.33231658842270295,0.3671827038445573,0.22132719507712573,0.80767616495228,0.80767616495228,0.32641505214200045,0.9108787244302244,0.8867,ok,ok,0,,0
229,Dylan Larkin,C,f1,DET,29,0.9054,20.183,0.5,0.47,0.4744318181818182,ok,74.0,0,235216.0,35874.0,ok,0.205703,558.0,81298.0,1.300075324855131,,,contract_type,6.7110939554595355,10,413|276|265|565|39|35|271|10|374|543,0.46704766482972604,0.25518572425993447,0.24130151334378713,-0.23864998233228227,0.8330276600254051,0.6566235633662286,0.7968926873347131,0.8330276600254051,0.6566235633662286,0.7968926873347131,0.604849403620329,0.42844530696115235,0.5687144309296368,0.8330276600254051,9.011788506612946,0,0.2885554291346027,0.13177377865371734,0.6483297261464721,0.5802257881516373,-0.050219119285034114,-0.27608460151838005,0.044699561052375186,0.4445212870538408,0.4445212870538408,0.09243755103818964,0.07286273561395624,0.08842780617298607,0.09575030575004657,0.07547397280071595,0.09159686061318544,0.09575030575004657,0.07547397280071595,0.09159686061318544,1.300075324855131,0.8330276600254051,0.8330276600254051,0.09575030575004657,0.09575030575004657,8.7,ok,ok,0,,0
230,David Perron,L,f1,DET,37,0.4308,13.569,0.51,0.57,0.6226415094339622,ok,65.0,0,71622.0,11712.0,ok,0.04277,237.0,12846.0,0.31675979059545506,,,contract_type,2.861674867765199,10,517|329|459|712|698|321|181|109|246|440,0.10178099579642663,0.25518572425993447,0.24130151334378713,-0.23864998233228227,0.21497879479902843,0.24589770381242124,0.32238125337415147,0.21497879479902843,0.24589770381242124,0.32238125337415147,0.20756870196309588,0.23848761097648868,0.31497116053821883,0.21497879479902843,2.556522378457614,0,0.4167692716352498,0.7247557825954449,-0.3292811436643445,-0.41905612011932947,-0.050219119285033975,0.5521692030367573,0.4251342611105887,0.2830557066751436,0.2830557066751436,0.0840903238753295,0.096184451927534,0.12610147913848838,0.05374469869975711,0.06147442595310531,0.08059531334353787,0.05374469869975711,0.06147442595310531,0.08059531334353787,0.31675979059545506,0.21497879479902843,0.21497879479902843,0.05374469869975711,0.05374469869975711,4.0,ok,ok,0,,0
231,Michael Rasmussen,C,f1,DET,26,0.2188,12.65,0.45,0.48,0.5,ok,64.0,0,18640.0,3554.0,ok,0.002037,86.0,5882.0,-0.46677840768105505,,,contract_type,1.8906268758783467,10,516|244|415|212|316|179|705|206|729|138,-0.18386509808748253,0.25518572425993447,0.24130151334378713,-0.23864998233228227,-0.2829133095935725,0.050043400699062886,0.14811596276706404,-0.2829133095935725,0.050043400699062886,0.14811596276706404,-0.1534129179110445,0.1795437923815909,0.2776163544495921,-0.2829133095935725,2.035962527492162,0,0.23232587047061481,0.0,-0.3267062834975776,-0.15809810478967123,-0.5021911928503386,-0.31855915559813025,0.08840048608797127,-0.15333675014712675,-0.15333675014712675,-0.13895801409569986,0.024579725816812975,0.0727498471936558,-0.08841040924799141,0.015638562718457153,0.046286238364707515,-0.08841040924799141,0.015638562718457153,0.046286238364707515,-0.46677840768105505,-0.2829133095935725,-0.2829133095935725,-0.08841040924799141,-0.08841040924799141,3.2,ok,ok,0,,0
232,Lucas Raymond,L,f1,DET,23,0.95,18.8,0.51,0.49,0.5068493150684932,ok,80.0,0,80574.0,59168.0,ok,0.104888,358.0,47428.0,0.8261157424739303,,,contract_type,6.3357363442992805,10,651|313|354|3|734|63|48|539|345|588,0.7787863407926039,0.25518572425993447,0.24130151334378713,-0.23864998233228227,0.04732940168132638,0.12554823475570753,0.22281696363320352,0.04732940168132638,0.12554823475570753,0.22281696363320352,-0.8751967642166811,-0.7969779311422998,-0.699709202264804,0.04732940168132638,7.292976755565366,0,0.2565107319348923,0.1537360750960035,0.4284968594409373,0.37168412441785986,0.1255477982125848,-0.2548473244785044,-0.20475220996346413,-0.19622753292626297,-0.19622753292626297,0.006489723369159059,0.017214950624914585,0.030552265707301064,0.005861226214405744,0.015547769009994742,0.027593432028879695,0.005861226214405744,0.015547769009994742,0.027593432028879695,0.8261157424739303,0.04732940168132638,0.04732940168132638,0.005861226214405744,0.005861226214405744,8.075,ok,ok,0,,0
233,James van Riemsdyk,L,f1,DET,36,0.4306,11.75,0.47,0.48,0.4858490566037736,ok,72.0,0,110193.0,11891.0,ok,0.053971,73.0,4224.0,-0.10270028832059014,,,contract_type,2.1922023419631,10,197|66|6|62|186|227|312|109|321|546,-0.005631474120967162,0.25518572425993447,0.24130151334378713,-0.23864998233228227,-0.09706881419962297,-0.015264995136143223,0.08020497125303719,-0.09706881419962297,-0.015264995136143223,0.08020497125303719,-0.9890836044933291,-0.9072797854298493,-0.8118098190406691,-0.09706881419962297,1.8947836353006342,0,0.17055962393161872,0.4831705217302966,0.08874907639739721,-0.12273766941103048,-0.1421223101695973,-0.18554673624312185,0.0010314296382688132,-0.1931841780125284,-0.1931841780125284,-0.05122949786518587,-0.008056326248416863,0.042329356111581326,-0.09706881419962297,-0.015264995136143223,0.08020497125303719,-0.09706881419962297,-0.015264995136143223,0.08020497125303719,-0.10270028832059014,-0.09706881419962297,-0.09706881419962297,-0.09706881419962297,-0.09706881419962297,1.0,ok,ok,0,,0
234,Jacob Bernard-Docker,D,d1,DET,25,0.0794,14.817,0.45,0.47,0.411214953271028,ok,63.0,0,31224.0,2360.0,ok,0.004073,77.0,3258.0,-0.5156127587123277,,,contract_type,1.3753966075019781,10,239|188|557|40|259|213|218|76|573|70,-0.3593091892177707,0.25518572425993447,0.24130151334378713,-0.23864998233228227,-0.15630356949455698,-0.05513063061878182,0.05636316434983863,-0.15630356949455698,-0.05513063061878182,0.05636316434983863,-0.9588499167939561,-0.857676977918181,-0.7461831829495605,-0.15630356949455698,1.567831146195256,0,0.24724723951205949,1.1102230246251565e-16,-0.3335948704372399,-0.39573221712240125,-0.3766433946377542,-0.33979643263800563,-0.03771652223695576,0.039452528362872,0.039452528362872,-0.09969413471206234,-0.03516362763462789,0.03594976696732827,-0.17863265085092225,-0.0630064349928935,0.06441504497124416,-0.17863265085092225,-0.0630064349928935,0.06441504497124416,-0.5156127587123277,-0.15630356949455698,-0.15630356949455698,-0.17863265085092225,-0.17863265085092225,0.875,ok,ok,0,,0
235,Ben Chiarot,D,d1,DET,34,0.1829,20.833,0.46,0.45,0.4350132625994695,ok,82.0,0,25767.0,4070.0,ok,0.002037,124.0,10904.0,-0.20596463190031597,,,contract_type,4.511953235677636,10,575|425|595|644|220|168|772|383|237|428,0.08491874678922769,0.25518572425993447,0.24130151334378713,-0.23864998233228227,-0.29088337868954367,-0.32680829388178856,-0.2174546242109932,-0.29088337868954367,-0.32680829388178856,-0.2174546242109932,-0.338058564095447,-0.37398347928769193,-0.26462980961689647,-0.29088337868954367,4.914835734316626,0,0.22679709750682656,0.3953213359611518,-0.3124275134818697,0.08820131197553582,-0.3013147157102025,-0.2548473244785041,0.008670383433695417,-0.30345443598366295,-0.30345443598366295,-0.05918476108133632,-0.06649424549429606,-0.04424453551777326,-0.06123860603990393,-0.06880174608037654,-0.04577992088652489,-0.06123860603990393,-0.06880174608037654,-0.04577992088652489,-0.20596463190031597,-0.29088337868954367,-0.29088337868954367,-0.06123860603990393,-0.06123860603990393,4.75,ok,ok,0,,0
236,Simon Edvinsson,D,d1,DET,22,0.3472,22.35,0.52,0.51,0.3478260869565217,ok,72.0,0,41245.0,14248.0,ok,0.017312,199.0,19097.0,0.20219324390190968,,,contract_type,5.429626145734092,10,773|774|305|449|72|20|100|450|402|623,-0.15849448220184753,0.25518572425993447,0.24130151334378713,-0.23864998233228227,0.3606877261037572,0.33214523495216547,0.4574517714498029,0.3606877261037572,0.33214523495216547,0.4574517714498029,-0.0782495231836617,-0.1067920143352536,0.018514522162383886,0.3606877261037572,6.319185509200556,1,0.3091031540545515,-0.43924592884572433,0.07577445633628566,0.3678883714676109,0.20087647714013596,0.21237277039875335,-0.558460920138799,0.3408984305471096,0.3408984305471096,0.05707819869801354,0.05256139964059788,0.07239093879800902,0.40336359439024516,0.3714440113533499,0.5115765728582006,0.05707819869801354,0.05256139964059788,0.07239093879800902,0.20219324390190968,0.3606877261037572,0.3606877261037572,0.05707819869801354,0.40336359439024516,0.8942,ok,ok,0,,0
237,Justin Faulk,D,d1,DET,33,0.5128,22.01,0.47,0.45,0.4632152588555858,ok,78.0,0,61145.0,5153.0,ok,0.016293,224.0,14606.0,0.1997001365455566,,,contract_type,5.40961115721728,10,572|575|555|595|425|640|285|578|263|381,0.2734700518077019,0.25518572425993447,0.24130151334378713,-0.23864998233228227,-0.0737699152621453,-0.47552912888047255,-0.3120560693295949,-0.0737699152621453,-0.47552912888047255,-0.3120560693295949,-0.3911914861214665,-0.7929506997397938,-0.6294776401889162,-0.0737699152621453,5.659813309592543,0,0.22764226753780784,0.219622964422862,0.09195929167024972,0.10485767525064515,-0.2510955964251699,-0.467220094877257,-0.2310979825806634,-0.1585546136826229,-0.1585546136826229,-0.013033983848392357,-0.08401851843320013,-0.055135399749088224,-0.011349217732637739,-0.0731583275200727,-0.04800862605070691,-0.011349217732637739,-0.0731583275200727,-0.04800862605070691,0.1997001365455566,-0.0737699152621453,-0.0737699152621453,-0.011349217732637739,-0.011349217732637739,6.5,ok,ok,0,,0
238,Travis Hamonic,D,d1,DET,35,0.0769,14.383,0.4600000000000001,0.4600000000000001,0.3918918918918919,ok,26.0,0,28552.0,3558.0,ok,0.001018,82.0,7159.0,-0.38135946289609596,,,contract_type,1.153677681386014,10,579|596|221|428|645|330|691|400|751|260,-0.1471976615284122,0.25518572425993447,0.24130151334378713,-0.23864998233228227,-0.23416180136768375,-0.1097175145897109,-0.03475575873409305,-0.23416180136768375,-0.1097175145897109,-0.03475575873409305,-0.01953711973737482,0.10490716704059799,0.17986892289621575,-0.23416180136768375,1.4418770554481595,0,0.31126937543496186,0.307472150192007,-0.306976835466506,-0.4709730305375461,-0.24402392452584687,-0.3928462838559778,-0.14532402803188726,-0.03725587821141543,-0.03725587821141543,-0.16240067104396938,-0.07609352973274747,-0.02410452306094182,-0.23416180136768375,-0.1097175145897109,-0.03475575873409305,-0.23416180136768375,-0.1097175145897109,-0.03475575873409305,-0.38135946289609596,-0.23416180136768375,-0.23416180136768375,-0.23416180136768375,-0.23416180136768375,1.0,ok,ok,0,,0
239,Albert Johansson,D,d1,DET,25,0.1341,15.933,0.46,0.4699999999999999,0.4501718213058419,ok,82.0,0,9642.0,2454.0,ok,0.0,98.0,6880.0,-0.5491883244397436,,,contract_type,1.9898047327240056,10,234|188|557|40|336|399|470|669|750|213,-0.6508614766528076,0.25518572425993447,0.24130151334378713,-0.23864998233228227,0.10167315221306394,0.09302566468008706,0.18887146872674646,0.10167315221306394,0.09302566468008706,0.18887146872674646,-0.4310534742705095,-0.43970096180348645,-0.34385515775682723,0.10167315221306394,1.919755415956416,0,0.17711753593569393,-0.10981148221143111,-0.22162602662039832,-0.11184552079046475,-0.3032619876824797,-0.2069984390662149,0.10916175924317484,0.17944931476180415,0.17944931476180415,0.052961513413629674,0.04845703984314167,0.09838308940654884,0.09037613530050129,0.08268947971563295,0.16788574997933017,0.09037613530050129,0.08268947971563295,0.16788574997933017,-0.5491883244397436,0.10167315221306394,0.10167315221306394,0.09037613530050129,0.09037613530050129,1.125,ok,ok,0,,0
240,Moritz Seider,D,d1,DET,24,0.7317,25.667,0.53,0.55,0.3448275862068966,ok,82.0,0,77669.0,137830.0,ok,0.114053,316.0,44238.0,0.8408309417955215,,,contract_type,7.459324417323674,10,332|20|475|236|73|67|68|479|305|745,0.29172222340904985,0.25518572425993447,0.24130151334378713,-0.23864998233228227,0.5491087183864717,0.49910933568847016,0.5953782239494461,0.5491087183864717,0.49910933568847016,0.5953782239494461,-0.5260256309095366,-0.576025013607538,-0.47975612534656203,0.5491087183864717,10.874509765763063,0,0.5204256000627546,-0.1976606679805759,0.6241527923728032,0.7630212591768146,0.5273007524928569,0.5946437571165103,-0.4157743712369668,0.22794212369068473,0.22794212369068473,0.05049503197976491,0.045897180327139804,0.05474989096280135,0.0642232419165464,0.05837536089923627,0.06963487999408727,0.0642232419165464,0.05837536089923627,0.06963487999408727,0.8408309417955215,0.5491087183864717,0.5491087183864717,0.0642232419165464,0.0642232419165464,8.55,ok,ok,0,,0
241,Colton Dach,C,f1,EDM,23,0.2131,11.482,0.47,0.44,0.4533333333333333,ok,61.0,0,55714.0,750.0,ok,0.011202,141.0,6897.0,-0.19853853031060356,,,contract_type,1.444112202417236,10,346|687|30|372|432|31|377|434|95|56,-0.12062821219109277,0.25383597765398797,-0.28860232544344516,-0.7667479648784609,-0.0779103181195108,-0.5077864781068733,-0.32247220546881034,-0.0779103181195108,-0.5077864781068733,-0.32247220546881034,-0.04729325805884532,-0.477169418046208,-0.2918551454081447,-0.0779103181195108,1.6763542391462307,1,0.2634892849150427,-0.2855098537497208,-0.27450684557130123,-0.29047498892962564,-0.25109559642517,-0.4035082637576315,0.07584016105680719,0.09746647252372795,0.09746647252372795,-0.04647604682837836,-0.30291120232767127,-0.19236519223588794,-0.09443674923577067,-0.6154987613416646,-0.390875400568255,-0.04647604682837836,-0.30291120232767127,-0.19236519223588794,-0.19853853031060356,-0.0779103181195108,-0.0779103181195108,-0.04647604682837836,-0.09443674923577067,0.825,ok,ok,0,,0
242,Jason Dickinson,C,f1,EDM,30,0.2656,15.527,0.48,0.48,0.2605633802816901,ok,64.0,0,30454.0,4028.0,ok,0.013238,85.0,5530.0,-0.3699750237068129,,,contract_type,3.088309136415654,10,324|349|164|604|732|757|590|606|551|701,0.20739596570030433,0.25383597765398797,-0.28860232544344516,-0.7667479648784609,-0.5773709894071173,-0.5031476776448576,-0.37463396616914996,-0.5773709894071173,-0.5031476776448576,-0.37463396616914996,-0.7604690165682735,-0.6862457048060137,-0.557731993330306,-0.5773709894071173,3.325050684973064,0,0.25370326654566133,-0.2415852608651483,-0.24487923378226822,-0.0074666456060831915,-0.225986036782653,-0.0637118311196263,-0.7385905911181889,-0.3729510632610107,-0.3729510632610107,-0.1736427634070169,-0.15132030315168973,-0.11267015202572311,-0.135851997507557,-0.11838768885761355,-0.08814916851038822,-0.135851997507557,-0.11838768885761355,-0.08814916851038822,-0.3699750237068129,-0.5773709894071173,-0.5773709894071173,-0.135851997507557,-0.135851997507557,4.25,ok,ok,0,,0
243,Leon Draisaitl,C,f1,EDM,30,1.4923,21.583,0.53,0.54,0.6063492063492063,ok,65.0,0,505112.0,468328.0,ok,0.655804,843.0,206273.0,2.2702665197562593,,,contract_type,8.978615135270708,10,251|159|355|160|607|64|763|591|702|39,1.3792189504225303,0.25383597765398797,-0.28860232544344516,-0.7667479648784609,0.891047569333729,0.8109871229960045,0.9048169969114228,0.891047569333729,0.8109871229960045,0.9048169969114228,0.7346565166410077,0.6545960703032833,0.7484259442187016,0.891047569333729,14.019813294425088,0,0.29968015796078523,0.30747215019200697,0.9185228449448792,0.2546151123733196,0.07532867892755124,0.14866093927912793,-0.09348122204782672,0.45932994591130333,0.45932994591130333,0.0635563078210214,0.057845786242994385,0.06453844840224933,0.0636462549524092,0.05792765164257175,0.06462978549367306,0.0636462549524092,0.05792765164257175,0.06462978549367306,2.2702665197562593,0.891047569333729,0.891047569333729,0.0636462549524092,0.0636462549524092,14.0,ok,ok,0,,1
244,Trent Frederic,C,f1,EDM,27,0.0946,11.033,0.47,0.51,0.4716157205240174,ok,74.0,0,72439.0,4378.0,ok,0.063136,262.0,30313.0,0.42268224332842264,,,contract_type,0.9251192077608361,10,415|231|410|516|255|201|705|713|206|316,-0.5005780164171565,0.25383597765398797,-0.28860232544344516,-0.7667479648784609,0.9232602597455791,0.8892597457972485,0.9869618982151944,0.9232602597455791,0.8892597457972485,0.9869618982151944,1.112946290543281,1.0789457765949502,1.1766479290128962,0.9232602597455791,1.4918349873883696,0,0.19510256380503643,0.13177377865371726,-0.4447151345173269,-0.2876281742169384,-0.22598603678265317,-0.06371183111962575,0.016800427539956947,1.1198014809304209,1.1198014809304209,0.6188755911683325,0.5960845222929119,0.6615757818785212,0.2398078596741764,0.23097655734993466,0.2563537397961544,0.2398078596741764,0.23097655734993466,0.2563537397961544,0.42268224332842264,0.9232602597455791,0.9232602597455791,0.2398078596741764,0.2398078596741764,3.85,ok,ok,0,,0
245,Adam Henrique,C,f1,EDM,35,0.2308,13.233,0.48,0.49,0.3708333333333333,ok,65.0,0,62702.0,6795.0,ok,0.050916,169.0,17259.0,0.20253488737429967,,,contract_type,2.140842068260391,10,247|604|457|408|713|198|416|385|224|706,-0.20257917024570862,0.25383597765398797,-0.28860232544344516,-0.7667479648784609,0.4051140576200083,0.43348400692425293,0.5322463023111141,0.4051140576200083,0.43348400692425293,0.5322463023111141,0.3986822366596465,0.42705218596389116,0.5258144813507524,0.4051140576200083,2.250774336785364,0,0.1886709340680266,0.46120822528801053,-0.2129777195082979,-0.005618713248724538,0.0251095596425166,0.0212372770398752,-0.4058741096807347,0.45945023705635,0.45945023705635,0.17998874920468777,0.19259327771764548,0.23647253019211478,0.13503801920666944,0.144494668974751,0.1774154341037047,0.13503801920666944,0.144494668974751,0.1774154341037047,0.20253488737429967,0.4051140576200083,0.4051140576200083,0.13503801920666944,0.13503801920666944,3.0,ok,ok,0,,0
246,Zach Hyman,L,f1,EDM,33,0.8966,19.983,0.52,0.56,0.6666666666666666,ok,58.0,0,164572.0,14563.0,ok,0.293279,412.0,54004.0,1.1172121731158815,,,contract_type,6.6112704417592445,10,181|698|158|329|320|323|564|561|524|710,0.587118323997375,0.25383597765398797,-0.28860232544344516,-0.7667479648784609,0.5300938491185065,0.6373491117806914,0.7289947556295452,0.5300938491185065,0.6373491117806914,0.7289947556295452,0.5997387012277803,0.7069939638899652,0.798639607738819,0.5300938491185065,8.692286898895333,0,0.3619468911811787,0.417283632403438,0.3371060433919222,0.40854288332949384,0.22598603678265283,0.5096946489570087,0.2730681022225565,0.2586147103860147,0.2586147103860147,0.060984394013257205,0.07332352454469601,0.08386685392565565,0.09638069983972847,0.11588165668739844,0.13254450102355367,0.09638069983972847,0.11588165668739844,0.13254450102355367,1.1172121731158815,0.5300938491185065,0.5300938491185065,0.09638069983972847,0.09638069983972847,5.5,ok,ok,0,,0
247,Mattias Janmark,C,f1,EDM,33,0.186,11.85,0.46,0.4799999999999999,0.3620689655172414,ok,43.0,0,27832.0,7927.0,ok,0.016293,112.0,7979.0,-0.20174912315473634,,,contract_type,1.4985001841104593,10,245|316|385|457|713|198|408|541|416|429,-0.24671266578115336,0.25383597765398797,-0.28860232544344516,-0.7667479648784609,0.044963542626417025,0.00857040389268936,0.16021930235505907,0.044963542626417025,0.00857040389268936,0.16021930235505907,-0.06399821850096288,-0.10039135723469057,0.05125754122767911,0.044963542626417025,1.7637521215283747,0,0.15327028295897668,0.02196229644228631,-0.16398849685487404,-0.0820332134313807,-0.10043823857006684,0.042474554079749316,-0.5087248983755029,0.17205237442104018,0.17205237442104018,0.025493118946586433,0.004859188424540462,0.09084003381167953,0.03100933974235657,0.005910623374268525,0.1104960705896959,0.03100933974235657,0.005910623374268525,0.1104960705896959,-0.20174912315473634,0.044963542626417025,0.044963542626417025,0.03100933974235657,0.03100933974235657,1.45,ok,ok,0,,0
248,Max Jones,L,f1,EDM,27,0.2381,8.35,0.53,0.58,0.4897959183673469,ok,21.0,0,22551.0,2412.0,ok,0.01222,39.0,2964.0,-0.7787140503568476,,,contract_type,0.775,10,299|303|663|176|196|394|462|430|267|526,-0.8102356389324884,0.25383597765398797,-0.28860232544344516,-0.7667479648784609,0.0315215885756408,0.2184133321967756,0.3997569313610452,0.0315215885756408,0.2184133321967756,0.3997569313610452,-0.2726551716005856,-0.08576342797945093,0.09558017118481868,0.0315215885756408,1.0100414313650967,0,0.39858591649609143,-0.04392459288457244,0.15104731653618808,-0.20369708431043287,0.753782372689507,1.1635792315005367,0.0754849010553117,0.059137479356965054,0.059137479356965054,0.031208213442332332,0.2162419534628242,0.3957827064784496,0.0315215885756408,0.2184133321967756,0.3997569313610452,0.0315215885756408,0.2184133321967756,0.3997569313610452,-0.7787140503568476,0.0315215885756408,0.0315215885756408,0.0315215885756408,0.0315215885756408,1.0,ok,ok,0,,0
249,Kasperi Kapanen,R,f1,EDM,29,0.4146,14.583,0.46,0.47,0.5483870967741935,ok,41.0,0,138874.0,48805.0,ok,0.071283,148.0,15068.0,0.4429771661646007,,,contract_type,3.186159102962366,10,679|684|490|483|223|632|601|186|289|458,-0.08816912661703,0.25383597765398797,-0.28860232544344516,-0.7667479648784609,0.5311462927816307,0.13249621690299795,0.26096077703878,0.5311462927816307,0.13249621690299795,0.26096077703878,0.40575926099599935,0.007109185117366709,0.13557374525314872,0.5311462927816307,3.003418948958057,0,0.18400375074552888,0.08784918576914491,0.08386687400326769,0.0680238883978938,-0.3264242753527197,-0.2973218785582552,0.24053640239189195,0.43512392450034476,0.43512392450034476,0.17684722038725081,0.04411512984193011,0.08688790391007964,0.4085740713704852,0.10192016684845996,0.20073905926060004,0.4085740713704852,0.10192016684845996,0.20073905926060004,0.4429771661646007,0.5311462927816307,0.5311462927816307,0.4085740713704852,0.4085740713704852,1.3,ok,ok,0,,0
250,Curtis Lazar,C,f1,EDM,30,0.1333,8.917,0.46,0.49,0.3150684931506849,ok,45.0,0,47773.0,5024.0,ok,0.00611,67.0,4725.0,-0.37858765795877924,,,contract_type,0.775,10,204|49|52|316|629|247|631|752|5|38,-0.2551641388573994,0.25383597765398797,-0.28860232544344516,-0.7667479648784609,-0.12342351910137983,0.07353881188031298,0.1524443438124566,-0.12342351910137983,0.07353881188031298,0.1524443438124566,-0.480253136887253,-0.28329080590556016,-0.20438527397341652,-0.12342351910137983,1.067780272047636,0,0.2648098432667396,0.1317737786537172,-0.4044536846369705,-0.6147871176460151,-0.12554779821258422,0.23361004743862884,-0.07868663301252199,0.13671843980983678,0.13671843980983678,-0.1155888737902002,0.06887073474329208,0.1427675223106723,-0.15925615367919976,0.0948887895229845,0.19670237911284724,-0.15925615367919976,0.0948887895229845,0.19670237911284724,-0.37858765795877924,-0.12342351910137983,-0.12342351910137983,-0.15925615367919976,-0.15925615367919976,0.775,ok,ok,0,,0
251,Connor McDavid,C,f1,EDM,29,1.6829,22.983,0.54,0.56,0.65,ok,82.0,0,1341614.0,372671.0,ok,2.297352,2068.0,516755.0,3.709341296608929,,,contract_type,10.062625494211545,10,243|159|355|160|702|537|607|591|763|64,1.4949987363605735,0.25383597765398797,-0.28860232544344516,-0.7667479648784609,2.2143425602483555,2.213119086176313,2.306654827890218,2.2143425602483555,2.213119086176313,2.306654827890218,1.7125908789460826,1.71136740487404,1.8049031465879446,2.2143425602483555,18.908852735315893,0,0.5311125341018826,0.2635475573074346,1.429314910495083,0.5276346321435743,0.3264242753527211,0.5309319259968845,0.10882190331559793,1.540572391153376,1.540572391153376,0.11710612966553216,0.11704142589480802,0.12198808992689969,0.17714740481986843,0.17704952689410505,0.18453238623121745,0.17714740481986843,0.17704952689410505,0.18453238623121745,3.709341296608929,2.2143425602483555,2.2143425602483555,0.17714740481986843,0.17714740481986843,12.5,ok,ok,1,5.0,1
252,Ryan Nugent-Hopkins,C,f1,EDM,32,0.7778,19.067,0.49,0.53,0.6035087719298246,ok,72.0,0,176480.0,23369.0,ok,0.143585,179.0,22577.0,0.6308167111932232,,,contract_type,5.919658195403434,10,443|436|419|485|375|212|33|729|224|4,0.517160717536696,0.25383597765398797,-0.28860232544344516,-0.7667479648784609,0.11365599365652723,-0.0745075554132237,0.023082375518799884,0.11365599365652723,-0.0745075554132237,0.023082375518799884,0.3373887536758771,0.149225204606126,0.24681513553814965,0.11365599365652723,7.162284316532128,0,0.35543802870910096,0.1976606679805759,0.35161889160460913,0.25084433148195395,0.17576691749761897,0.5096946489570086,0.647042714732839,-0.14019849735109646,-0.14019849735109646,0.01586867940919131,-0.0104027642746943,0.0032227672762893092,0.022176779250054093,-0.014538059592824136,0.004503878150009734,0.022176779250054093,-0.014538059592824136,0.004503878150009734,0.6308167111932232,0.11365599365652723,0.11365599365652723,0.022176779250054093,0.022176779250054093,5.125,ok,ok,0,,0
253,Vasily Podkolzin,R,f1,EDM,24,0.4512,15.383,0.53,0.52,0.6262626262626263,ok,82.0,0,62951.0,46446.0,ok,0.039715,236.0,22331.0,0.4587338734404754,,,contract_type,3.589634119532946,10,658|81|435|650|352|684|412|580|314|711,-0.10074473199345016,0.25383597765398797,-0.28860232544344516,-0.7667479648784609,0.5594786054339256,0.21440655604620637,0.3003567865974692,0.5594786054339256,0.21440655604620637,0.3003567865974692,0.19073279449001743,-0.1543392548977019,-0.06838902434643883,0.5594786054339256,3.471704291813661,0,0.3150752711054627,-0.307472150192007,0.013977812333877848,0.043950823634468394,0.6196995267914172,0.3722112239093942,0.5331400897716116,0.5583562997149653,0.5583562997149653,0.16115387671501452,0.06175830025379199,0.0865156595582509,0.5594786054339256,0.21440655604620637,0.3003567865974692,0.5594786054339256,0.21440655604620637,0.3003567865974692,0.4587338734404754,0.5594786054339256,0.5594786054339256,0.5594786054339256,0.5594786054339256,1.0,ok,ok,0,,0
254,Jack Roslovic,C,f1,EDM,29,0.5217,15.767,0.53,0.5,0.5888501742160279,ok,69.0,0,107241.0,10070.0,ok,0.060081,207.0,18023.0,0.402450594980614,,,contract_type,3.9413783191858127,10,281|265|177|660|9|761|390|264|614|92,0.4665567021610705,0.25383597765398797,-0.28860232544344516,-0.7667479648784609,-0.0641061071804565,-0.2019319726589387,-0.07524835360957897,-0.0641061071804565,-0.2019319726589387,-0.07524835360957897,-0.786701858615898,-0.9245277240943803,-0.7978441050450205,-0.0641061071804565,3.793409802135694,0,0.18078625609002671,0.2415852608651484,-0.2572403397049636,-0.19355493332866686,0.15919240554060665,-0.05812307400386964,0.175021523096905,0.012586024766509218,0.012586024766509218,-0.016899336091862446,-0.05323231161190409,-0.01983660019205256,-0.042737404786971,-0.13462131510595915,-0.05016556907305265,-0.042737404786971,-0.13462131510595915,-0.05016556907305265,0.402450594980614,-0.0641061071804565,-0.0641061071804565,-0.042737404786971,-0.042737404786971,1.5,ok,ok,0,,0
255,Josh Samanski,C,f1,EDM,23,0.1667,10.567,0.5,0.55,0.5507246376811594,ok,24.0,0,16118.0,43864.0,ok,0.009165,48.0,2842.0,-0.5850034857914443,,,contract_type,0.96908312347826,10,410|279|605|244|415|516|302|481|523|206,-0.4080200874041009,0.25383597765398797,-0.28860232544344516,-0.7667479648784609,-0.17698339838734345,-0.7250982755468123,-0.4436287238888611,-0.17698339838734345,-0.7250982755468123,-0.4436287238888611,-0.0967171317460852,-0.644832008905554,-0.36336245724760297,-0.17698339838734345,1.418022392030617,1,0.27187561976545344,-0.41728363240343813,-0.3971972605306272,-0.35073256701483735,0.10043823857006794,0.3185591555981312,0.04704286447561912,0.1111424935038342,0.1111424935038342,-0.12481001666969596,-0.5113447288434331,-0.312850295159008,-0.18152143424342917,-0.7436905390223716,-0.4550038193731909,-0.12481001666969596,-0.5113447288434331,-0.312850295159008,-0.5850034857914443,-0.17698339838734345,-0.17698339838734345,-0.12481001666969596,-0.18152143424342917,0.975,ok,ok,0,,0
256,Matt Savoie,C,f1,EDM,22,0.4512,14.783,0.5,0.49,0.6452830188679245,ok,82.0,0,0.0,,,0.052953,194.0,11248.0,-1.9624816388455288,wiki_intl_12mo,wiki_12mo=no_entity_exists|wiki_intl_12mo=fetch_failed,contract_type,3.369004571798149,10,376|31|34|61|82|9|178|138|627|761,-0.3610818748334927,0.25383597765398797,-0.28860232544344516,-0.7667479648784609,-1.601399764012036,-1.6844321235734405,-1.5863746576436861,-1.601399764012036,-1.6844321235734405,-1.5863746576436861,-1.9629279901800631,-2.045960349741468,-1.947902883811713,-1.601399764012036,3.145159444583886,1,0.17956548193308466,-0.1317737786537172,0.17054268637028103,0.14141676945567966,-0.06679363124204599,-0.14307218216337103,0.423793843713413,-1.7207606698273719,-1.7207606698273719,-0.5091633006936175,-0.5355633484572977,-0.504386084583247,-1.8060220638457607,-1.8996640617722347,-1.7890770921886612,-0.5091633006936175,-0.5355633484572977,-0.504386084583247,-1.9624816388455288,-1.601399764012036,-1.601399764012036,-0.5091633006936175,-1.8060220638457607,0.8867,ok,low,0,,0
257,Evan Bouchard,D,d1,EDM,26,1.1585,24.683,0.55,0.56,0.5924764890282131,ok,82.0,0,123841.0,26038.0,ok,0.158859,564.0,66430.0,1.090970426889658,,,contract_type,7.353277859489369,10,194|169|446|68|363|334|744|624|45|475,1.0764866452468824,0.25383597765398797,-0.28860232544344516,-0.7667479648784609,0.01448378164277564,-0.07589997800343569,0.022651030141013113,0.01448378164277564,-0.07589997800343569,0.022651030141013113,-0.129537991100114,-0.21992175074632508,-0.12137074260187608,0.01448378164277564,8.016113335000018,0,0.3207917800186729,-0.0219622964422862,0.7189210224067986,0.019852786812160517,0.32642427535272134,0.3397964326380061,0.49779386646006496,-0.21465660814003978,-0.21465660814003978,0.0018068334412808806,-0.009468426259898372,0.002825687361743503,0.0013794077755024418,-0.007228569333660542,0.0021572409658107724,0.0013794077755024418,-0.007228569333660542,0.0021572409658107724,1.090970426889658,0.01448378164277564,0.01448378164277564,0.0013794077755024418,0.0013794077755024418,10.5,ok,ok,0,,0
258,Mattias Ekholm,D,d1,EDM,35,0.5,20.6,0.56,0.57,0.589171974522293,ok,82.0,0,51349.0,18294.0,ok,0.059063,258.0,33513.0,0.4648619467980279,,,contract_type,4.6849896107304225,10,670|401|725|17|192|310|727|469|172|664,0.08442031874515588,0.25383597765398797,-0.28860232544344516,-0.7667479648784609,0.380441628052872,0.3008730595811269,0.4003395139481573,0.380441628052872,0.3008730595811269,0.4003395139481573,-0.3401137907977245,-0.4196823592694697,-0.32021590490243934,0.380441628052872,4.31696689900974,0,0.48269555937456937,0.5490574110571556,0.4470893562295407,0.06160606926490653,0.7030676699904759,0.5096946489570067,0.625658200748331,0.16736052373175098,0.16736052373175098,0.08812706628353827,0.0696954752305707,0.09273629455903179,0.06087066048845952,0.04813968953298031,0.06405432223170517,0.06087066048845952,0.04813968953298031,0.06405432223170517,0.4648619467980279,0.380441628052872,0.380441628052872,0.06087066048845952,0.06087066048845952,6.25,ok,ok,0,,0
259,Ty Emberson,D,d1,EDM,25,0.1667,15.517,0.46,0.49,0.3418803418803419,ok,72.0,0,18856.0,164.0,ok,0.004073,70.0,3372.0,-0.8111654138612386,,,contract_type,1.8093795534472457,10,40|218|234|535|213|188|552|70|617|449,-0.3311974441387616,0.25383597765398797,-0.28860232544344516,-0.7667479648784609,-0.479967969722477,-0.2033703556027314,-0.09687299261945011,-0.479967969722477,-0.2033703556027314,-0.09687299261945011,-0.8505207116673296,-0.5739230975475841,-0.4674257345643028,-0.479967969722477,1.7552485765854458,0,0.2335290038564535,-0.15373607509600345,-0.03905761915303696,-0.20052563283226382,-0.4519720735653046,-0.14866093927912735,-0.4072216832129849,-0.38824891359891245,-0.38824891359891245,-0.2734472918110423,-0.11586413361368779,-0.05519046926555608,-0.3692061305557515,-0.15643873507902414,-0.07451768663034623,-0.3692061305557515,-0.15643873507902414,-0.07451768663034623,-0.8111654138612386,-0.479967969722477,-0.479967969722477,-0.3692061305557515,-0.3692061305557515,1.3,ok,ok,0,,0
260,Connor Murphy,D,d1,EDM,32,0.2125,17.538,0.45,0.47,0.3382899628252788,ok,80.0,0,64624.0,8358.0,ok,0.09776,247.0,35942.0,0.49334015419848426,,,contract_type,2.873183506454663,10,579|219|221|644|428|444|751|359|645|507,-0.06776402419090147,0.25383597765398797,-0.28860232544344516,-0.7667479648784609,0.5611041783893858,0.3202567104251108,0.47974021520436205,0.5611041783893858,0.3202567104251108,0.47974021520436205,0.9490003664184337,0.7081528984541589,0.86763640323341,0.5611041783893858,2.568971213650032,0,0.10617507432406792,0.04392459288457229,-0.002106703772809415,-0.02649535447509721,-0.25109559642516943,-0.06371183111962647,-0.24971636726713276,0.5652190500678036,0.5652190500678036,0.2184159072736984,0.12466340950939865,0.1867440992157869,0.12752367690667857,0.07278561600570699,0.10903186709190046,0.12752367690667857,0.07278561600570699,0.10903186709190046,0.49334015419848426,0.5611041783893858,0.5611041783893858,0.12752367690667857,0.12752367690667857,4.4,ok,ok,0,,0
261,Darnell Nurse,D,d1,EDM,30,0.2927,20.967,0.48,0.5,0.5253164556962026,ok,82.0,0,164763.0,11475.0,ok,0.148676,434.0,37671.0,0.9160620892625141,,,contract_type,4.680408983696192,10,767|447|578|469|639|425|509|718|599|510,0.06892138658530321,0.25383597765398797,-0.28860232544344516,-0.7667479648784609,0.8471407026772109,0.8110686651274115,0.9098695374427695,0.8471407026772109,0.8110686651274115,0.9098695374427695,0.7403474548994364,0.704275417349637,0.8030762896649951,0.8471407026772109,4.899343367143802,0,0.14069558858942047,-1.1102230246251565e-16,-0.1833835474616904,-0.16141938862113991,-0.025109559642517376,0.0637118311196263,0.41054920469154865,0.911994774752192,0.911994774752192,0.1729090286584819,0.16554640170081503,0.18571254742922855,0.09158277866780658,0.08768309893269313,0.09836427431813724,0.09158277866780658,0.08768309893269313,0.09836427431813724,0.9160620892625141,0.8471407026772109,0.8471407026772109,0.09158277866780658,0.09158277866780658,9.25,ok,ok,0,,0
262,Spencer Stastney,D,d1,EDM,26,0.1515,15.503,0.51,0.49,0.4932126696832579,ok,66.0,0,52684.0,308.0,ok,0.009165,185.0,5752.0,-0.21359526431093068,,,contract_type,1.7883601116286512,10,379|336|470|621|18|719|769|288|600|669,-0.9386563989207302,0.25383597765398797,-0.28860232544344516,-0.7667479648784609,0.7250611346097995,0.34222704653982744,0.5153204804167067,0.7250611346097995,0.34222704653982744,0.5153204804167067,0.10136942969186241,-0.2814646583781094,-0.10837122450123002,0.7250611346097995,1.7575706278275736,0,0.10947072458974698,0.17569837153828965,-0.07783513419055355,-0.027914430883959354,0.2813295559947305,-0.005200965805683591,0.08884588912526512,0.7524948691115305,0.7524948691115305,0.4125359875329753,0.19471595685621668,0.29320043943478,0.8788619813452115,0.41482066247251814,0.624630885353584,0.8788619813452115,0.41482066247251814,0.624630885353584,-0.21359526431093068,0.7250611346097995,0.7250611346097995,0.8788619813452115,0.8788619813452115,0.825,ok,ok,0,,0
263,Jake Walman,D,d1,EDM,29,0.3774,18.75,0.48,0.45,0.5305164319248826,ok,53.0,0,95262.0,4135.0,ok,0.062118,280.0,43144.0,0.5334966903907054,,,contract_type,3.6372018410262297,10,44|572|145|237|595|555|168|720|425|104,-0.20156972799653997,0.25383597765398797,-0.28860232544344516,-0.7667479648784609,0.7350664183872453,0.605371799163936,0.7526158064843844,0.7350664183872453,0.605371799163936,0.7526158064843844,0.5662697441622673,0.43657512493895806,0.5838191322594066,0.7350664183872453,3.112279777964716,0,0.24211285424150464,-0.37335903951886573,0.10290667361951886,-0.2508400005344722,-0.009018943871597906,-0.3450840812071171,0.3714683866974562,0.8005971051849892,0.8005971051849892,0.23618262843578414,0.19451072601185632,0.24182138502231945,0.21619600540801331,0.17805052916586353,0.221357590142466,0.21619600540801331,0.17805052916586353,0.221357590142466,0.5334966903907054,0.7350664183872453,0.7350664183872453,0.21619600540801331,0.21619600540801331,3.4,ok,ok,0,,0
264,Aleksander Barkov,C,f1,FLA,30,,,,,,missing,,1,304099.0,207567.0,ok,0.291242,538.0,121039.0,1.5963977555023499,,,price_age_proxy,3.421986815415813,10,177|224|93|590|56|565|683|416|38|429,-0.15462229617757278,0.09325669034916435,0.6800325943925133,0.11666544731274273,1.7510200516799226,1.6506381015226002,1.768654994879437,1.7510200516799226,1.6506381015226002,1.768654994879437,1.6074160803798194,1.5070341302224968,1.6250510235793338,1.7510200516799226,3.1161678319640713,0,0.13406509834109917,0.109811482211431,0.07923652102825773,0.09256144358719931,0.19085467921263882,0.17772247628106314,0.15420398772600497,1.679955812041457,1.679955812041457,0.561914552136392,0.5297012839267482,0.5675737284550177,,,,,,,1.5963977555023499,1.7510200516799226,1.7510200516799226,,,,low,ok,0,,0
265,Sam Bennett,C,f1,FLA,29,0.7632,18.5,0.53,0.5,0.5724381625441696,ok,76.0,0,375993.0,28432.0,ok,0.242363,595.0,148729.0,1.505924002610175,,,contract_type,5.667561814341599,10,281|660|254|413|177|229|407|602|614|565,0.42305806149562863,0.09325669034916435,0.6800325943925133,0.11666544731274273,1.0828659411145463,0.778395436846276,0.9212083593036713,1.0828659411145463,0.778395436846276,0.9212083593036713,0.8518540313566134,0.547383527088343,0.6901964495457382,1.0828659411145463,6.489729082074503,0,0.08193978228355243,-0.06588688932685854,0.05955618125989637,0.06794897222124407,0.125547798212585,-0.10618638519937691,0.06651246748135375,1.0476583947865734,1.0476583947865734,0.16685842003876036,0.11994267048778784,0.14194866190149164,0.13535824263931828,0.0972994296057845,0.11515104491295891,0.13535824263931828,0.0972994296057845,0.11515104491295891,1.505924002610175,1.0828659411145463,1.0828659411145463,0.13535824263931828,0.13535824263931828,8.0,ok,ok,0,,0
266,Jesper Boqvist,C,f1,FLA,27,0.1781,11.833,0.48,0.47,0.5627705627705628,ok,73.0,0,27661.0,7609.0,ok,0.007128,75.0,5442.0,-0.39095819455909553,,,contract_type,1.4686564436067608,10,357|415|376|516|84|222|675|82|709|487,-0.6414691237018519,0.09325669034916435,0.6800325943925133,0.11666544731274273,0.2505109291427564,0.1810603977712767,0.30703284958117744,0.2505109291427564,0.1810603977712767,0.30703284958117744,0.24351129506218377,0.1740607636907039,0.3000332155006046,0.2505109291427564,1.7538237617979318,0,0.20940855551426005,0.3953213359611518,0.04123120241069733,0.10977717085063876,-0.19184584604063365,-0.33867868121485456,0.17959709660758427,0.12139887481629483,0.12139887481629483,0.14283700255374876,0.10323750978585368,0.1750648247954075,0.16700728609517093,0.1207069318475178,0.20468856638745161,0.16700728609517093,0.1207069318475178,0.20468856638745161,-0.39095819455909553,0.2505109291427564,0.2505109291427564,0.16700728609517093,0.16700728609517093,1.5,ok,ok,0,,0
267,Jonah Gadjovich,L,f1,FLA,27,0.3,7.95,,,,thin,10.0,1,56693.0,2289.0,ok,0.007128,87.0,9939.0,-0.22162421092385726,,,contract_type,0.775,10,463|394|464|6|462|312|736|196|88|441,-0.6032481491434194,0.09325669034916435,0.6800325943925133,0.11666544731274273,0.38162393821956214,0.1780919878642674,0.35489272259015875,0.38162393821956214,0.1780919878642674,0.35489272259015875,0.1013904945593973,-0.10214145579589733,0.07465927892999413,0.38162393821956214,0.9669956527218708,0,0.1614416029572549,0.0439245928845724,0.2914942347234783,-0.25304187266367695,0.15016177444110465,0.11065739089198234,0.11936975213871467,0.2990307144796662,0.2990307144796662,0.394649073287329,0.1841704121036939,0.36700549955030015,0.492417984799435,0.22979611337324823,0.457926093664721,0.492417984799435,0.22979611337324823,0.457926093664721,-0.22162421092385726,0.38162393821956214,0.38162393821956214,0.492417984799435,0.492417984799435,0.775,ok,ok,0,,0
268,A.J. Greer,L,f1,FLA,29,0.4103,12.433,0.55,0.53,0.6197718631178707,ok,78.0,0,66035.0,14955.0,ok,0.017312,217.0,33146.0,0.3888766327980158,,,contract_type,2.382728364811385,10,90|14|116|350|580|398|312|200|356|648,-0.15003916078034427,0.09325669034916435,0.6800325943925133,0.11666544731274273,0.5389157935783601,0.17918585446590068,0.3241966787185781,0.5389157935783601,0.17918585446590068,0.3241966787185781,0.3954153887124518,0.03568544959999242,0.1806962738526699,0.5389157935783601,2.1048341978347924,0,0.2813747605792016,0.04392459288457243,0.2740721289197693,-0.008016030901513815,0.4605071212508114,0.30291063567401183,0.5988180538445309,0.3815054671615236,0.3815054671615236,0.2560371710668392,0.08513062674971081,0.15402480587405593,0.6340185806804236,0.21080688760694197,0.38140785731597426,0.6340185806804236,0.21080688760694197,0.38140785731597426,0.3888766327980158,0.5389157935783601,0.5389157935783601,0.6340185806804236,0.6340185806804236,0.85,ok,ok,0,,0
269,Vinnie Hinostroza,C,f1,FLA,31,0.2769,10.936,0.44,0.37,0.445859872611465,ok,65.0,0,28960.0,4414.0,ok,0.002037,139.0,5767.0,-0.23126617044642933,,,contract_type,1.4338717146132607,10,480|91|78|689|134|488|657|30|372|565,-0.37227259470768886,0.09325669034916435,0.6800325943925133,0.11666544731274273,0.14100642426125953,-0.10982413928854556,-0.02452342564107538,0.14100642426125953,-0.10982413928854556,-0.02452342564107538,-0.1469932867242969,-0.39782385027410194,-0.3125231366266317,0.14100642426125953,1.5678676698671037,0,0.44455460281598885,0.5710197074994416,0.17181339658245176,-0.06707495016033138,-0.5775198717778897,-1.0193892979140167,-0.26051039296180223,-0.02059652074299065,-0.02059652074299065,0.08993515650030055,-0.07004681670478895,-0.01564125985399906,0.18194377324033487,-0.14170856682392977,-0.0316431298594521,0.18194377324033487,-0.14170856682392977,-0.0316431298594521,-0.23126617044642933,0.14100642426125953,0.14100642426125953,0.18194377324033487,0.18194377324033487,0.775,ok,ok,0,,0
270,Luke Kunin,C,f1,FLA,28,0.1613,9.683,0.45,0.44,0.56875,ok,62.0,0,31263.0,5537.0,ok,0.001018,57.0,3119.0,-0.5576030989840237,,,contract_type,0.775,10,657|429|266|142|415|346|625|5|683|353,-0.20345175061430182,0.09325669034916435,0.6800325943925133,0.11666544731274273,-0.3541513483697219,0.007074907610581744,0.07084894561885728,-0.3541513483697219,0.007074907610581744,0.07084894561885728,-0.0878915262984129,0.2733347296818907,0.3371087676901661,-0.3541513483697219,1.2235791670077365,0,0.4056328768819555,-0.021962296442286228,-0.4281290222742564,-0.5020132997293896,-0.6192039433774187,-0.5890550000007522,0.27343369946762985,-0.1525855177459345,-0.1525855177459345,-0.2894388511335962,0.00578214127973708,0.057903033599467385,-0.45696948176738306,0.009128913045911928,0.09141799434691261,-0.45696948176738306,0.009128913045911928,0.09141799434691261,-0.5576030989840237,-0.3541513483697219,-0.3541513483697219,-0.45696948176738306,-0.45696948176738306,0.775,ok,ok,0,,0
271,Anton Lundell,C,f1,FLA,24,0.6875,19.15,0.52,0.49,0.4791666666666667,ok,64.0,0,54943.0,37830.0,ok,0.047862,223.0,27250.0,0.44042831098123253,,,contract_type,5.680506582046259,10,57|413|272|396|95|265|59|761|229|392,0.44251083918325984,0.09325669034916435,0.6800325943925133,0.11666544731274273,-0.0020825282020273117,-0.14767929926104234,-0.04735366511858928,-0.0020825282020273117,-0.14767929926104234,-0.04735366511858928,-0.5538141348771054,-0.6994109059361205,-0.5990852717936678,-0.0020825282020273117,7.028408574130996,0,0.2465733299895518,-0.46120822528801053,0.2364858584334565,0.31377391986767006,0.025109559642516932,-0.31855915559813036,-0.12430326110752636,-0.07748179544701661,-0.07748179544701661,-0.00029630152829935604,-0.021011769265178448,-0.006737466187278984,-0.00041650564040546234,-0.029535859852208468,-0.009470733023717856,-0.00041650564040546234,-0.029535859852208468,-0.009470733023717856,0.44042831098123253,-0.0020825282020273117,-0.0020825282020273117,-0.00041650564040546234,-0.00041650564040546234,5.0,ok,ok,0,,0
272,Eetu Luostarinen,C,f1,FLA,27,0.4521,16.567,0.53,0.52,0.4788273615635179,ok,73.0,0,35279.0,24043.0,ok,0.011202,201.0,24593.0,0.24042170743005623,,,contract_type,4.027697521533758,10,655|761|396|182|95|590|460|277|604|271,0.06098099870746816,0.09325669034916435,0.6800325943925133,0.11666544731274273,0.17944070872258805,-0.16833646868707586,-0.050500771722460834,0.17944070872258805,-0.16833646868707586,-0.050500771722460834,-0.44979437775947134,-0.7975715551691352,-0.6797358582045203,0.17944070872258805,4.220264441169739,0,0.09131700442784564,0.021962296442286228,0.0303967258648207,0.07414204282428283,0.2762051560676868,0.12742366223925222,-0.01777214312874506,0.15977928184524073,0.15977928184524073,0.042518830567131974,-0.03988765894499675,-0.01196625766618156,0.059813569574196014,-0.05611215622902528,-0.01683359057415361,0.059813569574196014,-0.05611215622902528,-0.01683359057415361,0.24042170743005623,0.17944070872258805,0.17944070872258805,0.059813569574196014,0.059813569574196014,3.0,ok,ok,0,,0
273,Brad Marchand,L,f1,FLA,37,1.0385,17.733,0.5,0.48,0.5132275132275133,ok,52.0,0,1230523.0,215751.0,ok,0.993579,1104.0,311286.0,2.7493727443063003,,,contract_type,6.207679977096428,10,25|66|370|36|227|634|197|233|301|716,0.869504695242493,0.09325669034916435,0.6800325943925133,0.11666544731274273,1.8798680490638073,1.5580203421801657,1.6674104585368559,1.8798680490638073,1.5580203421801657,1.6674104585368559,2.117116716011563,1.7952690091279213,1.9046591254846117,1.8798680490638073,6.316283964992288,0,0.4028932526280375,0.8565295612491624,0.4256879210771918,0.1340749841440131,1.5265566588595902e-16,-0.44598281783738203,-0.5550842314604754,1.597079709189027,1.597079709189027,0.297622472245214,0.24666724150076555,0.26398598729544165,0.35807010458358235,0.2967657794628887,0.3176019921022583,0.35807010458358235,0.2967657794628887,0.3176019921022583,2.7493727443063003,1.8798680490638073,1.8798680490638073,0.35807010458358235,0.35807010458358235,5.25,ok,ok,1,,0
274,Tomas Nosek,L,f1,FLA,33,0.1905,14.117,0.48,0.36,0.5211267605633803,ok,21.0,0,39666.0,24675.0,ok,0.008147,111.0,14495.0,0.006011413807718441,,,contract_type,2.3455509643225,10,13|389|755|582|397|662|548|342|387|685,0.15965175697704675,0.09325669034916435,0.6800325943925133,0.11666544731274273,-0.15364034316932831,-0.46790719912548184,-0.2832414254871625,-0.15364034316932831,-0.46790719912548184,-0.2832414254871625,-0.5157253983936682,-0.8299922543498218,-0.6453264807115021,-0.15364034316932831,2.565856591632142,0,0.4068168462638482,0.4392459288457242,-0.3177444325275314,0.07833734871666415,-2.7755575615628914e-16,-1.5290839468710242,0.07648942062214514,-0.18271989268316124,-0.18271989268316124,-0.059878772520017436,-0.18235906116165515,-0.11038864230014997,-0.19824560408945588,-0.603751224678041,-0.3654728070802097,-0.19824560408945588,-0.603751224678041,-0.3654728070802097,0.006011413807718441,-0.15364034316932831,-0.15364034316932831,-0.19824560408945588,-0.19824560408945588,0.775,ok,ok,0,,0
275,Cole Reinhardt,L,f1,FLA,26,0.2542,10.644,0.4399999999999999,0.43,0.4895104895104895,ok,59.0,0,24570.0,819.0,ok,0.004073,95.0,5037.0,-0.5075440366150495,,,contract_type,1.2587073593592208,10,140|635|420|490|88|207|388|438|186|489,-0.31243080371844434,0.09325669034916435,0.6800325943925133,0.11666544731274273,-0.1951132328966052,-0.46320492467475044,-0.25659195690112024,-0.1951132328966052,-0.46320492467475044,-0.25659195690112024,0.04273311777615374,-0.2253585740019915,-0.018745606228361352,-0.1951132328966052,1.4821069751288638,0,0.1977124811987162,0.13177377865371726,-0.04915642136555154,-0.2595096359144313,-0.4268625139227905,-0.2973218785582541,0.02165065877755243,-0.16785496202577768,-0.16785496202577768,-0.1316458502461611,-0.3125313708441838,-0.1731264754885932,-0.24013936356505255,-0.5700983688304622,-0.3158054854167634,-0.24013936356505255,-0.5700983688304622,-0.3158054854167634,-0.5075440366150495,-0.1951132328966052,-0.1951132328966052,-0.24013936356505255,-0.24013936356505255,0.8125,ok,ok,0,,0
276,Sam Reinhart,C,f1,FLA,30,0.9531,21.283,0.51,0.51,0.5048543689320388,ok,64.0,0,258263.0,40443.0,ok,0.199593,383.0,46865.0,1.128205648072043,,,contract_type,7.2580327999264345,10,315|374|407|229|59|443|551|436|392|413,0.7189945096918972,0.09325669034916435,0.6800325943925133,0.11666544731274273,0.4092111383801459,0.30579106057029926,0.41339583390716755,0.4092111383801459,0.30579106057029926,0.41339583390716755,0.3739609485916585,0.2705408707818119,0.37814564411868007,0.4092111383801459,10.98815117582907,0,0.16878920078587042,0.043924592884572344,0.4530416303812874,0.29749213747581105,0.07532867892755124,0.06371183111962611,0.07923633392637426,0.17017762287085048,0.17017762287085048,0.037241127450111766,0.027829163949159713,0.03762196454090706,0.04744476966726329,0.035454036008150634,0.04792995175735276,0.04744476966726329,0.035454036008150634,0.04792995175735276,1.128205648072043,0.4092111383801459,0.4092111383801459,0.04744476966726329,0.04744476966726329,8.625,ok,ok,0,,0
277,Evan Rodrigues,C,f1,FLA,32,0.4493,17.0,0.55,0.53,0.5478927203065134,ok,69.0,0,105442.0,8059.0,ok,0.037678,200.0,29830.0,0.41437209023447885,,,contract_type,4.178556588276877,10,182|272|254|604|606|154|758|732|703|281,0.32424131324588107,0.09325669034916435,0.6800325943925133,0.11666544731274273,0.09013077698859778,-0.07356449233044461,0.12585909382056418,0.09013077698859778,-0.07356449233044461,0.12585909382056418,0.06159624175136541,-0.10209902756767693,0.09732455858333175,0.09013077698859778,4.527527500303961,0,0.26980982290811645,0.1317737786537173,-0.002808938363745919,0.17994865631248963,0.6779581103479587,0.3610337096778813,0.26533574409290606,0.03097841016511365,0.03097841016511365,0.01990728426995678,-0.016248270678754746,0.02779863707335063,0.029857480699836944,-0.024369593643106178,0.041693144009197394,0.029857480699836944,-0.024369593643106178,0.041693144009197394,0.41437209023447885,0.09013077698859778,0.09013077698859778,0.029857480699836944,0.029857480699836944,3.0187,ok,ok,0,,0
278,Mackie Samoskevich,R,f1,FLA,23,0.4156,14.467,0.57,0.54,0.5581395348837209,ok,77.0,0,64967.0,4294.0,ok,0.009165,156.0,16891.0,0.09775341873566479,,,contract_type,3.146490458330839,10,369|391|580|356|738|253|14|700|107|648,0.05820077049279877,0.09325669034916435,0.6800325943925133,0.11666544731274273,0.039552648242866015,-0.24428300582870585,-0.018377140141387766,0.039552648242866015,-0.24428300582870585,-0.018377140141387766,-0.0917831570690472,-0.37561881114061907,-0.14971294545330097,0.039552648242866015,2.9476666853076905,0,0.2698781541396986,-0.48317052173029684,-0.3454659789983085,-0.17373061365056763,0.40175295428027025,0.19113549335887847,-0.024013362819869877,0.29044091293356905,0.29044091293356905,0.01341829062288884,-0.08287334760280284,-0.006234470210959243,0.05103567515208518,-0.3152038784886527,-0.023712438892113247,0.05103567515208518,-0.3152038784886527,-0.023712438892113247,0.09775341873566479,0.039552648242866015,0.039552648242866015,0.05103567515208518,0.05103567515208518,0.775,ok,ok,0,,0
279,Cole Schwindt,C,f1,FLA,24,0.2414,10.033,0.49,0.56,0.6133333333333333,ok,29.0,0,16770.0,844.0,ok,0.001018,47.0,3236.0,-0.8490713917935209,,,contract_type,0.9958070004051267,10,255|410|605|523|680|244|415|455|292|516,-0.365344899094998,0.09325669034916435,0.6800325943925133,0.11666544731274273,-0.48372649269852286,-0.32275958159005674,-0.21175381380594605,-0.48372649269852286,-0.32275958159005674,-0.21175381380594605,-0.34199294661983815,-0.18102603551137203,-0.07002026772726123,-0.48372649269852286,1.3341055770009822,0,0.2873526116202109,-0.43924592884572433,0.026283637546478777,-0.21311155050940722,-0.1506573578551019,0.46722009487725824,0.4275971000872948,-0.41376468930065946,-0.41376468930065946,-0.3625848666234657,-0.24192956476173932,-0.15872343048138696,-0.5863351426648762,-0.3912237352606749,-0.2566712894617528,-0.5863351426648762,-0.3912237352606749,-0.2566712894617528,-0.8490713917935209,-0.48372649269852286,-0.48372649269852286,-0.5863351426648762,-0.5863351426648762,0.825,ok,ok,0,,0
280,Matthew Tkachuk,L,f1,FLA,28,1.0968,18.3,0.56,0.54,0.5,ok,31.0,0,951686.0,187151.0,ok,0.762729,515.0,132080.0,2.1866490014641595,,,contract_type,6.590282093389235,10,651|3|345|25|225|232|12|653|370|313,0.751866550479994,0.09325669034916435,0.6800325943925133,0.11666544731274273,1.4347824509841656,1.3446726660629416,1.4876871940099745,1.4347824509841656,1.3446726660629416,1.4876871940099745,1.0766589674328697,0.9865491825116457,1.1295637104586784,1.4347824509841656,7.081484195187176,0,0.4260768988385084,0.3953213359611519,0.4145859265919105,0.03456132949437796,0.8537250278455776,0.42474554079750726,-0.43352223234052556,1.2725213448458703,1.2725213448458703,0.20261041491263848,0.18988571166717114,0.21008127011298824,0.15102973168254374,0.14154449116452014,0.15659865200104992,0.15102973168254374,0.14154449116452014,0.15659865200104992,2.1866490014641595,1.4347824509841656,1.4347824509841656,0.15102973168254374,0.15102973168254374,9.5,ok,ok,0,,0
281,Carter Verhaeghe,C,f1,FLA,30,0.7143,17.617,0.55,0.51,0.5775075987841946,ok,77.0,0,121045.0,13499.0,ok,0.05499,240.0,26925.0,0.5371666361633735,,,contract_type,5.19683364145548,10,265|254|660|413|177|602|390|654|277|35,0.2336478706583455,0.09325669034916435,0.6800325943925133,0.11666544731274273,0.303518765505028,0.1270441413746518,0.25121283123355803,0.303518765505028,0.1270441413746518,0.25121283123355803,-0.038325077713870725,-0.2147997018442469,-0.09063101198534049,0.303518765505028,5.513669018092487,0,0.2780905723804978,0.1537360750960034,0.3421888842406051,0.23603590056420407,0.4519720735653059,0.021237277039875713,0.4633732237769924,0.06240765632545353,0.06240765632545353,0.055048419574890185,0.023041669885836582,0.0455618265095767,0.04335982364357543,0.018149163053521686,0.03588754731907972,0.04335982364357543,0.018149163053521686,0.03588754731907972,0.5371666361633735,0.303518765505028,0.303518765505028,0.04335982364357543,0.04335982364357543,7.0,ok,ok,0,,0
282,Uvis Balinskis,D,d1,FLA,29,0.2778,16.367,0.51,0.45,0.61,ok,54.0,0,27850.0,10417.0,ok,0.002037,91.0,6083.0,-0.3008668043342118,,,contract_type,2.3410299280116753,10,263|288|367|44|422|168|366|405|195|310,-0.0332151620018209,0.09325669034916435,0.6800325943925133,0.11666544731274273,-0.2676516423323909,-0.5813750059420096,-0.45917597823297196,-0.2676516423323909,-0.5813750059420096,-0.45917597823297196,0.1252612418834963,-0.18846212172612253,-0.06626309401708481,-0.2676516423323909,2.0104709195160266,0,0.284458601124878,0.2855098537497208,0.14155042968733317,-0.061656013382672126,0.4017529542802718,-0.2973218785582542,0.5189604770910159,-0.331243447971154,-0.331243447971154,-0.13312883053131738,-0.2891735465051949,-0.22839225067901392,-0.3148842850969305,-0.6839705952258937,-0.5402070332152611,-0.3148842850969305,-0.6839705952258937,-0.5402070332152611,-0.3008668043342118,-0.2676516423323909,-0.2676516423323909,-0.3148842850969305,-0.3148842850969305,0.85,ok,ok,0,,0
283,Aaron Ekblad,D,d1,FLA,29,0.3611,22.483,0.52,0.5,0.4775641025641026,ok,72.0,0,156960.0,32338.0,ok,0.09165,380.0,71876.0,0.9601575126828404,,,contract_type,5.509618434179951,10,284|23|287|536|104|380|406|772|405|382,0.03380928891244951,0.09325669034916435,0.6800325943925133,0.11666544731274273,0.9263482237703909,0.67988043244882,0.7938326841506527,0.9263482237703909,0.67988043244882,0.7938326841506527,0.7183638230149051,0.47189603169333416,0.5858482833951668,0.9263482237703909,6.46084213180701,0,0.25604347007353134,0.0219622964422862,0.3504819403621403,0.431517177502057,0.3264242753527208,0.2973218785582545,0.10855325222372908,0.7009625582502559,0.7009625582502559,0.143378866852347,0.105230930980613,0.12286829920244909,0.1518603645525231,0.11145580859816721,0.13013650559846765,0.1518603645525231,0.11145580859816721,0.13013650559846765,0.9601575126828404,0.9263482237703909,0.9263482237703909,0.1518603645525231,0.1518603645525231,6.1,ok,ok,0,,0
284,Gustav Forsling,D,d1,FLA,29,0.35,22.633,0.53,0.52,0.4505813953488372,ok,80.0,0,53278.0,21247.0,ok,0.029532,182.0,13795.0,0.21847828388762713,,,contract_type,5.575276168789958,10,283|23|406|536|424|380|287|749|774|668,-0.02828390079552664,0.09325669034916435,0.6800325943925133,0.11666544731274273,0.24676218468315378,0.18454151823252307,0.28675041432586207,0.24676218468315378,0.18454151823252307,0.28675041432586207,-0.03530133121664658,-0.09752199766727725,0.0046868984260617285,0.24676218468315378,6.671792249284293,0,0.25950717480439595,0.043924592884572455,0.21244268362948926,0.4461008598898575,0.3515338349952378,0.3397964326380057,0.16324464478921297,0.05070488617818325,0.05070488617818325,0.03698589156603682,0.027659961722027466,0.0429795178884089,0.042915162553591964,0.032094177083917055,0.049869637274062975,0.042915162553591964,0.032094177083917055,0.049869637274062975,0.21847828388762713,0.24676218468315378,0.24676218468315378,0.042915162553591964,0.042915162553591964,5.75,ok,ok,0,,0
285,Seth Jones,D,d1,FLA,31,0.6154,23.7,0.51,0.5,0.4453441295546558,ok,52.0,0,228725.0,18752.0,ok,0.092668,137.0,22773.0,0.5220325455592687,,,contract_type,6.358160896615836,10,23|718|558|401|43|692|671|237|425|555,0.20112046292456584,0.09325669034916435,0.6800325943925133,0.11666544731274273,0.32091208263470283,0.21954931576105857,0.3619252178909603,0.32091208263470283,0.21954931576105857,0.3619252178909603,-0.12573617412625643,-0.2270989409999006,-0.08472303886999898,0.32091208263470283,7.650652650305107,0,0.19485641120872643,1.1102230246251565e-16,0.3650616680596779,0.35015820966052313,0.15065735785510193,0.19113549335887836,-0.11212573831817735,0.12514276636563032,0.12514276636563032,0.041945713300930595,0.02869680872942297,0.04730645010743323,0.03378021922470556,0.023110454290637746,0.03809739135694319,0.03378021922470556,0.023110454290637746,0.03809739135694319,0.5220325455592687,0.32091208263470283,0.32091208263470283,0.03378021922470556,0.03378021922470556,9.5,ok,ok,0,,0
286,Dmitry Kulikov,D,d1,FLA,35,0.0,18.033,0.52,0.45,0.4827586206896552,ok,19.0,1,36435.0,44862.0,ok,0.014257,98.0,14148.0,-0.0011515768696488612,,,contract_type,2.928549019624998,10,674|99|168|405|287|120|104|282|422|772,-0.10470711393458179,0.09325669034916435,0.6800325943925133,0.11666544731274273,0.10355553706493292,0.06374710856509058,0.2089606371294338,0.10355553706493292,0.06374710856509058,0.2089606371294338,-0.36464994753130797,-0.4044583760311503,-0.25924484746680715,0.10355553706493292,2.993171146245593,0,0.4992684421712655,0.9883033399028797,-0.796033068440106,-0.37657864795897045,0.0502191192850342,-0.573406480076634,-0.21106999736396884,0.3618663373939578,0.3618663373939578,0.03459726557728753,0.021297515394350274,0.06981245873345336,0.0898529605769483,0.055312024785328054,0.18131074805156944,0.0898529605769483,0.055312024785328054,0.18131074805156944,-0.0011515768696488612,0.10355553706493292,0.10355553706493292,0.0898529605769483,0.0898529605769483,1.1525,ok,ok,0,,0
287,Niko Mikkola,D,d1,FLA,29,0.1618,20.35,0.52,0.49,0.4750830564784053,ok,68.0,0,49709.0,35164.0,ok,0.023422,214.0,53793.0,0.46698436594011034,,,contract_type,4.248400802242917,10,283|405|104|284|406|380|382|536|772|168,0.05434421458433818,0.09325669034916435,0.6800325943925133,0.11666544731274273,0.41264015135577214,0.19401256614666765,0.3429522661508335,0.41264015135577214,0.19401256614666765,0.3429522661508335,0.3150745467984917,0.09644696158938716,0.2453866615935531,0.41264015135577214,4.4993379038367385,0,0.15364256016147818,0.0,-0.2864782733596467,-0.05766048396135681,0.40175295428027175,0.14866093927912677,0.027302710088466936,0.5463075996490784,0.5463075996490784,0.09171130512422725,0.04312024797720272,0.0762228295541854,0.16505606054230887,0.07760502645866706,0.13718090646033343,0.16505606054230887,0.07760502645866706,0.13718090646033343,0.46698436594011034,0.41264015135577214,0.41264015135577214,0.16505606054230887,0.16505606054230887,2.5,ok,ok,0,,0
288,Donovan Sebrango,D,d1,FLA,24,0.1905,15.106,0.49,0.4499999999999999,0.5144927536231884,ok,42.0,0,18427.0,208.0,ok,0.003055,76.0,3949.0,-0.7539242806478005,,,contract_type,1.6234111108686462,10,18|44|147|262|98|448|379|367|598|195,-0.27473591822995647,0.09325669034916435,0.6800325943925133,0.11666544731274273,-0.479188362417844,-0.8209581299238717,-0.6397965458320398,-0.479188362417844,-0.8209581299238717,-0.6397965458320398,-0.3511555294400108,-0.6929252969460384,-0.5117637128542065,-0.479188362417844,1.610166423019859,0,0.10274175411310464,0.0878491857691448,0.052500395608106265,0.016856139746174198,0.17576691749761875,-0.1698982163190047,-0.11357966973857908,-0.4827635009448627,-0.4827635009448627,-0.2976017606423122,-0.5098591786457507,-0.3973480856917291,-0.6183075644101212,-1.0593008128049957,-0.8255439301058579,-0.6183075644101212,-1.0593008128049957,-0.8255439301058579,-0.7539242806478005,-0.479188362417844,-0.479188362417844,-0.6183075644101212,-0.6183075644101212,0.775,ok,ok,0,,0
289,Joel Armia,R,f1,LA,32,0.3731,14.067,0.49,0.49,0.4774774774774775,ok,67.0,0,36928.0,30558.0,ok,0.031568,166.0,11734.0,0.13193070951253486,,,contract_type,2.8724820394599764,10,612|759|417|715|601|293|440|186|163|350,-0.06179132510568126,0.5774054410340413,1.0470332824884092,1.2630650979869569,0.19372203461821613,0.1997093529184697,0.30935476282009683,0.19372203461821613,0.1997093529184697,0.30935476282009683,-0.08251412933321411,-0.07652681103296052,0.033118598868666686,0.19372203461821613,2.7178685062154035,0,0.2023316936511581,0.1317737786537173,0.31543709030016875,0.2832580639123747,-0.1923414294546312,-0.10059762808362022,-0.19058217150243645,0.016129175966499265,0.016129175966499265,0.0712771917313879,0.07348013800585311,0.11382256430458046,0.07748881384728645,0.07988374116738788,0.12374190512803873,0.07748881384728645,0.07988374116738788,0.12374190512803873,0.13193070951253486,0.19372203461821613,0.19372203461821613,0.07748881384728645,0.07748881384728645,2.5,ok,ok,0,,0
290,Quinton Byfield,R,f1,LA,23,0.6203,20.017,0.53,0.53,0.4122807017543859,ok,79.0,0,88140.0,8222.0,ok,0.083503,220.0,10568.0,0.32869599120308973,,,contract_type,5.798630113591204,10,297|395|539|431|291|300|412|738|452|11,0.14607410862966513,0.5774054410340413,1.0470332824884092,1.2630650979869569,0.1826218825734246,0.24192790529385078,0.32456544981039304,0.1826218825734246,0.24192790529385078,0.32456544981039304,-0.32557774708974097,-0.2662717243693148,-0.18363417985277253,0.1826218825734246,7.912849987308138,0,0.39520773153382155,-0.5710197074994416,0.1360997516719693,0.5885914278775158,0.20087647714013623,0.297321878558255,-0.577337146455611,0.1874032975453389,0.1874032975453389,0.023079153890992757,0.030574054314424316,0.04101751585471501,0.029219501211747937,0.03870846484701612,0.05193047196966289,0.029219501211747937,0.03870846484701612,0.05193047196966289,0.32869599120308973,0.1826218825734246,0.1826218825734246,0.029219501211747937,0.029219501211747937,6.25,ok,ok,0,,0
291,Kevin Fiala,L,f1,LA,29,0.7143,19.117,0.54,0.54,0.5534883720930233,ok,56.0,0,114378.0,114251.0,ok,0.185336,202.0,32052.0,0.7945995908269373,,,contract_type,5.748407510792471,10,650|395|581|158|65|386|296|162|300|710,0.3334286476106107,0.5774054410340413,1.0470332824884092,1.2630650979869569,0.4611709432163266,0.2083777222679383,0.39254641705256904,0.4611709432163266,0.2083777222679383,0.39254641705256904,-0.19052966745384153,-0.44332288840222983,-0.2591541936175992,0.4611709432163266,7.058149296253353,0,0.08565597430337468,0.0,0.14576383723295205,0.31307470221894046,0.0,-0.02123727703987499,-0.03386002932848059,0.3528645434179411,0.3528645434179411,0.06533879121275148,0.02952299725064622,0.055616054659107704,0.058561389614771635,0.02646066314513502,0.049847164070167496,0.058561389614771635,0.02646066314513502,0.049847164070167496,0.7945995908269373,0.4611709432163266,0.4611709432163266,0.058561389614771635,0.058561389614771635,7.875,ok,ok,0,,0
292,Samuel Helenius,C,f1,LA,23,0.1698,7.983,0.48,0.53,0.4262295081967213,ok,53.0,0,19735.0,13287.0,ok,0.001018,79.0,2304.0,-0.5198848138934571,,,contract_type,0.775,10,410|38|250|603|733|545|206|129|255|439,-0.37929962031657244,0.5774054410340413,1.0470332824884092,1.2630650979869569,-0.14058519357688465,-0.39038497044919573,-0.2720323897171066,-0.14058519357688465,-0.39038497044919573,-0.2720323897171066,-0.35868528548684475,-0.6084850623591558,-0.49013248162706663,-0.14058519357688465,0.9277092445367581,1,0.29819659421532413,-0.1537360750960035,-0.12061715092894187,-0.540719990998382,-0.2591350606966775,0.3934485009492694,-0.3215227866226704,0.0712570873733051,0.0712570873733051,-0.1515401451530047,-0.42080530376101877,-0.2932302241452203,-0.17446660905545378,-0.4844688141588431,-0.33759293834339366,-0.1515401451530047,-0.42080530376101877,-0.2932302241452203,-0.5198848138934571,-0.14058519357688465,-0.14058519357688465,-0.1515401451530047,-0.17446660905545378,0.8058,ok,ok,0,,0
293,Mathieu Joseph,R,f1,LA,28,0.2157,11.989,0.49,0.5,0.4662162162162162,ok,51.0,0,31291.0,5481.0,ok,0.009165,61.0,2188.0,-0.5751740979588756,,,contract_type,1.638308813539193,10,711|163|352|707|490|186|612|289|312|601,-0.27380431608110267,0.5774054410340413,1.0470332824884092,1.2630650979869569,-0.30136978187777297,0.042441976398071284,0.18961389081691632,-0.30136978187777297,0.042441976398071284,0.18961389081691632,-0.5267381833172872,-0.18292642504144277,-0.035754510622597865,-0.30136978187777297,1.8239929865731874,0,0.162945466661602,-0.1976606679805759,-0.19746167902284495,-0.11177493556129636,0.009030631099501946,0.19225324478202915,-0.2694916415233638,-0.13971059925918514,-0.13971059925918514,-0.1652252964217637,0.023268716881312587,0.10395538371732006,-0.33485531319752554,0.047157751553412536,0.21068210090768477,-0.33485531319752554,0.047157751553412536,0.21068210090768477,-0.5751740979588756,-0.30136978187777297,-0.30136978187777297,-0.33485531319752554,-0.33485531319752554,0.9,ok,ok,0,,0
294,Adrian Kempe,R,f1,LA,29,0.9012,19.3,0.52,0.4799999999999999,0.6522911051212938,ok,81.0,0,69031.0,33325.0,ok,0.09165,289.0,17799.0,0.5459332454926515,,,contract_type,6.373857919068254,10,370|301|65|524|387|525|754|386|180|581,0.5280478329986769,0.5774054410340413,1.0470332824884092,1.2630650979869569,0.017885412493974684,-0.11448837097832858,-0.027655256246047127,0.017885412493974684,-0.11448837097832858,-0.027655256246047127,-0.719283096925063,-0.8516568803973662,-0.7648237656650848,0.017885412493974684,7.780710162070981,0,0.19726170608474525,-0.2635475573074345,0.14944220889976179,0.016806195628407683,0.15065735785510193,-0.42474554079750804,0.17837137602025743,-0.037093436323778275,-0.037093436323778275,0.002298686382274153,-0.014714385781445863,-0.0035543357444233815,0.00325189318072267,-0.020816067450605196,-0.005028228408372205,0.00325189318072267,-0.020816067450605196,-0.005028228408372205,0.5459332454926515,0.017885412493974684,0.017885412493974684,0.00325189318072267,0.00325189318072267,5.5,ok,ok,0,,0
295,Anze Kopitar,C,f1,LA,38,0.5672,19.117,0.52,0.51,0.6288343558282209,ok,67.0,0,247881.0,83795.0,ok,0.143585,350.0,52357.0,1.0971597088098335,,,contract_type,5.309107884877692,10,154|764|758|419|277|182|373|418|606|224,0.3342344485348242,0.5774054410340413,1.0470332824884092,1.2630650979869569,0.7629252602750093,0.5159371648242104,0.5948527596987105,0.7629252602750093,0.5159371648242104,0.5948527596987105,0.09152975220615867,-0.15545834324463997,-0.07654274837014007,0.7629252602750093,6.693825548222392,0,0.546847899675164,0.9443787470183072,0.31149120069395464,0.610691699989167,0.42686251392278873,0.3397964326380055,0.6478668037887608,0.34098866880467404,0.34098866880467404,0.1139744761465454,0.0770765776770538,0.08886588923081201,0.1089893228964299,0.0737053092606015,0.08497896567124437,0.1089893228964299,0.0737053092606015,0.08497896567124437,1.0971597088098335,0.7629252602750093,0.7629252602750093,0.1089893228964299,0.1089893228964299,7.0,ok,ok,0,,0
296,Andrei Kuzmenko,L,f1,LA,29,0.4808,14.917,0.53,0.54,0.5616438356164384,ok,52.0,0,45234.0,25195.0,ok,0.09165,158.0,11365.0,0.20736847789580207,,,contract_type,3.5066759815360395,10,200|650|612|601|157|293|352|711|163|289,-0.09316040314324828,0.5774054410340413,1.0470332824884092,1.2630650979869569,0.30052888103905034,0.45378922046130676,0.5589226502659135,0.30052888103905034,0.45378922046130676,0.5589226502659135,-0.07869266263612801,0.07456767678612837,0.1797011065907351,0.30052888103905034,3.249788777813001,0,0.3750115158282494,-0.0658868893268586,0.4510686855781806,0.3046341463164115,0.527796335906854,0.6751218595834058,0.2255611782577857,0.09058841615533617,0.09058841615533617,0.09247643511197556,0.13963652762894077,0.1719873777895343,0.06989043745094195,0.1055323768514667,0.12998201168974732,0.06989043745094195,0.1055323768514667,0.12998201168974732,0.20736847789580207,0.30052888103905034,0.30052888103905034,0.06989043745094195,0.06989043745094195,4.3,ok,ok,0,,0
297,Alex Laferriere,R,f1,LA,24,0.5366,18.317,0.54,0.52,0.459214501510574,ok,82.0,0,35414.0,7384.0,ok,0.02444,106.0,5602.0,-0.21886956527749135,,,contract_type,4.923551275890311,10,290|395|738|539|300|431|650|291|411|412,0.13925706760102022,0.5774054410340413,1.0470332824884092,1.2630650979869569,-0.35812663287851154,-0.39538058390619835,-0.2461072053883866,-0.35812663287851154,-0.39538058390619835,-0.2461072053883866,-0.8664034247201233,-0.90365737574781,-0.7543839972299985,-0.35812663287851154,5.8034518857275925,0,0.27717598892172707,-0.3953213359611518,-0.09065514171565342,0.13035414737041295,0.47708163320782304,0.27608460151837944,-0.2935590737569416,-0.24124641086154403,-0.24124641086154403,-0.06170924476159629,-0.06812851931771097,-0.04240703812736643,-0.08734795923866136,-0.09643428875760936,-0.06002614765570405,-0.08734795923866136,-0.09643428875760936,-0.06002614765570405,-0.21886956527749135,-0.35812663287851154,-0.35812663287851154,-0.08734795923866136,-0.08734795923866136,4.1,ok,ok,0,,0
298,Scott Laughton,C,f1,LA,31,0.3125,14.356,0.44,0.5,0.1450381679389313,ok,64.0,0,70697.0,2603.0,ok,0.053971,329.0,38731.0,0.4744513446689319,,,contract_type,2.7977760216952534,10,566|325|631|324|327|511|629|173|349|484,0.049234381181266995,0.5774054410340413,1.0470332824884092,1.2630650979869569,0.4252169634876649,0.3586510673110298,0.49711561730311044,0.4252169634876649,0.3586510673110298,0.49711561730311044,0.3900605443945225,0.32349464821788754,0.461959198209968,0.4252169634876649,2.788752712630861,0,0.34969788528030615,0.1537360750960035,-0.12014899453498423,0.13587297238360474,-0.6026294314204068,-0.08494910815950164,-1.0008507300873357,0.5191969791461675,0.5191969791461675,0.15247567902373194,0.12860626389949237,0.17825733169225327,0.14173898782922165,0.11955035577034326,0.16570520576770348,0.14173898782922165,0.11955035577034326,0.16570520576770348,0.4744513446689319,0.4252169634876649,0.4252169634876649,0.14173898782922165,0.14173898782922165,3.0,ok,ok,0,,0
299,Jeff Malott,L,f1,LA,29,0.1552,8.817,0.53,0.56,0.5054945054945055,ok,58.0,0,34894.0,251.0,ok,0.002037,64.0,3041.0,-0.7181396605169519,,,contract_type,0.775,10,248|663|462|303|176|517|394|312|196|109,-0.5982497786644916,0.5774054410340413,1.0470332824884092,1.2630650979869569,-0.1198898818524603,-0.6971457543474796,-0.3942720257311185,-0.1198898818524603,-0.6971457543474796,-0.3942720257311185,-0.8577692656978002,-1.4350251381928194,-1.1321514095764587,-0.1198898818524603,1.0586649460833712,0,0.2990063635922362,-0.0658868893268586,-0.13680198626290574,-0.18581709015004666,0.603125014834405,0.6326473055036554,0.16975989547554576,-0.012585882609550292,-0.012585882609550292,-0.11324629411411419,-0.6585140623826591,-0.37242380338535275,-0.15469662174511006,-0.8995429088354575,-0.5087380977175723,-0.15469662174511006,-0.8995429088354575,-0.5087380977175723,-0.7181396605169519,-0.1198898818524603,-0.1198898818524603,-0.15469662174511006,-0.15469662174511006,0.775,ok,ok,0,,0
300,Trevor Moore,L,f1,LA,30,0.4638,16.733,0.55,0.54,0.4197952218430034,ok,69.0,0,23948.0,2044.0,ok,,102.0,3961.0,-0.46742374518013596,trends_12mo,trends_12mo=fetch_failed,contract_type,4.1236792578609585,10,395|162|650|714|291|79|297|759|548|742,0.27961112504180835,0.5774054410340413,1.0470332824884092,1.2630650979869569,-0.7470348702219443,-0.6630046335603935,-0.5650870932671114,-0.7470348702219443,-0.6630046335603935,-0.5650870932671114,-1.6385449481276697,-1.554514711466119,-1.4565971711728367,-0.7470348702219443,4.355513430848197,0,0.21079937682812325,0.043924592884572344,-0.26029495504044464,-0.101661251713592,0.35153383499523816,0.27608460151837955,-0.23129702481651282,-0.5988253287489382,-0.5988253287489382,-0.17151476676228866,-0.15222192379539498,-0.12974063844341438,-0.1778654452909391,-0.15785824608580798,-0.1345445460159789,-0.1778654452909391,-0.15785824608580798,-0.1345445460159789,-0.46742374518013596,-0.7470348702219443,-0.7470348702219443,-0.1778654452909391,-0.1778654452909391,4.2,ok,ok,0,,0
301,Artemi Panarin,L,f1,LA,34,1.0769,20.844,0.54,0.52,0.6951219512195121,ok,78.0,0,216769.0,208370.0,ok,0.335031,583.0,52629.0,1.4922898398970812,,,contract_type,7.466321990633828,10,525|524|294|370|8|65|710|754|414|653,0.7792118533593306,0.5774054410340413,1.0470332824884092,1.2630650979869569,0.7130779865377506,0.6994650784617972,0.7772742138914673,0.7130779865377506,0.6994650784617972,0.7772742138914673,-0.2699244485426696,-0.28353735661862306,-0.2057282211889528,0.7130779865377506,10.688255513074457,0,0.5064177187071227,0.724755782595445,0.6865847914812959,0.4779901790837314,0.4519720735653058,0.23361004743862923,0.4635934380783291,0.21707326860970028,0.21707326860970028,0.06671603103663405,0.06544239867826637,0.07272227099554862,0.061245736589488065,0.060076534064691545,0.06675950269189526,0.061245736589488065,0.060076534064691545,0.06675950269189526,1.4922898398970812,0.7130779865377506,0.7130779865377506,0.061245736589488065,0.061245736589488065,11.6429,ok,ok,1,,1
302,Alex Turcotte,C,f1,LA,24,0.2258,10.833,0.55,0.57,0.5870967741935483,ok,62.0,0,31962.0,2391.0,ok,0.004073,81.0,3939.0,-0.46959071186306045,,,contract_type,1.24339187100187,10,610|605|487|675|733|709|84|255|343|2,-0.9264431775017765,0.5774054410340413,1.0470332824884092,1.2630650979869569,0.45685246563871607,0.5826086467252602,0.7081548398831741,0.45685246563871607,0.5826086467252602,0.7081548398831741,0.03337640307506673,0.15913258416161086,0.2846787773195244,0.45685246563871607,1.5133848327779675,0,0.5256961052997015,0.1317737786537173,0.2832346183443686,0.23298930938045115,1.0304831121711913,1.0953963946883052,0.3802994185601754,0.29800821497881236,0.29800821497881236,0.3018746162534999,0.38497058653338323,0.4679278029919765,0.5710655820483951,0.7282608084065753,0.8851935498539676,0.5710655820483951,0.7282608084065753,0.8851935498539676,-0.46959071186306045,0.45685246563871607,0.45685246563871607,0.5710655820483951,0.5710655820483951,0.8,ok,ok,0,,0
303,Taylor Ward,R,f1,LA,27,0.1944,9.467,0.5,0.53,0.375,ok,36.0,0,7820.0,299.0,ok,,60.0,6471.0,-0.9702897060309422,trends_12mo,trends_12mo=fetch_failed,contract_type,0.775,10,663|526|731|707|248|176|299|547|312|293,-0.46265519355855655,0.5774054410340413,1.0470332824884092,1.2630650979869569,-0.5076345124723857,-1.2206605561067605,-0.9422005688054302,-0.5076345124723857,-1.2206605561067605,-0.9422005688054302,-1.2478584153236782,-1.9608844589580532,-1.6824244716567227,-0.5076345124723857,1.1949979085036486,0,0.2589900569538017,-0.1098114822114311,-0.2944034923145008,-0.43641170104316807,-0.11701275052707993,0.048063311195507774,-0.5482376044311226,-0.24398532829519315,-0.24398532829519315,-0.4247994986937132,-1.021475056500514,-0.7884537387895801,-0.655012274157917,-1.575045878847433,-1.2157426694263616,-0.655012274157917,-1.575045878847433,-1.2157426694263616,-0.9702897060309422,-0.5076345124723857,-0.5076345124723857,-0.655012274157917,-0.655012274157917,0.775,ok,ok,0,,0
304,Jared Wright,R,f1,LA,23,0.1739,11.433,0.51,0.61,0.1973684210526315,ok,23.0,0,1.0,91.0,ok,,24.0,1154.0,-3.392582227634679,trends_12mo,trends_12mo=fetch_failed,contract_type,1.3090271931419897,10,183|452|176|609|730|496|731|85|526|303,-0.25961291662603286,0.5774054410340413,1.0470332824884092,1.2630650979869569,-3.132969311008646,-3.959383174258524,-3.389580187548592,-3.132969311008646,-3.959383174258524,-3.389580187548592,-3.878058618425541,-4.704472481675418,-4.134669494965486,-3.132969311008646,1.639565398919882,1,0.7605847181460135,-0.7906426719223039,-0.487518004822025,-0.34446458023514903,0.10043823857006778,1.4441348387115225,-1.396309974615013,-2.560989663047895,-2.560989663047895,-1.9108535182997846,-2.4148979826403383,-2.0673650406269797,-3.46184454255099,-4.37500903232986,-3.745392472429383,-1.9108535182997846,-2.4148979826403383,-2.0673650406269797,-3.392582227634679,-3.132969311008646,-3.132969311008646,-1.9108535182997846,-3.46184454255099,0.905,ok,ok,0,,0
305,Mikey Anderson,D,d1,LA,26,0.25,20.567,0.5,0.52,0.3672839506172839,ok,80.0,0,13896.0,1213.0,ok,0.0,76.0,1722.0,-0.7983120254527925,,,contract_type,4.439009345360953,10,552|749|479|40|774|406|359|449|218|191,-0.18884012777059694,0.5774054410340413,1.0470332824884092,1.2630650979869569,-0.6094718976821956,-0.555310068698502,-0.4816439742628907,-0.6094718976821956,-0.555310068698502,-0.4816439742628907,-1.1998275695857419,-1.145665740602048,-1.071999646166437,-0.6094718976821956,4.5844253911627515,0,0.19133167563494302,-0.3733590395188657,-0.0014044691818729804,0.2560634917885468,0.15065735785510193,0.3185591555981306,-0.04794653986714015,-0.630694323985784,-0.630694323985784,-0.13294401057481595,-0.12112969921354926,-0.10506092545236753,-0.14775076307447166,-0.13462062271478836,-0.11676217557888259,-0.14775076307447166,-0.13462062271478836,-0.11676217557888259,-0.7983120254527925,-0.6094718976821956,-0.6094718976821956,-0.14775076307447166,-0.14775076307447166,4.125,ok,ok,0,,0
306,Cody Ceci,D,d1,LA,32,0.1098,17.567,0.51,0.51,0.3283582089552239,ok,82.0,0,66813.0,6723.0,ok,0.023422,176.0,13594.0,0.15899619256303135,,,contract_type,2.7936508947047716,10,309|529|749|424|403|552|406|359|479|528,-0.1710586252139387,0.5774054410340413,1.0470332824884092,1.2630650979869569,0.33005481777697004,0.36393932500390547,0.4504182809390803,0.33005481777697004,0.36393932500390547,0.4504182809390803,-0.12113869203536881,-0.08725418480843343,-0.0007752288732586042,0.33005481777697004,2.6550848303261305,0,0.27287516076439794,0.5270951146148692,-0.381681220045174,-0.3095536419164061,0.05021911928503392,-0.042474554079750426,-0.326227314645154,0.509498508701331,0.509498508701331,0.12431046044447047,0.13707257894249725,0.1696436497223911,0.0733455150615489,0.08087540555642343,0.10009295131979562,0.0733455150615489,0.08087540555642343,0.10009295131979562,0.15899619256303135,0.33005481777697004,0.33005481777697004,0.0733455150615489,0.0733455150615489,4.5,ok,ok,0,,0
307,Brandt Clarke,D,d1,LA,22,0.4878,19.8,0.54,0.54,0.6623711340206185,ok,82.0,0,25700.0,2859.0,ok,0.010183,175.0,5270.0,-0.21347210001479014,,,contract_type,4.269328144990318,10,473|123|618|24|621|499|598|366|721|744,-0.030049163818020648,0.5774054410340413,1.0470332824884092,1.2630650979869569,-0.1834229361967695,-0.16841145503941077,-0.08570647485783096,-0.1834229361967695,-0.16841145503941077,-0.08570647485783096,-0.7082961038764747,-0.693284622719116,-0.6105796425375362,-0.1834229361967695,3.7069156661927822,1,0.49183553787897855,-0.5270951146148691,0.5495487270214114,0.5023629085537548,0.401752954280272,0.36103370967788095,0.6092198131256832,-0.4607084561809647,-0.4607084561809647,-0.049481281128026175,-0.04543169313921272,-0.023120697252294518,-0.21246720282262194,-0.1950787154400681,-0.09927774221919491,-0.049481281128026175,-0.04543169313921272,-0.023120697252294518,-0.21347210001479014,-0.1834229361967695,-0.1834229361967695,-0.049481281128026175,-0.21246720282262194,0.8633,ok,ok,0,,0
308,Drew Doughty,D,d1,LA,36,0.3194,23.083,0.54,0.55,0.4215384615384615,ok,72.0,0,133895.0,24616.0,ok,0.102851,217.0,18903.0,0.5744205704926028,,,contract_type,5.774725767285444,10,725|424|670|558|401|284|192|400|749|23,0.015235920348722093,0.5774054410340413,1.0470332824884092,1.2630650979869569,0.5591846501438806,0.4130896258018772,0.537805123655352,0.5591846501438806,0.4130896258018772,0.537805123655352,-0.3223327006215063,-0.46842772496350976,-0.34371222711003496,0.5591846501438806,7.341598296498268,0,0.41453873941886316,0.8345672648068759,-0.02467852991005237,0.5455645704217262,0.37664339463775476,0.4884573719171337,-0.21732130481963613,0.3379709032774454,0.3379709032774454,0.0761666094439675,0.05626698834760669,0.0732545015316174,0.05083496819489824,0.0375536023456252,0.048891374877759276,0.05083496819489824,0.0375536023456252,0.048891374877759276,0.5744205704926028,0.5591846501438806,0.5591846501438806,0.05083496819489824,0.05083496819489824,11.0,ok,ok,0,,0
309,Brian Dumoulin,D,d1,LA,34,0.2073,17.75,0.51,0.5,0.3767605633802817,ok,82.0,0,30954.0,4610.0,ok,0.003055,94.0,3985.0,-0.3845187315200426,,,contract_type,2.975599188870656,10,306|43|400|558|403|220|749|596|645|101,-0.09982126466398131,0.5774054410340413,1.0470332824884092,1.2630650979869569,-0.28469746685606134,-0.365029784541008,-0.28564538100834047,-0.28469746685606134,-0.365029784541008,-0.28564538100834047,-0.6394666347961745,-0.7197989524811212,-0.6404145489484536,-0.28469746685606134,2.680821350340159,0,0.22693784017300467,0.2635475573074346,-0.1465663910511651,-0.24307802116927213,0.3676244507661567,0.20708512182964173,-0.13372549891435792,-0.15297094660458047,-0.15297094660458047,-0.10619785119957255,-0.13616341293860956,-0.10655144214369079,-0.07117436671401534,-0.091257446135252,-0.07141134525208512,-0.07117436671401534,-0.091257446135252,-0.07141134525208512,-0.3845187315200426,-0.28469746685606134,-0.28469746685606134,-0.07117436671401534,-0.07117436671401534,4.0,ok,ok,0,,0
310,Joel Edmundson,D,d1,LA,32,0.2805,18.483,0.51,0.5,0.6270270270270271,ok,82.0,0,24391.0,4780.0,ok,0.016293,67.0,2009.0,-0.6022490631570335,,,contract_type,3.413334314574575,10,145|595|767|405|168|643|555|556|263|261,0.21388016286953077,0.5774054410340413,1.0470332824884092,1.2630650979869569,-0.8161292260265642,-0.5339706040841528,-0.39148852671956863,-0.8161292260265642,-0.5339706040841528,-0.39148852671956863,-1.5098394897744416,-1.2276808678320301,-1.085198790467446,-0.8161292260265642,3.0319660298543787,0,0.3751648757395629,0.0439245928845724,-0.044407977941124055,-0.32745860813567507,0.6277389910629245,0.5096946489570079,0.6977644354560735,-0.7140003857630365,-0.7140003857630365,-0.26917492412201,-0.17611364996388124,-0.1291203538775701,-0.21198161714975694,-0.13869366339848122,-0.10168533161547237,-0.21198161714975694,-0.13869366339848122,-0.10168533161547237,-0.6022490631570335,-0.8161292260265642,-0.8161292260265642,-0.21198161714975694,-0.21198161714975694,3.85,ok,ok,0,,0
311,Jacob Moverare,D,d1,LA,27,0.0,8.783,,,,thin,15.0,1,5385.0,2363.0,ok,0.0,21.0,645.0,-1.4359640713680963,,,contract_type,0.775,10,187|69|165|337|471|748|726|340|71|477,-1.2127500350926863,0.5774054410340413,1.0470332824884092,1.2630650979869569,-0.22321403627541003,0.0011534597699886745,0.1059936797341914,-0.22321403627541003,0.0011534597699886745,0.1059936797341914,-1.3036354557904453,-1.0792679597450465,-0.9744277397808437,-0.22321403627541003,0.775,0,0.16312938520612577,0.0,-0.2655115548588298,-0.5270103306714937,0.06825700702822995,0.07428712825784958,-0.043710290420351516,0.032321770036604636,0.032321770036604636,-0.2880181113231097,0.0014883351870821607,0.13676603836669857,-0.2880181113231097,0.0014883351870821607,0.13676603836669857,-0.2880181113231097,0.0014883351870821607,0.13676603836669857,-1.4359640713680963,-0.22321403627541003,-0.22321403627541003,-0.2880181113231097,-0.2880181113231097,0.775,ok,ok,0,,0
312,Nicolas Aube-Kubel,R,f1,MIN,29,0.3333,11.617,,,,thin,6.0,1,21432.0,4515.0,ok,0.003055,26.0,2969.0,-0.8767493679197476,,,contract_type,1.8527192825743322,10,711|490|293|601|186|707|6|163|663|350,-0.3707701307730947,0.791199067933521,0.15039169335449712,-0.34534592136639686,-0.5059792371466529,-0.35846496453140486,-0.21570792657117568,-0.5059792371466529,-0.35846496453140486,-0.21570792657117568,-1.3449771722942123,-1.1974628996789645,-1.0547058617187353,-0.5059792371466529,1.78988764566695,0,0.12278348381722652,0.0,0.21936471031157706,-0.05289082071466189,0.13259609565609734,0.08271360531319961,0.24913567090782315,-0.6029402282975082,-0.6029402282975082,-0.2826877085673802,-0.2002723273716062,-0.12051478599417804,-0.6528764350279392,-0.4625354381050385,-0.2783328084789364,-0.6528764350279392,-0.4625354381050385,-0.2783328084789364,-0.8767493679197476,-0.5059792371466529,-0.5059792371466529,-0.6528764350279392,-0.6528764350279392,0.775,ok,ok,0,,0
313,Matt Boldy,L,f1,MIN,24,1.1184,20.567,0.51,0.52,0.4914675767918088,ok,76.0,0,309773.0,20217.0,ok,0.14053,577.0,57759.0,1.2014561736770464,,,contract_type,7.488400335213394,10,232|225|210|651|345|12|354|48|492|11,0.7951413719869731,0.791199067933521,0.15039169335449712,-0.34534592136639686,0.4063148016900733,0.08448750358747296,0.33995882028213975,0.4063148016900733,0.08448750358747296,0.33995882028213975,-0.7135786081510544,-1.0354059062536547,-0.7799345895589878,0.4063148016900733,10.36560664868254,0,0.2975046262319791,-0.0219622964422862,0.6404713866764693,0.580300704328287,-0.07532867892755096,-1.1102230246251565e-16,-0.46696469101728133,0.10755066743298447,0.10755066743298447,0.039198361992803916,0.008150753395433084,0.032796808889651266,0.05804497167001047,0.012069643369638994,0.0485655457545914,0.05804497167001047,0.012069643369638994,0.0485655457545914,1.2014561736770464,0.4063148016900733,0.4063148016900733,0.05804497167001047,0.05804497167001047,7.0,ok,ok,0,,0
314,Bobby Brink,R,f1,MIN,24,0.4412,15.152,0.49,0.51,0.5671641791044776,ok,68.0,0,62373.0,1282.0,ok,0.014257,288.0,15837.0,0.1927982105008083,,,contract_type,3.4748277310163833,10,587|483|328|344|435|81|699|454|656|658,-0.43688492311075605,0.791199067933521,0.15039169335449712,-0.34534592136639686,0.6296831336115644,0.37050795795183017,0.5283848887038723,0.6296831336115644,0.37050795795183017,0.5283848887038723,-0.4945963876782221,-0.7537715633379565,-0.5958946325859141,0.6296831336115644,3.3301325713024768,0,0.09719857545389703,0.08784918576914458,-0.207503843943422,-0.02084467901713294,-0.18380638176912611,-0.031297039848237285,-0.05189032237631919,0.7032306458077809,0.7032306458077809,0.18908650635649726,0.11125922167324336,0.15866782399513038,0.4197887557410429,0.24700530530122008,0.35225659246924823,0.4197887557410429,0.24700530530122008,0.35225659246924823,0.1927982105008083,0.6296831336115644,0.6296831336115644,0.4197887557410429,0.4197887557410429,1.5,ok,ok,0,,0
315,Joel Eriksson Ek,C,f1,MIN,29,0.7286,19.083,0.5,0.51,0.4548736462093863,ok,70.0,0,40190.0,15784.0,ok,0.044807,344.0,20643.0,0.4170761976953512,,,contract_type,5.778610707827458,10,59|276|590|224|436|392|551|4|407|374,0.5500213777547993,0.791199067933521,0.15039169335449712,-0.34534592136639686,-0.1329451800594481,-0.18107397112123036,-0.11365270086803426,-0.1329451800594481,-0.18107397112123036,-0.11365270086803426,-1.1728129391738131,-1.2209417302355954,-1.1535204599823992,-0.1329451800594481,7.0550050711810695,0,0.14840666469430366,-0.24158526086514842,-0.0375862704863128,-0.05171713394715072,-0.17576691749761889,-0.1274236622392521,-0.2563607431303391,-0.05230162880593128,-0.05230162880593128,-0.01884409418818347,-0.025666029902784604,-0.016109513702873612,-0.025322891439894878,-0.03449028021356769,-0.021648133498673193,-0.025322891439894878,-0.03449028021356769,-0.021648133498673193,0.4170761976953512,-0.1329451800594481,-0.1329451800594481,-0.025322891439894878,-0.025322891439894878,5.25,ok,ok,0,,0
316,Robby Fabbri,C,f1,MIN,30,0.2381,11.814,0.45,0.47,0.4137931034482758,ok,21.0,0,38274.0,5533.0,ok,0.005092,69.0,3467.0,-0.44495474600479257,,,contract_type,1.6408539170938221,10,247|385|541|429|179|415|198|264|416|231,-0.16369190395273664,0.791199067933521,0.15039169335449712,-0.34534592136639686,-0.28126284205205593,-0.3124525863860535,-0.20949190311342086,-0.28126284205205593,-0.3124525863860535,-0.20949190311342086,-0.9843572320752485,-1.0155469764092462,-0.9125862931366135,-0.28126284205205593,1.7865514641635891,0,0.11961784087043655,-0.0658868893268586,-0.025369165726232712,-0.12320864345463323,-0.24256054873966426,-0.015648519924118864,-0.2450332780511117,-0.21691787597049328,-0.21691787597049328,-0.15743338364099962,-0.17489145577585394,-0.11726049168782206,-0.3629197961962012,-0.40316462759490773,-0.27031213304957535,-0.3629197961962012,-0.40316462759490773,-0.27031213304957535,-0.44495474600479257,-0.28126284205205593,-0.28126284205205593,-0.3629197961962012,-0.3629197961962012,0.775,ok,ok,0,,0
317,Marcus Foligno,L,f1,MIN,34,0.2321,12.85,0.49,0.53,0.3355704697986577,ok,56.0,0,82919.0,8035.0,ok,0.019348,105.0,7723.0,-0.03018340351924599,,,contract_type,2.003889195266038,10,318|517|759|183|320|176|491|452|321|593,-0.16482852123597144,0.791199067933521,0.15039169335449712,-0.34534592136639686,0.13464511771672544,0.027242151663420918,0.1190794250634961,0.13464511771672544,0.027242151663420918,0.1190794250634961,-0.7537360965395253,-0.8611390625928299,-0.7693017891927546,0.13464511771672544,2.1142231569006213,0,0.3025569392726975,0.3953213359611518,-0.3935523286062426,-0.1654648621602216,-0.15065735785510212,0.0637118311196262,-0.6466339199338408,0.3221277053701531,0.3221277053701531,0.06368538594294396,0.012885182708601573,0.0563230161749162,0.03366127942918136,0.0068105379158552295,0.029769856265874025,0.03366127942918136,0.0068105379158552295,0.029769856265874025,-0.03018340351924599,0.13464511771672544,0.13464511771672544,0.03366127942918136,0.03366127942918136,4.0,ok,ok,0,,0
318,Nick Foligno,L,f1,MIN,38,0.2778,12.648,0.48,0.5,0.3223684210526316,ok,54.0,0,125218.0,13932.0,ok,0.071283,125.0,17851.0,0.3099881249037946,,,contract_type,2.066089118620694,10,317|759|321|593|491|62|289|517|233|459,-0.12155709120795308,0.791199067933521,0.15039169335449712,-0.34534592136639686,0.4315452161117477,0.4470586952806502,0.5641748883718608,0.4315452161117477,0.4470586952806502,0.5641748883718608,-0.5238713454076416,-0.5083578662387391,-0.3912416731475285,0.4315452161117477,2.079018698657748,0,0.40659133942376463,0.900454154133735,-0.22016726412979026,-0.0837063413765563,-0.2008764771401363,-0.16989821631900287,-0.8644455834433671,0.47178856904116934,0.47178856904116934,0.2075715896111762,0.21503351344039345,0.27136595199268876,0.0958989369137217,0.09934637672903338,0.12537219741596906,0.0958989369137217,0.09934637672903338,0.12537219741596906,0.3099881249037946,0.4315452161117477,0.4315452161117477,0.0958989369137217,0.0958989369137217,4.5,ok,ok,0,,0
319,Hunter Haight,C,f1,MIN,21,0.2222,10.833,,,,thin,9.0,1,9619.0,745.0,ok,0.001018,61.0,6883.0,-0.7740813634619528,,,contract_type,1.2326408264519504,10,603|343|84|493|2|544|487|439|54|61,-0.304837643944983,0.791199067933521,0.15039169335449712,-0.34534592136639686,-0.46924371951696975,-0.9976529427013189,-0.6730802149163664,-0.46924371951696975,-0.9976529427013189,-0.6730802149163664,-1.8623234235629025,-2.390732646747251,-2.066159918962299,-0.46924371951696975,1.5114232274388233,1,0.08105578744147228,-0.02196229644228631,0.1252987148685185,0.1276571650110252,-0.07582426234154838,-0.0804781024668958,-0.055114183518559484,-0.5346956990004941,-0.5346956990004941,-0.3104648062820399,-0.6600751692772964,-0.4453287488885109,-0.5419770380191381,-1.1522903011103243,-0.7774084256368288,-0.3104648062820399,-0.6600751692772964,-0.4453287488885109,-0.7740813634619528,-0.46924371951696975,-0.46924371951696975,-0.3104648062820399,-0.5419770380191381,0.8658,ok,ok,0,,0
320,Ryan Hartman,R,f1,MIN,31,0.5658,16.75,0.5,0.54,0.4885496183206106,ok,76.0,0,37014.0,4732.0,ok,0.025458,277.0,14890.0,0.18523424686484524,,,contract_type,4.434543357294506,10,183|458|496|452|483|296|317|246|223|440,0.0844852020126978,0.791199067933521,0.15039169335449712,-0.34534592136639686,0.10074904485214745,0.06453970454981318,0.16403357330185359,0.10074904485214745,0.06453970454981318,0.16403357330185359,-0.698678036663324,-0.7348873769656582,-0.6353935082136177,0.10074904485214745,4.531214281039756,0,0.2148547336579907,0.2855098537497208,0.3697097922568287,0.3186684434087817,0.05021911928503382,0.2336100474386289,0.03141114580895034,-0.13523562953869475,-0.13523562953869475,0.022234447237182754,0.014243357419637098,0.03620079809251784,0.02518726121303686,0.016134926137453296,0.041008393325463396,0.02518726121303686,0.016134926137453296,0.041008393325463396,0.18523424686484524,0.10074904485214745,0.10074904485214745,0.02518726121303686,0.02518726121303686,4.0,ok,ok,0,,0
321,Marcus Johansson,L,f1,MIN,35,0.6533,15.417,0.5,0.54,0.4769230769230769,ok,75.0,0,0.0,,,0.008147,262.0,8157.0,-1.9706924798489402,wiki_intl_12mo,wiki_12mo=no_entity_exists|wiki_intl_12mo=fetch_failed,contract_type,4.205688155998694,10,227|66|459|326|320|517|318|329|317|698,0.45649093078372366,0.791199067933521,0.15039169335449712,-0.34534592136639686,-2.4271834106326637,-2.615596535930028,-2.5170656582732063,-2.4271834106326637,-2.615596535930028,-2.5170656582732063,-3.064330151122795,-3.2527432764201594,-3.1542123987633373,-2.4271834106326637,3.7548787993871806,0,0.13064940738296835,0.06588688932685849,0.2379572071001802,0.00012486029441607926,0.05021911928503385,0.19113549335887847,-0.238572874932443,-2.4973626995782165,-2.4973626995782165,-0.6464079242794188,-0.696586141836831,-0.6703453807041674,-3.0339792632908296,-3.269495669912535,-3.1463320728415076,-3.0339792632908296,-3.269495669912535,-3.1463320728415076,-1.9706924798489402,-2.4271834106326637,-2.4271834106326637,-3.0339792632908296,-3.0339792632908296,0.8,ok,low,0,,0
322,Ben Jones,C,f1,MIN,26,0.1071,8.833,0.39,0.42,0.173076923076923,ok,28.0,0,9616.0,277.0,ok,,58.0,3877.0,-1.0281752221830534,trends_12mo,trends_12mo=fetch_failed,contract_type,0.775,10,629|631|55|204|250|589|752|325|628|545,-0.19536062883338198,0.791199067933521,0.15039169335449712,-0.34534592136639686,-0.8328145933496713,-1.187113364892763,-1.018685327414489,-0.8328145933496713,-1.187113364892763,-1.018685327414489,-1.631402288861786,-1.9857010604048777,-1.8172730229266034,-0.8328145933496713,1.0432212416425286,0,0.7184045845574397,-0.5929820039417278,-0.41241234333425036,-0.6585131927505348,-1.0797110646282284,-0.743304696395637,-0.8235042062942601,-0.4197469736812392,-0.4197469736812392,-0.7983106172554763,-1.1379305918116462,-0.9764806224714057,-1.0745994752898984,-1.5317591805067907,-1.3144326805348243,-1.0745994752898984,-1.5317591805067907,-1.3144326805348243,-1.0281752221830534,-0.8328145933496713,-0.8328145933496713,-1.0745994752898984,-1.0745994752898984,0.775,ok,ok,0,,0
323,Kirill Kaprizov,L,f1,MIN,28,1.141,22.15,0.51,0.54,0.6694915254237288,ok,78.0,0,203132.0,227055.0,ok,0.330957,648.0,74068.0,1.561578229527961,,,contract_type,8.137987293883752,10,585|710|65|492|246|754|180|210|564|483,0.6810334722395418,0.791199067933521,0.15039169335449712,-0.34534592136639686,0.8805447572884192,0.6929619419367337,0.7743842137887438,0.8805447572884192,0.6929619419367337,0.7743842137887438,-0.21828177730276244,-0.4058645926544479,-0.32444232080243784,0.8805447572884192,13.561744523279952,0,0.41117016926916344,0.06588688932685864,0.8112815909861546,0.7953850474894681,0.1506573578551019,0.3185591555981304,0.3252509743592671,0.3988465777586128,0.3988465777586128,0.06492857580209427,0.05109681433293498,0.057100634248008715,0.0978383063653799,0.07699577132630374,0.08604269042097153,0.0978383063653799,0.07699577132630374,0.08604269042097153,1.561578229527961,0.8805447572884192,0.8805447572884192,0.0978383063653799,0.0978383063653799,9.0,ok,ok,1,,0
324,Michael McCarron,C,f1,MIN,30,0.2152,14.036,0.48,0.5,0.2360515021459227,ok,79.0,0,39262.0,9275.0,ok,0.009165,312.0,11865.0,0.22703117416990154,,,contract_type,2.3895300865958076,10,242|349|164|604|484|590|713|752|245|298,0.08155990966911628,0.791199067933521,0.15039169335449712,-0.34534592136639686,0.14547126450078526,-0.06596874011870264,0.060172803935445295,0.14547126450078526,-0.06596874011870264,0.060172803935445295,-0.40230614432576933,-0.6137461489452574,-0.4876046048911093,0.14547126450078526,2.554498385108893,0,0.271834876529162,-0.1317737786537172,-0.352120487740992,-0.12933029295620097,0.07532867892755069,0.14866093927912727,-0.7937950816173838,0.41145334100860287,0.41145334100860287,0.05694709589514347,-0.025824537804861655,0.023555624182898145,0.16163473833420586,-0.07329860013189182,0.06685867103938366,0.16163473833420586,-0.07329860013189182,0.06685867103938366,0.22703117416990154,0.14547126450078526,0.14547126450078526,0.16163473833420586,0.16163473833420586,0.9,ok,ok,0,,0
325,Nico Sturm,C,f1,MIN,30,0.2245,10.95,0.4399999999999999,0.51,0.2016806722689075,ok,49.0,0,64540.0,64644.0,ok,0.009165,211.0,11265.0,0.3207480787716736,,,contract_type,1.2825323111671287,10,566|631|298|327|629|250|204|322|752|52,-0.2597759352755942,0.791199067933521,0.15039169335449712,-0.34534592136639686,0.5805240140472678,0.37576691262929746,0.4775007151861475,0.5805240140472678,0.37576691262929746,0.4775007151861475,-0.02407892711140197,-0.2288360285293724,-0.1271022259725221,0.5805240140472678,1.5420962470231474,0,0.2700047996747735,0.28550985374972077,-0.07430310766956161,-0.14870861064958074,-0.1757669174976213,0.5946437571165096,-0.34109655136564676,0.64922692832085,0.64922692832085,0.3764512203229258,0.2436728014575455,0.30964391237441363,0.2902620070236339,0.18788345631464873,0.23875035759307375,0.2902620070236339,0.18788345631464873,0.23875035759307375,0.3207480787716736,0.5805240140472678,0.5805240140472678,0.2902620070236339,0.2902620070236339,2.0,ok,ok,0,,0
326,Vladimir Tarasenko,R,f1,MIN,34,0.6267,14.933,0.44,0.49,0.4694656488549618,ok,75.0,0,132120.0,93217.0,ok,0.152749,274.0,18592.0,0.7896822301685102,,,contract_type,3.9482753805404394,10,197|321|540|203|66|227|564|233|329|186,0.04882745046971552,0.791199067933521,0.15039169335449712,-0.34534592136639686,0.7408547796987948,0.880531506120203,0.9667592559612197,0.7408547796987948,0.880531506120203,0.9667592559612197,-0.33198872147312486,-0.1923119950517164,-0.10608424521069976,0.7408547796987948,3.4342177237343208,0,0.3422526868301881,0.1317737786537172,0.1692719761581104,0.17887485778051115,-0.8788345874880933,-0.2760846015183796,-0.41867631938231725,0.650540518675162,0.650540518675162,0.21572737644985407,0.25639944143166477,0.2815078523646949,0.15596942730500943,0.18537505392004275,0.20352826441288838,0.15596942730500943,0.18537505392004275,0.20352826441288838,0.7896822301685102,0.7408547796987948,0.7408547796987948,0.15596942730500943,0.15596942730500943,4.75,ok,ok,0,,0
327,Yakov Trenin,C,f1,MIN,29,0.2805,13.283,0.45,0.51,0.3611111111111111,ok,82.0,0,18412.0,18173.0,ok,0.005092,209.0,8887.0,-0.026029100494493466,,,contract_type,2.3076520067191275,10,713|206|201|244|570|316|705|231|541|247,-0.2608636768321483,0.791199067933521,0.15039169335449712,-0.34534592136639686,0.2348345763376548,0.27137231353204555,0.35669951740950423,0.2348345763376548,0.27137231353204555,0.35669951740950423,-0.45756321891152196,-0.4210254817171313,-0.33569827783967254,0.2348345763376548,2.310380029362829,0,0.297495726723291,0.2635475573074346,0.19174348306807687,0.22682121083629525,-0.35153383499523716,0.23361004743862895,-0.5177182266940732,0.14072110480567568,0.14072110480567568,0.10164326792697345,0.1174578684385903,0.15438997605423255,0.06709559323932994,0.07753494672344158,0.10191414783128692,0.06709559323932994,0.07753494672344158,0.10191414783128692,-0.026029100494493466,0.2348345763376548,0.2348345763376548,0.06709559323932994,0.06709559323932994,3.5,ok,ok,0,,0
328,Danila Yurov,R,f1,MIN,22,0.3699,13.3,0.4699999999999999,0.4899999999999999,0.5678391959798995,ok,73.0,0,26325.0,24797.0,ok,0.007128,263.0,15595.0,0.20686232566727392,,,contract_type,2.580887450227955,10,37|587|344|314|632|699|762|437|704|483,-0.016107163057502392,0.791199067933521,0.15039169335449712,-0.34534592136639686,0.22296948872477632,-0.1092211062007055,-0.015741392319169895,0.22296948872477632,-0.1092211062007055,-0.015741392319169895,0.029411321987186767,-0.3027792729382949,-0.20929955905675934,0.22296948872477632,2.3926940388851334,1,0.17173075522415057,-0.2415852608651483,-0.22441411141783452,-0.1844436269114692,-0.12554779821258666,-0.1486609392791301,-0.10573279465873453,0.3832097608124977,0.3832097608124977,0.09318763080492652,-0.04564775287842346,-0.0065789407518666845,0.23470472497344877,-0.11496958547442686,-0.016569886651757782,0.09318763080492652,-0.04564775287842346,-0.0065789407518666845,0.20686232566727392,0.22296948872477632,0.22296948872477632,0.09318763080492652,0.23470472497344877,0.95,ok,ok,0,,0
329,Mats Zuccarello,R,f1,MIN,38,0.9153,18.65,0.5,0.54,0.6422413793103449,ok,59.0,0,82059.0,25412.0,ok,0.092668,224.0,15878.0,0.46523659790003963,,,contract_type,6.176950833509409,10,227|246|321|66|698|561|230|564|326|459,0.3018257922805424,0.791199067933521,0.15039169335449712,-0.34534592136639686,0.16341080561949722,0.10235954799146241,0.16518365414147115,0.16341080561949722,0.10235954799146241,0.16518365414147115,-0.7373524579740129,-0.7984037156020476,-0.7355796094520388,0.16341080561949722,7.026683190017304,0,0.46977568029798583,0.8345672648068763,0.7259433683161629,0.5447654645374632,0.025109559642516863,0.1274236622392525,0.5608447622456434,-0.39265709373168883,-0.39265709373168883,0.023255752564972948,0.01456726384603236,0.02350805489226338,0.03961474075624175,0.02481443587671816,0.04004452221611422,0.03961474075624175,0.02481443587671816,0.04004452221611422,0.46523659790003963,0.16341080561949722,0.16341080561949722,0.03961474075624175,0.03961474075624175,4.125,ok,ok,0,,0
330,Zach Bogosian,D,d1,MIN,35,0.1463,14.55,0.46,0.47,0.4939759036144578,ok,41.0,0,60229.0,11688.0,ok,0.00611,107.0,6979.0,-0.08501979411505217,,,contract_type,1.3017636907551775,10,423|472|596|238|579|145|221|428|691|193,-0.39972183960863333,0.791199067933521,0.15039169335449712,-0.34534592136639686,0.31470204549358116,0.18425838718530524,0.2717366675023976,0.31470204549358116,0.18425838718530524,0.2717366675023976,-0.3946842170767345,-0.5251278753850105,-0.43764959506791806,0.31470204549358116,1.462223753763982,0,0.17315408902378673,0.32943444663429333,-0.048454186774615327,-0.22022858729112466,-0.1686952455982974,-0.03181257417809946,0.24029949366629016,0.32254127009754835,0.32254127009754835,0.2152215382108868,0.12601244283646512,0.18583795182023743,0.25176163639486493,0.1474067097482442,0.2173893340019181,0.25176163639486493,0.1474067097482442,0.2173893340019181,-0.08501979411505217,0.31470204549358116,0.31470204549358116,0.25176163639486493,0.25176163639486493,1.25,ok,ok,0,,0
331,Jonas Brodin,D,d1,MIN,32,0.2903,20.283,0.49,0.55,0.3649289099526066,ok,62.0,0,21354.0,14797.0,ok,0.005092,225.0,9506.0,0.017421353350152213,,,contract_type,4.3323843288433475,10,617|338|507|341|599|527|217|479|509|622,-0.03342573218275324,0.791199067933521,0.15039169335449712,-0.34534592136639686,0.050847085532905456,0.001853162421021232,0.06012473746908535,0.050847085532905456,0.001853162421021232,0.06012473746908535,-0.5748908655159659,-0.62388478862785,-0.565613213579786,0.050847085532905456,4.291783003014034,0,0.18593786001107251,0.0878491857691448,0.07885091263943594,0.16973508422925276,0.1757669174976189,0.40350826375763194,-0.19991679617335079,-0.0068937499568010666,-0.0068937499568010666,0.011847543432926724,0.0004317931311344942,0.014009267809407172,0.008474514255484242,0.0003088604035035387,0.010020789578180892,0.008474514255484242,0.0003088604035035387,0.010020789578180892,0.017421353350152213,0.050847085532905456,0.050847085532905456,0.008474514255484242,0.008474514255484242,6.0,ok,ok,0,,0
332,Brock Faber,D,d1,MIN,23,0.6375,24.683,0.5,0.53,0.4,ok,80.0,0,122134.0,9886.0,ok,0.101833,388.0,26812.0,0.7196733384139491,,,contract_type,6.875425407375639,10,73|594|240|67|215|508|427|475|502|510,0.47097572673992716,0.791199067933521,0.15039169335449712,-0.34534592136639686,0.24869761167402193,0.25563061513929036,0.3568249958940169,0.24869761167402193,0.25563061513929036,0.3568249958940169,-1.0243326346130126,-1.017399631147744,-0.9162052503930175,0.24869761167402193,9.208275895340213,0,0.2825559991286385,-0.1976606679805759,0.3101201712545068,0.29419582570322533,0.17576691749761875,0.3610337096778814,-0.3565587026580228,0.13374764375832307,0.13374764375832307,0.027008053896373122,0.027760963946426766,0.03875046750875327,0.029258542549884935,0.030074190016387097,0.041979411281649046,0.029258542549884935,0.030074190016387097,0.041979411281649046,0.7196733384139491,0.24869761167402193,0.24869761167402193,0.029258542549884935,0.029258542549884935,8.5,ok,ok,0,,0
333,Viking Gustafsson Nyberg,D,d1,MIN,22,0.0,21.3,,,,thin,2.0,1,11.0,409.0,ok,0.0,9.0,1882.0,-2.721821437631867,,,contract_type,4.580310857776662,10,532|100|19|72|380|672|382|774|305|21,-0.8150828562504074,0.791199067933521,0.15039169335449712,-0.34534592136639686,-1.9067385813814597,-2.943511525967965,-1.940588805901541,-1.9067385813814597,-2.943511525967965,-1.940588805901541,-3.439365442061845,-4.47613838664835,-3.4732156665819263,-1.9067385813814597,5.650607534883826,1,0.27145951311933136,-0.3953213359611518,-0.5932879101140248,0.393309927410729,-0.0031771279547664205,0.10601301967252022,0.13764775760279607,-1.827778137410201,-1.827778137410201,-0.3374395708090283,-0.520919477736916,-0.34343011683635516,-1.9556293142373946,-3.0189861804799647,-1.9903474932323497,-0.3374395708090283,-0.520919477736916,-0.34343011683635516,-2.721821437631867,-1.9067385813814597,-1.9067385813814597,-0.3374395708090283,-1.9556293142373946,0.975,ok,ok,0,,0
334,Quinn Hughes,D,d1,MIN,26,1.027,27.736,0.53,0.53,0.4933333333333333,ok,74.0,0,1421210.0,95300.0,ok,0.709776,1531.0,259623.0,2.597104764252453,,,contract_type,8.776233890919313,10,194|68|45|671|257|446|20|744|718|285,0.6843458657583122,0.791199067933521,0.15039169335449712,-0.34534592136639686,1.912758898494141,1.6320142274446432,1.8088337278382793,1.912758898494141,1.6320142274446432,1.8088337278382793,0.9072959639246259,0.6265512928751278,0.8033707932687638,1.912758898494141,15.03311373724177,0,0.33638936850159024,-0.2855098537497208,0.6064297288872638,0.8759449094467398,0.10043823857006817,0.08494910815950163,-0.06506437219624737,1.5053457861025137,1.5053457861025137,0.12723637510675073,0.10856129049310846,0.12032329159841496,0.24366355394829822,0.20789990158530486,0.2304246787055133,0.24366355394829822,0.20789990158530486,0.2304246787055133,2.597104764252453,1.912758898494141,1.912758898494141,0.24366355394829822,0.24366355394829822,7.85,ok,ok,0,,0
335,Daemon Hunt,D,d1,MIN,23,0.1875,12.433,0.38,0.42,0.4050632911392405,ok,32.0,0,17053.0,255.0,ok,0.002037,80.0,3369.0,-0.7607253972194659,,,contract_type,0.775,10,577|574|573|219|234|557|421|642|76|747,-0.5235893158260423,0.791199067933521,0.15039169335449712,-0.34534592136639686,-0.23713608139342357,-0.5697363900441706,-0.4580854477664715,-0.23713608139342357,-0.5697363900441706,-0.4580854477664715,-1.241140788811106,-1.5737410974618529,-1.4620901551841536,-0.23713608139342357,0.958140273303655,0,0.6743369469158808,-0.7686803754800176,0.07958658697279763,-0.984248728823268,-1.2805875417683643,-0.7857792504753877,-0.1471391979754496,0.05503237749261769,0.05503237749261769,-0.2474962048884361,-0.5946273274577292,-0.4780985211977354,-0.3059820405076433,-0.7351437290892524,-0.5910779971180278,-0.3059820405076433,-0.7351437290892524,-0.5910779971180278,-0.7607253972194659,-0.23713608139342357,-0.23713608139342357,-0.3059820405076433,-0.3059820405076433,0.775,ok,ok,0,,0
336,Matt Kiersted,D,d1,MIN,27,0.1667,15.733,,,,thin,6.0,1,10427.0,1230.0,ok,0.0,20.0,1258.0,-1.2894117054578098,,,contract_type,1.9185869477052075,10,470|669|719|262|720|600|379|70|769|188,-0.8729829543485964,0.791199067933521,0.15039169335449712,-0.34534592136639686,-0.4164287511092134,-0.9895775152966337,-0.8431318702500631,-0.4164287511092134,-0.9895775152966337,-0.8431318702500631,-1.868850747949241,-2.4419995121366616,-2.2955538670900912,-0.4164287511092134,1.830560793053632,0,0.07427600302242389,0.1976606679805759,0.031157572550414292,0.06143992674768663,-0.05534351921207761,-0.05851086531394237,0.04154346632984657,-0.4775931308481759,-0.4775931308481759,-0.22748698250799518,-0.5405870807742362,-0.46058665380000896,-0.512527693672878,-1.2179415572881647,-1.037700763384693,-0.512527693672878,-1.2179415572881647,-1.037700763384693,-1.2894117054578098,-0.4164287511092134,-0.4164287511092134,-0.512527693672878,-0.512527693672878,0.8125,ok,ok,0,,0
337,Carson Lambos,D,d1,MIN,23,0.0,10.267,,,,thin,1.0,1,11200.0,601.0,ok,0.001018,32.0,1370.0,-1.174361701601431,,,contract_type,0.775,10,340|69|105|187|379|311|70|600|667|769,-1.24486840011838,0.791199067933521,0.15039169335449712,-0.34534592136639686,0.07050669851694913,-0.17102464940299866,-0.02616273718640768,0.07050669851694913,-0.17102464940299866,-0.02616273718640768,-1.5979422407324133,-1.8394735886523614,-1.6946116764357706,0.07050669851694913,0.775,1,0.1897963851969834,-0.2635475573074346,-0.25190157969163285,-0.4669025849395808,-0.08947202272619265,-0.06379851388305419,0.003156052634005646,0.31773450410219406,0.31773450410219406,0.09097638518316016,-0.22067696697161118,-0.03375837056310668,0.08167114388619151,-0.1981056983702058,-0.030305498883826807,0.09097638518316016,-0.22067696697161118,-0.03375837056310668,-1.174361701601431,0.07050669851694913,0.07050669851694913,0.09097638518316016,0.08167114388619151,0.8633,ok,ok,0,,0
338,Jake Middleton,D,d1,MIN,30,0.2133,17.5,0.46,0.51,0.3872340425531915,ok,75.0,0,24545.0,2012.0,ok,0.00611,165.0,11219.0,-0.1666640400717888,,,contract_type,2.8547048410694185,10,617|331|509|219|76|507|188|533|724|260,-0.1368728788054035,0.791199067933521,0.15039169335449712,-0.34534592136639686,-0.029791161266385313,-0.06970741418647299,0.06438215911459408,-0.029791161266385313,-0.06970741418647299,0.06438215911459408,-0.8796776916063731,-0.9195939445264609,-0.7855043712253937,-0.029791161266385313,2.5495111567338027,0,0.14099138976493256,0.08784918576914491,-0.04865482522916842,-0.16573955480793706,-0.30131471571020274,0.10618638519937668,-0.13620367187376548,0.010840454587375495,0.010840454587375495,-0.011685048401416289,-0.027341482308230285,0.025252746568512584,-0.006848542819858693,-0.016024692916430574,0.014800496348182549,-0.006848542819858693,-0.016024692916430574,0.014800496348182549,-0.1666640400717888,-0.029791161266385313,-0.029791161266385313,-0.006848542819858693,-0.006848542819858693,4.35,ok,ok,0,,0
339,Jeff Petry,D,d1,MIN,38,0.1343,14.758,0.52,0.53,0.6062176165803109,ok,67.0,0,61235.0,7985.0,ok,0.015275,112.0,7990.0,-0.06449412913664905,,,contract_type,1.395920168194111,10,17|330|310|258|472|691|596|722|400|664,-0.16991386911116885,0.791199067933521,0.15039169335449712,-0.34534592136639686,0.1054197399745198,-0.10190535486091518,0.009910571859966634,0.1054197399745198,-0.10190535486091518,0.009910571859966634,-0.7762522653800304,-0.9835773602154653,-0.8717614334945835,0.1054197399745198,1.5274622965203644,0,0.5397681498738659,0.8345672648068763,-0.3520870479985667,-0.4920244761761014,0.45904374546462645,0.32922113549978227,0.7716652292972416,0.23206483017915275,0.23206483017915275,0.06901626325878632,-0.06671546334928245,0.00648825956787504,0.13602547093486425,-0.13149078046569698,0.012787834658021463,0.13602547093486425,-0.13149078046569698,0.012787834658021463,-0.06449412913664905,0.1054197399745198,0.1054197399745198,0.13602547093486425,0.13602547093486425,0.775,ok,ok,0,,0
340,David Spacek,D,d1,MIN,22,0.0,10.75,,,,thin,2.0,1,18309.0,35180.0,ok,0.014257,65.0,2823.0,-0.4807940728556001,,,contract_type,0.775,10,337|105|69|379|667|769|70|600|187|445,-1.2883686302969417,0.791199067933521,0.15039169335449712,-0.34534592136639686,0.8075745574413415,0.2976071801023034,0.5000104047377111,0.8075745574413415,0.2976071801023034,0.5000104047377111,-0.7845472305925085,-1.2945146079315468,-1.0921113832961389,0.8075745574413415,0.775,1,0.21995992283642596,-0.3513967430765792,-0.3262046873611948,-0.4857315173375294,-0.08947202272619266,-0.06379851388305419,0.0031560526340055906,1.0930059837828854,1.0930059837828854,1.0420316870210857,0.3840092646481334,0.6451747157905948,0.9363183274682221,0.34505180301716337,0.5797222083915491,1.0420316870210857,0.3840092646481334,0.6451747157905948,-0.4807940728556001,0.8075745574413415,0.8075745574413415,1.0420316870210857,0.9363183274682221,0.8625,ok,ok,0,,0
341,Jared Spurgeon,D,d1,MIN,36,0.2785,19.6,0.48,0.52,0.3814432989690721,ok,79.0,0,65668.0,10966.0,ok,0.011202,189.0,10994.0,0.16730114523977288,,,contract_type,3.976243741610078,10,664|622|751|472|507|509|331|260|579|338,-0.15801310985017936,0.791199067933521,0.15039169335449712,-0.34534592136639686,0.32531425508995226,0.17775055557797584,0.2566449719394997,0.32531425508995226,0.17775055557797584,0.2566449719394997,-0.5808195653663328,-0.7283832648783093,-0.6494888485167853,0.32531425508995226,3.7697149020460716,0,0.24422420878678067,0.6369065968263004,0.07717892551815869,0.3474362552422525,0.0502191192850337,0.16989821631900276,-0.18370613952993586,0.13296182001849374,0.13296182001849374,0.0862967793435474,0.047152254267689826,0.06808073782985594,0.04294577624949865,0.023465419878280637,0.0338805243484488,0.04294577624949865,0.023465419878280637,0.0338805243484488,0.16730114523977288,0.32531425508995226,0.32531425508995226,0.04294577624949865,0.04294577624949865,7.575,ok,ok,0,,0
342,Josh Anderson,R,f1,MON,31,0.3194,14.017,0.48,0.44,0.3568281938325991,ok,72.0,0,58792.0,14888.0,ok,0.090631,379.0,37885.0,0.6464779441128264,,,contract_type,2.693726495945773,10,29|13|438|137|397|707|759|756|289|715,-0.12540356186630364,0.9269215071326317,1.0031191868596738,-0.25626885144599937,0.7718815059791301,0.539554687095725,0.6413373620981501,0.7718815059791301,0.539554687095725,0.6413373620981501,0.19422678995687648,-0.038100028926528653,0.06368264607589641,0.7718815059791301,2.643936995489531,0,0.2800287992345246,0.1537360750960035,0.0905882622308023,0.27851337272456234,-0.07532867892755085,-0.46722009487725724,-0.6147863115509715,0.707171299411125,0.707171299411125,0.2919439862961691,0.20407244500008412,0.2425690790636276,0.14034209199620548,0.09810085219922272,0.11660679310875455,0.14034209199620548,0.09810085219922272,0.11660679310875455,0.6464779441128264,0.7718815059791301,0.7718815059791301,0.14034209199620548,0.14034209199620548,5.5,ok,ok,0,,0
343,Owen Beck,C,f1,MON,21,0.0667,9.183,,,,thin,15.0,1,24329.0,3522.0,ok,0.022403,165.0,10811.0,-0.11408154168291726,,,contract_type,0.775,10,2|493|319|84|603|487|675|709|439|610,-0.7919254400682625,0.9269215071326317,1.0031191868596738,-0.25626885144599937,0.6778438983853452,0.6508175530234456,0.7857842188945512,0.6778438983853452,0.6508175530234456,0.7857842188945512,-0.04814784831554131,-0.07517419367744142,0.05979247219366443,0.6778438983853452,1.0891310678975388,1,0.133864264446854,-0.3513967430765792,-0.10817756674663892,-0.09499371199177231,-0.14261789358359453,-0.09612662239101455,-0.009873048891524489,0.7868532149182204,0.7868532149182204,0.6223712814416879,0.5975566873505733,0.7214781049368382,0.7943793488636415,0.7627066131764275,0.920876853269133,0.6223712814416879,0.5975566873505733,0.7214781049368382,-0.11408154168291726,0.6778438983853452,0.6778438983853452,0.6223712814416879,0.7943793488636415,0.8533,ok,ok,0,,0
344,Zachary Bolduc,R,f1,MON,22,0.3846,13.633,0.49,0.5,0.5134099616858238,ok,78.0,0,100506.0,60026.0,ok,0.08554,467.0,41533.0,0.9066311728506382,,,contract_type,2.7472369477996064,10,454|656|94|328|587|314|437|51|63|711,-0.665062539392037,0.9269215071326317,1.0031191868596738,-0.25626885144599937,1.5716937122426753,1.009416696335846,1.1616330005795714,1.5716937122426753,1.009416696335846,1.1616330005795714,0.05206542836151111,-0.5102115875453179,-0.3579952833015927,1.5716937122426753,2.540953871370249,1,0.1629123371372574,-0.2635475573074345,-0.2275676893987491,-0.19629836473064294,-0.0411884881855316,-0.020119525616724185,-0.22875239758446209,1.7567464099474686,1.7567464099474686,0.61854476381939,0.3972589615692245,0.4571641436186887,1.8205649394679433,1.1692536735038181,1.345572802710033,0.61854476381939,0.3972589615692245,0.4571641436186887,0.9066311728506382,1.5716937122426753,1.5716937122426753,0.61854476381939,1.8205649394679433,0.8633,ok,ok,0,,0
345,Cole Caufield,R,f1,MON,25,1.0864,18.183,0.53,0.54,0.616822429906542,ok,81.0,0,336492.0,82608.0,ok,0.5,1122.0,248818.0,2.066161070367809,,,contract_type,6.516200758436737,10,225|653|12|651|210|313|232|3|36|634,0.808696289516036,0.9269215071326317,1.0031191868596738,-0.25626885144599937,1.2574647808517732,1.0468464384438028,1.1423037162871084,1.2574647808517732,1.0468464384438028,1.1423037162871084,0.15852941386254904,-0.05208892854542131,0.0433683492978846,1.2574647808517732,6.920404994325455,0,0.25720623535869236,-0.17569837153828988,0.07844963573032926,-0.21068926079773476,0.2762051560676868,0.42474554079750715,0.37744944722060636,1.2714745876996072,1.2714745876996072,0.18170392944962907,0.15126953397990267,0.16506313101961034,0.16018659628685009,0.13335623419666276,0.14551639697924948,0.16018659628685009,0.13335623419666276,0.14551639697924948,2.066161070367809,1.2574647808517732,1.2574647808517732,0.16018659628685009,0.16018659628685009,7.85,ok,ok,0,,0
346,Kirby Dach,C,f1,MON,25,0.4054,13.65,0.47,0.45,0.5263157894736842,ok,37.0,0,86346.0,14840.0,ok,0.106925,461.0,37459.0,0.7910217435056393,,,contract_type,2.8156052646071843,10,31|56|241|565|434|95|683|372|131|266,-0.14634019874557427,0.9269215071326317,1.0031191868596738,-0.25626885144599937,0.9373619422512135,0.9210533066067567,0.984685659857318,0.9373619422512135,0.9210533066067567,0.984685659857318,0.07827439111374634,0.061965755469289535,0.12559810871985094,0.9373619422512135,2.567242052736394,0,0.18971658461914734,-0.10981148221143117,0.1558291997030411,0.03718339567711604,-0.276205156067687,-0.29732187855825454,0.2619483954973543,0.8473946198765353,0.8473946198765353,0.3651240993236653,0.3587715095368652,0.38355777898221666,0.2787693508553795,0.273919198990857,0.2928433189166745,0.2787693508553795,0.273919198990857,0.2928433189166745,0.7910217435056393,0.9373619422512135,0.9373619422512135,0.2787693508553795,0.2787693508553795,3.3625,ok,ok,0,,0
347,Phillip Danault,C,f1,MON,32,0.2267,15.567,0.5,0.45,0.4096385542168674,ok,75.0,0,58922.0,25034.0,ok,0.038697,276.0,37454.0,0.5212667055576155,,,contract_type,2.9868467637668967,10,732|757|661|141|222|92|131|604|277|701,-0.02545250009524322,0.9269215071326317,1.0031191868596738,-0.25626885144599937,0.5467192056528587,0.09390352076352568,0.2438750635792418,0.5467192056528587,0.09390352076352568,0.2438750635792418,-0.44792775354597025,-0.9007434384353032,-0.7507718956195871,0.5467192056528587,3.3004386664218672,0,0.1910735301241203,0.2635475573074346,-0.2766804288289618,0.07808762812783174,0.2259860367826529,-0.21237277039875269,-0.08976675929908817,0.6011063012976829,0.6011063012976829,0.16565046677433884,0.028451830273013408,0.07389171205039727,0.0994034919368834,0.017073367411550123,0.044340920650771234,0.0994034919368834,0.017073367411550123,0.044340920650771234,0.5212667055576155,0.5467192056528587,0.5467192056528587,0.0994034919368834,0.0994034919368834,5.5,ok,ok,0,,0
348,Ivan Demidov,R,f1,MON,20,0.7561,15.5,0.45,0.47,0.7142857142857143,ok,82.0,0,130603.0,105342.0,ok,0.336049,1346.0,230294.0,1.8143107099904419,,,contract_type,4.543210626694162,10,563|482|495|762|632|83|588|513|635|328,0.18632534809205784,0.9269215071326317,1.0031191868596738,-0.25626885144599937,1.627985361898384,1.6150877904138967,1.756594380017875,1.627985361898384,1.6150877904138967,1.756594380017875,0.888851908583879,0.8759543370993916,1.0174609267033699,1.627985361898384,3.950166007775756,1,0.4735491511039984,-0.5490574110571556,0.7806173471819294,0.3970807083020953,-0.3515338349952366,-0.10618638519937706,0.6568192198881966,1.268807477769772,1.268807477769772,0.4121308721440453,0.40886580139534795,0.44468874891842114,1.7304266176640986,1.7167174643004857,1.8671283801210405,0.4121308721440453,0.40886580139534795,0.44468874891842114,1.8143107099904419,1.627985361898384,1.627985361898384,0.4121308721440453,1.7304266176640986,0.9408,ok,ok,0,,0
349,Jake Evans,C,f1,MON,29,0.3529,15.35,0.46,0.46,0.2808510638297872,ok,68.0,0,39151.0,11920.0,ok,0.108961,354.0,28298.0,0.5211084625839509,,,contract_type,3.283936250169445,10,164|242|324|543|10|590|752|562|179|131,-0.05248795162496185,0.9269215071326317,1.0031191868596738,-0.25626885144599937,0.5735964142089128,0.558974764231173,0.6314519711427868,0.5735964142089128,0.558974764231173,0.6314519711427868,-0.5612652465613146,-0.5758868965390543,-0.5034096896274405,0.5735964142089128,3.332747515871517,0,0.17918454189159969,0.1317737786537173,0.021100477470519047,0.17393039012163344,-0.17576691749761786,-0.06371183111962575,-0.5088238564864846,0.5628231711655697,0.5628231711655697,0.17210917163009776,0.16772190559566,0.18946888959803532,0.20126189972242556,0.1961314962214642,0.22156209513781994,0.20126189972242556,0.1961314962214642,0.22156209513781994,0.5211084625839509,0.5735964142089128,0.5735964142089128,0.20126189972242556,0.20126189972242556,2.85,ok,ok,0,,0
350,Brendan Gallagher,R,f1,MON,33,0.2987,12.35,0.51,0.49,0.5206611570247934,ok,77.0,0,84688.0,39587.0,ok,0.138493,358.0,38965.0,0.8190374155402924,,,contract_type,2.0189255629938905,10,715|397|417|414|612|289|90|136|312|601,-0.08575276558051184,0.9269215071326317,1.0031191868596738,-0.25626885144599937,0.9047901811208042,0.7613195213670322,0.8681346551687896,0.9047901811208042,0.7613195213670322,0.8681346551687896,0.3712279462400423,0.2277572864862702,0.3345724202880276,0.9047901811208042,1.994442629387295,0,0.15993005387429882,0.3294344466342931,-0.1102508307770228,-0.23551148732765637,0.1843019651831237,-0.015648519924118906,-0.08443307339957801,0.946330992625382,0.946330992625382,0.4536556568682857,0.3817204416659076,0.43527682490194564,0.13919848940320065,0.11712608021031264,0.13355917771827533,0.13919848940320065,0.11712608021031264,0.13355917771827533,0.8190374155402924,0.9047901811208042,0.9047901811208042,0.13919848940320065,0.13919848940320065,6.5,ok,ok,0,,0
351,Oliver Kapanen,C,f1,MON,22,0.4512,14.467,0.43,0.43,0.6764705882352942,ok,82.0,0,75107.0,60923.0,ok,0.068228,427.0,50960.0,0.8362910748181313,,,contract_type,3.2528063433244903,10,353|688|138|82|31|256|549|741|765|625,0.17494522101561447,0.9269215071326317,1.0031191868596738,-0.25626885144599937,0.6613458538025168,0.30609249500007857,0.4125056843365948,0.6613458538025168,0.30609249500007857,0.4125056843365948,-0.09370108663085341,-0.4489544454332916,-0.3425412560967754,0.6613458538025168,2.985716964547542,1,0.6123724657865726,-0.5490574110571553,-0.4786899128216809,-0.3683628405863911,-1.15503974355578,-0.8494910815950135,0.27359380510341436,0.9273279512067074,0.9273279512067074,0.22150319727400472,0.10251892548243068,0.1381596746224424,0.7105133796761032,0.32884883433613943,0.44317327496411124,0.22150319727400472,0.10251892548243068,0.1381596746224424,0.8362910748181313,0.6613458538025168,0.6613458538025168,0.22150319727400472,0.7105133796761032,0.9308,ok,ok,0,,0
352,Patrik Laine,R,f1,MON,27,0.2,12.6,,,,thin,5.0,1,123058.0,78274.0,ok,0.456212,570.0,59214.0,1.4464709173842782,,,contract_type,1.8160967364730878,10,711|163|293|612|684|136|601|296|200|458,-0.29775844746646374,0.9269215071326317,1.0031191868596738,-0.25626885144599937,1.7442293648507419,1.8283787011169705,1.9139017416559312,1.7442293648507419,1.8283787011169705,1.9139017416559312,1.1335986070961885,1.217747943362417,1.3032709839013776,1.7442293648507419,2.0056408939030645,0,0.2148506285861309,-0.3733590395188656,-0.36853940127193474,-0.1759531268911746,-0.0682803814840384,-0.06594733396592789,-0.23702448838484427,1.9961515308458826,1.9961515308458826,0.8696618473192355,0.911618179842188,0.9542594327199796,0.20048613389088987,0.21015847139275526,0.21998870593746336,0.20048613389088987,0.21015847139275526,0.21998870593746336,1.4464709173842782,1.7442293648507419,1.7442293648507419,0.20048613389088987,0.20048613389088987,8.7,ok,ok,0,,0
353,Alex Newhook,C,f1,MON,25,0.5952,14.483,0.44,0.43,0.6791044776119403,ok,42.0,0,52140.0,10387.0,ok,0.0611,373.0,34268.0,0.5470139951105059,,,contract_type,3.6887315799275435,10,351|688|625|27|270|82|346|765|138|31,0.31203304980868624,0.9269215071326317,1.0031191868596738,-0.25626885144599937,0.23498094530181962,0.14877539235170317,0.22325872344870434,0.23498094530181962,0.14877539235170317,0.22325872344870434,-0.1502307942391794,-0.23643634718929593,-0.16195301609229473,0.23498094530181962,3.153000481465256,0,0.384024647451412,-0.04392459288457251,0.26002743710104015,-0.10760460172779857,-0.6779581103479575,-0.5946437571165097,0.6199893855305938,0.06921486512144592,0.06921486512144592,0.07452613682844086,0.047185337657343,0.07080833788675858,0.08102791217304126,0.051301859431621785,0.07698576670644978,0.08102791217304126,0.051301859431621785,0.07698576670644978,0.5470139951105059,0.23498094530181962,0.23498094530181962,0.08102791217304126,0.08102791217304126,2.9,ok,ok,0,,0
354,Juraj Slafkovský,L,f1,MON,21,0.8902,18.533,0.49,0.48,0.5963855421686747,ok,82.0,0,240103.0,165975.0,ok,0.462322,695.0,177849.0,1.830035569864786,,,contract_type,6.058969399978073,10,588|63|232|437|11|734|735|80|454|656,-0.2584644104384331,0.9269215071326317,1.0031191868596738,-0.25626885144599937,2.088499980303219,2.003413401250771,2.088713767023289,2.088499980303219,2.003413401250771,2.088713767023289,0.6628402789469943,0.5777536998945461,0.6630540656670642,2.088499980303219,6.830578917627059,0,0.41809750446364724,-0.32943444663429333,0.8682861096287959,0.5862011003750842,0.04217965501352677,-0.07377159392798849,0.6087121212021944,1.6366989497167812,1.6366989497167812,0.3057573897453429,0.2933006741318431,0.3057886882227704,0.2748026289872657,0.26360702648036466,0.2748307588188538,0.2748026289872657,0.26360702648036466,0.2748307588188538,1.830035569864786,2.088499980303219,2.088499980303219,0.2748026289872657,0.2748026289872657,7.6,ok,ok,0,,0
355,Nick Suzuki,C,f1,MON,26,1.2317,20.817,0.53,0.53,0.5441595441595442,ok,82.0,0,504912.0,129871.0,ok,0.334012,1206.0,237870.0,2.033804582372645,,,contract_type,7.918688576632313,10,160|591|243|64|60|607|39|229|251|35,1.1154359894824766,0.9269215071326317,1.0031191868596738,-0.25626885144599937,0.9183685928901686,0.6200257832042103,0.7238857309430413,0.9183685928901686,0.6200257832042103,0.7238857309430413,-0.06945382161955393,-0.36779663130551254,-0.2639366835666813,0.9183685928901686,11.251167222787599,0,0.3411889064127247,-0.46120822528801053,0.5585774574763089,0.3884154038696177,0.30131471571020385,0.23361004743862868,-0.1040075886935784,0.7272382392227587,0.7272382392227587,0.08162429503582054,0.05510768535627472,0.06433872296173114,0.11661823401779918,0.07873343278783623,0.09192199758006873,0.11661823401779918,0.07873343278783623,0.09192199758006873,2.033804582372645,0.9183685928901686,0.9183685928901686,0.11661823401779918,0.11661823401779918,7.875,ok,ok,0,,0
356,Alexandre Texier,L,f1,MON,26,0.4118,13.651,0.52,0.5,0.4965986394557823,ok,51.0,0,135033.0,121447.0,ok,0.066191,298.0,41280.0,0.8451165119900176,,,contract_type,2.835085948608822,10,580|29|454|656|711|547|14|707|650|88,-0.8331747646901728,0.9269215071326317,1.0031191868596738,-0.25626885144599937,1.6782912766801905,1.2081629403006944,1.3845635268997831,1.6782912766801905,1.2081629403006944,1.3845635268997831,0.020820041093348382,-0.4493082952861476,-0.272907708687059,1.6782912766801905,2.5735920939862402,0,0.17125038657138844,-0.06588688932685866,0.18852302560231105,0.11517812571977137,0.4022485376942694,0.12295265654664637,0.13271308453847383,1.5889960804571506,1.5889960804571506,0.6521201555607372,0.46944616558460484,0.537988724062029,1.6782912766801905,1.2081629403006944,1.3845635268997831,1.6782912766801905,1.2081629403006944,1.3845635268997831,0.8451165119900176,1.6782912766801905,1.6782912766801905,1.6782912766801905,1.6782912766801905,1.0,ok,ok,0,,0
357,Joe Veleno,C,f1,MON,26,0.082,12.083,0.48,0.46,0.5025125628140703,ok,61.0,0,90426.0,30907.0,ok,0.043788,231.0,20931.0,0.4837271036617866,,,contract_type,1.2735922603720116,10,266|222|95|92|178|627|84|31|717|179,-0.9848077287398507,0.9269215071326317,1.0031191868596738,-0.25626885144599937,1.4685348324016374,1.1777950274237086,1.3019737232883217,1.4685348324016374,1.1777950274237086,1.3019737232883217,0.4148417671736443,0.12410196219571584,0.24828065806032878,1.4685348324016374,1.765323874081853,0,0.28991608281636344,0.28550985374972077,-0.5331632532328942,-0.2951447639407876,-0.20038089372613863,-0.30179288425085965,-0.12350484799777961,1.6814076233880733,1.6814076233880733,0.8318784184377634,0.6671835376589359,0.737526831423769,1.6317053693351526,1.3086611415818983,1.4466374703203575,1.6317053693351526,1.3086611415818983,1.4466374703203575,0.4837271036617866,1.4685348324016374,1.4685348324016374,1.6317053693351526,1.6317053693351526,0.9,ok,ok,0,,0
358,Florian Xhekaj,L,f1,MON,21,0.2,9.6,,,,thin,5.0,1,30532.0,14245.0,ok,0.028513,113.0,17908.0,-0.017840138469353763,,,contract_type,0.775,10,736|441|753|88|489|94|207|344|711|454,-0.7360099657393568,0.9269215071326317,1.0031191868596738,-0.25626885144599937,0.7181698272700031,0.3441831170972546,0.6029022373703684,0.7181698272700031,0.3441831170972546,0.6029022373703684,-0.2695749176082669,-0.6435616277810157,-0.38484250750790167,0.7181698272700031,1.2239195710966386,1,0.27292609392827005,-0.3953213359611518,-0.20497402229383654,-0.49114695904000993,0.16673628639811683,0.27496685009522887,0.10441110978127621,0.9455092420570945,0.9455092420570945,0.5867786121162513,0.2812138356353471,0.4925995560559299,0.7626312278538846,0.36549125740390204,0.640227500658775,0.5867786121162513,0.2812138356353471,0.4925995560559299,-0.017840138469353763,0.7181698272700031,0.7181698272700031,0.5867786121162513,0.7626312278538846,0.9417,ok,ok,0,,0
359,Alexandre Carrier,D,d1,MON,29,0.3014,19.083,0.48,0.4899999999999999,0.3562231759656652,ok,73.0,0,38080.0,29684.0,ok,0.031568,323.0,25759.0,0.445386535466594,,,contract_type,3.7358573165904705,10,444|552|749|40|260|535|507|479|720|644,-0.4165975816329207,0.9269215071326317,1.0031191868596738,-0.25626885144599937,0.8619841170995147,0.7541281613417943,0.893749816219295,0.8619841170995147,0.7541281613417943,0.893749816219295,0.17457730447879583,0.06672134872107541,0.20634300359857605,0.8619841170995147,3.3883700695394743,0,0.07925918129947099,-0.0658868893268586,0.14848504254553702,0.09102748557682128,0.04120017541343546,-0.02652492560898989,-0.10243056932518368,0.8112066959194663,0.8112066959194663,0.25439491537495196,0.22256369459794295,0.2637698356073508,0.22986243122653727,0.20110084302447848,0.23833328432514533,0.22986243122653727,0.20110084302447848,0.23833328432514533,0.445386535466594,0.8619841170995147,0.8619841170995147,0.22986243122653727,0.22986243122653727,3.75,ok,ok,0,,0
360,Noah Dobson,D,d1,MON,26,0.5875,22.483,0.47,0.46,0.5040650406504065,ok,80.0,0,136356.0,49475.0,ok,0.115071,717.0,55331.0,1.1514791018464958,,,contract_type,5.7172687127952075,10,572|718|215|67|578|692|744|425|263|45,0.35457438648028977,0.9269215071326317,1.0031191868596738,-0.25626885144599937,0.7969047153662061,0.26886754618297565,0.45466495163095405,0.7969047153662061,0.26886754618297565,0.45466495163095405,-0.011045510102264428,-0.5390826792854949,-0.35328527383751646,0.7969047153662061,6.083072508334364,0,0.2503930984301814,-0.43924592884572433,0.08717740850339667,-0.006767427957352856,-0.4268625139227883,-0.4459828178373813,0.096322493514445,0.7843429641421843,0.7843429641421843,0.1310036522290954,0.04419929991210898,0.07474264872036648,0.08388470688065328,0.02830184696662902,0.047859468592732005,0.08388470688065328,0.02830184696662902,0.047859468592732005,1.1514791018464958,0.7969047153662061,0.7969047153662061,0.08388470688065328,0.08388470688065328,9.5,ok,ok,0,,0
361,Adam Engstrom,D,d1,MON,22,0.0667,13.05,0.51,0.47,0.6904761904761905,ok,15.0,1,8923.0,2753.0,ok,,137.0,8188.0,-0.424534114294926,trends_12mo,trends_12mo=fetch_failed,contract_type,0.775,10,366|195|367|147|598|597|616|288|123|618,-0.20604810542826887,0.9269215071326317,1.0031191868596738,-0.25626885144599937,-0.21848600886665712,-0.7032200138130916,-0.49039624743514665,-0.21848600886665712,-0.7032200138130916,-0.49039624743514665,-0.888324596734078,-1.3730586016805124,-1.1602348353025673,-0.21848600886665712,1.1156000921570577,1,0.4176015086292539,-0.43924592884572433,-0.36616517955972083,-0.37533004501480965,0.351533834995238,-0.10618638519937718,0.8671476781606531,0.016038650289965845,0.016038650289965845,-0.19584617319653105,-0.6303513407330287,-0.4395806802838692,-0.24365563607299778,-0.7842310848813334,-0.5468899826420727,-0.19584617319653105,-0.6303513407330287,-0.4395806802838692,-0.424534114294926,-0.21848600886665712,-0.21848600886665712,-0.19584617319653105,-0.24365563607299778,0.8967,ok,ok,0,,0
362,Kaiden Guhle,D,d1,MON,24,0.2821,19.467,0.45,0.4600000000000001,0.3134328358208955,ok,39.0,0,41280.0,11815.0,ok,0.053971,310.0,29479.0,0.42932890369926424,,,contract_type,3.9123021593292666,10,554|745|450|444|449|359|213|750|259|557,-0.18327625455855423,0.9269215071326317,1.0031191868596738,-0.25626885144599937,0.6126051582578185,0.6547317524795218,0.7281841085811496,0.6126051582578185,0.6547317524795218,0.7281841085811496,-0.08480147599506949,-0.0426748817733661,0.030777474328261663,0.6126051582578185,3.6699312018545722,0,0.30166217285225977,-0.3074721501920069,0.09105641862475988,0.2955942610006853,-0.401752954280271,-0.27608460151837744,-0.43801265149745805,0.534469655559324,0.534469655559324,0.16692551564679006,0.1784043668580648,0.1984190080220488,0.11037930779420153,0.11796968513144537,0.13120434388849544,0.11037930779420153,0.11796968513144537,0.13120434388849544,0.42932890369926424,0.6126051582578185,0.6126051582578185,0.11037930779420153,0.11037930779420153,5.55,ok,ok,0,,0
363,Lane Hutson,D,d1,MON,21,0.9512,23.767,0.53,0.54,0.6282051282051282,ok,82.0,0,302991.0,65664.0,ok,0.357434,988.0,199833.0,1.835126198745664,,,contract_type,6.700025534154379,10,169|744|257|427|68|194|446|334|216|307,1.0289840876471705,0.9269215071326317,1.0031191868596738,-0.25626885144599937,0.8061421110984934,0.7292630198408812,0.8042723095763623,0.8061421110984934,0.7292630198408812,0.8042723095763623,0.03186944572281292,-0.04500964553479876,0.02999964420068194,0.8061421110984934,7.088395757426513,1,0.3315600193331017,-0.9224164505760211,0.16489136990036402,-0.18267061073076074,-0.025109559642516932,-0.0849491081595013,0.609323016989446,0.8737755112909713,0.8737755112909713,0.11372701788749567,0.10288125053921153,0.11346323443266076,0.848570643261572,0.7676452840430329,0.846602431133013,0.11372701788749567,0.10288125053921153,0.11346323443266076,1.835126198745664,0.8061421110984934,0.8061421110984934,0.11372701788749567,0.848570643261572,0.95,ok,ok,0,,0
364,Mike Matheson,D,d1,MON,31,0.4744,24.167,0.46,0.45,0.3509749303621169,ok,78.0,0,61826.0,32506.0,ok,0.071283,485.0,45681.0,0.7869820400298401,,,contract_type,6.464948495190035,10,575|696|641|383|47|644|285|425|554|237,0.07470525999565408,0.9269215071326317,1.0031191868596738,-0.25626885144599937,0.712276780034186,0.48748484600717384,0.5632030746465481,0.712276780034186,0.48748484600717384,0.5632030746465481,0.06065773626741239,-0.16413419775959984,-0.08841596912022552,0.712276780034186,8.698453326220383,0,0.2997956500212491,0.0439245928845724,0.446621199835583,0.6543428589170373,-0.10043823857006706,-0.23361004743862857,-0.3198369624816063,0.3895653669834679,0.3895653669834679,0.08188545173739314,0.0560427041135822,0.0647474963105043,0.14610805744290994,0.09999689148865104,0.11552883582493295,0.14610805744290994,0.09999689148865104,0.11552883582493295,0.7869820400298401,0.712276780034186,0.712276780034186,0.14610805744290994,0.14610805744290994,4.875,ok,ok,0,,0
365,David Reinbacher,D,d1,MON,21,0.5,13.15,,,,thin,2.0,1,41540.0,18745.0,ok,0.039715,286.0,25297.0,0.3993284456136621,,,contract_type,0.9183456884072199,10,478|477|746|41|600|667|445|535|165|71,-0.8241975102534485,0.9269215071326317,1.0031191868596738,-0.25626885144599937,1.2235259558671105,1.2870354243897044,1.37633027322889,1.2235259558671105,1.2870354243897044,1.37633027322889,-0.01564574672825403,0.04786372179433991,0.13715857063352585,1.2235259558671105,1.0136242240929318,1,0.2910207657152258,-0.592982003941728,0.60128000855373,-0.3204664316483734,0.11140445441394306,0.04238787131632271,0.077603824417258,1.2287595348566014,1.2287595348566014,1.2070804217036297,1.2697362531380323,1.3578308810254958,1.3798646169697875,1.4514891444566418,1.5521938347004511,1.2070804217036297,1.2697362531380323,1.3578308810254958,0.3993284456136621,1.2235259558671105,1.2235259558671105,1.2070804217036297,1.3798646169697875,0.8867,ok,ok,0,,0
366,Jayden Struble,D,d1,MON,24,0.2034,14.017,0.5,0.4799999999999999,0.6277372262773723,ok,59.0,0,40018.0,11806.0,ok,0.016293,281.0,21454.0,0.3040527377350075,,,contract_type,1.084655494886422,10,195|597|616|361|367|598|693|147|618|288,-0.4000602645547562,0.9269215071326317,1.0031191868596738,-0.25626885144599937,0.7041130022897637,0.5733532571450997,0.6561720815631105,0.7041130022897637,0.5733532571450997,0.6561720815631105,0.09487002172678305,-0.03588972341788097,0.04692910100012985,0.7041130022897637,1.29835060982727,0,0.19229424007833754,1.1102230246251565e-16,0.208195836341445,0.012236308852778044,0.3013147157102037,0.25484732447850267,0.3771712550870956,0.6311906421299518,0.6311906421299518,0.5423134528996274,0.44160125377949916,0.5053889732068646,0.4984870812670893,0.40591381036821217,0.46454660641636136,0.4984870812670893,0.40591381036821217,0.46454660641636136,0.3040527377350075,0.7041130022897637,0.7041130022897637,0.4984870812670893,0.4984870812670893,1.4125,ok,ok,0,,0
367,Arber Xhekaj,D,d1,MON,25,0.0615,11.417,0.47,0.43,0.5871559633027523,ok,65.0,0,276617.0,83818.0,ok,0.211813,177.0,24410.0,0.8787920533682427,,,contract_type,0.775,10,195|147|366|597|288|448|361|282|44|399,-0.44146679230615105,0.9269215071326317,1.0031191868596738,-0.25626885144599937,1.3202588456743938,1.3770828369077255,1.47966184193885,1.3202588456743938,1.3770828369077255,1.47966184193885,0.9524505491975522,1.009274540430884,1.1118535454620084,1.3202588456743938,0.8131486931634591,0,0.34496538328705856,0.109811482211431,-0.35325743898346074,-0.7720861165514233,-0.2510955964251701,-0.4247455407975065,0.15879612475336002,1.6237777139678884,1.6237777139678884,1.6236376652566242,1.693519092492601,1.8196694582172916,1.0155837274418413,1.0592944899290195,1.1382014168760384,1.0155837274418413,1.0592944899290195,1.1382014168760384,0.8787920533682427,1.3202588456743938,1.3202588456743938,1.0155837274418413,1.0155837274418413,1.3,ok,ok,0,,0
369,Luke Evangelista,R,f1,NAS,23,0.6914,16.617,0.57,0.55,0.5476190476190477,ok,81.0,0,51163.0,3776.0,ok,0.005092,345.0,11928.0,0.23782002777888386,,,contract_type,4.760729139621606,10,278|700|738|391|386|3|356|113|580|48,0.3664877289669054,-0.21986549563646873,-0.5369594590269496,-0.628310668797745,-0.12866770118802154,-0.0961045417444891,0.007497005929989498,-0.12866770118802154,-0.0961045417444891,0.007497005929989498,0.12022538441255598,0.15278854385608837,0.25639009153056685,-0.12866770118802154,4.638285474556329,0,0.2500024449912152,-0.24158526086514853,0.1190120432925158,0.06118154426389141,0.45197207356530367,0.48845737191713323,-0.13780637604329887,-0.11186733318119005,-0.11186733318119005,-0.027740358348755826,-0.020719841905307023,0.0016163312868763468,-0.04288923372934051,-0.03203484724816304,0.0024990019766631664,-0.04288923372934051,-0.03203484724816304,0.0024990019766631664,0.23782002777888386,-0.12866770118802154,-0.12866770118802154,-0.04288923372934051,-0.04288923372934051,3.0,ok,ok,0,,0
370,Filip Forsberg,L,f1,NAS,31,0.9146,18.883,0.52,0.4799999999999999,0.574468085106383,ok,82.0,0,102817.0,79973.0,ok,0.114053,480.0,26157.0,0.9095150057252772,,,contract_type,6.260538160328382,10,294|301|65|387|525|386|524|12|738|742,0.559810701402556,-0.21986549563646873,-0.5369594590269496,-0.628310668797745,0.34970430432272126,0.42414905334604125,0.5062914563422419,0.34970430432272126,0.42414905334604125,0.5062914563422419,0.7035624882833902,0.7780072373067101,0.8601496403029107,0.34970430432272126,7.299621950584476,0,0.2431684960656785,0.21962296442286222,0.23768968916077582,-0.03948082509437245,-0.125547798212585,-0.6371183111962617,-0.19955138830721408,0.22381062064421306,0.22381062064421306,0.0479071802197538,0.05810561919745445,0.0693585859335775,0.041141682861496616,0.04989988862894603,0.05956370074614611,0.041141682861496616,0.04989988862894603,0.05956370074614611,0.9095150057252772,0.34970430432272126,0.34970430432272126,0.041141682861496616,0.041141682861496616,8.5,ok,ok,0,,0
371,Erik Haula,L,f1,NAS,34,0.4691,16.667,0.49,0.47,0.5277777777777778,ok,81.0,0,49793.0,36003.0,ok,0.013238,395.0,16321.0,0.48250919209916004,,,contract_type,4.115237934308625,10,387|682|755|581|561|414|417|289|567|440,0.22470702021141867,-0.21986549563646873,-0.5369594590269496,-0.628310668797745,0.25780217188774135,0.08309020066255439,0.19071797029411666,0.25780217188774135,0.08309020066255439,0.19071797029411666,0.7560964333048206,0.5813844620796338,0.6890122317111961,0.25780217188774135,4.316677776523692,0,0.11816885613527277,0.21962296442286222,0.0504271315777224,0.19850289606272326,-8.326672684688674e-17,-0.14866093927912782,-0.0917992054692009,0.17303292765730383,0.17303292765730383,0.05972235715387463,0.01924864559371133,0.044181655469245074,0.0818419593294417,0.026377841480176,0.06054538739495767,0.0818419593294417,0.026377841480176,0.06054538739495767,0.48250919209916004,0.25780217188774135,0.25780217188774135,0.0818419593294417,0.0818419593294417,3.15,ok,ok,0,,0
372,Tyson Jost,C,f1,NAS,27,0.2319,12.417,0.49,0.45,0.4472049689440994,ok,69.0,0,25675.0,4885.0,ok,0.002037,198.0,3770.0,-0.19471610830532013,,,contract_type,1.8440709247313198,10,30|390|241|131|687|95|346|222|654|10,-0.06915126080795027,-0.21986549563646873,-0.5369594590269496,-0.628310668797745,-0.12556484749736985,-0.2737927014285428,-0.20019000781584156,-0.12556484749736985,-0.2737927014285428,-0.20019000781584156,0.17964966531320156,0.03142181138202863,0.10502450499472989,-0.12556484749736985,1.9686113689741707,0,0.16556262677204917,0.1317737786537173,-0.3119259173454865,-0.2417295299895782,0.07532867892755105,-0.19113549335887725,0.0414823623570848,0.005240895754145797,0.005240895754145797,-0.06378346151825832,-0.139079102022668,-0.10169097414090376,-0.16201915806112238,-0.35328090506908744,-0.2583096875043117,-0.16201915806112238,-0.35328090506908744,-0.2583096875043117,-0.19471610830532013,-0.12556484749736985,-0.12556484749736985,-0.16201915806112238,-0.16201915806112238,0.775,ok,ok,0,,0
373,Jonathan Marchessault,C,f1,NAS,35,0.5,16.7,0.46,0.43,0.5919282511210763,ok,62.0,0,70772.0,18887.0,ok,0.07332,252.0,6964.0,0.3206031420175971,,,contract_type,4.219652358487516,10,764|418|625|416|33|222|141|419|154|758,0.31414303398083615,-0.21986549563646873,-0.5369594590269496,-0.628310668797745,0.006460108036760948,0.1793351630956393,0.24889109323167283,0.006460108036760948,0.1793351630956393,0.24889109323167283,0.6222493018892796,0.795124356948158,0.8646802870841915,0.006460108036760948,4.388781883818478,0,0.36374642750728414,0.46120822528801053,0.08537166241241723,0.10827884731764562,-0.5021911928503383,-0.7220674193557612,0.30336121781953185,-0.17948937532154977,-0.17948937532154977,0.001471959237842165,0.040862172658170014,0.0567107456739509,0.0011745650975928995,0.032606393290116234,0.04525292604212233,0.0011745650975928995,0.032606393290116234,0.04525292604212233,0.3206031420175971,0.006460108036760948,0.006460108036760948,0.0011745650975928995,0.0011745650975928995,5.5,ok,ok,0,,0
374,Ryan O'Reilly,C,f1,NAS,34,0.9136,20.4,0.52,0.52,0.490625,ok,81.0,0,114523.0,24797.0,ok,0.0,431.0,17941.0,0.6251271525767652,,,contract_type,6.81537679892066,10,276|315|177|4|607|224|443|375|706|436,0.6503318262880197,-0.21986549563646873,-0.5369594590269496,-0.628310668797745,-0.025204673711254455,-0.16856723419478722,-0.09877556067206462,-0.025204673711254455,-0.16856723419478722,-0.09877556067206462,0.485748925473829,0.34238636499029607,0.4121780385130188,-0.025204673711254455,9.367194767937452,0,0.32370774340532177,0.48317052173029673,0.5023318107165413,0.43786008045839475,0.35153383499523805,0.06371183111962597,-0.10363838141183362,-0.355708822179451,-0.355708822179451,-0.002690738725485499,-0.0179954872692269,-0.010544838995998998,-0.00560103860250099,-0.037459385376619386,-0.02195012459379214,-0.00560103860250099,-0.037459385376619386,-0.02195012459379214,0.6251271525767652,-0.025204673711254455,-0.025204673711254455,-0.00560103860250099,-0.00560103860250099,4.5,ok,ok,0,,0
375,Steven Stamkos,C,f1,NAS,35,0.8049,17.833,0.5,0.53,0.5451895043731778,ok,82.0,0,184745.0,98188.0,ok,0.259674,577.0,28266.0,1.2507332032394167,,,contract_type,5.54682823314632,10,636|550|443|252|224|374|205|436|33|173,0.6182255298200231,-0.21986549563646873,-0.5369594590269496,-0.628310668797745,0.6325076734193936,0.6122513169517672,0.6953361543573671,0.6325076734193936,0.6122513169517672,0.6953361543573671,1.1478446763717827,1.127588319904156,1.210673157309756,0.6325076734193936,5.9028360256640235,0,0.2590462023703158,0.614944300384014,0.11754069462579153,-0.13035414737041323,0.22598603678265347,0.297321878558255,0.16813015650076754,0.5110225246237978,0.5110225246237978,0.10715318376953244,0.10372155253675602,0.11779696256752231,0.0790634591774242,0.0765314146189709,0.08691701929467088,0.0790634591774242,0.0765314146189709,0.08691701929467088,1.2507332032394167,0.6325076734193936,0.6325076734193936,0.0790634591774242,0.0790634591774242,8.0,ok,ok,0,,1
376,Fedor Svechkov,C,f1,NAS,22,0.2429,12.083,0.5,0.49,0.6428571428571429,ok,70.0,0,9443.0,10124.0,ok,0.0,262.0,5517.0,-0.1848299825651324,,,contract_type,1.754104223728149,10,256|178|61|84|266|31|138|610|343|487,-0.7298291750997669,-0.21986549563646873,-0.5369594590269496,-0.628310668797745,0.5449991925346345,0.5010011062216688,0.6184052435477264,0.5449991925346345,0.5010011062216688,0.6184052435477264,0.7243227171202088,0.6803246308072431,0.7977287681333006,0.5449991925346345,1.8706825902595074,1,0.17273817005929795,-0.17569837153828982,-0.10804380777693678,-0.040005238330919846,0.025605143056514554,-0.0894201138521072,0.5976563458010196,0.5569779604228084,0.5569779604228084,0.2913370741634102,0.2678172709952725,0.3305773233619174,0.5891883162536589,0.5416228175369393,0.6685462092407853,0.2913370741634102,0.2678172709952725,0.3305773233619174,-0.1848299825651324,0.5449991925346345,0.5449991925346345,0.2913370741634102,0.5891883162536589,0.925,ok,ok,0,,0
377,Ozzy Wiesblatt,C,f1,NAS,23,0.125,10.183,0.48,0.4600000000000001,0.3195876288659793,ok,40.0,0,55224.0,2933.0,ok,0.005092,223.0,10916.0,0.08814093246500995,,,contract_type,0.775,10,584|687|432|15|30|241|439|390|752|372,-0.20080872898954868,-0.21986549563646873,-0.5369594590269496,-0.628310668797745,0.28894966145455864,-0.14630358853123987,0.07543343784426088,0.28894966145455864,-0.14630358853123987,0.07543343784426088,0.8739954758242123,0.4387422258384138,0.6604792522139146,0.28894966145455864,1.311300820789783,0,0.30013555871495995,-0.37335903951886573,-0.27547659810164216,-0.3232633022432947,-0.15065735785510193,-0.12742366223925028,-0.5506333923316047,0.5591406228955031,0.5591406228955031,0.22035345122450792,-0.1115713390945052,0.05752565440996834,0.3556303525594568,-0.18006595511537216,0.09284115426985953,0.3556303525594568,-0.18006595511537216,0.09284115426985953,0.08814093246500995,0.28894966145455864,0.28894966145455864,0.3556303525594568,0.3556303525594568,0.8125,ok,ok,0,,0
378,Matthew Wood,R,f1,NAS,20,0.4225,12.317,0.49,0.47,0.7247191011235955,ok,71.0,0,20729.0,1632.0,ok,0.008147,296.0,6178.0,-0.10985874478712339,,,contract_type,2.3765074143351637,10,482|563|513|489|388|681|37|762|495|583,0.14705356637558906,-0.21986549563646873,-0.5369594590269496,-0.628310668797745,-0.25691231116271246,-0.6701855984144351,-0.5569654992468863,-0.25691231116271246,-0.6701855984144351,-0.5569654992468863,0.15830469694658106,-0.2549685903051415,-0.14174849113759283,-0.25691231116271246,2.0741147979898815,1,0.3920130815280234,-0.6588688932685867,0.150244762717975,-0.09461913110852382,0.5273007524928567,0.12742366223925183,0.7936212873409463,-0.26941084433126566,-0.26941084433126566,-0.12386600366175382,-0.32311885487917175,-0.26853166458610045,-0.27043401175022364,-0.7054585246467738,-0.5862794728914594,-0.12386600366175382,-0.32311885487917175,-0.26853166458610045,-0.10985874478712339,-0.25691231116271246,-0.25691231116271246,-0.12386600366175382,-0.27043401175022364,0.95,ok,ok,0,,0
379,Justin Barron,D,d1,NAS,24,0.1731,14.25,0.51,0.5,0.4791666666666667,ok,52.0,0,21621.0,3764.0,ok,0.011202,150.0,3568.0,-0.3233089612565879,,,contract_type,1.1746672642985458,10,600|667|470|262|105|477|769|336|621|340,-1.1082648437233746,-0.21986549563646873,-0.5369594590269496,-0.628310668797745,0.7849558824667867,1.1603330479353497,1.2781684684016947,0.7849558824667867,1.1603330479353497,1.2781684684016947,0.5273772761774803,0.902754441646043,1.0205898621123883,0.7849558824667867,1.3695422048234291,0,0.09224244252564683,-0.06588688932685882,0.09597206076131526,-0.014658598564450676,0.2632916682515344,0.09041012225546946,0.023235315994252298,0.7910489225842007,0.7910489225842007,0.5731520209470206,0.8472415408950086,0.9332815475858117,0.6825703325798146,1.0089852590742172,1.1114508420884304,0.6825703325798146,1.0089852590742172,1.1114508420884304,-0.3233089612565879,0.7849558824667867,0.7849558824667867,0.6825703325798146,0.6825703325798146,1.15,ok,ok,0,,0
380,Nicolas Hague,D,d1,NAS,27,0.2419,19.633,0.5,0.49,0.465,ok,62.0,0,29750.0,2690.0,ok,0.005092,282.0,10508.0,0.04077219282808739,,,contract_type,3.959359299156522,10,406|382|669|536|283|104|720|284|503|673,-0.7375719218325175,-0.21986549563646873,-0.5369594590269496,-0.628310668797745,0.7783441146606049,0.365099878721965,0.48935913392047226,0.7783441146606049,0.365099878721965,0.48935913392047226,0.5834987145613881,0.17025447862274826,0.2945137338212555,0.7783441146606049,3.831122646583865,0,0.05417088993715785,-0.04392459288457244,-0.16791748149905056,-0.032496296876027175,-0.036075775486392264,8.668276342775616e-05,0.044524510113476856,0.8352422936800342,0.8352422936800342,0.20316345532676663,0.09529840529838354,0.12773256798678162,0.14151711175647363,0.06638179613126637,0.08897438798554042,0.14151711175647363,0.06638179613126637,0.08897438798554042,0.04077219282808739,0.7783441146606049,0.7783441146606049,0.14151711175647363,0.14151711175647363,5.5,ok,ok,0,,0
381,Roman Josi,D,d1,NAS,35,0.8088,24.883,0.5,0.49,0.5382165605095541,ok,68.0,0,69692.0,53525.0,ok,0.117108,415.0,12962.0,0.6778233192446446,,,contract_type,7.1336568487974885,10,237|640|555|530|16|578|572|285|595|771,0.39193333635425265,-0.21986549563646873,-0.5369594590269496,-0.628310668797745,0.2858899828903919,0.35449553297076775,0.42609352610600415,0.2858899828903919,0.35449553297076775,0.42609352610600415,0.32166749465414113,0.3902730447345169,0.4618710378697533,0.2858899828903919,9.146909138801432,0,0.3774020943351308,0.5270951146148692,0.7119989957247105,0.6306943191546264,0.10043823857006808,0.06371183111962593,0.2304740668268842,-0.19888077993967462,-0.19888077993967462,0.03125536490546725,0.038755772861784346,0.04658333428704393,0.03155866904629561,0.03913186146051085,0.04703538206270054,0.03155866904629561,0.03913186146051085,0.04703538206270054,0.6778233192446446,0.2858899828903919,0.2858899828903919,0.03155866904629561,0.03155866904629561,9.059,ok,ok,0,,0
382,Nick Perbix,D,d1,NAS,27,0.1646,19.117,0.48,0.4600000000000001,0.4736842105263157,ok,79.0,0,14759.0,1500.0,ok,0.001018,223.0,5362.0,-0.2900234295566122,,,contract_type,3.6275767063401285,10,380|104|576|406|100|18|669|772|168|283,-0.16346321398811856,-0.21986549563646873,-0.5369594590269496,-0.628310668797745,-0.12656021556849364,-0.21394550507356638,-0.13223127939624726,-0.12656021556849364,-0.21394550507356638,-0.13223127939624726,-0.4259699970884204,-0.513355286593493,-0.43164106091617394,-0.12656021556849364,3.537312684698418,0,0.1870836954005908,-0.13177377865371728,-0.21507183710499167,-0.15389846794980833,-0.26011454029676806,-0.2388976960077389,0.12274585239052063,-0.031478306981183854,-0.031478306981183854,-0.03577863390928468,-0.06048249734863539,-0.037381846385322014,-0.04602189657036133,-0.07779836548129687,-0.048084101598635375,-0.04602189657036133,-0.07779836548129687,-0.048084101598635375,-0.2900234295566122,-0.12656021556849364,-0.12656021556849364,-0.04602189657036133,-0.04602189657036133,2.75,ok,ok,0,,0
383,Brady Skjei,D,d1,NAS,31,0.3171,22.617,0.48,0.49,0.3778409090909091,ok,82.0,0,42438.0,7251.0,ok,0.011202,320.0,8333.0,0.18624493428734962,,,contract_type,5.537011404587966,10,507|749|191|554|696|425|644|359|641|508,-0.025441770757854792,-0.21986549563646873,-0.5369594590269496,-0.628310668797745,0.2116867050452044,0.1474824300137286,0.2477627187153218,0.2116867050452044,0.1474824300137286,0.2477627187153218,0.6470495883370018,0.582845313305526,0.6831256020071191,0.2116867050452044,6.709550177405774,0,0.17902435956347248,0.26354755730743457,0.029928569470862976,0.2787630933133949,0.2762051560676865,0.16989821631900265,0.055803564902453306,0.09958002140227498,0.09958002140227498,0.031550059161648956,0.021980971319116388,0.03692687470311437,0.030240957863600627,0.0210689185733898,0.03539467410218883,0.030240957863600627,0.0210689185733898,0.03539467410218883,0.18624493428734962,0.2116867050452044,0.2116867050452044,0.030240957863600627,0.030240957863600627,7.0,ok,ok,0,,0
384,Adam Wilsby,D,d1,NAS,25,0.2759,17.017,0.51,0.48,0.398989898989899,ok,58.0,0,4931.0,2475.0,ok,0.0,187.0,2433.0,-0.6092365575953446,,,contract_type,2.6679206422641015,10,403|42|449|536|262|379|75|406|666|98,-0.38437280288241615,-0.21986549563646873,-0.5369594590269496,-0.628310668797745,-0.2248637547129284,-0.4876759062109176,-0.39097938767379586,-0.2248637547129284,-0.4876759062109176,-0.39097938767379586,-0.14486836210609225,-0.4076805136040814,-0.3109839950669596,-0.2248637547129284,2.282563711398368,0,0.15619123604257426,-0.19766066798057597,0.005049401106257234,-0.1098021429095224,0.15065735785510204,-0.16989821631900298,-0.30407963008498495,-0.12416642628687921,-0.12416642628687921,-0.09851368160723542,-0.21365270278136178,-0.17128958360346053,-0.2767553904159119,-0.6002164999518986,-0.4812054002139026,-0.2767553904159119,-0.6002164999518986,-0.4812054002139026,-0.6092365575953446,-0.2248637547129284,-0.2248637547129284,-0.2767553904159119,-0.2767553904159119,0.8125,ok,ok,0,,0
385,Nick Bjugstad,C,f1,NJ,33,0.1475,10.937,0.45,0.47,0.4368421052631579,ok,61.0,0,36563.0,4675.0,ok,0.004073,89.0,3210.0,-0.3990038719994818,,,contract_type,1.0477991069818122,10,316|247|541|457|408|429|245|416|550|198,-0.1381507209422973,0.6363857568988683,1.3495628464544123,2.554179969288713,-0.2608531510571845,-0.44765877010456934,-0.3644364117679079,-0.2608531510571845,-0.44765877010456934,-0.3644364117679079,-1.0590693663378994,-1.2458749853852842,-1.1626526270486228,-0.2608531510571845,1.4966971745797382,0,0.2309785200094534,0.0,-0.457288477669332,-0.39443367006047414,-0.3515338349952367,-0.12742366223925217,0.0551914750924255,-0.02766537507230596,-0.02766537507230596,-0.1742858578793203,-0.29909775852304177,-0.2434937527494425,-0.1490589434612483,-0.25580501148832535,-0.20824937815309025,-0.1490589434612483,-0.25580501148832535,-0.20824937815309025,-0.3990038719994818,-0.2608531510571845,-0.2608531510571845,-0.1490589434612483,-0.1490589434612483,1.75,ok,ok,0,,0
386,Jesper Bratt,L,f1,NJ,27,0.8659,18.767,0.56,0.55,0.6420454545454546,ok,82.0,0,29830.0,18332.0,ok,0.053971,348.0,16481.0,0.35955824438949513,,,contract_type,6.072445372882684,10,700|710|653|12|650|291|65|435|658|369,0.5559768331775132,0.6363857568988683,1.3495628464544123,2.554179969288713,-0.1964185887880181,-0.10808030628714645,-0.04091197386602572,-0.1964185887880181,-0.10808030628714645,-0.04091197386602572,-1.5650784759888712,-1.4767401934879998,-1.409571861066879,-0.1964185887880181,7.036980746652234,0,0.260569565071254,0.10981148221143106,0.27775050058657946,0.19403289752262598,0.47708163320782293,0.19113549335887836,0.3136053835401861,-0.37621616020158344,-0.37621616020158344,-0.027912338524083938,-0.015358903225444302,-0.005813853318483093,-0.024942043020700713,-0.013724483338050342,-0.005195171284574695,-0.024942043020700713,-0.013724483338050342,-0.005195171284574695,0.35955824438949513,-0.1964185887880181,-0.1964185887880181,-0.024942043020700713,-0.024942043020700713,7.875,ok,ok,0,,0
387,Connor Brown,R,f1,NJ,32,0.5733,17.55,0.51,0.48,0.5502008032128514,ok,75.0,0,65546.0,6455.0,ok,0.066191,301.0,21052.0,0.42879583512652364,,,contract_type,4.7511140970865675,10,371|581|755|582|650|414|612|524|548|682,0.22513728946925765,0.6363857568988683,1.3495628464544123,2.554179969288713,0.203658545657266,0.08356337057594798,0.17637098111464422,0.203658545657266,0.08356337057594798,0.17637098111464422,-0.8239965526904717,-0.9440917277717896,-0.8512841172330934,0.203658545657266,5.183083315299072,0,0.14059717838575417,0.109811482211431,0.28193046838977254,0.24727332706165334,0.10043823857006795,-0.06371183111962636,-0.040417722961973934,0.03644580693880187,0.03644580693880187,0.03929293304163577,0.016122328253781164,0.03402819719182294,0.06788618188575533,0.02785445685864933,0.05879032703821474,0.06788618188575533,0.02785445685864933,0.05879032703821474,0.42879583512652364,0.203658545657266,0.203658545657266,0.06788618188575533,0.06788618188575533,3.0,ok,ok,0,,0
388,Paul Cotter,L,f1,NJ,26,0.1899,10.683,0.44,0.41,0.6009389671361502,ok,79.0,0,15000.0,1575.0,ok,0.007128,187.0,5530.0,-0.3257130402437325,,,contract_type,1.0810226786953594,10,409|420|275|140|482|136|37|685|398|681,-0.16402689539989218,0.6363857568988683,1.3495628464544123,2.554179969288713,-0.1616861448438403,0.12761811677713167,0.23334444099383303,-0.1616861448438403,0.12761811677713167,0.23334444099383303,-0.19410143276554204,0.09520282885542967,0.20092915307213138,-0.1616861448438403,1.4574952872910407,0,0.32029356988146723,0.17569837153828965,-0.29072512064769085,-0.3150225228118315,-0.4017529542802707,-0.5096946489570082,0.22886780105371252,-0.06752830878892971,-0.06752830878892971,-0.11093424881280863,0.08755988296492391,0.16009961955179722,-0.20862728366947136,0.1646685377769441,0.30108960128236517,-0.20862728366947136,0.1646685377769441,0.30108960128236517,-0.3257130402437325,-0.1616861448438403,-0.1616861448438403,-0.20862728366947136,-0.20862728366947136,0.775,ok,ok,0,,0
389,Evgenii Dadonov,L,f1,NJ,36,0.0417,10.65,0.42,0.34,0.6212121212121212,ok,24.0,0,41163.0,45491.0,ok,0.013238,134.0,10641.0,0.07666500218799005,,,contract_type,0.775,10,409|274|760|662|388|397|130|13|755|682,0.03954758528843916,0.6363857568988683,1.3495628464544123,2.554179969288713,0.03711741689955089,-0.0007120851751094836,0.10072899475543716,0.03711741689955089,-0.0007120851751094836,0.10072899475543716,-0.75348645518745,-0.7913159572621106,-0.6898748773315639,0.03711741689955089,1.3742289406639343,0,0.9820023742719574,0.922416450576021,-0.7676761668632434,-0.637636551524162,-1.205258862840814,-1.8476431024691538,0.5113831113583502,0.1692502122738527,0.1692502122738527,0.027009631220266887,-0.0005181707021578604,0.07329855439281589,0.03711741689955089,-0.0007120851751094836,0.10072899475543716,0.03711741689955089,-0.0007120851751094836,0.10072899475543716,0.07666500218799005,0.03711741689955089,0.03711741689955089,0.03711741689955089,0.03711741689955089,1.0,ok,ok,0,,0
390,Cody Glass,C,f1,NJ,26,0.3714,13.617,0.52,0.49,0.4601226993865031,ok,70.0,0,38831.0,5456.0,ok,0.01222,651.0,41884.0,0.5886542487292824,,,contract_type,2.7019329965103065,10,372|95|35|30|10|654|655|254|687|15,-0.3403565508307743,0.6363857568988683,1.3495628464544123,2.554179969288713,0.9290107995600567,0.9113282783090354,1.054011632423618,0.9290107995600567,0.9113282783090354,1.054011632423618,-0.09476735808952856,-0.1124498793405499,0.030233474774032803,0.9290107995600567,2.5222457622257264,0,0.1873944369182324,-0.08784918576914486,0.07584133582113672,0.0016981000040593441,0.45197207356530567,0.27608460151837955,0.23092132483136818,0.9031137405607657,0.9031137405607657,0.3683268353438572,0.3613162095294173,0.4178861743803735,0.3716043198240227,0.36453131132361416,0.42160465296944716,0.3716043198240227,0.36453131132361416,0.42160465296944716,0.5886542487292824,0.9290107995600567,0.9290107995600567,0.3716043198240227,0.3716043198240227,2.5,ok,ok,0,,0
391,Arseny Gritsyuk,R,f1,NJ,24,0.4697,15.167,0.58,0.53,0.473469387755102,ok,66.0,0,29680.0,32448.0,ok,0.008147,291.0,20985.0,0.3187759678411641,,,contract_type,3.565455905729952,10,278|369|738|648|113|548|356|119|580|297,0.23489951369214562,0.6363857568988683,1.3495628464544123,2.554179969288713,0.08387645414901845,-0.3308496205728631,-0.2162290654337715,0.08387645414901845,-0.3308496205728631,-0.2162290654337715,-0.8326150225104771,-1.247341097232359,-1.1327205420932673,0.08387645414901845,3.3728215493281044,1,0.3670704809093279,-0.3074721501920069,-0.3952911952123711,-0.23209031526065502,0.5273007524928555,0.10618638519937662,-0.6340820870987025,0.3958370669129328,0.3958370669129328,0.024868334396679653,-0.09809283288016564,-0.06410925163735574,0.0906772477286686,-0.35767526548417633,-0.23376115182029353,0.024868334396679653,-0.09809283288016564,-0.06410925163735574,0.3187759678411641,0.08387645414901845,0.08387645414901845,0.024868334396679653,0.0906772477286686,0.925,ok,ok,0,,0
392,Nico Hischier,C,f1,NJ,27,0.8049,20.717,0.54,0.55,0.4628450106157112,ok,82.0,0,108073.0,54271.0,ok,0.125255,394.0,22989.0,0.8263761424073208,,,contract_type,6.60732092592491,10,396|315|276|59|460|272|4|407|271|602,0.4236580359172198,0.6363857568988683,1.3495628464544123,2.554179969288713,0.40271810649010104,0.3957303044097244,0.4545360954067761,0.40271810649010104,0.3957303044097244,0.4545360954067761,-0.42145341913314227,-0.428441221213519,-0.36963543021646733,0.40271810649010104,9.490017304221334,0,0.384064379960013,-0.04392459288457244,0.4233805788498288,0.5344769762775762,0.4770816332078227,0.5521692030367593,-0.2733532955035186,0.2053127839418463,0.2053127839418463,0.04243597177751874,0.04169963991885412,0.04789623462589369,0.055547325033117385,0.05458349026341026,0.0626946338492105,0.055547325033117385,0.05458349026341026,0.0626946338492105,0.8263761424073208,0.40271810649010104,0.40271810649010104,0.055547325033117385,0.055547325033117385,7.25,ok,ok,0,,0
393,Jack Hughes,C,f1,NJ,24,1.2623,21.317,0.56,0.54,0.7937219730941704,ok,61.0,0,2515142.0,103397.0,ok,1.069106,508.0,153451.0,2.5375012233853145,,,contract_type,8.193930411752296,10,466|160|1|660|607|64|549|614|765|355,0.8018089775596486,0.6363857568988683,1.3495628464544123,2.554179969288713,1.7356922458256658,1.2605607644546977,1.5851161199109076,1.7356922458256658,1.2605607644546977,1.5851161199109076,0.31076517185322894,-0.16436630951773934,0.16018904593847064,1.7356922458256658,12.351950751159189,0,0.6844725040788733,-0.46120822528801053,0.8813044116252471,0.42584852013556584,0.8035059085605436,0.3822709867177565,1.1526969721461167,1.2945360595968156,1.2945360595968156,0.1405196863874135,0.10205357759675317,0.12832921308094997,0.21696153072820823,0.1575700955568372,0.19813951498886345,0.21696153072820823,0.1575700955568372,0.19813951498886345,2.5375012233853145,1.7356922458256658,1.7356922458256658,0.21696153072820823,0.21696153072820823,8.0,ok,ok,1,4.0,0
394,Zack MacEwen,R,f1,NJ,29,0.0,6.333,,,,thin,3.0,1,16136.0,1340.0,ok,0.003055,46.0,4716.0,-0.7769590809742394,,,contract_type,0.775,10,462|646|398|267|6|299|109|464|312|497,-0.7778046897671597,0.6363857568988683,1.3495628464544123,2.554179969288713,0.0008456087929202827,0.1982912756592177,0.3301562817369738,0.0008456087929202827,0.1982912756592177,0.3301562817369738,-0.9881060176129377,-0.7906603507466403,-0.6587953446688842,0.0008456087929202827,0.775,0,0.22367691534539938,-0.3513967430765794,-0.40562407562186453,-0.462532474635017,-0.03414019074201906,-0.06482958254277699,0.023538425454139422,0.2873874072089358,0.2873874072089358,0.001091108119897139,0.2558597105280228,0.42600810546706297,0.001091108119897139,0.2558597105280228,0.42600810546706297,0.001091108119897139,0.2558597105280228,0.42600810546706297,-0.7769590809742394,0.0008456087929202827,0.0008456087929202827,0.001091108119897139,0.001091108119897139,0.775,ok,ok,0,,0
395,Timo Meier,R,f1,NJ,29,0.5714,18.517,0.54,0.54,0.456,ok,77.0,0,50383.0,31396.0,ok,0.05499,302.0,13988.0,0.42382534833249513,,,contract_type,5.101021222451135,10,300|291|297|650|162|581|742|290|452|7,0.10564635768906512,0.6363857568988683,1.3495628464544123,2.554179969288713,0.31817899064343,0.25190757355363497,0.3190413017122467,0.31817899064343,0.25190757355363497,0.3190413017122467,-0.4052894421933195,-0.47156085928311464,-0.4044271311245029,0.31817899064343,6.07339456200078,0,0.09578478463482558,0.0,-0.04447485742597512,0.16072017097240948,0.1255477982125851,0.10618638519937662,-0.13777949599860717,0.3264193276178168,0.3264193276178168,0.05238898731101231,0.04147722842341535,0.0525309690413303,0.03615670348220795,0.028625860631094877,0.036254693376391665,0.03615670348220795,0.028625860631094877,0.036254693376391665,0.42382534833249513,0.31817899064343,0.31817899064343,0.03615670348220795,0.03615670348220795,8.8,ok,ok,0,,0
396,Dawson Mercer,C,f1,NJ,24,0.5122,18.233,0.53,0.53,0.4626038781163435,ok,82.0,0,25952.0,4584.0,ok,0.023422,260.0,9553.0,0.03900197782461593,,,contract_type,4.819794948369094,10,460|272|392|57|271|184|652|761|228|226,0.15063745212618876,0.6363857568988683,1.3495628464544123,2.554179969288713,-0.11163547430157283,-0.031051841669692045,0.025357279874412636,-0.11163547430157283,-0.031051841669692045,0.025357279874412636,-1.3971101706349422,-1.3165265380030613,-1.2601174164589566,-0.11163547430157283,5.673650237376621,0,0.254746888110776,0.1317737786537173,0.15205050880895443,0.4389588510492569,0.3264242753527208,0.25484732447850444,-0.22442659032150208,-0.2323568874105718,-0.2323568874105718,-0.01967612905817592,-0.005472991878337882,0.004469306145691724,-0.02790886857539321,-0.007762960417423011,0.006339319968603159,-0.02790886857539321,-0.007762960417423011,0.006339319968603159,0.03900197782461593,-0.11163547430157283,-0.11163547430157283,-0.02790886857539321,-0.02790886857539321,4.0,ok,ok,0,,0
397,Stefan Noesen,R,f1,NJ,32,0.1842,11.75,0.47,0.44,0.4752475247524752,ok,38.0,0,16941.0,1886.0,ok,0.005092,131.0,5655.0,-0.4003329482078236,,,contract_type,1.4563530705463665,10,662|136|350|13|715|417|289|755|612|29,0.06181094776992944,0.6363857568988683,1.3495628464544123,2.554179969288713,-0.46214389597775307,-0.25519840524149595,-0.17742648638510874,-0.46214389597775307,-0.25519840524149595,-0.17742648638510874,-0.9821487730325688,-0.7752032822963116,-0.6974313634399244,-0.46214389597775307,1.733827539180224,0,0.34404790606431046,0.06588688932685849,-0.2784527351775157,-0.2749173962453786,-0.6026294314204074,-0.6371183111962597,-0.2052826730194429,-0.3251046489892628,-0.3251046489892628,-0.2665454813321633,-0.14718788315137563,-0.10233225760677345,-0.16805232581009202,-0.09279942008781669,-0.06451872232185772,-0.16805232581009202,-0.09279942008781669,-0.06451872232185772,-0.4003329482078236,-0.46214389597775307,-0.46214389597775307,-0.16805232581009202,-0.16805232581009202,2.75,ok,ok,0,,0
398,Maxim Tsyplakov,R,f1,NJ,27,0.0816,9.119,0.5,0.48,0.5754716981132075,ok,49.0,0,21138.0,21553.0,ok,0.010183,93.0,3935.0,-0.3409412437584393,,,contract_type,0.775,10,462|136|163|312|711|394|681|268|88|753,-0.5613778975520055,0.6363857568988683,1.3495628464544123,2.554179969288713,0.2204366537935662,0.061237174234335376,0.20388702501185021,0.2204366537935662,0.061237174234335376,0.20388702501185021,-0.33675629170356525,-0.49595577126279594,-0.35330592048528114,0.2204366537935662,1.0835164627936253,0,0.20240438850030096,-0.04392459288457244,-0.3173097158759993,-0.3390955875752564,0.000991166827994841,-0.22131478178396485,0.291790486054018,0.3704583995428899,0.3704583995428899,0.2034455971487645,0.05651706857914079,0.18817159869095967,0.09797184613047387,0.027216521881926834,0.09061645556082232,0.09797184613047387,0.027216521881926834,0.09061645556082232,-0.3409412437584393,0.2204366537935662,0.2204366537935662,0.09797184613047387,0.09797184613047387,2.25,ok,ok,0,,0
399,Dennis Cholowski,D,d1,NJ,27,0.1176,14.667,0.4499999999999999,0.44,0.46,ok,17.0,1,14811.0,1524.0,ok,0.0,60.0,2587.0,-0.7880479537077312,,,contract_type,1.3345945378675597,10,642|239|428|336|557|470|448|44|18|720,-0.7705981503354684,0.6363857568988683,1.3495628464544123,2.554179969288713,-0.017449803372262762,-0.1351654486502339,-0.03722021556513191,-0.017449803372262762,-0.1351654486502339,-0.03722021556513191,-0.44918548759616717,-0.5669011328741383,-0.468955899789036,-0.017449803372262762,1.5073490285957345,0,0.3018043249541456,0.1537360750960035,-0.25827598431879617,-0.40199587295460815,-0.4790289051801019,-0.4830830405845925,-0.03470607159077144,0.13156544939816342,0.13156544939816342,-0.011576484968792676,-0.089670969421167,-0.024692499785405858,-0.022515875319048726,-0.17440703051643078,-0.048026084600170195,-0.022515875319048726,-0.17440703051643078,-0.048026084600170195,-0.7880479537077312,-0.017449803372262762,-0.017449803372262762,-0.022515875319048726,-0.022515875319048726,0.775,ok,ok,0,,0
400,Brenden Dillon,D,d1,NJ,35,0.1829,18.0,0.5,0.5,0.4575757575757576,ok,82.0,0,28434.0,3871.0,ok,0.015275,204.0,11811.0,-0.012468225957294146,,,contract_type,3.079617365618357,10,596|691|664|17|579|309|558|101|428|595,-0.1420697193148153,0.6363857568988683,1.3495628464544123,2.554179969288713,0.12960149335752114,0.023911764933713695,0.10439948686004338,0.12960149335752114,0.023911764933713695,0.10439948686004338,-0.9723639200163952,-1.0780536484402028,-0.997565926513873,0.12960149335752114,2.8327314668915617,0,0.1745793893656065,0.32943444663429333,-0.21040285934153102,0.1311532532546762,0.18283858939693948,0.07437381102127767,0.11927337654492126,0.11282026924011769,0.11282026924011769,0.0457514222128992,0.008441239564423933,0.03685470651921834,0.032400373339380284,0.005977941233428424,0.026099871715010846,0.032400373339380284,0.005977941233428424,0.026099871715010846,-0.012468225957294146,0.12960149335752114,0.12960149335752114,0.032400373339380284,0.032400373339380284,4.0,ok,ok,0,,0
401,Dougie Hamilton,D,d1,NJ,32,0.5065,21.533,0.54,0.53,0.4796511627906977,ok,77.0,0,61147.0,7289.0,ok,0.04888,320.0,20448.0,0.4188197348845433,,,contract_type,5.162666574011531,10,558|23|668|536|285|43|666|727|283|284,0.05206993999051722,0.6363857568988683,1.3495628464544123,2.554179969288713,0.3667497948940261,0.17283951252663438,0.24550580107140596,0.3667497948940261,0.17283951252663438,0.24550580107140596,-0.7591989516094304,-0.9531092339768219,-0.8804429454320503,0.3667497948940261,5.166994772582193,0,0.2771973385759023,0.46120822528801053,0.21234236440221255,-0.04003021038980248,0.4017529542802717,0.3397964326380059,0.20805384445711056,0.27663970713668085,0.27663970713668085,0.07097932377251928,0.03345068461144548,0.047514234458711294,0.04074997721044735,0.019204390280737154,0.027278422341267327,0.04074997721044735,0.019204390280737154,0.027278422341267327,0.4188197348845433,0.3667497948940261,0.3667497948940261,0.04074997721044735,0.04074997721044735,9.0,ok,ok,0,,0
402,Luke Hughes,D,d1,NJ,22,0.5147,23.017,0.54,0.5,0.4987146529562982,ok,68.0,0,467819.0,35230.0,ok,0.203666,177.0,19578.0,0.87251129637371,,,contract_type,5.92048272206412,10,72|404|20|536|671|623|100|283|666|236,0.09937117430106106,0.6363857568988683,1.3495628464544123,2.554179969288713,0.773140122072649,0.5728328529059474,0.7554037010369307,0.773140122072649,0.5728328529059474,0.7554037010369307,-0.5787962781767436,-0.7791035473434452,-0.5965326992124619,0.773140122072649,6.880877657075951,0,0.34999228061140486,-0.6588688932685864,0.27821865698053705,0.35924803909401537,0.401752954280272,-0.08494910815950153,0.31691603188551687,0.6665734349399811,0.6665734349399811,0.11236068429113695,0.08324996918334608,0.1097830449376049,0.08590445800807212,0.0636480947673275,0.08393374455965896,0.08590445800807212,0.0636480947673275,0.08393374455965896,0.87251129637371,0.773140122072649,0.773140122072649,0.08590445800807212,0.08590445800807212,9.0,ok,ok,0,,0
403,Johnathan Kovacevic,D,d1,NJ,28,0.2353,17.867,0.51,0.49,0.3673469387755102,ok,34.0,0,18874.0,1225.0,ok,0.005092,123.0,6688.0,-0.4076522870934317,,,contract_type,3.060434323957796,10,384|42|536|406|306|449|749|43|309|359,-0.28359061371184113,0.6363857568988683,1.3495628464544123,2.554179969288713,-0.12406167338159058,0.07235510438083889,0.1612223759495614,-0.12406167338159058,0.07235510438083889,0.1612223759495614,-0.01581561958600841,0.18060115817642106,0.2694684297451433,-0.12406167338159058,2.7221670494832253,0,0.1523618150759549,-0.17569837153828974,-0.11904548303494122,-0.2455003108809442,0.17576691749761889,-0.08494910815950096,-0.1132106993444344,0.03764055506529948,0.03764055506529948,-0.04557459962096829,0.026579964809497914,0.05922574662718357,-0.031015418345397644,0.018088776095209723,0.04030559398739035,-0.031015418345397644,0.018088776095209723,0.04030559398739035,-0.4076522870934317,-0.12406167338159058,-0.12406167338159058,-0.031015418345397644,-0.031015418345397644,4.0,ok,ok,0,,0
404,Simon Nemec,D,d1,NJ,21,0.3824,19.667,0.5,0.47,0.5102739726027398,ok,68.0,0,59679.0,30743.0,ok,0.059063,359.0,26644.0,0.5970667059668157,,,contract_type,4.105413592881492,10,72|98|18|100|503|673|402|598|621|44,-0.6091662615939601,0.6363857568988683,1.3495628464544123,2.554179969288713,1.206232967560776,1.010609808280751,1.097238152558745,1.206232967560776,1.010609808280751,1.097238152558745,0.051471251821052444,-0.14415190745897202,-0.05752356318097843,1.206232967560776,3.715008195182933,1,0.2298869870513159,-0.4392459288457242,0.2895799020150286,0.2781224816773946,0.03218123154183786,-0.20171079049710228,0.13848158773080782,1.0792974706749072,1.0792974706749072,0.3246918725845177,0.272034341563811,0.2953528215581003,1.313550002788605,1.1005224962220963,1.1948580557102744,0.3246918725845177,0.272034341563811,0.2953528215581003,0.5970667059668157,1.206232967560776,1.206232967560776,0.3246918725845177,1.313550002788605,0.9183,ok,ok,0,,0
405,Brett Pesce,D,d1,NJ,31,0.1892,20.3,0.52,0.49,0.5425531914893617,ok,37.0,0,18827.0,1723.0,ok,0.007128,162.0,8880.0,-0.25962420439137124,,,contract_type,4.24825213276977,10,168|287|772|283|104|382|380|284|767|310,0.0809487151246486,0.6363857568988683,1.3495628464544123,2.554179969288713,-0.34057291951601987,-0.19880694213035022,-0.09837876398522354,-0.34057291951601987,-0.19880694213035022,-0.09837876398522354,-1.1802653266153051,-1.0384993492296357,-0.9380711710845087,-0.34057291951601987,4.423421851003866,0,0.24968194129286458,0.30747215019200713,-0.1663292788246623,-0.07846220901107959,0.42686251392278873,0.10618638519937608,0.4127791106072737,-0.30455737731421634,-0.30455737731421634,-0.0769930906406155,-0.04494415157017691,-0.022240420945358656,-0.061922349002912706,-0.036146716750972765,-0.017887047997313367,-0.061922349002912706,-0.036146716750972765,-0.017887047997313367,-0.25962420439137124,-0.34057291951601987,-0.34057291951601987,-0.061922349002912706,-0.061922349002912706,5.5,ok,ok,0,,0
406,Jonas Siegenthaler,D,d1,NJ,28,0.1951,19.483,0.5,0.49,0.4136986301369863,ok,82.0,0,22747.0,20754.0,ok,0.004073,178.0,7635.0,-0.050866062075620326,,,contract_type,3.8405966567204404,10,380|749|536|284|104|382|283|774|669|287,-0.09241827890783909,0.6363857568988683,1.3495628464544123,2.554179969288713,0.04155221683221876,0.03376732755573378,0.13318208592910788,0.04155221683221876,0.03376732755573378,0.13318208592910788,-0.9505561924764998,-0.9583410817529848,-0.8589263233796107,0.04155221683221876,3.76759707911968,0,0.1640499022911584,-0.043924592884572414,-0.23015316093891247,-0.26624776086541946,-0.15967630172669997,-0.026524925608987504,-0.2577726717223586,0.207925132991303,0.207925132991303,0.01102883773387139,0.008962563365088846,0.03534934419267216,0.012221240244770224,0.009931566928156995,0.03917120174385526,0.012221240244770224,0.009931566928156995,0.03917120174385526,-0.050866062075620326,0.04155221683221876,0.04155221683221876,0.012221240244770224,0.012221240244770224,3.4,ok,ok,0,,0
407,Mathew Barzal,C,f1,NYI,28,0.8889,20.65,0.52,0.52,0.6170886075949367,ok,81.0,0,104315.0,16141.0,ok,0.153768,326.0,27824.0,0.7365960050145159,,,contract_type,6.833541665925987,10,276|765|614|315|660|443|59|265|224|33,0.41210309863896766,0.4814131737028873,1.6030607430599648,2.554179969288713,0.3244929063755483,0.11255328615968457,0.20459282598708603,0.3244929063755483,0.11255328615968457,0.20459282598708603,-0.3168554153669043,-0.5287950355827682,-0.4367554957553666,0.3244929063755483,9.67430586924128,0,0.35631698041617194,-0.26354755730743457,0.34670324946805375,0.4486729819548293,0.32642427535272106,0.2973218785582549,0.45523193985573795,0.1207372198714389,0.1207372198714389,0.0335417249321472,0.011634249286818518,0.021148062584786922,0.03546370561481402,0.012300905591222358,0.022359871692577707,0.03546370561481402,0.012300905591222358,0.022359871692577707,0.7365960050145159,0.3244929063755483,0.3244929063755483,0.03546370561481402,0.03546370561481402,9.15,ok,ok,0,,0
408,Casey Cizikas,C,f1,NYI,34,0.2222,11.767,0.49,0.51,0.4805194805194805,ok,81.0,0,25962.0,3307.0,ok,0.001018,92.0,5333.0,-0.40786750160227997,,,contract_type,1.5760874890924506,10,457|385|93|247|245|455|429|142|713|264,-0.052484746404782866,0.4814131737028873,1.6030607430599648,2.554179969288713,-0.3553827551974971,-0.3921453774239397,-0.30316798428087555,-0.3553827551974971,-0.3921453774239397,-0.30316798428087555,-0.7798869877596686,-0.8166496099861111,-0.7276722168430471,-0.3553827551974971,1.762654461140659,0,0.17316615012992784,0.30747215019200724,-0.1064271013657545,-0.04944118151359911,0.16772745322611138,0.2660248387100178,0.1419041757720769,-0.3555718400844546,-0.3555718400844546,-0.2016179364885389,-0.22247433406214642,-0.17199513061946797,-0.14215310207899884,-0.15685815096957587,-0.12126719371235022,-0.14215310207899884,-0.15685815096957587,-0.12126719371235022,-0.40786750160227997,-0.3553827551974971,-0.3553827551974971,-0.14215310207899884,-0.14215310207899884,2.5,ok,ok,0,,0
409,Anthony Duclair,L,f1,NYI,30,0.4355,13.2,0.44,0.41,0.6169154228855721,ok,62.0,0,48517.0,8378.0,ok,0.03666,128.0,6077.0,-0.07143611238239203,,,contract_type,2.7400237818484716,10,388|420|275|567|397|136|482|249|490|563,-0.08946345389526003,0.4814131737028873,1.6030607430599648,2.554179969288713,0.018027341512868,0.3912236205398176,0.5030690704556973,0.018027341512868,0.3912236205398176,0.5030690704556973,-0.17600667877822374,0.19718960024872578,0.3090350501646055,0.018027341512868,2.409913541533518,0,0.4291297891758122,0.5710197074994415,0.2352485879637112,0.08250768255016161,-0.4268625139227876,-0.7645419734355126,0.49459826968325893,-0.2592019589481027,-0.2592019589481027,0.0074804930559444595,0.16233927640859155,0.20874984176219682,0.005150669003676571,0.11177817729709073,0.14373402013019923,0.005150669003676571,0.11177817729709073,0.14373402013019923,-0.07143611238239203,0.018027341512868,0.018027341512868,0.005150669003676571,0.005150669003676571,3.5,ok,ok,0,,0
410,Marc Gatcomb,C,f1,NYI,26,0.1429,10.083,0.49,0.54,0.5038759689922481,ok,49.0,0,10966.0,227.0,ok,0.001018,76.0,2187.0,-0.9211779173656495,,,contract_type,0.775,10,255|244|415|279|605|516|206|523|201|455,-0.3378163430186265,0.4814131737028873,1.6030607430599648,2.554179969288713,-0.583361574347023,-0.7303765194989592,-0.5547320964758737,-0.583361574347023,-0.7303765194989592,-0.5547320964758737,-0.9109735956264255,-1.0579885407783616,-0.8823441177552763,-0.583361574347023,1.2982343660591444,0,0.24437763911024823,0.0219622964422862,-0.4277611851075752,-0.4724713540705391,-0.10043823857006791,0.1274236622392526,-0.3162090982317685,-0.30220215797590744,-0.30220215797590744,-0.44934997069739135,-0.5625921933618611,-0.42729734397633523,-0.6481795270522477,-0.8115294661099547,-0.6163689960843042,-0.6481795270522477,-0.8115294661099547,-0.6163689960843042,-0.9211779173656495,-0.583361574347023,-0.583361574347023,-0.6481795270522477,-0.6481795270522477,0.9,ok,ok,0,,0
411,Emil Heineman,L,f1,NYI,24,0.378,16.617,0.5,0.46,0.540625,ok,82.0,0,59192.0,14203.0,ok,0.04277,251.0,20260.0,0.37589893282979064,,,contract_type,3.82479098352581,10,431|412|80|582|81|253|684|583|297|738,-0.047962373888886446,0.4814131737028873,1.6030607430599648,2.554179969288713,0.4238613067186771,0.16404372193386854,0.2661878239730317,0.4238613067186771,0.16404372193386854,0.2661878239730317,0.11273979905925016,-0.14707778572555835,-0.0449336836863952,0.4238613067186771,4.143052024710719,0,0.18383183353528634,-0.10981148221143111,-0.309250737951443,0.032463676548187353,-0.10043823857006737,-0.4672200948772571,-0.08380677105333201,0.5437397310536781,0.5437397310536781,0.1023065373523212,0.039594897905083054,0.06424921106116638,0.3853284606533428,0.14913065630351682,0.24198893088457427,0.3853284606533428,0.14913065630351682,0.24198893088457427,0.37589893282979064,0.4238613067186771,0.4238613067186771,0.3853284606533428,0.3853284606533428,1.1,ok,ok,0,,0
412,Simon Holmstrom,R,f1,NYI,24,0.519,16.733,0.49,0.48,0.5234899328859061,ok,79.0,0,15349.0,3869.0,ok,0.005092,175.0,7384.0,-0.24363851551785212,,,contract_type,4.288528607626396,10,431|735|454|656|81|539|437|435|80|684,-0.4450280775278017,0.4814131737028873,1.6030607430599648,2.554179969288713,0.2013895620099496,-0.021814654532017988,0.06786504883576558,0.2013895620099496,-0.021814654532017988,0.06786504883576558,-0.5645079178272534,-0.7877121343692209,-0.6980324310014373,0.2013895620099496,4.443000824659423,0,0.08127948445081556,0.0439245928845724,-0.046223966225016844,0.10009500215430613,-0.05825858355654079,-0.11624614800773911,-0.12292861387671813,0.20249060264881277,0.20249060264881277,0.045327374438510724,-0.0049098920736054975,0.01527459739802496,0.055555741244124025,-0.0060178357329704795,0.018721392782280157,0.055555741244124025,-0.0060178357329704795,0.018721392782280157,-0.24363851551785212,0.2013895620099496,0.2013895620099496,0.055555741244124025,0.055555741244124025,3.625,ok,ok,0,,0
413,Bo Horvat,C,f1,NYI,30,0.8382,20.767,0.53,0.49,0.5017182130584192,ok,68.0,0,142562.0,42143.0,ok,0.108961,325.0,21402.0,0.769975439286575,,,contract_type,6.725153883656235,10,265|229|442|271|281|276|660|374|551|177,0.6526103973277984,0.4814131737028873,1.6030607430599648,2.554179969288713,0.11736504195877662,-0.05316293435723485,0.05575304368848184,0.11736504195877662,-0.05316293435723485,0.05575304368848184,-0.7235727024149421,-0.8941006787309538,-0.7851847006852369,0.11736504195877662,9.683946811900551,0,0.1656194203932915,-1.1102230246251565e-16,0.16612864037010877,0.3430411728788054,0.30131471571020385,-0.08494910815950156,-0.09828288524112938,0.0012947478799853196,0.0012947478799853196,0.012119546321190791,-0.005489800325204512,0.005757264550437971,0.01380765199515019,-0.0062544628655570415,0.006559181610409629,0.01380765199515019,-0.0062544628655570415,0.006559181610409629,0.769975439286575,0.11736504195877662,0.11736504195877662,0.01380765199515019,0.01380765199515019,8.5,ok,ok,0,,1
414,Anders Lee,L,f1,NYI,35,0.5122,15.633,0.52,0.51,0.5746031746031746,ok,82.0,0,60427.0,8875.0,ok,0.014257,282.0,20388.0,0.3480821958210382,,,contract_type,3.8637335748516417,10,715|8|371|350|417|289|440|157|200|387,0.42933269520291073,0.4814131737028873,1.6030607430599648,2.554179969288713,-0.08125049938187251,-0.10118915095911277,-0.015259991849560332,-0.08125049938187251,-0.10118915095911277,-0.015259991849560332,-0.11519170469845497,-0.1351303562756952,-0.049201197166142706,-0.08125049938187251,3.697960793040924,0,0.24230841127586444,0.46120822528801075,0.2866789118141998,0.17917452248710958,0.15065735785510176,0.14866093927912755,0.22747051093163706,-0.31079206804398285,-0.31079206804398285,-0.021971703846826948,-0.027363500215994024,-0.0041265964415516864,-0.011607214197410358,-0.014455592994158967,-0.002179998835651476,-0.011607214197410358,-0.014455592994158967,-0.002179998835651476,0.3480821958210382,-0.08125049938187251,-0.08125049938187251,-0.011607214197410358,-0.011607214197410358,7.0,ok,ok,0,,0
415,Kyle MacLean,C,f1,NYI,26,0.1186,10.517,0.47,0.4899999999999999,0.5032679738562091,ok,59.0,0,9005.0,868.0,ok,0.003055,88.0,4460.0,-0.7200483347891505,,,contract_type,0.8070514270417094,10,516|244|231|84|266|675|487|709|410|316,-0.7645875349879805,0.4814131737028873,1.6030607430599648,2.554179969288713,0.044539200198829954,0.026790702201992186,0.19431419375217376,0.044539200198829954,0.026790702201992186,0.19431419375217376,-0.20313648262747974,-0.2208849806243175,-0.053361489074135834,0.044539200198829954,1.3822352700669762,0,0.09707192380807712,0.043924592884572455,-0.05380454556270231,-0.06185578985373841,-0.2671745249681849,-0.1263059108161036,-0.029366178763161194,0.06582185663691624,0.06582185663691624,0.03222258986103849,0.019382157858476613,0.1405796813032837,0.05567400024853744,0.033488377752490237,0.2428927421902172,0.05567400024853744,0.033488377752490237,0.2428927421902172,-0.7200483347891505,0.044539200198829954,0.044539200198829954,0.05567400024853744,0.05567400024853744,0.8,ok,ok,0,,0
416,Jean-Gabriel Pageau,C,f1,NYI,33,0.473,15.667,0.46,0.46,0.471571906354515,ok,74.0,0,23096.0,6361.0,ok,0.003055,132.0,5091.0,-0.27700281285691924,,,contract_type,3.7591689863463755,10,211|33|625|224|264|565|590|177|550|419,0.461385659807853,0.4814131737028873,1.6030607430599648,2.554179969288713,-0.7383884726647723,-0.8411600383135218,-0.7666387263255932,-0.7383884726647723,-0.8411600383135218,-0.7666387263255932,-1.1476796183237863,-1.2504511839725359,-1.1759298719846072,-0.7383884726647723,3.666568119589087,0,0.3166086152317836,0.3733590395188656,-0.26496492020526485,-0.0907699389653296,-0.4434370258797997,-0.4191567836817498,-0.30796398313969164,-0.6658780522163058,-0.6658780522163058,-0.20138408685763723,-0.22941344900140317,-0.20908890857086015,-0.14767769453295446,-0.16823200766270435,-0.15332774526511864,-0.14767769453295446,-0.16823200766270435,-0.15332774526511864,-0.27700281285691924,-0.7383884726647723,-0.7383884726647723,-0.14767769453295446,-0.14767769453295446,5.0,ok,ok,0,,0
417,Ondrej Palat,L,f1,NYI,34,0.1875,12.822,0.49,0.48,0.4931506849315068,ok,80.0,0,48517.0,33081.0,ok,0.021385,306.0,20614.0,0.43575203247979555,,,contract_type,1.8603996533366298,10,440|289|715|612|350|414|50|371|163|397,-0.08496295662192109,0.4814131737028873,1.6030607430599648,2.554179969288713,0.5207149891017167,0.27255072249429574,0.40242793650331415,0.5207149891017167,0.27255072249429574,0.40242793650331415,0.2996294760254948,0.051465209418073886,0.18134242342709228,0.5207149891017167,2.0709534987566296,0,0.2537967960571084,0.35139674307657964,-0.36024634515039955,-0.17138324011554518,-0.23402550105416026,-0.20119525616724054,-0.20453369077872519,0.64708885848572,0.64708885848572,0.2514373159099644,0.13160639418409503,0.19432012198483745,0.08678583151695278,0.04542512041571596,0.06707132275055236,0.08678583151695278,0.04542512041571596,0.06707132275055236,0.43575203247979555,0.5207149891017167,0.5207149891017167,0.08678583151695278,0.08678583151695278,6.0,ok,ok,0,,0
418,Kyle Palmieri,C,f1,NYI,35,0.72,18.883,0.5,0.45,0.5943396226415094,ok,25.0,0,31796.0,5290.0,ok,0.01222,85.0,4809.0,-0.3638650781745131,,,contract_type,5.6793844743799395,10,373|141|442|265|154|281|254|177|413|33,0.5478793584962017,0.4814131737028873,1.6030607430599648,2.554179969288713,-0.9117444366707148,-0.6870463678206471,-0.6047094931260958,-0.9117444366707148,-0.6870463678206471,-0.6047094931260958,-0.9902017915573526,-0.7655037227072848,-0.6831668480127336,-0.9117444366707148,6.805369106233267,0,0.3819471321154358,0.7906426719223036,0.23160365603932664,0.2040716651936808,-0.20087647714013598,-0.530931925996883,0.3335563964002846,-1.2155701838229551,-1.2155701838229551,-0.13397428154714155,-0.10095651787518155,-0.08885770686151645,-0.19194619719383468,-0.14464134059382044,-0.12730726171075704,-0.19194619719383468,-0.14464134059382044,-0.12730726171075704,-0.3638650781745131,-0.9117444366707148,-0.9117444366707148,-0.19194619719383468,-0.19194619719383468,4.75,ok,ok,0,,0
419,Brayden Schenn,C,f1,NYI,34,0.4875,16.774,0.47,0.49,0.5601092896174863,ok,80.0,0,127124.0,15420.0,ok,0.044807,221.0,12400.0,0.4123277224107653,,,contract_type,4.209533320243142,10,252|416|485|33|758|224|764|212|436|443,0.3968929179082698,0.4814131737028873,1.6030607430599648,2.554179969288713,0.015434804502495514,-0.28160622008131664,-0.16189014476423091,0.015434804502495514,-0.28160622008131664,-0.16189014476423091,-0.1205485524262638,-0.417589577010076,-0.2978735016929902,0.015434804502495514,4.422615200087218,0,0.24481102054204273,0.505132818172583,-0.34603445461954274,-0.13220207972777104,-0.2510955964251698,-0.10618638519937691,0.12821478910781287,0.0759769204185109,0.0759769204185109,0.0034899722910985164,-0.06367414015032623,-0.03660507130736544,0.0023745853080762327,-0.04332403385866409,-0.024906176117573984,0.0023745853080762327,-0.04332403385866409,-0.024906176117573984,0.4123277224107653,0.015434804502495514,0.015434804502495514,0.0023745853080762327,0.0023745853080762327,6.5,ok,ok,0,,0
420,Max Shabanov,R,f1,NYI,25,0.4091,13.683,0.44,0.42,0.5555555555555556,ok,44.0,0,25572.0,84412.0,ok,,113.0,4901.0,-0.07754696939505439,trends_12mo,trends_12mo=fetch_failed,contract_type,2.8387895744089047,10,140|275|635|388|37|409|207|482|63|684,-0.2783786730723369,0.4814131737028873,1.6030607430599648,2.554179969288713,0.20083170367728248,-0.5705754508764678,-0.3373759617585736,0.20083170367728248,-0.5705754508764678,-0.3373759617585736,0.05002510463327936,-0.7213820499204711,-0.488182560802577,0.20083170367728248,2.58467089944296,1,0.22723015740373262,0.0219622964422862,0.21334555667497915,0.299464930127585,-0.30131471571020274,-0.4459828178373819,0.08131062762996072,0.03469182776780455,0.03469182776780455,0.07770107355662381,-0.22075361741389837,-0.13052956251849462,0.20598123454080255,-0.5852055906425312,-0.3460266274446908,0.07770107355662381,-0.22075361741389837,-0.13052956251849462,-0.07754696939505439,0.20083170367728248,0.20083170367728248,0.07770107355662381,0.20598123454080255,0.975,ok,ok,0,,0
421,Adam Boqvist,D,d1,NYI,25,0.1429,13.1,0.42,0.44,0.6103896103896104,ok,28.0,0,25456.0,7654.0,ok,0.010183,42.0,1214.0,-0.7790991948304518,,,contract_type,0.775,10,505|597|694|577|214|423|693|195|573|335,-0.6144856089960906,0.4814131737028873,1.6030607430599648,2.554179969288713,-0.16461358583436114,0.12553068283074784,0.23146280062528812,-0.16461358583436114,0.12553068283074784,0.23146280062528812,-0.499265023543743,-0.20912075487863405,-0.10318863708409381,-0.16461358583436114,1.103888585906057,0,0.3498068576873578,-0.2635475573074346,-0.06243199910849273,-0.24864679030023046,-0.6026294314204077,-0.31855915559812975,0.6030262123894514,-0.14055393788565257,-0.14055393788565257,-0.14912155804133848,0.1137168047876081,0.20967949445306255,-0.19366304215807192,0.14768315627146802,0.2723091772062213,-0.19366304215807192,0.14768315627146802,0.2723091772062213,-0.7790991948304518,-0.16461358583436114,-0.16461358583436114,-0.19366304215807192,-0.19366304215807192,0.85,ok,ok,0,,0
422,Tony DeAngelo,D,d1,NYI,30,0.4605,19.133,0.52,0.4699999999999999,0.4684385382059801,ok,76.0,0,52208.0,10717.0,ok,0.052953,118.0,4587.0,-0.0845011450679361,,,contract_type,3.9070606546225632,10,674|620|536|75|43|666|23|401|384|671,-0.014660042287200147,0.4814131737028873,1.6030607430599648,2.554179969288713,-0.06984110278073595,0.11306293859499006,0.2399101587897957,-0.06984110278073595,0.11306293859499006,0.2399101587897957,-1.3241597586523428,-1.1412557172766167,-1.0144084970818112,-0.06984110278073595,3.2796416015677687,0,0.19809568531451216,0.0878491857691448,0.06998938089666643,-0.33549961109607274,0.07532867892755091,-0.4459828178373836,0.1739244373602546,0.0023829804073457334,0.0023829804073457334,-0.021295346036393055,0.03447417502599751,0.07315133418087859,-0.03990920158899197,0.06460739348285147,0.1370915193084547,-0.03990920158899197,0.06460739348285147,0.1370915193084547,-0.0845011450679361,-0.06984110278073595,-0.06984110278073595,-0.03990920158899197,-0.03990920158899197,1.75,ok,ok,0,,0
423,Scott Mayfield,D,d1,NYI,33,0.1875,16.467,0.45,0.4599999999999999,0.522633744855967,ok,80.0,0,15396.0,1756.0,ok,0.001018,135.0,3806.0,-0.4715445233242235,,,contract_type,2.308767263023154,10,145|330|472|579|556|640|642|505|555|428,-0.09704573530478397,0.4814131737028873,1.6030607430599648,2.554179969288713,-0.3744987880194395,-0.4160935617527383,-0.32818083555416383,-0.3744987880194395,-0.4160935617527383,-0.32818083555416383,-0.9275943640851594,-0.9691891378184583,-0.8812764116198838,-0.3744987880194395,2.0998158223104095,0,0.15802537085951027,0.1317737786537172,-0.17341850421887794,-0.11529599586383112,-0.27620515606768636,-0.08494910815950318,0.16650968219344575,-0.34287080443399665,-0.34287080443399665,-0.1783483980072984,-0.19815717042026768,-0.1562902955903386,-0.10699965371983985,-0.11888387478649667,-0.09376595301547538,-0.10699965371983985,-0.11888387478649667,-0.09376595301547538,-0.4715445233242235,-0.3744987880194395,-0.3744987880194395,-0.10699965371983985,-0.10699965371983985,3.5,ok,ok,0,,0
424,Adam Pelech,D,d1,NYI,31,0.1951,20.883,0.53,0.53,0.3922651933701657,ok,82.0,0,15360.0,2666.0,ok,0.002037,130.0,3682.0,-0.45791924820299823,,,contract_type,4.548422360244263,10,749|284|406|774|306|308|287|23|283|305,0.13230778191493325,0.4814131737028873,1.6030607430599648,2.554179969288713,-0.5902270301179315,-0.5868354093137083,-0.4683259212299208,-0.5902270301179315,-0.5868354093137083,-0.4683259212299208,-0.9111407616205952,-0.9077491408163719,-0.7892396527325846,-0.5902270301179315,4.946778860309395,0,0.2598882695105985,0.2855098537497208,-0.22769120617553795,-0.06500226927302433,0.37664339463775476,0.4672200948772578,-0.13726279835029542,-0.496344562108685,-0.496344562108685,-0.11931542662107518,-0.11862980454254726,-0.09467290421804492,-0.10264817915094461,-0.10205833205455797,-0.0814479863008558,-0.10264817915094461,-0.10205833205455797,-0.0814479863008558,-0.45791924820299823,-0.5902270301179315,-0.5902270301179315,-0.10264817915094461,-0.10264817915094461,5.75,ok,ok,0,,0
425,Ryan Pulock,D,d1,NYI,31,0.3553,20.817,0.47,0.47,0.4504504504504504,ok,76.0,0,14904.0,2763.0,ok,0.0,118.0,5110.0,-0.448555398880917,,,contract_type,4.6619861843719,10,578|644|575|555|595|235|720|572|718|383,-0.051004201691634596,0.4814131737028873,1.6030607430599648,2.554179969288713,-0.3975511971892824,-0.4784992475479496,-0.3693648080918397,-0.3975511971892824,-0.4784992475479496,-0.3693648080918397,-0.887946075897965,-0.9688941262566322,-0.8597596868005223,-0.3975511971892824,4.679854923711807,0,0.08143721296551969,-0.08784918576914502,-0.08576035314540778,-0.07940681630116053,-0.13456674208418318,-0.06899947968873815,-0.03204070080448351,-0.3452353557149626,-0.3452353557149626,-0.08494947037246324,-0.10224659852669749,-0.0789265509536094,-0.06464247108768818,-0.07780475569885359,-0.060059318388917024,-0.06464247108768818,-0.07780475569885359,-0.060059318388917024,-0.448555398880917,-0.3975511971892824,-0.3975511971892824,-0.06464247108768818,-0.06464247108768818,6.15,ok,ok,0,,0
426,Alexander Romanov,D,d1,NYI,26,0.0667,19.45,0.42,0.33,0.5957446808510638,ok,15.0,1,0.0,,,0.005092,82.0,5270.0,-2.4398091852718022,wiki_intl_12mo,wiki_12mo=no_entity_exists|wiki_intl_12mo=fetch_failed,contract_type,3.706145869617823,10,148|149|768|448|146|772|282|556|263|694,-0.1308863673266141,0.4814131737028873,1.6030607430599648,2.554179969288713,-2.308922817945188,-2.1245095494720325,-1.9654132798966248,-2.308922817945188,-2.1245095494720325,-1.9654132798966248,-2.6704254743092757,-2.4860122058361203,-2.3269159362607126,-2.308922817945188,3.873617602649501,0,0.6819825342563876,-0.02196229644228631,-0.5406203157937909,0.4476241554817341,-0.8286154682030602,-1.9325922106286557,0.3204807589887978,-2.3812302443827957,-2.3812302443827957,-0.5960636941462463,-0.548456189381961,-0.5073844353021086,-0.3694276508712301,-0.33992152791552516,-0.31446612478346,-0.3694276508712301,-0.33992152791552516,-0.31446612478346,-2.4398091852718022,-2.308922817945188,-2.308922817945188,-0.3694276508712301,-0.3694276508712301,6.25,ok,low,0,,0
427,Matthew Schaefer,D,d1,NYI,18,0.7195,24.683,0.5,0.51,0.4985507246376812,ok,82.0,0,649164.0,34368.0,ok,0.211813,630.0,85574.0,1.525270630048317,,,contract_type,6.950634430549009,10,332|215|67|73|502|190|594|363|475|21,0.43948237157393377,0.4814131737028873,1.6030607430599648,2.554179969288713,1.0857882584743832,0.4511421688490405,0.6037421555609193,1.0857882584743832,0.4511421688490405,0.6037421555609193,0.06653248275463763,-0.568113606870705,-0.4155136201588263,1.0857882584743832,9.009510357037165,1,0.437454502191913,-1.0981148221143107,0.5696125724767387,0.5697375234206847,0.0251095596425171,-0.14866093927912727,0.2134915962180991,0.8570649204778562,0.8570649204778562,0.12051579003139651,0.050073994142940476,0.06701165009365323,1.1136289830506494,0.46270991676824674,0.619222723652225,0.12051579003139651,0.050073994142940476,0.06701165009365323,1.525270630048317,1.0857882584743832,1.0857882584743832,0.12051579003139651,1.1136289830506494,0.975,ok,ok,0,,0
428,Carson Soucy,D,d1,NYI,31,0.1579,16.519,0.46,0.46,0.4137931034482758,ok,76.0,0,31998.0,3608.0,ok,0.023422,200.0,10601.0,-0.007081513175494693,,,contract_type,2.307909309012014,10,579|644|101|260|720|399|444|238|642|221,-0.45901294533727477,0.4814131737028873,1.6030607430599648,2.554179969288713,0.45193143216178006,0.604770002419494,0.7476889201509618,0.45193143216178006,0.604770002419494,0.7476889201509618,0.44945610904301264,0.6022946793007264,0.7452135970321945,0.45193143216178006,2.137935800616554,0,0.058084432286554515,0.02196229644228631,-0.11328126116163151,-0.026016554408835046,0.06630973505595328,-0.026524925608986893,0.09441182104163404,0.48796796221119554,0.48796796221119554,0.21138681153636543,0.28287566083372845,0.3497246830028,0.13905582528054772,0.18608307766753662,0.230058129277219,0.13905582528054772,0.18608307766753662,0.230058129277219,-0.007081513175494693,0.45193143216178006,0.45193143216178006,0.13905582528054772,0.13905582528054772,3.25,ok,ok,0,,0
429,Jonny Brodzinski,C,f1,NYR,32,0.2909,11.167,0.4699999999999999,0.4699999999999999,0.4887218045112781,ok,55.0,0,15647.0,1661.0,ok,0.002037,80.0,2497.0,-0.6875300211640412,,,contract_type,1.5606237081852898,10,142|457|385|93|316|5|264|198|550|408,-0.08279650945106656,1.3406769531891665,1.8599796639112067,2.554179969288713,-0.6047335117129746,-0.3997974926281474,-0.3288702777495616,-0.6047335117129746,-0.3997974926281474,-0.3288702777495616,-2.1181920868410544,-1.913256067756227,-1.8423288528776411,-0.6047335117129746,1.6368786359321685,0,0.16258998009158807,0.02196229644228631,0.016865228957230916,-0.1958773348048064,-0.23402550105416176,-0.3498561954463692,0.15695332384467373,-0.6120727440427494,-0.6120727440427494,-0.36944309641416473,-0.24424382104570078,-0.20091304909864424,-0.7679155704291741,-0.5076793557182824,-0.4176130511105544,-0.7679155704291741,-0.5076793557182824,-0.4176130511105544,-0.6875300211640412,-0.6047335117129746,-0.6047335117129746,-0.7679155704291741,-0.7679155704291741,0.7875,ok,ok,0,,0
430,Jaroslav Chmelar,R,f1,NYR,22,0.2143,9.15,0.47,0.52,0.5555555555555556,ok,28.0,0,0.0,,,0.003055,60.0,3218.0,-2.6240548484929103,wiki_intl_12mo,wiki_12mo=no_entity_exists|wiki_intl_12mo=fetch_failed,contract_type,0.775,10,704|196|699|328|762|526|512|203|358|632,-0.20661799430718583,1.3406769531891665,1.8599796639112067,2.554179969288713,-2.4174368541857243,-2.738820941366278,-2.6143368542110212,-2.4174368541857243,-2.738820941366278,-2.6143368542110212,-3.287200327991964,-3.6085844151725177,-3.4841003280172607,-2.4174368541857243,1.1423924602218574,1,0.3426775100820465,-0.5490574110571553,-0.392281618394072,-0.636862417698782,-0.06679363124204651,0.40909702087338845,-0.001972961226834491,-2.053309886451265,-2.053309886451265,-2.1161176551500067,-2.3974431176081006,-2.2884752352998783,-2.708612721776722,-3.0687069371050733,-2.9292289683036654,-2.1161176551500067,-2.3974431176081006,-2.2884752352998783,-2.6240548484929103,-2.4174368541857243,-2.4174368541857243,-2.1161176551500067,-2.708612721776722,0.8925,ok,low,0,,0
431,Will Cuylle,L,f1,NYR,23,0.4634,16.85,0.4899999999999999,0.47,0.5173410404624278,ok,82.0,0,30405.0,1960.0,ok,0.01833,297.0,15633.0,0.10919907313360203,,,contract_type,4.165507459163698,10,412|411|80|81|735|539|437|684|454|656,-0.4933538630293276,1.3406769531891665,1.8599796639112067,2.554179969288713,0.6025529361629296,0.5224983770866581,0.5916986550736759,0.6025529361629296,0.5224983770866581,0.5916986550736759,-1.1944610790578083,-1.2745156381340796,-1.2053153601470619,0.6025529361629296,4.439584041704507,0,0.13872658423352827,-0.19766066798057602,-0.14470400766824792,0.1567815758192178,-0.008039464271509894,-0.2011952561672407,-0.12397853349437729,0.6661150041265704,0.6661150041265704,0.13572283585639455,0.11769084044325315,0.13327794890588504,0.15450075286228965,0.13397394284273287,0.1517176038650451,0.15450075286228965,0.13397394284273287,0.1517176038650451,0.10919907313360203,0.6025529361629296,0.6025529361629296,0.15450075286228965,0.15450075286228965,3.9,ok,ok,0,,0
432,Adam Edstrom,C,f1,NYR,25,0.1429,9.467,0.47,0.46,0.3780487804878049,ok,35.0,0,9712.0,1977.0,ok,0.002037,80.0,4418.0,-0.6817674568556489,,,contract_type,0.775,10,584|5|377|241|38|26|439|30|603|56,-0.21072048447471986,1.3406769531891665,1.8599796639112067,2.554179969288713,-0.471046972380929,-0.2317737847397277,-0.09762431777555641,-0.471046972380929,-0.2317737847397277,-0.09762431777555641,-1.5501152354383736,-1.3108420477971725,-1.1766925808330013,-0.471046972380929,1.173029787066136,0,0.3440542040932355,0.06588688932685871,-0.2991853754813537,-0.35010826554275676,-0.4936561451648349,-0.3979195066418743,-0.4575690424017347,-0.2770280636450799,-0.2770280636450799,-0.4015643742168426,-0.19758559185390934,-0.08322407397660765,-0.48312509987787594,-0.23771670229715663,-0.10012750541082709,-0.48312509987787594,-0.23771670229715663,-0.10012750541082709,-0.6817674568556489,-0.471046972380929,-0.471046972380929,-0.48312509987787594,-0.48312509987787594,0.975,ok,ok,0,,0
433,Tye Kartye,L,f1,NYR,24,0.3438,11.963,0.48,0.44,0.3389830508474576,ok,64.0,0,22773.0,1069.0,ok,0.003055,135.0,7584.0,-0.34139392720684,,,contract_type,2.0113062017053305,10,756|438|88|29|207|547|58|489|734|342,-0.0680806603139278,1.3406769531891665,1.8599796639112067,2.554179969288713,-0.2733132668929122,-0.2463661636715232,-0.14906725317335134,-0.2733132668929122,-0.2463661636715232,-0.14906725317335134,-1.8192630643916174,-1.7923159611702284,-1.6950170506720568,-0.2733132668929122,1.9019877662802038,0,0.27234098159916265,-0.3953213359611518,0.12509807641396498,-0.05169216188826753,0.10043823857006817,-0.3610337096778802,-0.6004623670836432,-0.2055283945098997,-0.2055283945098997,-0.1436987512424658,-0.12953088765305346,-0.07837445425050674,-0.21865061351432974,-0.19709293093721855,-0.11925380253868108,-0.21865061351432974,-0.19709293093721855,-0.11925380253868108,-0.34139392720684,-0.2733132668929122,-0.2733132668929122,-0.21865061351432974,-0.21865061351432974,1.25,ok,ok,0,,0
434,Noah Laba,C,f1,NYR,22,0.3243,13.467,0.46,0.46,0.4644549763033175,ok,74.0,0,40008.0,526.0,ok,0.005092,188.0,8396.0,-0.17409536210732784,,,contract_type,2.506116110048489,10,179|31|138|346|28|56|545|627|95|241,-0.3955013076375914,1.3406769531891665,1.8599796639112067,2.554179969288713,0.22140594553026355,-0.2939595494459902,-0.12518975366691526,0.22140594553026355,-0.2939595494459902,-0.12518975366691526,-1.1435601558409116,-1.6589256508171655,-1.4901558550380904,0.22140594553026355,2.4193167979205423,1,0.20055659436033071,-0.21962296442286222,-0.01173734959136652,0.0866780163836598,-0.4097924185517777,-0.2224325332071152,-0.25307628400520293,0.25923335491295607,0.25923335491295607,0.09151589643843543,-0.12150519092772599,-0.05174591181052382,0.24397349369726012,-0.32392236853552636,-0.13795014178172482,0.09151589643843543,-0.12150519092772599,-0.05174591181052382,-0.17409536210732784,0.22140594553026355,0.22140594553026355,0.09151589643843543,0.24397349369726012,0.9075,ok,ok,0,,0
435,Alexis Lafrenière,L,f1,NYR,24,0.6951,17.6,0.52,0.53,0.6070381231671554,ok,82.0,0,104840.0,24435.0,ok,0.165988,199.0,11283.0,0.5063191991935948,,,contract_type,5.133243566670088,10,658|51|314|587|454|656|11|412|700|180,-0.3096141512091263,1.3406769531891665,1.8599796639112067,2.554179969288713,0.8159333504027211,1.0506059443797913,1.1334050934456865,0.8159333504027211,1.0506059443797913,1.1334050934456865,-1.3217465458350908,-1.0870739518580206,-1.0042748027921256,0.8159333504027211,5.460356570958358,0,0.23735071816742045,0.06588688932685871,0.3003120845309092,0.3427734703814469,0.21794657251114546,0.24478756167014215,0.25239773058402015,0.6154985155508302,0.6154985155508302,0.14942858397606715,0.19240610585169116,0.20756979488736216,0.10952125508761357,0.1410209321315156,0.15213491187190423,0.10952125508761357,0.1410209321315156,0.15213491187190423,0.5063191991935948,0.8159333504027211,0.8159333504027211,0.10952125508761357,0.10952125508761357,7.45,ok,ok,0,,0
436,J.T. Miller,C,f1,NYR,32,0.7794,20.15,0.49,0.52,0.4913294797687861,ok,68.0,0,179200.0,19372.0,ok,0.285132,316.0,25510.0,0.9608613728368428,,,contract_type,6.322672771086928,10,4|443|315|252|485|224|484|173|276|590,0.5015540608007933,1.3406769531891665,1.8599796639112067,2.554179969288713,0.45930731203604946,0.8379782412139504,0.9500753961934522,0.45930731203604946,0.8379782412139504,0.9500753961934522,-0.738715211477638,-0.3600442822997371,-0.2479471273202353,0.45930731203604946,8.565180367986603,0,0.1867223706863523,0.19766066798057602,0.28788274254151947,0.4074441127386317,-0.15065735785510176,0.021237277039875324,0.05545206596240938,0.24102440157190566,0.24102440157190566,0.05362494335236256,0.09783544598149915,0.11092298765178067,0.05741341400450618,0.1047472801517438,0.11875942452418152,0.05741341400450618,0.1047472801517438,0.11875942452418152,0.9608613728368428,0.45930731203604946,0.45930731203604946,0.05741341400450618,0.05741341400450618,8.0,ok,ok,0,,1
437,Gabe Perreault,R,f1,NYR,20,0.551,15.983,0.48,0.48,0.5833333333333334,ok,49.0,0,69934.0,6225.0,ok,0.032587,169.0,12056.0,0.14448231199627115,,,contract_type,4.108306513401631,10,588|344|412|328|63|454|656|735|314|587,-0.38085982223771164,1.3406769531891665,1.8599796639112067,2.554179969288713,0.5253421342339828,0.4559972591815319,0.5699206670610659,0.5253421342339828,0.4559972591815319,0.5699206670610659,-1.0532971102960846,-1.1226419853485352,-1.0087185774690013,0.5253421342339828,3.9724486995448776,1,0.31034312504553224,-0.7247557825954453,0.12150978178151844,0.18038017146386143,-0.13358726248409214,-0.2861443643267416,0.41568138762153495,0.5043524024695849,0.5043524024695849,0.13224642379753604,0.11478996801992065,0.14346835168100763,0.5578657048252976,0.48422773620211523,0.6052040639917872,0.13224642379753604,0.11478996801992065,0.14346835168100763,0.14448231199627115,0.5253421342339828,0.5253421342339828,0.13224642379753604,0.5578657048252976,0.9417,ok,ok,0,,0
438,Taylor Raddysh,R,f1,NYR,27,0.2794,11.85,0.47,0.45,0.4,ok,68.0,0,61985.0,2704.0,ok,0.01222,119.0,6459.0,-0.1510301664282944,,,contract_type,1.7774300621556005,10,29|88|756|207|707|547|58|356|489|275,-0.16666364136205297,1.3406769531891665,1.8599796639112067,2.554179969288713,0.01563347493375858,0.024729472536655563,0.11809889972480325,0.01563347493375858,0.024729472536655563,0.11809889972480325,-1.651924921879808,-1.642828924276911,-1.5494594970887632,0.01563347493375858,1.8241126929809302,0,0.18101880313920352,0.2415852608651483,0.01859249678860314,0.03136490595732533,-0.2510955964251695,-0.3185591555981294,-0.22491540320084547,-0.02593411624407445,-0.02593411624407445,0.008570454552460053,0.013556987258415011,0.06474320373913318,0.01042231662250572,0.016486315024437044,0.0787325998165355,0.01042231662250572,0.016486315024437044,0.0787325998165355,-0.1510301664282944,0.01563347493375858,0.01563347493375858,0.01042231662250572,0.01042231662250572,1.5,ok,ok,0,,0
439,Matt Rempe,C,f1,NYR,23,0.0385,8.6,0.51,0.51,0.4285714285714285,ok,26.0,0,125936.0,7565.0,ok,0.324847,233.0,22323.0,0.7621805238576695,,,contract_type,0.775,10,2|343|603|319|487|733|709|675|84|584,-0.8785120568636987,1.3406769531891665,1.8599796639112067,2.554179969288713,1.6406925807213684,2.1395707444770315,2.2999577634231283,1.6406925807213684,2.1395707444770315,2.2999577634231283,0.4931419097609666,0.99202007351663,1.152407092462726,1.6406925807213684,0.9794520732925852,0,0.2457819048230142,0.04392459288457262,-0.20555409668982705,-0.18873882103938322,0.26915685862417427,0.19337099620518006,-0.573946063494948,1.8136235512138779,1.8136235512138779,1.6751126731560404,2.184456802755567,2.3482085812442577,1.6827616212526855,2.1944315327969557,2.3589310394083367,1.6827616212526855,2.1944315327969557,2.3589310394083367,0.7621805238576695,1.6406925807213684,1.6406925807213684,1.6827616212526855,1.6827616212526855,0.975,ok,ok,0,,0
440,Conor Sheary,L,f1,NYR,33,0.2903,14.1,0.5,0.51,0.5283842794759825,ok,62.0,0,39210.0,4288.0,ok,0.003055,148.0,4901.0,-0.18183286322849923,,,contract_type,2.637342639937235,10,417|289|612|50|712|458|200|414|601|163,-0.11093900979257905,1.3406769531891665,1.8599796639112067,2.554179969288713,-0.07089385343592018,-0.3174580459546874,-0.24338801538863378,-0.07089385343592018,-0.3174580459546874,-0.24338801538863378,-1.4455190780529845,-1.692083270571752,-1.6180132400056981,-0.07089385343592018,2.6523595107691462,0,0.1294144378419703,0.3513967430765794,0.034342615471035176,0.16002095332367933,-0.058258583556541316,0.09612662239101455,-0.07634110923297205,-0.15483209523007455,-0.15483209523007455,-0.026728598875105727,-0.119688920248458,-0.0917628301896581,-0.09147593991731635,-0.4096232851028224,-0.3140490521143662,-0.09147593991731635,-0.4096232851028224,-0.3140490521143662,-0.18183286322849923,-0.07089385343592018,-0.07089385343592018,-0.09147593991731635,-0.09147593991731635,0.775,ok,ok,0,,0
441,Adam Sykora,L,f1,NYR,21,0.3636,11.167,,,,thin,11.0,1,20436.0,15548.0,ok,0.005092,73.0,4774.0,-0.4232112179909845,,,contract_type,1.7777350800683924,10,736|358|88|489|344|463|207|454|656|94,-0.7837783188491634,1.3406769531891665,1.8599796639112067,2.554179969288713,0.3605671008581789,0.05644667530735603,0.23879909962171483,0.3605671008581789,0.05644667530735603,0.23879909962171483,-1.407055645702579,-1.7111760712534012,-1.528823646939043,0.3605671008581789,1.6803188831777234,1,0.2088601442237031,-0.39532133596115204,0.15103707434327482,-0.16068820876316958,0.16673628639811683,0.2749668500952289,0.10441110978127621,0.3925514754463368,0.3925514754463368,0.21458254410394706,0.03359283518888231,0.14211534608842316,0.446965539677921,0.06997232590474282,0.2960197094604126,0.21458254410394706,0.03359283518888231,0.14211534608842316,-0.4232112179909845,0.3605671008581789,0.3605671008581789,0.21458254410394706,0.446965539677921,0.8067,ok,ok,0,,0
442,Vincent Trocheck,C,f1,NYR,32,0.791,20.55,0.5,0.43,0.4949832775919732,ok,67.0,0,149526.0,13111.0,ok,0.107943,318.0,24124.0,0.7063013716754278,,,contract_type,6.504401390904313,10,413|141|418|229|265|281|347|661|676|131,0.3588075906865806,1.3406769531891665,1.8599796639112067,2.554179969288713,0.34749378098884726,0.31454328211632354,0.4394087122621792,0.34749378098884726,0.31454328211632354,0.4394087122621792,-0.7457448422273877,-0.7786953410999115,-0.6538299109540557,0.34749378098884726,9.186531781891258,0,0.4437835961769004,0.3294344466342931,0.7353064961953157,0.7616477959382372,0.10043823857006781,-0.5096946489570081,0.22617995076648015,-0.16398795539543493,-0.16398795539543493,0.037826438664680447,0.034239611812627684,0.04783183933770889,0.06177667217579507,0.055918805709568635,0.0781171044021652,0.06177667217579507,0.055918805709568635,0.0781171044021652,0.7063013716754278,0.34749378098884726,0.34749378098884726,0.06177667217579507,0.06177667217579507,5.625,ok,ok,0,,0
443,Mika Zibanejad,C,f1,NYR,32,0.963,20.9,0.4899999999999999,0.51,0.5809768637532133,ok,81.0,0,186261.0,188124.0,ok,0.183299,318.0,29666.0,1.0404471273280709,,,contract_type,7.146762977801334,10,436|252|33|633|636|276|375|485|407|374,0.99814444241019,1.3406769531891665,1.8599796639112067,2.554179969288713,0.04230268491788092,-0.09149873219389755,0.006834804468963746,0.04230268491788092,-0.09149873219389755,0.006834804468963746,-0.7245197919446313,-0.8583212090564099,-0.7599876723935485,0.04230268491788092,10.353546103272162,0,0.22556625156325008,0.1317737786537173,0.47815487694287206,0.35670088908792696,-2.914335439641036e-15,0.10618638519937684,0.2805815794956046,-0.2492628024380686,-0.2492628024380686,0.004085816057216519,-0.008837429348479944,0.0006601414047698747,0.004976786460927167,-0.010764556728693829,0.0008040946434074996,0.004976786460927167,-0.010764556728693829,0.0008040946434074996,1.0404471273280709,0.04230268491788092,0.04230268491788092,0.004976786460927167,0.004976786460927167,8.5,ok,ok,1,,1
444,Will Borgen,D,d1,NYR,29,0.2,18.05,0.4600000000000001,0.4600000000000001,0.3368794326241134,ok,75.0,0,20492.0,3049.0,ok,0.007128,121.0,4127.0,-0.39823737655640096,,,contract_type,3.1205806879111986,10,359|644|260|428|552|576|749|554|696|362,0.04020706434749764,1.3406769531891665,1.8599796639112067,2.554179969288713,-0.4384444409038986,-0.3868304887103772,-0.22097374465143604,-0.4384444409038986,-0.3868304887103772,-0.22097374465143604,-1.7314382571631515,-1.67982430496963,-1.5139675609106888,-0.4384444409038986,2.8474268718732327,0,0.11575135252920404,0.0219622964422862,-0.054740858350617594,-0.2725200785925892,-0.025109559642515045,-0.1274236622392505,-0.19275165990796572,-0.3213890648341185,-0.3213890648341185,-0.15397917510536796,-0.1358526508727838,-0.07760471281429761,-0.10693766851314601,-0.09434889968545786,-0.05389603528083806,-0.10693766851314601,-0.09434889968545786,-0.05389603528083806,-0.39823737655640096,-0.4384444409038986,-0.4384444409038986,-0.10693766851314601,-0.10693766851314601,4.1,ok,ok,0,,0
445,Drew Fortescue,D,d1,NYR,20,0.2222,14.85,,,,thin,9.0,1,18664.0,73.0,ok,0.001018,32.0,2012.0,-1.1773987444078793,,,contract_type,1.5230548328204063,10,667|553|98|379|105|503|673|213|24|21,-1.0718274452583991,1.3406769531891665,1.8599796639112067,2.554179969288713,-0.10557129914948016,-0.6790079845801914,-0.30347143455881637,-0.10557129914948016,-0.6790079845801914,-0.30347143455881637,-2.4527604431349546,-3.026197128565666,-2.650660578544291,-0.10557129914948016,1.5190872424533697,1,0.1308608587023206,-0.41728363240343813,0.023065154883432415,-0.3271003374163473,0.003894543944554414,0.010488614374795771,0.0033328691913555586,0.044062607721466834,0.044062607721466834,-0.06949653462889957,-0.4469841926152799,-0.19977222247532092,-0.11434127493716036,-0.735414258182813,-0.3286812894604314,-0.06949653462889957,-0.4469841926152799,-0.19977222247532092,-1.1773987444078793,-0.10557129914948016,-0.10557129914948016,-0.06949653462889957,-0.11434127493716036,0.9233,ok,ok,0,,0
446,Adam Fox,D,d1,NYR,27,0.9636,23.633,0.56,0.58,0.5254237288135594,ok,55.0,0,83458.0,9657.0,ok,0.117108,438.0,80113.0,0.8543842838357015,,,contract_type,6.643649574328332,10,68|194|257|624|475|334|169|727|744|363,1.0318706799589945,1.3406769531891665,1.8599796639112067,2.554179969288713,-0.17748639612329298,-0.0727962095968397,0.014283354571560773,-0.17748639612329298,-0.0727962095968397,0.014283354571560773,-1.5939441735804638,-1.4892539870540107,-1.4021744228856106,-0.17748639612329298,6.883286479652226,0,0.2968093515758687,0.1756983715382897,0.11135434227706575,-0.22986780202004797,0.47708163320782293,0.6371183111962584,-0.14973564921572707,-0.10604914456085367,-0.10604914456085367,-0.025785124104301463,-0.010575792510166986,0.0020750777428462388,-0.018682778539294,-0.007662758904930494,0.001503511007532713,-0.018682778539294,-0.007662758904930494,0.001503511007532713,0.8543842838357015,-0.17748639612329298,-0.17748639612329298,-0.018682778539294,-0.018682778539294,9.5,ok,ok,0,,1
447,Vladislav Gavrikov,D,d1,NYR,30,0.4268,23.733,0.5,0.5,0.5257985257985258,ok,82.0,0,45136.0,28778.0,ok,0.009165,240.0,12092.0,0.2515301702664242,,,contract_type,6.201864606328718,10,718|767|578|261|469|425|595|283|772|191,0.261741083493361,1.3406769531891665,1.8599796639112067,2.554179969288713,-0.01021091322693679,-0.36468597979329725,-0.2482016576353596,-0.01021091322693679,-0.36468597979329725,-0.2482016576353596,-1.622429516070519,-1.9769045826368794,-1.8604202604789422,-0.01021091322693679,8.096240574012377,0,0.17877634569762335,-0.08784918576914502,0.14175106814188654,0.36571580234476997,0.12554779821258494,0.0637118311196262,0.28808238859772733,-0.17318386578273348,-0.17318386578273348,-0.0012611919240285633,-0.04504386652786483,-0.03065640841158386,-0.0014587018895623988,-0.05209799711332817,-0.03545737966219423,-0.0014587018895623988,-0.05209799711332817,-0.03545737966219423,0.2515301702664242,-0.01021091322693679,-0.01021091322693679,-0.0014587018895623988,-0.0014587018895623988,7.0,ok,ok,0,,0
448,Vincent Iorio,D,d1,NYR,23,0.1111,15.741,0.45,0.42,0.5121951219512195,ok,27.0,0,19621.0,282.0,ok,0.001018,94.0,4890.0,-0.6312170335992797,,,contract_type,1.871636279566675,10,598|147|146|18|695|288|399|44|149|697,-0.29616277300392496,1.3406769531891665,1.8599796639112067,2.554179969288713,-0.33505426059535476,-0.7221789809449554,-0.5887229468857195,-0.33505426059535476,-0.7221789809449554,-0.5887229468857195,-1.1246206481886911,-1.5117453685382918,-1.3782893344790559,-0.33505426059535476,1.8607407807435268,1,0.20436434104892767,0.0439245928845724,-0.35917627339278213,-0.16181894156327134,-0.30131471571020285,-0.3185591555981302,0.041392367144607284,-0.21309077431343348,-0.21309077431343348,-0.18006498490427647,-0.38811369558761566,-0.3163917043030969,-0.4115134617972915,-0.8869798341254672,-0.7230692052145904,-0.18006498490427647,-0.38811369558761566,-0.3163917043030969,-0.6312170335992797,-0.33505426059535476,-0.33505426059535476,-0.18006498490427647,-0.4115134617972915,0.8142,ok,ok,0,,0
449,Matthew Robertson,D,d1,NYR,24,0.25,17.4,0.49,0.49,0.3548387096774194,ok,72.0,0,20454.0,331.0,ok,0.002037,104.0,4248.0,-0.5999184476998078,,,contract_type,2.837806486032418,10,42|535|40|745|773|403|384|213|359|503,-0.49938014567283917,1.3406769531891665,1.8599796639112067,2.554179969288713,-0.10053830202696867,-0.4282762896082085,-0.29072073252872693,-0.10053830202696867,-0.4282762896082085,-0.29072073252872693,-1.0054696840565223,-1.3332076716377625,-1.1956521145582806,-0.10053830202696867,2.476100787046033,0,0.09149400374241982,-0.24158526086514842,-0.06870608450837978,-0.052636769178348364,0.016090615770918915,0.01594962847076388,-0.15399566366095963,-0.019045238144608886,-0.019045238144608886,-0.040603477270773784,-0.17296399720430544,-0.11741070236303033,-0.12373944864857683,-0.5271092795177952,-0.35781013234304854,-0.12373944864857683,-0.5271092795177952,-0.35781013234304854,-0.5999184476998078,-0.10053830202696867,-0.10053830202696867,-0.12373944864857683,-0.12373944864857683,0.8125,ok,ok,0,,0
450,Braden Schneider,D,d1,NYR,24,0.2195,20.45,0.46,0.44,0.3594306049822064,ok,82.0,0,24354.0,3151.0,ok,0.009156,158.0,9830.0,-0.16440909089067404,,,contract_type,4.351881252250235,10,96|100|576|362|150|554|696|47|46|406,-0.18207108370404973,1.3406769531891665,1.8599796639112067,2.554179969288713,0.017661992813375688,-0.05020197534185349,0.04615965540132698,0.017661992813375688,-0.05020197534185349,0.04615965540132698,-1.1914047548687214,-1.2592687230239505,-1.16290709228077,0.017661992813375688,4.517799438465615,0,0.14872291163587584,-0.527095114614869,-0.02026448390988045,0.032513620665953535,-0.125547798212584,-0.10618638519937695,-0.08073006721259102,0.07437520448144078,0.07437520448144078,0.003909423836524768,-0.011112041609112165,0.010217287427217935,0.008028178551534404,-0.022819079700842494,0.020981661546057715,0.008028178551534404,-0.022819079700842494,0.020981661546057715,-0.16440909089067404,0.017661992813375688,0.017661992813375688,0.008028178551534404,0.008028178551534404,2.2,ok,ok,0,,0
451,Urho Vaakanainen,D,d1,NYR,27,0.1765,13.85,0.5,0.47,0.25,ok,34.0,0,15650.0,8746.0,ok,0.007128,45.0,1669.0,-0.7951000310157087,,,contract_type,0.9755497719180917,10,743|143|403|384|42|504|529|449|306|535,-0.42057040292322523,1.3406769531891665,1.8599796639112067,2.554179969288713,-0.37452962809248347,-0.17074820511095304,0.010429560887173958,-0.37452962809248347,-0.17074820511095304,0.010429560887173958,-1.1028492609501288,-0.899067837968598,-0.7178900719704709,-0.37452962809248347,1.2658855814279206,0,0.3366566651949574,0.15373607509600345,-0.1528530626271677,-0.5911136058247217,0.20087647714013576,-0.10618638519937718,-0.8151743852823385,-0.06633109813866378,-0.06633109813866378,-0.29586372859228993,-0.1348843905136741,0.008238944372373214,-0.24163201812418286,-0.11016013232964711,0.006728748959467071,-0.24163201812418286,-0.11016013232964711,0.006728748959467071,-0.7951000310157087,-0.37452962809248347,-0.37452962809248347,-0.24163201812418286,-0.24163201812418286,1.55,ok,ok,0,,0
452,Michael Amadio,R,f1,OTT,29,0.4321,16.117,0.51,0.55,0.3428571428571428,ok,81.0,0,19125.0,1817.0,ok,0.001018,160.0,5510.0,-0.3293719641642916,,,contract_type,3.8024973354553295,10,183|496|320|609|317|395|300|176|759|714,0.033064594251016696,-1.2698462980989846,-0.2930972401703076,-0.7542793387885577,-0.3624365584153083,-0.280903855754062,-0.22010073997722351,-0.3624365584153083,-0.280903855754062,-0.22010073997722351,1.0051327340695775,1.086665436730824,1.1474685525076622,-0.3624365584153083,3.8907673169364294,0,0.2569387132558878,-0.1537360750960035,0.11867764586826018,0.3367981581580003,-0.2259860367826529,0.14866093927912782,-0.5577734243512821,-0.3817648712634812,-0.3817648712634812,-0.09315297700729352,-0.07219754687752553,-0.05657000844515414,-0.1393986763135801,-0.10803994452079309,-0.08465413076047058,-0.1393986763135801,-0.10803994452079309,-0.08465413076047058,-0.3293719641642916,-0.3624365584153083,-0.3624365584153083,-0.1393986763135801,-0.1393986763135801,2.6,ok,ok,0,,0
453,Drake Batherson,R,f1,OTT,27,0.8987,17.35,0.55,0.56,0.7598870056497176,ok,79.0,0,53041.0,5301.0,ok,0.032587,369.0,15015.0,0.35384925399491535,,,contract_type,5.649345885770498,10,653|180|710|698|386|700|185|586|658|468,0.4719316702613464,-1.2698462980989846,-0.2930972401703076,-0.7542793387885577,-0.11808241626643107,-0.12388103827387217,-0.053496263593619364,-0.11808241626643107,-0.12388103827387217,-0.053496263593619364,0.6189662359658015,0.6131676139583605,0.6835523886386132,-0.11808241626643107,5.639010131009237,0,0.3057160374766582,0.1317737786537173,0.5122299744745031,0.10822890319987974,0.22598603678265294,0.1274236622392524,0.7286538695099438,-0.4230293576920277,-0.4230293576920277,-0.020940273828750397,-0.021968578774605015,-0.009486818138424752,-0.02373515904852886,-0.02490071121082858,-0.010753017807762687,-0.02373515904852886,-0.02490071121082858,-0.010753017807762687,0.35384925399491535,-0.11808241626643107,-0.11808241626643107,-0.02373515904852886,-0.02373515904852886,4.975,ok,ok,0,,0
454,Graeme Clarke,R,f1,OTT,24,,,,,,missing,,1,10320.0,203.0,ok,0.0,4.0,73.0,-2.239401080459265,,,price_age_proxy,3.421986815415813,10,656|344|63|51|711|412|735|356|435|587,-0.13545246392284715,-1.2698462980989846,-0.2930972401703076,-0.7542793387885577,-2.103948616536418,-1.6956200217878228,-1.5551311616648944,-2.103948616536418,-1.6956200217878228,-1.5551311616648944,-1.0680221483020595,-0.6596935535534646,-0.5192046934305361,-2.103948616536418,3.1161678319640713,0,0.07999991540065761,-0.04392459288457229,-0.08805091155198935,-0.13670353394447335,-0.018061262199004422,-0.08718461100580324,-0.10607458081810298,-2.032271345819112,-2.032271345819112,-0.6751717911195856,-0.5441362959963232,-0.4990524405371067,,,,,,,-2.239401080459265,-2.103948616536418,-2.103948616536418,,,,low,ok,0,,0
455,Nick Cousins,C,f1,OTT,32,0.284,11.417,0.52,0.56,0.5771144278606966,ok,81.0,0,54578.0,7335.0,ok,0.031568,282.0,21924.0,0.34871638296013163,,,contract_type,1.6319465176874424,10,408|523|93|410|605|142|244|415|713|758,-0.36666866607137616,-1.2698462980989846,-0.2930972401703076,-0.7542793387885577,0.7153850490315078,0.6819825548909472,0.7914556145962169,0.7153850490315078,0.6819825548909472,0.7914556145962169,2.179422805391007,2.146020311250446,2.255493370955716,0.7153850490315078,1.7014213399149463,0,0.45234926265520015,0.5710197074994416,0.12533215461094366,-0.13290129737650136,0.6362740387484294,0.8550798387107712,0.3934885389851137,0.6003164941522637,0.6003164941522637,0.4204631928898163,0.40083108098611203,0.4651732031501273,0.8671333927654641,0.8266455210799359,0.9593401389045055,0.8671333927654641,0.8266455210799359,0.9593401389045055,0.34871638296013163,0.7153850490315078,0.7153850490315078,0.8671333927654641,0.8671333927654641,0.825,ok,ok,0,,0
456,Dylan Cozens,C,f1,OTT,24,0.7195,17.033,0.57,0.61,0.6014150943396226,ok,82.0,0,62714.0,9527.0,ok,0.07943,303.0,14272.0,0.41315904988992774,,,contract_type,4.99761683489905,10,199|652|602|605|460|498|302|649|705|703,0.09886516825040884,-1.2698462980989846,-0.2930972401703076,-0.7542793387885577,0.3142938816395189,0.49132089305040766,0.5836144816913595,0.3142938816395189,0.49132089305040766,0.5836144816913595,1.2300891143061925,1.4071161257170812,1.499409714358033,0.3142938816395189,5.017625782835383,0,0.6465888056055752,-0.2855098537497208,0.5862655642046602,0.3449640214128137,1.0294919453431937,1.1892875142330186,0.4440139346900445,0.08040874748324478,0.08040874748324478,0.06263796768477148,0.09791899880839057,0.11631287524227604,0.04426674389288999,0.06920012578174756,0.08219922277343092,0.04426674389288999,0.06920012578174756,0.08219922277343092,0.41315904988992774,0.3142938816395189,0.3142938816395189,0.04426674389288999,0.04426674389288999,7.1,ok,ok,0,,0
457,Lars Eller,C,f1,OTT,36,0.2206,11.45,0.47,0.4799999999999999,0.4237918215613382,ok,68.0,0,58331.0,18145.0,ok,0.020367,148.0,6114.0,0.03874499470386415,,,contract_type,1.4547433026837127,10,408|385|247|429|245|198|316|93|550|416,-0.17461773233011424,-1.2698462980989846,-0.2930972401703076,-0.7542793387885577,0.2133627270339784,0.21472188249778443,0.3026584549457262,0.2133627270339784,0.21472188249778443,0.3026584549457262,1.6208015304018324,1.6221606858656386,1.7100972583135803,0.2133627270339784,1.6720578697869197,0,0.26133274145679214,0.7247557825954452,-0.27450684557130134,-0.3020370521925567,-0.025109559642517265,-0.0212372770398766,-0.22034993169905553,0.2815862008023996,0.2815862008023996,0.12760486995654552,0.1284177338462261,0.18100955739306782,0.17069018162718272,0.17177750599822755,0.24212676395658092,0.17069018162718272,0.17177750599822755,0.24212676395658092,0.03874499470386415,0.2133627270339784,0.2133627270339784,0.17069018162718272,0.17069018162718272,1.25,ok,ok,0,,0
458,Warren Foegele,L,f1,OTT,29,0.25,13.772,0.48,0.51,0.4956140350877193,ok,68.0,0,34853.0,2681.0,ok,0.021385,147.0,10028.0,-0.11673960104559047,,,contract_type,2.396379849575055,10,728|223|440|352|320|293|249|314|483|163,0.05157490140372169,-1.2698462980989846,-0.2930972401703076,-0.7542793387885577,-0.16831450244931218,-0.10873762577710012,0.00688404994813053,-0.16831450244931218,-0.10873762577710012,0.00688404994813053,1.6999189845956018,1.7594958612678138,1.8751175369930442,-0.16831450244931218,2.4767073593935525,0,0.20578804824696428,0.10981148221143108,-0.346970767407458,-0.1653400018658055,-0.1586968221266096,0.2023130075903914,-0.25159620828009,0.010925179910564908,0.010925179910564908,-0.0679589786055813,-0.04390410734828424,0.0027795168944853305,-0.04808985784266062,-0.031067893079171467,0.00196687141375158,-0.04808985784266062,-0.031067893079171467,0.00196687141375158,-0.11673960104559047,-0.16831450244931218,-0.16831450244931218,-0.04808985784266062,-0.04808985784266062,3.5,ok,ok,0,,0
459,Claude Giroux,R,f1,OTT,38,0.5976,16.3,0.54,0.58,0.494949494949495,ok,82.0,0,129724.0,34153.0,ok,0.114053,329.0,19492.0,0.7359962088575678,,,contract_type,4.364038756684367,10,321|517|157|317|320|7|227|230|318|759,0.22442838586724861,-1.2698462980989846,-0.2930972401703076,-0.7542793387885577,0.5115678229903191,0.5447624158792502,0.611551593000394,0.5115678229903191,0.5447624158792502,0.611551593000394,2.0851416418545785,2.1183362347435093,2.185125411864653,0.5115678229903191,4.2561334829234445,0,0.5707895849687442,0.7247557825954452,0.46233787877558935,0.36746384646659547,0.7532867892755096,0.9556774667943888,0.16121574590493698,0.18346404627778679,0.18346404627778679,0.12019543678384223,0.12799467358459465,0.1436871271669639,0.25578391149515955,0.2723812079396251,0.305775796500197,0.25578391149515955,0.2723812079396251,0.305775796500197,0.7359962088575678,0.5115678229903191,0.5115678229903191,0.25578391149515955,0.25578391149515955,2.0,ok,ok,0,,0
460,Ridly Greig,C,f1,OTT,23,0.4545,16.7,0.52,0.54,0.4525,ok,77.0,0,29650.0,1346.0,ok,0.015275,278.0,24538.0,0.11582297481793852,,,contract_type,4.083771100981585,10,396|184|652|199|740|228|705|272|226|59,0.03614818376679177,-1.2698462980989846,-0.2930972401703076,-0.7542793387885577,0.07967479105114675,0.24046438954330673,0.39005120609274146,0.07967479105114675,0.24046438954330673,0.39005120609274146,1.0513894302447746,1.2121790287369347,1.3617658452863695,0.07967479105114675,4.317423997436077,0,0.21022146279406154,-0.19766066798057602,0.06855147197236793,0.24555025499871064,0.20087647714013585,0.31855915559813064,-0.23013074907444817,0.07835126133351579,0.07835126133351579,0.018454242876877976,0.055696264644405476,0.09034350258959399,0.02451532032342977,0.07398904293640207,0.12001575572084353,0.02451532032342977,0.07398904293640207,0.12001575572084353,0.11582297481793852,0.07967479105114675,0.07967479105114675,0.02451532032342977,0.02451532032342977,3.25,ok,ok,0,,0
461,Stephen Halliday,C,f1,OTT,23,0.3667,8.517,0.57,0.55,0.7,ok,30.0,0,6361.0,94.0,ok,0.001018,93.0,4488.0,-0.9181032315708048,,,contract_type,0.8125457548243602,10,151|733|610|129|114|708|603|2|302|26,-0.6977417378889548,-1.2698462980989846,-0.2930972401703076,-0.7542793387885577,-0.22036149368184998,-0.5665191858614612,-0.3514827047808406,-0.22036149368184998,-0.5665191858614612,-0.3514827047808406,1.4656759016241496,1.1195182094445384,1.3345546905251588,-0.22036149368184998,1.0874304676138566,1,0.6912174423103199,-0.17569837153828982,0.39251569659105084,-0.35285519201991145,1.1891799342977978,0.7231851707789138,1.3138702886359555,-0.38131341460460566,-0.38131341460460566,-0.20264421518866224,-0.5209704921221965,-0.32322315334064283,-0.23195946703352632,-0.5963359851173277,-0.369981794506148,-0.20264421518866224,-0.5209704921221965,-0.32322315334064283,-0.9181032315708048,-0.22036149368184998,-0.22036149368184998,-0.20264421518866224,-0.23195946703352632,0.95,ok,ok,0,,0
462,Hayden Hodgson,R,f1,OTT,29,0.0,7.033,,,,thin,10.0,1,7184.0,138.0,ok,0.001018,31.0,1605.0,-1.3409242098239564,,,contract_type,0.775,10,394|398|497|312|109|646|299|6|196|267,-0.7241616168966254,-1.2698462980989846,-0.2930972401703076,-0.7542793387885577,-0.616762592927331,-0.6704533188915108,-0.49342919550328723,-0.616762592927331,-0.6704533188915108,-0.49342919550328723,0.649355650648487,0.5956649246843073,0.7726890480725308,-0.616762592927331,0.775,0,0.21138035314789583,-0.2855098537497208,-0.45304163038128775,-0.38137328326454956,0.0326534405000271,-0.09165561669840888,0.0240482942933809,-0.33694267769142083,-0.33694267769142083,-0.7958227005513949,-0.8651010566342074,-0.6366828329074673,-0.7590924220644074,-0.8251733155587825,-0.6072974713886612,-0.7590924220644074,-0.8251733155587825,-0.6072974713886612,-1.3409242098239564,-0.616762592927331,-0.616762592927331,-0.7590924220644074,-0.7590924220644074,0.8125,ok,ok,0,,0
463,Arthur Kaliyev,R,f1,OTT,24,0.5,10.617,,,,thin,2.0,1,39004.0,10790.0,ok,0.013238,77.0,3965.0,-0.3339168983474597,,,contract_type,1.9828364603695687,10,267|441|736|358|88|756|513|312|6|663,-0.34714061893645953,-1.2698462980989846,-0.2930972401703076,-0.7542793387885577,0.013223720588999843,0.10099614664726422,0.2308999705674945,0.013223720588999843,0.10099614664726422,0.2308999705674945,1.1966670712675005,1.284439497325765,1.4143433212459953,0.013223720588999843,1.6121628012201494,0,0.21413879466901642,-0.30747215019200713,0.6313423369942953,0.0019478205928915582,0.08287255978506108,0.1419544307402198,0.1192434697096236,-0.19013197945585178,-0.19013197945585178,0.00820247221868139,0.06264636956691116,0.14322373050211812,0.017062865276128828,0.1303176085771151,0.2979354458935413,0.017062865276128828,0.1303176085771151,0.2979354458935413,-0.3339168983474597,0.013223720588999843,0.013223720588999843,0.017062865276128828,0.017062865276128828,0.775,ok,ok,0,,0
464,Kurtis MacDermid,L,f1,OTT,31,0.0526,4.2,,,,thin,19.0,1,25963.0,3599.0,ok,0.009165,77.0,3813.0,-0.4910742297336948,,,contract_type,0.775,10,267|646|394|462|6|463|196|89|109|299,-0.6568898362079911,-1.2698462980989846,-0.2930972401703076,-0.7542793387885577,0.16581560647429633,0.2549488022497163,0.3974061854398593,0.16581560647429633,0.2549488022497163,0.3974061854398593,0.9268010677554352,1.0159342635308555,1.1583916467209987,0.16581560647429633,0.775,0,0.3218093145430943,0.2855098537497208,-0.35840715931699463,-1.0209326833227195,0.08287255978506108,-0.006706508538907606,0.17642712254516246,0.4202048071396722,0.4202048071396722,0.21395562125715656,0.3289661964512468,0.5127821747611088,0.14418748389069247,0.22169461065192722,0.3455705960346603,0.14418748389069247,0.22169461065192722,0.3455705960346603,-0.4910742297336948,0.16581560647429633,0.16581560647429633,0.14418748389069247,0.14418748389069247,1.15,ok,ok,0,,0
465,Shane Pinto,C,f1,OTT,25,0.6389,18.717,0.5,0.57,0.3284883720930232,ok,72.0,0,59277.0,8260.0,ok,0.093686,394.0,18683.0,0.5272488926417835,,,contract_type,5.376146490340396,10,173|460|498|484|392|201|740|298|327|199,0.3258978417232899,-1.2698462980989846,-0.2930972401703076,-0.7542793387885577,0.20135105091849365,0.3646643572736495,0.47617743601926166,0.20135105091849365,0.3646643572736495,0.47617743601926166,1.5832422844732446,1.7465555908284005,1.8580686695740127,0.20135105091849365,6.431216200473114,0,0.5173171982622309,-0.48317052173029673,0.47658320904887175,0.6508717427322689,0.07532867892755073,0.7433046963956352,-0.6746443407387621,0.07742825815084774,0.07742825815084774,0.03130839403341489,0.05670223887774491,0.07404158423164682,0.05369361357826497,0.09724382860630652,0.12698064960513644,0.05369361357826497,0.09724382860630652,0.12698064960513644,0.5272488926417835,0.20135105091849365,0.20135105091849365,0.05369361357826497,0.05369361357826497,3.75,ok,ok,0,,0
466,Tim Stützle,C,f1,OTT,24,1.0375,20.267,0.54,0.53,0.7906976744186046,ok,80.0,0,79697.0,114324.0,ok,0.120163,527.0,36697.0,0.9710505864015562,,,contract_type,7.136485699099187,10,393|614|765|549|174|1|660|407|9|82,0.6214621087149661,-1.2698462980989846,-0.2930972401703076,-0.7542793387885577,0.34958847768659007,0.35164648339781257,0.4449235303648486,0.34958847768659007,0.35164648339781257,0.4449235303648486,0.8958008830611679,0.8978588887723907,0.9911359357394268,0.34958847768659007,9.582667718107631,0,0.4955966234152405,-0.1537360750960034,0.6966835936938109,0.4233513142472437,0.4017529542802718,0.31855915559813036,0.9794966475759832,-0.05410448171010718,-0.05410448171010718,0.036481331500830355,0.036696094839366415,0.04643002798939911,0.04186688355528025,0.04211335130512726,0.053284255133514806,0.04186688355528025,0.04211335130512726,0.053284255133514806,0.9710505864015562,0.34958847768659007,0.34958847768659007,0.04186688355528025,0.04186688355528025,8.35,ok,ok,0,,0
467,Brady Tkachuk,L,f1,OTT,26,0.9833,16.967,0.58,0.62,0.6842105263157895,ok,60.0,0,688484.0,118759.0,ok,0.382892,531.0,98706.0,1.7572389936751258,,,contract_type,5.761160238056234,10,608|653|453|12|586|716|345|710|700|698,0.8027048651030697,-1.2698462980989846,-0.2930972401703076,-0.7542793387885577,0.9545341285720561,0.9204741448549217,1.0803391892118104,0.9545341285720561,0.9204741448549217,1.0803391892118104,2.141252667573996,2.1071926838568618,2.2670577282137505,0.9545341285720561,5.4582765296257225,0,0.4968297866973274,-0.3733590395188657,0.14389121165712115,-0.2949949315874886,0.7532867892755069,1.1255756831133923,0.2898710650315899,1.0283940031092174,1.0283940031092174,0.17487830149153494,0.16863823953566517,0.19792679673667793,0.11632574046968036,0.1121749692110267,0.1316571638265852,0.11632574046968036,0.1121749692110267,0.1316571638265852,1.7572389936751258,0.9545341285720561,0.9545341285720561,0.11632574046968036,0.11632574046968036,8.2057,ok,ok,0,,0
468,Fabian Zetterlund,L,f1,OTT,26,0.4024,12.917,0.53,0.55,0.6818181818181818,ok,82.0,0,22584.0,4522.0,ok,0.013238,256.0,10067.0,0.003267323983213513,,,contract_type,2.537110296666241,10,185|586|200|658|296|601|699|512|711|253,-0.04310379524287325,-1.2698462980989846,-0.2930972401703076,-0.7542793387885577,0.04637111922608676,0.10973489819227206,0.20281029977845738,0.04637111922608676,0.10973489819227206,0.20281029977845738,1.2930176720382818,1.356381451004467,1.4494568525906524,0.04637111922608676,2.2729393190916736,0,0.3105367934805064,-0.08784918576914486,-0.2463171427065668,-0.3427914522899732,0.3098497633957086,0.4090970208733886,0.46731619584825634,0.18605975212049042,0.18605975212049042,0.020401389001716896,0.048278850768495224,0.0892282068750985,0.010847045433002751,0.02566898203328001,0.04744100579613038,0.010847045433002751,0.02566898203328001,0.04744100579613038,0.003267323983213513,0.04637111922608676,0.04637111922608676,0.010847045433002751,0.010847045433002751,4.275,ok,ok,0,,0
469,Thomas Chabot,D,d1,OTT,29,0.5439,22.583,0.52,0.54,0.5291479820627802,ok,57.0,0,33357.0,8409.0,ok,0.019348,292.0,23756.0,0.27827650533945014,,,contract_type,5.7278385036871295,10,727|718|447|578|619|533|192|261|744|721,0.15808271098562401,-1.2698462980989846,-0.2930972401703076,-0.7542793387885577,0.12019379435382613,0.18312867100277583,0.2609361480015977,0.12019379435382613,0.18312867100277583,0.2609361480015977,1.7327714012915565,1.7957062779405062,1.8735137549393281,0.12019379435382613,6.274932492347118,0,0.17220630335042633,-0.0439245928845724,0.21244268362948943,0.19717937694191146,0.20087647714013596,0.27608460151838,0.10273008798806874,0.0073758115464048896,0.0073758115464048896,0.019154595607269717,0.029184165921485018,0.0415838972482707,0.015024224294228266,0.02289108387534698,0.03261701850019971,0.015024224294228266,0.02289108387534698,0.03261701850019971,0.27827650533945014,0.12019379435382613,0.12019379435382613,0.015024224294228266,0.015024224294228266,8.0,ok,ok,0,,0
470,Cameron Crotty,D,d1,OTT,26,0.1667,14.917,,,,thin,6.0,1,7593.0,1448.0,ok,0.001018,13.0,610.0,-1.5547611550969973,,,contract_type,1.5060256805084644,10,336|600|379|262|477|70|667|719|769|669,-0.8763577873785037,-1.2698462980989846,-0.2930972401703076,-0.7542793387885577,-0.6784033677184936,-1.0193544065514362,-0.8440053786712384,-0.6784033677184936,-1.0193544065514362,-0.8440053786712384,-0.19885266022938958,-0.5398036990623323,-0.3644546711821345,-0.6784033677184936,1.5619121755726855,0,0.062397627524406724,0.15373607509600345,0.02790133135902062,0.00022907947743044943,-0.11458158236870963,-0.06379851388305419,0.014139182962221997,-0.7164051184810121,-0.7164051184810121,-0.43434155794947465,-0.6526323454631392,-0.5403667324392155,-0.834957991038146,-1.2545900388325366,-1.0387758506722933,-0.834957991038146,-1.2545900388325366,-1.0387758506722933,-1.5547611550969973,-0.6784033677184936,-0.6784033677184936,-0.834957991038146,-0.834957991038146,0.8125,ok,ok,0,,0
471,Dennis Gilbert,D,d1,OTT,29,0.125,12.683,,,,thin,8.0,1,18834.0,620.0,ok,0.004073,68.0,3781.0,-0.713458124872502,,,contract_type,0.775,10,165|470|187|477|336|726|311|600|71|70,-1.0228159756059887,-1.2698462980989846,-0.2930972401703076,-0.7542793387885577,0.30935785073348665,0.6079616381085827,0.7352056676943025,0.30935785073348665,0.6079616381085827,0.7352056676943025,1.0098590255613142,1.3084628129364104,1.4357068425221304,0.30935785073348665,1.022751272555509,0,0.09744239450041552,0.43924592884572433,-0.019261291637114097,0.06774919575017824,0.036075775486392125,0.02115059427644715,0.0011715810066370014,0.24234244304541452,0.24234244304541452,0.30247613377249205,0.5944374301187546,0.7188508950541539,0.35355182940969904,0.6948133006955232,0.8402350487934886,0.35355182940969904,0.6948133006955232,0.8402350487934886,-0.713458124872502,0.30935785073348665,0.30935785073348665,0.35355182940969904,0.35355182940969904,0.875,ok,ok,0,,0
472,Nick Jensen,D,d1,OTT,35,0.2787,17.017,0.48,0.51,0.482051282051282,ok,61.0,0,20129.0,3407.0,ok,0.008147,209.0,12569.0,-0.07486273375152709,,,contract_type,2.6704887552505094,10,664|330|622|579|509|341|423|17|596|221,-0.1388495854998309,-1.2698462980989846,-0.2930972401703076,-0.7542793387885577,0.0639868517483038,-0.023416941802575197,0.07924525509663827,0.0639868517483038,-0.023416941802575197,0.07924525509663827,1.2889909573919023,1.2015871638410232,1.3042493607402368,0.0639868517483038,2.2808635192390843,0,0.1504358190300974,0.1537360750960035,0.16716527238530088,0.005493852954308487,0.04120017541343529,0.207085121829642,0.32793441650189425,-0.032458404074667616,-0.032458404074667616,0.02805378366946321,-0.010266700135739507,0.03474353218778964,0.015799222653902174,-0.005781960938907455,0.01956672965349093,0.015799222653902174,-0.005781960938907455,0.01956672965349093,-0.07486273375152709,0.0639868517483038,0.0639868517483038,0.015799222653902174,0.015799222653902174,4.05,ok,ok,0,,0
473,Tyler Kleven,D,d1,OTT,24,0.2571,17.35,0.53,0.54,0.5872340425531914,ok,70.0,0,13969.0,829.0,ok,0.002037,223.0,11890.0,-0.23140798378614064,,,contract_type,2.8190389974078167,10,618|24|723|621|499|616|307|619|21|190,-0.44789869925071946,-1.2698462980989846,-0.2930972401703076,-0.7542793387885577,0.21649071546457882,0.16683775017190797,0.24540799263416896,0.21649071546457882,0.16683775017190797,0.24540799263416896,1.4824668596291963,1.4328138943365254,1.5113841367987866,0.21649071546457882,2.4475086506574666,0,0.20066848447890243,0.0878491857691448,-0.11723973694396173,0.02374842799794341,0.3264242753527208,0.27608460151837955,0.37266467929126434,0.22532570861377826,0.22532570861377826,0.08845350369095677,0.06816635770708751,0.10026848835375753,0.13530669716536176,0.10427359385744246,0.1533799953963556,0.13530669716536176,0.10427359385744246,0.1533799953963556,-0.23140798378614064,0.21649071546457882,0.21649071546457882,0.13530669716536176,0.13530669716536176,1.6,ok,ok,0,,0
474,Nikolas Matinpalo,D,d1,OTT,27,0.1,15.633,0.46,0.54,0.4632352941176471,ok,50.0,0,12873.0,12740.0,ok,0.004073,124.0,8159.0,-0.2853769393820433,,,contract_type,1.8068518488130059,10,338|102|573|617|527|217|724|331|747|218,-0.29837445967485565,-1.2698462980989846,-0.2930972401703076,-0.7542793387885577,0.01299752029281237,-0.35897073076974567,-0.22553413510274767,0.01299752029281237,-0.35897073076974567,-0.22553413510274767,1.5560660180037083,1.1840977669411503,1.3175343626081482,0.01299752029281237,1.8274520599529382,0,0.40561236680125595,-0.21962296442286214,-0.4226783442588926,-0.6062966176257202,-0.4017529542802705,0.2973218785582551,0.4860014416615354,0.2737514459758168,0.2737514459758168,0.007112372782652964,-0.1964323653880092,-0.12341452891987535,0.01485430890607128,-0.41025226373685214,-0.257753297260283,0.01485430890607128,-0.41025226373685214,-0.257753297260283,-0.2853769393820433,0.01299752029281237,0.01299752029281237,0.01485430890607128,0.01485430890607128,0.875,ok,ok,0,,0
475,Jake Sanderson,D,d1,OTT,23,0.806,24.833,0.56,0.58,0.4806201550387597,ok,67.0,0,100788.0,8446.0,ok,0.039715,453.0,34210.0,0.6812307536719238,,,contract_type,7.105809246399515,10,20|240|446|332|68|727|190|334|427|668,0.7391074139393008,-1.2698462980989846,-0.2930972401703076,-0.7542793387885577,-0.057876660267377034,-0.13899602232758154,0.031792474259770255,-0.057876660267377034,-0.13899602232758154,0.031792474259770255,1.010532549783636,0.9294131877234315,1.1002016843107836,-0.057876660267377034,9.065139107818164,0,0.46925039458879003,-0.3733590395188656,0.2982825024358643,0.28165985214384803,0.8286154682030604,0.849491081595012,0.18409442363608958,-0.13791735165812516,-0.13791735165812516,-0.006384530847128615,-0.015333026959035347,0.0035071137774765155,-0.007189647238183482,-0.017266586624544288,0.0039493756844435094,-0.007189647238183482,-0.017266586624544288,0.0039493756844435094,0.6812307536719238,-0.057876660267377034,-0.057876660267377034,-0.007189647238183482,-0.007189647238183482,8.05,ok,ok,0,,0
476,Jordan Spence,D,d1,OTT,24,0.4247,18.733,0.6,0.62,0.6875,ok,73.0,0,59397.0,803.0,ok,0.00611,320.0,15343.0,0.16973186726458275,,,contract_type,3.671989580432401,10,123|473|618|307|172|723|24|721|170|619,-0.19127841717957333,-1.2698462980989846,-0.2930972401703076,-0.7542793387885577,0.36101028444415606,0.14028193293211055,0.22983720946823963,0.36101028444415606,0.14028193293211055,0.22983720946823963,1.7373866052384592,1.516658253726414,1.6062135302625429,0.36101028444415606,3.0632042226876948,0,0.7015562189469421,-0.35139674307657953,0.22237428712987628,0.042352611865942635,1.3308066610533982,1.3804230075918964,0.8819840029639596,0.3549031747529833,0.3549031747529833,0.11785380869167156,0.045795814687479564,0.075031631180822,0.2406735229627707,0.09352128862140704,0.15322480631215973,0.2406735229627707,0.09352128862140704,0.15322480631215973,0.16973186726458275,0.36101028444415606,0.36101028444415606,0.2406735229627707,0.2406735229627707,1.5,ok,ok,0,,0
477,Lassi Thomson,D,d1,OTT,25,0.2727,13.75,,,,thin,11.0,1,8572.0,5258.0,ok,0.002035,38.0,1790.0,-0.983138837719677,,,contract_type,1.0132238178422572,10,600|41|470|165|379|667|471|336|70|187,-0.9100141226386448,-1.2698462980989846,-0.2930972401703076,-0.7542793387885577,-0.07312471508103224,-0.41077653100305017,-0.30806513530945917,-0.07312471508103224,-0.41077653100305017,-0.30806513530945917,0.6270207893015237,0.289368973379506,0.3920803690730971,-0.07312471508103224,1.2101219921265212,0,0.1088449028219014,-0.17569837153828982,0.3205199311488516,0.00042452500101464175,-0.08947202272619266,-0.06379851388305419,0.0031560526340055906,-0.1518903123354346,-0.1518903123354346,-0.060427556524720094,-0.3394505129860515,-0.2545736192828815,-0.09435447107229966,-0.5300342335523228,-0.39750340039930215,-0.09435447107229966,-0.5300342335523228,-0.39750340039930215,-0.983138837719677,-0.07312471508103224,-0.07312471508103224,-0.09435447107229966,-0.09435447107229966,0.775,ok,ok,0,,0
478,Carter Yakemchuk,D,d1,OTT,20,0.5,14.533,,,,thin,4.0,1,27400.0,127.0,ok,0.01222,127.0,7830.0,-0.45783674566510574,,,contract_type,1.6175763655311104,10,365|746|41|477|445|667|600|535|379|98,-0.654661161881457,-1.2698462980989846,-0.2930972401703076,-0.7542793387885577,0.19682441621635122,-0.016471186247028716,0.18210238070844742,0.19682441621635122,-0.016471186247028716,0.18210238070844742,1.438762310192058,1.2254667077286783,1.4240402746841543,0.19682441621635122,1.3264748956398553,1,0.23544012904932454,-0.6149443003840143,0.5819852771741905,-0.13742124003436465,-0.005124399927043624,0.005200965805683952,0.06796459097065027,0.14203274634201782,0.14203274634201782,0.1483815614327239,-0.01241726194831864,0.13728294542702688,0.2088322718475875,-0.017476059678545056,0.1932120750222254,0.1483815614327239,-0.01241726194831864,0.13728294542702688,-0.45783674566510574,0.19682441621635122,0.19682441621635122,0.1483815614327239,0.2088322718475875,0.9425,ok,ok,0,,0
479,Artem Zub,D,d1,OTT,30,0.3704,20.8,0.51,0.54,0.3268156424581006,ok,81.0,0,22252.0,18422.0,ok,0.002037,212.0,12354.0,0.053024757254964264,,,contract_type,4.667240624434381,10,552|359|305|749|507|192|617|331|528|745,-0.14580997108850852,-1.2698462980989846,-0.2930972401703076,-0.7542793387885577,0.19883472834347277,0.19884276813954363,0.2683862186178628,0.19883472834347277,0.19884276813954363,0.2683862186178628,1.5751795156498227,1.5751875554458934,1.6447310059242126,0.19883472834347277,4.645700626027032,0,0.3223871677248983,0.24158526086514837,0.29778090629948095,0.2950948198230213,0.32642427535272106,0.40350826375763227,-0.36992948025138594,0.04789728307690311,0.04789728307690311,0.04279972911502796,0.04280145970352646,0.05777088112700553,0.043224940944233216,0.04322668872598775,0.058344830134318,0.043224940944233216,0.04322668872598775,0.058344830134318,0.053024757254964264,0.19883472834347277,0.19883472834347277,0.043224940944233216,0.043224940944233216,4.6,ok,ok,0,,0
480,Rodrigo Abols,C,f1,PHI,30,0.2381,10.5,0.44,0.4,0.382716049382716,ok,42.0,0,20663.0,7037.0,ok,0.004073,127.0,5697.0,-0.2847816418682611,,,contract_type,1.1576752075546173,10,269|78|30|432|198|5|26|372|429|565,-0.34773360330731184,0.040481780277082095,0.38926466507457086,0.10565971620425192,0.06295196143905074,-0.32911420157737614,-0.19690860845956293,0.06295196143905074,-0.32911420157737614,-0.19690860845956293,0.39085012203960845,-0.001216040976818322,0.1309895521409949,0.06295196143905074,1.439011952644383,0,0.46426755339117826,0.3733590395188656,-0.1127253717165132,-0.25871053003016864,-0.7783963489180252,-0.9344401897545145,-0.3279738404089826,0.08476845823306331,0.08476845823306331,0.04374665639390127,-0.2287084558071831,-0.13683597839317194,0.07868995179881343,-0.41139275197172015,-0.24613576057445363,0.07868995179881343,-0.41139275197172015,-0.24613576057445363,-0.2847816418682611,0.06295196143905074,0.06295196143905074,0.07868995179881343,0.07868995179881343,0.8,ok,ok,0,,0
481,Denver Barkey,C,f1,PHI,20,0.3953,13.4,0.49,0.54,0.4693877551020408,ok,43.0,0,38594.0,312.0,ok,0.011202,240.0,16653.0,-0.04112486659512196,,,contract_type,2.6935136336192995,10,206|570|199|184|201|740|255|649|498|28,0.07741165266777163,0.040481780277082095,0.38926466507457086,0.10565971620425192,-0.11853651926289359,-0.3858485361685083,-0.21517877953480996,-0.11853651926289359,-0.3858485361685083,-0.21517877953480996,-0.18929716584411138,-0.456609182749726,-0.2859394261160278,-0.11853651926289359,2.454773724672543,1,0.2534154015198839,-0.5929820039417277,-0.16556016474887483,-0.25596360355301395,-0.11701275052708027,0.2604360815942607,-0.12853780475434592,0.10478128974414432,0.10478128974414432,-0.04828816524777895,-0.15718293392600938,-0.08765727666549548,-0.13444087474525754,-0.43761884560338915,-0.244049880384269,-0.04828816524777895,-0.15718293392600938,-0.08765727666549548,-0.04112486659512196,-0.11853651926289359,-0.11853651926289359,-0.04828816524777895,-0.13444087474525754,0.8817,ok,ok,0,,0
482,Alex Bump,L,f1,PHI,22,0.5294,12.633,0.4499999999999999,0.44,0.6666666666666666,ok,17.0,1,28242.0,90.0,ok,0.007128,226.0,26790.0,-0.14001276895089088,,,contract_type,2.8119519379161635,10,563|378|348|513|420|635|275|388|762|632,0.16925883958751053,0.040481780277082095,0.38926466507457086,0.10565971620425192,-0.3092716085384014,-0.7400446144864441,-0.45902388569996966,-0.3092716085384014,-0.7400446144864441,-0.45902388569996966,0.039776559962770824,-0.3909964459852717,-0.10997571719879727,-0.3092716085384014,2.2706659955378306,1,0.28775959275481194,-0.3733590395188653,0.2787536928593456,-0.0739922104709837,-0.17576691749762074,-0.38227098671775583,0.4424147094643006,-0.40815259641750523,-0.40815259641750523,-0.13620303873232015,-0.3259152230846514,-0.20215385556573023,-0.3255490616193699,-0.7789943310383621,-0.48318303757891545,-0.13620303873232015,-0.3259152230846514,-0.20215385556573023,-0.14001276895089088,-0.3092716085384014,-0.3092716085384014,-0.13620303873232015,-0.3255490616193699,0.95,ok,ok,0,,0
483,Noah Cates,L,f1,PHI,26,0.5732,16.25,0.48,0.51,0.583916083916084,ok,82.0,0,21222.0,868.0,ok,0.002037,242.0,9063.0,-0.16683065592824595,,,contract_type,4.272784770201454,10,314|587|632|249|585|328|699|435|679|458,0.09102679757537159,0.040481780277082095,0.38926466507457086,0.10565971620425192,-0.25785745350361755,-0.3410644869452562,-0.2674511568829981,-0.25785745350361755,-0.3410644869452562,-0.2674511568829981,0.14150146068389893,0.058294427242260166,0.13190775730451829,-0.25785745350361755,4.184296148012946,0,0.15328564374242384,0.19766066798057574,0.20926590809906265,0.22582232848096642,-0.0753286789275508,0.0849491081595016,0.12668717080688574,-0.4183438861162299,-0.4183438861162299,-0.061625048606100664,-0.0815105993650144,-0.06391783645858964,-0.06446436337590439,-0.08526612173631405,-0.06686278922074952,-0.06446436337590439,-0.08526612173631405,-0.06686278922074952,-0.16683065592824595,-0.25785745350361755,-0.25785745350361755,-0.06446436337590439,-0.06446436337590439,4.0,ok,ok,0,,0
484,Sean Couturier,C,f1,PHI,33,0.4615,16.65,0.5,0.54,0.3898305084745763,ok,78.0,0,60799.0,13133.0,ok,0.032587,220.0,14643.0,0.2783293818561478,,,contract_type,4.086290114184084,10,4|173|713|606|436|224|590|604|705|245,0.18241364073692334,0.040481780277082095,0.38926466507457086,0.10565971620425192,0.09591574111922446,0.0035389556750172286,0.08614103998472761,0.09591574111922446,0.0035389556750172286,0.08614103998472761,0.2556311577107923,0.16325437226658496,0.2458564565762954,0.09591574111922446,4.292842674016756,0,0.20242704184231838,0.2635475573074344,0.011837668818643066,0.12108951352473765,0.05021911928503398,0.42474554079750715,-0.343122851320554,0.08206140490167259,0.08206140490167259,0.022343176399119556,0.000824385132126418,0.02006620007439653,0.012376224660545092,0.0004566394419377069,0.011114972901255175,0.012376224660545092,0.0004566394419377069,0.011114972901255175,0.2783293818561478,0.09591574111922446,0.09591574111922446,0.012376224660545092,0.012376224660545092,7.75,ok,ok,0,,0
485,Christian Dvorak,C,f1,PHI,29,0.6375,18.467,0.46,0.48,0.5221238938053098,ok,80.0,0,57580.0,8359.0,ok,0.02444,337.0,15834.0,0.36875183337580214,,,contract_type,5.280036550348151,10,686|633|729|33|212|436|443|252|590|419,0.7254852433780128,0.040481780277082095,0.38926466507457086,0.10565971620425192,-0.35673341000221065,-0.690671743903655,-0.6154692107827215,-0.35673341000221065,-0.690671743903655,-0.6154692107827215,0.34667002649764533,0.012731692596200982,0.08793422571713426,-0.35673341000221065,6.168776414676936,0,0.20503805991888793,-0.1976606679805759,-0.15425753180904056,0.033587419197931845,-0.3515338349952365,-0.2973218785582551,-0.19586702697228778,-0.26643314779414673,-0.26643314779414673,-0.057828876591062686,-0.11196251857343838,-0.09977168394665414,-0.06606174259300197,-0.12790217479697316,-0.11397577977457805,-0.06606174259300197,-0.12790217479697316,-0.11397577977457805,0.36875183337580214,-0.35673341000221065,-0.35673341000221065,-0.06606174259300197,-0.06606174259300197,5.4,ok,ok,0,,0
486,Tyson Foerster,R,f1,PHI,24,0.5862,17.3,0.46,0.53,0.4761904761904761,ok,29.0,0,27343.0,2433.0,ok,0.01222,221.0,17133.0,0.019674232706785068,,,contract_type,4.697709695167616,10,542|496|483|587|585|320|314|183|699|458,0.0002466851767703976,0.040481780277082095,0.38926466507457086,0.10565971620425192,0.01942754753001467,-0.050970659288474995,0.02825646404244647,0.01942754753001467,-0.050970659288474995,0.02825646404244647,-0.20933192778575122,-0.2797301346042409,-0.20050301127331943,0.01942754753001467,4.997256057775311,0,0.37179382593592836,-0.3513967430765795,0.18074180781007249,0.3977299818330592,-0.7281772296329914,0.04247455407975065,-0.530242639183117,-0.013602108079100218,-0.013602108079100218,0.0038876429995591357,-0.010199729351304487,0.005654395875608932,0.0051806793413372455,-0.013592175810259998,0.007535057077985725,0.0051806793413372455,-0.013592175810259998,0.007535057077985725,0.019674232706785068,0.01942754753001467,0.01942754753001467,0.0051806793413372455,0.0051806793413372455,3.75,ok,ok,0,,0
487,Jacob Gaucher,C,f1,PHI,24,0.0,8.817,,,,thin,4.0,1,3805.0,1691.0,ok,0.0,29.0,830.0,-1.3902781877334218,,,contract_type,0.775,10,675|709|2|343|84|493|319|439|415|603,-0.6334068462051898,0.040481780277082095,0.38926466507457086,0.10565971620425192,-0.756871341528232,-1.2805252986751146,-1.1108648826483274,-0.756871341528232,-1.2805252986751146,-1.1108648826483274,-0.4813873441870523,-1.0050413013339348,-0.8353808853071479,-0.756871341528232,1.0010936146088305,1,0.14454469139251616,0.307472150192007,-0.2765466698592596,-0.15267916801201253,0.03314902391402437,-0.011177514231512892,0.08624362214628056,-0.6796628250008331,-0.6796628250008331,-0.7560445201960194,-1.2791264273276477,-1.1096513517193787,-0.8674743169378016,-1.467650772120475,-1.2731975732359053,-0.7560445201960194,-1.2791264273276477,-1.1096513517193787,-1.3902781877334218,-0.756871341528232,-0.756871341528232,-0.7560445201960194,-0.8674743169378016,0.8725,ok,ok,0,,0
488,Luke Glendening,C,f1,PHI,36,0.1286,10.539,0.41,0.39,0.4182509505703422,ok,70.0,0,29212.0,3395.0,ok,0.001018,133.0,4300.0,-0.30227749544308613,,,contract_type,0.8450051897639848,10,429|457|385|480|625|541|416|198|589|211,-0.028466549392354712,0.040481780277082095,0.38926466507457086,0.10565971620425192,-0.2738109460507314,-0.4335435954468052,-0.3618073767263802,-0.2738109460507314,-0.4335435954468052,-0.3618073767263802,-0.20253982827673545,-0.3622724776728092,-0.29053625895238433,-0.2738109460507314,1.392257779415121,0,0.6871380928013137,0.8126049683645897,-0.6190365117816947,-0.5518325572014153,-0.9039441471306109,-1.1892875142330186,-0.046122858096552144,-0.11227880374883809,-0.11227880374883809,-0.19666684582344926,-0.3113960660567716,-0.25987096791685604,-0.35330444651707277,-0.5594110908991035,-0.46684822803403897,-0.35330444651707277,-0.5594110908991035,-0.46684822803403897,-0.30227749544308613,-0.2738109460507314,-0.2738109460507314,-0.35330444651707277,-0.35330444651707277,0.775,ok,ok,0,,0
489,Nikita Grebenkin,R,f1,PHI,22,0.2545,11.283,0.4799999999999999,0.4499999999999999,0.5072463768115942,ok,55.0,0,30462.0,22828.0,ok,0.022403,187.0,7971.0,0.050870176644881734,,,contract_type,1.4945737480759396,10,207|88|580|441|140|358|736|438|356|275,-0.3543695399969418,0.040481780277082095,0.38926466507457086,0.10565971620425192,0.40523971664182357,0.2948017881841382,0.46236692382032085,0.40523971664182357,0.2948017881841382,0.46236692382032085,0.9159887829547595,0.8055508544970746,0.9731159901332569,0.40523971664182357,1.6467021584673152,1,0.18611618133925678,-0.417283632403438,-0.07895123186671243,-0.01248602944161048,-0.049723535871038005,-0.38674199241036344,0.17151066604237847,0.46889329908527194,0.46889329908527194,0.24609168971941142,0.17902556735489314,0.280783577918349,0.46313110473351266,0.33691632935330085,0.5284193415089381,0.24609168971941142,0.17902556735489314,0.280783577918349,0.050870176644881734,0.40523971664182357,0.40523971664182357,0.24609168971941142,0.46313110473351266,0.875,ok,ok,0,,0
490,Carl Grundstrom,R,f1,PHI,28,0.2766,11.85,0.46,0.47,0.4846153846153846,ok,47.0,0,17395.0,3288.0,ok,0.004069,113.0,5007.0,-0.4203057009009708,,,contract_type,1.7690681386167744,10,186|293|249|312|711|275|593|635|632|707,-0.35231793615934653,0.040481780277082095,0.38926466507457086,0.10565971620425192,-0.06798776474162427,-0.17183924988240415,-0.06901985281055542,-0.06798776474162427,-0.17183924988240415,-0.06901985281055542,0.3613678768337114,0.25751639169293167,0.36033578876478034,-0.06798776474162427,1.8222734799769096,0,0.116288093358139,0.08784918576914487,-0.12275729444417682,-0.12525984735823614,-0.2340255010541591,-0.11624614800773947,0.011590583515377714,-0.019317514079510524,-0.019317514079510524,-0.03730930921657585,-0.09429937480327133,-0.03787568307882634,-0.03777098041201348,-0.09546624993466896,-0.03834436267253079,-0.03777098041201348,-0.09546624993466896,-0.03834436267253079,-0.4203057009009708,-0.06798776474162427,-0.06798776474162427,-0.03777098041201348,-0.03777098041201348,1.8,ok,ok,0,,0
491,Garnet Hathaway,R,f1,PHI,34,0.0455,10.4,0.45,0.48,0.4034090909090909,ok,66.0,0,26486.0,3125.0,ok,0.004069,178.0,6948.0,-0.16729917238283187,,,contract_type,0.775,10,203|186|593|317|440|289|458|109|417|490,-0.12813795285727822,0.040481780277082095,0.38926466507457086,0.10565971620425192,-0.03916121952555365,0.1040515206662975,0.18479983041255943,-0.03916121952555365,0.1040515206662975,0.18479983041255943,0.05724167645981304,0.20045441665166416,0.28120272639792615,-0.03916121952555365,1.3206223539822812,0,0.5055253913562175,0.5490574110571553,-0.6337834381913602,-0.4456014187121934,-0.6528485507054409,-0.2760846015183797,-0.4757769279527755,0.23263145398628363,0.23263145398628363,-0.029653609457287046,0.07878976177597971,0.13993389545111312,-0.016317174802314025,0.04335480027762396,0.07699992933856643,-0.016317174802314025,0.04335480027762396,0.07699992933856643,-0.16729917238283187,-0.03916121952555365,-0.03916121952555365,-0.016317174802314025,-0.016317174802314025,2.4,ok,ok,0,,0
492,Travis Konecny,R,f1,PHI,28,0.8831,19.083,0.47,0.48,0.5393939393939394,ok,77.0,0,82491.0,10266.0,ok,0.082485,283.0,12447.0,0.4304228450366982,,,contract_type,6.240009703094849,10,128|65|735|63|679|754|323|525|588|585,0.469135057249823,0.040481780277082095,0.38926466507457086,0.10565971620425192,-0.03871221221312482,-0.004286788867168742,0.0833683921315412,-0.03871221221312482,-0.004286788867168742,0.0833683921315412,-0.31379424857068405,-0.27936882522472817,-0.19171364422601805,-0.03871221221312482,7.458846069190608,0,0.265832435999474,0.1756983715382897,0.2582885704949116,0.13517375473487436,-0.37664339463775465,-0.25484732447850433,-0.3943432001125092,-0.16188487690769926,-0.16188487690769926,-0.005190107404552679,-0.0005747254772927523,0.011177116588570095,-0.0044242528243571225,-0.0004899187276764276,0.009527816243604707,-0.0044242528243571225,-0.0004899187276764276,0.009527816243604707,0.4304228450366982,-0.03871221221312482,-0.03871221221312482,-0.0044242528243571225,-0.0044242528243571225,8.75,ok,ok,0,,0
493,Jett Luchanko,C,f1,PHI,19,0.0,8.967,,,,thin,4.0,1,31154.0,696.0,ok,0.016293,165.0,7621.0,-0.23734535997883935,,,contract_type,0.775,10,343|2|319|84|487|603|675|709|439|376,-0.6951782937582462,0.040481780277082095,0.38926466507457086,0.10565971620425192,0.4578329337794069,0.28034097801118635,0.42448211842863015,0.4578329337794069,0.28034097801118635,0.42448211842863015,0.6631890641866509,0.4856971084184304,0.6298382488358741,0.4578329337794069,1.0261236707947274,1,0.2280134903705611,-0.8126049683645897,-0.31811226969421247,-0.15058151506582185,-0.04217965501352659,-0.011177514231513135,-0.03342501985370286,0.7354218592654629,0.7354218592654629,0.44617714882731213,0.27320388954097874,0.4136753985022789,0.48576438597284555,0.29744400849993247,0.45037890549456777,0.44617714882731213,0.27320388954097874,0.4136753985022789,-0.23734535997883935,0.4578329337794069,0.4578329337794069,0.44617714882731213,0.48576438597284555,0.9425,ok,ok,0,,0
494,Porter Martone,R,f1,PHI,19,1.1111,17.033,,,,thin,9.0,1,170494.0,258.0,ok,0.058045,444.0,48007.0,0.5954137557844656,,,contract_type,6.167091569829215,10,739|651|345|232|734|313|3|225|354|463,0.5787231072870764,0.040481780277082095,0.38926466507457086,0.10565971620425192,0.016690648497389216,-0.5481804203561562,-0.29294503377139147,0.016690648497389216,-0.5481804203561562,-0.29294503377139147,-0.02988183626368901,-0.5947529051172346,-0.3395175185324697,0.016690648497389216,5.777915126790977,1,0.35383368457938347,-0.8565295612491624,0.7013651576333872,0.004070445597965322,-0.2942664182666914,-0.15089644212542944,-0.11587408260366508,-0.11955275464179405,-0.11955275464179405,0.002888697416131675,-0.09487512508004123,-0.050700819818738245,0.017265592735480725,-0.5670636395532804,-0.3030361371380899,0.002888697416131675,-0.09487512508004123,-0.050700819818738245,0.5954137557844656,0.016690648497389216,0.016690648497389216,0.002888697416131675,0.017265592735480725,0.9667,ok,ok,0,,0
495,Matvei Michkov,R,f1,PHI,21,0.6296,14.833,0.5,0.53,0.7411347517730497,ok,81.0,0,73918.0,52652.0,ok,0.194501,689.0,65807.0,1.1482609957752583,,,contract_type,3.92016435291652,10,699|563|185|632|328|513|704|348|587|512,0.1736570728485712,0.040481780277082095,0.38926466507457086,0.10565971620425192,0.9746039229266871,1.068134716180784,1.1414980980262384,0.9746039229266871,1.068134716180784,1.1414980980262384,1.3437218231329116,1.4372526163870085,1.510615998232463,0.9746039229266871,3.381672709592596,1,0.5066894349148908,-0.592982003941728,0.353892794089546,0.24487600940886395,0.45197207356530567,0.5096946489570088,0.8867190795268922,0.820062894364868,0.820062894364868,0.2882017293282358,0.31585987406494653,0.3375542803974544,1.025898866238618,1.1243523328218779,1.2015769452907774,0.2882017293282358,0.31585987406494653,0.3375542803974544,1.1482609957752583,0.9746039229266871,0.9746039229266871,0.2882017293282358,1.025898866238618,0.95,ok,ok,0,,0
496,Owen Tippett,R,f1,PHI,26,0.6296,16.85,0.5,0.55,0.4523076923076923,ok,81.0,0,43578.0,3031.0,ok,0.041752,281.0,12613.0,0.18530682887848432,,,contract_type,4.661847349218329,10,183|320|452|587|51|486|585|483|314|609,0.07709277396076485,0.040481780277082095,0.38926466507457086,0.10565971620425192,0.10821405491771947,0.11897920340839832,0.2295598358215617,0.10821405491771947,0.11897920340839832,0.2295598358215617,-0.1804780137314087,-0.16971286524072982,-0.059132232827566446,0.10821405491771947,4.713540816349358,0,0.2124355761144224,0.021962296442286144,0.3132635070425084,0.24967064471444272,-1.3877787807814457e-16,0.27608460151837977,-0.41363240696891723,-0.006744921421855829,-0.006744921421855829,0.022958124079963175,0.02524200129883416,0.04870220599879222,0.017453879825438626,0.01919019409812876,0.03702577997121963,0.017453879825438626,0.01919019409812876,0.03702577997121963,0.18530682887848432,0.10821405491771947,0.10821405491771947,0.017453879825438626,0.017453879825438626,6.2,ok,ok,0,,0
497,Garrett Wilson,L,f1,PHI,34,0.0,8.683,,,,thin,3.0,1,13298.0,1748.0,ok,,20.0,1276.0,-1.3669360422794055,trends_12mo,trends_12mo=fetch_failed,contract_type,0.775,10,109|462|350|646|163|417|662|394|715|398,-0.42700135018416396,0.040481780277082095,0.38926466507457086,0.10565971620425192,-0.9399346920952415,-1.6054164232102939,-1.3323785751816575,-0.9399346920952415,-1.6054164232102939,-1.3323785751816575,-1.2231330116403105,-1.8886147427553628,-1.6155768947267266,-0.9399346920952415,0.9792502205269458,0,0.2241027299932026,0.4831705217302966,-0.40679446660675866,-0.24997030942104126,-0.000991166827994834,0.2000775047440894,-0.003612410629034696,-0.8048436521715807,-0.8048436521715807,-0.9598513969079853,-1.6394343238916003,-1.3606109523924228,-1.212818957542247,-2.071505062206831,-1.7191981615247194,-1.212818957542247,-2.071505062206831,-1.7191981615247194,-1.3669360422794055,-0.9399346920952415,-0.9399346920952415,-1.212818957542247,-1.212818957542247,0.775,ok,ok,0,,0
498,Trevor Zegras,C,f1,PHI,24,0.8272,18.717,0.5,0.55,0.5733788395904437,ok,81.0,0,238634.0,22282.0,ok,0.289206,715.0,76695.0,1.423985616374525,,,contract_type,5.938485848326479,10,729|205|649|199|591|59|208|206|481|184,0.29238947135571325,0.040481780277082095,0.38926466507457086,0.10565971620425192,1.1315961450188117,0.9344283786895463,1.0231415262593058,1.1315961450188117,0.9344283786895463,1.0231415262593058,0.7186362242403548,0.5214684579110894,0.6101816054808487,1.1315961450188117,6.882655689632758,0,0.36634944991043644,-0.02196229644228631,0.5356043544299591,0.5377982601090446,0.12554779821258483,0.467220094877258,0.5099638953914858,0.8023730486972774,0.8023730486972774,0.1644127203287705,0.13576567255820482,0.14865505008487476,0.19679932956848897,0.16250928325035588,0.17793765674074882,0.19679932956848897,0.16250928325035588,0.17793765674074882,1.423985616374525,1.1315961450188117,1.1315961450188117,0.19679932956848897,0.19679932956848897,5.75,ok,ok,0,,0
499,Emil Andrae,D,d1,PHI,23,0.2131,15.333,0.5,0.53,0.5977653631284916,ok,61.0,0,8232.0,2577.0,ok,0.0,187.0,6464.0,-0.3847466134558687,,,contract_type,1.7589083333303004,10,473|723|102|616|693|214|618|672|307|24,-0.7114906892956856,0.040481780277082095,0.38926466507457086,0.10565971620425192,0.3267440758398169,0.2830676343909605,0.36225964109098885,0.3267440758398169,0.2830676343909605,0.36225964109098885,-0.009190926457820714,-0.05286736790667697,0.026324638793351392,0.3267440758398169,1.6727593752165504,1,0.1784332591108333,-0.28550985374972093,-0.008627453545790531,-0.04959450894207662,-0.22598603678265286,0.21237277039875357,0.2885089312460054,0.331676452510917,0.331676452510917,0.19533238353395424,0.16922196855379476,0.2165641074611175,0.36172265674727877,0.3133705683504489,0.4010402314745808,0.19533238353395424,0.16922196855379476,0.2165641074611175,-0.3847466134558687,0.3267440758398169,0.3267440758398169,0.19533238353395424,0.36172265674727877,0.9033,ok,ok,0,,0
501,Oliver Bonk,D,d1,PHI,21,2.0,16.467,,,,thin,1.0,1,30830.0,1822.0,ok,0.009165,127.0,7036.0,-0.2727537053950968,,,contract_type,3.971161830117464,10,506|257|746|365|624|68|45|478|194|446,0.3568778851683944,0.040481780277082095,0.38926466507457086,0.10565971620425192,-0.6296315905634913,-0.5319072554229853,-0.35675299734735166,-0.6296315905634913,-0.5319072554229853,-0.35675299734735166,-0.6585242842342984,-0.5607999490937925,-0.3856456910181589,-0.6296315905634913,1.2962890932907765,1,1.1885341142654342,-0.7906426719223038,3.7718691866318075,-1.0449558039683782,-0.6399350628892887,-0.6638166023321037,-0.21998535784872347,-1.3149782788057829,-1.3149782788057829,-0.4857184973801641,-0.4103307342289509,-0.2752109843350559,-0.7100841215332031,-0.5998728492421173,-0.4023378790429138,-0.4857184973801641,-0.4103307342289509,-0.2752109843350559,-0.2727537053950968,-0.6296315905634913,-0.6296315905634913,-0.4857184973801641,-0.7100841215332031,0.8867,ok,ok,0,,0
502,Jamie Drysdale,D,d1,PHI,23,0.4103,21.55,0.48,0.51,0.4965034965034965,ok,78.0,0,51283.0,4568.0,ok,0.052953,271.0,12893.0,0.24758872795789502,,,contract_type,5.083028575664168,10,594|215|510|573|73|21|190|750|67|76,-0.01726421627520741,0.040481780277082095,0.38926466507457086,0.10565971620425192,0.26485294423310246,0.2855845677711354,0.4655612134759824,0.26485294423310246,0.2855845677711354,0.4655612134759824,-0.5621785203434604,-0.5414468968054276,-0.36147025110058056,0.26485294423310246,5.318538521210234,0,0.23123624622244068,-0.24158526086514842,0.06985562192696418,0.2002259681256653,0.12554779821258466,0.33979643263800585,0.4104063955662758,0.18112177345816047,0.18112177345816047,0.049798068243159986,0.05369606079418799,0.08753555353962988,0.11515345401439238,0.12416720337875455,0.20241791890260105,0.11515345401439238,0.12416720337875455,0.20241791890260105,0.24758872795789502,0.26485294423310246,0.26485294423310246,0.11515345401439238,0.11515345401439238,2.3,ok,ok,0,,0
503,Helge Grans,D,d1,PHI,23,,,,,,missing,,1,4303.0,1273.0,ok,0.0,26.0,1067.0,-1.3867592664970774,,,price_age_proxy,3.381105895244709,10,673|21|750|18|669|98|621|667|553|190,-0.8381945608962058,0.040481780277082095,0.38926466507457086,0.10565971620425192,-0.5485647056008716,-0.8769292549537132,-0.7561057447872268,-0.5485647056008716,-0.8769292549537132,-0.7561057447872268,-1.7518548447561335,-2.0802193941089753,-1.959395883942489,-0.5485647056008716,2.9324950755218513,0,0.07235362620587628,0.04392459288457218,0.10453226464060422,0.20593489408895327,-0.012196071826364209,-0.005461014095967914,-0.06207291969879586,-0.6457718485390685,-0.6457718485390685,-0.18706415235948926,-0.29903861127461895,-0.25783700409204413,,,,,,,-1.3867592664970774,-0.5485647056008716,-0.5485647056008716,,,,low,ok,0,,0
504,David Jiricek,D,d1,PHI,22,0.0,12.021,0.4599999999999999,0.43,0.3611111111111111,ok,26.0,0,46158.0,18018.0,ok,0.027495,192.0,10492.0,0.15885225691182034,,,contract_type,0.775,10,384|695|98|743|449|667|379|105|340|288,-0.897363760797129,0.040481780277082095,0.38926466507457086,0.10565971620425192,1.0562160177089492,1.0717393026139534,1.213256023277613,1.0562160177089492,1.0717393026139534,1.213256023277613,0.847728267485457,0.863251552390461,1.004768273054121,1.0562160177089492,0.9296034316151872,1,0.6140054633547746,-0.2415852608651483,-0.570983601916186,-0.645003308894712,-0.7050149419627544,-0.8441167502624735,-0.6773289162273728,1.4626247559222278,1.4626247559222278,1.1362006440464323,1.152899468918488,1.3051329007785384,1.1501862329401604,1.1670906050462304,1.3211978909698496,1.1362006440464323,1.152899468918488,1.3051329007785384,0.15885225691182034,1.0562160177089492,1.0562160177089492,1.1362006440464323,1.1501862329401604,0.9183,ok,ok,0,,0
505,Noah Juulsen,D,d1,PHI,28,0.1923,13.817,0.45,0.47,0.6068965517241379,ok,52.0,0,18952.0,3373.0,ok,0.004073,129.0,5747.0,-0.3445433761148935,,,contract_type,0.9733568036154745,10,421|597|214|423|693|722|145|195|577|330,-0.6078446775177897,0.040481780277082095,0.38926466507457086,0.10565971620425192,0.2633013014028962,0.2582357711301884,0.3408839288052585,0.2633013014028962,0.2582357711301884,0.3408839288052585,0.5405113673353774,0.5354458370626697,0.6180939947377396,0.2633013014028962,1.2525090145048752,0,0.18718488671441044,-0.17569837153828974,0.11035115000429951,-0.10498253554506048,-0.32642427535272023,-0.0424745540797512,0.3631784337663414,0.22481712903930476,0.22481712903930476,0.21021908693166644,0.20617478049231497,0.27216085861067596,0.29255700155877357,0.28692863458909823,0.3787599208947316,0.29255700155877357,0.28692863458909823,0.3787599208947316,-0.3445433761148935,0.2633013014028962,0.2633013014028962,0.29255700155877357,0.29255700155877357,0.9,ok,ok,0,,0
506,Hunter McDonald,D,d1,PHI,23,1.0,15.183,,,,thin,1.0,1,703.0,67.0,ok,0.0,90.0,9924.0,-1.2299246578634966,,,contract_type,2.4048013325971285,10,365|746|478|68|257|624|41|45|446|477,0.25054652686995105,0.040481780277082095,0.38926466507457086,0.10565971620425192,-1.4804711847334477,-2.0086180984296713,-1.4572172028772106,-1.4804711847334477,-2.0086180984296713,-1.4572172028772106,-1.42400725152254,-1.9521541652187637,-1.4007532696663028,-1.4804711847334477,1.3177018405854457,1,0.588771792382185,-0.32943444663429333,0.906852374838363,-1.0621865245978002,-0.5234062085483017,-0.5416805886619633,-0.16907061101238927,-1.3867708222238602,-1.3867708222238602,-1.1235251702127735,-1.524334289111455,-1.1058777926801553,-1.5583907207720504,-2.1143348404522855,-1.5339128451339061,-1.1235251702127735,-1.524334289111455,-1.1058777926801553,-1.2299246578634966,-1.4804711847334477,-1.4804711847334477,-1.1235251702127735,-1.5583907207720504,0.95,ok,ok,0,,0
507,Rasmus Ristolainen,D,d1,PHI,31,0.3182,21.383,0.4799999999999999,0.51,0.3821989528795811,ok,44.0,0,34205.0,7047.0,ok,0.013238,159.0,13942.0,0.004727337908038642,,,contract_type,4.914122507440912,10,383|508|359|599|331|552|191|509|338|341,0.09006640495284522,0.040481780277082095,0.38926466507457086,0.10565971620425192,-0.08533906704480658,-0.21605523574061827,-0.1159237380351097,-0.08533906704480658,-0.21605523574061827,-0.1159237380351097,-0.09979134887655336,-0.23050751757236512,-0.13037601986685649,-0.08533906704480658,5.276309388334384,0,0.07516691568438755,0.02196229644228631,0.15238490623320983,0.19096133427999007,-1.5543122344752192e-15,-0.0637118311196258,-0.021981126031211717,-0.1908091954421194,-0.1908091954421194,-0.016174007391129553,-0.04094817415716826,-0.021970610421634944,-0.01673315040094247,-0.042363771713846726,-0.02273014471276661,-0.01673315040094247,-0.042363771713846726,-0.02273014471276661,0.004727337908038642,-0.08533906704480658,-0.08533906704480658,-0.01673315040094247,-0.01673315040094247,5.1,ok,ok,0,,0
508,Travis Sanheim,D,d1,PHI,29,0.4568,24.217,0.48,0.52,0.3756613756613756,ok,81.0,0,50193.0,8872.0,ok,0.014257,238.0,14270.0,0.21541578668896316,,,contract_type,6.474085560115608,10,507|191|594|73|383|599|510|217|554|332,0.17714380329353718,0.040481780277082095,0.38926466507457086,0.10565971620425192,0.03827198339542598,-0.08765541041005813,0.04772243548580696,0.03827198339542598,-0.08765541041005813,0.04772243548580696,-0.42821782531085595,-0.55414521911634,-0.41876737322047497,0.03827198339542598,8.82469401434973,0,0.24456351778366625,0.2635475573074346,0.23939511602447883,0.3368231302168829,0.0753286789275508,0.29732187855825504,-0.25496474566739535,-0.1441477795398209,-0.1441477795398209,0.004336919028942235,-0.00993296881087579,0.00540782891828386,0.006123517343268156,-0.014024865665609301,0.007635589677729113,0.006123517343268156,-0.014024865665609301,0.007635589677729113,0.21541578668896316,0.03827198339542598,0.03827198339542598,0.006123517343268156,0.006123517343268156,6.25,ok,ok,0,,0
509,Nick Seeler,D,d1,PHI,32,0.125,17.683,0.48,0.51,0.4467213114754098,ok,80.0,0,12424.0,1412.0,ok,0.001018,146.0,4408.0,-0.4802675249336201,,,contract_type,2.8662404949229594,10,724|188|664|338|507|472|579|341|400|261,-0.03261244650669165,0.040481780277082095,0.38926466507457086,0.10565971620425192,-0.4476550784269285,-0.3963761521184466,-0.3020922110365126,-0.4476550784269285,-0.3963761521184466,-0.3020922110365126,-0.6462824858894188,-0.5950035595809371,-0.500719618499003,-0.4476550784269285,2.704706769778128,0,0.12414513158310891,-0.0219622964422862,-0.37683245739347004,-0.164490951863776,-0.0251095596425171,0.06371183111962603,0.09276369303697818,-0.2947337259710049,-0.2947337259710049,-0.1655096528129925,-0.1465505083757978,-0.11169129844759243,-0.16579817719515869,-0.14680598226609132,-0.11188600408759726,-0.16579817719515869,-0.14680598226609132,-0.11188600408759726,-0.4802675249336201,-0.4476550784269285,-0.4476550784269285,-0.16579817719515869,-0.16579817719515869,2.7,ok,ok,0,,0
510,Cam York,D,d1,PHI,25,0.3514,22.533,0.4600000000000001,0.4799999999999999,0.440625,ok,74.0,0,25002.0,2033.0,ok,0.004073,221.0,9941.0,-0.09232189540043714,,,contract_type,5.526001246460033,10,594|215|502|73|554|76|67|508|191|639,0.1896103768644498,0.040481780277082095,0.38926466507457086,0.10565971620425192,-0.28193227226488693,-0.24722833858938872,-0.14924592421839417,-0.28193227226488693,-0.24722833858938872,-0.14924592421839417,-1.1595275706765122,-1.124823637001014,-1.0268412226300192,-0.28193227226488693,6.54084272427768,0,0.17451568202478593,-0.24158526086514853,-0.10563614632229762,0.10021287229836573,-0.2510955964251673,-0.2336100474386303,0.11495416879910592,-0.2852419914418628,-0.2852419914418628,-0.043103355966416596,-0.03779762776923989,-0.022817537511556008,-0.054744130536871244,-0.04800550263871625,-0.028979791110367796,-0.054744130536871244,-0.04800550263871625,-0.028979791110367796,-0.09232189540043714,-0.28193227226488693,-0.28193227226488693,-0.054744130536871244,-0.054744130536871244,5.15,ok,ok,0,,0
511,Noel Acciari,C,f1,PIT,34,0.3731,13.7,0.49,0.52,0.1126760563380281,ok,67.0,0,23454.0,1721.0,ok,0.002037,126.0,6038.0,-0.3566767211294026,,,contract_type,2.7375302994288586,10,298|324|515|204|629|52|752|631|520|566,-0.14828432197877306,0.4417118403988748,-0.4731420616647895,-0.5884161814455089,-0.20839239915062951,-0.18648116177413615,-0.11918298919939606,-0.20839239915062951,-0.18648116177413615,-0.11918298919939606,-0.47966924925362897,-0.4577580118771357,-0.3904598393023956,-0.20839239915062951,2.5585146314137455,0,0.5955741480524256,1.1859640078834557,0.2806931979200271,0.26864940946569016,0.527300752492856,0.5734064800766344,-0.7374310404758901,-0.4461810236089403,-0.4461810236089403,-0.08145054032209274,-0.0728864941730246,-0.04658288357473247,-0.10419619957531476,-0.09324058088706808,-0.05959149459969803,-0.10419619957531476,-0.09324058088706808,-0.05959149459969803,-0.3566767211294026,-0.20839239915062951,-0.20839239915062951,-0.10419619957531476,-0.10419619957531476,2.0,ok,ok,0,,0
512,Justin Brazeau,R,f1,PIT,27,0.5312,12.65,0.49,0.51,0.675,ok,64.0,0,52956.0,2462.0,ok,0.03055,180.0,12040.0,0.04860363724962226,,,contract_type,2.8235786307102764,10,513|563|522|632|704|468|185|196|601|312,-0.057055143788092164,0.4417118403988748,-0.4731420616647895,-0.5884161814455089,0.10565878103771442,-0.24252206297189474,-0.07505813824671495,0.10565878103771442,-0.24252206297189474,-0.07505813824671495,-0.1556538511263971,-0.5038346951360062,-0.3363707704108264,0.10565878103771442,2.2785071743495515,0,0.13183055417416079,0.06588688932685863,0.20548721720497592,-0.08011036489737255,0.008535047685504699,0.02682603415563195,0.40413777177462085,-0.009935577187155084,-0.009935577187155084,0.046371932564959764,-0.10643901660793667,-0.03294180465687666,0.07043918735847628,-0.1616813753145965,-0.050038758831143296,0.07043918735847628,-0.1616813753145965,-0.050038758831143296,0.04860363724962226,0.10565878103771442,0.10565878103771442,0.07043918735847628,0.07043918735847628,1.5,ok,ok,0,,0
513,Egor Chinakhov,R,f1,PIT,25,0.5833,13.475,0.49,0.5,0.6490384615384616,ok,72.0,0,56867.0,29441.0,ok,0.026477,274.0,24344.0,0.45053079928297857,,,contract_type,3.2825357646930726,10,512|563|632|482|704|635|63|312|495|328,0.08039920673249884,0.4417118403988748,-0.4731420616647895,-0.5884161814455089,0.3701315925504797,0.031196877784702856,0.16492957471904,0.3701315925504797,0.031196877784702856,0.16492957471904,0.20283798785887894,-0.13609672690689792,-0.0023640299725607708,0.3701315925504797,2.6594385975096038,0,0.26230129576229116,0.1756983715382896,0.3080469072241234,0.027469264771542767,0.43539756160829357,0.28167335863413623,0.3455223107973615,0.19765108947980475,0.19765108947980475,0.13917658896019805,0.011730625333450737,0.06201668836177911,0.17625313930975225,0.01485565608795374,0.07853789272335236,0.17625313930975225,0.01485565608795374,0.07853789272335236,0.45053079928297857,0.3701315925504797,0.3701315925504797,0.17625313930975225,0.17625313930975225,2.1,ok,ok,0,,0
514,Sidney Crosby,C,f1,PIT,38,1.0882,19.233,0.5,0.5,0.6633986928104575,ok,68.0,0,1866894.0,496614.0,ok,2.004673,1204.0,352689.0,3.449708504099548,,,contract_type,6.907677989247591,10,636|202|763|521|375|607|550|64|211|443,1.0305570480922746,0.4417118403988748,-0.4731420616647895,-0.5884161814455089,2.4191514560072735,2.2727116348535543,2.3586602801243357,2.4191514560072735,2.2727116348535543,2.3586602801243357,1.8029120885678982,1.6564722674141794,1.7424209126849601,2.4191514560072735,8.23167579158384,0,0.48247534121155383,1.0102656363451659,0.5942242229019405,0.21633294610534282,0.40175295428027247,0.10618638519937655,0.5660899024372246,1.944443015246941,1.944443015246941,0.29388322830700425,0.27609343375466766,0.286534642500845,0.2780633857479625,0.2612312223969603,0.2711103770257857,0.2780633857479625,0.2612312223969603,0.2711103770257857,3.449708504099548,2.4191514560072735,2.4191514560072735,0.2780633857479625,0.2780633857479625,8.7,ok,ok,1,3.0,0
515,Connor Dewar,C,f1,PIT,26,0.3846,13.917,0.51,0.51,0.1197411003236245,ok,78.0,0,23499.0,1230.0,ok,0.015275,166.0,10043.0,-0.20961412541596555,,,contract_type,2.851668267060744,10,520|511|752|52|324|15|629|349|740|377,-0.14166223468511224,0.4417118403988748,-0.4731420616647895,-0.5884161814455089,-0.06795189073085331,0.15818042565699678,0.2847021728250125,-0.06795189073085331,0.15818042565699678,0.2847021728250125,-0.4830504830390473,-0.2569181666511972,-0.13039641948318145,-0.06795189073085331,2.6625808798975585,0,0.5155285641128001,-0.307472150192007,0.35402655305924824,0.2676505271103614,0.6528485507054413,0.4035082637576314,-1.1076653398521117,-0.07244028710853731,-0.07244028710853731,-0.02552106163004811,0.05940868382675485,0.10692714537782089,-0.06177444611895755,0.14380038696090616,0.25882015711364775,-0.06177444611895755,0.14380038696090616,0.25882015711364775,-0.20961412541596555,-0.06795189073085331,-0.06795189073085331,-0.06177444611895755,-0.06177444611895755,1.1,ok,ok,0,,0
516,Filip Hallander,C,f1,PIT,25,0.3077,13.15,0.48,0.5,0.55,ok,13.0,1,12619.0,2675.0,ok,,78.0,4044.0,-0.6724713204712435,trends_12mo,trends_12mo=fetch_failed,contract_type,2.3399759046817525,10,415|231|244|138|84|705|627|61|266|82,-0.5959237021927266,0.4417118403988748,-0.4731420616647895,-0.5884161814455089,-0.07654761827851686,-0.5539215597988152,-0.41479293989446236,-0.07654761827851686,-0.5539215597988152,-0.41479293989446236,-0.5683849540861716,-1.0457588956064698,-0.9066302757021171,-0.07654761827851686,2.2826001413709647,0,0.08363870466762442,0.08784918576914491,0.1083447654587667,0.09157253992477121,-0.08336814319905833,0.07488934535113946,0.055808248302865904,-0.15095030776706342,-0.15095030776706342,-0.03353527273179839,-0.24267130705867804,-0.18171949277341734,-0.0942124532658669,-0.6817496120600803,-0.5105143875624153,-0.0942124532658669,-0.6817496120600803,-0.5105143875624153,-0.6724713204712435,-0.07654761827851686,-0.07654761827851686,-0.0942124532658669,-0.0942124532658669,0.8125,ok,ok,0,,0
517,Kevin Hayes,R,f1,PIT,33,0.2857,12.467,0.52,0.55,0.4886363636363636,ok,28.0,0,75446.0,10518.0,ok,0.039715,212.0,16673.0,0.3158392299364933,,,contract_type,2.0231251083719104,10,440|296|759|317|176|712|289|293|163|459,-0.052491652570319625,0.4417118403988748,-0.4731420616647895,-0.5884161814455089,0.36833088250681295,0.17553815461058245,0.2993910246167504,0.36833088250681295,0.17553815461058245,0.2993910246167504,0.11107267055860534,-0.0817200573376252,0.04213281266854274,0.36833088250681295,2.0237318888576037,0,0.23189981230763848,0.2415852608651483,-0.08109137538194733,-0.23715964321394856,0.2596306441106747,0.4515715749531396,0.12036037532097242,0.41136180253570687,0.41136180253570687,0.18200577089030093,0.08673982733437763,0.1479400637333222,0.05156601415486888,0.024575194194316377,0.0419144919593933,0.05156601415486888,0.024575194194316377,0.0419144919593933,0.3158392299364933,0.36833088250681295,0.36833088250681295,0.05156601415486888,0.05156601415486888,7.1429,ok,ok,0,,0
518,Ben Kindel,C,f1,PIT,18,0.4545,15.067,0.52,0.51,0.5676855895196506,ok,77.0,0,115052.0,2468.0,ok,0.035642,322.0,27472.0,0.48035903548635606,,,contract_type,3.483291015230047,10,28|34|226|228|627|9|761|61|57|178,-0.29768313090952103,0.4417118403988748,-0.4731420616647895,-0.5884161814455089,0.7780421663958771,0.22641832749642987,0.39793455055141697,0.7780421663958771,0.22641832749642987,0.39793455055141697,0.06433037353324911,-0.48729346536619805,-0.315777242311211,0.7780421663958771,3.2996284510817655,1,0.2879092492711091,-0.7686803754800178,0.1986989494925902,0.08038505754508787,0.3183848110812134,0.181075730550516,0.1802305714772292,0.7965257593797208,0.7965257593797208,0.23579690196355294,0.0686193402842674,0.12059980584206571,0.7979919655342329,0.23222392563736396,0.4081380005655558,0.23579690196355294,0.0686193402842674,0.12059980584206571,0.48035903548635606,0.7780421663958771,0.7780421663958771,0.23579690196355294,0.7979919655342329,0.975,ok,ok,0,,0
519,Ville Koivunen,R,f1,PIT,22,0.1795,12.733,0.57,0.56,0.67,ok,39.0,0,15039.0,7683.0,ok,0.00611,123.0,5548.0,-0.34501954381902755,,,contract_type,1.8037817269783691,10,107|253|278|658|468|94|753|116|647|681,-0.24008164190526776,0.4417118403988748,-0.4731420616647895,-0.5884161814455089,-0.10493790191375979,-0.29136828299579975,-0.15307862873087866,-0.10493790191375979,-0.29136828299579975,-0.15307862873087866,-1.2919800795689138,-1.478410460650954,-1.3401208063860326,-0.10493790191375979,2.0349563317685226,1,0.46083528941433904,-0.3733590395188655,-0.5049735503681596,-0.10330940759988483,0.795466444289034,0.5421094402283977,0.4457938544816926,0.14749008157071714,0.14749008157071714,-0.05156764313589041,-0.14318158991774524,-0.07522452759359331,-0.13022822277706603,-0.36158883469322384,-0.18997099619121208,-0.05156764313589041,-0.14318158991774524,-0.07522452759359331,-0.34501954381902755,-0.10493790191375979,-0.10493790191375979,-0.05156764313589041,-0.13022822277706603,0.8058,ok,ok,0,,0
520,Blake Lizotte,C,f1,PIT,28,0.3455,13.867,0.53,0.52,0.0657276995305164,ok,55.0,0,16749.0,1929.0,ok,0.001018,134.0,9063.0,-0.33529289642205046,,,contract_type,2.716514181998993,10,515|511|52|752|324|32|701|77|242|15,-0.30639296459355736,0.4417118403988748,-0.4731420616647895,-0.5884161814455089,-0.028899931828493097,-0.05639075909581885,0.03445288603903817,-0.028899931828493097,-0.05639075909581885,0.03445288603903817,-0.5906685092420301,-0.6181593365093557,-0.5273156913744987,-0.028899931828493097,2.6038136726363277,0,0.6442202240075435,-0.4831705217302968,0.1819790782798174,0.03328775449133359,0.9792728260581625,0.7220674193557619,-1.465543744129889,0.15198672086085302,0.15198672086085302,-0.01109907829895996,-0.02165698709106322,0.013231701792300318,-0.01562158477215843,-0.030481491403145322,0.018623181642723335,-0.01562158477215843,-0.030481491403145322,0.018623181642723335,-0.33529289642205046,-0.028899931828493097,-0.028899931828493097,-0.01562158477215843,-0.01562158477215843,1.85,ok,ok,0,,0
521,Evgeni Malkin,C,f1,PIT,39,1.0893,17.6,0.48,0.5,0.7674418604651163,ok,56.0,0,276086.0,288917.0,ok,0.287169,501.0,95203.0,1.5438683149429424,,,contract_type,6.3104829448863065,10,514|202|636|763|550|375|607|764|64|211,1.2398525133314704,0.4417118403988748,-0.4731420616647895,-0.5884161814455089,0.304015801611472,0.20363566144302012,0.27917115205706855,0.304015801611472,0.20363566144302012,0.27917115205706855,-0.5409068748577806,-0.641287015026232,-0.565751524412184,0.304015801611472,6.293622801473773,0,0.6433212210665776,1.1420394149988833,0.8020187823342779,-0.07199444576032554,-0.12554779821258444,0.19113549335887797,1.527191391734517,-0.31766555024630094,-0.31766555024630094,0.04830537374122276,0.03235587321746307,0.04435778260999297,0.049838656001880664,0.03338289531852789,0.04576576263230632,0.049838656001880664,0.03338289531852789,0.04576576263230632,1.5438683149429424,0.304015801611472,0.304015801611472,0.049838656001880664,0.049838656001880664,6.1,ok,ok,0,,0
522,Anthony Mantha,R,f1,PIT,31,0.7901,15.183,0.48,0.5,0.7311827956989247,ok,81.0,0,69427.0,12915.0,ok,0.040733,235.0,15379.0,0.337283336386504,,,contract_type,4.528182325279076,10,512|66|513|563|564|698|197|632|453|601,0.25810113101484045,0.4417118403988748,-0.4731420616647895,-0.5884161814455089,0.07918220537166354,-0.07319595057415344,0.008497615746775824,0.07918220537166354,-0.07319595057415344,0.008497615746775824,-0.4331042114470327,-0.5854823673928496,-0.5037888010719204,0.07918220537166354,3.795506416343159,0,0.4067711271212883,0.5051328181725829,0.49631265707994343,0.10792923849328057,-0.30131471571020374,-0.23361004743862895,0.7963272858330901,-0.3014513293627686,-0.3014513293627686,0.020862092349708868,-0.019284897071699655,0.002238862174013392,0.03167288214866541,-0.029278380229661376,0.0033990462987103297,0.03167288214866541,-0.029278380229661376,0.0033990462987103297,0.337283336386504,0.07918220537166354,0.07918220537166354,0.03167288214866541,0.03167288214866541,2.5,ok,ok,0,,0
523,Tommy Novak,C,f1,PIT,28,0.5122,14.283,0.51,0.55,0.6570247933884298,ok,82.0,0,22134.0,3175.0,ok,0.005092,176.0,9326.0,-0.15992589073116337,,,contract_type,3.367317092448349,10,605|455|516|410|82|255|279|244|415|705,-0.3627349602884688,0.4417118403988748,-0.4731420616647895,-0.5884161814455089,0.20280906955730543,0.4048909255100348,0.504846336757452,0.20280906955730543,0.4048909255100348,0.504846336757452,-0.19265522993079576,0.009426626021933626,0.10938203726935088,0.20280906955730543,2.9609915555979573,0,0.5766439822026553,0.4172836324034382,0.8080713757133022,0.5630450116399812,0.40175295428027175,0.4247455407975077,0.8449653783814308,-0.3384796570047554,-0.3384796570047554,0.06849363321346898,0.13674166842676763,0.170499080216222,0.05794544844494441,0.11568312157429567,0.14424181050212917,0.05794544844494441,0.11568312157429567,0.14424181050212917,-0.15992589073116337,0.20280906955730543,0.20280906955730543,0.05794544844494441,0.05794544844494441,3.5,ok,ok,0,,0
524,Rickard Rakell,R,f1,PIT,32,0.8,18.95,0.5,0.49,0.6563706563706564,ok,60.0,0,33482.0,16259.0,ok,0.026477,212.0,11424.0,0.13620289069837155,,,contract_type,5.942933541652987,10,525|561|65|128|581|387|371|301|754|682,0.6374594021534603,0.4417118403988748,-0.4731420616647895,-0.5884161814455089,-0.5012565114550888,-0.5062463405097091,-0.44471571203631527,-0.5012565114550888,-0.5062463405097091,-0.44471571203631527,-0.9936139463868174,-0.9986037754414377,-0.9370731469680439,-0.5012565114550888,7.082060559612319,0,0.18006248318466647,-1.1102230246251565e-16,0.19047277285590614,0.06757439133799537,0.12554779821258494,0.14866093927912755,0.5481189974223848,-0.6354635891217988,-0.6354635891217988,-0.07077834300283478,-0.07148291605930882,-0.06279467794619643,-0.10025130229101775,-0.1012492681019418,-0.08894314240726305,-0.10025130229101775,-0.1012492681019418,-0.08894314240726305,0.13620289069837155,-0.5012565114550888,-0.5012565114550888,-0.10025130229101775,-0.10025130229101775,5.0,ok,ok,0,,0
525,Bryan Rust,R,f1,PIT,33,0.9028,19.95,0.49,0.48,0.6308139534883721,ok,72.0,0,47198.0,5077.0,ok,0.02444,276.0,20073.0,0.270582719917295,,,contract_type,6.617651504469803,10,524|561|128|754|65|301|567|581|294|492,0.4443161585376739,0.4417118403988748,-0.4731420616647895,-0.5884161814455089,-0.17373343862037893,-0.31059772821296133,-0.24411372949002316,-0.17373343862037893,-0.31059772821296133,-0.24411372949002316,-0.7095409228985152,-0.8464052124910977,-0.7799212137681596,-0.17373343862037893,8.66452284135297,0,0.23528954669078092,0.46120822528801053,0.29263118596594695,0.24532550646876194,-0.07532867892755107,-0.06371183111962592,0.27353185237478916,-0.43157253145502095,-0.43157253145502095,-0.020051125930582735,-0.035847066699458474,-0.028173938018253835,-0.03389920753568369,-0.06060443477326075,-0.047631947217565494,-0.03389920753568369,-0.06060443477326075,-0.047631947217565494,0.270582719917295,-0.17373343862037893,-0.17373343862037893,-0.03389920753568369,-0.03389920753568369,5.125,ok,ok,0,,0
526,Elmer Soderblom,L,f1,PIT,24,0.2203,11.113,0.48,0.51,0.3989361702127659,ok,59.0,0,34975.0,5127.0,ok,0.011202,166.0,16556.0,0.020555187466162042,,,contract_type,1.3299271196601754,10,303|344|707|293|731|547|711|454|656|587,-0.8112167789889947,0.4417118403988748,-0.4731420616647895,-0.5884161814455089,0.8317719664551567,0.5659147746415368,0.6818289219302951,0.8317719664551567,0.5659147746415368,0.6818289219302951,0.1909628672372401,-0.07489432457638008,0.04101982271237815,0.8317719664551567,1.58164433629973,0,0.3551313174839385,-0.3294344466342932,-0.44957413936194435,-0.44192353590600364,-0.30081913229620627,0.12295265654664655,-0.486083994158537,1.1863440640293876,1.1863440640293876,0.5258906489692203,0.35780153707975787,0.4310886501357439,0.7393528590712504,0.5030353552369217,0.606070152826929,0.7393528590712504,0.5030353552369217,0.606070152826929,0.020555187466162042,0.8317719664551567,0.8317719664551567,0.7393528590712504,0.7393528590712504,1.125,ok,ok,0,,0
527,Connor Clifton,D,d1,PIT,30,0.12,16.767,0.48,0.56,0.3119266055045872,ok,50.0,0,25936.0,1622.0,ok,0.002037,133.0,8014.0,-0.2883845515446611,,,contract_type,2.398534332855929,10,617|331|338|474|259|724|218|479|552|751,-0.25768517939916435,0.4417118403988748,-0.4731420616647895,-0.5884161814455089,-0.03069937214549673,-0.05313753737150181,0.043501157616386496,-0.03069937214549673,-0.05313753737150181,0.043501157616386496,-0.595481702214402,-0.617919867440407,-0.5212811724525188,-0.03069937214549673,2.2663319055994413,0,0.36451536180232513,0.26354755730743457,-0.28815026048092385,-0.19383312105156067,-0.050219119285034364,0.7857792504753882,-0.6055628622136092,0.12544971306977715,0.12544971306977715,-0.013545841220188263,-0.023446493975668146,0.019194521997818542,-0.009209903742686446,-0.0159414206256568,0.013050477789693845,-0.009209903742686446,-0.0159414206256568,0.013050477789693845,-0.2883845515446611,-0.03069937214549673,-0.03069937214549673,-0.009209903742686446,-0.009209903742686446,3.3333,ok,ok,0,,0
528,Samuel Girard,D,d1,PIT,27,0.3167,18.1,0.54,0.55,0.4151785714285714,ok,60.0,0,37883.0,6965.0,ok,0.016293,132.0,18014.0,0.003480660239406491,,,contract_type,3.252895457863402,10,668|166|22|619|600|449|403|42|170|529,-0.46907273784849546,0.4417118403988748,-0.4731420616647895,-0.5884161814455089,0.472553398087902,0.3762589673966275,0.49954882770326625,0.472553398087902,0.3762589673966275,0.49954882770326625,0.23198940896474918,0.13569497827347474,0.25898483858011345,0.472553398087902,2.7873307175985915,0,0.2283037994141234,0.08784918576914486,0.03320566422856647,0.2805111374352205,0.401752954280272,0.4459828178373828,-0.12052103693415384,0.4052398864150557,0.4052398864150557,0.16953617850379363,0.13498899324038274,0.17922122572295604,0.09451067961758039,0.0752517934793255,0.09990976554065324,0.09451067961758039,0.0752517934793255,0.09990976554065324,0.003480660239406491,0.472553398087902,0.472553398087902,0.09451067961758039,0.09451067961758039,5.0,ok,ok,0,,0
529,Ryan Graves,D,d1,PIT,30,0.0455,15.3,0.52,0.53,0.3137254901960784,ok,22.0,0,27590.0,4741.0,ok,0.015275,98.0,6162.0,-0.3155401826576861,,,contract_type,1.5885039644179748,10,306|528|403|552|70|665|309|424|479|171,-0.23225540122094204,0.4417118403988748,-0.4731420616647895,-0.5884161814455089,-0.08328478143674403,0.008205899345250834,0.08230545286418929,-0.08328478143674403,0.008205899345250834,0.08230545286418929,-1.0217990474496468,-0.9303083666676519,-0.8562088131487134,-0.08328478143674403,1.7378660499410679,0,0.3262931304899201,-0.04392459288457251,-0.5895092192199382,-0.5880919866998517,0.025109559642517265,0.1274236622392524,-0.5836997622533886,0.3349360794691002,0.3349360794691002,-0.04792359079663722,0.004721824990786317,0.04736006717375043,-0.01850772920816534,0.0018235331878335187,0.01829010063648651,-0.01850772920816534,0.0018235331878335187,0.01829010063648651,-0.3155401826576861,-0.08328478143674403,-0.08328478143674403,-0.01850772920816534,-0.01850772920816534,4.5,ok,ok,0,,0
530,Erik Karlsson,D,d1,PIT,35,0.88,23.6,0.54,0.51,0.5260115606936416,ok,75.0,0,147227.0,66849.0,ok,0.190428,269.0,28040.0,0.8769454864945768,,,contract_type,6.55028859500824,10,16|620|381|285|624|401|671|237|422|45,0.3981554739193059,0.4417118403988748,-0.4731420616647895,-0.5884161814455089,0.47879001257527093,0.4559371538992211,0.5332748497700829,0.47879001257527093,0.4559371538992211,0.5332748497700829,0.03845158402128851,0.015598725345238831,0.09293642121610048,0.47879001257527093,6.993110454451397,0,0.4680212550692033,0.7467180790377314,0.6474937325858336,0.2828834830291269,0.5273007524928571,0.23361004743862893,0.37012143583104107,0.12222408479890667,0.12222408479890667,0.06846595884532351,0.06519804840333943,0.07625717529323905,0.04163391413698008,0.03964670903471488,0.04637172606696373,0.04163391413698008,0.03964670903471488,0.04637172606696373,0.8769454864945768,0.47879001257527093,0.47879001257527093,0.04163391413698008,0.04163391413698008,11.5,ok,ok,0,,0
531,Kris Letang,D,d1,PIT,38,0.4595,21.683,0.49,0.49,0.6194029850746269,ok,74.0,0,110129.0,33065.0,ok,0.09776,267.0,21712.0,0.6368432085143385,,,contract_type,5.195397431402952,10,640|556|643|595|310|555|145|423|381|771,0.11843691728904285,0.4417118403988748,-0.4731420616647895,-0.5884161814455089,0.5184062912252957,0.4923485633231238,0.5599371262937471,0.5184062912252957,0.4923485633231238,0.5599371262937471,0.013670736318384141,-0.012386991583787765,0.055201571386835555,0.5184062912252957,5.386920209458103,0,0.4272156645125878,1.142039414998883,0.13432744532341553,0.35367926996305776,0.22598603678265267,0.27608460151837944,0.43117721848913826,0.20527081799898178,0.20527081799898178,0.09623426207707739,0.09139704027148596,0.10394383145134313,0.08498463790578618,0.08071287923329899,0.09179297152356511,0.08498463790578618,0.08071287923329899,0.09179297152356511,0.6368432085143385,0.5184062912252957,0.5184062912252957,0.08498463790578618,0.08498463790578618,6.1,ok,ok,0,,0
532,Jake Livanavage,D,d1,PIT,21,0.0,25.233,,,,thin,1.0,1,7017.0,24.0,ok,0.001018,9.0,1010.0,-1.883268320652702,,,contract_type,6.568795494890374,10,333|100|191|72|510|594|774|19|772|146,-0.6989823492490428,0.4417118403988748,-0.4731420616647895,-0.5884161814455089,-1.1842859714036593,-1.9991125809683292,-1.4771692502534013,-1.1842859714036593,-1.9991125809683292,-1.4771692502534013,-2.1126777434534687,-2.9275043530181386,-2.40556102230321,-1.1842859714036593,12.142714380817827,1,0.5274117082328267,-0.8345672648068763,-0.7978388145310855,0.9696400743765836,0.17258978954285206,0.21219940487189712,0.17763490126766585,-1.1668082846825933,-1.1668082846825933,-0.09753057959384336,-0.16463473637545006,-0.12165066260530062,-1.2146522783627276,-2.050371877916235,-1.5150453848752834,-0.09753057959384336,-0.16463473637545006,-0.12165066260530062,-1.883268320652702,-1.1842859714036593,-1.1842859714036593,-0.09753057959384336,-1.2146522783627276,0.975,ok,ok,0,,0
533,Ryan Shea,D,d1,PIT,28,0.4375,18.883,0.49,0.52,0.4585152838427948,ok,80.0,0,16702.0,1968.0,ok,0.0,128.0,6206.0,-0.4009021081133995,,,contract_type,3.759567993747816,10,750|724|619|188|40|669|720|218|469|338,-0.5411772073049247,0.4417118403988748,-0.4731420616647895,-0.5884161814455089,0.1402750991915252,-0.043408989304226486,0.0549005769812675,0.1402750991915252,-0.043408989304226486,0.0549005769812675,-0.3226427450244743,-0.5063268335202262,-0.4080172672347322,0.1402750991915252,3.143164416968754,0,0.1824021465990098,0.15373607509600354,0.47252873282518687,0.17768486084907964,-0.04314744738571309,0.1805601962206545,0.06675556721742121,-0.08335703711352227,-0.08335703711352227,0.04462862280898609,-0.013810600893124714,0.017466657704853134,0.1558612213239169,-0.048232210338029435,0.06100064109029722,0.1558612213239169,-0.048232210338029435,0.06100064109029722,-0.4009021081133995,0.1402750991915252,0.1402750991915252,0.1558612213239169,0.1558612213239169,0.9,ok,ok,0,,0
534,Ilya Solovyov,D,d1,PIT,25,0.2667,12.749,0.55,0.59,0.463768115942029,ok,30.0,0,21209.0,2138.0,ok,0.001018,58.0,4468.0,-0.6370468488362058,,,contract_type,0.775,10,22|97|166|170|665|723|600|528|102|70,-0.5618782848583044,0.4417118403988748,-0.4731420616647895,-0.5884161814455089,-0.07516856397790139,-0.30449584253612505,-0.15890204933797406,-0.07516856397790139,-0.30449584253612505,-0.15890204933797406,-1.060358162781094,-1.2896854413393175,-1.1440916481411665,-0.07516856397790139,0.9976267842680958,0,0.428624222672697,-0.3294344466342933,0.0920261711551007,-0.6611852030510392,0.5524103121353741,0.9132029127146382,-0.023486290345736238,0.19538480968569627,0.19538480968569627,-0.07534737956444149,-0.3052201959067458,-0.15928005527092157,-0.09699169545535663,-0.39289786133693555,-0.20503490237157942,-0.09699169545535663,-0.39289786133693555,-0.20503490237157942,-0.6370468488362058,-0.07516856397790139,-0.07516856397790139,-0.09699169545535663,-0.09699169545535663,0.775,ok,ok,0,,0
535,Jack St. Ivany,D,d1,PIT,26,0.35,16.333,0.48,0.49,0.3555555555555555,ok,20.0,0,9599.0,1955.0,ok,0.0,45.0,2111.0,-0.9609882831304594,,,contract_type,2.390060502932753,10,42|449|40|359|259|41|745|477|444|750,-0.428057010750212,0.4417118403988748,-0.4731420616647895,-0.5884161814455089,-0.5329312723802473,-0.5695812623214526,-0.45494483105481864,-0.5329312723802473,-0.5695812623214526,-0.45494483105481864,-0.21448527918854188,-0.2511352691297472,-0.13649883786311318,-0.5329312723802473,1.9592114648237622,0,0.11977835076324461,-5.551115123125783e-17,0.2088646311899559,-0.23438774467791162,-0.018037887743196312,0.05313653398140246,-0.20424330698700133,-0.501322700337664,-0.501322700337664,-0.2720131450579207,-0.2907196454021814,-0.2322081302723198,-0.6661640904753091,-0.7119765779018158,-0.5686810388185233,-0.6661640904753091,-0.7119765779018158,-0.5686810388185233,-0.9609882831304594,-0.5329312723802473,-0.5329312723802473,-0.6661640904753091,-0.6661640904753091,0.8,ok,ok,0,,0
536,Parker Wotherspoon,D,d1,PIT,28,0.375,20.167,0.52,0.5,0.4560810810810811,ok,80.0,0,22871.0,726.0,ok,0.005092,137.0,11736.0,-0.3010998281772473,,,contract_type,4.351421331247351,10,666|283|380|406|23|668|284|669|401|720,-0.2835653411375301,0.4417118403988748,-0.4731420616647895,-0.5884161814455089,-0.01753448703971716,-0.38196382998789286,-0.2503235875151464,-0.01753448703971716,-0.38196382998789286,-0.2503235875151464,-1.0531478745339382,-1.4175772174821137,-1.2859369750093672,-0.01753448703971716,4.102513753262647,0,0.09657216938254866,-0.15373607509600348,0.045001625914590254,-0.0776794132907368,0.05729079118435498,-0.15923623641735113,-0.08648887439225533,0.02774709965154557,0.02774709965154557,-0.004274083670230803,-0.09310482620177073,-0.06101712329814105,-0.01753448703971716,-0.38196382998789286,-0.2503235875151464,-0.01753448703971716,-0.38196382998789286,-0.2503235875151464,-0.3010998281772473,-0.01753448703971716,-0.01753448703971716,-0.01753448703971716,-0.01753448703971716,1.0,ok,ok,0,,0
537,Macklin Celebrini,C,f1,SJ,19,1.4024,21.317,0.49,0.5,0.6769662921348315,ok,82.0,0,1209863.0,189155.0,ok,0.742363,1409.0,405886.0,2.675298547364011,,,contract_type,8.612325228820009,10,208|355|549|127|64|649|393|243|160|591,1.4325388769292957,-2.1315662031486555,-1.5456225629208833,-0.6661386282424194,1.2427596704347155,0.9718898278743572,1.0951658196783254,1.2427596704347155,0.9718898278743572,1.0951658196783254,3.055372934595634,2.7845030920352762,2.907779083839245,1.2427596704347155,12.99142306345067,1,0.6202106922788518,-1.1859640078834555,0.9926253141598869,0.3292815684341508,-0.50219119285034,-0.2973218785582551,0.4138801917870225,0.9274442123092241,0.9274442123092241,0.09566001079058266,0.07481011303593188,0.08429914215936841,1.2746253030099646,0.9968100798711356,1.1232469945418722,0.09566001079058266,0.07481011303593188,0.08429914215936841,2.675298547364011,1.2427596704347155,1.2427596704347155,0.09566001079058266,1.2746253030099646,0.975,ok,ok,1,10.0,0
538,Ty Dellandrea,C,f1,SJ,25,0.2391,14.183,0.39,0.38,0.3642384105960264,ok,46.0,0,22628.0,2028.0,ok,0.001018,106.0,7336.0,-0.3793035430316831,,,contract_type,2.5149593159972445,10,55|179|133|543|139|589|562|434|626|686,-0.4139893702459233,-2.1315662031486555,-1.5456225629208833,-0.6661386282424194,0.034685827214240184,0.29064627329327003,0.36353554659965426,0.034685827214240184,0.29064627329327003,0.36353554659965426,2.1378553493527317,2.393815795431762,2.466705068738146,0.034685827214240184,2.6397070571251966,0,0.4508593428048697,-0.13177377865371737,-0.4808969358217669,-0.2406557314575996,-0.8788345874880934,-0.7220674193557612,-0.2509276040522803,0.2745277364902615,0.2745277364902615,0.013140028974281405,0.11010550299842806,0.1377181402074088,0.026681405549415525,0.2235740563794385,0.2796427281535802,0.026681405549415525,0.2235740563794385,0.2796427281535802,-0.3793035430316831,0.034685827214240184,0.034685827214240184,0.026681405549415525,0.026681405549415525,1.3,ok,ok,0,,0
539,William Eklund,L,f1,SJ,23,0.6795,18.533,0.5,0.49,0.4542483660130719,ok,78.0,0,82035.0,24433.0,ok,0.06721,378.0,41989.0,0.7240467516418673,,,contract_type,5.429734653681378,10,412|431|735|11|297|80|738|454|656|48,-0.447081644439281,-2.1315662031486555,-1.5456225629208833,-0.6661386282424194,1.1711283960811483,0.9663246056209338,1.05459701498357,1.1711283960811483,0.9663246056209338,1.05459701498357,2.8771098264541632,2.672306035993949,2.7605784453565847,1.1711283960811483,6.3312533783794605,1,0.26683476069118856,-0.04392459288457251,0.35996858501808193,0.4746758854026197,-0.13358726248409175,-0.09500887096786376,-0.49384336738990176,1.0013233068391958,1.0013233068391958,0.18497575852522724,0.152627694371043,0.16657002207254945,1.3565717549880092,1.119338127673965,1.2215881095604888,0.18497575852522724,0.152627694371043,0.16657002207254945,0.7240467516418673,1.1711283960811483,1.1711283960811483,0.18497575852522724,1.3565717549880092,0.8633,ok,ok,0,,0
540,Adam Gaudette,R,f1,SJ,29,0.3788,11.467,0.44,0.47,0.3811881188118812,ok,66.0,0,42379.0,4453.0,ok,0.009165,178.0,15223.0,0.05181723230909963,,,contract_type,1.933443153146564,10,593|731|186|490|203|62|635|326|196|275,-0.24168541545468872,-2.1315662031486555,-1.5456225629208833,-0.6661386282424194,0.29350264776378837,0.15040196772980446,0.23194911987517872,0.29350264776378837,0.15040196772980446,0.23194911987517872,2.4479897999643354,2.304889119930351,2.3864362720757257,0.29350264776378837,1.7750886701367512,0,0.19633280342597534,-0.0219622964422862,0.23227245088783774,-0.024247869175607395,-0.35153383499523705,-0.10618638519937734,-0.44179398385550617,0.24965548507832955,0.24965548507832955,0.16534534454618383,0.0847292702951102,0.13066903292065382,0.14675132388189419,0.07520098386490223,0.11597455993758936,0.14675132388189419,0.07520098386490223,0.11597455993758936,0.05181723230909963,0.29350264776378837,0.29350264776378837,0.14675132388189419,0.14675132388189419,2.0,ok,ok,0,,0
541,Barclay Goodrow,C,f1,SJ,32,0.1463,11.35,0.42,0.45,0.3943661971830985,ok,82.0,0,27737.0,5154.0,ok,0.020367,163.0,9881.0,-0.08341598407732045,,,contract_type,1.1960820974892907,10,385|316|247|231|416|457|327|713|408|244,-0.2155768025554088,-2.1315662031486555,-1.5456225629208833,-0.6661386282424194,0.13216081847808833,0.2801717017221985,0.3901824373588783,0.13216081847808833,0.2801717017221985,0.3901824373588783,2.586482260459906,2.734493143704016,2.844503879340696,0.13216081847808833,1.6013111142807268,0,0.47718061221563945,0.1537360750960034,-0.26250197804053066,-0.23601092850532046,-1.0797110646282297,-0.8282538045551376,-0.3028698224686148,0.2423812360004146,0.2423812360004146,0.08253288027508135,0.17496394000115675,0.24366435346584073,0.03629096808580837,0.07693431686360726,0.10714293801215867,0.03629096808580837,0.07693431686360726,0.10714293801215867,-0.08341598407732045,0.13216081847808833,0.13216081847808833,0.03629096808580837,0.03629096808580837,3.6417,ok,ok,0,,0
542,Collin Graf,R,f1,SJ,23,0.5679,16.45,0.44,0.5,0.5743944636678201,ok,81.0,0,35568.0,880.0,ok,0.016293,274.0,32455.0,0.15308603419156183,,,contract_type,4.330500026081227,10,486|483|587|585|699|328|314|632|704|37,-0.06731912899916632,-2.1315662031486555,-1.5456225629208833,-0.6661386282424194,0.22040516319072817,-0.11506804880605956,0.018703137712086232,0.22040516319072817,-0.11506804880605956,0.018703137712086232,2.9078459876349023,2.5723727756381147,2.7061439621562613,0.22040516319072817,4.316116451387473,1,0.320505368333075,-0.1537360750960035,0.2321721316605609,0.4092171289193405,-0.9290537067731274,-0.19113549335887808,-0.007717674190539925,0.07152545762842896,0.07152545762842896,0.05106562014096631,-0.026660089018003534,0.004333325553826024,0.23405029541332503,-0.12219183264952699,0.019861036117751127,0.05106562014096631,-0.026660089018003534,0.004333325553826024,0.15308603419156183,0.22040516319072817,0.22040516319072817,0.05106562014096631,0.23405029541332503,0.9417,ok,ok,0,,0
543,Philipp Kurashev,C,f1,SJ,26,0.4651,15.483,0.46,0.44,0.3828125,ok,43.0,0,31541.0,25780.0,ok,0.011202,157.0,9506.0,0.02156046843860933,,,contract_type,3.6679166883898255,10,164|10|131|565|30|349|179|346|434|676,0.10965921298456209,-2.1315662031486555,-1.5456225629208833,-0.6661386282424194,-0.08809874454595276,-0.05835245192773241,0.022904417506065526,-0.08809874454595276,-0.05835245192773241,0.022904417506065526,2.530335022786431,2.5600813154046516,2.6413381848384496,-0.08809874454595276,3.5470527093920907,0,0.21962969984646433,-0.2635475573074346,0.28908657326883924,0.2662520918129012,-0.15065735785510104,-0.19113549335887825,-0.15709912547563165,-0.1984198728103629,-0.1984198728103629,-0.024837168140377452,-0.016450968369661784,0.00645730959830901,-0.07341562045496064,-0.04862704327311034,0.019087014588387942,-0.07341562045496064,-0.04862704327311034,0.019087014588387942,0.02156046843860933,-0.08809874454595276,-0.08809874454595276,-0.07341562045496064,-0.07341562045496064,1.2,ok,ok,0,,0
544,Michael Misa,C,f1,SJ,18,0.4667,12.817,0.5,0.5,0.5555555555555556,ok,45.0,0,184712.0,3381.0,ok,0.082485,551.0,44533.0,0.8716369347549505,,,contract_type,2.6923643066437317,10,54|28|319|603|129|138|61|518|343|56,-0.14113190817186114,-2.1315662031486555,-1.5456225629208833,-0.6661386282424194,1.0127688429268116,0.6628115722899185,0.7686421713679329,1.0127688429268116,0.6628115722899185,0.7686421713679329,2.9999210406022803,2.649963769965387,2.755794369043402,1.0127688429268116,2.2882250066411625,1,0.22890551986002858,-0.5490574110571556,0.3949567977881155,0.17195759746985917,0.07631984575554593,0.0335325426945394,0.147608924394956,0.9014311256364151,0.9014311256364151,0.44260019883858964,0.2896618865567096,0.3359119706921683,1.0387372747967298,0.6798067408101728,0.7883509449927517,0.44260019883858964,0.2896618865567096,0.3359119706921683,0.8716369347549505,1.0127688429268116,1.0127688429268116,0.44260019883858964,1.0387372747967298,0.975,ok,ok,0,,0
545,Zack Ostapchuk,C,f1,SJ,22,0.1186,10.1,0.44,0.46,0.3846153846153846,ok,59.0,0,20466.0,1793.0,ok,0.005092,114.0,7449.0,-0.3758851000522603,,,contract_type,0.775,10,55|434|179|206|584|570|432|415|319|138,-0.5156415356904618,-2.1315662031486555,-1.5456225629208833,-0.6661386282424194,0.1397564356382015,0.24782256739594843,0.3790882548628242,0.1397564356382015,0.24782256739594843,0.3790882548628242,2.4670772208325435,2.5751433525902905,2.7064090400571663,0.1397564356382015,1.2905250214015922,1,0.3888530870229748,-0.2855098537497208,-0.3511507352106513,-0.3693617229417201,-0.5940943837349016,-0.3554449525621236,-0.37755687393873105,0.4046861065484557,0.4046861065484557,0.10829424716338869,0.19203236147006075,0.2937473110371082,0.169401740167517,0.3003909907829678,0.45950091498524154,0.10829424716338869,0.19203236147006075,0.2937473110371082,-0.3758851000522603,0.1397564356382015,0.1397564356382015,0.10829424716338869,0.169401740167517,0.825,ok,ok,0,,0
546,Ryan Reaves,R,f1,SJ,39,0.06,7.8,0.43,0.45,0.5102040816326531,ok,50.0,0,171942.0,15437.0,ok,0.177189,204.0,31148.0,0.7184078207750451,,,contract_type,0.775,10,233|109|197|646|613|497|491|760|203|615,-0.17866482327524916,-2.1315662031486555,-1.5456225629208833,-0.6661386282424194,0.8970726440502942,1.114368885881186,1.2040207136684409,0.8970726440502942,1.114368885881186,1.2040207136684409,2.8230089924134982,3.04030523424439,3.1299570620316444,0.8970726440502942,0.8652610892154093,0,0.7060147788147463,0.9224164505760213,-0.5550662845216267,-0.6269734823810271,-1.0877505288997367,-0.9232626755230016,-0.12061925098706484,1.0475271691184609,1.0475271691184609,1.0367652668441736,1.287898993460644,1.391511450908081,0.6644982548520697,0.8254584339860637,0.8918671953099561,0.6644982548520697,0.8254584339860637,0.8918671953099561,0.7184078207750451,0.8970726440502942,0.8970726440502942,0.6644982548520697,0.6644982548520697,1.35,ok,ok,0,,0
547,Pavol Regenda,L,f1,SJ,26,0.4167,13.35,0.5,0.5,0.3888888888888889,ok,24.0,0,34183.0,38898.0,ok,0.01833,147.0,13600.0,0.10128622820908795,,,contract_type,2.7390368250214787,10,707|29|356|438|58|454|656|526|207|88,-0.5949741068263977,-2.1315662031486555,-1.5456225629208833,-0.6661386282424194,0.6962603350354857,0.21953498910784092,0.39331483826008634,0.6962603350354857,0.21953498910784092,0.39331483826008634,2.609512812819588,2.1327874668919433,2.3065673160441884,0.6962603350354857,2.4534933062557767,0,0.31428926579136135,0.06588688932685866,0.3818716163068141,0.24301009514297922,0.3686039303662475,0.45716033206889545,-0.36920273153637306,0.5538423127968028,0.5538423127968028,0.2837832625262115,0.08947853599114501,0.1603080950974004,0.8984004323038525,0.28327095368753663,0.5075030171097888,0.8984004323038525,0.28327095368753663,0.5075030171097888,0.10128622820908795,0.6962603350354857,0.6962603350354857,0.8984004323038525,0.8984004323038525,0.775,ok,ok,0,,0
548,Kiefer Sherwood,L,f1,SJ,30,0.5,17.261,0.54,0.49,0.4962121212121212,ok,72.0,0,117052.0,5872.0,ok,0.06721,540.0,61985.0,0.8501620291553921,,,contract_type,4.425940985619551,10,582|738|387|650|300|581|297|411|755|342,0.017290490266159243,-2.1315662031486555,-1.5456225629208833,-0.6661386282424194,0.8328715388892328,0.6100051622931095,0.7051326935666857,0.8328715388892328,0.6100051622931095,0.7051326935666857,3.0192697269543705,2.796403350358247,2.8915308816318235,0.8328715388892328,4.813439893328351,0,0.20836572415055746,0.30747215019200697,0.05577749036580956,0.10378387671866574,0.6277389910629247,0.08494910815950095,-0.07047272840443705,0.7594182242580905,0.7594182242580905,0.17303042259728457,0.1267295688346716,0.14649246883585937,0.5552476925928219,0.40667010819540633,0.47008846237779045,0.5552476925928219,0.40667010819540633,0.47008846237779045,0.8501620291553921,0.8328715388892328,0.8328715388892328,0.5552476925928219,0.5552476925928219,1.5,ok,ok,0,,0
549,Will Smith,C,f1,SJ,20,0.8551,18.183,0.49,0.48,0.6801470588235294,ok,69.0,0,244830.0,20025.0,ok,,394.0,51870.0,1.1093958044851102,trends_12mo,trends_12mo=fetch_failed,contract_type,5.825446146104389,10,688|765|649|31|256|466|28|27|138|174,0.10880577704630015,-2.1315662031486555,-1.5456225629208833,-0.6661386282424194,1.00059002743881,0.8477902689659922,0.9409886786156152,1.00059002743881,0.8477902689659922,0.9409886786156152,3.1605169666338657,3.007717208161048,3.100915617810671,1.00059002743881,6.367082102603281,1,0.3882058025845338,-0.6149443003840143,0.6234505577818665,0.3756047376625254,-0.11701275052708013,-0.20678401328299734,0.39143845586871917,0.7400210934695424,0.7400210934695424,0.15715048295508913,0.1331520868278673,0.1477896253655779,1.0532526604619052,0.8924108094378865,0.9905143985427529,0.15715048295508913,0.1331520868278673,0.1477896253655779,1.1093958044851102,1.00059002743881,1.00059002743881,0.15715048295508913,1.0532526604619052,0.95,ok,ok,0,,0
550,Tyler Toffoli,C,f1,SJ,33,0.6203,14.967,0.4699999999999999,0.49,0.5403508771929825,ok,79.0,0,85845.0,11304.0,ok,0.10387,231.0,23787.0,0.49455499975119876,,,contract_type,3.9416647534899982,10,636|202|375|429|211|416|264|33|316|385,0.38555704953262077,-2.1315662031486555,-1.5456225629208833,-0.6661386282424194,0.108997950218578,0.10983675889638174,0.21105048309013086,0.108997950218578,0.10983675889638174,0.21105048309013086,2.879863290474929,2.8807020991527326,2.981915823346481,0.108997950218578,3.4455410866964997,0,0.16275159676897627,0.04392459288457218,0.2618113422243502,-0.041225374141019094,0.05875416697053737,0.2604360815942606,0.31035802279911817,-0.012429526838581756,-0.012429526838581756,0.03163449440188872,0.03187794199305007,0.06125321909670823,0.018166325036429665,0.01830612648273029,0.03517508051502181,0.018166325036429665,0.01830612648273029,0.03517508051502181,0.49455499975119876,0.108997950218578,0.108997950218578,0.018166325036429665,0.018166325036429665,6.0,ok,ok,0,,0
551,Alexander Wennberg,C,f1,SJ,31,0.6875,20.45,0.48,0.47,0.4066852367688022,ok,80.0,0,58190.0,16233.0,ok,0.031568,260.0,26062.0,0.41309232875739677,,,contract_type,6.158537268804985,10,315|276|436|349|590|242|413|374|485|229,0.5659881559477848,-2.1315662031486555,-1.5456225629208833,-0.6661386282424194,-0.15289582719038808,-0.2705699781474001,-0.16242432434449272,-0.15289582719038808,-0.2705699781474001,-0.16242432434449272,2.382190781444205,2.2645166304871926,2.3726622842901,-0.15289582719038808,8.705768781008958,0,0.30328426545492254,0.1976606679805759,0.015917317394559594,0.4342641039792112,-0.35153383499523805,-0.5096946489570088,-0.31063501942294136,-0.2563080108005792,-0.2563080108005792,-0.017562587640039318,-0.0310793894202233,-0.018657091456277856,-0.030579165438077614,-0.054113995629480015,-0.03248486486889854,-0.030579165438077614,-0.054113995629480015,-0.03248486486889854,0.41309232875739677,-0.15289582719038808,-0.15289582719038808,-0.030579165438077614,-0.030579165438077614,5.0,ok,ok,0,,0
552,Vincent Desharnais,D,d1,SJ,29,0.1321,18.183,0.48,0.5,0.3351648351648351,ok,53.0,0,34815.0,400.0,ok,0.026477,142.0,32841.0,-0.09145023117372401,,,contract_type,3.125547389825573,10,359|40|749|305|444|479|507|188|617|259,-0.2905007014200245,-2.1315662031486555,-1.5456225629208833,-0.6661386282424194,0.19905047024630046,0.23177943438618923,0.3988352423964411,0.19905047024630046,0.23177943438618923,0.3988352423964411,2.6394917139530887,2.6722206780929776,2.839276486103229,0.19905047024630046,2.9753264487331377,0,0.18858765926204626,0.19766066798057594,-0.35720332858967485,-0.12745738853995947,-0.07532867892755118,-0.08494910815950142,-0.28892678337501465,0.33877424662335964,0.33877424662335964,0.06690038006789273,0.0779005055007925,0.1340475572239345,0.09952523512315023,0.11588971719309461,0.19941762119822054,0.09952523512315023,0.11588971719309461,0.19941762119822054,-0.09145023117372401,0.19905047024630046,0.19905047024630046,0.09952523512315023,0.09952523512315023,2.0,ok,ok,0,,0
553,Sam Dickinson,D,d1,SJ,19,0.1944,16.75,0.4799999999999999,0.4799999999999999,0.453781512605042,ok,72.0,0,45393.0,2185.0,ok,0.01222,314.0,19363.0,0.22500571451429072,,,contract_type,2.4581777372376896,10,21|445|213|98|503|673|667|19|672|190,-1.3017852720136012,-2.1315662031486555,-1.5456225629208833,-0.6661386282424194,1.526790986527892,1.1427118555241242,1.258937179572158,1.526790986527892,1.1427118555241242,1.258937179572158,2.804142381564708,2.4200632505609407,2.5362885746089745,1.526790986527892,2.214566656563546,1,0.2048226061698751,-0.5490574110571553,-0.07464577248401083,0.028751501669550428,-0.22086163685561083,-0.21757373620443832,-0.13804557874848483,1.6005998580312109,1.6005998580312109,0.6894310369944294,0.515997950270473,0.5684801475001497,1.61993738623649,1.2124263719088852,1.3357423655938017,0.6894310369944294,0.515997950270473,0.5684801475001497,0.22500571451429072,1.526790986527892,1.526790986527892,0.6894310369944294,1.61993738623649,0.9425,ok,ok,0,,0
554,Mario Ferraro,D,d1,SJ,27,0.2805,21.033,0.45,0.46,0.36,ok,82.0,0,33971.0,3919.0,ok,0.003055,194.0,10177.0,-0.031570599583334295,,,contract_type,4.7025882745643965,10,696|362|383|644|510|76|444|73|359|641,0.029174668375142897,-2.1315662031486555,-1.5456225629208833,-0.6661386282424194,-0.06074526795847719,-0.09547276049490723,-0.02010071271396466,-0.06074526795847719,-0.09547276049490723,-0.02010071271396466,2.2049937012586738,2.1702662087222437,2.2456382565031867,-0.06074526795847719,4.97877972719213,0,0.14549548538698473,-0.2635475573074346,-0.042970069016825596,0.09838991199989056,-0.2008764771401358,-0.2123727703987528,-0.05481612645886891,-0.0591437714594583,-0.0591437714594583,-0.012200834599432168,-0.01917593581685743,-0.004037276966519026,-0.018690851679531443,-0.02937623399843299,-0.006184834681219896,-0.018690851679531443,-0.02937623399843299,-0.006184834681219896,-0.031570599583334295,-0.06074526795847719,-0.06074526795847719,-0.018690851679531443,-0.018690851679531443,3.25,ok,ok,0,,0
555,John Klingberg,D,d1,SJ,33,0.4821,20.467,0.49,0.49,0.5022026431718062,ok,56.0,0,58052.0,17024.0,ok,0.041752,331.0,32171.0,0.5310110547306279,,,contract_type,4.601328589446837,10,595|578|425|237|640|101|718|558|720|572,-0.10705053238850645,-2.1315662031486555,-1.5456225629208833,-0.6661386282424194,0.6380615871191344,0.390326877092102,0.5046801968968477,0.6380615871191344,0.390326877092102,0.5046801968968477,2.7429109844694093,2.495176274442377,2.6095295942471224,0.6380615871191344,4.226812600714035,0,0.18948322593675915,0.3294344466342931,0.11678416672611996,-0.10103261929403051,0.166747973626021,0.228322398869517,0.1945777504705732,0.5921420042448187,0.5921420042448187,0.15095573127877654,0.09234544181735527,0.11939970956166646,0.1595153967797836,0.0975817192730255,0.12617004922421193,0.1595153967797836,0.0975817192730255,0.12617004922421193,0.5310110547306279,0.6380615871191344,0.6380615871191344,0.1595153967797836,0.1595153967797836,4.0,ok,ok,0,,0
556,Nick Leddy,D,d1,SJ,34,0.2188,17.867,0.45,0.43,0.5984251968503937,ok,32.0,0,42282.0,5465.0,ok,0.003055,139.0,11020.0,-0.06152952072202197,,,contract_type,3.045300801002179,10,145|640|423|531|310|595|643|263|768|330,0.0909395576715141,-2.1315662031486555,-1.5456225629208833,-0.6661386282424194,-0.15246907839353607,-0.489025820029276,-0.3885656596530134,-0.15246907839353607,-0.489025820029276,-0.3885656596530134,2.513047889039099,2.1764911474033592,2.2769513077796217,-0.15246907839353607,2.7341463489514175,0,0.3862824403458482,0.28550985374972093,-0.290858879617393,-0.12433588117955646,-0.5524103121353727,-0.7220674193557614,0.3425122960372845,-0.13809763984672319,-0.13809763984672319,-0.05576478320262924,-0.17885868480186665,-0.14211589654007864,-0.03811726959838402,-0.122256455007319,-0.09714141491325334,-0.03811726959838402,-0.122256455007319,-0.09714141491325334,-0.06152952072202197,-0.15246907839353607,-0.15246907839353607,-0.03811726959838402,-0.03811726959838402,4.0,ok,ok,0,,0
557,Shakir Mukhamadullin,D,d1,SJ,24,0.24,17.15,0.45,0.46,0.4345238095238095,ok,50.0,0,48938.0,17089.0,ok,0.008147,95.0,5455.0,-0.16210190147328912,,,contract_type,2.7022372068802785,10,239|750|234|188|213|76|21|503|673|573,-0.682445100673868,-2.1315662031486555,-1.5456225629208833,-0.6661386282424194,0.5203431992005789,0.2629020428371264,0.36121918742701686,0.5203431992005789,0.2629020428371264,0.36121918742701686,2.1511928967466414,1.8937517403831887,1.9920688849730792,0.5203431992005789,2.3648661136748235,0,0.19355123753355405,-0.0439245928845724,0.030655976414031172,-0.0599242794247673,-0.4700099613085009,-0.4990326690553555,-0.05775994611409685,0.5032826315827826,0.5032826315827826,0.22003072232787202,0.1111699479800979,0.15274403288129895,0.5203431992005789,0.2629020428371264,0.36121918742701686,0.5203431992005789,0.2629020428371264,0.36121918742701686,-0.16210190147328912,0.5203431992005789,0.5203431992005789,0.5203431992005789,0.5203431992005789,1.0,ok,ok,0,,0
558,Dmitry Orlov,D,d1,SJ,34,0.4512,21.2,0.51,0.51,0.4195402298850574,ok,82.0,0,42685.0,42489.0,ok,0.01222,274.0,16403.0,0.35427371428105076,,,contract_type,4.943584943048953,10,401|43|285|23|101|555|400|309|720|425,-0.1903104753385833,-2.1315662031486555,-1.5456225629208833,-0.6661386282424194,0.5445841896196341,0.3269882719717549,0.4182922129842747,0.5445841896196341,0.3269882719717549,0.4182922129842747,2.726736868248033,2.5091409506001536,2.6004448916126734,0.5445841896196341,4.914742723453726,0,0.2680429425318271,0.46120822528801064,0.22710187698799406,0.24253296682132253,0.1667479736260209,0.29203422998914347,-0.21863238247847072,0.37692631107464414,0.37692631107464414,0.11080624566995435,0.06653212393221088,0.08510968661454758,0.08378218301840525,0.050305887995654594,0.06435264815142687,0.08378218301840525,0.050305887995654594,0.06435264815142687,0.35427371428105076,0.5445841896196341,0.5445841896196341,0.08378218301840525,0.08378218301840525,6.5,ok,ok,0,,0
559,Matty Beniers,C,f1,SEA,23,0.6098,19.283,0.47,0.47,0.5739348370927319,ok,82.0,0,75666.0,11616.0,ok,0.04277,204.0,12092.0,0.27173076238802096,,,contract_type,5.49736942025837,10,686|133|226|34|485|139|633|174|184|57,0.5165507894403106,-0.1649389443741379,-0.3652879293261108,-0.27933569424398536,-0.24482002705228967,-0.14076538679582598,-0.07348139668047601,-0.24482002705228967,-0.14076538679582598,-0.07348139668047601,0.05768052046905359,0.16173516072551716,0.22901915084086702,-0.24482002705228967,6.985684144572894,0,0.1982629182108868,-0.06588688932685882,0.191442525386247,0.44937219960356023,-0.17576691749761952,-0.08494910815950174,0.22215986929153342,-0.413671607838894,-0.413671607838894,-0.03504596285569078,-0.020150551310738143,-0.010518854726285177,-0.034274598139731716,-0.019707035909200185,-0.010287333811263774,-0.034274598139731716,-0.019707035909200185,-0.010287333811263774,0.27173076238802096,-0.24482002705228967,-0.24482002705228967,-0.034274598139731716,-0.034274598139731716,7.1429,ok,ok,0,,0
560,Berkly Catton,C,f1,SEA,20,0.2576,12.933,0.47,0.49,0.8169642857142857,ok,66.0,0,34131.0,794.0,ok,0.015275,154.0,8778.0,-0.21558467769069842,,,contract_type,2.1105628482646166,10,571|678|351|376|82|256|741|138|174|61,-0.017543787037756844,-0.1649389443741379,-0.3652879293261108,-0.27933569424398536,-0.19804089065294156,-0.4696450388004612,-0.3479357327430015,-0.19804089065294156,-0.4696450388004612,-0.3479357327430015,-0.18019898894356878,-0.45180313709108844,-0.33009383103362866,-0.19804089065294156,2.1630933834570714,1,0.5903984027405748,-0.680831189710873,-0.6606355513590729,-0.5007646967852284,-0.3766433946377548,-0.10618638519937687,1.217329198751142,0.1208312317626215,0.1208312317626215,-0.0915544803416814,-0.21711732021937544,-0.1608509995009684,-0.21012296090497778,-0.4982971233957148,-0.36916258115968326,-0.0915544803416814,-0.21711732021937544,-0.1608509995009684,-0.21558467769069842,-0.19804089065294156,-0.19804089065294156,-0.0915544803416814,-0.21012296090497778,0.9425,ok,ok,0,,0
561,Jordan Eberle,R,f1,SEA,35,0.6875,18.483,0.48,0.48,0.584,ok,80.0,0,79105.0,13808.0,ok,0.044807,169.0,9614.0,0.2053362003192205,,,contract_type,5.435240068147744,10,524|525|682|371|128|567|581|414|387|679,0.35934502980647076,-0.1649389443741379,-0.3652879293261108,-0.27933569424398536,-0.15400882948725025,-0.1580148157353043,-0.0882185395556721,-0.15400882948725025,-0.1580148157353043,-0.0882185395556721,0.3761103521340863,0.3721043658860323,0.4419006420656643,-0.15400882948725025,6.297474736661079,0,0.2731206827512294,0.6149443003840143,0.272767978965173,0.25671276531951076,-0.12554779821258494,0.14866093927912716,0.22009031434696624,-0.41593737350789073,-0.41593737350789073,-0.024455648641300582,-0.025091774456102663,-0.014008557913238342,-0.03242291147100005,-0.033266276996906166,-0.0185723241169836,-0.03242291147100005,-0.033266276996906166,-0.0185723241169836,0.2053362003192205,-0.15400882948725025,-0.15400882948725025,-0.03242291147100005,-0.03242291147100005,4.75,ok,ok,0,,0
562,Frederick Gaudreau,C,f1,SEA,32,0.3529,16.15,0.41,0.4,0.2369791666666666,ok,68.0,0,44001.0,7719.0,ok,0.007128,101.0,4736.0,-0.23715877319674,,,contract_type,3.578108980482507,10,676|349|568|628|589|164|538|242|543|551,-0.033475758272143843,-0.1649389443741379,-0.3652879293261108,-0.27933569424398536,-0.20368301492459617,-0.2036217006673407,-0.10653046186829902,-0.20368301492459617,-0.2036217006673407,-0.10653046186829902,-0.3414638168145985,-0.34140250255734306,-0.2443112637583014,-0.20368301492459617,3.8019157829643584,0,0.43946370149761504,0.5270951146148692,-0.12941180318686038,0.1336254870841147,-0.6528485507054416,-0.5096946489570078,-0.6841066044373965,-0.21313342559421716,-0.21313342559421716,-0.05357378399523208,-0.05355765679495842,-0.028020205588361845,-0.09699191186885532,-0.09696271460349558,-0.050728791365856674,-0.09699191186885532,-0.09696271460349558,-0.050728791365856674,-0.23715877319674,-0.20368301492459617,-0.20368301492459617,-0.09699191186885532,-0.09699191186885532,2.1,ok,ok,0,,0
563,Kaapo Kakko,R,f1,SEA,24,0.6154,14.25,0.47,0.48,0.697841726618705,ok,65.0,0,72616.0,50337.0,ok,0.133401,215.0,17160.0,0.5358344376103019,,,contract_type,3.66337907775397,10,513|632|512|482|348|495|762|37|704|635,0.2897739664256184,-0.1649389443741379,-0.3652879293261108,-0.27933569424398536,0.2460604711846835,0.5468416580511698,0.640871208595049,0.2460604711846835,0.5468416580511698,0.640871208595049,0.9576688713021357,1.258450058168622,1.3524796087125013,0.2460604711846835,3.0565054091915203,0,0.2642130569873384,0.1537360750960034,0.43378033874417343,0.2681999124057924,0.1506573578551016,-0.021237277039875824,0.5576673807830836,-0.04886476522656724,-0.04886476522656724,0.08050385595416605,0.17891074440984403,0.20967448860643978,0.054378004681698004,0.1208489852046784,0.14162899637459644,0.054378004681698004,0.1208489852046784,0.14162899637459644,0.5358344376103019,0.2460604711846835,0.2460604711846835,0.054378004681698004,0.054378004681698004,4.525,ok,ok,0,,0
564,Jared McCann,L,f1,SEA,29,0.7692,16.433,0.49,0.54,0.6478260869565218,ok,52.0,0,42078.0,5959.0,ok,0.037678,159.0,11239.0,0.030847726872497445,,,contract_type,4.925411429978424,10,698|585|483|181|632|246|512|522|586|704,0.20014380258129233,-0.1649389443741379,-0.3652879293261108,-0.27933569424398536,-0.16929607570879487,-0.1358965221296689,-0.07242482267521222,-0.16929607570879487,-0.1358965221296689,-0.07242482267521222,0.2865660294723018,0.3199655830514277,0.3834372825058845,-0.16929607570879487,4.627800953394111,0,0.20857655693815078,0.2855098537497208,0.3749263920752137,0.16506530921808998,-0.200876477140136,0.2123727703987539,-0.01270853904699032,-0.37825870140332263,-0.37825870140332263,-0.03658240218491466,-0.029365247878692793,-0.015649943332609106,-0.03385921514175898,-0.02717930442593378,-0.014484964535042444,-0.03385921514175898,-0.02717930442593378,-0.014484964535042444,0.030847726872497445,-0.16929607570879487,-0.16929607570879487,-0.03385921514175898,-0.03385921514175898,5.0,ok,ok,0,,0
565,Bobby McMann,C,f1,SEA,29,0.5897,15.928,0.47,0.45,0.4985422740524781,ok,78.0,0,60410.0,1652.0,ok,0.069246,293.0,20387.0,0.3118453381765043,,,contract_type,4.2036558671042465,10,131|625|27|346|264|33|543|10|416|177,0.38750331373111463,-0.1649389443741379,-0.3652879293261108,-0.27933569424398536,-0.07565797555461035,-0.22675040930852644,-0.13107881194052512,-0.07565797555461035,-0.22675040930852644,-0.13107881194052512,0.3790956723960872,0.22800323864217092,0.3236748360101724,-0.07565797555461035,3.9919133490157845,0,0.13712830495081565,0.0,0.22412475251076075,0.0943479335359872,-0.14212231016959748,-0.29173312144249797,0.0704417120460504,-0.19874212584526924,-0.19874212584526924,-0.018952810078721773,-0.05680243769931336,-0.032836086477889825,-0.05604294485526692,-0.16796326615446402,-0.09709541625224082,-0.05604294485526692,-0.16796326615446402,-0.09709541625224082,0.3118453381765043,-0.07565797555461035,-0.07565797555461035,-0.05604294485526692,-0.05604294485526692,1.35,ok,ok,0,,0
566,Ben Meyers,C,f1,SEA,27,0.2885,11.933,0.45,0.52,0.1864406779661017,ok,52.0,0,12369.0,477.0,ok,0.0,62.0,2334.0,-0.9033848402914836,,,contract_type,1.8351267344267672,10,325|631|298|629|327|752|52|570|250|206,-0.1227497490904665,-0.1649389443741379,-0.3652879293261108,-0.27933569424398536,-0.780635091201017,-0.9478580972076172,-0.86384288320859,-0.780635091201017,-0.9478580972076172,-0.86384288320859,-0.42910002005202796,-0.596323026058628,-0.5123078120596007,-0.780635091201017,1.8552824348987174,0,0.28631196832602873,-0.1756983715382897,0.08256272404867132,0.0035210603025341847,-0.10043823857006706,0.5309319259968838,-0.8247194894997265,-0.681356221153846,-0.681356221153846,-0.42076347865797215,-0.5108969283479268,-0.46561260267402277,-1.007271085420667,-1.2230427060743445,-1.1146359783336646,-1.007271085420667,-1.2230427060743445,-1.1146359783336646,-0.9033848402914836,-0.780635091201017,-0.780635091201017,-1.007271085420667,-1.007271085420667,0.775,ok,ok,0,,0
567,Jaden Schwartz,L,f1,SEA,33,0.52,16.133,0.45,0.43,0.5,ok,50.0,0,27128.0,3730.0,ok,0.002037,99.0,5574.0,-0.3623136535225396,,,contract_type,4.0708854611554655,10,682|128|371|561|525|679|249|397|289|524,0.3628590857240753,-0.1649389443741379,-0.3652879293261108,-0.27933569424398536,-0.725172739246615,-0.6230524697039405,-0.5365031532807144,-0.725172739246615,-0.6230524697039405,-0.5365031532807144,-0.16728060072651102,-0.06516033118383656,0.021388985239389435,-0.725172739246615,4.0265472763106365,0,0.4025429915728253,0.21962296442286222,-0.10720781421629816,-0.12121437381915445,-0.6779581103479573,-0.8494910815950135,-0.43976360503566597,-0.6903504762921729,-0.6903504762921729,-0.18009790758276198,-0.15473616151722386,-0.13324148866626265,-0.13184958895392998,-0.11328226721889828,-0.09754602786922081,-0.13184958895392998,-0.11328226721889828,-0.09754602786922081,-0.3623136535225396,-0.725172739246615,-0.725172739246615,-0.13184958895392998,-0.13184958895392998,5.5,ok,ok,0,,0
568,Chandler Stephenson,C,f1,SEA,31,0.6125,19.383,0.4,0.36,0.329004329004329,ok,80.0,0,22405.0,1874.0,ok,0.003055,143.0,7254.0,-0.2940821091346995,,,contract_type,5.542204294959943,10,676|562|538|626|551|543|141|589|139|211,-0.2513322656794491,-0.1649389443741379,-0.3652879293261108,-0.27933569424398536,-0.0427498434552504,0.14176265415292164,0.21258655237157711,-0.0427498434552504,0.14176265415292164,0.21258655237157711,-0.11162770009269593,0.07288479751547602,0.14370869573413161,-0.0427498434552504,7.108556488229396,0,0.6179168070047162,0.48317052173029673,0.49012630473121754,0.7403216576519662,-0.6528485507054409,-0.9556774667943899,-0.38535634041498645,-0.43946362861135957,-0.43946362861135957,-0.006013857177056571,0.019942537474050795,0.029905727375675446,-0.006839974952840064,0.022682024664467462,0.034013848379452344,-0.006839974952840064,0.022682024664467462,0.034013848379452344,-0.2940821091346995,-0.0427498434552504,-0.0427498434552504,-0.006839974952840064,-0.006839974952840064,6.25,ok,ok,0,,0
569,Eeli Tolvanen,R,f1,SEA,26,0.4615,16.05,0.43,0.4,0.4011142061281337,ok,78.0,0,22755.0,45335.0,ok,0.007128,153.0,10809.0,0.007636627541127136,,,contract_type,3.8656605664492885,10,137|677|735|592|80|420|412|567|140|207,-0.24707389599951685,-0.1649389443741379,-0.3652879293261108,-0.27933569424398536,0.254710523540644,0.1708514483109968,0.25825874818734007,0.254710523540644,0.1708514483109968,0.25825874818734007,0.737059395303383,0.653200320073736,0.7406076199500792,0.254710523540644,3.8890624158669644,0,0.39183878096265157,-0.043924592884572455,0.11901204329251576,0.2397817093966872,-0.6026294314204066,-0.743304696395636,-0.6023802123860916,0.20103898359664343,0.20103898359664343,0.06549406934212522,0.04393126929872375,0.06640642925494628,0.07329799238579683,0.04916588440604224,0.07431906422657267,0.07329799238579683,0.04916588440604224,0.07431906422657267,0.007636627541127136,0.254710523540644,0.254710523540644,0.07329799238579683,0.07329799238579683,3.475,ok,ok,0,,0
570,Ryan Winterton,C,f1,SEA,22,0.2647,11.983,0.44,0.5,0.3982683982683982,ok,68.0,0,15665.0,686.0,ok,0.001018,82.0,5343.0,-0.6390747986637714,,,contract_type,1.7824361799913084,10,206|481|545|327|231|201|244|55|729|410,-0.2674699562972006,-0.1649389443741379,-0.3652879293261108,-0.27933569424398536,-0.37160484236657076,-0.5890425682761643,-0.4489983741487817,-0.37160484236657076,-0.5890425682761643,-0.4489983741487817,-0.3625367467247706,-0.5799744726343642,-0.4399302785069816,-0.37160484236657076,1.8546463028889784,1,0.28721974153140106,-0.6369065968263001,0.024611650425201304,-0.1120246561501288,-0.6277389910629239,-0.04247455407975094,-0.2795620006441014,-0.2398965586406305,-0.2398965586406305,-0.20036426448952704,-0.31760372172236506,-0.24209380163181407,-0.4486355696807567,-0.7111464062249961,-0.5420721648542577,-0.20036426448952704,-0.31760372172236506,-0.24209380163181407,-0.6390747986637714,-0.37160484236657076,-0.37160484236657076,-0.20036426448952704,-0.4486355696807567,0.8283,ok,ok,0,,0
571,Shane Wright,C,f1,SEA,22,0.3649,13.8,0.4600000000000001,0.53,0.7735849056603774,ok,74.0,0,89769.0,9172.0,ok,0.106925,108.0,7440.0,0.1021257719202093,,,contract_type,2.7498134003542862,10,560|678|279|212|523|255|231|741|605|351,-0.11935034746205372,-0.1649389443741379,-0.3652879293261108,-0.27933569424398536,0.22147611938226303,0.31484073607157226,0.3978691219952871,0.22147611938226303,0.31484073607157226,0.3978691219952871,0.719244096455741,0.8126087131450503,0.8956370990687652,0.22147611938226303,2.5933126396236803,1,0.44735259743572414,-0.6369065968263001,-0.024043174803967032,0.022075300052767255,-0.5273007524928541,0.3610337096778811,1.112756050760575,0.22518599051174798,0.22518599051174798,0.0854027840678715,0.12140485156361992,0.15342119415768649,0.24977570698349275,0.35507018841950183,0.4487077049681821,0.0854027840678715,0.12140485156361992,0.15342119415768649,0.1021257719202093,0.22147611938226303,0.22147611938226303,0.0854027840678715,0.24977570698349275,0.8867,ok,ok,0,,0
572,Vince Dunn,D,d1,SEA,29,0.5432,21.667,0.4599999999999999,0.45,0.474537037037037,ok,81.0,0,42383.0,6125.0,ok,0.081466,153.0,8106.0,0.031107701963691028,,,contract_type,5.264076229420656,10,360|237|425|578|718|555|263|575|45|285,0.4273569538149721,-0.1649389443741379,-0.3652879293261108,-0.27933569424398536,-0.39624925185128107,-0.12514443753969545,-0.0250503236263592,-0.39624925185128107,-0.12514443753969545,-0.0250503236263592,-0.08889632439318823,0.18220848991839733,0.2823026038317337,-0.39624925185128107,5.251887457625545,0,0.2472015275743703,-0.307472150192007,0.07768052165454176,-0.07678908106590399,-0.5273007524928579,-0.4884573719171323,-0.005509288123778877,-0.3991895528678436,-0.3991895528678436,-0.07544892289646113,-0.02382846901221967,-0.004769775405218757,-0.053911462836908994,-0.017026454087033398,-0.0034082072961032924,-0.053911462836908994,-0.017026454087033398,-0.0034082072961032924,0.031107701963691028,-0.39624925185128107,-0.39624925185128107,-0.053911462836908994,-0.053911462836908994,7.35,ok,ok,0,,0
573,Ryker Evans,D,d1,SEA,24,0.2537,17.8,0.45,0.49,0.4629629629629629,ok,67.0,0,14849.0,2140.0,ok,0.001018,94.0,3510.0,-0.5855048686856612,,,contract_type,3.0434359791998364,10,76|502|557|747|234|239|188|510|533|750,-0.23243055070958202,-0.1649389443741379,-0.3652879293261108,-0.27933569424398536,-0.3530743179760792,-0.44471498547120913,-0.3774968366696923,-0.3530743179760792,-0.44471498547120913,-0.3774968366696923,-0.5173988458426811,-0.6090395133378111,-0.5418213645362944,-0.3530743179760792,2.673798677712632,0,0.20039477787579632,-0.3294344466342932,-0.03367382062252411,-0.18129714749218345,-0.2762051560676859,0.12742366223925233,0.25433443419883905,-0.29387076628441694,-0.29387076628441694,-0.13204970176667358,-0.1663232872310535,-0.14118371731436097,-0.17223137462247767,-0.2169341392542484,-0.1841447983754597,-0.17223137462247767,-0.2169341392542484,-0.1841447983754597,-0.5855048686856612,-0.3530743179760792,-0.3530743179760792,-0.17223137462247767,-0.17223137462247767,2.05,ok,ok,0,,0
574,Cale Fleury,D,d1,SEA,27,0.1304,16.3,0.41,0.45,0.3225806451612903,ok,23.0,0,27619.0,2759.0,ok,0.0,34.0,2804.0,-0.79816911686551,,,contract_type,2.1719626071299976,10,219|747|76|577|338|234|259|260|557|573,-0.3582143622091344,-0.1649389443741379,-0.3652879293261108,-0.27933569424398536,-0.43995475465637557,-0.702253262178453,-0.5828568978061395,-0.43995475465637557,-0.702253262178453,-0.5828568978061395,-0.5219103251961404,-0.7842088327182178,-0.6648124683459042,-0.43995475465637557,2.0638305173673444,0,0.3887321189027291,-0.021962296442286228,-0.2009394122351017,-0.1835196607327901,-0.82861546820306,-0.48845737191713245,-0.6088985038860038,-0.3360840169346744,-0.3360840169346744,-0.21317387787132297,-0.3402669241824462,-0.28241509799440373,-0.49433118500716355,-0.789048609189273,-0.6548953907934151,-0.49433118500716355,-0.789048609189273,-0.6548953907934151,-0.79816911686551,-0.43995475465637557,-0.43995475465637557,-0.49433118500716355,-0.49433118500716355,0.89,ok,ok,0,,0
575,Adam Larsson,D,d1,SEA,33,0.3049,21.367,0.45,0.44,0.4,ok,82.0,0,34165.0,11095.0,ok,0.002037,202.0,9807.0,0.047080909615554056,,,contract_type,4.893834534143776,10,235|644|425|237|364|696|220|595|189|383,0.05875221201723835,-0.1649389443741379,-0.3652879293261108,-0.27933569424398536,-0.011671302401684291,0.011097188511850617,0.08628917219856425,-0.011671302401684291,0.011097188511850617,0.08628917219856425,0.45682753192847936,0.47959602284201425,0.5547880065287278,-0.011671302401684291,5.278565049483718,0,0.1376147362840391,0.1317737786537172,0.057014760835554734,0.10530717231054276,-0.2510955964251691,-0.2760846015183793,-0.00441250796087167,-0.0979747499977328,-0.0979747499977328,-0.0022110748455824807,0.002102311595636394,0.01634708891330305,-0.0022231052193684366,0.002113750192733451,0.016436032799726524,-0.0022231052193684366,0.002113750192733451,0.016436032799726524,0.047080909615554056,-0.011671302401684291,-0.011671302401684291,-0.0022231052193684366,-0.0022231052193684366,5.25,ok,ok,0,,0
576,Ryan Lindgren,D,d1,SEA,27,0.1184,18.333,0.45,0.43,0.391304347826087,ok,76.0,0,30188.0,2993.0,ok,0.022403,175.0,18198.0,0.0008556656010627051,,,contract_type,3.1888204480910582,10,382|450|104|644|444|47|696|100|554|406,-0.1583242327489674,-0.1649389443741379,-0.3652879293261108,-0.27933569424398536,0.1591798983500301,0.3536625102102116,0.458611536095814,0.1591798983500301,0.3536625102102116,0.458611536095814,0.5236613288750752,0.7181439407352567,0.8230929666208592,0.1591798983500301,3.0745991480671715,0,0.32900303659860874,-0.1537360750960035,-0.33907898819502924,-0.4176826568807531,-0.47708163320782226,-0.5734064800766349,-0.013032386135409468,0.37315932131185126,0.37315932131185126,0.05177256958849338,0.11502719319770172,0.14916140739325887,0.03537331074445113,0.07859166893560258,0.10191367468795867,0.03537331074445113,0.07859166893560258,0.10191367468795867,0.0008556656010627051,0.1591798983500301,0.1591798983500301,0.03537331074445113,0.03537331074445113,4.5,ok,ok,0,,0
577,Joshua Mahura,D,d1,SEA,27,0.1304,15.667,0.41,0.43,0.4375,ok,23.0,0,12029.0,2594.0,ok,0.001018,31.0,1653.0,-1.04540272413061,,,contract_type,1.8519242711795827,10,642|76|639|557|574|219|234|239|573|399,-0.4243350690672001,-0.1649389443741379,-0.3652879293261108,-0.27933569424398536,-0.62106765506341,-0.36678206772192073,-0.24975910461308243,-0.62106765506341,-0.36678206772192073,-0.24975910461308243,-0.5312557198693735,-0.27697013252788416,-0.159947169419046,-0.62106765506341,1.8247547371776967,0,0.303414029738787,0.04392459288457243,-0.06845115274509128,-0.2101149034434206,-0.728177229632992,-0.5946437571165094,0.17517254261013626,-0.6155607942022737,-0.6155607942022737,-0.34035678461862773,-0.20100348844098004,-0.13687269829992535,-0.6843720716952176,-0.4041675677376537,-0.27521664420174374,-0.6843720716952176,-0.4041675677376537,-0.27521664420174374,-1.04540272413061,-0.62106765506341,-0.62106765506341,-0.6843720716952176,-0.6843720716952176,0.9075,ok,ok,0,,0
578,Brandon Montour,D,d1,SEA,31,0.5,22.567,0.48,0.4899999999999999,0.4886363636363636,ok,64.0,0,70619.0,9007.0,ok,0.065173,184.0,16509.0,0.2799958777624297,,,contract_type,5.6794847241813935,10,425|718|555|447|572|261|595|469|360|237,0.358023513055639,-0.1649389443741379,-0.3652879293261108,-0.27933569424398536,-0.07802763529320933,0.10690154602841717,0.2182630579495711,-0.07802763529320933,0.10690154602841717,0.2182630579495711,0.11858244238145932,0.3035116237030858,0.4148731356242397,-0.07802763529320933,6.328944268882416,0,0.12411911799159814,0.13177377865371742,0.1035294425494882,0.16628894010336803,-0.12554779821258477,0.12742366223924945,-0.09015108619118095,-0.18187038188674431,-0.18187038188674431,-0.012328696853414967,0.016890897041710585,0.0344864875841469,-0.010923803398228916,0.01496612664721852,0.030556644773071316,-0.010923803398228916,0.01496612664721852,0.030556644773071316,0.2799958777624297,-0.07802763529320933,-0.07802763529320933,-0.010923803398228916,-0.010923803398228916,7.1429,ok,ok,0,,0
579,Jamie Oleksiak,D,d1,SEA,33,0.1923,16.933,0.46,0.47,0.4065420560747663,ok,78.0,0,42604.0,6650.0,ok,0.003055,88.0,4125.0,-0.3188481696392148,,,contract_type,2.5487745837442124,10,428|221|260|238|644|101|596|219|400|645,-0.08253572022136046,-0.1649389443741379,-0.3652879293261108,-0.27933569424398536,-0.23631244941785434,-0.20501079762054727,-0.11615269667644727,-0.23631244941785434,-0.20501079762054727,-0.11615269667644727,0.3212786326339744,0.35258028443128137,0.4414383853753814,-0.23631244941785434,2.2960930268362416,0,0.0442848275081634,0.021962296442285867,-0.011302632939834467,0.04420054422330094,-0.08434762279914876,-0.0052876485691124575,0.0986082200752979,-0.2664678580993082,-0.2664678580993082,-0.10291937071185063,-0.08928679945647897,-0.0505871039713459,-0.051372271612577035,-0.04456756470011898,-0.02525058623401028,-0.051372271612577035,-0.04456756470011898,-0.02525058623401028,-0.3188481696392148,-0.23631244941785434,-0.23631244941785434,-0.051372271612577035,-0.051372271612577035,4.6,ok,ok,0,,0
580,Jonatan Berggren,R,f1,STL,25,0.4314,13.819,0.52,0.49,0.5585106382978723,ok,51.0,0,16726.0,3223.0,ok,0.004073,112.0,5196.0,-0.4262282022120275,,,contract_type,2.955395686746351,10,356|489|454|656|711|88|207|29|253|14,-0.6641822713778137,0.07209867599746825,-0.20527649274330012,-0.5187036842189547,0.2379540691657862,0.359387142109714,0.46303981985576426,0.2379540691657862,0.359387142109714,0.46303981985576426,-0.023601834807105038,0.09783123813682253,0.2014839158828729,0.2379540691657862,2.664517053809409,0,0.28132473343786457,-0.0439245928845724,0.3313441655018151,0.2370917171876561,0.5026867762643376,0.08047810246689589,0.49242304632191025,0.031127868045935758,0.031127868045935758,0.08930476493876736,0.13487890482663834,0.1737800173557775,0.13038579132371847,0.19692446142998027,0.2537204492360352,0.13038579132371847,0.19692446142998027,0.2537204492360352,-0.4262282022120275,0.2379540691657862,0.2379540691657862,0.13038579132371847,0.13038579132371847,1.825,ok,ok,0,,0
581,Pavel Buchnevich,L,f1,STL,30,0.5926,17.933,0.5,0.49,0.5306122448979592,ok,81.0,0,23796.0,24701.0,ok,0.017312,147.0,7798.0,-0.06979380881253522,,,contract_type,4.949586836116572,10,387|175|650|65|371|291|128|223|684|412,0.22073413159646957,0.07209867599746825,-0.20527649274330012,-0.5187036842189547,-0.29052794040900476,-0.3946913118018048,-0.3014685073881337,-0.29052794040900476,-0.3946913118018048,-0.3014685073881337,-0.6011542093112001,-0.7053175807040001,-0.6120947762903292,-0.29052794040900476,5.5589473563165965,0,0.11150879480990238,0.17569837153828965,0.12623502765643357,0.1939829534048596,0.1255477982125848,0.042474554079750745,-0.005114063967495808,-0.3973821261321651,-0.3973821261321651,-0.05226312137654617,-0.07100108824619819,-0.05423122185994026,-0.036315992551125595,-0.0493364139752256,-0.03768356342351671,-0.036315992551125595,-0.0493364139752256,-0.03768356342351671,-0.06979380881253522,-0.29052794040900476,-0.29052794040900476,-0.036315992551125595,-0.036315992551125595,8.0,ok,ok,0,,0
582,Jonathan Drouin,L,f1,STL,30,0.375,16.871,0.51,0.46,0.5578512396694215,ok,64.0,0,74915.0,16451.0,ok,0.10387,178.0,11550.0,0.3191285234236248,,,contract_type,3.9092316216086065,10,755|387|548|411|86|371|581|612|682|650,0.23473302818118338,0.07209867599746825,-0.20527649274330012,-0.5187036842189547,0.08439549524244142,0.12229537340070343,0.1857516191305408,0.08439549524244142,0.12229537340070343,0.1857516191305408,-0.47107186031757853,-0.4331719821593166,-0.36971573642947925,0.08439549524244142,4.315310080206902,0,0.1830621828661295,-0.1317737786537173,-0.30229527152692953,0.05658668542937806,0.07532867892755096,-0.4672200948772571,0.06516858778194379,0.1865709625494148,0.1865709625494148,0.019557226172353063,0.028339880826093466,0.04304479068202551,0.021098873810610354,0.030573843350175857,0.0464379047826352,0.021098873810610354,0.030573843350175857,0.0464379047826352,0.3191285234236248,0.08439549524244142,0.08439549524244142,0.021098873810610354,0.021098873810610354,4.0,ok,ok,0,,0
583,Dalibor Dvorsky,R,f1,STL,20,0.2958,14.333,0.47,0.45,0.6127819548872181,ok,71.0,0,42882.0,38889.0,ok,0.034623,131.0,7474.0,0.04514708111764537,,,contract_type,2.739445654592181,10,437|431|37|684|412|81|411|94|328|253,-0.10377506171773328,0.07209867599746825,-0.20527649274330012,-0.5187036842189547,0.14892214283537863,-0.13935564749294344,-0.008916605581738854,0.14892214283537863,-0.13935564749294344,-0.008916605581738854,0.5163281316557552,0.22805034132743307,0.3584893832386377,0.14892214283537863,2.761547304501148,1,0.47613596162373967,-0.7247557825954453,-0.3458338161649895,-0.17725167395310196,-0.4685465855223176,-0.695241385200129,0.4451865263064547,0.3496811688687081,0.3496811688687081,0.053927065668093,-0.05046288624706971,-0.0032288440495679177,0.16795099000268257,-0.1571621151380889,-0.010055944041658797,0.053927065668093,-0.05046288624706971,-0.0032288440495679177,0.04514708111764537,0.14892214283537863,0.14892214283537863,0.053927065668093,0.16795099000268257,0.8867,ok,ok,0,,0
584,Jack Finley,C,f1,STL,23,0.1136,9.708,0.48,0.48,0.3254437869822485,ok,44.0,0,24321.0,198.0,ok,0.004073,93.0,2706.0,-0.6972657996529154,,,contract_type,0.775,10,377|432|439|15|52|752|545|687|603|319,-0.293775203929415,0.07209867599746825,-0.20527649274330012,-0.5187036842189547,-0.4034905957235004,-0.8778617926585794,-0.6882602951448709,-0.4034905957235004,-0.8778617926585794,-0.6882602951448709,-0.6906778528381429,-1.165049049773222,-0.9754475522595135,-0.4034905957235004,1.2076916129572717,0,0.17171534088543486,-0.13177377865371742,-0.17963829631002937,-0.20859160785154418,-0.05825858355654151,0.03241479127138791,-0.4196149876693889,-0.23384750868311183,-0.23384750868311183,-0.3341006854684317,-0.7268923483777131,-0.569897387512305,-0.4890795099678793,-1.0640749001922176,-0.8342549032059041,-0.4890795099678793,-1.0640749001922176,-0.8342549032059041,-0.6972657996529154,-0.4034905957235004,-0.4034905957235004,-0.4890795099678793,-0.4890795099678793,0.825,ok,ok,0,,0
585,Dylan Holloway,L,f1,STL,24,0.8644,18.25,0.5,0.54,0.6185185185185185,ok,59.0,0,32381.0,2965.0,ok,0.080448,218.0,12470.0,0.0994207933676895,,,contract_type,5.877856644022068,10,587|483|435|51|323|588|564|699|632|496,0.21500817475219974,0.07209867599746825,-0.20527649274330012,-0.5187036842189547,-0.11558738138451025,0.17691943304264263,0.2751254623442976,-0.11558738138451025,0.17691943304264263,0.2751254623442976,-0.020400036810550033,0.2721067776166028,0.3703128069182578,-0.11558738138451025,6.459309725771032,0,0.32447010085617684,-0.17569837153828982,0.6422771327674482,0.4174579083508036,0.10043823857006796,0.3185591555981304,0.29238979831232115,-0.42579380636055947,-0.42579380636055947,-0.017894695608626023,0.027389835842176496,0.042593632141003514,-0.05046382073106755,0.07724052959731177,0.12011589711604347,-0.05046382073106755,0.07724052959731177,0.12011589711604347,0.0994207933676895,-0.11558738138451025,-0.11558738138451025,-0.05046382073106755,-0.05046382073106755,2.2905,ok,ok,0,,0
586,Jordan Kyrou,R,f1,STL,27,0.6389,15.733,0.55,0.59,0.6814516129032258,ok,72.0,0,64028.0,9791.0,ok,0.082485,228.0,10503.0,0.2937296298408062,,,contract_type,4.278882206272675,10,185|698|468|158|181|296|453|699|658|200,0.14945638476472461,0.07209867599746825,-0.20527649274330012,-0.5187036842189547,0.14427324507608158,-0.024136274487031036,0.09001746441046153,0.14427324507608158,-0.024136274487031036,0.09001746441046153,-0.33915679722238956,-0.5075663167855023,-0.39341257788800976,0.14427324507608158,3.9349282212203045,0,0.32150972016796153,-0.06588688932685867,0.16960637358236585,0.038556858915693173,0.5775198717778907,0.9132029127146377,0.1642854146903232,0.10587155920368242,0.10587155920368242,0.03666477174807001,-0.0061338538164098615,0.022876520065859093,0.017756707086286964,-0.00297061839840382,0.011079072542826035,0.017756707086286964,-0.00297061839840382,0.011079072542826035,0.2937296298408062,0.14427324507608158,0.14427324507608158,0.017756707086286964,0.017756707086286964,8.125,ok,ok,0,,0
587,Jake Neighbours,L,f1,STL,23,0.5217,15.233,0.49,0.52,0.5508771929824562,ok,69.0,0,25140.0,1969.0,ok,0.008147,126.0,7261.0,-0.3025344448998003,,,contract_type,3.745018021701844,10,314|483|328|699|344|51|435|632|454|656,-0.30299860221925645,0.07209867599746825,-0.20527649274330012,-0.5187036842189547,0.0004641573194561488,0.0685687257149542,0.20769815029741076,0.0004641573194561488,0.0685687257149542,0.20769815029741076,-0.09858000745191492,-0.03047543905641687,0.10865398552603968,0.0004641573194561488,3.4741511491397965,0,0.10839025056549102,-0.15373607509600373,0.03951553335408142,0.06298652265383992,-0.08336814319905816,0.2023130075903916,-0.10842222149957126,0.01684792809737379,0.01684792809737379,0.00013360308735302855,0.019736828586727404,0.05978385550347659,0.00012377528518830633,0.018284993523987787,0.05538617341264287,0.00012377528518830633,0.018284993523987787,0.05538617341264287,-0.3025344448998003,0.0004641573194561488,0.0004641573194561488,0.00012377528518830633,0.00012377528518830633,3.75,ok,ok,0,,0
588,Jimmy Snuggerud,R,f1,STL,21,0.7286,16.7,0.48,0.49,0.5692307692307692,ok,70.0,0,64834.0,4147.0,ok,0.031568,165.0,6686.0,0.014976493046206553,,,contract_type,4.9023436874074235,10,63|354|437|11|735|454|656|587|344|632,-0.11946062806441402,0.07209867599746825,-0.20527649274330012,-0.5187036842189547,0.13443712111062056,-0.0641340351821822,0.057007732076102026,0.13443712111062056,-0.0641340351821822,0.057007732076102026,-0.09200825282491878,-0.29057940911772145,-0.16943764185943727,0.13443712111062056,4.765545217135505,1,0.27409148751631585,-0.3953213359611518,0.49352691626570977,0.24335970396734413,-0.20891594141164327,-0.09500887096786366,0.20841615652418255,-0.06405386670714885,-0.06405386670714885,0.02821022883745265,-0.013457858914353598,0.01196247847384155,0.1415127590638111,-0.06750951071808653,0.06000813902747582,0.02821022883745265,-0.013457858914353598,0.01196247847384155,0.014976493046206553,0.13443712111062056,0.13443712111062056,0.02821022883745265,0.1415127590638111,0.95,ok,ok,0,,0
589,Oskar Sundqvist,C,f1,STL,31,0.3269,12.967,0.38,0.38,0.2983425414364641,ok,52.0,0,23841.0,7430.0,ok,0.003055,82.0,4063.0,-0.4362112994892592,,,contract_type,2.330022796888879,10,628|562|538|211|629|204|541|488|322|676,-0.1269161246330333,0.07209867599746825,-0.20527649274330012,-0.5187036842189547,-0.3092951748562259,-0.4206916384283302,-0.3354390727129404,-0.3092951748562259,-0.4206916384283302,-0.3354390727129404,-0.3668229811956011,-0.47821944476770545,-0.39296687905231575,-0.3092951748562259,2.2302292549764315,0,0.35183309783340655,-0.0219622964422862,0.13924308745997066,-0.009614242670039852,-1.0043823857006784,-0.8919656356747643,-0.04383093905269986,-0.3954082072322018,-0.3954082072322018,-0.1386831305194651,-0.18863156668293993,-0.1504056463991121,-0.20619678323748392,-0.2804610922855535,-0.2236260484752936,-0.20619678323748392,-0.2804610922855535,-0.2236260484752936,-0.4362112994892592,-0.3092951748562259,-0.3092951748562259,-0.20619678323748392,-0.20619678323748392,1.5,ok,ok,0,,0
590,Pius Suter,C,f1,STL,29,0.4531,15.9,0.49,0.5,0.4478260869565217,ok,64.0,0,35633.0,13539.0,ok,0.026477,125.0,8857.0,-0.06132484809780006,,,contract_type,3.78541740889911,10,224|705|315|59|604|264|182|177|164|10,0.28316186308320207,0.07209867599746825,-0.20527649274330012,-0.5187036842189547,-0.34448671118100216,-0.2010360364029898,-0.09943626244918255,-0.34448671118100216,-0.2010360364029898,-0.09943626244918255,-0.6468399736725523,-0.5033892988945399,-0.4017895249407328,-0.34448671118100216,3.7827319422949333,0,0.08921701155203883,-0.0658868893268586,-0.13030307745759398,-0.03270990206184082,-0.21745098909714805,-0.03688579696399423,-0.05206541440479728,-0.2754423023290758,-0.2754423023290758,-0.09106823228188002,-0.053145726281895594,-0.02628689105283413,-0.08351192998327325,-0.048736008824967224,-0.024105760593741223,-0.08351192998327325,-0.048736008824967224,-0.024105760593741223,-0.06132484809780006,-0.34448671118100216,-0.34448671118100216,-0.08351192998327325,-0.08351192998327325,4.125,ok,ok,0,,0
591,Robert Thomas,C,f1,STL,26,1.0,19.017,0.52,0.55,0.5401662049861495,ok,64.0,0,79835.0,9153.0,ok,0.105906,285.0,16687.0,0.4860853112845291,,,contract_type,6.564850760590029,10,60|702|649|64|355|205|59|498|607|160,0.9405997454147608,0.07209867599746825,-0.20527649274330012,-0.5187036842189547,-0.4545144341302317,-0.5898518565628784,-0.4788439927644543,-0.4545144341302317,-0.5898518565628784,-0.4788439927644543,-1.2287846126672042,-1.3641220350998509,-1.2531141713014269,-0.4545144341302317,7.695622460591115,0,0.15335168892168474,-0.1537360750960035,0.09714245174620917,0.007991058842630738,0.050219119285033975,0.25484732447850456,-0.35617410408172656,-0.42306850337156904,-0.42306850337156904,-0.059061425694643496,-0.07664771233041633,-0.062222905972400495,-0.05594023804679774,-0.07259715157696965,-0.05893464526331745,-0.05594023804679774,-0.07259715157696965,-0.05893464526331745,0.4860853112845291,-0.4545144341302317,-0.4545144341302317,-0.05594023804679774,-0.05594023804679774,8.125,ok,ok,0,,0
592,Alexey Toropchenko,R,f1,STL,26,0.1692,11.983,0.41,0.41,0.2815533980582524,ok,65.0,0,10934.0,10915.0,ok,0.001018,75.0,4328.0,-0.5671692260205777,,,contract_type,1.4972348592920472,10,53|58|569|593|140|438|635|207|186|540,-0.3081261987253649,0.07209867599746825,-0.20527649274330012,-0.5187036842189547,-0.25904302729521284,-0.34756289660592443,-0.2534474591721067,-0.25904302729521284,-0.34756289660592443,-0.2534474591721067,-0.717089516071855,-0.8056093853825664,-0.7114939479487489,-0.25904302729521284,1.7919191015768976,0,0.5555125443101262,-0.19766066798057594,-0.3482080378772032,-0.051692161888267196,-0.954163266415645,-0.785779250475388,-0.9955718812236779,-0.02100516219269455,-0.02100516219269455,-0.14456178689498522,-0.1939612654946685,-0.1414391190702034,-0.1523782513501252,-0.20444876270936732,-0.14908674068947453,-0.1523782513501252,-0.20444876270936732,-0.14908674068947453,-0.5671692260205777,-0.25904302729521284,-0.25904302729521284,-0.1523782513501252,-0.1523782513501252,1.7,ok,ok,0,,0
593,Nathan Walker,L,f1,STL,31,0.2391,11.983,0.45,0.46,0.3555555555555555,ok,46.0,0,61554.0,7401.0,ok,0.004073,78.0,3695.0,-0.29738009280349176,,,contract_type,1.7059843076363232,10,186|490|53|707|62|540|289|58|293|438,-0.20977226112142683,0.07209867599746825,-0.20527649274330012,-0.5187036842189547,-0.08760783168206493,-0.27711259517465137,-0.14520252161398117,-0.08760783168206493,-0.27711259517465137,-0.14520252161398117,-0.8667947457418612,-1.0562995092344476,-0.9243894356737774,-0.08760783168206493,1.8376191835162465,0,0.2422159461075881,0.43924592884572433,-0.0635020708661106,0.017305636806072444,-0.3766433946377542,-0.23361004743862823,-0.3229885980512386,-0.11261807095267595,-0.11261807095267595,-0.04767463926580759,-0.15079979446252958,-0.07901665530947448,-0.11304236346072893,-0.35756463893503404,-0.187358092405137,-0.11304236346072893,-0.35756463893503404,-0.187358092405137,-0.29738009280349176,-0.08760783168206493,-0.08760783168206493,-0.11304236346072893,-0.11304236346072893,0.775,ok,ok,0,,0
594,Philip Broberg,D,d1,STL,24,0.4198,23.35,0.47,0.5,0.4250614250614251,ok,81.0,0,25541.0,7967.0,ok,0.032587,191.0,9236.0,-0.013258376296845696,,,contract_type,6.0018034349701095,10,510|502|73|215|508|332|67|554|191|76,0.228579169305078,0.07209867599746825,-0.20527649274330012,-0.5187036842189547,-0.2418375456019237,-0.07423949381204348,0.04886511684323602,-0.2418375456019237,-0.07423949381204348,0.04886511684323602,-1.2074200773336377,-1.0398220255437578,-0.9167174148884781,-0.2418375456019237,7.5290538935560525,0,0.13074646270013504,-0.35139674307657953,-0.024645090167626817,0.19188530045866936,-0.15065735785510226,0.06371183111962608,0.002182453523206118,-0.26793838895886796,-0.26793838895886796,-0.03212057570857701,-0.009860401434446282,0.0064902068087277975,-0.05279258346655105,-0.016206311819084347,0.010667143321887843,-0.05279258346655105,-0.016206311819084347,0.010667143321887843,-0.013258376296845696,-0.2418375456019237,-0.2418375456019237,-0.05279258346655105,-0.05279258346655105,4.5809,ok,ok,0,,0
595,Cam Fowler,D,d1,STL,34,0.3659,21.083,0.49,0.48,0.5107398568019093,ok,82.0,0,42056.0,6518.0,ok,0.016293,191.0,22825.0,0.1620648646915225,,,contract_type,4.8061952100613965,10,555|425|235|237|578|145|168|640|400|447,0.07825774617262385,0.07209867599746825,-0.20527649274330012,-0.5187036842189547,0.08380711851889866,0.03706263728760335,0.1608705367164371,0.08380711851889866,0.03706263728760335,0.1608705367164371,0.36195105380665427,0.31520657257535895,0.4390144720041927,0.08380711851889866,4.9144658959475525,0,0.18255433763727416,0.3294344466342931,0.06611037077530302,0.14676079005668874,0.25109559642516965,0.14866093927912716,0.15326388265306334,-0.01517674904191435,-0.01517674904191435,0.017053148865679515,0.007541539217550588,0.03273408344314492,0.012893402849061332,0.005701944198092824,0.024749313340990328,0.012893402849061332,0.005701944198092824,0.024749313340990328,0.1620648646915225,0.08380711851889866,0.08380711851889866,0.012893402849061332,0.012893402849061332,6.5,ok,ok,0,,0
596,Justin Holl,D,d1,STL,34,0.2222,15.667,,,,thin,9.0,1,19518.0,2615.0,ok,0.003055,68.0,4786.0,-0.5776801860520774,,,contract_type,1.9361216898053804,10,101|400|691|238|17|579|330|428|471|664,-0.21671424623895508,0.07209867599746825,-0.20527649274330012,-0.5187036842189547,-0.3609659398131223,-0.47302507675290373,-0.369583925737337,-0.3609659398131223,-0.47302507675290373,-0.369583925737337,-0.7163555061743369,-0.8284146431141183,-0.7249734920985516,-0.3609659398131223,1.7807162936600769,0,0.13894723699091718,0.15373607509600373,0.16027668544563867,-0.04979428541314243,0.24791846847040275,0.042301188552894164,0.17965671896742136,-0.40402738604248967,-0.40402738604248967,-0.20270828154842926,-0.2656375293678309,-0.20754789915337707,-0.10616645288621245,-0.13912502257438344,-0.10870115462862853,-0.10616645288621245,-0.13912502257438344,-0.10870115462862853,-0.5776801860520774,-0.3609659398131223,-0.3609659398131223,-0.10616645288621245,-0.10616645288621245,3.4,ok,ok,0,,0
597,Matthew Kessel,D,d1,STL,25,0.1034,12.533,0.46,0.45,0.6172839506172839,ok,29.0,0,14918.0,1091.0,ok,0.0,66.0,6909.0,-0.6480989699786941,,,contract_type,0.775,10,195|366|367|505|693|616|214|421|598|147,-0.3156650838140888,0.07209867599746825,-0.20527649274330012,-0.5187036842189547,-0.3324338861646053,-0.2788598071561972,-0.14567927224145835,-0.3324338861646053,-0.2788598071561972,-0.14567927224145835,-0.041719370024276614,0.01185470898413153,0.1450352438988702,-0.3324338861646053,0.9990700491650333,0,0.23241978504462976,0.0219622964422862,-0.1408481950963968,-0.267475722698179,-0.3515338349952365,-0.3610337096778804,0.2516649513577994,-0.2598010336083024,-0.2598010336083024,-0.33274332109388616,-0.27911937445152374,-0.14581487290426626,-0.4155423577057566,-0.3485747589452465,-0.18209909030182295,-0.4155423577057566,-0.3485747589452465,-0.18209909030182295,-0.6480989699786941,-0.3324338861646053,-0.3324338861646053,-0.4155423577057566,-0.4155423577057566,0.8,ok,ok,0,,0
598,Logan Mailloux,D,d1,STL,22,0.194,16.767,0.48,0.46,0.5697211155378487,ok,67.0,0,81221.0,11795.0,ok,0.053971,227.0,13997.0,0.351357767675446,,,contract_type,2.4664058903538484,10,448|18|672|147|616|690|98|149|366|195,-0.45086024915320033,0.07209867599746825,-0.20527649274330012,-0.5187036842189547,0.8022180168286464,0.826432545370346,0.9488367026398868,0.8022180168286464,0.826432545370346,0.9488367026398868,0.7424979962737531,0.7667125248154525,0.8891166820849934,0.8022180168286464,2.2221377494027577,1,0.11735543416067562,-0.0878491857691448,0.0723636026088803,0.25903516679565025,0.10043823857006773,0.08494910815950218,0.0994973030608084,0.7081154078744142,0.7081154078744142,0.36101183063212794,0.37190878269921196,0.4269927473645164,0.9168205906613102,0.9444943375661098,1.0843848030170136,0.36101183063212794,0.37190878269921196,0.4269927473645164,0.351357767675446,0.8022180168286464,0.8022180168286464,0.36101183063212794,0.9168205906613102,0.875,ok,ok,0,,0
599,Colton Parayko,D,d1,STL,32,0.2338,22.2,0.47,0.52,0.4119106699751861,ok,77.0,0,103725.0,19196.0,ok,0.04277,170.0,17074.0,0.3523557240288133,,,contract_type,5.249779101549882,10,217|507|508|331|509|338|261|191|76|341,0.07421984001075688,0.07209867599746825,-0.20527649274330012,-0.5187036842189547,0.27813588401805645,-0.010490686323701875,0.15428864346288282,0.27813588401805645,-0.010490686323701875,0.15428864346288282,0.18842420365021842,-0.10020236669153995,0.06457696309504474,0.27813588401805645,6.325528010392979,0,0.1822047796679627,0.2855098537497206,-0.20401586853825193,0.3383713978676428,-0.17576691749761897,0.0849491081595013,0.004615532195040517,0.17594683512150142,0.17594683512150142,0.043970382165895584,-0.0016584680846350615,0.024391425223219822,0.042790136002777916,-0.001613951742107981,0.02373671437890505,0.042790136002777916,-0.001613951742107981,0.02373671437890505,0.3523557240288133,0.27813588401805645,0.27813588401805645,0.042790136002777916,0.042790136002777916,6.5,ok,ok,0,,0
600,Tyler Tucker,D,d1,STL,25,0.2464,14.367,0.51,0.51,0.4717948717948718,ok,69.0,0,17229.0,645.0,ok,0.002037,117.0,6247.0,-0.49606775806109954,,,contract_type,1.3010507987729263,10,379|477|470|667|41|336|70|166|22|262,-0.7257590953568279,0.07209867599746825,-0.20527649274330012,-0.5187036842189547,0.22969133729572838,0.0772376151647776,0.2620232080918137,0.22969133729572838,0.0772376151647776,0.2620232080918137,-0.371630784721508,-0.5240845068524589,-0.33929891392542255,0.22969133729572838,1.3740001519380018,0,0.10717249222363434,-0.04392459288457251,0.10934795773153305,-0.12233811646889892,0.18089131742466255,0.12222269643356845,0.06431027239857051,0.25243819831990805,0.25243819831990805,0.16716980487356786,0.05621368749911372,0.19070100372422435,0.24831495923862526,0.08350012450246228,0.28326833307223104,0.24831495923862526,0.08350012450246228,0.28326833307223104,-0.49606775806109954,0.22969133729572838,0.22969133729572838,0.24831495923862526,0.24831495923862526,0.925,ok,ok,0,,0
601,Oliver Bjorkstrand,R,f1,TB,30,0.4,13.633,0.5,0.5,0.592741935483871,ok,80.0,0,34200.0,7634.0,ok,0.010183,157.0,9505.0,-0.04934655451643479,,,contract_type,2.7932275272631517,10,200|136|163|612|289|312|296|711|352|684,-0.1534671962166671,0.21749272869327,0.20870315481864365,-0.4113227514934829,0.1041206417002323,-0.049248853406030135,0.04578584021402075,0.1041206417002323,-0.049248853406030135,0.04578584021402075,0.4799660768322273,0.32659658172596484,0.4216312753460157,0.1041206417002323,2.555091098383623,0,0.19614466447185483,0.26354755730743457,0.2866454720717744,0.10972722673287216,-0.016078928543014792,0.043592305502901635,0.45727649667313147,-0.11119848960486967,-0.11119848960486967,0.04075026591658516,-0.01927479354344175,0.01791945510004921,0.019281600314857834,-0.00912015803815373,0.00847885929889273,0.019281600314857834,-0.00912015803815373,0.00847885929889273,-0.04934655451643479,0.1041206417002323,0.1041206417002323,0.019281600314857834,0.019281600314857834,5.4,ok,ok,0,,0
602,Anthony Cirelli,C,f1,TB,28,0.7324,17.317,0.56,0.56,0.5585284280936454,ok,71.0,0,41487.0,8189.0,ok,0.023422,195.0,12592.0,0.11025287952750565,,,contract_type,5.140572730464066,10,703|660|655|265|281|761|272|177|254|155,0.27461056884251167,0.21749272869327,0.20870315481864365,-0.4113227514934829,-0.16435768931500602,-0.18826039449271784,-0.08662180198397913,-0.16435768931500602,-0.18826039449271784,-0.08662180198397913,-0.8776306258045634,-0.9015333309822754,-0.7998947384735368,-0.16435768931500602,5.282296005687963,0,0.3602734337058109,-0.08784918576914483,0.48992566627666445,0.24270344028602384,0.5021911928503398,0.7220674193557627,0.11690369769692976,-0.3624202158075792,-0.3624202158075792,-0.031114819983209214,-0.03563987975872604,-0.01639851342876374,-0.026297230290400965,-0.03012166311883485,-0.013859488317436662,-0.026297230290400965,-0.03012166311883485,-0.013859488317436662,0.11025287952750565,-0.16435768931500602,-0.16435768931500602,-0.026297230290400965,-0.026297230290400965,6.25,ok,ok,0,,0
603,Conor Geekie,C,f1,TB,21,0.2143,9.9,,,,thin,14.0,1,55786.0,2551.0,ok,0.027495,93.0,12028.0,-0.1452132757869339,,,contract_type,0.8659693097397955,10,319|343|2|129|54|84|439|544|493|487,-0.4564795854203355,0.21749272869327,0.20870315481864365,-0.4113227514934829,0.3112663096334016,0.39542634146576827,0.6041366441351846,0.3112663096334016,0.39542634146576827,0.6041366441351846,-0.109048160718972,-0.024888128886605358,0.18382217378281096,0.3112663096334016,1.2925293163042284,1,0.04999893364686405,0.02196229644228609,0.15118107550589022,-0.010837873555317845,-0.04217965501352659,-0.0324147912713885,0.04141791009277504,0.24543913168136405,0.24543913168136405,0.24081953554710514,0.3059322032218378,0.4674065311436126,0.35103903195376296,0.44595279290150924,0.6813315034794006,0.24081953554710514,0.3059322032218378,0.4674065311436126,-0.1452132757869339,0.3112663096334016,0.3112663096334016,0.24081953554710514,0.35103903195376296,0.8867,ok,ok,0,,0
604,Zemgus Girgensons,C,f1,TB,32,0.2703,14.767,0.5,0.5,0.3967741935483871,ok,74.0,0,36299.0,8702.0,ok,0.004073,129.0,16507.0,-0.023021682663353908,,,contract_type,2.8228811285584183,10,606|732|182|590|245|224|757|177|242|272,0.10404092176100843,0.21749272869327,0.20870315481864365,-0.4113227514934829,-0.12706260442436235,-0.24778122771977937,-0.11049958684063779,-0.12706260442436235,-0.24778122771977937,-0.11049958684063779,-0.4408115725171194,-0.5615301958125364,-0.42424855493339486,-0.12706260442436235,2.9389594535624317,0,0.16542372215313408,0.1756983715382897,-0.35549790172597223,-0.23456254909009394,-0.07532867892755096,1.5265566588595902e-16,-0.15145483163689755,0.03926397535578702,0.03926397535578702,-0.043233874584538624,-0.08430916847778683,-0.03759820051504854,-0.14521440505641411,-0.2831785459654621,-0.12628524210358605,-0.14521440505641411,-0.2831785459654621,-0.12628524210358605,-0.023021682663353908,-0.12706260442436235,-0.12706260442436235,-0.14521440505641411,-0.14521440505641411,0.875,ok,ok,0,,0
605,Gage Goncalves,C,f1,TB,25,0.4459,13.083,0.53,0.57,0.6639344262295082,ok,74.0,0,22316.0,695.0,ok,0.0,122.0,4437.0,-0.4818305321217639,,,contract_type,2.7280595931843994,10,523|255|302|410|279|61|516|455|199|456,-0.2602669047941994,0.21749272869327,0.20870315481864365,-0.4113227514934829,-0.22156362732756452,-0.3372059401772949,-0.19839078775308616,-0.22156362732756452,-0.3372059401772949,-0.19839078775308616,-0.672407549461163,-0.7880498623108932,-0.6492347098866847,-0.22156362732756452,2.372811389050412,0,0.32810086806363287,-0.021962296442286422,0.30390037916335577,0.09941376641410249,0.401752954280272,0.40350826375762994,0.7380675483241507,-0.40922076821121944,-0.40922076821121944,-0.09337599623383182,-0.14211240797872396,-0.08361001159577257,-0.18463635610630377,-0.28100495014774574,-0.16532565646090513,-0.18463635610630377,-0.28100495014774574,-0.16532565646090513,-0.4818305321217639,-0.22156362732756452,-0.22156362732756452,-0.18463635610630377,-0.18463635610630377,1.2,ok,ok,0,,0
606,Yanni Gourde,C,f1,TB,34,0.3415,16.367,0.52,0.53,0.3928571428571428,ok,82.0,0,42434.0,9965.0,ok,0.013238,161.0,11667.0,0.04598297262584771,,,contract_type,3.6238583591718467,10,604|182|484|4|732|245|224|277|590|242,0.1755327792509014,0.21749272869327,0.20870315481864365,-0.4113227514934829,-0.1295498066250537,-0.1650489853738819,-0.05181087042160757,-0.1295498066250537,-0.1650489853738819,-0.05181087042160757,-0.322331365448134,-0.35783054419696225,-0.244592429244688,-0.1295498066250537,3.9240477017036195,0,0.3200225533261208,0.5051328181725832,-0.1933820304469284,0.07509098106184542,0.42686251392278873,0.4459828178373825,-0.2736841585151969,-0.0975026621181424,-0.0975026621181424,-0.03301433022050416,-0.042060901885118816,-0.013203425228269767,-0.05552213886986401,-0.07073628996437746,-0.022204975966059904,-0.05552213886986401,-0.07073628996437746,-0.022204975966059904,0.04598297262584771,-0.1295498066250537,-0.1295498066250537,-0.05552213886986401,-0.05552213886986401,2.3333,ok,ok,0,,0
607,Jake Guentzel,C,f1,TB,31,1.0864,20.25,0.53,0.53,0.6285714285714286,ok,81.0,0,181737.0,19342.0,ok,0.212831,348.0,58079.0,1.0297312362969384,,,contract_type,7.276269550383112,10,64|160|374|660|702|763|276|614|443|265,0.8572660376196956,0.21749272869327,0.20870315481864365,-0.4113227514934829,0.17246519867724286,0.28436607590933294,0.4297731915481735,0.17246519867724286,0.28436607590933294,0.4297731915481735,-0.3599616511595918,-0.24806077392750192,-0.10265365828866121,0.17246519867724286,9.725730145337199,0,0.17023024273833967,0.24158526086514842,0.27440652634402496,0.0,0.20087647714013612,0.19113549335887847,0.11337769872185,0.026216777705918015,0.026216777705918015,0.017732879290294493,0.029238532393957736,0.04418929839979361,0.019162799853026984,0.031596230656592554,0.04775257683868595,0.019162799853026984,0.031596230656592554,0.04775257683868595,1.0297312362969384,0.17246519867724286,0.17246519867724286,0.019162799853026984,0.019162799853026984,9.0,ok,ok,0,,0
608,Brandon Hagel,L,f1,TB,27,1.0423,19.767,0.58,0.6,0.5882352941176471,ok,71.0,0,99896.0,15204.0,ok,0.10387,460.0,77405.0,0.9121287120666938,,,contract_type,6.966962468720083,10,12|710|700|386|653|467|162|742|51|369,0.8412703154494088,0.21749272869327,0.20870315481864365,-0.4113227514934829,0.07085839661728499,-0.0219939575050753,0.11951213495364553,0.07085839661728499,-0.0219939575050753,0.11951213495364553,-0.5591962824112416,-0.6520486365336018,-0.5105425440748811,0.07085839661728499,8.840715732504654,0,0.42958354205000115,0.021962296442286228,0.6456545467524288,0.43124248485434136,0.6026294314204059,0.8070165275152614,-0.06899596531528329,-0.2144717489038191,-0.2144717489038191,0.008015006789185628,-0.002487802817164466,0.013518377761456049,0.010901291787274614,-0.0033836857700115844,0.01838648230056085,0.010901291787274614,-0.0033836857700115844,0.01838648230056085,0.9121287120666938,0.07085839661728499,0.07085839661728499,0.010901291787274614,0.010901291787274614,6.5,ok,ok,0,,0
609,Pontus Holmberg,R,f1,TB,26,0.3143,13.35,0.54,0.5700000000000001,0.4183673469387755,ok,70.0,0,24889.0,5150.0,ok,0.010183,201.0,17890.0,0.02906675462256387,,,contract_type,2.4332293356015375,10,183|176|452|663|51|296|526|162|293|496,-0.00799479655706629,0.21749272869327,0.20870315481864365,-0.4113227514934829,0.037061551179630156,-0.18405909482053875,-0.0795457437856402,0.037061551179630156,-0.18405909482053875,-0.0795457437856402,-0.7401795506945394,-0.9613001966947085,-0.8567868456598098,0.037061551179630156,2.3646264804566237,0,0.393772372480458,-0.3294344466342933,-0.4103390793038663,-0.21133853432869842,0.552410312135374,0.48845737191713323,-0.3706544905633824,0.343913345024487,0.343913345024487,0.01567332155244804,-0.0778385492769225,-0.033639876929010555,0.023910678180406552,-0.118747803110025,-0.05131983470041303,0.023910678180406552,-0.118747803110025,-0.05131983470041303,0.02906675462256387,0.037061551179630156,0.037061551179630156,0.023910678180406552,0.023910678180406552,1.55,ok,ok,0,,0
610,Dominic James,C,f1,TB,23,0.3488,12.233,0.54,0.53,0.6153846153846154,ok,43.0,0,11638.0,95.0,ok,0.001018,58.0,2595.0,-1.0290376273693729,,,contract_type,2.125521504505323,10,178|9|84|302|319|376|61|343|761|603,-0.29054527819902487,0.21749272869327,0.20870315481864365,-0.4113227514934829,-0.738492349170348,-1.3636276989318028,-1.0989860875363118,-0.738492349170348,-1.3636276989318028,-1.0989860875363118,-1.3112548739895291,-1.9363902237509838,-1.6717486123554928,-0.738492349170348,1.9920263835032783,1,0.31456551730198035,0.15373607509600307,0.19816391361378144,0.008265751490346251,0.6869887414474608,0.4258632922206582,0.41437532994363224,-0.8614593491180454,-0.8614593491180454,-0.37072418080708247,-0.6845429911092132,-0.5516925361217251,-0.8115300540333494,-1.498491976848135,-1.2076770192706723,-0.37072418080708247,-0.6845429911092132,-0.5516925361217251,-1.0290376273693729,-0.738492349170348,-0.738492349170348,-0.37072418080708247,-0.8115300540333494,0.91,ok,ok,0,,0
611,Nikita Kucherov,R,f1,TB,32,1.7105,20.333,0.56,0.56,0.6696696696696697,ok,76.0,0,180330.0,264940.0,ok,0.303462,656.0,69490.0,1.5197251317878577,,,contract_type,9.170602999932244,10,716|280|36|273|634|25|345|225|494|739,1.0197504156098232,0.21749272869327,0.20870315481864365,-0.4113227514934829,0.4999747161780346,0.584487202827437,0.7233518142364618,0.4999747161780346,0.584487202827437,0.7233518142364618,0.9275815245010144,1.012094011150417,1.150958622559442,0.4999747161780346,12.345492949198379,0,1.1313081511029253,0.9004541541337349,2.08068765320228,0.5942600852440071,1.1972193985693078,1.0093295351056553,1.0058980803625677,-0.6028581662216415,-0.6028581662216415,0.040498562368908815,0.04734417695855467,0.05859238000564657,0.05262891749242469,0.061524968718677575,0.07614229623541703,0.05262891749242469,0.061524968718677575,0.07614229623541703,1.5197251317878577,0.4999747161780346,0.4999747161780346,0.05262891749242469,0.05262891749242469,9.5,ok,ok,0,,0
612,Nick Paul,L,f1,TB,30,0.2941,13.683,0.51,0.5,0.5204081632653061,ok,51.0,0,22623.0,4891.0,ok,0.005092,92.0,4042.0,-0.4372762406155334,,,contract_type,2.4953534290642443,10,163|352|289|601|200|296|136|417|293|440,0.12443274218346581,0.21749272869327,0.20870315481864365,-0.4113227514934829,-0.5617089827989992,-0.7429780307399801,-0.6527137963522189,-0.5617089827989992,-0.7429780307399801,-0.6527137963522189,-0.12741982525071427,-0.30868887319169513,-0.218424638803934,-0.5617089827989992,2.4797701447567952,0,0.08925015559194115,-0.0219622964422862,-0.021468314637200225,0.10777940613998138,0.24305613215366248,-0.010059762808362224,-0.13117502137015433,-0.5547010180832026,-0.5547010180832026,-0.2265165519419902,-0.2996156850710242,-0.2632154426620191,-0.1783203119996823,-0.23586604150475562,-0.20721072900070445,-0.1783203119996823,-0.23586604150475562,-0.20721072900070445,-0.4372762406155334,-0.5617089827989992,-0.5617089827989992,-0.1783203119996823,-0.1783203119996823,3.15,ok,ok,0,,0
613,Corey Perry,R,f1,TB,40,0.5139,13.675,0.5,0.5,0.6914285714285714,ok,72.0,0,582450.0,96617.0,ok,0.642442,637.0,107490.0,2.00196602632849,,,contract_type,3.1488226995589956,10,760|414|66|233|109|546|329|227|497|522,0.21047742854191887,0.21749272869327,0.20870315481864365,-0.4113227514934829,1.791488597786571,1.6101653995109477,1.765546418926646,1.791488597786571,1.6101653995109477,1.765546418926646,1.2396931999116712,1.0583700016360482,1.2137510210517461,1.791488597786571,2.6805943903215543,0,0.4577119397073845,1.0102656363451659,0.18542337174964882,0.11239923703337751,0.3851784423232595,0.0693005882353824,0.9837043625574727,1.4494588024763089,1.4494588024763089,0.6683176702356938,0.6006747627781904,0.6586398991586555,0.8957442988932856,0.8050826997554739,0.882773209463323,0.8957442988932856,0.8050826997554739,0.882773209463323,2.00196602632849,1.791488597786571,1.791488597786571,0.8957442988932856,0.8957442988932856,2.0,ok,ok,0,,0
614,Brayden Point,C,f1,TB,29,0.7937,18.25,0.52,0.51,0.6989966555183946,ok,63.0,0,53964.0,14226.0,ok,0.090631,147.0,12867.0,0.19243519936562836,,,contract_type,5.666718074666698,10,765|82|407|741|660|466|254|265|33|264,0.5460141466351447,0.21749272869327,0.20870315481864365,-0.4113227514934829,-0.35357894726951633,-0.3877555684834357,-0.2627619078585548,-0.35357894726951633,-0.3877555684834357,-0.2627619078585548,-0.857573788699671,-0.8917504099135906,-0.7667567492887097,-0.35357894726951633,6.29685681869071,0,0.2252993777647546,0.21962296442286217,0.18449865773648932,0.06985034377154731,0.2094115248256409,0.1330124193550087,0.5354003564769791,-0.5187253662183917,-0.5187253662183917,-0.05615165747774382,-0.061579225897669496,-0.04172905870729171,-0.03721883655468593,-0.04081637562983534,-0.027659148195637345,-0.03721883655468593,-0.04081637562983534,-0.027659148195637345,0.19243519936562836,-0.35357894726951633,-0.35357894726951633,-0.03721883655468593,-0.03721883655468593,9.5,ok,ok,0,,0
615,Scott Sabourin,R,f1,TB,33,0.1923,7.95,0.46,0.54,0.4878048780487805,ok,26.0,0,26275.0,977.0,ok,0.003055,101.0,11993.0,-0.34903117401292766,,,contract_type,0.775,10,203|196|109|248|326|230|491|299|546|430,-0.3662803657070664,0.21749272869327,0.20870315481864365,-0.4113227514934829,0.017249191694138744,-0.5136302464702894,-0.32001831614618836,0.017249191694138744,-0.5136302464702894,-0.32001831614618836,-0.03856445992151869,-0.5694438980859469,-0.3758319677618457,0.017249191694138744,0.9301926686247131,0,0.3385241559444201,0.3513967430765794,-0.0950691877158254,-0.5173960880014532,-0.42686251392278785,0.4884573719171335,-0.15196303103274098,0.12314130534693632,0.12314130534693632,0.018543676246816285,-0.5521761929490265,-0.3440344424766693,0.022257021540824186,-0.6627487051229541,-0.4129268595434688,0.022257021540824186,-0.6627487051229541,-0.4129268595434688,-0.34903117401292766,0.017249191694138744,0.017249191694138744,0.022257021540824186,0.022257021540824186,0.775,ok,ok,0,,0
616,Declan Carlile,D,d1,TB,25,0.0714,14.783,0.49,0.49,0.5603448275862069,ok,42.0,0,7452.0,240.0,ok,0.0,56.0,2997.0,-1.0360532051670313,,,contract_type,1.3508690890266628,10,195|693|719|366|769|473|598|672|336|621,-0.6046586037050197,0.21749272869327,0.20870315481864365,-0.4113227514934829,-0.4313946014620116,-0.8419134623421785,-0.6631585581373152,-0.4313946014620116,-0.8419134623421785,-0.6631585581373152,-0.8886007927943789,-1.2991196536745457,-1.1203647494696825,-0.4313946014620116,1.5608167072169812,0,0.13093347203410793,0.1537360750960034,-0.22314340120566378,-0.09891432523643806,-0.1274950701848621,0.005374331332539797,0.17693762914914035,-0.38168183923171706,-0.38168183923171706,-0.2763903022483729,-0.5394057216643682,-0.42487920270904966,-0.5566381954348536,-1.0863399514092624,-0.8556884621126646,-0.5566381954348536,-1.0863399514092624,-0.8556884621126646,-1.0360532051670313,-0.4313946014620116,-0.4313946014620116,-0.5566381954348536,-0.5566381954348536,0.775,ok,ok,0,,0
617,Erik Cernak,D,d1,TB,28,0.1803,17.617,0.49,0.54,0.3811475409836065,ok,61.0,0,27143.0,27344.0,ok,0.00611,153.0,11286.0,0.008211932440347514,,,contract_type,2.883591800381247,10,724|218|331|338|40|527|552|259|188|305,-0.3784089736173613,0.21749272869327,0.20870315481864365,-0.4113227514934829,0.3866209060577088,0.24063096582822624,0.3532572039862539,0.3866209060577088,0.24063096582822624,0.3532572039862539,0.3760483347582597,0.23005839452877705,0.3426846326868048,0.3866209060577088,2.631200113093116,0,0.1355997520476655,0.04392459288457244,-0.04474237536537973,0.009664186787806672,0.2259860367826526,0.4884573719171331,-0.0008239485484484721,0.40717801082543953,0.40717801082543953,0.14693709692920898,0.09145293230675325,0.13425706476235333,0.07435017424186707,0.04627518573619735,0.06793407768966421,0.07435017424186707,0.04627518573619735,0.06793407768966421,0.008211932440347514,0.3866209060577088,0.3866209060577088,0.07435017424186707,0.07435017424186707,5.2,ok,ok,0,,0
618,Max Crozier,D,d1,TB,25,0.2857,16.017,0.54,0.54,0.5865384615384616,ok,35.0,0,8274.0,821.0,ok,0.0,84.0,3220.0,-0.8007770869959296,,,contract_type,2.171319249485226,10,473|24|621|723|619|379|616|600|262|123,-0.34404957042840206,0.21749272869327,0.20870315481864365,-0.4113227514934829,-0.4567275165675276,-0.5398468711351768,-0.439113089623664,-0.4567275165675276,-0.5398468711351768,-0.439113089623664,-0.7454416292763157,-0.8285609838439649,-0.727827202332452,-0.4567275165675276,1.8742185996836787,0,0.2554666385276245,0.0878491857691448,0.1341602466112879,-0.08155874431259963,0.42686251392278907,0.36103370967788095,0.4413354308720447,-0.48425754616536076,-0.48425754616536076,-0.2436895656913296,-0.2880383703514038,-0.2342912879520966,-0.5536091109909426,-0.6543598438002143,-0.5322582904529262,-0.5536091109909426,-0.6543598438002143,-0.5322582904529262,-0.8007770869959296,-0.4567275165675276,-0.4567275165675276,-0.5536091109909426,-0.5536091109909426,0.825,ok,ok,0,,0
619,Charle-Edouard D'Astous,D,d1,TB,27,0.4143,18.75,0.53,0.55,0.5095057034220533,ok,70.0,0,14964.0,12874.0,ok,0.004073,118.0,3603.0,-0.3839992210900439,,,contract_type,3.6710459014542463,10,166|668|724|723|192|727|533|669|469|618,-0.4364623391903758,0.21749272869327,0.20870315481864365,-0.4113227514934829,0.052463118100331885,-0.6726336312867415,-0.517825781271628,0.052463118100331885,-0.6726336312867415,-0.517825781271628,-0.5700328291108956,-1.295129578497969,-1.1403217284828555,0.052463118100331885,3.0818671989193542,0,0.15466669421381712,-0.17569837153828974,0.10501337739232808,-0.05967888978341629,0.21696709291105487,0.22832239886951744,0.14232003478829633,0.06768399281662323,0.06768399281662323,0.01702315989434194,-0.21825522901265768,-0.16802339226466403,0.0676943459359121,-0.8679143629506342,-0.6681622984150039,0.0676943459359121,-0.8679143629506342,-0.6681622984150039,-0.3839992210900439,0.052463118100331885,0.052463118100331885,0.0676943459359121,0.0676943459359121,0.775,ok,ok,0,,0
620,Victor Hedman,D,d1,TB,35,0.5152,18.867,0.51,0.48,0.4888888888888889,ok,33.0,0,77479.0,48870.0,ok,0.112016,221.0,15067.0,0.511512060313261,,,contract_type,3.822743692508932,10,16|422|530|555|558|101|596|237|401|263,0.2415457335549951,0.21749272869327,0.20870315481864365,-0.4113227514934829,0.26996632675826593,0.40667105500669404,0.4852064846409825,0.26996632675826593,0.40667105500669404,0.4852064846409825,-0.32601519873109464,-0.1893104704826665,-0.11077504084837796,0.26996632675826593,3.0692722744489878,0,0.20438808978021986,0.5051328181725832,0.021869591546306577,-0.35125698025138474,0.0412001754134359,-0.2601349730476162,0.04673400024999286,0.3167860374438076,0.3167860374438076,0.08795776412724145,0.13249754946543535,0.15808518803633653,0.03374579084478324,0.050833881875836755,0.06065081058012281,0.03374579084478324,0.050833881875836755,0.06065081058012281,0.511512060313261,0.26996632675826593,0.26996632675826593,0.03374579084478324,0.03374579084478324,8.0,ok,ok,0,,0
621,Emil Lilleberg,D,d1,TB,24,0.24,17.3,0.52,0.51,0.5217391304347826,ok,50.0,0,15989.0,4056.0,ok,0.005092,125.0,4256.0,-0.4104985818309578,,,contract_type,2.778075675114975,10,24|262|18|379|503|673|618|98|473|336,-0.9220794826962994,0.21749272869327,0.20870315481864365,-0.4113227514934829,0.5115809008653416,0.5548654795731601,0.6341361356015199,0.5115809008653416,0.5548654795731601,0.6341361356015199,-0.189787449949136,-0.1465028712413172,-0.06723221521295768,0.5115809008653416,2.434877200426791,0,0.1363297545614721,0.0219622964422862,-0.0027503262690885544,0.1835033505688704,0.2993674437379266,0.17527254765154282,0.13512256269911807,0.4639871225139764,0.4639871225139764,0.21010542165151921,0.2278823258421008,0.2604386518919176,0.6200980616549595,0.6725642176644366,0.7686498613351757,0.6200980616549595,0.6725642176644366,0.7686498613351757,-0.4104985818309578,0.5115809008653416,0.5115809008653416,0.6200980616549595,0.6200980616549595,0.825,ok,ok,0,,0
622,Ryan McDonagh,D,d1,TB,36,0.4375,19.25,0.5,0.55,0.4240837696335078,ok,48.0,0,54940.0,8801.0,ok,0.010183,121.0,4723.0,-0.1307587187731251,,,contract_type,3.9451194460287047,10,664|341|472|751|331|17|338|509|192|533,-0.1263621694724184,0.21749272869327,0.20870315481864365,-0.4113227514934829,-0.004396549300706681,0.2145088520478909,0.3020633160483757,-0.004396549300706681,0.2145088520478909,0.3020633160483757,-0.394287329226783,-0.17538192787818546,-0.08782746387770064,-0.004396549300706681,3.375729204797215,0,0.35934231810078393,0.6808311897108725,0.5291839238842544,0.2443266241134331,0.20087647714013573,0.48845737191713345,-0.012378321838874884,-0.30378310249075247,-0.30378310249075247,-0.001302399876879576,0.06354444892767303,0.08948090848611806,-0.0006513406371417306,0.03177908919228013,0.044750120896055665,-0.0006513406371417306,0.03177908919228013,0.044750120896055665,-0.1307587187731251,-0.004396549300706681,-0.004396549300706681,-0.0006513406371417306,-0.0006513406371417306,6.75,ok,ok,0,,0
623,J.J. Moser,D,d1,TB,25,0.3671,21.567,0.57,0.56,0.4896142433234421,ok,79.0,0,30592.0,19195.0,ok,0.00611,203.0,13372.0,0.11414440911149656,,,contract_type,5.052001287416666,10,284|668|528|72|621|666|24|536|402|125,-0.027768676164290174,0.21749272869327,0.20870315481864365,-0.4113227514934829,0.14191308527578675,-0.0902138135995682,0.04291398641792432,0.14191308527578675,-0.0902138135995682,0.04291398641792432,-0.6816235693807522,-0.9137504682561073,-0.7806226682386147,0.14191308527578675,5.3978539703545785,0,0.38242481465545825,-0.24158526086514837,0.040796485759165196,0.37547987736810917,0.828615468203058,0.8070165275152636,0.001055268222004635,0.10661173860061168,0.10661173860061168,0.026290649220076002,-0.01671290370118,0.007950194031481988,0.04204832156319607,-0.026730018844316503,0.01271525523494054,0.04204832156319607,-0.026730018844316503,0.01271525523494054,0.11414440911149656,0.14191308527578675,0.14191308527578675,0.04204832156319607,0.04204832156319607,3.375,ok,ok,0,,0
624,Darren Raddysh,D,d1,TB,29,0.9589,22.7,0.57,0.56,0.4915824915824915,ok,73.0,0,46659.0,1810.0,ok,0.015275,193.0,8659.0,-0.03711755118309433,,,contract_type,6.1676235408242,10,446|194|671|16|257|68|530|20|401|334,0.9042824322489544,0.21749272869327,0.20870315481864365,-0.4113227514934829,-0.9413999834320488,-1.0624694613804624,-0.9664760015513789,-0.9413999834320488,-1.0624694613804624,-0.9664760015513789,-1.4970911248304792,-1.6181606027788926,-1.5221671429498094,-0.9413999834320488,5.748155482756596,0,0.3447375703073377,0.06588688932685866,0.2352820277061367,-0.41698343923202263,0.7532867892755066,0.5096946489570087,-0.08729162734649307,-0.811448972045257,-0.811448972045257,-0.163774272678614,-0.18483659054938134,-0.16813671871796584,-0.965538444545691,-1.0897122680825253,-0.9912574374885937,-0.965538444545691,-1.0897122680825253,-0.9912574374885937,-0.03711755118309433,-0.9413999834320488,-0.9413999834320488,-0.965538444545691,-0.965538444545691,0.975,ok,ok,0,,0
625,Max Domi,C,f1,TOR,30,0.45,14.883,0.45,0.44,0.5391849529780565,ok,80.0,0,225584.0,18838.0,ok,0.194501,376.0,70816.0,1.096695307649225,,,contract_type,3.4021924815706424,10,33|416|565|222|346|264|211|373|131|266,0.3025211193472933,1.323285548210163,0.36807298036040526,0.08311798786468183,0.7941741883019316,0.6258601309817778,0.723047113085376,0.7941741883019316,0.6258601309817778,0.723047113085376,-0.11701158668025904,-0.28532564400041277,-0.18813866189681466,0.7941741883019316,3.1959863458767988,0,0.20576913650544984,-0.06588688932685871,-0.01262862386209998,-0.0599544183034352,-0.4936561451648339,-0.3342076755222484,0.26828106685322295,0.7763723566212859,0.7763723566212859,0.24849110801944146,0.1958269101459747,0.22623598314748508,0.21177978354718177,0.1668960349284741,0.19281256348943357,0.21177978354718177,0.1668960349284741,0.19281256348943357,1.096695307649225,0.7941741883019316,0.7941741883019316,0.21177978354718177,0.21177978354718177,3.75,ok,ok,0,,0
626,Bo Groulx,C,f1,TOR,25,0.3846,15.7,0.33,0.3,0.2941176470588235,ok,13.0,1,0.0,,,,38.0,2677.0,-3.3275930631519914,wiki_intl_12mo|trends_12mo,wiki_12mo=no_entity_exists|wiki_intl_12mo=fetch_failed|trends_12mo=fetch_failed,contract_type,3.507305739745981,10,538|568|589|132|562|676|139|55|78|543,-0.17276957617874542,1.323285548210163,0.36807298036040526,0.08311798786468183,-3.154823486973246,-3.4682616035237595,-3.279621441519268,-3.154823486973246,-3.4682616035237595,-3.279621441519268,-5.022723916825085,-5.336162033375598,-5.147521871371106,-3.154823486973246,3.570980554600573,0,0.860294506240798,-0.2855098537497209,-0.11295944991349206,0.11459677821510054,-2.1845316888989763,-1.9750667647084064,-0.48910250195909155,-3.129445009085475,-3.129445009085475,-0.8834614019134933,-0.9712350852920556,-0.9184092132044962,-3.8828596762747645,-4.268629665875396,-4.0364571587929445,-3.8828596762747645,-4.268629665875396,-4.0364571587929445,-3.3275930631519914,-3.154823486973246,-3.154823486973246,-3.8828596762747645,-3.8828596762747645,0.8125,ok,low,0,,0
627,Luke Haymes,C,f1,TOR,22,0.25,13.55,,,,thin,4.0,1,0.0,,,0.001018,16.0,694.0,-3.30126216123226,wiki_intl_12mo,wiki_12mo=no_entity_exists|wiki_intl_12mo=fetch_failed,contract_type,2.31474691691318,10,228|34|226|184|95|84|178|761|717|256,-0.5842524221222136,1.323285548210163,0.36807298036040526,0.08311798786468183,-2.717009739110046,-3.1166978386796953,-2.9238398845347526,-2.717009739110046,-3.1166978386796953,-2.9238398845347526,-4.248077650627136,-4.647765750196785,-4.4549077960518435,-2.717009739110046,2.3878204795657534,1,0.1357996222783706,-0.04392459288457218,-0.2175255244781722,-0.14441341652166617,-0.16871862005410634,-0.04471005692605253,-0.19550552280565422,-2.583748813234179,-2.583748813234179,-1.1378618126284596,-1.3052479720948262,-1.224480612992514,-2.998245132542536,-3.4393046112113166,-3.2264840924020666,-1.1378618126284596,-1.3052479720948262,-1.224480612992514,-3.30126216123226,-2.717009739110046,-2.717009739110046,-1.1378618126284596,-2.998245132542536,0.9062,ok,low,0,,0
628,Calle Jarnkrok,C,f1,TOR,34,0.1429,11.833,0.4,0.41,0.2056737588652482,ok,56.0,0,29365.0,12519.0,ok,0.010183,127.0,8645.0,-0.11951111099753622,,,contract_type,1.363535119118656,10,589|204|562|629|631|247|541|198|316|349,-0.08529332470575515,1.323285548210163,0.36807298036040526,0.08311798786468183,-0.03421778629178107,-0.08506526814331747,-0.015735960984793324,-0.03421778629178107,-0.08506526814331747,-0.015735960984793324,-1.0556312573921516,-1.1064787392436877,-1.037149432085164,-0.03421778629178107,1.7317223989331412,0,0.6573190851544327,0.6808311897108726,-0.4221098686376582,-0.22227629611954924,-0.9290537067731268,-0.8282538045551389,-0.8613896451302505,0.11127727845430244,0.11127727845430244,-0.019759394642502492,-0.049121769283416016,-0.009086884245701128,-0.016294183948467177,-0.04050727054443689,-0.007493314754663488,-0.016294183948467177,-0.04050727054443689,-0.007493314754663488,-0.11951111099753622,-0.03421778629178107,-0.03421778629178107,-0.016294183948467177,-0.016294183948467177,2.1,ok,ok,0,,0
629,Dakota Joshua,C,f1,TOR,29,0.3273,12.25,0.44,0.46,0.23841059602649,ok,55.0,0,78800.0,1653.0,ok,0.063136,177.0,12238.0,0.1277102017676341,,,contract_type,2.067565047851343,10,631|204|752|250|322|628|52|49|349|55,-0.2612194493079789,1.323285548210163,0.36807298036040526,0.08311798786468183,0.388929651075613,0.647921930035072,0.7690800871090944,0.388929651075613,0.647921930035072,0.7690800871090944,-1.2545249958026856,-0.9955327168432268,-0.8743745597692046,0.388929651075613,1.9821956772134597,0,0.15572829407324354,5.551115123125783e-17,0.39097746843947556,0.24784768441596694,-0.12554779821258477,-0.02123727703987477,-0.14875953633155925,0.20791923373904372,0.20791923373904372,0.19621153226525262,0.3268708218282015,0.38799402902051294,0.11967066186941938,0.19936059385694524,0.23664002680279825,0.11967066186941938,0.19936059385694524,0.23664002680279825,0.1277102017676341,0.388929651075613,0.388929651075613,0.11967066186941938,0.11967066186941938,3.25,ok,ok,0,,0
630,Matthew Knies,L,f1,TOR,23,0.8354,18.8,0.42,0.43,0.5668789808917197,ok,79.0,0,189138.0,6470.0,ok,0.207739,480.0,65853.0,1.0715568049142117,,,contract_type,5.993494759460167,10,492|588|735|354|348|635|63|679|420|632,0.4817518672635231,1.323285548210163,0.36807298036040526,0.08311798786468183,0.5898049376506886,0.5613606920305588,0.6549863574269033,0.5898049376506886,0.5613606920305588,0.6549863574269033,-0.36433274572779745,-0.3927769913479272,-0.2991513259515827,0.5898049376506886,6.99799439682205,0,0.6012095614203374,-0.26354755730743473,0.6678250959805654,0.6954718398977019,-1.1048206242707463,-0.8282538045551382,0.04733844651043795,0.2066331844482358,0.2066331844482358,0.08428199627003596,0.08021736803411642,0.09359629635090128,0.0761038629226695,0.07243363768136243,0.08451436870024558,0.0761038629226695,0.07243363768136243,0.08451436870024558,1.0715568049142117,0.5898049376506886,0.5898049376506886,0.0761038629226695,0.0761038629226695,7.75,ok,ok,0,,0
631,Steven Lorentz,C,f1,TOR,29,0.2535,11.867,0.43,0.47,0.2171428571428571,ok,71.0,0,38184.0,1887.0,ok,0.013238,143.0,10396.0,-0.1387694121864463,,,contract_type,1.7063334399406085,10,629|325|566|204|752|298|322|250|628|327,-0.16637273328467267,1.323285548210163,0.36807298036040526,0.08311798786468183,0.027603321098226358,0.05089533047508241,0.17806840434551527,0.027603321098226358,0.05089533047508241,0.17806840434551527,-0.7904207836952795,-0.7671287743184235,-0.6399557004479908,0.027603321098226358,1.8122355454117658,0,0.11652017554762893,-0.10981148221143111,0.023909415834264758,0.04450020892989981,-0.22598603678265228,-0.12742366223925272,-0.1674902472882729,0.03814271953006328,0.03814271953006328,0.015231640924444227,0.028084279995467292,0.09825897345207164,0.020446904517204708,0.03770024479635734,0.1319025217374187,0.020446904517204708,0.03770024479635734,0.1319025217374187,-0.1387694121864463,0.027603321098226358,0.027603321098226358,0.020446904517204708,0.020446904517204708,1.35,ok,ok,0,,0
632,Matias Maccelli,L,f1,TOR,25,0.5493,14.567,0.47,0.49,0.5973451327433629,ok,71.0,0,74552.0,15089.0,ok,0.028513,164.0,10087.0,0.17822115130283278,,,contract_type,3.5825438985989377,10,328|483|563|513|37|635|704|587|249|63,0.11428889889656677,1.323285548210163,0.36807298036040526,0.08311798786468183,0.06393225240626602,-0.23833217574359436,-0.1095523147280788,0.06393225240626602,-0.23833217574359436,-0.1095523147280788,-1.0356342260788673,-1.337898654228728,-1.2091187932132121,0.06393225240626602,3.144475111982225,0,0.13571333087892498,0.1317737786537171,0.26260229726780726,0.15817302096632102,0.0251095596425166,0.08494910815950145,0.15167222058368657,-0.0973503519797684,-0.0973503519797684,0.020331613426561413,-0.07579394565261918,-0.034839618959177844,0.018666351067522926,-0.06958603671345821,-0.03198607729286972,0.018666351067522926,-0.06958603671345821,-0.03198607729286972,0.17822115130283278,0.06393225240626602,0.06393225240626602,0.018666351067522926,0.018666351067522926,3.425,ok,ok,0,,0
633,Auston Matthews,C,f1,TOR,28,0.8833,20.8,0.46,0.47,0.5855263157894737,ok,60.0,0,806696.0,138895.0,ok,1.255601,1310.0,228638.0,2.8145569749266057,,,contract_type,6.871975205782033,10,686|485|33|443|765|729|407|559|436|252,0.5455226105548562,1.323285548210163,0.36807298036040526,0.08311798786468183,2.2690343643717497,2.073659753413218,2.160807972550903,2.2690343643717497,2.073659753413218,2.160807972550903,1.4118043007229564,1.2164296897644251,1.3035779089021096,2.2690343643717497,9.89620328670706,0,0.36514183160037134,-0.1537360750960035,0.4330446644108117,0.4265976819020627,-0.5021911928503382,-0.5096946489570088,0.16558672638600302,2.0106826626905736,2.0106826626905736,0.22928332196041276,0.20954094144353658,0.21834716910609334,0.17124787655635845,0.1565026228991108,0.1630798469849738,0.17124787655635845,0.1565026228991108,0.1630798469849738,2.8145569749266057,2.2690343643717497,2.2690343643717497,0.17124787655635845,0.17124787655635845,13.25,ok,ok,1,9.0,1
634,William Nylander,R,f1,TOR,29,1.2154,19.417,0.48,0.48,0.654320987654321,ok,65.0,0,274164.0,91825.0,ok,0.508147,228.0,35002.0,1.2905059588832128,,,contract_type,7.3552079579834295,10,36|345|754|225|492|66|210|522|273|209,1.1330232027474119,1.323285548210163,0.36807298036040526,0.08311798786468183,0.15748275613580098,0.25907322966722807,0.344127352048195,0.15748275613580098,0.25907322966722807,0.344127352048195,-1.1295440937490424,-1.027953620217615,-0.942899497836648,0.15748275613580098,8.882741256502074,0,0.36615519610734504,-0.1317737786537173,0.6015809662355602,0.18199636514091444,-0.30131471571020396,-0.5309319259968837,0.44933342490679085,-0.15569239860338258,-0.15569239860338258,0.01772907164446845,0.02916590973283041,0.03874112079942635,0.013694152707460956,0.02252810692758505,0.02992411756940826,0.013694152707460956,0.02252810692758505,0.02992411756940826,1.2905059588832128,0.15748275613580098,0.15748275613580098,0.013694152707460956,0.013694152707460956,11.5,ok,ok,0,,1
635,Nicholas Robertson,L,f1,TOR,24,0.4103,12.667,0.44,0.45,0.5067873303167421,ok,78.0,0,83863.0,3018.0,ok,0.07943,93.0,8097.0,-0.052609437581968135,,,contract_type,2.4687738884279553,10,275|632|490|420|37|63|328|140|762|513,-0.06992794668466544,1.323285548210163,0.36807298036040526,0.08311798786468183,0.017318509102697305,0.3016994699406817,0.38232828825070025,0.017318509102697305,0.3016994699406817,0.38232828825070025,-1.0886463936041948,-0.8042654327662104,-0.7236366144561919,0.017318509102697305,2.1875042948871717,0,0.20951888592778767,-0.06588688932685871,0.12048339195923968,-0.024997030942104148,-0.4268625139227876,-0.233610047438628,-0.38527344197710767,0.012375826632693303,0.012375826632693303,0.007917017188572226,0.13791948689922134,0.1747783029017642,0.009489594028875236,0.16531477804968858,0.20949495246613714,0.009489594028875236,0.16531477804968858,0.20949495246613714,-0.052609437581968135,0.017318509102697305,0.017318509102697305,0.009489594028875236,0.009489594028875236,1.825,ok,ok,0,,0
636,John Tavares,C,f1,TOR,35,0.8659,18.183,0.4799999999999999,0.5,0.5614035087719298,ok,82.0,0,274486.0,76760.0,ok,0.308554,579.0,54878.0,1.4426691843861756,,,contract_type,5.857699279754149,10,375|550|202|443|211|33|514|416|607|252,0.8993250773274977,1.323285548210163,0.36807298036040526,0.08311798786468183,0.543344107058678,0.40925381634669067,0.47630709100948954,0.543344107058678,0.40925381634669067,0.47630709100948954,-0.5469075760232138,-0.6809978667352012,-0.6139445920724025,0.543344107058678,6.391904903057396,0,0.14398902962787907,0.3513967430765794,0.2443107581610342,0.07107047958164664,-0.025109559642518153,0.14866093927912719,-0.023385698026368917,0.39044927516765665,0.39044927516765665,0.08500503610414853,0.06402689379044658,0.07451723676014968,0.12405116599513195,0.09343694437139057,0.10874591118938118,0.12405116599513195,0.09343694437139057,0.10874591118938118,1.4426691843861756,0.543344107058678,0.543344107058678,0.12405116599513195,0.12405116599513195,4.38,ok,ok,0,,0
638,Simon Benoit,D,d1,TOR,27,0.0822,17.3,0.4,0.41,0.197841726618705,ok,73.0,0,55706.0,5482.0,ok,0.01833,192.0,30429.0,0.24235210901856538,,,contract_type,2.633344164666709,10,362|745|444|574|696|641|554|260|644|259,-0.14842636236749868,1.323285548210163,0.36807298036040526,0.08311798786468183,0.39077847138606403,0.19912940589667297,0.35054171956868896,0.39077847138606403,0.19912940589667297,0.35054171956868896,-0.5207209397575401,-0.7123700052469313,-0.5609576915749152,0.39077847138606403,2.539304413762815,0,0.7736625571016735,-0.26354755730743457,-0.5130659680351417,-0.43021863044012926,-1.2052588628408136,-1.1043384060735184,-1.1255459179130043,0.7115277233986949,0.7115277233986949,0.15389193562933132,0.07841887912981542,0.13804635539905435,0.2894655343600474,0.14750326362716518,0.2596605330138437,0.2894655343600474,0.14750326362716518,0.2596605330138437,0.24235210901856538,0.39077847138606403,0.39077847138606403,0.2894655343600474,0.2894655343600474,1.35,ok,ok,0,,0
639,Brandon Carlo,D,d1,TOR,29,0.1273,19.367,0.43,0.45,0.4396551724137931,ok,55.0,0,62110.0,3969.0,ok,0.044807,215.0,20144.0,0.2509218949040758,,,contract_type,3.719763219686165,10,76|577|261|510|554|425|644|696|642|747,-0.21822355245983616,1.323285548210163,0.36807298036040526,0.08311798786468183,0.46914544736391195,0.28323970021986866,0.43048456114580813,0.46914544736391195,0.28323970021986866,0.43048456114580813,-0.8818533220277276,-1.0677590691717713,-0.9205142082458315,0.46914544736391195,3.7506099352108095,0,0.23161332172124982,0.17569837153828974,-0.356467654256313,-0.029067476540068804,-0.3766433946377541,-0.2123727703987528,0.23943026295632053,0.5058248290841776,0.5058248290841776,0.12508510761398142,0.07551830371929857,0.1147772145283383,0.11442571886924682,0.06908285371216309,0.10499623442580687,0.11442571886924682,0.06908285371216309,0.10499623442580687,0.2509218949040758,0.46914544736391195,0.46914544736391195,0.11442571886924682,0.11442571886924682,4.1,ok,ok,0,,0
640,Oliver Ekman-Larsson,D,d1,TOR,34,0.5,20.6,0.47,0.46,0.5610766045548654,ok,78.0,0,87287.0,27099.0,ok,0.074338,190.0,14775.0,0.39864295299949215,,,contract_type,4.6849896107304225,10,555|595|237|531|556|381|145|572|423|578,0.15382163903544704,1.323285548210163,0.36807298036040526,0.08311798786468183,0.2448213139640451,0.1827556590677354,0.2738597167436474,0.2448213139640451,0.1827556590677354,0.2738597167436474,-1.332568021197578,-1.3946336760938878,-1.3035296184179757,0.2448213139640451,4.31696689900974,0,0.17460700813591157,0.17569837153828982,0.24996207463095113,0.008465527961412311,-0.125547798212585,-0.19113549335887703,0.2968327831133542,0.11217161136871345,0.11217161136871345,0.0567114179217367,0.042334273887913595,0.0634379931906514,0.06994894684687003,0.052215902590781536,0.07824563335532782,0.06994894684687003,0.052215902590781536,0.07824563335532782,0.39864295299949215,0.2448213139640451,0.2448213139640451,0.06994894684687003,0.06994894684687003,3.5,ok,ok,0,,0
641,Jake McCabe,D,d1,TOR,32,0.3125,22.4,0.44,0.46,0.2928571428571428,ok,80.0,0,47564.0,4947.0,ok,0.032587,188.0,17211.0,0.14199653573404333,,,contract_type,5.4230793777783886,10,696|383|554|644|364|507|260|575|444|508,0.09717763774074675,1.323285548210163,0.36807298036040526,0.08311798786468183,0.04481889799329658,0.1290062722629341,0.23274864650184832,0.04481889799329658,0.1290062722629341,0.23274864650184832,-1.0904425089449148,-1.0062551346752777,-0.9025127604363632,0.04481889799329658,6.440136201706992,0,0.34035130501038857,0.3733590395188655,0.04089680498644188,0.3243371007752722,-0.5021911928503392,-0.1911354933588778,-0.610188198572535,-0.10573499873510847,-0.10573499873510847,0.006959309025392521,0.020031606199375145,0.036140329833421386,0.009977714996615369,0.02871975606378906,0.05181518878466758,0.009977714996615369,0.02871975606378906,0.05181518878466758,0.14199653573404333,0.04481889799329658,0.04481889799329658,0.009977714996615369,0.009977714996615369,4.4919,ok,ok,0,,0
642,Philippe Myers,D,d1,TOR,29,0.0513,14.55,0.42,0.42,0.4206349206349206,ok,39.0,0,22161.0,2780.0,ok,0.007128,70.0,4017.0,-0.5609705242076609,,,contract_type,1.2146312858591999,10,399|577|428|579|219|221|644|239|423|234,-0.3978200416532582,1.323285548210163,0.36807298036040526,0.08311798786468183,-0.16315048255440273,-0.27542698781412656,-0.16178270359139793,-0.16315048255440273,-0.27542698781412656,-0.16178270359139793,-1.1136769501876473,-1.2259534554473712,-1.1123091712246427,-0.16315048255440273,1.4996621876353917,0,0.3873942037292244,-0.1317737786537172,-0.35446126971078007,-0.39395920094169246,-0.6528485507054413,-0.7857792504753873,-0.005543171888327869,0.030243165408174344,0.030243165408174344,-0.10879148910972543,-0.18365935347640458,-0.10787943106473234,-0.19194174418165028,-0.32403175036956067,-0.19033259246046816,-0.19194174418165028,-0.32403175036956067,-0.19033259246046816,-0.5609705242076609,-0.16315048255440273,-0.16315048255440273,-0.19194174418165028,-0.19194174418165028,0.85,ok,ok,0,,0
643,Morgan Rielly,D,d1,TOR,31,0.4615,21.133,0.48,0.49,0.6666666666666666,ok,78.0,0,184184.0,9248.0,ok,0.156823,280.0,24805.0,0.7389155205973077,,,contract_type,4.919157414294599,10,771|531|310|640|261|556|423|145|578|505,0.05629122130507145,1.323285548210163,0.36807298036040526,0.08311798786468183,0.6826242992922362,0.7663709697457565,0.8490255936068776,0.6826242992922362,0.7663709697457565,0.8490255936068776,-0.5509711505726337,-0.4672244801191134,-0.3845698562579923,0.6826242992922362,4.837833034404047,0,0.37967426369735807,-0.2635475573074346,0.36633237827184884,0.4293945524969829,0.12554779821258455,0.27608460151837966,0.8171386943769181,0.4063085419685536,0.4063085419685536,0.14110125224202283,0.15841203371338808,0.1754970846594059,0.09101657323896482,0.10218279596610087,0.113203412480917,0.09101657323896482,0.10218279596610087,0.113203412480917,0.7389155205973077,0.6826242992922362,0.6826242992922362,0.09101657323896482,0.09101657323896482,7.5,ok,ok,0,,1
644,Troy Stecher,D,d1,TOR,31,0.2188,19.19,0.45,0.45,0.3786008230452675,ok,64.0,0,77762.0,4388.0,ok,0.026477,123.0,10084.0,0.0102018486104348,,,contract_type,3.7141960908321923,10,428|575|425|444|696|579|260|554|383|235,-0.10260003494257516,1.323285548210163,0.36807298036040526,0.08311798786468183,0.11280188355300996,-0.2639620146767239,-0.1470122717493679,0.11280188355300996,-0.2639620146767239,-0.1470122717493679,-1.1502692722457404,-1.5270331704754743,-1.4100834275481182,0.11280188355300996,3.536515853431389,0,0.11777165310448624,1.1102230246251565e-16,-0.07854995495760586,-0.1312781135490918,-0.2008764771401358,-0.23361004743862857,-0.06231532554145536,0.16719496861452576,0.16719496861452576,0.03189633193459637,-0.07463900223170453,-0.041569804248643684,0.14324048705144124,-0.335189859906951,-0.1866822498404672,0.14324048705144124,-0.335189859906951,-0.1866822498404672,0.0102018486104348,0.11280188355300996,0.11280188355300996,0.14324048705144124,0.14324048705144124,0.7875,ok,ok,0,,0
645,Chris Tanev,D,d1,TOR,36,0.1818,17.967,0.46,0.46,0.3170731707317073,ok,11.0,1,120909.0,8651.0,ok,0.135438,166.0,18659.0,0.43831707764236016,,,contract_type,3.061924001076349,10,220|238|260|579|644|309|428|221|751|444,-0.1090466899942714,1.323285548210163,0.36807298036040526,0.08311798786468183,0.5473637676366315,0.7063829962506035,0.8022152688137134,0.5473637676366315,0.7063829962506035,0.8022152688137134,-0.25461578415768693,-0.09559655554371489,0.00023571701939484346,0.5473637676366315,2.8154319068670355,0,0.28339649157642616,0.7027934861531588,0.0035111729546821735,0.20489574313682712,-0.10043823857006762,-0.21237277039875324,-0.47636753824506806,0.43024651161245286,0.43024651161245286,0.1944155588709402,0.25089684979689475,0.2849350633759084,0.12163639280814034,0.1569739991668008,0.17827005973638074,0.12163639280814034,0.1569739991668008,0.17827005973638074,0.43831707764236016,0.5473637676366315,0.5473637676366315,0.12163639280814034,0.12163639280814034,4.5,ok,ok,0,,0
646,Andrew Agozzino,L,f1,UTA,35,0.0,6.133,,,,thin,2.0,1,6047.0,809.0,ok,0.0,6.0,182.0,-2.012038603840303,,,contract_type,0.775,10,394|109|462|497|464|6|233|662|546|299,-0.4653412745944644,-2.3708491825226004,-3.361664003367621,-0.7862427503253552,-1.5466973292458386,-1.6887510327593565,-1.5376925050635852,-1.5466973292458386,-1.6887510327593565,-1.5376925050635852,0.19550236005263139,0.0534486565391138,0.20450718423488518,-1.5466973292458386,0.775,0,0.3252053914525551,0.5270951146148692,-0.34854243530145856,-0.523239549780127,0.250104429597175,0.1576029506643386,0.1446478687573623,-1.4090426659215634,-1.4090426659215634,-1.9957384893494692,-2.1790335906572342,-1.984119361372368,-1.9957384893494692,-2.1790335906572342,-1.984119361372368,-1.9957384893494692,-2.1790335906572342,-1.984119361372368,-2.012038603840303,-1.5466973292458386,-1.5466973292458386,-1.9957384893494692,-1.9957384893494692,0.775,ok,ok,0,,0
647,Daniil But,L,f1,UTA,20,0.2414,12.467,0.55,0.6,0.5697674418604651,ok,29.0,0,14356.0,25828.0,ok,0.0,30.0,1016.0,-0.9331893415822854,,,contract_type,1.8908275323826194,10,699|609|586|185|94|519|468|587|314|51,-0.1546982851144822,-2.3708491825226004,-3.361664003367621,-0.7862427503253552,-0.7784910564678031,-1.0522137168998378,-0.8803066525862819,-0.7784910564678031,-1.0522137168998378,-0.8803066525862819,1.252038973379036,0.9783163129470013,1.1502233772605575,-0.7784910564678031,1.991688612704544,1,0.6725418030072244,-0.8784918576914488,-0.6267276525395701,-0.39950299801376765,0.7116027176759808,1.1948762713487746,-0.22404932077380468,-0.2552492850535364,-0.2552492850535364,-0.3908698636433325,-0.5283023210495846,-0.44199010175134773,-0.8194642699661087,-1.1075933862103557,-0.9266385816697705,-0.3908698636433325,-0.5283023210495846,-0.44199010175134773,-0.9331893415822854,-0.7784910564678031,-0.7784910564678031,-0.3908698636433325,-0.8194642699661087,0.95,ok,ok,0,,0
648,Michael Carcone,L,f1,UTA,29,0.3924,12.733,0.5799999999999998,0.56,0.4924812030075188,ok,79.0,0,14333.0,1253.0,ok,0.002037,56.0,1233.0,-0.9256610895324056,,,contract_type,2.4395865560555707,10,108|14|90|156|268|116|278|115|356|391,-0.006781599812918454,-2.3708491825226004,-3.361664003367621,-0.7862427503253552,-0.9188794897194871,-0.6185207819880374,-0.49322078572176,-0.9188794897194871,-0.6185207819880374,-0.49322078572176,1.4687418043513922,1.769100512082842,1.8944005083491193,-0.9188794897194871,2.1971876170039812,0,0.22229883487776547,0.13177377865371737,0.17325130550675033,-0.031240045662909166,0.30131471571019985,0.31855915559813086,-0.37765400813488526,-0.9481848583909814,-0.9481848583909814,-0.4182071128602315,-0.2815056744364114,-0.2244782293076551,-1.1856509544767575,-0.7980913315974676,-0.6364139170603355,-1.1856509544767575,-0.7980913315974676,-0.6364139170603355,-0.9256610895324056,-0.9188794897194871,-0.9188794897194871,-1.1856509544767575,-1.1856509544767575,0.775,ok,ok,0,,0
649,Logan Cooley,C,f1,UTA,21,0.7963,17.333,0.51,0.53,0.5803571428571429,ok,54.0,0,102701.0,15640.0,ok,0.104888,173.0,27518.0,0.4806934975563074,,,contract_type,5.337287225831403,10,28|591|498|60|59|199|61|549|1|184,0.5241787728181256,-2.3708491825226004,-3.361664003367621,-0.7862427503253552,-0.043485275261818224,-0.06922363959682551,0.03259186137107384,-0.043485275261818224,-0.06922363959682551,0.03259186137107384,1.4241958556785743,1.3984574913435668,1.5002729923114662,-0.043485275261818224,5.419572675348765,1,0.19857761685432976,-0.41728363240343813,0.343359275225499,0.13974364151050367,-0.01657451195701215,0.09053786527525809,0.18396677475426781,-0.15134325157941747,-0.15134325157941747,-0.008023746126629776,-0.01277289626757718,0.006013732691383544,-0.04577397395980866,-0.07286698904929002,0.0343072224958672,-0.008023746126629776,-0.01277289626757718,0.006013732691383544,0.4806934975563074,-0.043485275261818224,-0.043485275261818224,-0.008023746126629776,-0.04577397395980866,0.95,ok,ok,0,,0
650,Lawson Crouse,L,f1,UTA,28,0.5432,16.6,0.53,0.52,0.5388888888888889,ok,81.0,0,24430.0,4162.0,ok,0.002037,63.0,1489.0,-0.6887554414955901,,,contract_type,4.311893301797421,10,291|296|581|612|253|356|386|387|395|658,0.34683673000137877,-2.3708491825226004,-3.361664003367621,-0.7862427503253552,-1.035592171496969,-0.8721354239082576,-0.7730494456191985,-1.035592171496969,-0.8721354239082576,-0.7730494456191985,1.551603796997576,1.7150605445862874,1.8141465228753464,-1.035592171496969,4.384836534227407,0,0.052345146050535994,-1.3877787807814457e-17,-0.03230279118307677,0.012461057382727597,0.07532867892755102,0.021237277039875324,-0.1727410717699852,-1.0065407885544078,-1.0065407885544078,-0.23617577608954962,-0.19889804719069756,-0.1763006304989673,-0.24083538872022534,-0.20282219160657156,-0.17977894084167406,-0.24083538872022534,-0.20282219160657156,-0.17977894084167406,-0.6887554414955901,-1.035592171496969,-1.035592171496969,-0.24083538872022534,-0.24083538872022534,4.3,ok,ok,0,,0
651,Dylan Guenther,R,f1,UTA,22,0.9241,17.4,0.53,0.52,0.5178571428571429,ok,79.0,0,52014.0,5360.0,ok,0.05499,114.0,6474.0,-0.09426261821785108,,,contract_type,5.743586273517275,10,232|3|345|48|313|739|354|280|225|12,0.8401483647614535,-2.3708491825226004,-3.361664003367621,-0.7862427503253552,-0.9344109829793046,-0.8303084876144685,-0.641776512923096,-0.9344109829793046,-0.8303084876144685,-0.641776512923096,1.4501558437143318,1.5542583390791684,1.7427903137705412,-0.9344109829793046,5.737889341176447,0,0.18066176584862068,-0.39532133596115215,-0.14753614358150546,-0.15647492096226256,0.20941152482564063,0.00558875711575646,-0.1696379126454067,-0.7706557292014925,-0.7706557292014925,-0.16284925125232916,-0.14470625664666953,-0.11184888288408708,-0.13081675271658635,-0.11624249081108072,-0.08984817272019713,-0.13081675271658635,-0.11624249081108072,-0.08984817272019713,-0.09426261821785108,-0.9344109829793046,-0.9344109829793046,-0.13081675271658635,-0.13081675271658635,7.1429,ok,ok,0,,0
652,Barrett Hayton,C,f1,UTA,25,0.3731,15.117,0.54,0.57,0.4879725085910653,ok,67.0,0,22635.0,5271.0,ok,0.002037,55.0,1062.0,-0.7725659695037921,,,contract_type,3.258583747995871,10,199|460|705|655|184|201|456|153|272|396,0.027551887942888247,-2.3708491825226004,-3.361664003367621,-0.7862427503253552,-0.8001178574466803,-0.7407896617891645,-0.6559686162104064,-0.8001178574466803,-0.7407896617891645,-0.6559686162104064,1.2347459888259895,1.294074184483505,1.3788952300622634,-0.8001178574466803,3.230751428555767,0,0.21076283604657653,0.06588688932685871,-0.17499017211287862,-0.09147265168923797,0.32642427535272134,0.5521692030367575,0.053633824761004825,-0.7076528843991362,-0.7076528843991362,-0.24765689194614224,-0.2292933016268347,-0.20303902380494868,-0.30193126696101147,-0.27954326859968476,-0.24753532687185145,-0.30193126696101147,-0.27954326859968476,-0.24753532687185145,-0.7725659695037921,-0.8001178574466803,-0.8001178574466803,-0.30193126696101147,-0.30193126696101147,2.65,ok,ok,0,,0
653,Clayton Keller,R,f1,UTA,27,1.0732,19.083,0.56,0.56,0.6975,ok,82.0,0,178550.0,21281.0,ok,0.088595,237.0,67407.0,0.7969679480048869,,,contract_type,6.807724583355892,10,12|710|453|386|345|700|608|467|180|65,0.91849351722274,-2.3708491825226004,-3.361664003367621,-0.7862427503253552,-0.12152556921785307,-0.31883547514761623,-0.10495952886350546,-0.12152556921785307,-0.31883547514761623,-0.10495952886350546,1.898407861128914,1.7010979551991505,1.914973901483261,-0.12152556921785307,7.9875984045419575,0,0.24732927215489064,0.06588688932685866,0.480127821745979,0.14848386211963094,0.3013147157102043,0.06371183111962653,0.4244505129070444,-0.38237362989136625,-0.38237362989136625,-0.015214281322499947,-0.039916312638642176,-0.013140311210917004,-0.016996583107392035,-0.04459237414651975,-0.014679654386504261,-0.016996583107392035,-0.04459237414651975,-0.014679654386504261,0.7969679480048869,-0.12152556921785307,-0.12152556921785307,-0.016996583107392035,-0.016996583107392035,7.15,ok,ok,0,,0
654,Alexander Kerfoot,C,f1,UTA,31,0.3824,12.783,0.52,0.4899999999999999,0.4453125,ok,34.0,0,24394.0,3434.0,ok,0.002037,25.0,1178.0,-1.0108183208289399,,,contract_type,2.428108339061471,10,26|390|706|35|5|177|372|198|32|30,-0.19559451012373655,-2.3708491825226004,-3.361664003367621,-0.7862427503253552,-0.8152238107052033,-0.6208557134429141,-0.49167149751466294,-0.8152238107052033,-0.6208557134429141,-0.49167149751466294,2.066549252147362,2.260917349409651,2.390101565337902,-0.8152238107052033,2.207381849326925,0,0.2704722033440777,0.3733590395188657,0.10296096692825402,-0.07376746194103467,0.5021911928503396,0.29732187855825226,0.2732326802677199,-0.9128823573956925,-0.9128823573956925,-0.3693170762248414,-0.2812633951992608,-0.22273966675253012,-0.2717412702350678,-0.2069519044809714,-0.16389049917155432,-0.2717412702350678,-0.2069519044809714,-0.16389049917155432,-1.0108183208289399,-0.8152238107052033,-0.8152238107052033,-0.2717412702350678,-0.2717412702350678,3.0,ok,ok,0,,0
655,Jack McBain,C,f1,UTA,26,0.3333,13.85,0.53,0.53,0.46875,ok,75.0,0,22311.0,2816.0,ok,0.004073,59.0,3491.0,-0.6335315224512068,,,contract_type,2.6738289160606667,10,272|761|95|390|199|652|178|740|602|153,-0.04842219934932153,-2.3708491825226004,-3.361664003367621,-0.7862427503253552,-0.5851093231018852,-0.5687834056924753,-0.4197851488848159,-0.5851093231018852,-0.5687834056924753,-0.4197851488848159,1.492137173141735,1.5084630905511451,1.6574613473588045,-0.5851093231018852,2.5851484742322013,0,0.19153264840151205,0.24158526086514837,-0.3250008566338748,-0.30051375660068047,-0.0251095596425166,4.440892098500626e-16,-0.25698645666685155,-0.41841574238259027,-0.41841574238259027,-0.22633490065813913,-0.22001962802597097,-0.16238338071065478,-0.13767278190632593,-0.1338313895747001,-0.09877297620819198,-0.13767278190632593,-0.1338313895747001,-0.09877297620819198,-0.6335315224512068,-0.5851093231018852,-0.5851093231018852,-0.13767278190632593,-0.13767278190632593,4.25,ok,ok,0,,0
656,Ben McCartney,L,f1,UTA,24,,,,,,missing,,1,2637.0,191.0,ok,0.0,2.0,30.0,-2.7567835648486683,,,price_age_proxy,3.421986815415813,10,454|344|63|51|711|412|735|356|435|587,-0.08371421548390685,-2.3708491825226004,-3.361664003367621,-0.7862427503253552,-2.6730693493647615,-2.462804688036583,-2.3050676837272603,-2.6730693493647615,-2.462804688036583,-2.3050676837272603,-0.42603970826442594,-0.21577504693624727,-0.058038042626924725,-2.6730693493647615,3.1161678319640713,0,0.07999991540065761,-0.04392459288457229,-0.08805091155198935,-0.13670353394447335,-0.018061262199004422,-0.08718461100580324,-0.10607458081810298,-2.601392078647456,-2.601392078647456,-0.8578066052623258,-0.790331208343267,-0.7397123030675831,,,,,,,-2.7567835648486683,-2.6730693493647615,-2.6730693493647615,,,,low,ok,0,,0
657,Liam O'Brien,C,f1,UTA,31,0.1053,9.15,0.48,0.45,0.5660377358490566,ok,38.0,0,18800.0,1874.0,ok,,65.0,3172.0,-0.723544424133844,trends_12mo,trends_12mo=fetch_failed,contract_type,0.775,10,270|142|429|134|5|266|93|689|709|675,-0.6887281572608368,-2.3708491825226004,-3.361664003367621,-0.7862427503253552,-0.03481626687300721,-0.09962418765472347,0.07779483203747944,-0.03481626687300721,-0.09962418765472347,0.07779483203747944,2.676277757839273,2.611469837057557,2.7888888567497596,-0.03481626687300721,1.0983994588174943,0,0.2972603078052344,0.5929820039417278,-0.2156194591599161,-0.26869935358345653,-0.12505221479858752,-0.40797926945023666,0.17322954589748146,-0.031074124306688093,-0.031074124306688093,-0.03169727242080892,-0.09069941436604133,0.07082562852063962,-0.03481626687300721,-0.09962418765472347,0.07779483203747944,-0.03481626687300721,-0.09962418765472347,0.07779483203747944,-0.723544424133844,-0.03481626687300721,-0.03481626687300721,-0.03481626687300721,-0.03481626687300721,1.0,ok,ok,0,,0
658,JJ Peterka,R,f1,UTA,24,0.5732,15.983,0.53,0.53,0.653125,ok,82.0,0,81874.0,74738.0,ok,0.082485,193.0,13291.0,0.4574394674401101,,,contract_type,4.17460462145947,10,253|435|700|180|314|454|656|650|296|81,-0.4278742201996627,-2.3708491825226004,-3.361664003367621,-0.7862427503253552,0.8853136876397728,0.7570586289475096,0.86439335423305,0.8853136876397728,0.7570586289475096,0.86439335423305,2.818070935909557,2.6898158772172938,2.7971506025028345,0.8853136876397728,4.004348692998519,0,0.23830344671645454,-0.2635475573074346,0.008383133155898781,-0.06479550265160133,0.3183848110812133,0.22355028463026672,0.5511593914723124,0.8890557675030434,0.8890557675030434,0.22108806088433722,0.18905911722203497,0.21586365736440863,0.11497580358958089,0.09831930246071553,0.11225887717312337,0.11497580358958089,0.09831930246071553,0.11225887717312337,0.4574394674401101,0.8853136876397728,0.8853136876397728,0.11497580358958089,0.11497580358958089,7.7,ok,ok,0,,0
659,Kevin Rooney,C,f1,UTA,32,1.0,9.733,,,,thin,1.0,1,13298.0,3751.0,ok,0.001018,28.0,5076.0,-0.8810617635729202,,,contract_type,3.1509762253069407,10,708|243|251|159|39|26|480|461|521|60,0.7037182998239625,-2.3708491825226004,-3.361664003367621,-0.7862427503253552,-1.5847800633968827,-1.0355171340679328,-0.9332323198908591,-1.5847800633968827,-1.0355171340679328,-0.9332323198908591,0.8867637176288115,1.4360266469577612,1.5383114611348347,-1.5847800633968827,1.668925058463383,0,0.6171699011350774,0.614944300384014,0.37312064598423444,-1.5104849256693815,-0.4283492641647806,-0.2839088614804379,-0.4922114091276161,-1.5260870152266148,-1.5260870152266148,-0.9495813220373271,-0.6204695224729603,-0.559181681141577,-2.0448775011572677,-1.3361511407328164,-1.204170735343044,-2.0448775011572677,-1.3361511407328164,-1.204170735343044,-0.8810617635729202,-1.5847800633968827,-1.5847800633968827,-2.0448775011572677,-2.0448775011572677,0.775,ok,ok,0,,0
660,Nick Schmaltz,C,f1,UTA,29,0.9024,19.717,0.56,0.54,0.6496519721577726,ok,82.0,0,55791.0,6246.0,ok,0.011202,94.0,4134.0,-0.24528373087647548,,,contract_type,6.530779136260577,10,265|281|602|254|614|407|703|607|413|177,0.5879620907183003,-2.3708491825226004,-3.361664003367621,-0.7862427503253552,-0.8332458215947758,-0.8149847141879345,-0.7024501166501451,-0.8332458215947758,-0.8149847141879345,-0.7024501166501451,1.7142764003560806,1.7325375077629217,1.8450721053007113,-0.8332458215947758,8.337244553290308,0,0.4484478408422114,-0.17569837153828965,0.47173444639716733,0.3729826714797869,0.6528485507054417,0.4459828178373827,0.5714401870952004,-1.089917396477147,-1.089917396477147,-0.09994259089664509,-0.09775228601952181,-0.0842544694665244,-0.14243518317859416,-0.1393136263569119,-0.12007694301711884,-0.14243518317859416,-0.1393136263569119,-0.12007694301711884,-0.24528373087647548,-0.8332458215947758,-0.8332458215947758,-0.14243518317859416,-0.14243518317859416,5.85,ok,ok,0,,0
661,Kevin Stenlund,C,f1,UTA,29,0.225,14.483,0.47,0.42,0.3255813953488372,ok,80.0,0,10920.0,4260.0,ok,0.003055,59.0,4035.0,-0.7116734549906698,,,contract_type,2.583165832044124,10,131|30|347|757|164|676|372|543|732|32,0.033027562366200816,-2.3708491825226004,-3.361664003367621,-0.7862427503253552,-0.7447010173568707,-0.5094754862397901,-0.38111009044736727,-0.7447010173568707,-0.5094754862397901,-0.38111009044736727,1.9034218874781295,2.1386474185952102,2.2670128143876327,-0.7447010173568707,2.759304083087131,0,0.28168272944699385,-0.10981148221143106,-0.2841374913898585,0.00012486029441627355,-0.3013147157102041,-0.6158810341563851,-0.37882679291966825,-0.6062272811309212,-0.6062272811309212,-0.26988725958890813,-0.18463912308997307,-0.13811819175108034,-0.37235050867843533,-0.25473774311989505,-0.19055504522368363,-0.37235050867843533,-0.25473774311989505,-0.19055504522368363,-0.7116734549906698,-0.7447010173568707,-0.7447010173568707,-0.37235050867843533,-0.37235050867843533,2.0,ok,ok,0,,0
662,Brandon Tanev,L,f1,UTA,34,0.0536,9.367,0.48,0.44,0.4705882352941176,ok,56.0,0,89565.0,7627.0,ok,0.04888,56.0,8247.0,-0.16546772619560965,,,contract_type,0.775,10,397|350|13|89|715|6|497|136|417|398,-0.13060445917627875,-2.3708491825226004,-3.361664003367621,-0.7862427503253552,-0.0348632670193309,0.1922713676366085,0.32479106790878975,-0.0348632670193309,0.1922713676366085,0.32479106790878975,2.5374601603930453,2.7645947950489846,2.897114495321166,-0.0348632670193309,1.1173427962086149,0,0.4168960424518006,0.5270951146148691,-0.47303859635176404,-0.4455265025355435,-0.26767010838218186,-0.5890550000007525,-0.19899093282569277,0.13897699543405953,0.13897699543405953,-0.0312019436985941,0.1720791222613389,0.2906816681602781,-0.013945306807732361,0.0769085470546434,0.12991642716351592,-0.013945306807732361,0.0769085470546434,0.12991642716351592,-0.16546772619560965,-0.0348632670193309,-0.0348632670193309,-0.013945306807732361,-0.013945306807732361,2.5,ok,ok,0,,0
663,Kailer Yamamoto,R,f1,UTA,27,0.3898,11.8,0.53,0.55,0.5106382978723404,ok,59.0,0,66475.0,9640.0,ok,0.017312,39.0,1089.0,-0.6233068587120517,,,contract_type,2.0887429660419086,10,299|303|312|296|711|293|707|248|51|176,-0.5047368777308242,-2.3708491825226004,-3.361664003367621,-0.7862427503253552,-0.11856998098122751,0.011506854738057355,0.12312524233380703,-0.11856998098122751,0.011506854738057355,0.12312524233380703,2.374600199578853,2.5046770352981382,2.616295422893888,-0.11856998098122751,1.882568265712053,0,0.27763169674010857,-0.1537360750960035,0.3103876891939114,0.050343670708573374,0.46904216893631534,0.3934485009492701,0.2888320755565776,-0.23457243777366432,-0.23457243777366432,-0.06298309768670206,0.00611231738451995,0.06540280348730768,-0.15299352384674517,0.014847554500719168,0.15887128043071874,-0.15299352384674517,0.014847554500719168,0.15887128043071874,-0.6233068587120517,-0.11856998098122751,-0.11856998098122751,-0.15299352384674517,-0.15299352384674517,0.775,ok,ok,0,,0
664,Ian Cole,D,d1,UTA,36,0.2805,18.267,0.5,0.53,0.4461538461538462,ok,82.0,0,33523.0,5005.0,ok,0.007128,73.0,6773.0,-0.364789072637532,,,contract_type,3.3041269203166133,10,472|341|17|622|400|509|751|596|579|558,-0.06687155033652847,-2.3708491825226004,-3.361664003367621,-0.7862427503253552,-0.29791752230100355,-0.02924262466266918,0.07642537446920557,-0.29791752230100355,-0.02924262466266918,0.07642537446920557,1.882340157445775,2.1510150550841094,2.2566830542159844,-0.29791752230100355,2.9072260688374763,0,0.21831066796875861,0.3513967430765792,0.06644476819955869,0.12246297676331508,0.24207665255357166,0.39822061518851987,0.12926225203100705,-0.3927645667893376,-0.3927645667893376,-0.10247483864236707,-0.01005860018115569,0.026288074150272765,-0.10639911510750127,-0.01044379452238185,0.02729477659614485,-0.10639911510750127,-0.01044379452238185,0.02729477659614485,-0.364789072637532,-0.29791752230100355,-0.29791752230100355,-0.10639911510750127,-0.10639911510750127,2.8,ok,ok,0,,0
665,Nick DeSimone,D,d1,UTA,31,0.2,14.217,0.54,0.55,0.4596774193548387,ok,40.0,0,10937.0,273.0,ok,0.0,27.0,1316.0,-1.289936543427028,,,contract_type,1.1826550296206169,10,17|471|166|171|528|600|165|726|70|691,-0.4304521312838864,-2.3708491825226004,-3.361664003367621,-0.7862427503253552,-0.8594844121431416,-0.6150106528724346,-0.5123148979926482,-0.8594844121431416,-0.6150106528724346,-0.5123148979926482,1.3823308629638174,1.6268046222345245,1.7295003771143111,-0.8594844121431416,1.351073410364846,0,0.29403404109627856,0.2855098537497208,0.01785682245524134,-0.08060980607503704,0.6669918945040838,0.6584422709995644,0.05479359879402418,-0.8240314660845737,-0.8240314660845737,-0.636149305840491,-0.45520150730104014,-0.37919101513092607,-1.074355515178927,-0.7687633160905433,-0.6403936224908102,-1.074355515178927,-0.7687633160905433,-0.6403936224908102,-1.289936543427028,-0.8594844121431416,-0.8594844121431416,-1.074355515178927,-1.074355515178927,0.8,ok,ok,0,,0
666,Sean Durzi,D,d1,UTA,27,0.45,19.267,0.54,0.52,0.5209790209790209,ok,60.0,0,19308.0,1247.0,ok,0.00611,53.0,2460.0,-0.7919481719594281,,,contract_type,3.9651792625465285,10,668|536|621|401|262|669|720|380|18|283,-0.425931854074115,-2.3708491825226004,-3.361664003367621,-0.7862427503253552,-0.36601631788531314,-0.20976072013679978,-0.061974541108277256,-0.36601631788531314,-0.20976072013679978,-0.061974541108277256,1.6663560457440112,1.8226116434925246,1.9703978225210472,-0.36601631788531314,3.375661623655056,0,0.3316653507070791,-0.08784918576914488,0.4331367162478946,0.05414808555378592,0.6850297822472794,0.39293296661940813,0.33689536780496177,-0.4692870935839293,-0.4692870935839293,-0.10842802350817457,-0.06213914293627503,-0.018359227913718808,-0.06100271964755219,-0.03496012002279997,-0.010329090184712876,-0.06100271964755219,-0.03496012002279997,-0.010329090184712876,-0.7919481719594281,-0.36601631788531314,-0.36601631788531314,-0.06100271964755219,-0.06100271964755219,6.0,ok,ok,0,,0
667,Maveric Lamoureux,D,d1,UTA,22,0.2,14.65,,,,thin,5.0,1,12883.0,3537.0,ok,0.00611,6.0,825.0,-1.5666946431151252,,,contract_type,1.4015754079247706,10,445|379|600|470|105|98|477|769|503|673,-1.4224792346371353,-2.3708491825226004,-3.361664003367621,-0.7862427503253552,-0.14421540847798986,0.12432824813726423,0.35531760930451384,-0.14421540847798986,0.12432824813726423,0.35531760930451384,1.5555894495164484,1.8241331061317023,2.0551224672989523,-0.14421540847798986,1.4697872335023143,1,0.08855248812253595,-0.2855098537497206,0.028181435474540995,-0.11486280896785275,-0.07338140695527373,-0.005374331332539901,-0.02400509225528774,-0.0848744739300668,-0.0848744739300668,-0.09811992184361477,0.08458928292703016,0.24174764973147683,-0.16264284253748715,0.14021455750227158,0.4007190812050455,-0.09811992184361477,0.08458928292703016,0.24174764973147683,-1.5666946431151252,-0.14421540847798986,-0.14421540847798986,-0.09811992184361477,-0.16264284253748715,0.8867,ok,ok,0,,0
668,John Marino,D,d1,UTA,28,0.45,20.2,0.54,0.54,0.4870466321243523,ok,80.0,0,20652.0,2058.0,ok,0.004073,59.0,2151.0,-0.7340869220619719,,,contract_type,4.436894534966334,10,666|619|536|727|401|528|669|166|284|192,-0.25501302821837213,-2.3708491825226004,-3.361664003367621,-0.7862427503253552,-0.4790738938435998,-0.12603385905369235,-0.04259356094145717,-0.4790738938435998,-0.12603385905369235,-0.04259356094145717,1.6203059753974303,1.973346010187338,2.056786308299573,-0.4790738938435998,4.047337735790975,0,0.1308584898049332,-0.10981148221143108,0.12437498825671889,0.062259673743351174,0.2420766525535718,0.12213601367014082,0.12449212839438538,-0.5118907812218447,-0.5118907812218447,-0.11836765921635493,-0.03113994118631699,-0.010523846469445444,-0.10888043041899995,-0.02864405887583917,-0.009680354759422083,-0.10888043041899995,-0.02864405887583917,-0.009680354759422083,-0.7340869220619719,-0.4790738938435998,-0.4790738938435998,-0.10888043041899995,-0.10888043041899995,4.4,ok,ok,0,,0
669,Scott Perunovich,D,d1,UTA,27,,,,,,missing,,1,20822.0,1520.0,ok,0.001018,13.0,675.0,-1.361401643328888,,,price_age_proxy,3.381105895244709,10,720|336|380|750|503|673|470|18|41|188,-1.0768271729613608,-2.3708491825226004,-3.361664003367621,-0.7862427503253552,-0.28457447036752725,0.1803509905457477,0.2934254801178626,-0.28457447036752725,0.1803509905457477,0.2934254801178626,1.8769761986958153,2.341901659609091,2.4549761491812054,-0.28457447036752725,2.9324950755218513,0,0.14587082930350084,0.30747215019200697,0.15192896583371784,0.239426755998834,0.08629489477142638,0.06362514835619795,0.02647706066882194,-0.43813640874899995,-0.43813640874899995,-0.09704175558313116,0.06150086731642794,0.10006000779580036,,,,,,,-1.361401643328888,-0.28457447036752725,-0.28457447036752725,,,,low,ok,0,,0
670,Nate Schmidt,D,d1,UTA,34,0.2683,19.7,0.55,0.56,0.5095367847411444,ok,82.0,0,89608.0,9328.0,ok,0.013238,164.0,10788.0,0.16716423932830501,,,contract_type,4.017447451697008,10,725|258|308|192|17|400|401|424|668|727,0.09294536785881202,-2.3708491825226004,-3.361664003367621,-0.7862427503253552,0.07421887146949299,-0.15422994900943268,-0.030843870632020248,0.07421887146949299,-0.15422994900943268,-0.030843870632020248,2.4310446643786388,2.2025958438997133,2.325981922277126,0.07421887146949299,3.854201114162716,0,0.301046401405916,0.2635475573074346,-0.3013923984814398,-0.1972542931185619,0.4017529542802717,0.3397964326380061,0.3025347726097819,0.19830361850367145,0.19830361850367145,0.019256616162754717,-0.04001606154974544,-0.008002662476195343,0.02120539184842657,-0.044065699716980766,-0.008812534466291499,0.02120539184842657,-0.044065699716980766,-0.008812534466291499,0.16716423932830501,0.07421887146949299,0.07421887146949299,0.02120539184842657,0.02120539184842657,3.5,ok,ok,0,,0
671,Mikhail Sergachev,D,d1,UTA,27,0.7564,24.3,0.53,0.5,0.4677419354838709,ok,78.0,0,58401.0,56282.0,ok,0.058045,109.0,12257.0,0.16417347719468578,,,contract_type,6.790837602084437,10,20|692|285|45|23|334|536|422|402|666,0.5005710138836191,-2.3708491825226004,-3.361664003367621,-0.7862427503253552,-0.33639753668893335,-0.2877640595533165,-0.14955064012870412,-0.33639753668893335,-0.2877640595533165,-0.14955064012870412,2.0972966219310383,2.1459300990666548,2.2841435184912675,-0.33639753668893335,8.281031874527734,0,0.20030464276920448,-0.1317737786537173,0.501696455610456,0.3374724037478476,0.22598603678265317,1.249000902703301e-16,0.004899181820552656,-0.5533242709883615,-0.5533242709883615,-0.040622659323856065,-0.03474978286685168,-0.018059420902450392,-0.03957618078693333,-0.03385459524156665,-0.017594192956318134,-0.03957618078693333,-0.03385459524156665,-0.017594192956318134,0.16417347719468578,-0.33639753668893335,-0.33639753668893335,-0.03957618078693333,-0.03957618078693333,8.5,ok,ok,0,,0
672,Dmitri Simashev,D,d1,UTA,20,0.0357,15.1,0.47,0.47,0.53,ok,28.0,0,18112.0,21631.0,ok,,21.0,630.0,-1.1930616590831957,trends_12mo,trends_12mo=fetch_failed,price_age_proxy,1.478397611319286,10,598|19|553|616|21|98|769|239|445|667,-0.8991786941140096,-2.3708491825226004,-3.361664003367621,-0.7862427503253552,-0.2938829649691861,-0.5681839746994594,-0.37188192194052727,-0.2938829649691861,-0.5681839746994594,-0.37188192194052727,1.492533993538124,1.2182329838078507,1.4145350365667833,-0.2938829649691861,1.6759263368635458,0,0.35606531159256055,-0.4831705217302966,-0.3900411556515605,-0.17520396512467779,-0.4127191701241471,-0.2972351957948268,0.3780218611298547,-0.13492023814405227,-0.13492023814405227,-0.17535553831034167,-0.33902681890112274,-0.22189634100296735,,,,,,,-1.1930616590831957,-0.2938829649691861,-0.2938829649691861,,,,low,ok,0,,0
673,Maksymilian Szuber,D,d1,UTA,23,,,,,,missing,,1,5370.0,8074.0,ok,0.0,0.0,0.0,-3.177357224561865,,,price_age_proxy,3.381105895244709,10,503|21|750|18|669|98|621|667|553|190,-0.6591347650897271,-2.3708491825226004,-3.361664003367621,-0.7862427503253552,-2.518222459472138,-1.4513620849543578,-1.325172540088761,-2.518222459472138,-1.4513620849543578,-1.325172540088761,-1.0690485395477491,-0.0021881650299693622,0.12400137983562737,-2.518222459472138,2.9324950755218513,0,0.07235362620587628,0.04392459288457218,0.10453226464060422,0.20593489408895327,-0.012196071826364209,-0.005461014095967914,-0.06207291969879586,-2.6154296024103347,-2.6154296024103347,-0.8587303284811172,-0.4949239632383973,-0.4518925031282245,,,,,,,-3.177357224561865,-2.518222459472138,-2.518222459472138,,,,low,ok,0,,0
674,MacKenzie Weegar,D,d1,UTA,32,0.3544,22.467,0.52,0.47,0.4407582938388625,ok,79.0,0,47324.0,7017.0,ok,0.011202,156.0,14718.0,0.06011456659327297,,,contract_type,5.4953838700650595,10,23|43|47|104|283|422|287|536|772|168,0.1755387277720388,-2.3708491825226004,-3.361664003367621,-0.7862427503253552,-0.11542416117876583,-0.18759346934775217,-0.0946926545508388,-0.11542416117876583,-0.18759346934775217,-0.0946926545508388,2.418479579949274,2.3463102717802875,2.4392110865772008,-0.11542416117876583,6.452261495533909,0,0.2655910206476282,0.43924592884572433,0.16586112243070467,0.37984998767267264,0.3515338349952378,-0.16989821631900315,-0.08715703362242644,-0.2979081018995854,-0.2979081018995854,-0.017888946574570713,-0.029074064880600325,-0.01467588606202378,-0.018467865788602534,-0.030014955095640346,-0.015150824728134208,-0.018467865788602534,-0.030014955095640346,-0.015150824728134208,0.06011456659327297,-0.11542416117876583,-0.11542416117876583,-0.018467865788602534,-0.018467865788602534,6.25,ok,ok,0,,0
675,Nils Aman,C,f1,VAN,25,0.0,8.667,,,,thin,2.0,1,5879.0,1249.0,ok,0.001018,18.0,1346.0,-1.4088449627021873,,,contract_type,0.775,10,709|487|2|84|343|415|439|319|266|603,-0.6469114521663388,0.4709285091386643,0.026402378312325465,-0.5491866140587163,-0.7619335105358485,-0.15452422230711718,-0.022046368634007746,-0.7619335105358485,-0.15452422230711718,-0.022046368634007746,-0.9546634239352011,-0.34725413570646985,-0.21477628203336038,-0.7619335105358485,0.9766741122289716,0,0.19050492019245036,0.3733590395188655,-0.33610285111915594,-0.2654529859286381,0.07483309551355355,0.04694555977235661,0.0463359893021322,-0.645601371807988,-0.645601371807988,-0.7801307529253122,-0.15821472113606153,-0.022572901603476917,-0.9235557703464831,-0.18730208764499057,-0.026722871071524542,-0.9235557703464831,-0.18730208764499057,-0.026722871071524542,-1.4088449627021873,-0.7619335105358485,-0.7619335105358485,-0.9235557703464831,-0.9235557703464831,0.825,ok,ok,0,,0
676,Teddy Blueger,C,f1,VAN,31,0.4857,16.517,0.44,0.4,0.2992700729927007,ok,35.0,0,35237.0,7880.0,ok,0.01222,143.0,9708.0,-0.06502038583184486,,,contract_type,4.109654808355111,10,562|661|543|568|131|164|349|229|565|701,0.1252033803775343,0.4709285091386643,0.026402378312325465,-0.5491866140587163,-0.19022376620937917,-0.1061069664587363,-0.029464817667569053,-0.19022376620937917,-0.1061069664587363,-0.029464817667569053,-0.836691859433645,-0.7525750596830022,-0.675932910891835,-0.19022376620937917,4.23664413660379,0,0.37646413872272905,0.2855098537497208,0.12366016748966659,0.11187482379682943,-0.5021911928503389,-0.7645419734355121,-0.4710068210143066,-0.28801171928255265,-0.28801171928255265,-0.04489963284050281,-0.025045050525247692,-0.006954753979216403,-0.10567987011632175,-0.05894831469929795,-0.016369343148649473,-0.10567987011632175,-0.05894831469929795,-0.016369343148649473,-0.06502038583184486,-0.19022376620937917,-0.19022376620937917,-0.10567987011632175,-0.10567987011632175,1.8,ok,ok,0,,0
677,Brock Boeser,R,f1,VAN,28,0.64,19.05,0.44,0.41,0.547752808988764,ok,75.0,0,77017.0,7349.0,ok,0.177189,414.0,60874.0,0.83436084975905,,,contract_type,5.501880930723463,10,569|679|128|567|175|137|735|581|420|682,0.26424365990188803,0.4709285091386643,0.026402378312325465,-0.5491866140587163,0.570117189857162,0.7367957734257666,0.8222495777392413,0.570117189857162,0.7367957734257666,0.8222495777392413,0.38799770327842353,0.5546762868470282,0.6401300911605029,0.570117189857162,6.7963346837739635,0,0.503926342555538,-0.26354755730743457,0.4031160949399487,0.5853200881638145,-0.5021911928503386,-0.8070165275152632,0.4623665945564284,0.27049826143192146,0.27049826143192146,0.08388597919085694,0.10841075487127547,0.12098426813828585,0.07863685377340165,0.10162700323114024,0.11341373486058501,0.07863685377340165,0.10162700323114024,0.11341373486058501,0.83436084975905,0.570117189857162,0.570117189857162,0.07863685377340165,0.07863685377340165,7.25,ok,ok,0,,1
678,Filip Chytil,C,f1,VAN,26,0.25,15.0,0.48,0.5,0.6545454545454545,ok,12.0,1,28279.0,12300.0,ok,0.058045,220.0,17917.0,0.19855474702105383,,,contract_type,2.8479349906056055,10,212|82|516|741|231|717|34|560|758|87,-0.4394586399269992,0.4709285091386643,0.026402378312325465,-0.5491866140587163,0.638013386948053,0.8608199021119847,1.014857654537971,0.638013386948053,0.8608199021119847,1.014857654537971,0.18783811613691437,0.410644631300846,0.5646823837268324,0.638013386948053,3.0316343280074594,0,0.19312907579990415,0.19766066798057597,-0.215920416841746,0.1286310753074707,-0.08336814319905828,0.09612662239101456,0.43706752907955937,0.6282462971751336,0.6282462971751336,0.21045196020305887,0.2839458222778993,0.3347559582507386,0.14377766466434996,0.19398758357453175,0.2287003165155991,0.14377766466434996,0.19398758357453175,0.2287003165155991,0.19855474702105383,0.638013386948053,0.638013386948053,0.14377766466434996,0.14377766466434996,4.4375,ok,ok,0,,0
679,Jake DeBrusk,L,f1,VAN,29,0.5185,16.867,0.4499999999999999,0.46,0.5105820105820106,ok,81.0,0,47051.0,5742.0,ok,0.084521,227.0,16735.0,0.26721712908774475,,,contract_type,4.3363093393219,10,223|175|249|128|735|483|581|684|492|567,0.10896395800324396,0.4709285091386643,0.026402378312325465,-0.5491866140587163,0.1582531710845008,0.3391393289138264,0.426230918815559,0.1582531710845008,0.3391393289138264,0.426230918815559,-0.14575091377499946,0.03513524405432615,0.12222683395605878,0.1582531710845008,4.541289340063609,0,0.185539770372213,0.06588688932685866,-0.09443383260974003,0.04727210746593746,-0.5273007524928583,-0.27608460151837855,-0.10226043881950483,0.17287903192826062,0.17287903192826062,0.03484763009667298,0.07467908418032579,0.09385680737303315,0.028773303833545597,0.06166169616615026,0.077496530693738,0.028773303833545597,0.06166169616615026,0.077496530693738,0.26721712908774475,0.1582531710845008,0.1582531710845008,0.028773303833545597,0.028773303833545597,5.5,ok,ok,0,,0
680,Curtis Douglas,C,f1,VAN,25,0.093,6.748,0.51,0.58,0.7307692307692307,ok,43.0,0,33224.0,317.0,ok,0.007128,117.0,9666.0,-0.36450532207466263,,,contract_type,0.775,10,279|605|255|410|455|523|302|292|415|571,-0.4255690923468869,0.4709285091386643,0.026402378312325465,-0.5491866140587163,0.06106377027222426,-0.5266179995714944,-0.29069098771096835,0.06106377027222426,-0.5266179995714944,-0.29069098771096835,-0.24094981645683688,-0.8286315863005554,-0.5927045744400296,0.06106377027222426,0.775,0,0.6689920715867711,-0.06588688932685871,-0.5825871925378504,-1.1267143247520433,0.25109559642516954,0.7433046963956356,1.244363730083069,0.3987809806368202,0.3987809806368202,0.07879196164157969,-0.679507096221283,-0.37508514543350757,0.07879196164157969,-0.679507096221283,-0.37508514543350757,0.07879196164157969,-0.679507096221283,-0.37508514543350757,-0.36450532207466263,0.06106377027222426,0.06106377027222426,0.07879196164157969,0.07879196164157969,0.775,ok,ok,0,,0
681,Nils Hoglander,L,f1,VAN,25,0.1316,11.517,0.5,0.4599999999999999,0.6578947368421053,ok,38.0,0,13020.0,4462.0,ok,0.017312,119.0,7974.0,-0.3544232482702513,,,contract_type,1.2135905563633034,10,136|398|684|388|580|253|378|583|352|163,0.0003109432180035121,0.4709285091386643,0.026402378312325465,-0.5491866140587163,-0.3547341914882548,0.05427183408237392,0.12265069098107757,-0.3547341914882548,0.05427183408237392,0.12265069098107757,-0.39010392623336243,0.01890209933726629,0.08728095623596993,-0.3547341914882548,1.6372543542724636,0,0.34027305329393,-0.08784918576914491,-0.5089528797167995,-0.28977577128089527,0.21794657251114535,-0.32861891840649404,0.6084949920791011,-0.16760924923477413,-0.16760924923477413,-0.21666406967406465,0.033148077414330866,0.07491242314367158,-0.11824473049608493,0.018090611360791306,0.04088356366035919,-0.11824473049608493,0.018090611360791306,0.04088356366035919,-0.3544232482702513,-0.3547341914882548,-0.3547341914882548,-0.11824473049608493,-0.11824473049608493,3.0,ok,ok,0,,0
682,Evander Kane,L,f1,VAN,34,0.4366,16.417,0.47,0.45,0.5745341614906833,ok,71.0,0,432014.0,26870.0,ok,0.295316,631.0,71996.0,1.499790016720067,,,contract_type,3.9262509150101277,10,371|755|561|567|387|524|417|130|581|760,0.12523083258440332,0.4709285091386643,0.026402378312325465,-0.5491866140587163,1.3745591841356637,1.1085984601573733,1.19856948836987,1.3745591841356637,1.1085984601573733,1.19856948836987,0.9247289045172435,0.6587681805389531,0.74873920875145,1.3745591841356637,4.094391764323316,0,0.19245424421117255,0.2635475573074346,-0.16933885564296147,0.02369848388017702,-0.35153383499523805,-0.33979643263800496,-0.006810300803219205,1.3803675169334964,1.3803675169334964,0.33571755299845824,0.27076023105976343,0.2927344419783335,0.26820667007525145,0.21631189466485332,0.23386721724290147,0.26820667007525145,0.21631189466485332,0.23386721724290147,1.499790016720067,1.3745591841356637,1.3745591841356637,0.26820667007525145,0.26820667007525145,5.125,ok,ok,0,,0
683,Linus Karlsson,C,f1,VAN,26,0.443,12.517,0.5,0.5,0.5407725321888412,ok,79.0,0,18225.0,2171.0,ok,0.00611,143.0,10473.0,-0.2664899865451228,,,contract_type,2.5112718228226942,10,38|56|5|264|603|346|319|84|26|60,-0.0887871162132809,0.4709285091386643,0.026402378312325465,-0.5491866140587163,-0.1777028703318419,-0.35471204515774707,-0.2224528644734341,-0.1777028703318419,-0.35471204515774707,-0.2224528644734341,-0.8266658542247436,-1.0036750290506489,-0.8714158483663357,-0.1777028703318419,2.1594363364856224,0,0.18700032475246534,0.13177377865371726,0.2718098252095883,0.07661777172890005,0.13457842931208713,0.14977869070227856,0.3574434529082209,-0.3459866014730124,-0.3459866014730124,-0.08229132173493231,-0.16426140431397188,-0.10301431939200639,-0.2292940262346347,-0.4576929614938672,-0.2870359541592698,-0.2292940262346347,-0.4576929614938672,-0.2870359541592698,-0.2664899865451228,-0.1777028703318419,-0.1777028703318419,-0.2292940262346347,-0.2292940262346347,0.775,ok,ok,0,,0
684,Drew O'Connor,L,f1,VAN,27,0.3537,14.583,0.48,0.47,0.5645756457564576,ok,82.0,0,28056.0,1619.0,ok,0.001018,107.0,4971.0,-0.4069779062962132,,,contract_type,3.0042872659928896,10,352|249|136|81|601|711|612|412|728|314,-0.008553835731078685,0.4709285091386643,0.026402378312325465,-0.5491866140587163,-0.3984240705651345,-0.31513296718350303,-0.1954904053662748,-0.3984240705651345,-0.31513296718350303,-0.1954904053662748,-0.4752783464368851,-0.39198724305525356,-0.27234468123802524,-0.3984240705651345,2.9382382764032395,0,0.16683790412439117,-0.04392459288457244,-0.015014444349069789,0.05391467512887388,-0.3093541799817114,-0.47727985768562015,0.10153967471649927,-0.4266281589482221,-0.4266281589482221,-0.13559964614335293,-0.107252352443405,-0.06653320356495349,-0.1593696282260538,-0.12605318687340122,-0.07819616214650993,-0.1593696282260538,-0.12605318687340122,-0.07819616214650993,-0.4069779062962132,-0.3984240705651345,-0.3984240705651345,-0.1593696282260538,-0.1593696282260538,2.5,ok,ok,0,,0
685,Liam Ohgren,L,f1,VAN,22,0.2609,13.167,0.42,0.36,0.5769230769230769,ok,69.0,0,51711.0,4646.0,ok,0.020367,201.0,19301.0,0.17296076053883563,,,contract_type,2.206463496051948,10,135|420|388|140|583|409|569|80|489|83,-0.22360304400060688,0.4709285091386643,0.026402378312325465,-0.5491866140587163,0.3965638045394425,0.14976448081110125,0.3696348250969159,0.3965638045394425,0.14976448081110125,0.3696348250969159,0.07589263405507213,-0.1709066896732692,0.04896365461254537,0.3965638045394425,2.2507260452709605,1,0.4873151002175988,-0.3074721501920069,-0.34720484560443676,-0.06482746486084134,-0.8035059085605425,-1.3167111764722705,0.08416905561549404,0.5231484101039268,0.5231484101039268,0.17619372440847236,0.06654051972507893,0.16422914991078635,0.4472355977663725,0.16890095952532,0.41686571004501627,0.17619372440847236,0.06654051972507893,0.16422914991078635,0.17296076053883563,0.3965638045394425,0.3965638045394425,0.17619372440847236,0.4472355977663725,0.8867,ok,ok,0,,0
686,Elias Pettersson,C,f1,VAN,27,0.6892,18.967,0.45,0.45,0.5508021390374331,ok,74.0,0,120173.0,36948.0,ok,0.312627,,,1.0896434268262651,reddit_mentions_12mo|reddit_upvotes_12mo,reddit_mentions_12mo=fetch_failed|reddit_upvotes_12mo=fetch_failed,contract_type,5.618291452135719,10,633|485|33|559|765|688|729|625|139|407,0.7074318461282354,0.4709285091386643,0.026402378312325465,-0.5491866140587163,0.38221158069802974,0.3237906638866382,0.40466136473921765,0.38221158069802974,0.3237906638866382,0.40466136473921765,0.4506195280403648,0.39219861122897315,0.4730693120815529,0.38221158069802974,6.823991504382292,0,0.2266364398483598,0.04392459288457243,-0.03046360534967174,0.15892218273281744,-0.5021911928503391,-0.42474554079750626,-0.19957152447525195,0.35987048347657585,0.35987048347657585,0.05600997311508634,0.04744886679280058,0.05929980488389363,0.03294927419810601,0.027912988266089504,0.03488460040855325,0.03294927419810601,0.027912988266089504,0.03488460040855325,1.0896434268262651,0.38221158069802974,0.38221158069802974,0.03294927419810601,0.03294927419810601,11.6,ok,ok,0,,1
687,Aatu Räty,C,f1,VAN,23,0.2121,12.017,0.48,0.44,0.3612040133779264,ok,66.0,0,21009.0,7698.0,ok,0.00611,145.0,12412.0,-0.12733547293949776,,,contract_type,1.6378538145502295,10,30|377|241|15|372|390|432|584|543|95,-0.2702531301279423,0.4709285091386643,0.026402378312325465,-0.5491866140587163,0.1429176571884445,0.14026315042934923,0.2330823957188513,0.1429176571884445,0.14026315042934923,0.2330823957188513,-0.38887549778130526,-0.3915300045404004,-0.29871075925089824,0.1429176571884445,1.830045475723608,0,0.22318947899687833,-0.3733590395188656,-0.0923940083217818,-0.030490883896412746,-0.10043823857006812,-0.44598281783738203,-0.2964718858367593,0.25273146304526917,0.25273146304526917,0.07809513975707857,0.07664462566094898,0.12736426433703213,0.17589865500116247,0.17263156975919908,0.28687064088474007,0.17589865500116247,0.17263156975919908,0.28687064088474007,-0.12733547293949776,0.1429176571884445,0.1429176571884445,0.17589865500116247,0.17589865500116247,0.8125,ok,ok,0,,0
688,Marco Rossi,C,f1,VAN,24,0.7,17.473,0.46,0.44,0.671957671957672,ok,50.0,0,85258.0,20577.0,ok,0.117108,444.0,34818.0,0.801637809569744,,,contract_type,5.101177011925834,10,765|353|549|351|31|82|686|27|346|256,0.26404948581893706,0.4709285091386643,0.026402378312325465,-0.5491866140587163,0.5375883237508069,0.3881485924951795,0.5093741151477434,0.5375883237508069,0.3881485924951795,0.5093741151477434,0.26949163583080976,0.12005190457518246,0.24127742722774626,0.5375883237508069,5.356821619419325,0,0.31828767472361436,-0.06588688932685871,0.3072109136634845,0.3512070361336183,-0.30131471571020285,-0.4884573719171328,0.39564912159038923,0.30612797077305287,0.30612797077305287,0.10035583820860569,0.07245874887602745,0.09508887010558308,0.10751766475016138,0.0776297184990359,0.10187482302954867,0.10751766475016138,0.0776297184990359,0.10187482302954867,0.801637809569744,0.5375883237508069,0.5375883237508069,0.10751766475016138,0.10751766475016138,5.0,ok,ok,0,,0
689,Max Sasson,C,f1,VAN,25,0.2879,11.717,0.49,0.43,0.6171875,ok,66.0,0,21689.0,222.0,ok,0.003055,110.0,10531.0,-0.47589312575047366,,,contract_type,1.7539082564839206,10,91|114|372|241|134|346|657|31|266|270,-0.26122273993964085,0.4709285091386643,0.026402378312325465,-0.5491866140587163,-0.2146703858108328,-0.6383461601662579,-0.5017053215492079,-0.2146703858108328,-0.6383461601662579,-0.5017053215492079,-0.6914560357959021,-1.1151318101513272,-0.9784909715342773,-0.2146703858108328,1.7900787235474427,0,0.29930641048886114,-0.3294344466342932,0.2459827452823113,0.10875331643642694,0.2008764771401358,-0.31855915559813064,0.592232321841869,-0.35005962103323396,-0.35005962103323396,-0.11992231569872819,-0.3566022833349093,-0.2802699763700706,-0.2769940462075262,-0.8236724647306554,-0.6473617052247844,-0.2769940462075262,-0.8236724647306554,-0.6473617052247844,-0.47589312575047366,-0.2146703858108328,-0.2146703858108328,-0.2769940462075262,-0.2769940462075262,0.775,ok,ok,0,,0
690,Zeev Buium,D,d1,VAN,20,0.3421,19.582,0.47,0.4499999999999999,0.6203389830508474,ok,76.0,0,211311.0,6896.0,ok,0.078411,353.0,39213.0,0.7855855575003705,,,contract_type,4.025475977541748,10,149|148|598|146|448|404|672|215|307|147,-0.15260424919550522,0.4709285091386643,0.026402378312325465,-0.5491866140587163,0.9381898066958757,0.5916718370284122,0.7476195134882472,0.9381898066958757,0.5916718370284122,0.7476195134882472,0.9326344444143615,0.586116474746898,0.7420641512067329,0.9381898066958757,3.6934947677353165,1,0.2820013462159661,-0.37335903951886573,0.23705433405469073,0.3644671994006089,-0.1004382385700684,-0.0849491081595033,0.5317401575920596,0.7419623842948737,0.7419623842948737,0.25401140808198064,0.16019295389206642,0.20241520849551753,0.9707085428824374,0.6121798624194642,0.7735328644472294,0.25401140808198064,0.16019295389206642,0.20241520849551753,0.7855855575003705,0.9381898066958757,0.9381898066958757,0.25401140808198064,0.9707085428824374,0.9665,ok,ok,0,,0
691,Derek Forbort,D,d1,VAN,33,0.0,13.933,,,,thin,2.0,1,13629.0,1510.0,ok,0.003055,58.0,3954.0,-0.7521923828985251,,,contract_type,0.8556308878766578,10,596|400|726|471|17|238|719|428|336|748,-0.625487403297248,0.4709285091386643,0.026402378312325465,-0.5491866140587163,-0.12670497960127713,0.10980353483990524,0.20608665476015212,-0.12670497960127713,0.10980353483990524,0.20608665476015212,-0.40012588452603504,-0.16361737008485244,-0.06733425016460558,-0.12670497960127713,1.3483555255925406,0,0.1624938182552861,0.2415852608651483,-0.38913828260607075,-0.12041526793489105,0.0862948947714258,0.021150594276446902,0.11637860907773379,-0.008314004225315655,-0.008314004225315655,-0.09397000805525389,0.08143515026695322,0.15284296377959103,-0.06335248980063857,0.05490176741995262,0.10304332738007606,-0.06335248980063857,0.05490176741995262,0.10304332738007606,-0.7521923828985251,-0.12670497960127713,-0.12670497960127713,-0.06335248980063857,-0.06335248980063857,2.0,ok,ok,0,,0
692,Filip Hronek,D,d1,VAN,28,0.5976,25.0,0.5,0.47,0.477751756440281,ok,82.0,0,27745.0,23769.0,ok,0.032587,253.0,18768.0,0.25835465986219097,,,contract_type,6.999101760188651,10,285|671|718|360|283|23|572|772|104|67,0.4293646751098959,0.4709285091386643,0.026402378312325465,-0.5491866140587163,-0.17101001524770493,-0.029621494558142322,0.044280115603051805,-0.17101001524770493,-0.029621494558142322,0.044280115603051805,-1.2292804662408217,-1.087891945551259,-1.013990335390065,-0.17101001524770493,9.898440067834306,0,0.2441833219312429,-0.10981148221143108,0.3794407573026626,0.5984803631952715,0.05021911928503415,-0.2548473244785048,0.07230088511455329,-0.4591379356897195,-0.4591379356897195,-0.017276461146985604,-0.0029925416889070734,0.004473443825451167,-0.023587588310028267,-0.004085723387329976,0.006107602152145077,-0.023587588310028267,-0.004085723387329976,0.006107602152145077,0.25835465986219097,-0.17101001524770493,-0.17101001524770493,-0.023587588310028267,-0.023587588310028267,7.25,ok,ok,0,,0
693,Pierre-Olivier Joseph,D,d1,VAN,26,0.1935,13.3,0.49,0.5,0.5616438356164384,ok,31.0,0,34120.0,5227.0,ok,0.003055,41.0,2231.0,-0.6881969097507764,,,contract_type,0.775,10,214|616|102|195|470|366|71|477|597|336,-0.8001903548649271,0.4709285091386643,0.026402378312325465,-0.5491866140587163,0.11199344511415066,0.2881905301752639,0.3868462594319248,0.11199344511415066,0.2881905301752639,0.3868462594319248,-0.8089908444315058,-0.6327937593703927,-0.534138030113732,0.11199344511415066,1.1323251772913063,0,0.14382399185838343,0.043924592884572344,0.1301809172626479,-0.06967204428418605,0.12360052624030737,0.3026962098907947,0.1928696605877923,0.0826212409908682,0.0826212409908682,0.0989057272240965,0.2545121630737377,0.3416388394341983,0.1445076711150331,0.37185874861324375,0.4991564637831287,0.1445076711150331,0.37185874861324375,0.4991564637831287,-0.6881969097507764,0.11199344511415066,0.11199344511415066,0.1445076711150331,0.1445076711150331,0.775,ok,ok,0,,0
694,Victor Mancini,D,d1,VAN,23,0.125,13.733,0.38,0.36,0.5866666666666667,ok,24.0,0,23672.0,729.0,ok,0.013238,118.0,10442.0,-0.3457744504736721,,,contract_type,0.8691608314093155,10,421|149|768|597|148|577|448|505|697|642,-0.40497914018327075,0.4709285091386643,0.026402378312325465,-0.5491866140587163,0.059204689709598635,-0.020162461613545995,0.1712274903087695,0.059204689709598635,-0.020162461613545995,0.1712274903087695,0.0543408378357616,-0.02502631348738292,0.16636363843493263,0.059204689709598635,1.254479480719868,1,0.6837505381404524,-0.37335903951886573,-0.16683087496104554,-0.42062935982897237,-1.4061353399809495,-1.3591857305520219,0.37636288400085943,0.139118533970235,0.139118533970235,0.04719462583447338,-0.016072372584345507,0.1364928585444161,0.06805136748229729,-0.02317524323396091,0.19681320725145918,0.04719462583447338,-0.016072372584345507,0.1364928585444161,-0.3457744504736721,0.059204689709598635,0.059204689709598635,0.04719462583447338,0.06805136748229729,0.87,ok,ok,0,,0
695,Elias Pettersson,D,d1,VAN,21,0.1429,14.983,0.43,0.4,0.4152542372881356,ok,70.0,0,120173.0,36948.0,ok,0.002037,,,0.47079490677624924,reddit_mentions_12mo|reddit_upvotes_12mo,reddit_mentions_12mo=fetch_failed|reddit_upvotes_12mo=fetch_failed,contract_type,1.5175656461472644,10,697|448|44|147|98|399|504|576|557|18,-0.40202237692049936,0.4709285091386643,0.026402378312325465,-0.5491866140587163,0.8728172836967486,0.8891367751994154,0.9772595296963862,0.8728172836967486,0.8891367751994154,0.9772595296963862,0.48919374767413715,0.5055132391768038,0.5936359936737747,0.8728172836967486,1.5921438839110191,1,0.49585075540935697,-0.5270951146148692,-0.14178450788431196,-0.21720696816625495,-0.8035059085605423,-0.849491081595013,-0.4360209516351502,1.022211689185054,1.022211689185054,0.5482025164413646,0.5584525269257054,0.6138010135715867,1.0411753354368944,1.0606426997487957,1.165763485263493,0.5482025164413646,0.5584525269257054,0.6138010135715867,0.47079490677624924,0.8728172836967486,0.8728172836967486,0.5482025164413646,1.0411753354368944,0.8383,ok,ok,0,,0
696,Marcus Pettersson,D,d1,VAN,29,0.2195,21.45,0.44,0.44,0.3398876404494382,ok,82.0,0,23410.0,7296.0,ok,0.011202,94.0,5724.0,-0.342408657791462,,,contract_type,4.857471040481537,10,554|644|641|383|364|576|575|444|450|425,0.013058946796695826,0.4709285091386643,0.026402378312325465,-0.5491866140587163,-0.35546760458815785,-0.11375583578596332,0.05220967612434718,-0.35546760458815785,-0.11375583578596332,0.05220967612434718,-0.4209011041167444,-0.1791893353145498,-0.013223823404239375,-0.35546760458815785,5.487783619204451,0,0.24807179648757227,-0.1317737786537173,-0.20277859806850662,0.1517302297744496,-0.4268625139227884,-0.3185591555981301,-0.2567265029078416,-0.34243377193147956,-0.34243377193147956,-0.06477434776112566,-0.02072892148806228,0.00951380005976181,-0.06463047356148324,-0.020682879233811513,0.009492668386244942,-0.06463047356148324,-0.020682879233811513,0.009492668386244942,-0.342408657791462,-0.35546760458815785,-0.35546760458815785,-0.06463047356148324,-0.06463047356148324,5.5,ok,ok,0,,0
697,Tom Willander,D,d1,VAN,20,0.3,16.983,0.43,0.4,0.4602510460251046,ok,70.0,0,23901.0,2040.0,ok,0.010183,188.0,15629.0,-0.08044911774369207,,,contract_type,2.6728347048115335,10,695|448|146|44|147|149|557|404|18|98,-0.2925130354705844,0.4709285091386643,0.026402378312325465,-0.5491866140587163,0.21206391772689231,0.0983865507877385,0.20084254793795553,0.21206391772689231,0.0983865507877385,0.20084254793795553,0.04517179947564476,-0.0685055674635092,0.03395042968670769,0.21206391772689231,2.2530227371223677,1,0.4860844070941617,-0.5270951146148695,0.22658769467549494,0.019278429457846774,-0.9039441471306106,-0.8919656356747638,-0.3476354210113843,0.1625672523289618,0.1625672523289618,0.09412418003279767,0.04366868969702495,0.08914359568091977,0.2232251765546235,0.10356479030288263,0.21141320835574265,0.09412418003279767,0.04366868969702495,0.08914359568091977,-0.08044911774369207,0.21206391772689231,0.21206391772689231,0.09412418003279767,0.2232251765546235,0.95,ok,ok,0,,0
698,Ivan Barbashev,L,f1,VEG,30,0.7439,16.25,0.52,0.56,0.6666666666666666,ok,82.0,0,23891.0,28290.0,ok,0.008147,200.0,5575.0,-0.022663342900658245,,,contract_type,4.782563465943485,10,564|586|181|246|185|453|512|468|296|483,0.25927382434740615,0.5529307666910094,-0.29669593176858927,-0.5910392667272982,-0.2819371672480644,-0.2839826909822621,-0.22167051179070063,-0.2819371672480644,-0.2839826909822621,-0.22167051179070063,-1.135148569309409,-1.1371940930436069,-1.0748819138520453,-0.2819371672480644,4.449707988156012,0,0.2182351476984128,0.46120822528801053,0.3605807425746549,0.12393632823742522,0.050219119285033975,0.2973218785582552,0.016144592247096856,-0.5035233302747023,-0.5035233302747023,-0.06336082457512027,-0.0638205229957003,-0.0498168671698752,-0.056387433449612875,-0.05679653819645242,-0.04433410235814013,-0.056387433449612875,-0.05679653819645242,-0.04433410235814013,-0.022663342900658245,-0.2819371672480644,-0.2819371672480644,-0.056387433449612875,-0.056387433449612875,5.0,ok,ok,0,,0
699,Braeden Bowman,R,f1,VEG,22,0.4815,14.133,0.5,0.54,0.6280193236714976,ok,54.0,0,12430.0,239.0,ok,0.002037,137.0,6671.0,-0.5642739535854382,,,contract_type,3.2204771867139446,10,587|328|495|314|185|483|704|632|344|585,0.16318456145039542,0.5529307666910094,-0.29669593176858927,-0.5910392667272982,-0.7274585150358336,-1.0401434636830487,-0.799530933797093,-0.7274585150358336,-1.0401434636830487,-0.799530933797093,-0.9035050211064832,-1.2161899697536986,-0.9755774398677426,-0.7274585150358336,2.856989108492684,1,0.2735061984870526,-0.3513967430765794,-0.11643718312574886,-0.1324518003166038,0.3013147157102038,0.5309319259968841,0.20850482269629556,-0.6028040900878027,-0.6028040900878027,-0.2546241821060468,-0.36406980362337354,-0.2798508861725821,-0.8313811600409526,-1.1887353870663413,-0.913749638625249,-0.2546241821060468,-0.36406980362337354,-0.2798508861725821,-0.5642739535854382,-0.7274585150358336,-0.7274585150358336,-0.2546241821060468,-0.8313811600409526,0.875,ok,ok,0,,0
700,Pavel Dorofeyev,R,f1,VEG,25,0.7805,17.6,0.56,0.56,0.6276923076923077,ok,82.0,0,33836.0,40293.0,ok,0.025458,221.0,8799.0,0.17663446260692545,,,contract_type,5.388282234604296,10,386|710|658|435|369|51|12|650|653|608,0.5900736006570859,0.5529307666910094,-0.29669593176858927,-0.5910392667272982,-0.41343913805016047,-0.5611708805758141,-0.45307890826183683,-0.41343913805016047,-0.5611708805758141,-0.45307890826183683,-1.7262898072564457,-1.8740215497820996,-1.7659295774681223,-0.41343913805016047,5.630972101087444,0,0.19026929688635016,-0.21962296442286217,-0.07875059341215929,-0.06452780015424248,0.35153383499523816,0.23361004743862934,0.1935705408949695,-0.3460424986723805,-0.3460424986723805,-0.07342233820876466,-0.0996579046213782,-0.08046193448096448,-0.22530743217992397,-0.3058151937742856,-0.24690948679119176,-0.22530743217992397,-0.3058151937742856,-0.24690948679119176,0.17663446260692545,-0.41343913805016047,-0.41343913805016047,-0.22530743217992397,-0.22530743217992397,1.835,ok,ok,0,,0
701,Nic Dowd,C,f1,VEG,35,0.28,14.541,0.49,0.46,0.2482014388489208,ok,75.0,0,35662.0,5200.0,ok,0.007128,189.0,9151.0,-0.02077382866963913,,,contract_type,2.768745424504485,10,77|757|32|706|661|242|198|164|349|604,-0.062294842935563574,0.5529307666910094,-0.29669593176858927,-0.5910392667272982,0.041521014265924444,-0.18318176563101032,-0.08752703759650064,0.041521014265924444,-0.18318176563101032,-0.08752703759650064,-0.5403780732617457,-0.7650808531586805,-0.6694261251241709,0.041521014265924444,2.841530436587803,0,0.316493363333091,0.7906426719223039,-0.15335465876355064,-0.061755901618205156,0.050219119285033864,-0.19113549335887747,-0.6518523350505752,0.04785842297635171,0.04785842297635171,0.014612201133338608,-0.06446588193191434,-0.030802780244580386,0.013840338088641482,-0.06106058854367011,-0.02917567919883355,0.013840338088641482,-0.06106058854367011,-0.02917567919883355,-0.02077382866963913,0.041521014265924444,0.041521014265924444,0.013840338088641482,0.013840338088641482,3.0,ok,ok,0,,0
702,Jack Eichel,C,f1,VEG,29,1.2162,21.2,0.54,0.58,0.667621776504298,ok,74.0,0,277261.0,39763.0,ok,0.212831,406.0,24383.0,1.083044288241161,,,contract_type,8.013234551679759,10,591|607|205|160|64|443|498|375|60|407,0.9221998726683024,0.5529307666910094,-0.29669593176858927,-0.5910392667272982,0.16084441557285867,0.09122805754542293,0.18967436137829397,0.16084441557285867,0.09122805754542293,0.18967436137829397,-0.598180422214,-0.6677967802414356,-0.5693504764085647,0.16084441557285867,11.916723497251205,0,0.6480245198864939,0.08784918576914486,0.9050800684898088,0.5173461438836872,0.6779581103479588,0.976914743834264,0.7229988669941,-0.3228154798866688,-0.3228154798866688,0.013497369105690852,0.007655464823570526,0.015916653719627343,0.016084441557285868,0.009122805754542294,0.018967436137829394,0.016084441557285868,0.009122805754542294,0.018967436137829394,1.083044288241161,0.16084441557285867,0.16084441557285867,0.016084441557285868,0.016084441557285868,10.0,ok,ok,0,,0
703,Tomas Hertl,C,f1,VEG,32,0.7073,17.033,0.56,0.57,0.6047745358090185,ok,82.0,0,48406.0,34636.0,ok,0.113035,279.0,15281.0,0.48002198547476427,,,contract_type,4.961182739479877,10,602|660|93|177|224|161|264|254|182|277,0.3672300739662855,0.5529307666910094,-0.29669593176858927,-0.5910392667272982,0.11279191150847878,0.19751556728630826,0.2975871638974523,0.11279191150847878,0.19751556728630826,0.2975871638974523,-0.8101117200128648,-0.7253880642350353,-0.6253164676238913,0.11279191150847878,4.995619567287657,0,0.4810857638025898,0.2635475573074345,0.4022582604116407,0.07906503349945615,0.7367122773184976,0.8975543927905194,0.5073770614879904,-0.10821673020665154,-0.10821673020665154,0.022578162726213855,0.03953775194966422,0.059569620922720806,0.01386075717462105,0.024272266333186885,0.03656985117019383,0.01386075717462105,0.024272266333186885,0.03656985117019383,0.48002198547476427,0.11279191150847878,0.11279191150847878,0.01386075717462105,0.01386075717462105,8.1375,ok,ok,0,,0
704,Alexander Holtz,R,f1,VEG,24,0.3214,11.483,0.46,0.5,0.5897435897435898,ok,28.0,0,22605.0,11690.0,ok,0.019348,65.0,1385.0,-0.6096066536017893,,,contract_type,1.7679071752068816,10,430|762|632|328|37|699|512|563|513|196,-0.22268438500537086,0.5529307666910094,-0.29669593176858927,-0.5910392667272982,-0.3869222685964185,0.24264460701406457,0.32302246255166556,-0.3869222685964185,0.24264460701406457,0.32302246255166556,-0.39837695378481497,0.23118992182566797,0.3115677773632691,-0.3869222685964185,1.7433427794560277,0,0.17689643023490084,-1.1102230246251565e-16,-0.29142735523862723,-0.23216523143730428,-0.3013147157102025,0.08494910815950142,-0.1515221708637694,-0.21629712058128647,-0.21629712058128647,-0.22194273734116088,0.13918353285047966,0.1852891275073613,-0.4619967386225892,0.28972490389739053,0.38569846274825736,-0.4619967386225892,0.28972490389739053,0.38569846274825736,-0.6096066536017893,-0.3869222685964185,-0.3869222685964185,-0.4619967386225892,-0.4619967386225892,0.8375,ok,ok,0,,0
705,Brett Howden,C,f1,VEG,27,0.3793,14.9,0.5,0.53,0.4786729857819905,ok,58.0,0,54153.0,2290.0,ok,0.01222,166.0,4955.0,-0.12032515149908163,,,contract_type,3.197305082734426,10,199|590|201|184|652|516|224|206|244|460,-0.11349202200034454,0.5529307666910094,-0.29669593176858927,-0.5910392667272982,-0.006833129498737087,-0.020109528107037526,0.1179075229972591,-0.006833129498737087,-0.020109528107037526,0.1179075229972591,-0.8120457098230957,-0.825322108431396,-0.6873050573270996,-0.006833129498737087,3.124338823838227,0,0.10960067568783816,0.32943444663429317,0.04052896781976101,0.10403359730749817,0.025109559642516988,0.10618638519937695,0.052311097523582595,-0.09224260886937678,-0.09224260886937678,-0.0021870641706979266,-0.006436410786693461,0.03773839191115981,-0.002733251799494835,-0.00804381124281501,0.04716300919890364,-0.002733251799494835,-0.00804381124281501,0.04716300919890364,-0.12032515149908163,-0.006833129498737087,-0.006833129498737087,-0.002733251799494835,-0.002733251799494835,2.5,ok,ok,0,,0
706,William Karlsson,C,f1,VEG,33,0.5,15.15,0.51,0.5,0.3888888888888889,ok,14.0,1,46033.0,23018.0,ok,0.026477,83.0,4072.0,-0.20976542087128736,,,contract_type,3.649692693505958,10,177|198|654|757|10|35|264|245|701|224,0.0980821472302615,0.5529307666910094,-0.29669593176858927,-0.5910392667272982,-0.30784756810154884,-0.20629197751959516,-0.1344903648301634,-0.30784756810154884,-0.20629197751959516,-0.1344903648301634,-1.0595911982098047,-0.958035607627851,-0.8862339949384193,-0.30784756810154884,3.4003125965060605,0,0.27380680103518634,0.3953213359611518,0.3091620174989224,0.16329578811255988,0.30984976339570863,0.30291063567401155,-0.16230126556876356,-0.486655273727207,-0.486655273727207,-0.090535078574209,-0.06066853316120622,-0.03955235320668957,-0.05217755391551675,-0.03496474195247375,-0.022794977089858205,-0.05217755391551675,-0.03496474195247375,-0.022794977089858205,-0.20976542087128736,-0.30784756810154884,-0.30784756810154884,-0.05217755391551675,-0.05217755391551675,5.9,ok,ok,0,,0
707,Keegan Kolesar,R,f1,VEG,28,0.2073,11.533,0.49,0.49,0.4008097165991903,ok,82.0,0,28911.0,1935.0,ok,0.001018,144.0,5528.0,-0.28453982170266595,,,contract_type,1.445544586644267,10,29|293|547|711|438|186|312|356|593|163,-0.32896308584749356,0.5529307666910094,-0.29669593176858927,-0.5910392667272982,0.04442326414482761,0.057895634288101794,0.1588376340696143,0.04442326414482761,0.057895634288101794,0.1588376340696143,-0.19898531248863316,-0.1855129423453591,-0.0845709425638466,0.04442326414482761,1.6869600090292247,0,0.17581662844590182,1.3877787807814457e-17,-0.2580879320403586,-0.17837541660284684,0.07582426234154843,0.12295265654664626,-0.4196595031440107,0.22326805641421288,0.22326805641421288,0.026333323793722503,0.03431950608089301,0.09415613483393641,0.017769305657931046,0.02315825371524072,0.0635350536278457,0.017769305657931046,0.02315825371524072,0.0635350536278457,-0.28453982170266595,0.04442326414482761,0.04442326414482761,0.017769305657931046,0.017769305657931046,2.5,ok,ok,0,,0
708,Tanner Laczynski,C,f1,VEG,28,0.5,10.767,,,,thin,10.0,1,6385.0,188.0,ok,0.0,18.0,511.0,-1.6565693118176488,,,contract_type,2.0379938473032673,10,26|5|683|38|429|432|60|142|56|129,-0.4500723934401565,0.5529307666910094,-0.29669593176858927,-0.5910392667272982,-1.2064969183774923,-1.2738332928117913,-1.1640292488496873,-1.2064969183774923,-1.2738332928117913,-1.1640292488496873,-1.516478354156305,-1.583814728590604,-1.4740106846285002,-1.2064969183774923,1.6524712448127297,0,0.2456301221596732,0.2855098537497208,0.5313240673994892,-0.1476847562353687,0.10748653601358063,0.12518815939295055,0.2765873601669293,-1.453120027127002,-1.453120027127002,-0.7301167401035299,-0.7708656334023843,-0.704417249318976,-1.5567702172612803,-1.6436558616926338,-1.501973224322177,-1.5567702172612803,-1.6436558616926338,-1.501973224322177,-1.6565693118176488,-1.2064969183774923,-1.2064969183774923,-1.5567702172612803,-1.5567702172612803,0.775,ok,ok,0,,0
709,Raphael Lavoie,C,f1,VEG,25,0.0,8.567,,,,thin,1.0,1,8477.0,2245.0,ok,0.007121,23.0,5049.0,-1.0461805838149434,,,contract_type,0.775,10,675|487|2|84|343|415|439|319|603|266,-0.6831778900550632,0.5529307666910094,-0.29669593176858927,-0.5910392667272982,-0.36300269375988015,0.030922243353360034,0.20304823031456637,-0.36300269375988015,0.030922243353360034,0.20304823031456637,-0.6459350904668124,-0.252010153353572,-0.07988416639236612,-0.36300269375988015,0.9607262708529704,0,0.19508313098770744,0.3733590395188655,-0.33610285111915594,-0.29292225070018074,0.07483309551355355,0.046945559772356614,0.0463359893021322,-0.24190109511025976,-0.24190109511025976,-0.3778419564165682,0.03218632017411792,0.2113486811745995,-0.46839057259339373,0.03989966884304521,0.2619977165349243,-0.46839057259339373,0.03989966884304521,0.2619977165349243,-1.0461805838149434,-0.36300269375988015,-0.36300269375988015,-0.46839057259339373,-0.46839057259339373,0.775,ok,ok,0,,0
710,Mitch Marner,R,f1,VEG,28,0.9877,19.95,0.55,0.56,0.6598837209302325,ok,81.0,0,562216.0,55456.0,ok,0.728106,1457.0,257632.0,2.395138892072345,,,contract_type,6.871196971772078,10,386|12|700|65|653|608|453|435|180|291,0.5064282954137538,0.5529307666910094,-0.29669593176858927,-0.5910392667272982,1.8887105966585913,1.6650963087123245,1.757315431782007,1.8887105966585913,1.6650963087123245,1.757315431782007,0.9185868013893435,0.6949725134430768,0.7871916365127595,1.8887105966585913,8.933647015146699,0,0.26552820605223,0.2635475573074346,0.3864296634696016,0.34751117141890164,0.15065735785510226,0.25484732447850456,0.19017616178383534,1.6299435115063003,1.6299435115063003,0.21141540442065215,0.18638483319177596,0.1967075068896877,0.15739254972154929,0.13875802572602705,0.1464429526485006,0.15739254972154929,0.13875802572602705,0.1464429526485006,2.395138892072345,1.8887105966585913,1.8887105966585913,0.15739254972154929,0.15739254972154929,12.0,ok,ok,0,,1
711,Jonas Rondbjerg,R,f1,VEG,26,0.25,12.083,,,,thin,4.0,1,14857.0,2329.0,ok,0.0,12.0,611.0,-1.4285973523938493,,,contract_type,1.775307672701602,10,293|352|163|454|656|707|312|612|344|490,-0.5934974061744197,0.5529307666910094,-0.29669593176858927,-0.5910392667272982,-0.8350999462194296,-0.9278447870349618,-0.8104507246083017,-0.8350999462194296,-0.9278447870349618,-0.8104507246083017,-1.3002279937786003,-1.3929728345941323,-1.2755787721674723,-0.8350999462194296,1.8754739127416709,0,0.14665972889563658,-0.197660667980576,-0.1790131833968573,-0.17057714408092506,0.10798211942757777,0.057005322580718595,0.1677199359071649,-0.7196684153030013,-0.7196684153030013,-0.44527409341494634,-0.4947255094999361,-0.4321311638099729,-1.0775483177024898,-1.197219080045112,-1.0457428704623248,-1.0775483177024898,-1.197219080045112,-1.0457428704623248,-1.4285973523938493,-0.8350999462194296,-0.8350999462194296,-1.0775483177024898,-1.0775483177024898,0.775,ok,ok,0,,0
712,Brandon Saad,L,f1,VEG,33,0.1837,13.383,0.52,0.55,0.5548780487804879,ok,49.0,0,70873.0,7682.0,ok,0.016293,127.0,4371.0,-0.0835727814004121,,,contract_type,2.0553399556659717,10,440|50|517|458|7|728|158|200|417|296,0.019740316114612626,0.5529307666910094,-0.29669593176858927,-0.5910392667272982,-0.10331309751502474,-0.20934795699095682,-0.11094437080704145,-0.10331309751502474,-0.20934795699095682,-0.11094437080704145,-0.6686083552468363,-0.7746432147227684,-0.6762396285388529,-0.10331309751502474,2.2682312222001317,0,0.3530008599365238,0.3513967430765794,-0.5125643718987585,-0.2841820300910539,0.23452108446815761,0.6214697912721422,0.11387113881245148,0.10570003788462184,0.10570003788462184,-0.0455478685346785,-0.092295686146095,-0.048912284480163354,-0.05165654875751237,-0.10467397849547841,-0.055472185403520724,-0.05165654875751237,-0.10467397849547841,-0.055472185403520724,-0.0835727814004121,-0.10331309751502474,-0.10331309751502474,-0.05165654875751237,-0.05165654875751237,2.0,ok,ok,0,,0
713,Colton Sissons,C,f1,VEG,32,0.1667,12.5,0.48,0.52,0.3756345177664975,ok,66.0,0,16071.0,3078.0,ok,0.002037,131.0,5097.0,-0.393809699792616,,,contract_type,1.6798779830971968,10,247|484|245|327|408|244|705|201|604|316,-0.08139697419976429,0.5529307666910094,-0.29669593176858927,-0.5910392667272982,-0.3124127255928517,-0.11330670947308859,-0.025187914000749274,-0.3124127255928517,-0.11330670947308859,-0.025187914000749274,-0.4704910607903964,-0.2713850446706333,-0.18326624919829396,-0.3124127255928517,1.94936327530001,0,0.23189379372815547,0.3294344466342931,-0.288584977132456,-0.16641380039778397,0.0251095596425166,0.2760846015183797,-0.3057353770435035,-0.1801181920497012,-0.1801181920497012,-0.1602639844257715,-0.05812498414675967,-0.012921098042576398,-0.10934609414891033,-0.039657943184728775,-0.008815902138794327,-0.10934609414891033,-0.039657943184728775,-0.008815902138794327,-0.393809699792616,-0.3124127255928517,-0.3124127255928517,-0.10934609414891033,-0.10934609414891033,2.8571,ok,ok,0,,0
714,Cole Smith,R,f1,VEG,30,0.1905,13.289,0.52,0.51,0.2769230769230769,ok,63.0,0,21557.0,1056.0,ok,0.002037,194.0,4931.0,-0.3005769826235476,,,contract_type,2.04108218844848,10,300|79|759|29|707|547|342|395|58|609,0.03069986292084051,0.5529307666910094,-0.29669593176858927,-0.5910392667272982,-0.3312768455443881,-0.3472814536567223,-0.26030998751067175,-0.3312768455443881,-0.3472814536567223,-0.26030998751067175,-1.1125644899339433,-1.1285690980462775,-1.041597631900227,-0.3312768455443881,2.2388773238905446,0,0.385635513687401,0.1756983715382897,-0.5568051511277549,-0.2399814858677527,0.30131471571020396,0.14866093927912727,-0.8913524186012776,-0.0032711130176275582,-0.0032711130176275582,-0.14796560848127277,-0.15511410560594893,-0.11626808880190254,-0.3312768455443881,-0.3472814536567223,-0.26030998751067175,-0.3312768455443881,-0.3472814536567223,-0.26030998751067175,-0.3005769826235476,-0.3312768455443881,-0.3312768455443881,-0.3312768455443881,-0.3312768455443881,1.0,ok,ok,0,,0
715,Reilly Smith,R,f1,VEG,34,0.3768,13.683,0.51,0.49,0.5130890052356021,ok,69.0,0,100721.0,9508.0,ok,0.029532,62.0,9287.0,-0.10684506624830659,,,contract_type,2.742328813586013,10,350|414|289|417|612|397|759|601|90|371,0.1364692284043216,0.5529307666910094,-0.29669593176858927,-0.5910392667272982,-0.2433142946526282,-0.22939492544828208,-0.048162136275491714,-0.2433142946526282,-0.22939492544828208,-0.048162136275491714,-0.6633516357963939,-0.6494322665920479,-0.46819947741925744,-0.2433142946526282,2.5547672194860076,0,0.12230444382544013,0.3733590395188655,0.11376200373170522,-0.027419320653776502,0.15065735785510184,-0.042474554079750856,-0.026154387113440883,-0.33866289323258025,-0.33866289323258025,-0.09523932074781376,-0.08979093034332652,-0.018851868737059116,-0.1216571473263141,-0.11469746272414104,-0.024081068137745857,-0.1216571473263141,-0.11469746272414104,-0.024081068137745857,-0.10684506624830659,-0.2433142946526282,-0.2433142946526282,-0.1216571473263141,-0.1216571473263141,2.0,ok,ok,0,,0
716,Mark Stone,R,f1,VEG,33,1.2167,19.217,0.56,0.59,0.6271186440677966,ok,60.0,0,141151.0,21370.0,ok,0.151731,314.0,38079.0,0.8374542409704396,,,contract_type,7.285547097048188,10,12|225|653|467|345|608|227|210|321|710,0.9569913247392495,0.5529307666910094,-0.29669593176858927,-0.5910392667272982,-0.11953708376880989,-0.085910420489098,0.01786943919707374,-0.11953708376880989,-0.085910420489098,0.01786943919707374,-0.767297675844435,-0.7336710125647232,-0.6298911528785518,-0.11953708376880989,8.599048540970612,0,0.588425049446569,0.9443787470183073,0.7852989111215058,0.1998513872424167,0.6026294314204079,0.7008301423158847,0.29756167756089236,-0.6026287884961548,-0.6026287884961548,-0.013901198859300452,-0.009990689095400887,0.0020780716740850884,-0.01258285092303262,-0.009043202156747159,0.0018809935996919726,-0.01258285092303262,-0.009043202156747159,0.0018809935996919726,0.8374542409704396,-0.11953708376880989,-0.11953708376880989,-0.01258285092303262,-0.01258285092303262,9.5,ok,ok,0,,0
717,Kai Uchacz,C,f1,VEG,22,0.0,12.183,,,,thin,3.0,1,665.0,128.0,ok,0.001018,9.0,191.0,-2.406735673711953,,,contract_type,1.0654789480240818,10,627|228|357|34|226|87|178|184|84|376,-0.5652823969656721,0.5529307666910094,-0.29669593176858927,-0.5910392667272982,-1.841453276746281,-2.296489163432535,-1.932533219857097,-1.841453276746281,-2.296489163432535,-1.932533219857097,-2.385193311497124,-2.8402291981833776,-2.47627325460794,-1.841453276746281,1.7423846006500003,1,0.2533989041134626,-0.06588688932685849,-0.8245571687290962,-0.3800497641437387,-0.034635774156016624,0.04582780834920536,-0.1694360199758604,-1.4268775160569211,-1.4268775160569211,-1.0568580989864826,-1.3180150711707532,-1.1091312556000332,-2.0866326082110835,-2.60225400955528,-2.1898393426142744,-1.0568580989864826,-1.3180150711707532,-1.1091312556000332,-2.406735673711953,-1.841453276746281,-1.841453276746281,-1.0568580989864826,-2.0866326082110835,0.8825,ok,ok,0,,0
718,Rasmus Andersson,D,d1,VEG,29,0.5802,23.201,0.5,0.5,0.5060483870967742,ok,81.0,0,61224.0,21228.0,ok,0.060081,308.0,22517.0,0.5075589047910246,,,contract_type,6.073586743316433,10,578|447|285|469|360|425|572|744|555|215,0.3587227335320837,0.5529307666910094,-0.29669593176858927,-0.5910392667272982,0.14883617125894089,0.0056495772791065975,0.12947859907063972,0.14883617125894089,0.0056495772791065975,0.12947859907063972,-0.4096071726201741,-0.5527937666000082,-0.4289647448084752,0.14883617125894089,7.008356286913769,0,0.14267377271002643,-0.02196229644228609,0.16168115462751176,0.190037368101311,0.25109559642517,0.19113549335887825,0.04013072730500158,0.06121611463920333,0.06121611463920333,0.021236958448709667,0.0008061201582538935,0.018474888229128187,0.03271124643053646,0.001241665336067384,0.02845683496058016,0.03271124643053646,0.001241665336067384,0.02845683496058016,0.5075589047910246,0.14883617125894089,0.14883617125894089,0.03271124643053646,0.03271124643053646,4.55,ok,ok,0,,0
719,Dylan Coghlan,D,d1,VEG,27,0.0,15.05,,,,thin,3.0,1,7609.0,686.0,ok,0.001018,10.0,274.0,-1.7878699735143362,,,contract_type,1.420374681331023,10,769|336|470|262|70|616|19|621|188|379,-0.8998778771649473,0.5529307666910094,-0.29669593176858927,-0.5910392667272982,-0.8879920963493889,-0.16102948967508085,-0.08022021675164104,-0.8879920963493889,-0.16102948967508085,-0.08022021675164104,-1.9221202509942148,-1.1951576443199061,-1.1143483713964666,-0.8879920963493889,1.6755502035007055,0,0.1762300826069748,0.4172836324034379,-0.39351888886381725,-0.041703338334978746,-0.07143413498299653,-0.05322321674483056,-0.08021728431178785,-0.8110463357058447,-0.8110463357058447,-0.5299704505983279,-0.09610544007493418,-0.04787694011438032,-1.1457962533540502,-0.20777998667752365,-0.10350995709889166,-1.1457962533540502,-0.20777998667752365,-0.10350995709889166,-1.7878699735143362,-0.8879920963493889,-0.8879920963493889,-1.1457962533540502,-1.1457962533540502,0.775,ok,ok,0,,0
720,Jeremy Davies,D,d1,VEG,29,,,,,,missing,,1,7477.0,818.0,ok,,8.0,367.0,-2.059343481468664,trends_12mo,trends_12mo=fetch_failed,price_age_proxy,3.381105895244709,10,669|101|336|380|428|470|425|750|536|188,-0.5681987232297148,0.5529307666910094,-0.29669593176858927,-0.5910392667272982,-1.4911447582389494,-1.5377826437871962,-1.0470560120380021,-1.4911447582389494,-1.5377826437871962,-1.0470560120380021,-2.346940535870555,-2.393578421418802,-1.9028517896696078,-1.4911447582389494,2.9324950755218513,0,0.1522446424281141,0.21962296442286217,0.15752167020897756,0.11123651585629801,0.16357084567125435,0.121962648143284,0.1395532102660086,-1.598042099889079,-1.598042099889079,-0.5084901150170195,-0.5243939390123411,-0.3570529481116601,,,,,,,-2.059343481468664,-1.4911447582389494,-1.4911447582389494,,,,low,ok,0,,0
721,Noah Hanifin,D,d1,VEG,29,0.3944,22.6,0.54,0.56,0.6132315521628499,ok,71.0,0,99229.0,10543.0,ok,0.050916,146.0,6465.0,0.13552578664910878,,,contract_type,5.599314640277077,10,172|767|469|261|447|473|725|727|307|619,0.07551189413016089,0.5529307666910094,-0.29669593176858927,-0.5910392667272982,0.060013892518947884,0.41834244099913775,0.5339699555806305,0.060013892518947884,0.41834244099913775,0.5339699555806305,-0.4434374968029915,-0.08510894832280151,0.030518566258691284,0.060013892518947884,6.551239581156007,0,0.3133468515949528,-5.551115123125783e-17,0.0632679926691316,0.3908127215224073,0.4017529542802719,0.48845737191713334,0.5357900691807724,-0.10033204791580881,-0.10033204791580881,0.009160692686552315,0.06385699008817483,0.08150670555791341,0.008165155444754815,0.05691733891144732,0.0726489735483851,0.008165155444754815,0.05691733891144732,0.0726489735483851,0.13552578664910878,0.060013892518947884,0.060013892518947884,0.008165155444754815,0.008165155444754815,7.35,ok,ok,0,,0
722,Ben Hutton,D,d1,VEG,32,0.2727,14.583,0.5,0.54,0.6555555555555556,ok,55.0,0,15265.0,2338.0,ok,0.0,90.0,2097.0,-0.6587640597130856,,,contract_type,1.434380111438932,10,214|505|339|472|693|423|310|102|330|499,-0.4798692532699622,0.5529307666910094,-0.29669593176858927,-0.5910392667272982,-0.1788948064431234,-0.33089586686510564,-0.27746987570438275,-0.1788948064431234,-0.33089586686510564,-0.27746987570438275,-0.6126262034041471,-0.7646272638261291,-0.7112012726654062,-0.1788948064431234,1.4229599940046036,0,0.45873030886502714,0.3513967430765794,0.2574191371918476,-0.09766572229227677,0.40175295428027147,0.8282538045551391,0.8158934917940486,-0.30927029068507,-0.30927029068507,-0.12572019395967968,-0.23254052697143857,-0.1949948535963444,-0.18348185276217785,-0.3393803762719032,-0.284584487901931,-0.18348185276217785,-0.3393803762719032,-0.284584487901931,-0.6587640597130856,-0.1788948064431234,-0.1788948064431234,-0.18348185276217785,-0.18348185276217785,0.975,ok,ok,0,,0
723,Kaedan Korczak,D,d1,VEG,25,0.2051,15.967,0.52,0.55,0.5203252032520326,ok,78.0,0,12973.0,604.0,ok,0.0,109.0,2324.0,-0.7080814641113201,,,contract_type,2.0721147933934954,10,724|473|102|619|218|499|166|618|24|97,-0.48923303770877585,0.5529307666910094,-0.29669593176858927,-0.5910392667272982,-0.21884842640254426,-0.3294205300134247,-0.2586960165787746,-0.21884842640254426,-0.3294205300134247,-0.2586960165787746,-0.9867525887107675,-1.0973246923216478,-1.0266001788869978,-0.21884842640254426,1.8963219467217112,0,0.11069218171966333,-0.08784918576914491,-0.17030860817330218,-0.12638359000798077,0.025109559642516932,0.1911354933588787,0.0633666533661565,-0.12354856915372797,-0.12354856915372797,-0.11540678880022512,-0.17371550784555034,-0.1364198821966905,-0.26527081988187184,-0.39929761213748455,-0.31357092918639345,-0.26527081988187184,-0.39929761213748455,-0.31357092918639345,-0.7080814641113201,-0.21884842640254426,-0.21884842640254426,-0.26527081988187184,-0.26527081988187184,0.825,ok,ok,0,,0
724,Jeremy Lauzon,D,d1,VEG,28,0.1912,17.183,0.5,0.53,0.4541984732824427,ok,68.0,0,23431.0,3466.0,ok,0.001018,161.0,4171.0,-0.28519057599200837,,,contract_type,2.674163129271663,10,218|188|617|40|723|619|509|533|336|102,-0.5734036921286657,0.5529307666910094,-0.29669593176858927,-0.5910392667272982,0.28821311613665734,0.5021156727521529,0.5960668769756995,0.28821311613665734,0.5021156727521529,0.5960668769756995,-0.06369505990539337,0.1502074967101019,0.2441587009336487,0.28821311613665734,2.4112049131526816,0,0.13164277295873741,0.19766066798057597,-0.1235932880048154,0.08817633991665286,0.16674797362602084,0.20708512182964167,0.0065932463947177555,0.28390003902002486,0.28390003902002486,0.11953074355667888,0.20824263836441428,0.2472070597253115,0.14410655806832867,0.2510578363760764,0.29803343848784974,0.14410655806832867,0.2510578363760764,0.29803343848784974,-0.28519057599200837,0.28821311613665734,0.28821311613665734,0.14410655806832867,0.14410655806832867,2.0,ok,ok,0,,0
725,Brayden McNabb,D,d1,VEG,35,0.1905,20.517,0.53,0.55,0.4984520123839009,ok,63.0,0,25906.0,3942.0,ok,0.002037,153.0,7721.0,-0.18976906756634543,,,contract_type,4.359157454988223,10,670|308|767|400|509|664|192|17|258|424,0.027929326320869873,0.5529307666910094,-0.29669593176858927,-0.5910392667272982,-0.2176983938872153,-0.29805371745996906,-0.18687832807051316,-0.2176983938872153,-0.29805371745996906,-0.18687832807051316,-1.2865296331552798,-1.3668849567280337,-1.2557095673385776,-0.2176983938872153,4.612518368090131,0,0.24603097773391103,0.2855098537497207,-0.29450381154177746,0.20611937402210523,0.2008764771401358,0.2760846015183801,0.21309174843134687,-0.23766560723645164,-0.23766560723645164,-0.04719729581854347,-0.06461843480601287,-0.04051546533957596,-0.05964339558553844,-0.08165855272875865,-0.0511995419371269,-0.05964339558553844,-0.08165855272875865,-0.0511995419371269,-0.18976906756634543,-0.2176983938872153,-0.2176983938872153,-0.05964339558553844,-0.05964339558553844,3.65,ok,ok,0,,0
726,Jaycob Megna,D,d1,VEG,33,0.0,10.617,,,,thin,4.0,1,23467.0,1939.0,ok,0.001018,13.0,479.0,-1.3700636307056697,,,contract_type,0.775,10,748|471|691|165|596|311|187|238|665|17,-0.8012828198452437,0.5529307666910094,-0.29669593176858927,-0.5910392667272982,-0.568780810860426,-0.5047519553463479,-0.39557009955811473,-0.568780810860426,-0.5047519553463479,-0.39557009955811473,-1.3935898888843044,-1.3295610333702261,-1.2203791775819928,-0.568780810860426,0.775,0,0.2670341954767945,0.4172836324034379,-0.37218433319631905,-0.5138999997578024,-0.11458158236870991,-0.14874762204255584,0.03550800309194191,-0.3595032446462346,-0.3595032446462346,-0.7339107236908722,-0.6512928456081908,-0.5104130316878899,-0.6894312858914254,-0.6118205519349672,-0.4794789085552906,-0.6894312858914254,-0.6118205519349672,-0.4794789085552906,-1.3700636307056697,-0.568780810860426,-0.568780810860426,-0.6894312858914254,-0.6894312858914254,0.825,ok,ok,0,,0
727,Shea Theodore,D,d1,VEG,30,0.5571,22.833,0.54,0.56,0.4790575916230366,ok,70.0,0,66744.0,13017.0,ok,0.026477,221.0,12558.0,0.2670239198561369,,,contract_type,5.866342769109449,10,192|469|668|619|401|284|718|533|558|285,0.041499752745055726,0.5529307666910094,-0.29669593176858927,-0.5910392667272982,0.22552416711108114,0.0924336945492578,0.22038868551745067,0.22552416711108114,0.0924336945492578,0.22038868551745067,-0.7853147470435522,-0.9184052196053755,-0.7904502286371827,0.22552416711108114,6.564489808815069,0,0.30969946470531984,0.043924592884572344,0.257920733328231,0.3640926185173603,0.4770816332078227,0.6795928652760115,0.03558434501792121,0.06260392993661945,0.06260392993661945,0.03435517057368844,0.01408086496305227,0.0335728582016387,0.03037362520014561,0.01244898243087647,0.029681977847468104,0.03037362520014561,0.01244898243087647,0.029681977847468104,0.2670239198561369,0.22552416711108114,0.22552416711108114,0.03037362520014561,0.03037362520014561,7.425,ok,ok,0,,0
728,Anthony Beauvillier,R,f1,WAS,28,0.3415,15.8,0.49,0.5,0.5737179487179487,ok,82.0,0,51325.0,15644.0,ok,0.025458,152.0,7428.0,0.0470287331123978,,,contract_type,3.4153634365624637,10,81|458|223|684|175|314|352|440|581|249,0.14730987970807327,0.5215964969996183,0.40034391838175865,0.12992689675444233,-0.10028114659567547,-0.1571107009327064,-0.06704702660293164,-0.10028114659567547,-0.1571107009327064,-0.06704702660293164,-0.5263199204632247,-0.5831494748002557,-0.4930858004704809,-0.10028114659567547,3.5743223937552133,0,0.18393917743017138,-0.06588688932685863,-0.13278921717184033,0.13729637973994857,0.15919240554060649,0.21796152751451014,0.39050864528726414,-0.09218884522764252,-0.09218884522764252,-0.02805598811424485,-0.04395538052392767,-0.01875796842502824,-0.036465871489336533,-0.05713116397552961,-0.0243807369465206,-0.036465871489336533,-0.05713116397552961,-0.0243807369465206,0.0470287331123978,-0.10028114659567547,-0.10028114659567547,-0.036465871489336533,-0.036465871489336533,2.75,ok,ok,0,,0
729,Pierre-Luc Dubois,C,f1,WAS,27,0.6552,16.817,0.47,0.5,0.5074626865671642,ok,29.0,0,63440.0,23196.0,ok,0.107943,143.0,10370.0,0.23697564872390997,,,contract_type,4.7261645964479,10,485|59|498|590|206|33|315|224|212|705,0.1933893118175256,0.5215964969996183,0.40034391838175865,0.12992689675444233,0.04358633690638436,0.3070843996734693,0.38666510582778973,0.04358633690638436,0.3070843996734693,0.38666510582778973,-0.347653822755113,-0.0841557599880281,-0.004575053833707617,0.04358633690638436,4.731440151966654,0,0.17806626310065268,-0.1537360750960035,0.2665481868740216,-0.008265751490346002,-0.4017529542802721,-0.16989821631900287,0.06819639454427008,-0.05038682200911446,-0.05038682200911446,0.00921206556702771,0.06490294494073388,0.08172249746561201,0.005127804341927572,0.036127576432172855,0.04549001245032821,0.005127804341927572,0.036127576432172855,0.04549001245032821,0.23697564872390997,0.04358633690638436,0.04358633690638436,0.005127804341927572,0.005127804341927572,8.5,ok,ok,0,,0
730,Brandon Duhaime,L,f1,WAS,28,0.1098,11.067,0.4600000000000001,0.49,0.1872909698996655,ok,82.0,0,28355.0,5335.0,ok,0.009165,143.0,13069.0,-0.09351885756123557,,,contract_type,0.983014848009914,10,58|731|53|526|593|547|303|707|317|452,-0.2952842492500427,0.5215964969996183,0.40034391838175865,0.12992689675444233,0.20176539168880714,0.2505627086694459,0.38497354966745384,0.20176539168880714,0.2505627086694459,0.38497354966745384,-0.8433689462270295,-0.7945716292463907,-0.6601607882483829,0.20176539168880714,1.5084471750735653,0,0.477598227491542,-0.021962296442286228,-0.5196201575505484,-0.29157375952048714,-0.4519720735653033,-0.19113549335887858,-1.389325584511749,0.5875083336311321,0.5875083336311321,0.1337570151761975,0.16610638596424582,0.2552118204926063,0.1090623738858417,0.13543930198348428,0.20809381063105611,0.1090623738858417,0.13543930198348428,0.20809381063105611,-0.09351885756123557,0.20176539168880714,0.20176539168880714,0.1090623738858417,0.1090623738858417,1.85,ok,ok,0,,0
731,Ethen Frank,R,f1,WAS,27,0.3871,12.233,0.4699999999999999,0.51,0.3125,ok,62.0,0,22028.0,435.0,ok,0.002037,107.0,4148.0,-0.5627651226556074,,,contract_type,2.239900672911414,10,526|730|540|303|58|547|183|593|707|186,-0.14815758591043704,0.5215964969996183,0.40034391838175865,0.12992689675444233,-0.41460753674517037,-0.5422026569089492,-0.3764532560819203,-0.41460753674517037,-0.5422026569089492,-0.3764532560819203,-1.5538592149601425,-1.6814543351239213,-1.5157049342968925,-0.41460753674517037,2.0197044047219213,0,0.2659826891623424,-0.17569837153828974,0.41675950984957105,0.12528481941711933,-0.125547798212587,0.3397964326380055,-0.4128092033184818,-0.5156272473911407,-0.5156272473911407,-0.20528129550831709,-0.2684564412699794,-0.18639027334980313,-0.5349774667679618,-0.6996163314954184,-0.48574613687989715,-0.5349774667679618,-0.6996163314954184,-0.48574613687989715,-0.5627651226556074,-0.41460753674517037,-0.41460753674517037,-0.5349774667679618,-0.5349774667679618,0.775,ok,ok,0,,0
732,David Kampf,C,f1,WAS,31,0.15,14.735,0.49,0.47,0.3763440860215054,ok,40.0,0,48885.0,26600.0,ok,0.027495,151.0,11658.0,0.13653419094883676,,,contract_type,2.4518501473027423,10,604|347|757|182|242|606|222|272|590|661,0.041030786016865516,0.5215964969996183,0.40034391838175865,0.12992689675444233,0.09550340493197124,-0.03878797364331107,0.08051887573586203,0.09550340493197124,-0.03878797364331107,0.08051887573586203,-0.6383506471775295,-0.7726420257528119,-0.6533351763736388,0.09550340493197124,2.7995129737646143,0,0.2680500639866595,0.0878491857691448,-0.5722208723859312,-0.18551742544344813,-0.22598603678265283,-0.29732187855825504,-0.23940498498052498,0.34676543968518303,0.34676543968518303,0.03411429267410898,-0.01385525768475056,0.02876174409278952,0.08682127721088294,-0.03526179422119187,0.07319897794169274,0.08682127721088294,-0.03526179422119187,0.07319897794169274,0.13653419094883676,0.09550340493197124,0.09550340493197124,0.08682127721088294,0.08682127721088294,1.1,ok,ok,0,,0
733,Hendrix Lapierre,C,f1,WAS,23,0.2162,8.833,0.54,0.55,0.5,ok,74.0,0,15476.0,2353.0,ok,0.003055,103.0,3086.0,-0.558721290109071,,,contract_type,0.775,10,439|151|603|302|155|2|129|610|343|319,-0.4444586884234999,0.5215964969996183,0.40034391838175865,0.12992689675444233,-0.11426260168557112,-0.02116569484004094,0.08776476328418173,-0.11426260168557112,-0.02116569484004094,0.08776476328418173,-0.09140523962123959,0.0016916672242904946,0.11062212534851343,-0.11426260168557112,1.0850433411473064,0,0.30105839628662684,0.13177377865371698,0.05567717113853299,-0.26018388150427874,0.4946473119928301,0.6225875426952933,-0.24148069173510878,-0.05853564509243835,-0.05853564509243835,-0.10530694706144345,-0.019506773635107232,0.08088595169975493,-0.13442659021831896,-0.024900817458871693,0.10325266268727262,-0.13442659021831896,-0.024900817458871693,0.10325266268727262,-0.558721290109071,-0.11426260168557112,-0.11426260168557112,-0.13442659021831896,-0.13442659021831896,0.85,ok,ok,0,,0
734,Ryan Leonard,R,f1,WAS,21,0.6,14.417,0.46,0.45,0.4579831932773109,ok,75.0,0,82856.0,12079.0,ok,0.084521,316.0,20101.0,0.5434146864690217,,,contract_type,3.6787970557432756,10,63|588|354|635|207|232|441|489|454|656,-0.33478524372299656,0.5215964969996183,0.40034391838175865,0.12992689675444233,0.8781999301920183,0.757990924635856,0.8944486145860696,0.8781999301920183,0.757990924635856,0.8944486145860696,0.1800834738625715,0.05987446830640925,0.19633215825662287,0.8781999301920183,3.1243240882105803,1,0.39603959543302497,-0.39532133596115204,0.18755327307197028,-0.04291997906989997,-0.6021338480064089,-0.5991147628091144,-0.5491943736796047,0.9018706428277675,0.9018706428277675,0.28108477398546605,0.24260957033749542,0.2862854778610226,0.924420979149493,0.797885183827217,0.9415248574590207,0.28108477398546605,0.24260957033749542,0.2862854778610226,0.5434146864690217,0.8781999301920183,0.8781999301920183,0.28108477398546605,0.924420979149493,0.95,ok,ok,0,,0
735,Connor McMichael,L,f1,WAS,25,0.5897,16.9,0.47,0.47,0.4952380952380952,ok,78.0,0,26857.0,5120.0,ok,0.019348,198.0,17672.0,0.04730343350944789,,,contract_type,4.561075734434616,10,412|63|454|656|128|679|431|492|539|175,-0.19918210889698446,0.5215964969996183,0.40034391838175865,0.12992689675444233,0.24648554240643233,0.08399578553648869,0.1989320244061209,0.24648554240643233,0.08399578553648869,0.1989320244061209,-0.8405750669316897,-1.0030648238016333,-0.8881285849320011,0.24648554240643233,4.684672138576231,0,0.1362414512705308,-0.17569837153828982,0.014235088080369107,0.008322685758468923,-0.2842446203391938,-0.2011952561672406,-0.13375268573962273,0.27049308989350385,0.27049308989350385,0.05261532400031401,0.01792991762322491,0.04246444970353474,0.11737406781258682,0.039997993112613664,0.09472953543148614,0.11737406781258682,0.039997993112613664,0.09472953543148614,0.04730343350944789,0.24648554240643233,0.24648554240643233,0.11737406781258682,0.11737406781258682,2.1,ok,ok,0,,0
736,Ivan Miroshnichenko,L,f1,WAS,21,0.2308,9.633,,,,thin,13.0,1,12934.0,21844.0,ok,0.005092,38.0,1461.0,-0.8367687230496716,,,contract_type,0.8170647818516097,10,358|441|88|489|753|207|94|463|344|711,-0.46356868907014465,0.5215964969996183,0.40034391838175865,0.12992689675444233,-0.373200033979527,-0.015011478866976784,0.13463502293687066,-0.373200033979527,-0.015011478866976784,0.13463502293687066,-0.9150872677114824,-0.5568987125989323,-0.40725221079508483,-0.373200033979527,1.2443186165195421,1,0.23657361406972507,-0.3953213359611518,-0.0967077350946769,-0.38129836708789977,0.16673628639811683,0.27496685009522887,0.10441110978127621,-0.20689385830851745,-0.20689385830851745,-0.2999232102010955,-0.01206401533151138,0.10819979798538697,-0.39284214103108106,-0.015801556702080825,0.14172107677565332,-0.2999232102010955,-0.01206401533151138,0.10819979798538697,-0.8367687230496716,-0.373200033979527,-0.373200033979527,-0.2999232102010955,-0.39284214103108106,0.95,ok,ok,0,,0
737,Alex Ovechkin,L,f1,WAS,40,0.7805,17.45,0.5,0.51,0.9807073954983924,ok,82.0,0,1275646.0,1348305.0,ok,3.168142,799.0,163580.0,3.6421405127544975,,,contract_type,5.333124847670597,10,613|760|522|329|230|130|181|524|561|246,0.5490561072081699,0.5215964969996183,0.40034391838175865,0.12992689675444233,3.0930844055463274,3.125295309477982,3.2777181494196967,3.0930844055463274,3.125295309477982,3.2777181494196967,2.7184495425883757,2.75066044652003,2.903083286461745,3.0930844055463274,5.493616778251672,0,0.8276977631884056,1.2738131936526003,0.4794255871550429,0.2381335535103942,0.17576691749761875,0.06371183111962611,2.7353354961951517,2.396341447614776,2.396341447614776,0.5630324302545713,0.5688957631428739,0.5966412077368857,0.3255878321627713,0.32897845362926126,0.34502296309681013,0.3255878321627713,0.32897845362926126,0.34502296309681013,3.6421405127544975,3.0930844055463274,3.0930844055463274,0.3255878321627713,0.3255878321627713,9.5,ok,ok,1,2.0,1
738,Aliaksei Protas,L,f1,WAS,25,0.6842,18.233,0.54,0.5,0.5184135977337111,ok,76.0,0,53764.0,53455.0,ok,0.058045,113.0,5009.0,0.036122690235998345,,,contract_type,5.333455965754152,10,548|297|369|80|650|539|356|580|278|391,0.15776302015469879,0.5215964969996183,0.40034391838175865,0.12992689675444233,-0.12164032991870044,-0.0965609868764719,0.010649398170951889,-0.12164032991870044,-0.0965609868764719,0.010649398170951889,-1.202371590386674,-1.1772922473444456,-1.0700818622970218,-0.12164032991870044,6.036359055518272,0,0.23672250153112775,0.0219622964422862,0.5351361980360017,0.5306063071506775,0.10043823857006906,-0.16989821631900293,0.06229375266872908,-0.43738165147288,-0.43738165147288,-0.020151274766781847,-0.015996561170130947,0.001764208867134321,-0.0360415792351705,-0.028610662778213895,0.003155377235837597,-0.0360415792351705,-0.028610662778213895,0.003155377235837597,0.036122690235998345,-0.12164032991870044,-0.12164032991870044,-0.0360415792351705,-0.0360415792351705,3.375,ok,ok,0,,0
739,Ilya Protas,L,f1,WAS,19,1.0,15.9,,,,thin,4.0,1,288.0,790.0,ok,0.00611,39.0,2846.0,-1.6304848276250095,,,contract_type,5.4186802601077595,10,494|651|345|734|232|3|463|313|225|354,0.801312965628024,0.5215964969996183,0.40034391838175865,0.12992689675444233,-2.4317977932530335,-3.7392770063952034,-2.606853890841751,-2.4317977932530335,-3.7392770063952034,-2.606853890841751,-3.007596466408901,-4.315075679551072,-3.182652563997619,-2.4317977932530335,4.606572867633512,1,0.33623681565989383,-0.8565295612491626,0.2926980654507976,-0.3071563242636169,-0.2942664182666914,-0.15089644212542944,-0.11587408260366508,-2.3556177064138417,-2.3556177064138417,-0.5278973899098001,-0.8117264425942197,-0.5658987637334268,-2.838564016870589,-4.364744959023232,-3.0429017051963942,-0.5278973899098001,-0.8117264425942197,-0.5658987637334268,-1.6304848276250095,-2.4317977932530335,-2.4317977932530335,-0.5278973899098001,-2.838564016870589,0.8567,ok,ok,0,,0
740,Justin Sourdif,C,f1,WAS,23,0.4487,14.733,0.51,0.53,0.3967213114754098,ok,78.0,0,57118.0,1903.0,ok,0.010183,174.0,10938.0,-0.004852673765630387,,,contract_type,3.343152772993917,10,199|206|460|184|59|655|201|10|481|28,-0.02570472345325404,0.5215964969996183,0.40034391838175865,0.12992689675444233,0.020852049687623653,-0.4041579698156376,-0.22832679783518067,0.020852049687623653,-0.4041579698156376,-0.22832679783518067,-1.0204845151960562,-1.4454945346993173,-1.2696633627188603,0.020852049687623653,3.1165671731118265,0,0.19090112208608767,-0.13177377865371742,0.07112633213913486,-0.005518825013191786,0.2094115248256407,0.17548697343475927,-0.5520892984500821,0.0786268055021791,0.0786268055021791,0.00669071081397656,-0.12968049375046664,-0.07326227389066708,0.025275211742574126,-0.48988844826137895,-0.2767597549517341,0.025275211742574126,-0.48988844826137895,-0.2767597549517341,-0.004852673765630387,0.020852049687623653,0.020852049687623653,0.025275211742574126,0.025275211742574126,0.825,ok,ok,0,,0
741,Dylan Strome,C,f1,WAS,28,0.725,18.033,0.4899999999999999,0.5,0.7435233160621761,ok,80.0,0,109257.0,16280.0,ok,0.077393,156.0,25957.0,0.4224231301981881,,,contract_type,5.381757954741644,10,82|614|765|33|688|523|252|212|407|633,0.5194121891010812,0.5215964969996183,0.40034391838175865,0.12992689675444233,-0.09698905890289311,-0.32100732735533694,-0.15362315721517555,-0.09698905890289311,-0.32100732735533694,-0.15362315721517555,-0.3352572660287959,-0.5592755344812397,-0.3918913643410785,-0.09698905890289311,5.927327741115474,0,0.20836435864502043,0.021962296442286214,0.06032529533568376,0.040554623626351094,0.07532867892754774,0.06371183111962594,0.9883034264186277,-0.22768472051014432,-0.22768472051014432,-0.016363032911124394,-0.054157175269496066,-0.025917776766341747,-0.019397811780578623,-0.06420146547106738,-0.030724631443035107,-0.019397811780578623,-0.06420146547106738,-0.030724631443035107,0.4224231301981881,-0.09698905890289311,-0.09698905890289311,-0.019397811780578623,-0.019397811780578623,5.0,ok,ok,0,,0
742,Tom Wilson,R,f1,WAS,31,0.8611,19.467,0.54,0.54,0.4627831715210356,ok,72.0,0,295768.0,55350.0,ok,0.283096,500.0,100642.0,1.4450173629211045,,,contract_type,6.315511785840053,10,12|291|162|395|300|65|650|608|79|386,0.24108439297163303,0.5215964969996183,0.40034391838175865,0.12992689675444233,1.2039329699494714,0.8505297031177377,0.9910428888620127,1.2039329699494714,0.8505297031177377,0.9910428888620127,0.3525119735520654,-0.0008912932796684611,0.13962189246460663,1.2039329699494714,7.882888529846968,0,0.32130566095165375,0.4172836324034382,0.4857122587310454,0.3184686669377156,-0.12554779821258455,-0.10618638519937673,-0.4746352242257619,0.9389564650238141,0.9389564650238141,0.1527273873518599,0.10789569076073806,0.12572077926887187,0.18522045691530328,0.130850723556575,0.15246813674800194,0.18522045691530328,0.130850723556575,0.15246813674800194,1.4450173629211045,1.2039329699494714,1.2039329699494714,0.18522045691530328,0.18522045691530328,6.5,ok,ok,0,,0
743,Declan Chisholm,D,d1,WAS,26,0.2692,13.733,0.48,0.43,0.3518518518518518,ok,26.0,0,13736.0,564.0,ok,0.002037,75.0,2675.0,-0.7948328228619665,,,contract_type,1.001418650209315,10,75|143|451|384|504|770|42|403|422|46,-0.5213619186874421,0.5215964969996183,0.40034391838175865,0.12992689675444233,-0.27347090417452447,-0.1822999779846701,-0.057409855871903843,-0.27347090417452447,-0.1822999779846701,-0.057409855871903843,-0.534768340620201,-0.4435974144303467,-0.3187072923175803,-0.27347090417452447,1.2072512810997955,0,0.2757026072425334,-0.19766066798057597,0.07436998715441256,-0.6955717281332343,-0.17576691749761889,-0.44598281783738203,-0.06486352485197688,-0.052904240559674465,-0.052904240559674465,-0.22652359823995782,-0.1510041702491269,-0.04755418923192524,-0.1709193151090778,-0.11393748624041881,-0.035881159919939905,-0.1709193151090778,-0.11393748624041881,-0.035881159919939905,-0.7948328228619665,-0.27347090417452447,-0.27347090417452447,-0.1709193151090778,-0.1709193151090778,1.6,ok,ok,0,,0
744,Jakob Chychrun,D,d1,WAS,27,0.75,23.333,0.52,0.52,0.6018518518518519,ok,80.0,0,101839.0,14108.0,ok,0.068228,222.0,10400.0,0.37348560049903695,,,contract_type,6.296062304324406,10,771|718|469|169|360|363|578|194|215|447,0.7601069530834014,0.5215964969996183,0.40034391838175865,0.12992689675444233,-0.3866213525843644,-0.0966781436219012,0.011191012567323553,-0.3866213525843644,-0.0966781436219012,0.011191012567323553,-0.7759853735736284,-0.4860421646111651,-0.37817300842194035,-0.3866213525843644,6.872925149632321,0,0.2175811038435309,-0.10981148221143108,0.18341698720411603,-0.10583158554709038,0.3264242753527208,0.12742366223925222,0.4525786305065748,-0.40435828238660027,-0.40435828238660027,-0.05625280999969094,-0.014066520661449828,0.0016282750537334508,-0.04295792806492938,-0.010742015957989022,0.001243445840813728,-0.04295792806492938,-0.010742015957989022,0.001243445840813728,0.37348560049903695,-0.3866213525843644,-0.3866213525843644,-0.04295792806492938,-0.04295792806492938,9.0,ok,ok,0,,0
745,Martin Fehérváry,D,d1,WAS,26,0.3333,19.283,0.4699999999999999,0.48,0.2669172932330827,ok,81.0,0,28210.0,22407.0,ok,0.01222,112.0,5740.0,-0.17757990125926734,,,contract_type,3.866233418617593,10,362|449|359|535|444|42|552|479|259|40,-0.3138959611899689,0.5215964969996183,0.40034391838175865,0.12992689675444233,0.13631605993070153,-0.011559654630119254,0.08268182624773251,0.13631605993070153,-0.011559654630119254,0.08268182624773251,0.06206080326533814,-0.08581491129548251,0.008426569582369172,0.13631605993070153,3.492995345159038,0,0.3169249502363857,-0.17569837153828974,0.23451291363034926,0.3362238008036864,-0.22598603678265478,-0.23361004743862915,-0.695518531224705,0.026464873156838695,0.026464873156838695,0.03902554869408078,-0.003309381630336223,0.023670751912773583,0.05095927474044917,-0.004321366216867011,0.030909093924385986,0.05095927474044917,-0.004321366216867011,0.030909093924385986,-0.17757990125926734,0.13631605993070153,0.13631605993070153,0.05095927474044917,0.05095927474044917,2.675,ok,ok,0,,0
746,Cole Hutson,D,d1,WAS,19,0.7143,17.45,0.48,0.4899999999999999,0.4736842105263157,ok,14.0,1,152072.0,302.0,ok,0.051935,132.0,18404.0,0.07784238821090468,,,contract_type,3.288934139582956,10,478|365|41|68|750|190|445|535|477|363,-0.10347325502523678,0.5215964969996183,0.40034391838175865,0.12992689675444233,0.18131564323614147,-0.19073263005386645,0.009630936039704503,0.18131564323614147,-0.19073263005386645,0.009630936039704503,-0.36999411087638373,-0.7420423841663918,-0.5416788180728206,0.18131564323614147,2.209685353854181,1,0.40328368355119876,-0.8565295612491621,0.7357746525892733,-0.008715248550244137,-0.47195723328077893,-0.32376012140381644,0.022965284233917305,0.035078080912088166,0.035078080912088166,0.08205495996065088,-0.08631664672130196,0.004358510148472505,0.19272496092276942,-0.20273451323752814,0.010236964327917202,0.08205495996065088,-0.08631664672130196,0.004358510148472505,0.07784238821090468,0.18131564323614147,0.18131564323614147,0.08205495996065088,0.19272496092276942,0.9408,ok,ok,0,,0
747,Timothy Liljegren,D,d1,WAS,26,0.234,19.86,0.4299999999999999,0.48,0.3535353535353535,ok,47.0,0,21281.0,7062.0,ok,0.014257,118.0,7352.0,-0.2543549318707597,,,contract_type,4.0668824337305205,10,76|574|573|338|594|510|554|508|639|507,-0.1549338608008629,0.5215964969996183,0.40034391838175865,0.12992689675444233,-0.09942107106989678,0.0826123704933545,0.16754246149211868,-0.09942107106989678,0.0826123704933545,0.16754246149211868,-0.8759045238104222,-0.6938710822471709,-0.6089409912484067,-0.09942107106989678,4.012488434226165,0,0.26374659105847964,-0.2855098537497208,-0.13927652720239603,-0.09114801492375635,-0.5775198717778929,-0.08494910815950169,-0.4040761705376099,-0.010161997575479795,-0.010161997575479795,-0.024777908447497072,0.02058881211685956,0.04175525094676824,-0.03314035702329893,0.02753745683111817,0.05584748716403956,-0.03314035702329893,0.02753745683111817,0.05584748716403956,-0.2543549318707597,-0.09942107106989678,-0.09942107106989678,-0.03314035702329893,-0.03314035702329893,3.0,ok,ok,0,,0
748,Dylan McIlrath,D,d1,WAS,33,0.0,9.317,,,,thin,13.0,1,15460.0,1592.0,ok,0.005092,30.0,1231.0,-1.07950609071361,,,contract_type,0.775,10,726|311|471|165|691|187|596|665|71|238,-0.9687595582904809,0.5215964969996183,0.40034391838175865,0.12992689675444233,-0.11074653242312915,-0.048158300891831624,0.1401744496698918,-0.11074653242312915,-0.048158300891831624,0.1401744496698918,-1.0787515147413043,-1.0161632832100067,-0.8278305326482833,-0.11074653242312915,0.775,0,0.29354835769634985,0.5929820039417277,-0.3412191317102644,-0.7407461826529812,0.03607577548639185,0.021150594276446888,0.029116458110286902,0.1538306610497221,0.1538306610497221,-0.14289875151371503,-0.06213974308623436,0.18087025763857004,-0.13423822111894443,-0.058373698050705004,0.1699084238422931,-0.13423822111894443,-0.058373698050705004,0.1699084238422931,-1.07950609071361,-0.11074653242312915,-0.11074653242312915,-0.13423822111894443,-0.13423822111894443,0.825,ok,ok,0,,0
749,Matt Roy,D,d1,WAS,30,0.2405,20.617,0.5,0.5,0.3669354838709677,ok,79.0,0,18722.0,4986.0,ok,0.004073,100.0,2602.0,-0.5045314623768485,,,contract_type,4.455575594282921,10,406|424|359|383|552|774|43|284|305|444,-0.16705866909670342,0.5215964969996183,0.40034391838175865,0.12992689675444233,-0.3374727932801451,-0.2842695226597566,-0.1682315908020631,-0.3374727932801451,-0.2842695226597566,-0.1682315908020631,-0.6510181133438737,-0.597814842723485,-0.48177691086579155,-0.3374727932801451,4.640944464425952,0,0.07167189995944102,0.1976606679805759,-0.045478049698741585,0.03089043683854431,0.050219119285033705,0.021237277039875616,-0.08454584891387507,-0.34650538902679,-0.34650538902679,-0.07271640414294159,-0.061252515482302476,-0.0362494298502389,-0.05869092057046002,-0.04943817785387071,-0.02925766796557619,-0.05869092057046002,-0.04943817785387071,-0.02925766796557619,-0.5045314623768485,-0.3374727932801451,-0.3374727932801451,-0.05869092057046002,-0.05869092057046002,5.75,ok,ok,0,,0
750,Rasmus Sandin,D,d1,WAS,25,0.3973,19.2,0.4799999999999999,0.49,0.4408602150537634,ok,73.0,0,25713.0,10529.0,ok,0.004073,167.0,9019.0,-0.0731053650097523,,,contract_type,3.8829691915979994,10,669|503|673|557|67|21|73|533|40|239,-0.7214848289389566,0.5215964969996183,0.40034391838175865,0.12992689675444233,0.6483794639292043,0.46465327274300716,0.5736247169099689,0.6483794639292043,0.46465327274300716,0.5736247169099689,-0.8955741756920581,-1.0793003668782553,-0.9703289227112937,0.6483794639292043,3.3790156764158246,0,0.09152906753161456,0.0658868893268586,0.22271300334005378,0.115583681353991,-0.05216639125731276,-0.037100222747210795,-0.0557242171642604,0.5396202771569907,0.5396202771569907,0.19188412425980536,0.13751142854592266,0.1697608924734027,0.14095205737591399,0.10101158103108852,0.12470102541521064,0.14095205737591399,0.10101158103108852,0.12470102541521064,-0.0731053650097523,0.6483794639292043,0.6483794639292043,0.14095205737591399,0.14095205737591399,4.6,ok,ok,0,,0
751,Trevor van Riemsdyk,D,d1,WAS,34,0.2059,16.233,0.48,0.51,0.3505154639175257,ok,68.0,0,31628.0,6008.0,ok,0.002037,69.0,1878.0,-0.5594296841516606,,,contract_type,2.2073354236305667,10,260|341|664|579|221|238|622|17|219|645,0.05745515354933893,0.5215964969996183,0.40034391838175865,0.12992689675444233,-0.6168848377009996,-0.7074813090042101,-0.5496725601434961,-0.6168848377009996,-0.7074813090042101,-0.5496725601434961,-1.1073820922605522,-1.1979785635637628,-1.0401698147030485,-0.6168848377009996,1.9965888430407592,0,0.2220705071028525,-0.06588688932685871,-0.06290015550245065,-0.221602050529702,0.2510955964251689,0.38227098671775606,-0.34866736411517874,-0.4686057015585926,-0.4686057015585926,-0.30896939039361654,-0.3543450177387209,-0.2753058357805693,-0.20562827923366653,-0.23582710300140336,-0.18322418671449867,-0.20562827923366653,-0.23582710300140336,-0.18322418671449867,-0.5594296841516606,-0.6168848377009996,-0.6168848377009996,-0.20562827923366653,-0.20562827923366653,3.0,ok,ok,0,,0
752,Morgan Barron,C,f1,WPG,27,0.3538,12.8,0.47,0.48,0.2787610619469026,ok,65.0,0,26728.0,1346.0,ok,0.002037,167.0,10785.0,-0.18627835522202496,,,contract_type,2.348948433434039,10,629|204|52|10|164|584|631|349|377|35,-0.04752029191641101,-0.9461561371096018,-1.5812890760888514,-0.8703923422865036,-0.13875806330561397,-0.09010155833002813,-0.007710302821646135,-0.13875806330561397,-0.09010155833002813,-0.007710302821646135,1.0605144087267075,1.1091709137022934,1.1915621692106755,-0.13875806330561397,2.190876931230403,0,0.11880113245452723,-0.08784918576914487,0.18248067441620078,0.06832355310449256,-5.551115123125783e-16,0.1486609392791267,-0.22549244215819786,-0.1788618791670801,-0.1788618791670801,-0.06333448553300848,-0.0411257962716449,-0.003519277012659952,-0.07500435854357511,-0.048703545043258446,-0.004167731254943856,-0.07500435854357511,-0.048703545043258446,-0.004167731254943856,-0.18627835522202496,-0.13875806330561397,-0.13875806330561397,-0.07500435854357511,-0.07500435854357511,1.85,ok,ok,0,,0
753,Nikita Chibrikov,R,f1,WPG,22,0.0,9.183,,,,thin,11.0,1,6483.0,7631.0,ok,0.002037,54.0,4400.0,-0.7790485001825826,,,contract_type,0.775,10,94|711|358|736|352|344|398|163|293|441,-0.35063876813307854,-0.9461561371096018,-1.5812890760888514,-0.8703923422865036,-0.4284097320495041,-0.6268523910948632,-0.4496551756272867,-0.4284097320495041,-0.6268523910948632,-0.4496551756272867,1.1029025238218013,0.9044598647764424,1.081657080244019,-0.4284097320495041,1.0632704087733889,1,0.3063725898807171,-0.5051328181725829,-0.7513241328171519,-0.5259365321395153,0.024613976228519567,0.02570828273248101,-0.005519797194051462,0.03380932021219979,0.03380932021219979,-0.40291700823662213,-0.589551242959929,-0.4228982316417687,-0.4891638867886551,-0.7157483342028582,-0.5134222146920377,-0.40291700823662213,-0.589551242959929,-0.4228982316417687,-0.7790485001825826,-0.4284097320495041,-0.4284097320495041,-0.40291700823662213,-0.4891638867886551,0.8758,ok,ok,0,,0
754,Kyle Connor,L,f1,WPG,29,1.122,21.5,0.49,0.4799999999999999,0.7128205128205128,ok,82.0,0,130349.0,13665.0,ok,0.119145,364.0,39670.0,0.8067498439977051,,,contract_type,7.842230326490923,10,525|524|492|65|180|294|128|323|301|634,0.7266471269430408,-0.9461561371096018,-1.5812890760888514,-0.8703923422865036,0.08010271705466432,-0.007250749726601255,0.0924872808620528,0.08010271705466432,-0.007250749726601255,0.0924872808620528,1.2239909645006661,1.1366374977194003,1.2363755283080549,0.08010271705466432,12.102291284852214,0,0.42501355221058157,-0.1537360750960035,0.6181001989937793,0.47212174524617434,-0.2762051560676868,-0.36103370967788206,0.6688844281819635,-0.3015150368304369,-0.3015150368304369,0.006618805907846936,-0.0005991220634126223,0.00764212979882695,0.011214313101774395,-0.001015098871130949,0.0129481416318376,0.011214313101774395,-0.001015098871130949,0.0129481416318376,0.8067498439977051,0.08010271705466432,0.08010271705466432,0.011214313101774395,0.011214313101774395,7.1429,ok,ok,0,,0
755,Alex Iafallo,L,f1,WPG,32,0.3671,15.583,0.49,0.45,0.5718954248366013,ok,79.0,0,25714.0,3122.0,ok,0.003055,158.0,8150.0,-0.18867646230141888,,,contract_type,3.41202095582003,10,371|387|682|582|136|417|397|612|684|581,0.22119176710256241,-0.9461561371096018,-1.5812890760888514,-0.8703923422865036,-0.40986822940398127,-0.3462316454255592,-0.27875848445715273,-0.40986822940398127,-0.3462316454255592,-0.27875848445715273,0.9222173874694186,0.9858539714478407,1.0533271324162472,-0.40986822940398127,3.480837770141721,0,0.18620831891485431,0.1756983715382897,-0.01778994297039016,0.1265334223612803,-0.05021911928503395,-0.4459828178373817,0.30102623949674995,-0.5011292225493845,-0.5011292225493845,-0.11774987990528892,-0.0994679063745802,-0.08008373353343703,-0.11178122818992044,-0.09442595397102549,-0.0760243500851318,-0.11178122818992044,-0.09442595397102549,-0.0760243500851318,-0.18867646230141888,-0.40986822940398127,-0.40986822940398127,-0.11178122818992044,-0.11178122818992044,3.6667,ok,ok,0,,0
756,Cole Koepke,L,f1,WPG,27,0.2576,10.467,0.47,0.44,0.3885350318471338,ok,66.0,0,23126.0,256.0,ok,0.005092,134.0,5177.0,-0.488167337865538,,,contract_type,1.2037754070746023,10,438|88|89|433|6|29|207|489|275|707,-0.2955480285588295,-0.9461561371096018,-1.5812890760888514,-0.8703923422865036,-0.1926193093067085,-0.3224007123350522,-0.22235769085041898,-0.1926193093067085,-0.3224007123350522,-0.22235769085041898,0.9831775969197815,0.8533961938914377,0.953439215376071,-0.1926193093067085,1.441305437450041,0,0.18267999016442618,0.08784918576914486,0.02996200921328862,-0.16154424891555585,-0.15065735785510126,-0.3185591555981293,-0.3475079836353371,-0.16849448942170786,-0.16849448942170786,-0.13364225534838112,-0.2236865996325136,-0.1542752043201991,-0.1926193093067085,-0.3224007123350522,-0.22235769085041898,-0.1926193093067085,-0.3224007123350522,-0.22235769085041898,-0.488167337865538,-0.1926193093067085,-0.1926193093067085,-0.1926193093067085,-0.1926193093067085,1.0,ok,ok,0,,0
757,Adam Lowry,C,f1,WPG,32,0.3,14.967,0.51,0.4799999999999999,0.3412462908011869,ok,70.0,0,110118.0,7335.0,ok,0.015275,237.0,35187.0,0.4617462576574624,,,contract_type,2.9851204286735227,10,701|32|347|732|604|706|661|77|242|164,-0.09539541793679898,-0.9461561371096018,-1.5812890760888514,-0.8703923422865036,0.5571416755942614,0.3382524537103206,0.49680929837247906,0.5571416755942614,0.3382524537103206,0.49680929837247906,1.6451678522730862,1.4262786303891455,1.5848354750513038,0.5571416755942614,3.070016541342969,0,0.14775360141565133,0.0219622964422862,-0.016084516106687374,-0.02095155740302218,0.4519720735653058,0.2760846015183779,0.09946656345822857,0.5671376346256634,0.5671376346256634,0.18147839534132984,0.1101793586956874,0.16182626109081202,0.17142820787515736,0.10407767806471403,0.1528643994992243,0.17142820787515736,0.10407767806471403,0.1528643994992243,0.4617462576574624,0.5571416755942614,0.5571416755942614,0.17142820787515736,0.17142820787515736,3.25,ok,ok,0,,0
758,Vladislav Namestnikov,C,f1,WPG,33,0.2333,13.783,0.5,0.5,0.5678391959798995,ok,60.0,0,33649.0,20729.0,ok,0.01222,162.0,9209.0,0.024439740838038175,,,contract_type,2.350551823510287,10,764|93|408|419|182|266|154|222|604|224,0.19685954073429215,-0.9461561371096018,-1.5812890760888514,-0.8703923422865036,-0.17241979989625397,-0.043675310008351204,0.028525325871054285,-0.17241979989625397,-0.043675310008351204,0.028525325871054285,0.717510143715204,0.8462546336031069,0.9184552694825124,-0.17241979989625397,2.466312926828718,0,0.2488642534557295,0.1537360750960035,-0.4859463369280243,-0.28290845508800955,0.12554779821258508,0.14866093927912763,0.2963859161306269,0.018091670353857614,0.018091670353857614,-0.06990994452514918,-0.017708746336788102,0.011565979953619783,-0.05747326663208466,-0.0145584366694504,0.009508441957018094,-0.05747326663208466,-0.0145584366694504,0.009508441957018094,0.024439740838038175,-0.17241979989625397,-0.17241979989625397,-0.05747326663208466,-0.05747326663208466,3.0,ok,ok,0,,0
759,Nino Niederreiter,R,f1,WPG,33,0.3115,13.767,0.51,0.51,0.4106280193236715,ok,61.0,0,65536.0,47585.0,ok,0.03055,181.0,12591.0,0.2974018731493862,,,contract_type,2.578204947738395,10,289|612|715|417|707|517|440|293|350|296,0.032425977561103735,-0.9461561371096018,-1.5812890760888514,-0.8703923422865036,0.2649758955882825,0.12911755352206306,0.2097899468524274,0.2649758955882825,0.12911755352206306,0.2097899468524274,1.8357614386579817,1.6999030965917623,1.7805754899221264,0.2649758955882825,2.5301133574374357,0,0.2594606496834204,0.3513967430765794,0.03511172954682262,0.1513057047734352,0.1506573578551019,0.12742366223925217,-0.7408687006093312,0.25170487010845066,0.25170487010845066,0.1047288631591815,0.051032319616239115,0.08291721247814292,0.06624397389707062,0.032279388380515764,0.05244748671310685,0.06624397389707062,0.032279388380515764,0.05244748671310685,0.2974018731493862,0.2649758955882825,0.2649758955882825,0.06624397389707062,0.06624397389707062,4.0,ok,ok,0,,0
760,Gustav Nyquist,R,f1,WPG,36,0.2353,12.683,0.47,0.46,0.6388888888888888,ok,51.0,0,35135.0,9634.0,ok,0.011202,163.0,8780.0,-0.02659800904184552,,,contract_type,1.9520371218575594,10,682|417|613|440|601|414|497|136|755|130,0.30702154329314923,-0.9461561371096018,-1.5812890760888514,-0.8703923422865036,-0.33361955233499474,-0.0515097760743486,0.040375469787251754,-0.33361955233499474,-0.0515097760743486,0.040375469787251754,1.0471965771650278,1.329306353425674,1.4211915992872743,-0.33361955233499474,2.059259160359694,0,0.45959124176849714,0.6369065968263001,-0.3520201685137153,-0.3151473831062477,-0.543875264449869,-0.4191567836817498,0.4904412540331007,-0.31026241085951234,-0.31026241085951234,-0.162009502619729,-0.025013741381318563,0.019606793823949437,-0.10265216994922916,-0.015849161869030338,0.01242322147300054,-0.10265216994922916,-0.015849161869030338,0.01242322147300054,-0.02659800904184552,-0.33361955233499474,-0.33361955233499474,-0.10265216994922916,-0.10265216994922916,3.25,ok,ok,0,,0
761,Cole Perfetti,C,f1,WPG,24,0.4706,15.617,0.53,0.52,0.5608856088560885,ok,68.0,0,54602.0,4537.0,ok,0.032587,217.0,27356.0,0.26672457627687346,,,contract_type,3.73361582766853,10,9|178|95|655|272|627|34|228|256|518,-0.5411197348032055,-0.9461561371096018,-1.5812890760888514,-0.8703923422865036,0.807844311080079,0.7524567305347195,0.9465544368262062,0.807844311080079,0.7524567305347195,0.9465544368262062,1.6354230188371233,1.5800354382917636,1.7741331445832502,0.807844311080079,3.6333666846384567,0,0.2974307518534545,0.28550985374972093,0.31082240584544363,0.25186818589616605,0.4353975616082936,0.34538518975376226,0.15560131426734047,0.6001961649289131,0.6001961649289131,0.22234043001923565,0.2070962817257168,0.26051717841421074,0.248567480332332,0.23152514785683678,0.2912475190234481,0.248567480332332,0.23152514785683678,0.2912475190234481,0.26672457627687346,0.807844311080079,0.807844311080079,0.248567480332332,0.248567480332332,3.25,ok,ok,0,,0
762,Isak Rosen,R,f1,WPG,22,0.2703,11.507,0.44,0.46,0.6145833333333334,ok,37.0,0,24424.0,2160.0,ok,0.005092,136.0,12074.0,-0.21303647368852163,,,contract_type,1.624127252532689,10,37|704|328|563|632|635|482|348|495|513,0.380486926397266,-0.9461561371096018,-1.5812890760888514,-0.8703923422865036,-0.5935234000857876,-0.7238205072797735,-0.5509651685597788,-0.5935234000857876,-0.7238205072797735,-0.5509651685597788,1.0123726347941395,0.8820755276001537,1.0549308663201484,-0.5935234000857876,1.71831694222571,1,0.4520257769465786,-0.219622964422862,-0.7816874189395471,-0.5015138585517253,-0.6277389910629234,-0.4459828178373815,-0.1356086108650323,-0.17730581200779116,-0.17730581200779116,-0.3454097352476812,-0.4212380670251786,-0.32064234194543995,-0.663747931207546,-0.809461538000194,-0.6161542927306853,-0.3454097352476812,-0.4212380670251786,-0.32064234194543995,-0.21303647368852163,-0.5935234000857876,-0.5935234000857876,-0.3454097352476812,-0.663747931207546,0.8942,ok,ok,0,,0
763,Mark Scheifele,C,f1,WPG,32,1.2561,21.5,0.49,0.48,0.6976744186046512,ok,82.0,0,260489.0,20352.0,ok,0.188391,414.0,79707.0,1.1661034069016472,,,contract_type,8.242706735975435,10,64|607|514|27|202|636|765|443|33|160,1.0164610139661927,-0.9461561371096018,-1.5812890760888514,-0.8703923422865036,0.14964239293545445,-0.22831611901262455,-0.02313932329618992,0.14964239293545445,-0.22831611901262455,-0.02313932329618992,1.4381291971028807,1.0601706851548016,1.2653474808712364,0.14964239293545445,12.701352453857108,0,0.5183552469370957,0.21962296442286222,1.0397084714950542,0.6280722529718887,-0.12554779821258436,-0.3822709867177566,0.7149090078024277,-0.4848910093765276,-0.4848910093765276,0.011781610933094884,-0.017975732886877746,-0.0018217999524265656,0.017604987404171112,-0.02686071988383818,-0.00272227332896352,0.017604987404171112,-0.02686071988383818,-0.00272227332896352,1.1661034069016472,0.14964239293545445,0.14964239293545445,0.017604987404171112,0.017604987404171112,8.5,ok,ok,0,,0
764,Jonathan Toews,C,f1,WPG,37,0.3537,14.483,0.4799999999999999,0.47,0.6043613707165109,ok,82.0,0,549336.0,71708.0,ok,0.303462,259.0,30361.0,1.2275615905634247,,,contract_type,2.967515674703757,10,373|758|419|93|154|295|416|408|457|625,0.32862632306353035,-0.9461561371096018,-1.5812890760888514,-0.8703923422865036,0.8989352674998944,0.4045910304392249,0.5183051379748616,0.8989352674998944,0.4045910304392249,0.5183051379748616,1.8801777877009211,1.3858335506402515,1.4995476581758882,0.8989352674998944,2.8902605964685955,0,0.3291815609603895,0.6588688932685867,-0.22404627425115348,-0.19091139016222347,-0.15065735785510376,-0.2973218785582553,0.45328357166701394,0.8584072468480584,0.8584072468480584,0.3110222201410626,0.13998427371343813,0.17932816805797439,0.4494676337499472,0.20229551521961245,0.2591525689874308,0.4494676337499472,0.20229551521961245,0.2591525689874308,1.2275615905634247,0.8989352674998944,0.8989352674998944,0.4494676337499472,0.4494676337499472,2.0,ok,ok,0,,0
765,Gabriel Vilardi,C,f1,WPG,26,0.8415,18.733,0.49,0.49,0.654054054054054,ok,82.0,0,32733.0,4476.0,ok,0.040733,234.0,11843.0,0.09627687938140148,,,contract_type,5.987074841006034,10,614|64|688|82|407|33|27|633|741|549,0.7455198568571525,-0.9461561371096018,-1.5812890760888514,-0.8703923422865036,-0.649242977475751,-0.57445390966453,-0.5058540737823104,-0.649242977475751,-0.57445390966453,-0.5058540737823104,0.3057339295704299,0.38052299738165085,0.44912283326387054,-0.649242977475751,6.936454453217541,0,0.12241451345318148,-0.19766066798057594,0.17034204791572805,0.09759080611562743,0.050219119285034,0.1274236622392519,0.09125077718287167,-0.7054162265680224,-0.7054162265680224,-0.09359867953498828,-0.08281664841006259,-0.07292689329887622,-0.08656573033010014,-0.07659385462193734,-0.0674472098376414,-0.08656573033010014,-0.07659385462193734,-0.0674472098376414,0.09627687938140148,-0.649242977475751,-0.649242977475751,-0.08656573033010014,-0.08656573033010014,7.5,ok,ok,0,,0
766,Jacob Bryson,D,d1,WPG,28,0.16,10.863,0.47,0.5,0.3859649122807017,ok,50.0,0,18553.0,918.0,ok,0.002037,117.0,5826.0,-0.46830162796472175,,,contract_type,0.775,10,165|71|471|311|70|477|535|259|69|102,-1.1314826671966867,-0.9461561371096018,-1.5812890760888514,-0.8703923422865036,0.6631810392319649,0.5480098038534809,0.6596153106227509,0.6631810392319649,0.5480098038534809,0.6596153106227509,0.7082071382257423,0.5930359028472585,0.7046414096165285,0.6631810392319649,0.775,0,0.30860670578787935,0.3733590395188657,0.04213407545618719,-0.4299938819101804,-0.3715189947107115,0.1434599734734437,-0.49117426965788746,0.7531301882411912,0.7531301882411912,0.8557174699767289,0.707109424327072,0.8511165298358077,0.7368678213688499,0.6088997820594232,0.7329059006919454,0.7368678213688499,0.6088997820594232,0.7329059006919454,-0.46830162796472175,0.6631810392319649,0.6631810392319649,0.7368678213688499,0.7368678213688499,0.9,ok,ok,0,,0
767,Dylan DeMelo,D,d1,WPG,32,0.2317,21.45,0.5,0.51,0.5352798053527981,ok,82.0,0,19347.0,2861.0,ok,0.001018,171.0,8945.0,-0.2102803920242115,,,contract_type,4.868660675636599,10,261|447|725|721|595|310|509|469|578|425,0.03026142394335334,-0.9461561371096018,-1.5812890760888514,-0.8703923422865036,-0.24054181596756485,-0.25810666866156584,-0.19348335912923842,-0.24054181596756485,-0.25810666866156584,-0.19348335912923842,0.94931315041839,0.931748297724389,0.9963716072567164,-0.24054181596756485,5.46999546613427,0,0.1242054073729441,0.1537360750960034,-0.38723221728781476,0.08657812814812682,0.0,2.7755575615628914e-16,0.11768602370571929,-0.18632125232304475,-0.18632125232304475,-0.04397477428579287,-0.04718590175431604,-0.03537175859232953,-0.049090166523992826,-0.05267483033909506,-0.03948639982229355,-0.049090166523992826,-0.05267483033909506,-0.03948639982229355,-0.2102803920242115,-0.24054181596756485,-0.24054181596756485,-0.049090166523992826,-0.049090166523992826,4.9,ok,ok,0,,0
768,Haydn Fleury,D,d1,WPG,29,0.1053,13.933,0.42,0.38,0.5061728395061729,ok,38.0,0,68126.0,6925.0,ok,0.017312,137.0,10515.0,0.045501449170178634,,,contract_type,0.9522102798297786,10,399|642|263|448|367|145|556|44|423|597,-0.24892391153105403,-0.9461561371096018,-1.5812890760888514,-0.8703923422865036,0.29442536070123265,0.13790831788975905,0.25693315998003835,0.29442536070123265,0.13790831788975905,0.25693315998003835,1.7652334957500018,1.608716452938528,1.7277412950288076,0.29442536070123265,1.3110956971927599,0,0.546355141741348,0.17569837153828977,-0.23598426229707326,-0.41276316128075796,-0.9541632664156445,-1.2954738994323955,-0.2040478894839264,0.41733961961622323,0.41733961961622323,0.22456435585261908,0.10518554685599238,0.19596827335347708,0.309921432317087,0.14516665041027266,0.2704559578737246,0.309921432317087,0.14516665041027266,0.2704559578737246,0.045501449170178634,0.29442536070123265,0.29442536070123265,0.309921432317087,0.309921432317087,0.95,ok,ok,0,,0
769,Ville Heinola,D,d1,WPG,24,0.0,14.1,,,,thin,5.0,1,9877.0,5544.0,ok,0.001018,51.0,2735.0,-0.8102776700548626,,,contract_type,0.9400643825112852,10,719|19|105|470|379|667|336|70|262|621,-1.359302904235985,-0.9461561371096018,-1.5812890760888514,-0.8703923422865036,0.5490252341811224,0.77159111942339,0.8346827776730602,0.5490252341811224,0.77159111942339,0.8346827776730602,0.8848870468560822,1.10745293209835,1.1705445903480203,0.5490252341811224,1.3928710584587656,0,0.15608153240373557,-0.1317737786537173,-0.38683094037870824,-0.1857172019145139,-0.13969114201122662,-0.06379851388305419,-0.028677617581193193,0.7268149443621754,0.7268149443621754,0.39416802499193837,0.553957320555693,0.5992534431698583,0.686281542726403,0.9644888992792374,1.0433534720913251,0.686281542726403,0.9644888992792374,1.0433534720913251,-0.8102776700548626,0.5490252341811224,0.5490252341811224,0.686281542726403,0.686281542726403,0.8,ok,ok,0,,0
770,Colin Miller,D,d1,WPG,33,0.1111,14.283,0.46,0.4,0.3673469387755102,ok,18.0,1,0.0,,,0.003055,123.0,6663.0,-2.2684371529065883,wiki_intl_12mo,wiki_12mo=no_entity_exists|wiki_intl_12mo=fetch_failed,contract_type,1.134486368325436,10,74|743|75|422|46|620|238|47|189|309,-0.10535966157581758,-0.9461561371096018,-1.5812890760888514,-0.8703923422865036,-2.1630774913307707,-2.25610889267899,-2.1655088444029107,-2.1630774913307707,-2.25610889267899,-2.1655088444029107,-1.3104802272843634,-1.403511628632583,-1.3129115803565035,-2.1630774913307707,1.4012917637302045,0,0.5103521554039623,0.3513967430765794,-0.4797599845792986,-0.7347528885210082,-0.37664339463775365,-0.8919656356747641,-0.2275942859343698,-1.8369895719980844,-1.8369895719980844,-1.5436310605099905,-1.6100208044278255,-1.5453661403378116,-1.4420516608871805,-1.5040725951193268,-1.4436725629352738,-1.4420516608871805,-1.5040725951193268,-1.4436725629352738,-2.2684371529065883,-2.1630774913307707,-2.1630774913307707,-1.4420516608871805,-1.4420516608871805,1.5,ok,low,0,,0
771,Josh Morrissey,D,d1,WPG,30,0.7143,24.717,0.5,0.51,0.6175771971496437,ok,77.0,0,55731.0,7806.0,ok,0.035642,233.0,15745.0,0.25849029688220715,,,contract_type,6.963055130659829,10,744|643|718|578|447|469|360|640|381|261,0.5573770042608819,-0.9461561371096018,-1.5812890760888514,-0.8703923422865036,-0.29888670737867473,-0.32141053341403536,-0.2252716060115301,-0.29888670737867473,-0.32141053341403536,-0.2252716060115301,1.106057635728642,1.0835338096932812,1.1796727370957865,-0.29888670737867473,9.08184653555337,0,0.38258610843470836,-0.0439245928845724,0.5656666828705244,0.5415690410004106,0.2008764771401359,0.31855915559813036,0.6249207011144766,-0.671778671518667,-0.671778671518667,-0.03291034551273258,-0.03539043873465445,-0.02480460390182138,-0.047821873180587955,-0.051425685346245656,-0.036043456961844814,-0.047821873180587955,-0.051425685346245656,-0.036043456961844814,0.25849029688220715,-0.29888670737867473,-0.29888670737867473,-0.047821873180587955,-0.047821873180587955,6.25,ok,ok,0,,0
772,Neal Pionk,D,d1,WPG,30,0.2353,22.717,0.49,0.46,0.488262910798122,ok,51.0,0,34405.0,3193.0,ok,0.008147,166.0,10314.0,-0.08278949533698303,,,contract_type,5.512544796879611,10,104|283|168|405|382|287|447|235|380|47,0.17345994977118706,-0.9461561371096018,-1.5812890760888514,-0.8703923422865036,-0.2562494451081701,-0.16998261097145986,-0.060500285912066784,-0.2562494451081701,-0.16998261097145986,-0.060500285912066784,0.9641939078140981,1.0504607419508083,1.1599430670102013,-0.2562494451081701,6.991887429617375,0,0.19473696310764546,0.043924592884572455,-0.003143335788001189,0.5134754747567878,-0.150657357855102,-0.31855915559813,0.13866186176327938,-0.4492742503152094,-0.4492742503152094,-0.036649538152274445,-0.024311405565744647,-0.008652926197837486,-0.03660706358688144,-0.02428323013877998,-0.008642897987438112,-0.03660706358688144,-0.02428323013877998,-0.008642897987438112,-0.08278949533698303,-0.2562494451081701,-0.2562494451081701,-0.03660706358688144,-0.03660706358688144,7.0,ok,ok,0,,0
773,Elias Salomonsson,D,d1,WPG,21,0.1562,17.967,0.51,0.51,0.361344537815126,ok,32.0,0,6832.0,1144.0,ok,0.001018,78.0,3236.0,-0.8319706560021538,,,contract_type,3.0384441109149067,10,236|449|305|553|19|774|213|445|528|503,-0.685545314394881,-0.9461561371096018,-1.5812890760888514,-0.8703923422865036,-0.14642534160727283,-0.2792032372532862,-0.17323229195551706,-0.14642534160727283,-0.2792032372532862,-0.17323229195551706,0.8609206014918424,0.728142705845829,0.8341136511435979,-0.14642534160727283,2.8346780652165764,1,0.2777291515635189,-0.46120822528801053,-0.23573759792397841,-0.04509520739561579,0.2993674437379266,0.21774710173129375,-0.4072193333042884,0.05432149448081533,0.05432149448081533,-0.05165501627998295,-0.09849557192377485,-0.061111804575339566,-0.1796629958371446,-0.3425806592064862,-0.2125549594546222,-0.05165501627998295,-0.09849557192377485,-0.061111804575339566,-0.8319706560021538,-0.14642534160727283,-0.14642534160727283,-0.05165501627998295,-0.1796629958371446,0.815,ok,ok,0,,0
774,Dylan Samberg,D,d1,WPG,27,0.2121,21.817,0.51,0.5,0.351063829787234,ok,66.0,0,18413.0,1983.0,ok,0.002037,169.0,10403.0,-0.2260147017477915,,,contract_type,5.036235337012633,10,749|406|424|284|236|305|403|380|283|450,-0.09620889427919006,-0.9461561371096018,-1.5812890760888514,-0.8703923422865036,-0.12980580746860143,-0.1726109009438496,-0.10014675037171172,-0.12980580746860143,-0.1726109009438496,-0.10014675037171172,1.2579200484455249,1.2151149549702767,1.2875791055424146,-0.12980580746860143,5.905446430356303,0,0.177107093311389,-0.0878491857691449,-0.1721143542642818,0.2797869477276067,0.07532867892755085,0.021237277039875227,-0.4263261161398746,-0.11442391224144023,-0.11442391224144023,-0.021980693415716863,-0.02922910282558184,-0.016958370811208833,-0.02257492303801764,-0.030019287120669494,-0.01741682615160204,-0.02257492303801764,-0.030019287120669494,-0.01741682615160204,-0.2260147017477915,-0.12980580746860143,-0.12980580746860143,-0.02257492303801764,-0.02257492303801764,5.75,ok,ok,0,,0
