player_id,full_name,position,group,line_slot,team_code,nhl_team_code,team_slug,team_city,nhl_player_id,wikipedia_slug,capwages_slug,roster_source,roster_snapshot_date,fetch_date,cur_gp_2025_26,career_nhl_gp,kept,drop_reason
1,Leo Carlsson,C,f1,f1:C,ANA,ANA,anaheim-ducks,Anaheim,8484153,Leo_Carlsson,leo-carlsson,nhl_roster_full,2026-06-17,2026-06-17,70,201,1,kept_played_2025_26
2,Nathan Gaucher,C,f1,f1:C,ANA,ANA,anaheim-ducks,Anaheim,8483444,Nathan_Gaucher,nathan-gaucher,nhl_roster_full,2026-06-17,2026-06-17,3,3,1,kept_played_2025_26
3,Cutter Gauthier,L,f1,f1:L,ANA,ANA,anaheim-ducks,Anaheim,8483445,Cutter_Gauthier,cutter-gauthier,nhl_roster_full,2026-06-17,2026-06-17,76,159,1,kept_played_2025_26
4,Mikael Granlund,C,f1,f1:C,ANA,ANA,anaheim-ducks,Anaheim,8475798,Mikael_Granlund,mikael-granlund,nhl_roster_full,2026-06-17,2026-06-17,58,960,1,kept_played_2025_26
5,Jansen Harkins,C,f1,f1:C,ANA,ANA,anaheim-ducks,Anaheim,8478424,Jansen_Harkins,jansen-harkins,nhl_roster_full,2026-06-17,2026-06-17,44,305,1,kept_played_2025_26
6,Ross Johnston,L,f1,f1:L,ANA,ANA,anaheim-ducks,Anaheim,8477527,Ross_Johnston,ross-johnston,nhl_roster_full,2026-06-17,2026-06-17,62,307,1,kept_played_2025_26
7,Alex Killorn,L,f1,f1:L,ANA,ANA,anaheim-ducks,Anaheim,8473986,Alex_Killorn,alex-killorn,nhl_roster_full,2026-06-17,2026-06-17,82,1032,1,kept_played_2025_26
8,Chris Kreider,L,f1,f1:L,ANA,ANA,anaheim-ducks,Anaheim,8475184,Chris_Kreider,chris-kreider,nhl_roster_full,2026-06-17,2026-06-17,75,958,1,kept_played_2025_26
9,Mason McTavish,C,f1,f1:C,ANA,ANA,anaheim-ducks,Anaheim,8482745,Mason_McTavish,mason-mctavish,nhl_roster_full,2026-06-17,2026-06-17,75,304,1,kept_played_2025_26
10,Nico Myatovic,L,f1,f1:L,ANA,ANA,anaheim-ducks,Anaheim,8484201,Nico_Myatovic,nico-myatovic,nhl_roster_full,2026-06-17,2026-06-17,0,0,0,dropped_never_played_nhl
11,Ryan Poehling,C,f1,f1:C,ANA,ANA,anaheim-ducks,Anaheim,8480068,Ryan_Poehling,ryan-poehling,nhl_roster_full,2026-06-17,2026-06-17,75,358,1,kept_played_2025_26
12,Beckett Sennecke,R,f1,f1:R,ANA,ANA,anaheim-ducks,Anaheim,8484762,Beckett_Sennecke,beckett-sennecke,nhl_roster_full,2026-06-17,2026-06-17,82,82,1,kept_played_2025_26
13,Troy Terry,R,f1,f1:R,ANA,ANA,anaheim-ducks,Anaheim,8478873,Troy_Terry,troy-terry,nhl_roster_full,2026-06-17,2026-06-17,61,488,1,kept_played_2025_26
14,Frank Vatrano,R,f1,f1:R,ANA,ANA,anaheim-ducks,Anaheim,8478366,Frank_Vatrano,frank-vatrano,nhl_roster_full,2026-06-17,2026-06-17,50,695,1,kept_played_2025_26
15,Jeffrey Viel,L,f1,f1:L,ANA,ANA,anaheim-ducks,Anaheim,8479705,Jeffrey_Viel,jeffrey-viel,nhl_roster_full,2026-06-17,2026-06-17,45,99,1,kept_played_2025_26
16,Tim Washe,C,f1,f1:C,ANA,ANA,anaheim-ducks,Anaheim,8485512,Tim_Washe,tim-washe,nhl_roster_full,2026-06-17,2026-06-17,39,41,1,kept_played_2025_26
17,John Carlson,D,d1,d1:D,ANA,ANA,anaheim-ducks,Anaheim,8474590,John_Carlson,john-carlson,nhl_roster_full,2026-06-17,2026-06-17,71,1159,1,kept_played_2025_26
18,Radko Gudas,D,d1,d1:D,ANA,ANA,anaheim-ducks,Anaheim,8475462,Radko_Gudas,radko-gudas,nhl_roster_full,2026-06-17,2026-06-17,56,885,1,kept_played_2025_26
19,Drew Helleson,D,d1,d1:D,ANA,ANA,anaheim-ducks,Anaheim,8481563,Drew_Helleson,drew-helleson,nhl_roster_full,2026-06-17,2026-06-17,60,119,1,kept_played_2025_26
20,Tyson Hinds,D,d1,d1:D,ANA,ANA,anaheim-ducks,Anaheim,8482731,Tyson_Hinds,tyson-hinds,nhl_roster_full,2026-06-17,2026-06-17,6,6,1,kept_played_2025_26
21,Jackson LaCombe,D,d1,d1:D,ANA,ANA,anaheim-ducks,Anaheim,8481605,Jackson_LaCombe,jackson-lacombe,nhl_roster_full,2026-06-17,2026-06-17,82,230,1,kept_played_2025_26
22,Pavel Mintyukov,D,d1,d1:D,ANA,ANA,anaheim-ducks,Anaheim,8483490,Pavel_Mintyukov,pavel-mintyukov,nhl_roster_full,2026-06-17,2026-06-17,73,204,1,kept_played_2025_26
23,Ian Moore,D,d1,d1:D,ANA,ANA,anaheim-ducks,Anaheim,8482178,Ian_Moore,ian-moore,nhl_roster_full,2026-06-17,2026-06-17,67,70,1,kept_played_2025_26
24,Stian Solberg,D,d1,d1:D,ANA,ANA,anaheim-ducks,Anaheim,8484859,Stian_Solberg,stian-solberg,nhl_roster_full,2026-06-17,2026-06-17,0,0,0,dropped_never_played_nhl
25,Jacob Trouba,D,d1,d1:D,ANA,ANA,anaheim-ducks,Anaheim,8476885,Jacob_Trouba,jacob-trouba,nhl_roster_full,2026-06-17,2026-06-17,81,906,1,kept_played_2025_26
26,Noah Warren,D,d1,d1:D,ANA,ANA,anaheim-ducks,Anaheim,8483521,Noah_Warren,noah-warren,nhl_roster_full,2026-06-17,2026-06-17,0,0,0,dropped_never_played_nhl
27,Olen Zellweger,D,d1,d1:D,ANA,ANA,anaheim-ducks,Anaheim,8482803,Olen_Zellweger,olen-zellweger,nhl_roster_full,2026-06-17,2026-06-17,76,164,1,kept_played_2025_26
28,Viktor Arvidsson,L,f1,f1:L,BOS,BOS,boston-bruins,Boston,8478042,Viktor_Arvidsson,viktor-arvidsson,nhl_roster_full,2026-06-17,2026-06-17,69,682,1,kept_played_2025_26
29,Michael Eyssimont,C,f1,f1:C,BOS,BOS,boston-bruins,Boston,8479591,Michael_Eyssimont,michael-eyssimont,nhl_roster_full,2026-06-17,2026-06-17,56,269,1,kept_played_2025_26
30,Morgan Geekie,C,f1,f1:C,BOS,BOS,boston-bruins,Boston,8479987,Morgan_Geekie,morgan-geekie,nhl_roster_full,2026-06-17,2026-06-17,81,414,1,kept_played_2025_26
31,James Hagens,C,f1,f1:C,BOS,BOS,boston-bruins,Boston,8485395,James_Hagens,james-hagens,nhl_roster_full,2026-06-17,2026-06-17,2,2,1,kept_played_2025_26
32,Tanner Jeannot,L,f1,f1:L,BOS,BOS,boston-bruins,Boston,8479661,Tanner_Jeannot,tanner-jeannot,nhl_roster_full,2026-06-17,2026-06-17,77,371,1,kept_played_2025_26
33,Mark Kastelic,C,f1,f1:C,BOS,BOS,boston-bruins,Boston,8480355,Mark_Kastelic,mark-kastelic,nhl_roster_full,2026-06-17,2026-06-17,82,287,1,kept_played_2025_26
34,Marat Khusnutdinov,C,f1,f1:C,BOS,BOS,boston-bruins,Boston,8482177,Marat_Khusnutdinov,marat-khusnutdinov,nhl_roster_full,2026-06-17,2026-06-17,77,168,1,kept_played_2025_26
35,Sean Kuraly,C,f1,f1:C,BOS,BOS,boston-bruins,Boston,8476374,Sean_Kuraly,sean-kuraly,nhl_roster_full,2026-06-17,2026-06-17,82,644,1,kept_played_2025_26
36,Elias Lindholm,C,f1,f1:C,BOS,BOS,boston-bruins,Boston,8477496,Elias_Lindholm,elias-lindholm,nhl_roster_full,2026-06-17,2026-06-17,69,969,1,kept_played_2025_26
37,Fraser Minten,C,f1,f1:C,BOS,BOS,boston-bruins,Boston,8483489,Fraser_Minten,fraser-minten,nhl_roster_full,2026-06-17,2026-06-17,82,107,1,kept_played_2025_26
38,Casey Mittelstadt,C,f1,f1:C,BOS,BOS,boston-bruins,Boston,8479999,Casey_Mittelstadt,casey-mittelstadt,nhl_roster_full,2026-06-17,2026-06-17,71,509,1,kept_played_2025_26
39,David Pastrnak,R,f1,f1:R,BOS,BOS,boston-bruins,Boston,8477956,David_Pastrnak,david-pastrnak,nhl_roster_full,2026-06-17,2026-06-17,77,833,1,kept_played_2025_26
40,Lukas Reichel,L,f1,f1:L,BOS,BOS,boston-bruins,Boston,8482117,Lukas_Reichel,lukas-reichel,nhl_roster_full,2026-06-17,2026-06-17,29,198,1,kept_played_2025_26
41,Alex Steeves,C,f1,f1:C,BOS,BOS,boston-bruins,Boston,8482634,Alex_Steeves,alex-steeves,nhl_roster_full,2026-06-17,2026-06-17,43,57,1,kept_played_2025_26
42,Pavel Zacha,C,f1,f1:C,BOS,BOS,boston-bruins,Boston,8478401,Pavel_Zacha,pavel-zacha,nhl_roster_full,2026-06-17,2026-06-17,78,706,1,kept_played_2025_26
43,Jonathan Aspirot,D,d1,d1:D,BOS,BOS,boston-bruins,Boston,8481219,Jonathan_Aspirot,jonathan-aspirot,nhl_roster_full,2026-06-17,2026-06-17,61,61,1,kept_played_2025_26
44,Jordan Harris,D,d1,d1:D,BOS,BOS,boston-bruins,Boston,8480887,Jordan_Harris,jordan-harris,nhl_roster_full,2026-06-17,2026-06-17,8,172,1,kept_played_2025_26
45,Henri Jokiharju,D,d1,d1:D,BOS,BOS,boston-bruins,Boston,8480035,Henri_Jokiharju,henri-jokiharju,nhl_roster_full,2026-06-17,2026-06-17,41,448,1,kept_played_2025_26
46,Hampus Lindholm,D,d1,d1:D,BOS,BOS,boston-bruins,Boston,8476854,Hampus_Lindholm,hampus-lindholm,nhl_roster_full,2026-06-17,2026-06-17,67,829,1,kept_played_2025_26
47,Mason Lohrei,D,d1,d1:D,BOS,BOS,boston-bruins,Boston,8482511,Mason_Lohrei,mason-lohrei,nhl_roster_full,2026-06-17,2026-06-17,73,191,1,kept_played_2025_26
48,Charlie McAvoy,D,d1,d1:D,BOS,BOS,boston-bruins,Boston,8479325,Charlie_McAvoy,charlie-mcavoy,nhl_roster_full,2026-06-17,2026-06-17,69,573,1,kept_played_2025_26
49,Andrew Peeke,D,d1,d1:D,BOS,BOS,boston-bruins,Boston,8479369,Andrew_Peeke,andrew-peeke,nhl_roster_full,2026-06-17,2026-06-17,77,386,1,kept_played_2025_26
50,Nikita Zadorov,D,d1,d1:D,BOS,BOS,boston-bruins,Boston,8477507,Nikita_Zadorov,nikita-zadorov,nhl_roster_full,2026-06-17,2026-06-17,81,804,1,kept_played_2025_26
51,Zach Benson,L,f1,f1:L,BUF,BUF,buffalo-sabres,Buffalo,8484145,Zach_Benson,zach-benson,nhl_roster_full,2026-06-17,2026-06-17,65,211,1,kept_played_2025_26
52,Sam Carrick,C,f1,f1:C,BUF,BUF,buffalo-sabres,Buffalo,8475842,Sam_Carrick,sam-carrick,nhl_roster_full,2026-06-17,2026-06-17,73,393,1,kept_played_2025_26
53,Justin Danforth,R,f1,f1:R,BUF,BUF,buffalo-sabres,Buffalo,8479941,Justin_Danforth,justin-danforth,nhl_roster_full,2026-06-17,2026-06-17,4,187,1,kept_played_2025_26
54,Josh Doan,R,f1,f1:R,BUF,BUF,buffalo-sabres,Buffalo,8482659,Josh_Doan,josh-doan,nhl_roster_full,2026-06-17,2026-06-17,82,144,1,kept_played_2025_26
55,Josh Dunne,C,f1,f1:C,BUF,BUF,buffalo-sabres,Buffalo,8482623,Josh_Dunne,josh-dunne,nhl_roster_full,2026-06-17,2026-06-17,34,50,1,kept_played_2025_26
56,Riley Fiddler-Schultz,C,f1,f1:C,BUF,BUF,buffalo-sabres,Buffalo,8483090,Riley_Fiddler-Schultz,riley-fiddler-schultz,nhl_roster_full,2026-06-17,2026-06-17,0,0,0,dropped_never_played_nhl
57,Jordan Greenway,L,f1,f1:L,BUF,BUF,buffalo-sabres,Buffalo,8478413,Jordan_Greenway,jordan-greenway,nhl_roster_full,2026-06-17,2026-06-17,40,475,1,kept_played_2025_26
58,Konsta Helenius,C,f1,f1:C,BUF,BUF,buffalo-sabres,Buffalo,8484797,Konsta_Helenius,konsta-helenius,nhl_roster_full,2026-06-17,2026-06-17,9,9,1,kept_played_2025_26
59,Tyson Kozak,C,f1,f1:C,BUF,BUF,buffalo-sabres,Buffalo,8482896,Tyson_Kozak,tyson-kozak,nhl_roster_full,2026-06-17,2026-06-17,46,67,1,kept_played_2025_26
60,Peyton Krebs,C,f1,f1:C,BUF,BUF,buffalo-sabres,Buffalo,8481522,Peyton_Krebs,peyton-krebs,nhl_roster_full,2026-06-17,2026-06-17,82,378,1,kept_played_2025_26
61,Jiri Kulich,C,f1,f1:C,BUF,BUF,buffalo-sabres,Buffalo,8483468,Jiri_Kulich,jiri-kulich,nhl_roster_full,2026-06-17,2026-06-17,12,75,1,kept_played_2025_26
62,Beck Malenstyn,L,f1,f1:L,BUF,BUF,buffalo-sabres,Buffalo,8479359,Beck_Malenstyn,beck-malenstyn,nhl_roster_full,2026-06-17,2026-06-17,81,262,1,kept_played_2025_26
63,Ryan McLeod,C,f1,f1:C,BUF,BUF,buffalo-sabres,Buffalo,8480802,Ryan_McLeod,ryan-mcleod,nhl_roster_full,2026-06-17,2026-06-17,81,379,1,kept_played_2025_26
64,Josh Norris,C,f1,f1:C,BUF,BUF,buffalo-sabres,Buffalo,8480064,Josh_Norris,josh-norris,nhl_roster_full,2026-06-17,2026-06-17,44,283,1,kept_played_2025_26
65,Noah Ostlund,C,f1,f1:C,BUF,BUF,buffalo-sabres,Buffalo,8483500,Noah_Ostlund,noah-ostlund,nhl_roster_full,2026-06-17,2026-06-17,60,68,1,kept_played_2025_26
66,Tanner Pearson,L,f1,f1:L,BUF,BUF,buffalo-sabres,Buffalo,8476871,Tanner_Pearson,tanner-pearson,nhl_roster_full,2026-06-17,2026-06-17,56,778,1,kept_played_2025_26
67,Jack Quinn,R,f1,f1:R,BUF,BUF,buffalo-sabres,Buffalo,8482097,Jack_Quinn,jack-quinn,nhl_roster_full,2026-06-17,2026-06-17,82,260,1,kept_played_2025_26
68,Tage Thompson,C,f1,f1:C,BUF,BUF,buffalo-sabres,Buffalo,8479420,Tage_Thompson,tage-thompson,nhl_roster_full,2026-06-17,2026-06-17,81,529,1,kept_played_2025_26
69,Alex Tuch,R,f1,f1:R,BUF,BUF,buffalo-sabres,Buffalo,8477949,Alex_Tuch,alex-tuch,nhl_roster_full,2026-06-17,2026-06-17,79,615,1,kept_played_2025_26
70,Anton Wahlberg,C,f1,f1:C,BUF,BUF,buffalo-sabres,Buffalo,8484238,Anton_Wahlberg,anton-wahlberg,nhl_roster_full,2026-06-17,2026-06-17,0,0,0,dropped_never_played_nhl
71,Jason Zucker,L,f1,f1:L,BUF,BUF,buffalo-sabres,Buffalo,8475722,Jason_Zucker,jason-zucker,nhl_roster_full,2026-06-17,2026-06-17,62,832,1,kept_played_2025_26
72,Bowen Byram,D,d1,d1:D,BUF,BUF,buffalo-sabres,Buffalo,8481524,Bowen_Byram,bowen-byram,nhl_roster_full,2026-06-17,2026-06-17,82,328,1,kept_played_2025_26
73,Rasmus Dahlin,D,d1,d1:D,BUF,BUF,buffalo-sabres,Buffalo,8480839,Rasmus_Dahlin,rasmus-dahlin,nhl_roster_full,2026-06-17,2026-06-17,77,586,1,kept_played_2025_26
74,Ryan Johnson,D,d1,d1:D,BUF,BUF,buffalo-sabres,Buffalo,8481564,Ryan_Johnson,ryan-johnson,nhl_roster_full,2026-06-17,2026-06-17,3,47,1,kept_played_2025_26
75,Michael Kesselring,D,d1,d1:D,BUF,BUF,buffalo-sabres,Buffalo,8480891,Michael_Kesselring,michael-kesselring,nhl_roster_full,2026-06-17,2026-06-17,34,190,1,kept_played_2025_26
76,Vsevolod Komarov,D,d1,d1:D,BUF,BUF,buffalo-sabres,Buffalo,8483732,Vsevolod_Komarov,vsevolod-komarov,nhl_roster_full,2026-06-17,2026-06-17,0,0,0,dropped_never_played_nhl
77,Zach Metsa,D,d1,d1:D,BUF,BUF,buffalo-sabres,Buffalo,8484305,Zach_Metsa,zach-metsa,nhl_roster_full,2026-06-17,2026-06-17,43,43,1,kept_played_2025_26
78,Radim Mrtka,D,d1,d1:D,BUF,BUF,buffalo-sabres,Buffalo,8485404,Radim_Mrtka,radim-mrtka,nhl_roster_full,2026-06-17,2026-06-17,0,0,0,dropped_never_played_nhl
79,Owen Power,D,d1,d1:D,BUF,BUF,buffalo-sabres,Buffalo,8482671,Owen_Power,owen-power,nhl_roster_full,2026-06-17,2026-06-17,81,323,1,kept_played_2025_26
80,Mattias Samuelsson,D,d1,d1:D,BUF,BUF,buffalo-sabres,Buffalo,8480807,Mattias_Samuelsson,mattias-samuelsson,nhl_roster_full,2026-06-17,2026-06-17,78,290,1,kept_played_2025_26
81,Luke Schenn,D,d1,d1:D,BUF,BUF,buffalo-sabres,Buffalo,8474568,Luke_Schenn,luke-schenn,nhl_roster_full,2026-06-17,2026-06-17,50,1122,1,kept_played_2025_26
82,Logan Stanley,D,d1,d1:D,BUF,BUF,buffalo-sabres,Buffalo,8479378,Logan_Stanley,logan-stanley,nhl_roster_full,2026-06-17,2026-06-17,76,278,1,kept_played_2025_26
83,Conor Timmins,D,d1,d1:D,BUF,BUF,buffalo-sabres,Buffalo,8479982,Conor_Timmins,conor-timmins,nhl_roster_full,2026-06-17,2026-06-17,39,198,1,kept_played_2025_26
84,Mikael Backlund,C,f1,f1:C,CGY,CGY,calgary-flames,Calgary,8474150,Mikael_Backlund,mikael-backlund,nhl_roster_full,2026-06-17,2026-06-17,82,1148,1,kept_played_2025_26
85,John Beecher,C,f1,f1:C,CGY,CGY,calgary-flames,Calgary,8481556,John_Beecher,john-beecher,nhl_roster_full,2026-06-17,2026-06-17,35,165,1,kept_played_2025_26
86,Blake Coleman,L,f1,f1:L,CGY,CGY,calgary-flames,Calgary,8476399,Blake_Coleman,blake-coleman,nhl_roster_full,2026-06-17,2026-06-17,69,693,1,kept_played_2025_26
87,Matt Coronato,R,f1,f1:R,CGY,CGY,calgary-flames,Calgary,8482679,Matt_Coronato,matt-coronato,nhl_roster_full,2026-06-17,2026-06-17,80,192,1,kept_played_2025_26
88,Joel Farabee,L,f1,f1:L,CGY,CGY,calgary-flames,Calgary,8480797,Joel_Farabee,joel-farabee,nhl_roster_full,2026-06-17,2026-06-17,82,497,1,kept_played_2025_26
89,Morgan Frost,C,f1,f1:C,CGY,CGY,calgary-flames,Calgary,8480028,Morgan_Frost,morgan-frost,nhl_roster_full,2026-06-17,2026-06-17,82,392,1,kept_played_2025_26
90,Matvei Gridin,R,f1,f1:R,CGY,CGY,calgary-flames,Calgary,8484860,Matvei_Gridin,matvei-gridin,nhl_roster_full,2026-06-17,2026-06-17,37,37,1,kept_played_2025_26
91,Tyson Gross,C,f1,f1:C,CGY,CGY,calgary-flames,Calgary,8486056,Tyson_Gross,tyson-gross,nhl_roster_full,2026-06-17,2026-06-17,6,6,1,kept_played_2025_26
92,Samuel Honzek,L,f1,f1:L,CGY,CGY,calgary-flames,Calgary,8484180,Samuel_Honzek,samuel-honzek,nhl_roster_full,2026-06-17,2026-06-17,18,23,1,kept_played_2025_26
93,Jonathan Huberdeau,L,f1,f1:L,CGY,CGY,calgary-flames,Calgary,8476456,Jonathan_Huberdeau,jonathan-huberdeau,nhl_roster_full,2026-06-17,2026-06-17,50,962,1,kept_played_2025_26
94,Rory Kerins,C,f1,f1:C,CGY,CGY,calgary-flames,Calgary,8482209,Rory_Kerins,rory-kerins,nhl_roster_full,2026-06-17,2026-06-17,4,9,1,kept_played_2025_26
95,Adam Klapka,R,f1,f1:R,CGY,CGY,calgary-flames,Calgary,8483609,Adam_Klapka,adam-klapka,nhl_roster_full,2026-06-17,2026-06-17,79,116,1,kept_played_2025_26
96,Ryan Lomberg,L,f1,f1:L,CGY,CGY,calgary-flames,Calgary,8479066,Ryan_Lomberg,ryan-lomberg,nhl_roster_full,2026-06-17,2026-06-17,57,394,1,kept_played_2025_26
97,Victor Olofsson,L,f1,f1:L,CGY,CGY,calgary-flames,Calgary,8478109,Victor_Olofsson,victor-olofsson,nhl_roster_full,2026-06-17,2026-06-17,78,448,1,kept_played_2025_26
98,Martin Pospisil,C,f1,f1:C,CGY,CGY,calgary-flames,Calgary,8481028,Martin_Pospisil,martin-pospisil,nhl_roster_full,2026-06-17,2026-06-17,22,166,1,kept_played_2025_26
99,Yegor Sharangovich,C,f1,f1:C,CGY,CGY,calgary-flames,Calgary,8481068,Yegor_Sharangovich,yegor-sharangovich,nhl_roster_full,2026-06-17,2026-06-17,78,438,1,kept_played_2025_26
100,Ryan Strome,C,f1,f1:C,CGY,CGY,calgary-flames,Calgary,8476458,Ryan_Strome,ryan-strome,nhl_roster_full,2026-06-17,2026-06-17,52,916,1,kept_played_2025_26
101,Aydar Suniev,L,f1,f1:L,CGY,CGY,calgary-flames,Calgary,8484234,Aydar_Suniev,aydar-suniev,nhl_roster_full,2026-06-17,2026-06-17,6,7,1,kept_played_2025_26
102,Connor Zary,C,f1,f1:C,CGY,CGY,calgary-flames,Calgary,8482074,Connor_Zary,connor-zary,nhl_roster_full,2026-06-17,2026-06-17,74,191,1,kept_played_2025_26
103,Kevin Bahl,D,d1,d1:D,CGY,CGY,calgary-flames,Calgary,8480860,Kevin_Bahl,kevin-bahl,nhl_roster_full,2026-06-17,2026-06-17,76,297,1,kept_played_2025_26
104,Jake Bean,D,d1,d1:D,CGY,CGY,calgary-flames,Calgary,8479402,Jake_Bean,jake-bean,nhl_roster_full,2026-06-17,2026-06-17,16,277,1,kept_played_2025_26
105,Hunter Brzustewicz,D,d1,d1:D,CGY,CGY,calgary-flames,Calgary,8484150,Hunter_Brzustewicz,hunter-brzustewicz,nhl_roster_full,2026-06-17,2026-06-17,34,35,1,kept_played_2025_26
106,Joel Hanley,D,d1,d1:D,CGY,CGY,calgary-flames,Calgary,8477810,Joel_Hanley,joel-hanley,nhl_roster_full,2026-06-17,2026-06-17,68,314,1,kept_played_2025_26
107,Yan Kuznetsov,D,d1,d1:D,CGY,CGY,calgary-flames,Calgary,8482165,Yan_Kuznetsov,yan-kuznetsov,nhl_roster_full,2026-06-17,2026-06-17,57,58,1,kept_played_2025_26
108,Olli Maatta,D,d1,d1:D,CGY,CGY,calgary-flames,Calgary,8476874,Olli_Maatta,olli-maatta,nhl_roster_full,2026-06-17,2026-06-17,43,804,1,kept_played_2025_26
109,Brayden Pachal,D,d1,d1:D,CGY,CGY,calgary-flames,Calgary,8481167,Brayden_Pachal,brayden-pachal,nhl_roster_full,2026-06-17,2026-06-17,39,177,1,kept_played_2025_26
110,Zayne Parekh,D,d1,d1:D,CGY,CGY,calgary-flames,Calgary,8484768,Zayne_Parekh,zayne-parekh,nhl_roster_full,2026-06-17,2026-06-17,37,38,1,kept_played_2025_26
111,Zach Whitecloud,D,d1,d1:D,CGY,CGY,calgary-flames,Calgary,8480727,Zach_Whitecloud,zach-whitecloud,nhl_roster_full,2026-06-17,2026-06-17,78,399,1,kept_played_2025_26
112,Abram Wiebe,D,d1,d1:D,CGY,CGY,calgary-flames,Calgary,8483709,Abram_Wiebe,abram-wiebe,nhl_roster_full,2026-06-17,2026-06-17,4,4,1,kept_played_2025_26
113,Sebastian Aho,C,f1,f1:C,CAR,CAR,carolina-hurricanes,Carolina,8478427,Sebastian_Aho,sebastian-aho,nhl_roster_full,2026-06-17,2026-06-17,79,756,1,kept_played_2025_26
114,Jackson Blake,R,f1,f1:R,CAR,CAR,carolina-hurricanes,Carolina,8482809,Jackson_Blake,jackson-blake,nhl_roster_full,2026-06-17,2026-06-17,81,162,1,kept_played_2025_26
115,William Carrier,L,f1,f1:L,CAR,CAR,carolina-hurricanes,Carolina,8477478,William_Carrier,william-carrier,nhl_roster_full,2026-06-17,2026-06-17,70,526,1,kept_played_2025_26
116,Nicolas Deslauriers,L,f1,f1:L,CAR,CAR,carolina-hurricanes,Carolina,8475235,Nicolas_Deslauriers,nicolas-deslauriers,nhl_roster_full,2026-06-17,2026-06-17,31,708,1,kept_played_2025_26
117,Nikolaj Ehlers,L,f1,f1:L,CAR,CAR,carolina-hurricanes,Carolina,8477940,Nikolaj_Ehlers,nikolaj-ehlers,nhl_roster_full,2026-06-17,2026-06-17,82,756,1,kept_played_2025_26
118,Taylor Hall,L,f1,f1:L,CAR,CAR,carolina-hurricanes,Carolina,8475791,Taylor_Hall,taylor-hall,nhl_roster_full,2026-06-17,2026-06-17,80,989,1,kept_played_2025_26
119,Mark Jankowski,L,f1,f1:L,CAR,CAR,carolina-hurricanes,Carolina,8476873,Mark_Jankowski,mark-jankowski,nhl_roster_full,2026-06-17,2026-06-17,68,482,1,kept_played_2025_26
120,Seth Jarvis,R,f1,f1:R,CAR,CAR,carolina-hurricanes,Carolina,8482093,Seth_Jarvis,seth-jarvis,nhl_roster_full,2026-06-17,2026-06-17,71,375,1,kept_played_2025_26
121,Jesperi Kotkaniemi,C,f1,f1:C,CAR,CAR,carolina-hurricanes,Carolina,8480829,Jesperi_Kotkaniemi,jesperi-kotkaniemi,nhl_roster_full,2026-06-17,2026-06-17,42,518,1,kept_played_2025_26
122,Jordan Martinook,L,f1,f1:L,CAR,CAR,carolina-hurricanes,Carolina,8476921,Jordan_Martinook,jordan-martinook,nhl_roster_full,2026-06-17,2026-06-17,77,797,1,kept_played_2025_26
123,Eric Robinson,L,f1,f1:L,CAR,CAR,carolina-hurricanes,Carolina,8480762,Eric_Robinson,eric-robinson,nhl_roster_full,2026-06-17,2026-06-17,67,455,1,kept_played_2025_26
124,Jordan Staal,C,f1,f1:C,CAR,CAR,carolina-hurricanes,Carolina,8473533,Jordan_Staal,jordan-staal,nhl_roster_full,2026-06-17,2026-06-17,75,1403,1,kept_played_2025_26
125,Logan Stankoven,C,f1,f1:C,CAR,CAR,carolina-hurricanes,Carolina,8482702,Logan_Stankoven,logan-stankoven,nhl_roster_full,2026-06-17,2026-06-17,81,183,1,kept_played_2025_26
126,Andrei Svechnikov,R,f1,f1:R,CAR,CAR,carolina-hurricanes,Carolina,8480830,Andrei_Svechnikov,andrei-svechnikov,nhl_roster_full,2026-06-17,2026-06-17,79,557,1,kept_played_2025_26
127,Jalen Chatfield,D,d1,d1:D,CAR,CAR,carolina-hurricanes,Carolina,8478970,Jalen_Chatfield,jalen-chatfield,nhl_roster_full,2026-06-17,2026-06-17,72,335,1,kept_played_2025_26
128,Shayne Gostisbehere,D,d1,d1:D,CAR,CAR,carolina-hurricanes,Carolina,8476906,Shayne_Gostisbehere,shayne-gostisbehere,nhl_roster_full,2026-06-17,2026-06-17,55,744,1,kept_played_2025_26
129,K'Andre Miller,D,d1,d1:D,CAR,CAR,carolina-hurricanes,Carolina,8480817,K'Andre_Miller,kandre-miller,nhl_roster_full,2026-06-17,2026-06-17,72,440,1,kept_played_2025_26
130,Alexander Nikishin,D,d1,d1:D,CAR,CAR,carolina-hurricanes,Carolina,8482100,Alexander_Nikishin,alexander-nikishin,nhl_roster_full,2026-06-17,2026-06-17,81,81,1,kept_played_2025_26
131,Mike Reilly,D,d1,d1:D,CAR,CAR,carolina-hurricanes,Carolina,8476422,Mike_Reilly,mike-reilly,nhl_roster_full,2026-06-17,2026-06-17,42,460,1,kept_played_2025_26
132,Jaccob Slavin,D,d1,d1:D,CAR,CAR,carolina-hurricanes,Carolina,8476958,Jaccob_Slavin,jaccob-slavin,nhl_roster_full,2026-06-17,2026-06-17,39,784,1,kept_played_2025_26
133,Sean Walker,D,d1,d1:D,CAR,CAR,carolina-hurricanes,Carolina,8480336,Sean_Walker,sean-walker,nhl_roster_full,2026-06-17,2026-06-17,81,476,1,kept_played_2025_26
134,Connor Bedard,C,f1,f1:C,CHI,CHI,chicago-blackhawks,Chicago,8484144,Connor_Bedard,connor-bedard,nhl_roster_full,2026-06-17,2026-06-17,69,219,1,kept_played_2025_26
135,Tyler Bertuzzi,L,f1,f1:L,CHI,CHI,chicago-blackhawks,Chicago,8477479,Tyler_Bertuzzi,tyler-bertuzzi,nhl_roster_full,2026-06-17,2026-06-17,79,567,1,kept_played_2025_26
136,Sacha Boisvert,C,f1,f1:C,CHI,CHI,chicago-blackhawks,Chicago,8484793,Sacha_Boisvert,sacha-boisvert,nhl_roster_full,2026-06-17,2026-06-17,7,7,1,kept_played_2025_26
137,Andre Burakovsky,L,f1,f1:L,CHI,CHI,chicago-blackhawks,Chicago,8477444,Andre_Burakovsky,andre-burakovsky,nhl_roster_full,2026-06-17,2026-06-17,75,771,1,kept_played_2025_26
138,Ryan Donato,C,f1,f1:C,CHI,CHI,chicago-blackhawks,Chicago,8477987,Ryan_Donato,ryan-donato,nhl_roster_full,2026-06-17,2026-06-17,82,565,1,kept_played_2025_26
139,Anton Frondell,C,f1,f1:C,CHI,CHI,chicago-blackhawks,Chicago,8485391,Anton_Frondell,anton-frondell,nhl_roster_full,2026-06-17,2026-06-17,12,12,1,kept_played_2025_26
140,Ryan Greene,C,f1,f1:C,CHI,CHI,chicago-blackhawks,Chicago,8483450,Ryan_Greene,ryan-greene,nhl_roster_full,2026-06-17,2026-06-17,81,83,1,kept_played_2025_26
141,Sam Lafferty,C,f1,f1:C,CHI,CHI,chicago-blackhawks,Chicago,8478043,Sam_Lafferty,sam-lafferty,nhl_roster_full,2026-06-17,2026-06-17,29,378,1,kept_played_2025_26
142,Nick Lardis,L,f1,f1:L,CHI,CHI,chicago-blackhawks,Chicago,8484185,Nick_Lardis,nick-lardis,nhl_roster_full,2026-06-17,2026-06-17,41,41,1,kept_played_2025_26
143,Andrew Mangiapane,L,f1,f1:L,CHI,CHI,chicago-blackhawks,Chicago,8478233,Andrew_Mangiapane,andrew-mangiapane,nhl_roster_full,2026-06-17,2026-06-17,62,560,1,kept_played_2025_26
144,Ilya Mikheyev,R,f1,f1:R,CHI,CHI,chicago-blackhawks,Chicago,8481624,Ilya_Mikheyev,ilya-mikheyev,nhl_roster_full,2026-06-17,2026-06-17,77,427,1,kept_played_2025_26
145,Oliver Moore,C,f1,f1:C,CHI,CHI,chicago-blackhawks,Chicago,8484197,Oliver_Moore,oliver-moore,nhl_roster_full,2026-06-17,2026-06-17,51,60,1,kept_played_2025_26
146,Frank Nazar,C,f1,f1:C,CHI,CHI,chicago-blackhawks,Chicago,8483493,Frank_Nazar,frank-nazar,nhl_roster_full,2026-06-17,2026-06-17,66,122,1,kept_played_2025_26
147,Landon Slaggert,L,f1,f1:L,CHI,CHI,chicago-blackhawks,Chicago,8482172,Landon_Slaggert,landon-slaggert,nhl_roster_full,2026-06-17,2026-06-17,53,102,1,kept_played_2025_26
148,Teuvo Teravainen,C,f1,f1:C,CHI,CHI,chicago-blackhawks,Chicago,8476882,Teuvo_Teravainen,teuvo-teravainen,nhl_roster_full,2026-06-17,2026-06-17,75,827,1,kept_played_2025_26
149,Dominic Toninato,C,f1,f1:C,CHI,CHI,chicago-blackhawks,Chicago,8476952,Dominic_Toninato,dominic-toninato,nhl_roster_full,2026-06-17,2026-06-17,8,197,1,kept_played_2025_26
150,Louis Crevier,D,d1,d1:D,CHI,CHI,chicago-blackhawks,Chicago,8481806,Louis_Crevier,louis-crevier,nhl_roster_full,2026-06-17,2026-06-17,78,134,1,kept_played_2025_26
151,Ethan Del Mastro,D,d1,d1:D,CHI,CHI,chicago-blackhawks,Chicago,8482807,Ethan_Del_Mastro,ethan-del-mastro,nhl_roster_full,2026-06-17,2026-06-17,19,45,1,kept_played_2025_26
152,Matt Grzelcyk,D,d1,d1:D,CHI,CHI,chicago-blackhawks,Chicago,8476891,Matt_Grzelcyk,matt-grzelcyk,nhl_roster_full,2026-06-17,2026-06-17,69,596,1,kept_played_2025_26
153,Wyatt Kaiser,D,d1,d1:D,CHI,CHI,chicago-blackhawks,Chicago,8482176,Wyatt_Kaiser,wyatt-kaiser,nhl_roster_full,2026-06-17,2026-06-17,77,175,1,kept_played_2025_26
154,Kevin Korchinski,D,d1,d1:D,CHI,CHI,chicago-blackhawks,Chicago,8483466,Kevin_Korchinski,kevin-korchinski,nhl_roster_full,2026-06-17,2026-06-17,13,105,1,kept_played_2025_26
155,Artyom Levshunov,D,d1,d1:D,CHI,CHI,chicago-blackhawks,Chicago,8484783,Artyom_Levshunov,artyom-levshunov,nhl_roster_full,2026-06-17,2026-06-17,68,86,1,kept_played_2025_26
156,Sam Rinzel,D,d1,d1:D,CHI,CHI,chicago-blackhawks,Chicago,8483506,Sam_Rinzel,sam-rinzel,nhl_roster_full,2026-06-17,2026-06-17,54,63,1,kept_played_2025_26
157,Alex Vlasic,D,d1,d1:D,CHI,CHI,chicago-blackhawks,Chicago,8481568,Alex_Vlasic,alex-vlasic,nhl_roster_full,2026-06-17,2026-06-17,81,260,1,kept_played_2025_26
158,Zakhar Bardakov,C,f1,f1:C,COL,COL,colorado-avalanche,Colorado,8482947,Zakhar_Bardakov,zakhar-bardakov,nhl_roster_full,2026-06-17,2026-06-17,60,60,1,kept_played_2025_26
159,Ross Colton,C,f1,f1:C,COL,COL,colorado-avalanche,Colorado,8479525,Ross_Colton,ross-colton,nhl_roster_full,2026-06-17,2026-06-17,73,404,1,kept_played_2025_26
160,Jack Drury,C,f1,f1:C,COL,COL,colorado-avalanche,Colorado,8480835,Jack_Drury,jack-drury,nhl_roster_full,2026-06-17,2026-06-17,82,268,1,kept_played_2025_26
161,Nazem Kadri,C,f1,f1:C,COL,COL,colorado-avalanche,Colorado,8475172,Nazem_Kadri,nazem-kadri,nhl_roster_full,2026-06-17,2026-06-17,77,1062,1,kept_played_2025_26
162,Parker Kelly,C,f1,f1:C,COL,COL,colorado-avalanche,Colorado,8480448,Parker_Kelly,parker-kelly,nhl_roster_full,2026-06-17,2026-06-17,82,339,1,kept_played_2025_26
163,Joel Kiviranta,L,f1,f1:L,COL,COL,colorado-avalanche,Colorado,8481641,Joel_Kiviranta,joel-kiviranta,nhl_roster_full,2026-06-17,2026-06-17,51,349,1,kept_played_2025_26
164,Gabriel Landeskog,L,f1,f1:L,COL,COL,colorado-avalanche,Colorado,8476455,Gabriel_Landeskog,gabriel-landeskog,nhl_roster_full,2026-06-17,2026-06-17,60,798,1,kept_played_2025_26
165,Artturi Lehkonen,L,f1,f1:L,COL,COL,colorado-avalanche,Colorado,8477476,Artturi_Lehkonen,artturi-lehkonen,nhl_roster_full,2026-06-17,2026-06-17,70,660,1,kept_played_2025_26
166,Nathan MacKinnon,C,f1,f1:C,COL,COL,colorado-avalanche,Colorado,8477492,Nathan_MacKinnon,nathan-mackinnon,nhl_roster_full,2026-06-17,2026-06-17,80,950,1,kept_played_2025_26
167,Martin Necas,C,f1,f1:C,COL,COL,colorado-avalanche,Colorado,8480039,Martin_Necas,martin-necas,nhl_roster_full,2026-06-17,2026-06-17,78,519,1,kept_played_2025_26
168,Brock Nelson,C,f1,f1:C,COL,COL,colorado-avalanche,Colorado,8475754,Brock_Nelson,brock-nelson,nhl_roster_full,2026-06-17,2026-06-17,81,1001,1,kept_played_2025_26
169,Valeri Nichushkin,R,f1,f1:R,COL,COL,colorado-avalanche,Colorado,8477501,Valeri_Nichushkin,valeri-nichushkin,nhl_roster_full,2026-06-17,2026-06-17,72,627,1,kept_played_2025_26
170,Logan O'Connor,R,f1,f1:R,COL,COL,colorado-avalanche,Colorado,8481186,Logan_O'Connor,logan-oconnor,nhl_roster_full,2026-06-17,2026-06-17,13,356,1,kept_played_2025_26
171,Nicolas Roy,C,f1,f1:C,COL,COL,colorado-avalanche,Colorado,8478462,Nicolas_Roy,nicolas-roy,nhl_roster_full,2026-06-17,2026-06-17,74,443,1,kept_played_2025_26
172,Jack Ahcan,D,d1,d1:D,COL,COL,colorado-avalanche,Colorado,8482072,Jack_Ahcan,jack-ahcan,nhl_roster_full,2026-06-17,2026-06-17,11,22,1,kept_played_2025_26
173,Nick Blankenburg,D,d1,d1:D,COL,COL,colorado-avalanche,Colorado,8483565,Nick_Blankenburg,nick-blankenburg,nhl_roster_full,2026-06-17,2026-06-17,61,176,1,kept_played_2025_26
174,Brent Burns,D,d1,d1:D,COL,COL,colorado-avalanche,Colorado,8470613,Brent_Burns,brent-burns,nhl_roster_full,2026-06-17,2026-06-17,82,1579,1,kept_played_2025_26
175,Alex Gagne,D,d1,d1:D,COL,COL,colorado-avalanche,Colorado,8482942,Alex_Gagne,alex-gagne,nhl_roster_full,2026-06-17,2026-06-17,0,0,0,dropped_never_played_nhl
176,Brett Kulak,D,d1,d1:D,COL,COL,colorado-avalanche,Colorado,8476967,Brett_Kulak,brett-kulak,nhl_roster_full,2026-06-17,2026-06-17,83,663,1,kept_played_2025_26
177,Cale Makar,D,d1,d1:D,COL,COL,colorado-avalanche,Colorado,8480069,Cale_Makar,cale-makar,nhl_roster_full,2026-06-17,2026-06-17,75,470,1,kept_played_2025_26
178,Sam Malinski,D,d1,d1:D,COL,COL,colorado-avalanche,Colorado,8484258,Sam_Malinski,sam-malinski,nhl_roster_full,2026-06-17,2026-06-17,82,181,1,kept_played_2025_26
179,Josh Manson,D,d1,d1:D,COL,COL,colorado-avalanche,Colorado,8476312,Josh_Manson,josh-manson,nhl_roster_full,2026-06-17,2026-06-17,79,705,1,kept_played_2025_26
180,Devon Toews,D,d1,d1:D,COL,COL,colorado-avalanche,Colorado,8478038,Devon_Toews,devon-toews,nhl_roster_full,2026-06-17,2026-06-17,68,541,1,kept_played_2025_26
181,Charlie Coyle,C,f1,f1:C,CBJ,CBJ,columbus-blue-jackets,Columbus,8475745,Charlie_Coyle,charlie-coyle,nhl_roster_full,2026-06-17,2026-06-17,82,1032,1,kept_played_2025_26
182,Adam Fantilli,C,f1,f1:C,CBJ,CBJ,columbus-blue-jackets,Columbus,8484166,Adam_Fantilli,adam-fantilli,nhl_roster_full,2026-06-17,2026-06-17,82,213,1,kept_played_2025_26
183,Conor Garland,R,f1,f1:R,CBJ,CBJ,columbus-blue-jackets,Columbus,8478856,Conor_Garland,conor-garland,nhl_roster_full,2026-06-17,2026-06-17,71,556,1,kept_played_2025_26
184,Danton Heinen,L,f1,f1:L,CBJ,CBJ,columbus-blue-jackets,Columbus,8478046,Danton_Heinen,danton-heinen,nhl_roster_full,2026-06-17,2026-06-17,46,612,1,kept_played_2025_26
185,Boone Jenner,C,f1,f1:C,CBJ,CBJ,columbus-blue-jackets,Columbus,8476432,Boone_Jenner,boone-jenner,nhl_roster_full,2026-06-17,2026-06-17,67,808,1,kept_played_2025_26
186,Kent Johnson,C,f1,f1:C,CBJ,CBJ,columbus-blue-jackets,Columbus,8482660,Kent_Johnson,kent-johnson,nhl_roster_full,2026-06-17,2026-06-17,76,274,1,kept_played_2025_26
187,Isac Lundeström,C,f1,f1:C,CBJ,CBJ,columbus-blue-jackets,Columbus,8480806,Isac_Lundeström,isac-lundeström,nhl_roster_full,2026-06-17,2026-06-17,68,405,1,kept_played_2025_26
188,Kirill Marchenko,R,f1,f1:R,CBJ,CBJ,columbus-blue-jackets,Columbus,8480893,Kirill_Marchenko,kirill-marchenko,nhl_roster_full,2026-06-17,2026-06-17,76,292,1,kept_played_2025_26
189,Mason Marchment,L,f1,f1:L,CBJ,CBJ,columbus-blue-jackets,Columbus,8478975,Mason_Marchment,mason-marchment,nhl_roster_full,2026-06-17,2026-06-17,68,370,1,kept_played_2025_26
190,Sean Monahan,C,f1,f1:C,CBJ,CBJ,columbus-blue-jackets,Columbus,8477497,Sean_Monahan,sean-monahan,nhl_roster_full,2026-06-17,2026-06-17,78,896,1,kept_played_2025_26
191,Mathieu Olivier,R,f1,f1:R,CBJ,CBJ,columbus-blue-jackets,Columbus,8479671,Mathieu_Olivier,mathieu-olivier,nhl_roster_full,2026-06-17,2026-06-17,61,311,1,kept_played_2025_26
192,Cole Sillinger,C,f1,f1:C,CBJ,CBJ,columbus-blue-jackets,Columbus,8482705,Cole_Sillinger,cole-sillinger,nhl_roster_full,2026-06-17,2026-06-17,81,367,1,kept_played_2025_26
193,Dmitri Voronkov,L,f1,f1:L,CBJ,CBJ,columbus-blue-jackets,Columbus,8481716,Dmitri_Voronkov,dmitri-voronkov,nhl_roster_full,2026-06-17,2026-06-17,63,211,1,kept_played_2025_26
194,Miles Wood,L,f1,f1:L,CBJ,CBJ,columbus-blue-jackets,Columbus,8477425,Miles_Wood,miles-wood,nhl_roster_full,2026-06-17,2026-06-17,54,567,1,kept_played_2025_26
195,Jake Christiansen,D,d1,d1:D,CBJ,CBJ,columbus-blue-jackets,Columbus,8481161,Jake_Christiansen,jake-christiansen,nhl_roster_full,2026-06-17,2026-06-17,40,152,1,kept_played_2025_26
196,Dante Fabbro,D,d1,d1:D,CBJ,CBJ,columbus-blue-jackets,Columbus,8479371,Dante_Fabbro,dante-fabbro,nhl_roster_full,2026-06-17,2026-06-17,74,451,1,kept_played_2025_26
197,Erik Gudbranson,D,d1,d1:D,CBJ,CBJ,columbus-blue-jackets,Columbus,8475790,Erik_Gudbranson,erik-gudbranson,nhl_roster_full,2026-06-17,2026-06-17,37,842,1,kept_played_2025_26
198,Denton Mateychuk,D,d1,d1:D,CBJ,CBJ,columbus-blue-jackets,Columbus,8483485,Denton_Mateychuk,denton-mateychuk,nhl_roster_full,2026-06-17,2026-06-17,75,120,1,kept_played_2025_26
199,Ivan Provorov,D,d1,d1:D,CBJ,CBJ,columbus-blue-jackets,Columbus,8478500,Ivan_Provorov,ivan-provorov,nhl_roster_full,2026-06-17,2026-06-17,82,778,1,kept_played_2025_26
200,Damon Severson,D,d1,d1:D,CBJ,CBJ,columbus-blue-jackets,Columbus,8476923,Damon_Severson,damon-severson,nhl_roster_full,2026-06-17,2026-06-17,71,855,1,kept_played_2025_26
201,Brendan Smith,D,d1,d1:D,CBJ,CBJ,columbus-blue-jackets,Columbus,8474090,Brendan_Smith,brendan-smith,nhl_roster_full,2026-06-17,2026-06-17,15,741,1,kept_played_2025_26
202,Zach Werenski,D,d1,d1:D,CBJ,CBJ,columbus-blue-jackets,Columbus,8478460,Zach_Werenski,zach-werenski,nhl_roster_full,2026-06-17,2026-06-17,75,642,1,kept_played_2025_26
203,Egor Zamula,D,d1,d1:D,CBJ,CBJ,columbus-blue-jackets,Columbus,8481178,Egor_Zamula,egor-zamula,nhl_roster_full,2026-06-17,2026-06-17,33,188,1,kept_played_2025_26
204,Nathan Bastian,R,f1,f1:R,DAL,DAL,dallas-stars,Dallas,8479414,Nathan_Bastian,nathan-bastian,nhl_roster_full,2026-06-17,2026-06-17,36,312,1,kept_played_2025_26
205,Jamie Benn,L,f1,f1:L,DAL,DAL,dallas-stars,Dallas,8473994,Jamie_Benn,jamie-benn,nhl_roster_full,2026-06-17,2026-06-17,60,1252,1,kept_played_2025_26
206,Colin Blackwell,C,f1,f1:C,DAL,DAL,dallas-stars,Dallas,8476278,Colin_Blackwell,colin-blackwell,nhl_roster_full,2026-06-17,2026-06-17,70,368,1,kept_played_2025_26
207,Mavrik Bourque,C,f1,f1:C,DAL,DAL,dallas-stars,Dallas,8482145,Mavrik_Bourque,mavrik-bourque,nhl_roster_full,2026-06-17,2026-06-17,82,156,1,kept_played_2025_26
208,Michael Bunting,L,f1,f1:L,DAL,DAL,dallas-stars,Dallas,8478047,Michael_Bunting,michael-bunting,nhl_roster_full,2026-06-17,2026-06-17,74,418,1,kept_played_2025_26
209,Oskar Bäck,C,f1,f1:C,DAL,DAL,dallas-stars,Dallas,8480840,Oskar_Bäck,oskar-bäck,nhl_roster_full,2026-06-17,2026-06-17,72,145,1,kept_played_2025_26
210,Matt Duchene,C,f1,f1:C,DAL,DAL,dallas-stars,Dallas,8475168,Matt_Duchene,matt-duchene,nhl_roster_full,2026-06-17,2026-06-17,57,1195,1,kept_played_2025_26
211,Adam Erne,L,f1,f1:L,DAL,DAL,dallas-stars,Dallas,8477454,Adam_Erne,adam-erne,nhl_roster_full,2026-06-17,2026-06-17,45,424,1,kept_played_2025_26
212,Radek Faksa,C,f1,f1:C,DAL,DAL,dallas-stars,Dallas,8476889,Radek_Faksa,radek-faksa,nhl_roster_full,2026-06-17,2026-06-17,58,766,1,kept_played_2025_26
213,Roope Hintz,C,f1,f1:C,DAL,DAL,dallas-stars,Dallas,8478449,Roope_Hintz,roope-hintz,nhl_roster_full,2026-06-17,2026-06-17,53,521,1,kept_played_2025_26
214,Justin Hryckowian,C,f1,f1:C,DAL,DAL,dallas-stars,Dallas,8484829,Justin_Hryckowian,justin-hryckowian,nhl_roster_full,2026-06-17,2026-06-17,81,86,1,kept_played_2025_26
215,Arttu Hyry,R,f1,f1:R,DAL,DAL,dallas-stars,Dallas,8484938,Arttu_Hyry,arttu-hyry,nhl_roster_full,2026-06-17,2026-06-17,20,25,1,kept_played_2025_26
216,Wyatt Johnston,C,f1,f1:C,DAL,DAL,dallas-stars,Dallas,8482740,Wyatt_Johnston,wyatt-johnston,nhl_roster_full,2026-06-17,2026-06-17,82,328,1,kept_played_2025_26
217,Mikko Rantanen,R,f1,f1:R,DAL,DAL,dallas-stars,Dallas,8478420,Mikko_Rantanen,mikko-rantanen,nhl_roster_full,2026-06-17,2026-06-17,64,716,1,kept_played_2025_26
218,Jason Robertson,L,f1,f1:L,DAL,DAL,dallas-stars,Dallas,8480027,Jason_Robertson,jason-robertson,nhl_roster_full,2026-06-17,2026-06-17,82,456,1,kept_played_2025_26
219,Tyler Seguin,C,f1,f1:C,DAL,DAL,dallas-stars,Dallas,8475794,Tyler_Seguin,tyler-seguin,nhl_roster_full,2026-06-17,2026-06-17,27,1016,1,kept_played_2025_26
220,Sam Steel,C,f1,f1:C,DAL,DAL,dallas-stars,Dallas,8479351,Sam_Steel,sam-steel,nhl_roster_full,2026-06-17,2026-06-17,73,491,1,kept_played_2025_26
221,Lian Bichsel,D,d1,d1:D,DAL,DAL,dallas-stars,Dallas,8483425,Lian_Bichsel,lian-bichsel,nhl_roster_full,2026-06-17,2026-06-17,50,88,1,kept_played_2025_26
222,Kyle Capobianco,D,d1,d1:D,DAL,DAL,dallas-stars,Dallas,8478476,Kyle_Capobianco,kyle-capobianco,nhl_roster_full,2026-06-17,2026-06-17,33,107,1,kept_played_2025_26
223,Thomas Harley,D,d1,d1:D,DAL,DAL,dallas-stars,Dallas,8481581,Thomas_Harley,thomas-harley,nhl_roster_full,2026-06-17,2026-06-17,70,267,1,kept_played_2025_26
224,Miro Heiskanen,D,d1,d1:D,DAL,DAL,dallas-stars,Dallas,8480036,Miro_Heiskanen,miro-heiskanen,nhl_roster_full,2026-06-17,2026-06-17,77,552,1,kept_played_2025_26
225,Esa Lindell,D,d1,d1:D,DAL,DAL,dallas-stars,Dallas,8476902,Esa_Lindell,esa-lindell,nhl_roster_full,2026-06-17,2026-06-17,82,766,1,kept_played_2025_26
226,Nils Lundkvist,D,d1,d1:D,DAL,DAL,dallas-stars,Dallas,8480878,Nils_Lundkvist,nils-lundkvist,nhl_roster_full,2026-06-17,2026-06-17,52,235,1,kept_played_2025_26
227,Ilya Lyubushkin,D,d1,d1:D,DAL,DAL,dallas-stars,Dallas,8480950,Ilya_Lyubushkin,ilya-lyubushkin,nhl_roster_full,2026-06-17,2026-06-17,53,486,1,kept_played_2025_26
228,Tyler Myers,D,d1,d1:D,DAL,DAL,dallas-stars,Dallas,8474574,Tyler_Myers,tyler-myers,nhl_roster_full,2026-06-17,2026-06-17,73,1139,1,kept_played_2025_26
229,Alexander Petrovic,D,d1,d1:D,DAL,DAL,dallas-stars,Dallas,8475755,Alexander_Petrovic,alexander-petrovic,nhl_roster_full,2026-06-17,2026-06-17,54,323,1,kept_played_2025_26
230,Mason Appleton,C,f1,f1:C,DET,DET,detroit-red-wings,Detroit,8478891,Mason_Appleton,mason-appleton,nhl_roster_full,2026-06-17,2026-06-17,65,465,1,kept_played_2025_26
231,J.T. Compher,L,f1,f1:L,DET,DET,detroit-red-wings,Detroit,8477456,J.T._Compher,jt-compher,nhl_roster_full,2026-06-17,2026-06-17,82,658,1,kept_played_2025_26
232,Andrew Copp,C,f1,f1:C,DET,DET,detroit-red-wings,Detroit,8477429,Andrew_Copp,andrew-copp,nhl_roster_full,2026-06-17,2026-06-17,79,779,1,kept_played_2025_26
233,Alex DeBrincat,R,f1,f1:R,DET,DET,detroit-red-wings,Detroit,8479337,Alex_DeBrincat,alex-debrincat,nhl_roster_full,2026-06-17,2026-06-17,82,696,1,kept_played_2025_26
234,Emmitt Finnie,C,f1,f1:C,DET,DET,detroit-red-wings,Detroit,8484471,Emmitt_Finnie,emmitt-finnie,nhl_roster_full,2026-06-17,2026-06-17,82,82,1,kept_played_2025_26
235,Patrick Kane,R,f1,f1:R,DET,DET,detroit-red-wings,Detroit,8474141,Patrick_Kane,patrick-kane,nhl_roster_full,2026-06-17,2026-06-17,67,1369,1,kept_played_2025_26
236,Marco Kasper,C,f1,f1:C,DET,DET,detroit-red-wings,Detroit,8483464,Marco_Kasper,marco-kasper,nhl_roster_full,2026-06-17,2026-06-17,81,159,1,kept_played_2025_26
237,Dylan Larkin,C,f1,f1:C,DET,DET,detroit-red-wings,Detroit,8477946,Dylan_Larkin,dylan-larkin,nhl_roster_full,2026-06-17,2026-06-17,74,808,1,kept_played_2025_26
238,David Perron,L,f1,f1:L,DET,DET,detroit-red-wings,Detroit,8474102,David_Perron,david-perron,nhl_roster_full,2026-06-17,2026-06-17,65,1239,1,kept_played_2025_26
239,Michael Rasmussen,C,f1,f1:C,DET,DET,detroit-red-wings,Detroit,8479992,Michael_Rasmussen,michael-rasmussen,nhl_roster_full,2026-06-17,2026-06-17,64,454,1,kept_played_2025_26
240,Lucas Raymond,L,f1,f1:L,DET,DET,detroit-red-wings,Detroit,8482078,Lucas_Raymond,lucas-raymond,nhl_roster_full,2026-06-17,2026-06-17,80,400,1,kept_played_2025_26
241,James van Riemsdyk,L,f1,f1:L,DET,DET,detroit-red-wings,Detroit,8474037,James_van_Riemsdyk,james-van-riemsdyk,nhl_roster_full,2026-06-17,2026-06-17,72,1154,1,kept_played_2025_26
242,Jacob Bernard-Docker,D,d1,d1:D,DET,DET,detroit-red-wings,Detroit,8480879,Jacob_Bernard-Docker,jacob-bernard-docker,nhl_roster_full,2026-06-17,2026-06-17,63,207,1,kept_played_2025_26
243,Ben Chiarot,D,d1,d1:D,DET,DET,detroit-red-wings,Detroit,8475279,Ben_Chiarot,ben-chiarot,nhl_roster_full,2026-06-17,2026-06-17,82,805,1,kept_played_2025_26
244,Simon Edvinsson,D,d1,d1:D,DET,DET,detroit-red-wings,Detroit,8482762,Simon_Edvinsson,simon-edvinsson,nhl_roster_full,2026-06-17,2026-06-17,72,175,1,kept_played_2025_26
245,Justin Faulk,D,d1,d1:D,DET,DET,detroit-red-wings,Detroit,8475753,Justin_Faulk,justin-faulk,nhl_roster_full,2026-06-17,2026-06-17,78,1058,1,kept_played_2025_26
246,Travis Hamonic,D,d1,d1:D,DET,DET,detroit-red-wings,Detroit,8474612,Travis_Hamonic,travis-hamonic,nhl_roster_full,2026-06-17,2026-06-17,26,926,1,kept_played_2025_26
247,Albert Johansson,D,d1,d1:D,DET,DET,detroit-red-wings,Detroit,8481607,Albert_Johansson,albert-johansson,nhl_roster_full,2026-06-17,2026-06-17,82,143,1,kept_played_2025_26
248,Moritz Seider,D,d1,d1:D,DET,DET,detroit-red-wings,Detroit,8481542,Moritz_Seider,moritz-seider,nhl_roster_full,2026-06-17,2026-06-17,82,410,1,kept_played_2025_26
249,Colton Dach,C,f1,f1:C,EDM,EDM,edmonton-oilers,Edmonton,8482703,Colton_Dach,colton-dach,nhl_roster_full,2026-06-17,2026-06-17,61,86,1,kept_played_2025_26
250,Jason Dickinson,C,f1,f1:C,EDM,EDM,edmonton-oilers,Edmonton,8477450,Jason_Dickinson,jason-dickinson,nhl_roster_full,2026-06-17,2026-06-17,64,566,1,kept_played_2025_26
251,Leon Draisaitl,C,f1,f1:C,EDM,EDM,edmonton-oilers,Edmonton,8477934,Leon_Draisaitl,leon-draisaitl,nhl_roster_full,2026-06-17,2026-06-17,65,855,1,kept_played_2025_26
252,Trent Frederic,C,f1,f1:C,EDM,EDM,edmonton-oilers,Edmonton,8479365,Trent_Frederic,trent-frederic,nhl_roster_full,2026-06-17,2026-06-17,74,412,1,kept_played_2025_26
253,Adam Henrique,C,f1,f1:C,EDM,EDM,edmonton-oilers,Edmonton,8474641,Adam_Henrique,adam-henrique,nhl_roster_full,2026-06-17,2026-06-17,65,1058,1,kept_played_2025_26
254,Zach Hyman,L,f1,f1:L,EDM,EDM,edmonton-oilers,Edmonton,8475786,Zach_Hyman,zach-hyman,nhl_roster_full,2026-06-17,2026-06-17,58,711,1,kept_played_2025_26
255,Mattias Janmark,C,f1,f1:C,EDM,EDM,edmonton-oilers,Edmonton,8477406,Mattias_Janmark,mattias-janmark,nhl_roster_full,2026-06-17,2026-06-17,43,680,1,kept_played_2025_26
256,Max Jones,L,f1,f1:L,EDM,EDM,edmonton-oilers,Edmonton,8479368,Max_Jones,max-jones,nhl_roster_full,2026-06-17,2026-06-17,21,305,1,kept_played_2025_26
257,Kasperi Kapanen,R,f1,f1:R,EDM,EDM,edmonton-oilers,Edmonton,8477953,Kasperi_Kapanen,kasperi-kapanen,nhl_roster_full,2026-06-17,2026-06-17,41,568,1,kept_played_2025_26
258,Curtis Lazar,C,f1,f1:C,EDM,EDM,edmonton-oilers,Edmonton,8477508,Curtis_Lazar,curtis-lazar,nhl_roster_full,2026-06-17,2026-06-17,45,617,1,kept_played_2025_26
259,Connor McDavid,C,f1,f1:C,EDM,EDM,edmonton-oilers,Edmonton,8478402,Connor_McDavid,connor-mcdavid,nhl_roster_full,2026-06-17,2026-06-17,82,794,1,kept_played_2025_26
260,Ryan Nugent-Hopkins,C,f1,f1:C,EDM,EDM,edmonton-oilers,Edmonton,8476454,Ryan_Nugent-Hopkins,ryan-nugent-hopkins,nhl_roster_full,2026-06-17,2026-06-17,72,1031,1,kept_played_2025_26
261,Vasily Podkolzin,R,f1,f1:R,EDM,EDM,edmonton-oilers,Edmonton,8481617,Vasily_Podkolzin,vasily-podkolzin,nhl_roster_full,2026-06-17,2026-06-17,82,301,1,kept_played_2025_26
262,Jack Roslovic,C,f1,f1:C,EDM,EDM,edmonton-oilers,Edmonton,8478458,Jack_Roslovic,jack-roslovic,nhl_roster_full,2026-06-17,2026-06-17,69,595,1,kept_played_2025_26
263,Josh Samanski,C,f1,f1:C,EDM,EDM,edmonton-oilers,Edmonton,8484509,Josh_Samanski,josh-samanski,nhl_roster_full,2026-06-17,2026-06-17,24,24,1,kept_played_2025_26
264,Matt Savoie,C,f1,f1:C,EDM,EDM,edmonton-oilers,Edmonton,8483512,Matt_Savoie,matt-savoie,nhl_roster_full,2026-06-17,2026-06-17,82,87,1,kept_played_2025_26
265,Evan Bouchard,D,d1,d1:D,EDM,EDM,edmonton-oilers,Edmonton,8480803,Evan_Bouchard,evan-bouchard,nhl_roster_full,2026-06-17,2026-06-17,82,429,1,kept_played_2025_26
266,Mattias Ekholm,D,d1,d1:D,EDM,EDM,edmonton-oilers,Edmonton,8475218,Mattias_Ekholm,mattias-ekholm,nhl_roster_full,2026-06-17,2026-06-17,82,966,1,kept_played_2025_26
267,Ty Emberson,D,d1,d1:D,EDM,EDM,edmonton-oilers,Edmonton,8480834,Ty_Emberson,ty-emberson,nhl_roster_full,2026-06-17,2026-06-17,72,178,1,kept_played_2025_26
268,Connor Murphy,D,d1,d1:D,EDM,EDM,edmonton-oilers,Edmonton,8476473,Connor_Murphy,connor-murphy,nhl_roster_full,2026-06-17,2026-06-17,80,825,1,kept_played_2025_26
269,Darnell Nurse,D,d1,d1:D,EDM,EDM,edmonton-oilers,Edmonton,8477498,Darnell_Nurse,darnell-nurse,nhl_roster_full,2026-06-17,2026-06-17,82,798,1,kept_played_2025_26
270,Spencer Stastney,D,d1,d1:D,EDM,EDM,edmonton-oilers,Edmonton,8481056,Spencer_Stastney,spencer-stastney,nhl_roster_full,2026-06-17,2026-06-17,66,117,1,kept_played_2025_26
271,Jake Walman,D,d1,d1:D,EDM,EDM,edmonton-oilers,Edmonton,8478013,Jake_Walman,jake-walman,nhl_roster_full,2026-06-17,2026-06-17,53,320,1,kept_played_2025_26
272,Aleksander Barkov,C,f1,f1:C,FLA,FLA,florida-panthers,Florida,8477493,Aleksander_Barkov,aleksander-barkov,nhl_roster_full,2026-06-17,2026-06-17,0,804,1,kept_career_nhl
273,Sam Bennett,C,f1,f1:C,FLA,FLA,florida-panthers,Florida,8477935,Sam_Bennett,sam-bennett,nhl_roster_full,2026-06-17,2026-06-17,76,767,1,kept_played_2025_26
274,Jesper Boqvist,C,f1,f1:C,FLA,FLA,florida-panthers,Florida,8480003,Jesper_Boqvist,jesper-boqvist,nhl_roster_full,2026-06-17,2026-06-17,73,387,1,kept_played_2025_26
275,Jonah Gadjovich,L,f1,f1:L,FLA,FLA,florida-panthers,Florida,8479981,Jonah_Gadjovich,jonah-gadjovich,nhl_roster_full,2026-06-17,2026-06-17,10,170,1,kept_played_2025_26
276,A.J. Greer,L,f1,f1:L,FLA,FLA,florida-panthers,Florida,8478421,A.J._Greer,aj-greer,nhl_roster_full,2026-06-17,2026-06-17,78,326,1,kept_played_2025_26
277,Vinnie Hinostroza,C,f1,f1:C,FLA,FLA,florida-panthers,Florida,8476994,Vinnie_Hinostroza,vinnie-hinostroza,nhl_roster_full,2026-06-17,2026-06-17,65,477,1,kept_played_2025_26
278,Luke Kunin,C,f1,f1:C,FLA,FLA,florida-panthers,Florida,8479316,Luke_Kunin,luke-kunin,nhl_roster_full,2026-06-17,2026-06-17,62,496,1,kept_played_2025_26
279,Anton Lundell,C,f1,f1:C,FLA,FLA,florida-panthers,Florida,8482113,Anton_Lundell,anton-lundell,nhl_roster_full,2026-06-17,2026-06-17,64,359,1,kept_played_2025_26
280,Eetu Luostarinen,C,f1,f1:C,FLA,FLA,florida-panthers,Florida,8480185,Eetu_Luostarinen,eetu-luostarinen,nhl_roster_full,2026-06-17,2026-06-17,73,447,1,kept_played_2025_26
281,Brad Marchand,L,f1,f1:L,FLA,FLA,florida-panthers,Florida,8473419,Brad_Marchand,brad-marchand,nhl_roster_full,2026-06-17,2026-06-17,52,1152,1,kept_played_2025_26
282,Tomas Nosek,L,f1,f1:L,FLA,FLA,florida-panthers,Florida,8477931,Tomas_Nosek,tomas-nosek,nhl_roster_full,2026-06-17,2026-06-17,21,514,1,kept_played_2025_26
283,Cole Reinhardt,L,f1,f1:L,FLA,FLA,florida-panthers,Florida,8481133,Cole_Reinhardt,cole-reinhardt,nhl_roster_full,2026-06-17,2026-06-17,59,77,1,kept_played_2025_26
284,Sam Reinhart,C,f1,f1:C,FLA,FLA,florida-panthers,Florida,8477933,Sam_Reinhart,sam-reinhart,nhl_roster_full,2026-06-17,2026-06-17,64,839,1,kept_played_2025_26
285,Evan Rodrigues,C,f1,f1:C,FLA,FLA,florida-panthers,Florida,8478542,Evan_Rodrigues,evan-rodrigues,nhl_roster_full,2026-06-17,2026-06-17,69,616,1,kept_played_2025_26
286,Mackie Samoskevich,R,f1,f1:R,FLA,FLA,florida-panthers,Florida,8482713,Mackie_Samoskevich,mackie-samoskevich,nhl_roster_full,2026-06-17,2026-06-17,77,156,1,kept_played_2025_26
287,Cole Schwindt,C,f1,f1:C,FLA,FLA,florida-panthers,Florida,8481655,Cole_Schwindt,cole-schwindt,nhl_roster_full,2026-06-17,2026-06-17,29,78,1,kept_played_2025_26
288,Matthew Tkachuk,L,f1,f1:L,FLA,FLA,florida-panthers,Florida,8479314,Matthew_Tkachuk,matthew-tkachuk,nhl_roster_full,2026-06-17,2026-06-17,31,673,1,kept_played_2025_26
289,Carter Verhaeghe,C,f1,f1:C,FLA,FLA,florida-panthers,Florida,8477409,Carter_Verhaeghe,carter-verhaeghe,nhl_roster_full,2026-06-17,2026-06-17,77,488,1,kept_played_2025_26
290,Uvis Balinskis,D,d1,d1:D,FLA,FLA,florida-panthers,Florida,8484304,Uvis_Balinskis,uvis-balinskis,nhl_roster_full,2026-06-17,2026-06-17,54,156,1,kept_played_2025_26
291,Aaron Ekblad,D,d1,d1:D,FLA,FLA,florida-panthers,Florida,8477932,Aaron_Ekblad,aaron-ekblad,nhl_roster_full,2026-06-17,2026-06-17,72,804,1,kept_played_2025_26
292,Gustav Forsling,D,d1,d1:D,FLA,FLA,florida-panthers,Florida,8478055,Gustav_Forsling,gustav-forsling,nhl_roster_full,2026-06-17,2026-06-17,80,557,1,kept_played_2025_26
293,Seth Jones,D,d1,d1:D,FLA,FLA,florida-panthers,Florida,8477495,Seth_Jones,seth-jones,nhl_roster_full,2026-06-17,2026-06-17,52,912,1,kept_played_2025_26
294,Dmitry Kulikov,D,d1,d1:D,FLA,FLA,florida-panthers,Florida,8475179,Dmitry_Kulikov,dmitry-kulikov,nhl_roster_full,2026-06-17,2026-06-17,19,1037,1,kept_played_2025_26
295,Niko Mikkola,D,d1,d1:D,FLA,FLA,florida-panthers,Florida,8478859,Niko_Mikkola,niko-mikkola,nhl_roster_full,2026-06-17,2026-06-17,68,396,1,kept_played_2025_26
296,Donovan Sebrango,D,d1,d1:D,FLA,FLA,florida-panthers,Florida,8482131,Donovan_Sebrango,donovan-sebrango,nhl_roster_full,2026-06-17,2026-06-17,42,44,1,kept_played_2025_26
297,Joel Armia,R,f1,f1:R,LA,LAK,los-angeles-kings,Los Angeles,8476469,Joel_Armia,joel-armia,nhl_roster_full,2026-06-17,2026-06-17,67,653,1,kept_played_2025_26
298,Quinton Byfield,R,f1,f1:R,LA,LAK,los-angeles-kings,Los Angeles,8482124,Quinton_Byfield,quinton-byfield,nhl_roster_full,2026-06-17,2026-06-17,79,339,1,kept_played_2025_26
299,Kevin Fiala,L,f1,f1:L,LA,LAK,los-angeles-kings,Los Angeles,8477942,Kevin_Fiala,kevin-fiala,nhl_roster_full,2026-06-17,2026-06-17,56,707,1,kept_played_2025_26
300,Samuel Helenius,C,f1,f1:C,LA,LAK,los-angeles-kings,Los Angeles,8482726,Samuel_Helenius,samuel-helenius,nhl_roster_full,2026-06-17,2026-06-17,53,103,1,kept_played_2025_26
301,Mathieu Joseph,R,f1,f1:R,LA,LAK,los-angeles-kings,Los Angeles,8478472,Mathieu_Joseph,mathieu-joseph,nhl_roster_full,2026-06-17,2026-06-17,51,471,1,kept_played_2025_26
302,Adrian Kempe,R,f1,f1:R,LA,LAK,los-angeles-kings,Los Angeles,8477960,Adrian_Kempe,adrian-kempe,nhl_roster_full,2026-06-17,2026-06-17,81,711,1,kept_played_2025_26
303,Anze Kopitar,C,f1,f1:C,LA,LAK,los-angeles-kings,Los Angeles,8471685,Anze_Kopitar,anze-kopitar,nhl_roster_full,2026-06-17,2026-06-17,67,1521,1,kept_played_2025_26
304,Andrei Kuzmenko,L,f1,f1:L,LA,LAK,los-angeles-kings,Los Angeles,8483808,Andrei_Kuzmenko,andrei-kuzmenko,nhl_roster_full,2026-06-17,2026-06-17,52,271,1,kept_played_2025_26
305,Alex Laferriere,R,f1,f1:R,LA,LAK,los-angeles-kings,Los Angeles,8482155,Alex_Laferriere,alex-laferriere,nhl_roster_full,2026-06-17,2026-06-17,82,240,1,kept_played_2025_26
306,Scott Laughton,C,f1,f1:C,LA,LAK,los-angeles-kings,Los Angeles,8476872,Scott_Laughton,scott-laughton,nhl_roster_full,2026-06-17,2026-06-17,64,745,1,kept_played_2025_26
307,Jeff Malott,L,f1,f1:L,LA,LAK,los-angeles-kings,Los Angeles,8482408,Jeff_Malott,jeff-malott,nhl_roster_full,2026-06-17,2026-06-17,58,71,1,kept_played_2025_26
308,Trevor Moore,L,f1,f1:L,LA,LAK,los-angeles-kings,Los Angeles,8479675,Trevor_Moore,trevor-moore,nhl_roster_full,2026-06-17,2026-06-17,69,485,1,kept_played_2025_26
309,Artemi Panarin,L,f1,f1:L,LA,LAK,los-angeles-kings,Los Angeles,8478550,Artemi_Panarin,artemi-panarin,nhl_roster_full,2026-06-17,2026-06-17,78,830,1,kept_played_2025_26
310,Alex Turcotte,C,f1,f1:C,LA,LAK,los-angeles-kings,Los Angeles,8481532,Alex_Turcotte,alex-turcotte,nhl_roster_full,2026-06-17,2026-06-17,62,162,1,kept_played_2025_26
311,Taylor Ward,R,f1,f1:R,LA,LAK,los-angeles-kings,Los Angeles,8483406,Taylor_Ward,taylor-ward,nhl_roster_full,2026-06-17,2026-06-17,36,37,1,kept_played_2025_26
312,Jared Wright,R,f1,f1:R,LA,LAK,los-angeles-kings,Los Angeles,8483756,Jared_Wright,jared-wright,nhl_roster_full,2026-06-17,2026-06-17,23,23,1,kept_played_2025_26
313,Mikey Anderson,D,d1,d1:D,LA,LAK,los-angeles-kings,Los Angeles,8479998,Mikey_Anderson,mikey-anderson,nhl_roster_full,2026-06-17,2026-06-17,80,425,1,kept_played_2025_26
314,Cody Ceci,D,d1,d1:D,LA,LAK,los-angeles-kings,Los Angeles,8476879,Cody_Ceci,cody-ceci,nhl_roster_full,2026-06-17,2026-06-17,82,953,1,kept_played_2025_26
315,Brandt Clarke,D,d1,d1:D,LA,LAK,los-angeles-kings,Los Angeles,8482730,Brandt_Clarke,brandt-clarke,nhl_roster_full,2026-06-17,2026-06-17,82,185,1,kept_played_2025_26
316,Drew Doughty,D,d1,d1:D,LA,LAK,los-angeles-kings,Los Angeles,8474563,Drew_Doughty,drew-doughty,nhl_roster_full,2026-06-17,2026-06-17,72,1279,1,kept_played_2025_26
317,Brian Dumoulin,D,d1,d1:D,LA,LAK,los-angeles-kings,Los Angeles,8475208,Brian_Dumoulin,brian-dumoulin,nhl_roster_full,2026-06-17,2026-06-17,82,788,1,kept_played_2025_26
318,Joel Edmundson,D,d1,d1:D,LA,LAK,los-angeles-kings,Los Angeles,8476441,Joel_Edmundson,joel-edmundson,nhl_roster_full,2026-06-17,2026-06-17,82,685,1,kept_played_2025_26
319,Jacob Moverare,D,d1,d1:D,LA,LAK,los-angeles-kings,Los Angeles,8479421,Jacob_Moverare,jacob-moverare,nhl_roster_full,2026-06-17,2026-06-17,15,109,1,kept_played_2025_26
320,Nicolas Aube-Kubel,R,f1,f1:R,MIN,MIN,minnesota-wild,Minnesota,8477979,Nicolas_Aube-Kubel,nicolas-aube-kubel,nhl_roster_full,2026-06-17,2026-06-17,6,310,1,kept_played_2025_26
321,Matt Boldy,L,f1,f1:L,MIN,MIN,minnesota-wild,Minnesota,8481557,Matt_Boldy,matt-boldy,nhl_roster_full,2026-06-17,2026-06-17,76,361,1,kept_played_2025_26
322,Bobby Brink,R,f1,f1:R,MIN,MIN,minnesota-wild,Minnesota,8481553,Bobby_Brink,bobby-brink,nhl_roster_full,2026-06-17,2026-06-17,68,214,1,kept_played_2025_26
323,Joel Eriksson Ek,C,f1,f1:C,MIN,MIN,minnesota-wild,Minnesota,8478493,Joel_Eriksson_Ek,joel-eriksson-ek,nhl_roster_full,2026-06-17,2026-06-17,70,614,1,kept_played_2025_26
324,Robby Fabbri,C,f1,f1:C,MIN,MIN,minnesota-wild,Minnesota,8477952,Robby_Fabbri,robby-fabbri,nhl_roster_full,2026-06-17,2026-06-17,21,463,1,kept_played_2025_26
325,Marcus Foligno,L,f1,f1:L,MIN,MIN,minnesota-wild,Minnesota,8475220,Marcus_Foligno,marcus-foligno,nhl_roster_full,2026-06-17,2026-06-17,56,931,1,kept_played_2025_26
326,Nick Foligno,L,f1,f1:L,MIN,MIN,minnesota-wild,Minnesota,8473422,Nick_Foligno,nick-foligno,nhl_roster_full,2026-06-17,2026-06-17,54,1287,1,kept_played_2025_26
327,Hunter Haight,C,f1,f1:C,MIN,MIN,minnesota-wild,Minnesota,8483452,Hunter_Haight,hunter-haight,nhl_roster_full,2026-06-17,2026-06-17,9,9,1,kept_played_2025_26
328,Ryan Hartman,R,f1,f1:R,MIN,MIN,minnesota-wild,Minnesota,8477451,Ryan_Hartman,ryan-hartman,nhl_roster_full,2026-06-17,2026-06-17,76,725,1,kept_played_2025_26
329,Marcus Johansson,L,f1,f1:L,MIN,MIN,minnesota-wild,Minnesota,8475149,Marcus_Johansson,marcus-johansson,nhl_roster_full,2026-06-17,2026-06-17,75,1058,1,kept_played_2025_26
330,Ben Jones,C,f1,f1:C,MIN,MIN,minnesota-wild,Minnesota,8480259,Ben_Jones,ben-jones,nhl_roster_full,2026-06-17,2026-06-17,28,56,1,kept_played_2025_26
331,Kirill Kaprizov,L,f1,f1:L,MIN,MIN,minnesota-wild,Minnesota,8478864,Kirill_Kaprizov,kirill-kaprizov,nhl_roster_full,2026-06-17,2026-06-17,78,397,1,kept_played_2025_26
332,Michael McCarron,C,f1,f1:C,MIN,MIN,minnesota-wild,Minnesota,8477446,Michael_McCarron,michael-mccarron,nhl_roster_full,2026-06-17,2026-06-17,79,381,1,kept_played_2025_26
333,Nico Sturm,C,f1,f1:C,MIN,MIN,minnesota-wild,Minnesota,8481477,Nico_Sturm,nico-sturm,nhl_roster_full,2026-06-17,2026-06-17,49,380,1,kept_played_2025_26
334,Vladimir Tarasenko,R,f1,f1:R,MIN,MIN,minnesota-wild,Minnesota,8475765,Vladimir_Tarasenko,vladimir-tarasenko,nhl_roster_full,2026-06-17,2026-06-17,75,906,1,kept_played_2025_26
335,Yakov Trenin,C,f1,f1:C,MIN,MIN,minnesota-wild,Minnesota,8478508,Yakov_Trenin,yakov-trenin,nhl_roster_full,2026-06-17,2026-06-17,82,457,1,kept_played_2025_26
336,Danila Yurov,R,f1,f1:R,MIN,MIN,minnesota-wild,Minnesota,8483525,Danila_Yurov,danila-yurov,nhl_roster_full,2026-06-17,2026-06-17,73,73,1,kept_played_2025_26
337,Mats Zuccarello,R,f1,f1:R,MIN,MIN,minnesota-wild,Minnesota,8475692,Mats_Zuccarello,mats-zuccarello,nhl_roster_full,2026-06-17,2026-06-17,59,963,1,kept_played_2025_26
338,Zach Bogosian,D,d1,d1:D,MIN,MIN,minnesota-wild,Minnesota,8474567,Zach_Bogosian,zach-bogosian,nhl_roster_full,2026-06-17,2026-06-17,41,970,1,kept_played_2025_26
339,Jonas Brodin,D,d1,d1:D,MIN,MIN,minnesota-wild,Minnesota,8476463,Jonas_Brodin,jonas-brodin,nhl_roster_full,2026-06-17,2026-06-17,62,915,1,kept_played_2025_26
340,Brock Faber,D,d1,d1:D,MIN,MIN,minnesota-wild,Minnesota,8482122,Brock_Faber,brock-faber,nhl_roster_full,2026-06-17,2026-06-17,80,242,1,kept_played_2025_26
341,Viking Gustafsson Nyberg,D,d1,d1:D,MIN,MIN,minnesota-wild,Minnesota,8486166,Viking_Gustafsson_Nyberg,viking-gustafsson-nyberg,nhl_roster_full,2026-06-17,2026-06-17,2,2,1,kept_played_2025_26
342,Quinn Hughes,D,d1,d1:D,MIN,MIN,minnesota-wild,Minnesota,8480800,Quinn_Hughes,quinn-hughes,nhl_roster_full,2026-06-17,2026-06-17,74,507,1,kept_played_2025_26
343,Daemon Hunt,D,d1,d1:D,MIN,MIN,minnesota-wild,Minnesota,8482094,Daemon_Hunt,daemon-hunt,nhl_roster_full,2026-06-17,2026-06-17,32,45,1,kept_played_2025_26
344,Matt Kiersted,D,d1,d1:D,MIN,MIN,minnesota-wild,Minnesota,8482641,Matt_Kiersted,matt-kiersted,nhl_roster_full,2026-06-17,2026-06-17,6,45,1,kept_played_2025_26
345,Carson Lambos,D,d1,d1:D,MIN,MIN,minnesota-wild,Minnesota,8482781,Carson_Lambos,carson-lambos,nhl_roster_full,2026-06-17,2026-06-17,1,1,1,kept_played_2025_26
346,Jake Middleton,D,d1,d1:D,MIN,MIN,minnesota-wild,Minnesota,8478136,Jake_Middleton,jake-middleton,nhl_roster_full,2026-06-17,2026-06-17,75,381,1,kept_played_2025_26
347,Jeff Petry,D,d1,d1:D,MIN,MIN,minnesota-wild,Minnesota,8473507,Jeff_Petry,jeff-petry,nhl_roster_full,2026-06-17,2026-06-17,67,1048,1,kept_played_2025_26
348,David Spacek,D,d1,d1:D,MIN,MIN,minnesota-wild,Minnesota,8483766,David_Spacek,david-spacek,nhl_roster_full,2026-06-17,2026-06-17,2,2,1,kept_played_2025_26
349,Jared Spurgeon,D,d1,d1:D,MIN,MIN,minnesota-wild,Minnesota,8474716,Jared_Spurgeon,jared-spurgeon,nhl_roster_full,2026-06-17,2026-06-17,79,1012,1,kept_played_2025_26
350,Josh Anderson,R,f1,f1:R,MON,MTL,montreal-canadiens,Montreal,8476981,Josh_Anderson,josh-anderson,nhl_roster_full,2026-06-17,2026-06-17,72,688,1,kept_played_2025_26
351,Owen Beck,C,f1,f1:C,MON,MTL,montreal-canadiens,Montreal,8483424,Owen_Beck,owen-beck,nhl_roster_full,2026-06-17,2026-06-17,15,28,1,kept_played_2025_26
352,Zachary Bolduc,R,f1,f1:R,MON,MTL,montreal-canadiens,Montreal,8482737,Zachary_Bolduc,zachary-bolduc,nhl_roster_full,2026-06-17,2026-06-17,78,175,1,kept_played_2025_26
353,Cole Caufield,R,f1,f1:R,MON,MTL,montreal-canadiens,Montreal,8481540,Cole_Caufield,cole-caufield,nhl_roster_full,2026-06-17,2026-06-17,81,368,1,kept_played_2025_26
354,Kirby Dach,C,f1,f1:C,MON,MTL,montreal-canadiens,Montreal,8481523,Kirby_Dach,kirby-dach,nhl_roster_full,2026-06-17,2026-06-17,37,306,1,kept_played_2025_26
355,Phillip Danault,C,f1,f1:C,MON,MTL,montreal-canadiens,Montreal,8476479,Phillip_Danault,phillip-danault,nhl_roster_full,2026-06-17,2026-06-17,75,786,1,kept_played_2025_26
356,Ivan Demidov,R,f1,f1:R,MON,MTL,montreal-canadiens,Montreal,8484984,Ivan_Demidov,ivan-demidov,nhl_roster_full,2026-06-17,2026-06-17,82,84,1,kept_played_2025_26
357,Jake Evans,C,f1,f1:C,MON,MTL,montreal-canadiens,Montreal,8478133,Jake_Evans,jake-evans,nhl_roster_full,2026-06-17,2026-06-17,68,418,1,kept_played_2025_26
358,Brendan Gallagher,R,f1,f1:R,MON,MTL,montreal-canadiens,Montreal,8475848,Brendan_Gallagher,brendan-gallagher,nhl_roster_full,2026-06-17,2026-06-17,77,911,1,kept_played_2025_26
359,Oliver Kapanen,C,f1,f1:C,MON,MTL,montreal-canadiens,Montreal,8482775,Oliver_Kapanen,oliver-kapanen,nhl_roster_full,2026-06-17,2026-06-17,82,100,1,kept_played_2025_26
360,Patrik Laine,R,f1,f1:R,MON,MTL,montreal-canadiens,Montreal,8479339,Patrik_Laine,patrik-laine,nhl_roster_full,2026-06-17,2026-06-17,5,537,1,kept_played_2025_26
361,Alex Newhook,C,f1,f1:C,MON,MTL,montreal-canadiens,Montreal,8481618,Alex_Newhook,alex-newhook,nhl_roster_full,2026-06-17,2026-06-17,42,338,1,kept_played_2025_26
362,Juraj Slafkovský,L,f1,f1:L,MON,MTL,montreal-canadiens,Montreal,8483515,Juraj_Slafkovský,juraj-slafkovský,nhl_roster_full,2026-06-17,2026-06-17,82,282,1,kept_played_2025_26
363,Nick Suzuki,C,f1,f1:C,MON,MTL,montreal-canadiens,Montreal,8480018,Nick_Suzuki,nick-suzuki,nhl_roster_full,2026-06-17,2026-06-17,82,537,1,kept_played_2025_26
364,Alexandre Texier,L,f1,f1:L,MON,MTL,montreal-canadiens,Montreal,8480074,Alexandre_Texier,alexandre-texier,nhl_roster_full,2026-06-17,2026-06-17,51,283,1,kept_played_2025_26
365,Joe Veleno,C,f1,f1:C,MON,MTL,montreal-canadiens,Montreal,8480813,Joe_Veleno,joe-veleno,nhl_roster_full,2026-06-17,2026-06-17,61,367,1,kept_played_2025_26
366,Florian Xhekaj,L,f1,f1:L,MON,MTL,montreal-canadiens,Montreal,8484403,Florian_Xhekaj,florian-xhekaj,nhl_roster_full,2026-06-17,2026-06-17,5,5,1,kept_played_2025_26
367,Alexandre Carrier,D,d1,d1:D,MON,MTL,montreal-canadiens,Montreal,8478851,Alexandre_Carrier,alexandre-carrier,nhl_roster_full,2026-06-17,2026-06-17,73,369,1,kept_played_2025_26
368,Noah Dobson,D,d1,d1:D,MON,MTL,montreal-canadiens,Montreal,8480865,Noah_Dobson,noah-dobson,nhl_roster_full,2026-06-17,2026-06-17,80,468,1,kept_played_2025_26
369,Adam Engstrom,D,d1,d1:D,MON,MTL,montreal-canadiens,Montreal,8483686,Adam_Engstrom,adam-engstrom,nhl_roster_full,2026-06-17,2026-06-17,15,15,1,kept_played_2025_26
370,Kaiden Guhle,D,d1,d1:D,MON,MTL,montreal-canadiens,Montreal,8482087,Kaiden_Guhle,kaiden-guhle,nhl_roster_full,2026-06-17,2026-06-17,39,208,1,kept_played_2025_26
371,Lane Hutson,D,d1,d1:D,MON,MTL,montreal-canadiens,Montreal,8483457,Lane_Hutson,lane-hutson,nhl_roster_full,2026-06-17,2026-06-17,82,166,1,kept_played_2025_26
372,Mike Matheson,D,d1,d1:D,MON,MTL,montreal-canadiens,Montreal,8476875,Mike_Matheson,mike-matheson,nhl_roster_full,2026-06-17,2026-06-17,78,705,1,kept_played_2025_26
373,David Reinbacher,D,d1,d1:D,MON,MTL,montreal-canadiens,Montreal,8484220,David_Reinbacher,david-reinbacher,nhl_roster_full,2026-06-17,2026-06-17,2,2,1,kept_played_2025_26
374,Jayden Struble,D,d1,d1:D,MON,MTL,montreal-canadiens,Montreal,8481593,Jayden_Struble,jayden-struble,nhl_roster_full,2026-06-17,2026-06-17,59,171,1,kept_played_2025_26
375,Arber Xhekaj,D,d1,d1:D,MON,MTL,montreal-canadiens,Montreal,8482964,Arber_Xhekaj,arber-xhekaj,nhl_roster_full,2026-06-17,2026-06-17,65,230,1,kept_played_2025_26
376,Ross Colton,C,f1,f1:C,NAS,NSH,nashville-predators,Nashville,8479525,Ross_Colton,ross-colton,nhl_roster_full,2026-06-17,2026-06-17,73,404,1,kept_played_2025_26
377,Luke Evangelista,R,f1,f1:R,NAS,NSH,nashville-predators,Nashville,8482146,Luke_Evangelista,luke-evangelista,nhl_roster_full,2026-06-17,2026-06-17,81,253,1,kept_played_2025_26
378,Aiden Fink,R,f1,f1:R,NAS,NSH,nashville-predators,Nashville,8484494,Aiden_Fink,aiden-fink,nhl_roster_full,2026-06-17,2026-06-17,0,0,0,dropped_never_played_nhl
379,Filip Forsberg,L,f1,f1:L,NAS,NSH,nashville-predators,Nashville,8476887,Filip_Forsberg,filip-forsberg,nhl_roster_full,2026-06-17,2026-06-17,82,862,1,kept_played_2025_26
380,Erik Haula,L,f1,f1:L,NAS,NSH,nashville-predators,Nashville,8475287,Erik_Haula,erik-haula,nhl_roster_full,2026-06-17,2026-06-17,81,840,1,kept_played_2025_26
381,Tyson Jost,C,f1,f1:C,NAS,NSH,nashville-predators,Nashville,8479370,Tyson_Jost,tyson-jost,nhl_roster_full,2026-06-17,2026-06-17,69,564,1,kept_played_2025_26
382,Jonathan Marchessault,C,f1,f1:C,NAS,NSH,nashville-predators,Nashville,8476539,Jonathan_Marchessault,jonathan-marchessault,nhl_roster_full,2026-06-17,2026-06-17,62,778,1,kept_played_2025_26
383,Ryan O'Reilly,C,f1,f1:C,NAS,NSH,nashville-predators,Nashville,8475158,Ryan_O'Reilly,ryan-oreilly,nhl_roster_full,2026-06-17,2026-06-17,81,1233,1,kept_played_2025_26
384,Steven Stamkos,C,f1,f1:C,NAS,NSH,nashville-predators,Nashville,8474564,Steven_Stamkos,steven-stamkos,nhl_roster_full,2026-06-17,2026-06-17,82,1246,1,kept_played_2025_26
385,Fedor Svechkov,C,f1,f1:C,NAS,NSH,nashville-predators,Nashville,8482768,Fedor_Svechkov,fedor-svechkov,nhl_roster_full,2026-06-17,2026-06-17,70,122,1,kept_played_2025_26
386,Ozzy Wiesblatt,C,f1,f1:C,NAS,NSH,nashville-predators,Nashville,8482103,Ozzy_Wiesblatt,ozzy-wiesblatt,nhl_roster_full,2026-06-17,2026-06-17,40,45,1,kept_played_2025_26
387,Matthew Wood,R,f1,f1:R,NAS,NSH,nashville-predators,Nashville,8484241,Matthew_Wood,matthew-wood,nhl_roster_full,2026-06-17,2026-06-17,71,77,1,kept_played_2025_26
388,Justin Barron,D,d1,d1:D,NAS,NSH,nashville-predators,Nashville,8482111,Justin_Barron,justin-barron,nhl_roster_full,2026-06-17,2026-06-17,52,208,1,kept_played_2025_26
389,Nicolas Hague,D,d1,d1:D,NAS,NSH,nashville-predators,Nashville,8479980,Nicolas_Hague,nicolas-hague,nhl_roster_full,2026-06-17,2026-06-17,62,426,1,kept_played_2025_26
390,Roman Josi,D,d1,d1:D,NAS,NSH,nashville-predators,Nashville,8474600,Roman_Josi,roman-josi,nhl_roster_full,2026-06-17,2026-06-17,68,1030,1,kept_played_2025_26
391,Nick Perbix,D,d1,d1:D,NAS,NSH,nashville-predators,Nashville,8480246,Nick_Perbix,nick-perbix,nhl_roster_full,2026-06-17,2026-06-17,79,299,1,kept_played_2025_26
392,Brady Skjei,D,d1,d1:D,NAS,NSH,nashville-predators,Nashville,8476869,Brady_Skjei,brady-skjei,nhl_roster_full,2026-06-17,2026-06-17,82,773,1,kept_played_2025_26
393,Adam Wilsby,D,d1,d1:D,NAS,NSH,nashville-predators,Nashville,8482482,Adam_Wilsby,adam-wilsby,nhl_roster_full,2026-06-17,2026-06-17,58,81,1,kept_played_2025_26
394,Nick Bjugstad,C,f1,f1:C,NJ,NJD,new-jersey-devils,New Jersey,8475760,Nick_Bjugstad,nick-bjugstad,nhl_roster_full,2026-06-17,2026-06-17,61,821,1,kept_played_2025_26
395,Jesper Bratt,L,f1,f1:L,NJ,NJD,new-jersey-devils,New Jersey,8479407,Jesper_Bratt,jesper-bratt,nhl_roster_full,2026-06-17,2026-06-17,82,634,1,kept_played_2025_26
396,Connor Brown,R,f1,f1:R,NJ,NJD,new-jersey-devils,New Jersey,8477015,Connor_Brown,connor-brown,nhl_roster_full,2026-06-17,2026-06-17,75,676,1,kept_played_2025_26
397,Paul Cotter,L,f1,f1:L,NJ,NJD,new-jersey-devils,New Jersey,8481032,Paul_Cotter,paul-cotter,nhl_roster_full,2026-06-17,2026-06-17,79,296,1,kept_played_2025_26
398,Evgenii Dadonov,L,f1,f1:L,NJ,NJD,new-jersey-devils,New Jersey,8474149,Evgenii_Dadonov,evgenii-dadonov,nhl_roster_full,2026-06-17,2026-06-17,24,641,1,kept_played_2025_26
399,Cody Glass,C,f1,f1:C,NJ,NJD,new-jersey-devils,New Jersey,8479996,Cody_Glass,cody-glass,nhl_roster_full,2026-06-17,2026-06-17,70,322,1,kept_played_2025_26
400,Arseny Gritsyuk,R,f1,f1:R,NJ,NJD,new-jersey-devils,New Jersey,8481721,Arseny_Gritsyuk,arseny-gritsyuk,nhl_roster_full,2026-06-17,2026-06-17,66,66,1,kept_played_2025_26
401,Nico Hischier,C,f1,f1:C,NJ,NJD,new-jersey-devils,New Jersey,8480002,Nico_Hischier,nico-hischier,nhl_roster_full,2026-06-17,2026-06-17,82,609,1,kept_played_2025_26
402,Jack Hughes,C,f1,f1:C,NJ,NJD,new-jersey-devils,New Jersey,8481559,Jack_Hughes,jack-hughes,nhl_roster_full,2026-06-17,2026-06-17,61,429,1,kept_played_2025_26
403,Zack MacEwen,R,f1,f1:R,NJ,NJD,new-jersey-devils,New Jersey,8479772,Zack_MacEwen,zack-macewen,nhl_roster_full,2026-06-17,2026-06-17,3,240,1,kept_played_2025_26
404,Timo Meier,R,f1,f1:R,NJ,NJD,new-jersey-devils,New Jersey,8478414,Timo_Meier,timo-meier,nhl_roster_full,2026-06-17,2026-06-17,77,698,1,kept_played_2025_26
405,Dawson Mercer,C,f1,f1:C,NJ,NJD,new-jersey-devils,New Jersey,8482110,Dawson_Mercer,dawson-mercer,nhl_roster_full,2026-06-17,2026-06-17,82,410,1,kept_played_2025_26
406,Stefan Noesen,R,f1,f1:R,NJ,NJD,new-jersey-devils,New Jersey,8476474,Stefan_Noesen,stefan-noesen,nhl_roster_full,2026-06-17,2026-06-17,38,482,1,kept_played_2025_26
407,Maxim Tsyplakov,R,f1,f1:R,NJ,NJD,new-jersey-devils,New Jersey,8484958,Maxim_Tsyplakov,maxim-tsyplakov,nhl_roster_full,2026-06-17,2026-06-17,49,126,1,kept_played_2025_26
408,Dennis Cholowski,D,d1,d1:D,NJ,NJD,new-jersey-devils,New Jersey,8479395,Dennis_Cholowski,dennis-cholowski,nhl_roster_full,2026-06-17,2026-06-17,17,173,1,kept_played_2025_26
409,Brenden Dillon,D,d1,d1:D,NJ,NJD,new-jersey-devils,New Jersey,8475455,Brenden_Dillon,brenden-dillon,nhl_roster_full,2026-06-17,2026-06-17,82,1056,1,kept_played_2025_26
410,Dougie Hamilton,D,d1,d1:D,NJ,NJD,new-jersey-devils,New Jersey,8476462,Dougie_Hamilton,dougie-hamilton,nhl_roster_full,2026-06-17,2026-06-17,77,912,1,kept_played_2025_26
411,Luke Hughes,D,d1,d1:D,NJ,NJD,new-jersey-devils,New Jersey,8482684,Luke_Hughes,luke-hughes,nhl_roster_full,2026-06-17,2026-06-17,68,223,1,kept_played_2025_26
412,Johnathan Kovacevic,D,d1,d1:D,NJ,NJD,new-jersey-devils,New Jersey,8480192,Johnathan_Kovacevic,johnathan-kovacevic,nhl_roster_full,2026-06-17,2026-06-17,34,258,1,kept_played_2025_26
413,Simon Nemec,D,d1,d1:D,NJ,NJD,new-jersey-devils,New Jersey,8483495,Simon_Nemec,simon-nemec,nhl_roster_full,2026-06-17,2026-06-17,68,155,1,kept_played_2025_26
414,Brett Pesce,D,d1,d1:D,NJ,NJD,new-jersey-devils,New Jersey,8477488,Brett_Pesce,brett-pesce,nhl_roster_full,2026-06-17,2026-06-17,37,736,1,kept_played_2025_26
415,Jonas Siegenthaler,D,d1,d1:D,NJ,NJD,new-jersey-devils,New Jersey,8478399,Jonas_Siegenthaler,jonas-siegenthaler,nhl_roster_full,2026-06-17,2026-06-17,82,449,1,kept_played_2025_26
416,Mathew Barzal,C,f1,f1:C,NYI,NYI,new-york-islanders,New York Islanders,8478445,Mathew_Barzal,mathew-barzal,nhl_roster_full,2026-06-17,2026-06-17,81,611,1,kept_played_2025_26
417,Casey Cizikas,C,f1,f1:C,NYI,NYI,new-york-islanders,New York Islanders,8475231,Casey_Cizikas,casey-cizikas,nhl_roster_full,2026-06-17,2026-06-17,81,978,1,kept_played_2025_26
418,Anthony Duclair,L,f1,f1:L,NYI,NYI,new-york-islanders,New York Islanders,8477407,Anthony_Duclair,anthony-duclair,nhl_roster_full,2026-06-17,2026-06-17,62,669,1,kept_played_2025_26
419,Marc Gatcomb,C,f1,f1:C,NYI,NYI,new-york-islanders,New York Islanders,8483553,Marc_Gatcomb,marc-gatcomb,nhl_roster_full,2026-06-17,2026-06-17,49,88,1,kept_played_2025_26
420,Emil Heineman,L,f1,f1:L,NYI,NYI,new-york-islanders,New York Islanders,8482476,Emil_Heineman,emil-heineman,nhl_roster_full,2026-06-17,2026-06-17,82,148,1,kept_played_2025_26
421,Simon Holmstrom,R,f1,f1:R,NYI,NYI,new-york-islanders,New York Islanders,8481601,Simon_Holmstrom,simon-holmstrom,nhl_roster_full,2026-06-17,2026-06-17,79,279,1,kept_played_2025_26
422,Bo Horvat,C,f1,f1:C,NYI,NYI,new-york-islanders,New York Islanders,8477500,Bo_Horvat,bo-horvat,nhl_roster_full,2026-06-17,2026-06-17,68,881,1,kept_played_2025_26
423,Anders Lee,L,f1,f1:L,NYI,NYI,new-york-islanders,New York Islanders,8475314,Anders_Lee,anders-lee,nhl_roster_full,2026-06-17,2026-06-17,82,923,1,kept_played_2025_26
424,Kyle MacLean,C,f1,f1:C,NYI,NYI,new-york-islanders,New York Islanders,8481237,Kyle_MacLean,kyle-maclean,nhl_roster_full,2026-06-17,2026-06-17,59,172,1,kept_played_2025_26
425,Jean-Gabriel Pageau,C,f1,f1:C,NYI,NYI,new-york-islanders,New York Islanders,8476419,Jean-Gabriel_Pageau,jean-gabriel-pageau,nhl_roster_full,2026-06-17,2026-06-17,74,871,1,kept_played_2025_26
426,Ondrej Palat,L,f1,f1:L,NYI,NYI,new-york-islanders,New York Islanders,8476292,Ondrej_Palat,ondrej-palat,nhl_roster_full,2026-06-17,2026-06-17,80,905,1,kept_played_2025_26
427,Kyle Palmieri,C,f1,f1:C,NYI,NYI,new-york-islanders,New York Islanders,8475151,Kyle_Palmieri,kyle-palmieri,nhl_roster_full,2026-06-17,2026-06-17,25,925,1,kept_played_2025_26
428,Brayden Schenn,C,f1,f1:C,NYI,NYI,new-york-islanders,New York Islanders,8475170,Brayden_Schenn,brayden-schenn,nhl_roster_full,2026-06-17,2026-06-17,80,1102,1,kept_played_2025_26
429,Max Shabanov,R,f1,f1:R,NYI,NYI,new-york-islanders,New York Islanders,8485702,Max_Shabanov,max-shabanov,nhl_roster_full,2026-06-17,2026-06-17,44,44,1,kept_played_2025_26
430,Adam Boqvist,D,d1,d1:D,NYI,NYI,new-york-islanders,New York Islanders,8480871,Adam_Boqvist,adam-boqvist,nhl_roster_full,2026-06-17,2026-06-17,28,272,1,kept_played_2025_26
431,Tony DeAngelo,D,d1,d1:D,NYI,NYI,new-york-islanders,New York Islanders,8477950,Tony_DeAngelo,tony-deangelo,nhl_roster_full,2026-06-17,2026-06-17,76,482,1,kept_played_2025_26
432,Scott Mayfield,D,d1,d1:D,NYI,NYI,new-york-islanders,New York Islanders,8476429,Scott_Mayfield,scott-mayfield,nhl_roster_full,2026-06-17,2026-06-17,80,615,1,kept_played_2025_26
433,Adam Pelech,D,d1,d1:D,NYI,NYI,new-york-islanders,New York Islanders,8476917,Adam_Pelech,adam-pelech,nhl_roster_full,2026-06-17,2026-06-17,82,642,1,kept_played_2025_26
434,Ryan Pulock,D,d1,d1:D,NYI,NYI,new-york-islanders,New York Islanders,8477506,Ryan_Pulock,ryan-pulock,nhl_roster_full,2026-06-17,2026-06-17,76,636,1,kept_played_2025_26
435,Alexander Romanov,D,d1,d1:D,NYI,NYI,new-york-islanders,New York Islanders,8481014,Alexander_Romanov,alexander-romanov,nhl_roster_full,2026-06-17,2026-06-17,15,369,1,kept_played_2025_26
436,Matthew Schaefer,D,d1,d1:D,NYI,NYI,new-york-islanders,New York Islanders,8485366,Matthew_Schaefer,matthew-schaefer,nhl_roster_full,2026-06-17,2026-06-17,82,82,1,kept_played_2025_26
437,Carson Soucy,D,d1,d1:D,NYI,NYI,new-york-islanders,New York Islanders,8477369,Carson_Soucy,carson-soucy,nhl_roster_full,2026-06-17,2026-06-17,76,441,1,kept_played_2025_26
438,Jonny Brodzinski,C,f1,f1:C,NYR,NYR,new-york-rangers,New York Rangers,8477380,Jonny_Brodzinski,jonny-brodzinski,nhl_roster_full,2026-06-17,2026-06-17,55,264,1,kept_played_2025_26
439,Jaroslav Chmelar,R,f1,f1:R,NYR,NYR,new-york-rangers,New York Rangers,8482877,Jaroslav_Chmelar,jaroslav-chmelar,nhl_roster_full,2026-06-17,2026-06-17,28,28,1,kept_played_2025_26
440,Will Cuylle,L,f1,f1:L,NYR,NYR,new-york-rangers,New York Rangers,8482157,Will_Cuylle,will-cuylle,nhl_roster_full,2026-06-17,2026-06-17,82,249,1,kept_played_2025_26
441,Adam Edstrom,C,f1,f1:C,NYR,NYR,new-york-rangers,New York Rangers,8481726,Adam_Edstrom,adam-edstrom,nhl_roster_full,2026-06-17,2026-06-17,35,97,1,kept_played_2025_26
442,Tye Kartye,L,f1,f1:L,NYR,NYR,new-york-rangers,New York Rangers,8481789,Tye_Kartye,tye-kartye,nhl_roster_full,2026-06-17,2026-06-17,64,204,1,kept_played_2025_26
443,Noah Laba,C,f1,f1:C,NYR,NYR,new-york-rangers,New York Rangers,8483690,Noah_Laba,noah-laba,nhl_roster_full,2026-06-17,2026-06-17,74,74,1,kept_played_2025_26
444,Alexis Lafrenière,L,f1,f1:L,NYR,NYR,new-york-rangers,New York Rangers,8482109,Alexis_Lafrenière,alexis-lafrenière,nhl_roster_full,2026-06-17,2026-06-17,82,462,1,kept_played_2025_26
445,J.T. Miller,C,f1,f1:C,NYR,NYR,new-york-rangers,New York Rangers,8476468,J.T._Miller,jt-miller,nhl_roster_full,2026-06-17,2026-06-17,68,939,1,kept_played_2025_26
446,Gabe Perreault,R,f1,f1:R,NYR,NYR,new-york-rangers,New York Rangers,8484210,Gabe_Perreault,gabe-perreault,nhl_roster_full,2026-06-17,2026-06-17,49,54,1,kept_played_2025_26
447,Taylor Raddysh,R,f1,f1:R,NYR,NYR,new-york-rangers,New York Rangers,8479390,Taylor_Raddysh,taylor-raddysh,nhl_roster_full,2026-06-17,2026-06-17,68,373,1,kept_played_2025_26
448,Matt Rempe,C,f1,f1:C,NYR,NYR,new-york-rangers,New York Rangers,8482460,Matt_Rempe,matt-rempe,nhl_roster_full,2026-06-17,2026-06-17,26,85,1,kept_played_2025_26
449,Conor Sheary,L,f1,f1:L,NYR,NYR,new-york-rangers,New York Rangers,8477839,Conor_Sheary,conor-sheary,nhl_roster_full,2026-06-17,2026-06-17,62,655,1,kept_played_2025_26
450,Adam Sykora,L,f1,f1:L,NYR,NYR,new-york-rangers,New York Rangers,8483669,Adam_Sykora,adam-sykora,nhl_roster_full,2026-06-17,2026-06-17,11,11,1,kept_played_2025_26
451,Vincent Trocheck,C,f1,f1:C,NYR,NYR,new-york-rangers,New York Rangers,8476389,Vincent_Trocheck,vincent-trocheck,nhl_roster_full,2026-06-17,2026-06-17,67,868,1,kept_played_2025_26
452,Mika Zibanejad,C,f1,f1:C,NYR,NYR,new-york-rangers,New York Rangers,8476459,Mika_Zibanejad,mika-zibanejad,nhl_roster_full,2026-06-17,2026-06-17,81,1011,1,kept_played_2025_26
453,Will Borgen,D,d1,d1:D,NYR,NYR,new-york-rangers,New York Rangers,8478840,Will_Borgen,will-borgen,nhl_roster_full,2026-06-17,2026-06-17,75,373,1,kept_played_2025_26
454,Drew Fortescue,D,d1,d1:D,NYR,NYR,new-york-rangers,New York Rangers,8484169,Drew_Fortescue,drew-fortescue,nhl_roster_full,2026-06-17,2026-06-17,9,9,1,kept_played_2025_26
455,Adam Fox,D,d1,d1:D,NYR,NYR,new-york-rangers,New York Rangers,8479323,Adam_Fox,adam-fox,nhl_roster_full,2026-06-17,2026-06-17,55,486,1,kept_played_2025_26
456,Vladislav Gavrikov,D,d1,d1:D,NYR,NYR,new-york-rangers,New York Rangers,8478882,Vladislav_Gavrikov,vladislav-gavrikov,nhl_roster_full,2026-06-17,2026-06-17,82,517,1,kept_played_2025_26
457,Vincent Iorio,D,d1,d1:D,NYR,NYR,new-york-rangers,New York Rangers,8482861,Vincent_Iorio,vincent-iorio,nhl_roster_full,2026-06-17,2026-06-17,27,36,1,kept_played_2025_26
458,Matthew Robertson,D,d1,d1:D,NYR,NYR,new-york-rangers,New York Rangers,8481525,Matthew_Robertson,matthew-robertson,nhl_roster_full,2026-06-17,2026-06-17,72,74,1,kept_played_2025_26
459,Braden Schneider,D,d1,d1:D,NYR,NYR,new-york-rangers,New York Rangers,8482073,Braden_Schneider,braden-schneider,nhl_roster_full,2026-06-17,2026-06-17,82,368,1,kept_played_2025_26
460,Urho Vaakanainen,D,d1,d1:D,NYR,NYR,new-york-rangers,New York Rangers,8480001,Urho_Vaakanainen,urho-vaakanainen,nhl_roster_full,2026-06-17,2026-06-17,34,221,1,kept_played_2025_26
461,Michael Amadio,R,f1,f1:R,OTT,OTT,ottawa-senators,Ottawa,8478020,Michael_Amadio,michael-amadio,nhl_roster_full,2026-06-17,2026-06-17,81,522,1,kept_played_2025_26
462,Drake Batherson,R,f1,f1:R,OTT,OTT,ottawa-senators,Ottawa,8480208,Drake_Batherson,drake-batherson,nhl_roster_full,2026-06-17,2026-06-17,79,470,1,kept_played_2025_26
463,Tyler Boucher,R,f1,f1:R,OTT,OTT,ottawa-senators,Ottawa,8482674,Tyler_Boucher,tyler-boucher,nhl_roster_full,2026-06-17,2026-06-17,0,0,0,dropped_never_played_nhl
464,Graeme Clarke,R,f1,f1:R,OTT,OTT,ottawa-senators,Ottawa,8481578,Graeme_Clarke,graeme-clarke,nhl_roster_full,2026-06-17,2026-06-17,0,3,1,kept_career_nhl
465,Nick Cousins,C,f1,f1:C,OTT,OTT,ottawa-senators,Ottawa,8476393,Nick_Cousins,nick-cousins,nhl_roster_full,2026-06-17,2026-06-17,81,723,1,kept_played_2025_26
466,Dylan Cozens,C,f1,f1:C,OTT,OTT,ottawa-senators,Ottawa,8481528,Dylan_Cozens,dylan-cozens,nhl_roster_full,2026-06-17,2026-06-17,82,444,1,kept_played_2025_26
467,Lars Eller,C,f1,f1:C,OTT,OTT,ottawa-senators,Ottawa,8474189,Lars_Eller,lars-eller,nhl_roster_full,2026-06-17,2026-06-17,68,1184,1,kept_played_2025_26
468,Warren Foegele,L,f1,f1:L,OTT,OTT,ottawa-senators,Ottawa,8477998,Warren_Foegele,warren-foegele,nhl_roster_full,2026-06-17,2026-06-17,68,581,1,kept_played_2025_26
469,Claude Giroux,R,f1,f1:R,OTT,OTT,ottawa-senators,Ottawa,8473512,Claude_Giroux,claude-giroux,nhl_roster_full,2026-06-17,2026-06-17,82,1345,1,kept_played_2025_26
470,Ridly Greig,C,f1,f1:C,OTT,OTT,ottawa-senators,Ottawa,8482092,Ridly_Greig,ridly-greig,nhl_roster_full,2026-06-17,2026-06-17,77,247,1,kept_played_2025_26
471,Stephen Halliday,C,f1,f1:C,OTT,OTT,ottawa-senators,Ottawa,8483676,Stephen_Halliday,stephen-halliday,nhl_roster_full,2026-06-17,2026-06-17,30,30,1,kept_played_2025_26
472,Hayden Hodgson,R,f1,f1:R,OTT,OTT,ottawa-senators,Ottawa,8478173,Hayden_Hodgson,hayden-hodgson,nhl_roster_full,2026-06-17,2026-06-17,10,19,1,kept_played_2025_26
473,Arthur Kaliyev,R,f1,f1:R,OTT,OTT,ottawa-senators,Ottawa,8481560,Arthur_Kaliyev,arthur-kaliyev,nhl_roster_full,2026-06-17,2026-06-17,2,204,1,kept_played_2025_26
474,Kurtis MacDermid,L,f1,f1:L,OTT,OTT,ottawa-senators,Ottawa,8477073,Kurtis_MacDermid,kurtis-macdermid,nhl_roster_full,2026-06-17,2026-06-17,19,307,1,kept_played_2025_26
475,Oskar Pettersson,R,f1,f1:R,OTT,OTT,ottawa-senators,Ottawa,8483673,Oskar_Pettersson,oskar-pettersson,nhl_roster_full,2026-06-17,2026-06-17,0,0,0,dropped_never_played_nhl
476,Shane Pinto,C,f1,f1:C,OTT,OTT,ottawa-senators,Ottawa,8481596,Shane_Pinto,shane-pinto,nhl_roster_full,2026-06-17,2026-06-17,72,282,1,kept_played_2025_26
477,Tim Stützle,C,f1,f1:C,OTT,OTT,ottawa-senators,Ottawa,8482116,Tim_Stützle,tim-stützle,nhl_roster_full,2026-06-17,2026-06-17,80,447,1,kept_played_2025_26
478,Brady Tkachuk,L,f1,f1:L,OTT,OTT,ottawa-senators,Ottawa,8480801,Brady_Tkachuk,brady-tkachuk,nhl_roster_full,2026-06-17,2026-06-17,60,572,1,kept_played_2025_26
479,Fabian Zetterlund,L,f1,f1:L,OTT,OTT,ottawa-senators,Ottawa,8480188,Fabian_Zetterlund,fabian-zetterlund,nhl_roster_full,2026-06-17,2026-06-17,82,329,1,kept_played_2025_26
480,Thomas Chabot,D,d1,d1:D,OTT,OTT,ottawa-senators,Ottawa,8478469,Thomas_Chabot,thomas-chabot,nhl_roster_full,2026-06-17,2026-06-17,57,569,1,kept_played_2025_26
481,Cameron Crotty,D,d1,d1:D,OTT,OTT,ottawa-senators,Ottawa,8480075,Cameron_Crotty,cameron-crotty,nhl_roster_full,2026-06-17,2026-06-17,6,8,1,kept_played_2025_26
482,Dennis Gilbert,D,d1,d1:D,OTT,OTT,ottawa-senators,Ottawa,8478502,Dennis_Gilbert,dennis-gilbert,nhl_roster_full,2026-06-17,2026-06-17,8,119,1,kept_played_2025_26
483,Nick Jensen,D,d1,d1:D,OTT,OTT,ottawa-senators,Ottawa,8475324,Nick_Jensen,nick-jensen,nhl_roster_full,2026-06-17,2026-06-17,61,694,1,kept_played_2025_26
484,Tyler Kleven,D,d1,d1:D,OTT,OTT,ottawa-senators,Ottawa,8482095,Tyler_Kleven,tyler-kleven,nhl_roster_full,2026-06-17,2026-06-17,70,166,1,kept_played_2025_26
485,Nikolas Matinpalo,D,d1,d1:D,OTT,OTT,ottawa-senators,Ottawa,8484321,Nikolas_Matinpalo,nikolas-matinpalo,nhl_roster_full,2026-06-17,2026-06-17,50,95,1,kept_played_2025_26
486,Jake Sanderson,D,d1,d1:D,OTT,OTT,ottawa-senators,Ottawa,8482105,Jake_Sanderson,jake-sanderson,nhl_roster_full,2026-06-17,2026-06-17,67,303,1,kept_played_2025_26
487,Jordan Spence,D,d1,d1:D,OTT,OTT,ottawa-senators,Ottawa,8481606,Jordan_Spence,jordan-spence,nhl_roster_full,2026-06-17,2026-06-17,73,253,1,kept_played_2025_26
488,Lassi Thomson,D,d1,d1:D,OTT,OTT,ottawa-senators,Ottawa,8481575,Lassi_Thomson,lassi-thomson,nhl_roster_full,2026-06-17,2026-06-17,11,29,1,kept_played_2025_26
489,Carter Yakemchuk,D,d1,d1:D,OTT,OTT,ottawa-senators,Ottawa,8484759,Carter_Yakemchuk,carter-yakemchuk,nhl_roster_full,2026-06-17,2026-06-17,4,4,1,kept_played_2025_26
490,Artem Zub,D,d1,d1:D,OTT,OTT,ottawa-senators,Ottawa,8482245,Artem_Zub,artem-zub,nhl_roster_full,2026-06-17,2026-06-17,81,387,1,kept_played_2025_26
491,Rodrigo Abols,C,f1,f1:C,PHI,PHI,philadelphia-flyers,Philadelphia,8479022,Rodrigo_Abols,rodrigo-abols,nhl_roster_full,2026-06-17,2026-06-17,42,64,1,kept_played_2025_26
492,Denver Barkey,C,f1,f1:C,PHI,PHI,philadelphia-flyers,Philadelphia,8484142,Denver_Barkey,denver-barkey,nhl_roster_full,2026-06-17,2026-06-17,43,43,1,kept_played_2025_26
493,Alex Bump,L,f1,f1:L,PHI,PHI,philadelphia-flyers,Philadelphia,8483731,Alex_Bump,alex-bump,nhl_roster_full,2026-06-17,2026-06-17,17,17,1,kept_played_2025_26
494,Noah Cates,L,f1,f1:L,PHI,PHI,philadelphia-flyers,Philadelphia,8480220,Noah_Cates,noah-cates,nhl_roster_full,2026-06-17,2026-06-17,82,317,1,kept_played_2025_26
495,Sean Couturier,C,f1,f1:C,PHI,PHI,philadelphia-flyers,Philadelphia,8476461,Sean_Couturier,sean-couturier,nhl_roster_full,2026-06-17,2026-06-17,78,952,1,kept_played_2025_26
496,Christian Dvorak,C,f1,f1:C,PHI,PHI,philadelphia-flyers,Philadelphia,8477989,Christian_Dvorak,christian-dvorak,nhl_roster_full,2026-06-17,2026-06-17,80,614,1,kept_played_2025_26
497,Oscar Eklind,L,f1,f1:L,PHI,PHI,philadelphia-flyers,Philadelphia,8484928,Oscar_Eklind,oscar-eklind,nhl_roster_full,2026-06-17,2026-06-17,0,0,0,dropped_never_played_nhl
498,Tyson Foerster,R,f1,f1:R,PHI,PHI,philadelphia-flyers,Philadelphia,8482159,Tyson_Foerster,tyson-foerster,nhl_roster_full,2026-06-17,2026-06-17,29,195,1,kept_played_2025_26
499,Jacob Gaucher,C,f1,f1:C,PHI,PHI,philadelphia-flyers,Philadelphia,8481848,Jacob_Gaucher,jacob-gaucher,nhl_roster_full,2026-06-17,2026-06-17,4,8,1,kept_played_2025_26
500,Luke Glendening,C,f1,f1:C,PHI,PHI,philadelphia-flyers,Philadelphia,8476822,Luke_Glendening,luke-glendening,nhl_roster_full,2026-06-17,2026-06-17,70,934,1,kept_played_2025_26
501,Nikita Grebenkin,R,f1,f1:R,PHI,PHI,philadelphia-flyers,Philadelphia,8483733,Nikita_Grebenkin,nikita-grebenkin,nhl_roster_full,2026-06-17,2026-06-17,55,62,1,kept_played_2025_26
502,Carl Grundstrom,R,f1,f1:R,PHI,PHI,philadelphia-flyers,Philadelphia,8479336,Carl_Grundstrom,carl-grundstrom,nhl_roster_full,2026-06-17,2026-06-17,47,339,1,kept_played_2025_26
503,Garnet Hathaway,R,f1,f1:R,PHI,PHI,philadelphia-flyers,Philadelphia,8477903,Garnet_Hathaway,garnet-hathaway,nhl_roster_full,2026-06-17,2026-06-17,66,672,1,kept_played_2025_26
504,Travis Konecny,R,f1,f1:R,PHI,PHI,philadelphia-flyers,Philadelphia,8478439,Travis_Konecny,travis-konecny,nhl_roster_full,2026-06-17,2026-06-17,77,723,1,kept_played_2025_26
505,Jett Luchanko,C,f1,f1:C,PHI,PHI,philadelphia-flyers,Philadelphia,8484779,Jett_Luchanko,jett-luchanko,nhl_roster_full,2026-06-17,2026-06-17,4,8,1,kept_played_2025_26
506,Porter Martone,R,f1,f1:R,PHI,PHI,philadelphia-flyers,Philadelphia,8485406,Porter_Martone,porter-martone,nhl_roster_full,2026-06-17,2026-06-17,9,9,1,kept_played_2025_26
507,Matvei Michkov,R,f1,f1:R,PHI,PHI,philadelphia-flyers,Philadelphia,8484387,Matvei_Michkov,matvei-michkov,nhl_roster_full,2026-06-17,2026-06-17,81,161,1,kept_played_2025_26
508,Owen Tippett,R,f1,f1:R,PHI,PHI,philadelphia-flyers,Philadelphia,8480015,Owen_Tippett,owen-tippett,nhl_roster_full,2026-06-17,2026-06-17,81,428,1,kept_played_2025_26
509,Garrett Wilson,L,f1,f1:L,PHI,PHI,philadelphia-flyers,Philadelphia,8475253,Garrett_Wilson,garrett-wilson,nhl_roster_full,2026-06-17,2026-06-17,3,87,1,kept_played_2025_26
510,Trevor Zegras,C,f1,f1:C,PHI,PHI,philadelphia-flyers,Philadelphia,8481533,Trevor_Zegras,trevor-zegras,nhl_roster_full,2026-06-17,2026-06-17,81,349,1,kept_played_2025_26
511,Emil Andrae,D,d1,d1:D,PHI,PHI,philadelphia-flyers,Philadelphia,8482126,Emil_Andrae,emil-andrae,nhl_roster_full,2026-06-17,2026-06-17,61,107,1,kept_played_2025_26
512,Simon Benoit,D,d1,d1:D,PHI,PHI,philadelphia-flyers,Philadelphia,8481122,Simon_Benoit,simon-benoit,nhl_roster_full,2026-06-17,2026-06-17,73,352,1,kept_played_2025_26
513,Oliver Bonk,D,d1,d1:D,PHI,PHI,philadelphia-flyers,Philadelphia,8484148,Oliver_Bonk,oliver-bonk,nhl_roster_full,2026-06-17,2026-06-17,1,1,1,kept_played_2025_26
514,Jamie Drysdale,D,d1,d1:D,PHI,PHI,philadelphia-flyers,Philadelphia,8482142,Jamie_Drysdale,jamie-drysdale,nhl_roster_full,2026-06-17,2026-06-17,78,295,1,kept_played_2025_26
515,Helge Grans,D,d1,d1:D,PHI,PHI,philadelphia-flyers,Philadelphia,8482169,Helge_Grans,helge-grans,nhl_roster_full,2026-06-17,2026-06-17,0,6,1,kept_career_nhl
516,David Jiricek,D,d1,d1:D,PHI,PHI,philadelphia-flyers,Philadelphia,8483460,David_Jiricek,david-jiricek,nhl_roster_full,2026-06-17,2026-06-17,26,85,1,kept_played_2025_26
517,Noah Juulsen,D,d1,d1:D,PHI,PHI,philadelphia-flyers,Philadelphia,8478454,Noah_Juulsen,noah-juulsen,nhl_roster_full,2026-06-17,2026-06-17,52,209,1,kept_played_2025_26
518,Hunter McDonald,D,d1,d1:D,PHI,PHI,philadelphia-flyers,Philadelphia,8483760,Hunter_McDonald,hunter-mcdonald,nhl_roster_full,2026-06-17,2026-06-17,1,1,1,kept_played_2025_26
519,Rasmus Ristolainen,D,d1,d1:D,PHI,PHI,philadelphia-flyers,Philadelphia,8477499,Rasmus_Ristolainen,rasmus-ristolainen,nhl_roster_full,2026-06-17,2026-06-17,44,820,1,kept_played_2025_26
520,Travis Sanheim,D,d1,d1:D,PHI,PHI,philadelphia-flyers,Philadelphia,8477948,Travis_Sanheim,travis-sanheim,nhl_roster_full,2026-06-17,2026-06-17,81,660,1,kept_played_2025_26
521,Nick Seeler,D,d1,d1:D,PHI,PHI,philadelphia-flyers,Philadelphia,8476372,Nick_Seeler,nick-seeler,nhl_roster_full,2026-06-17,2026-06-17,80,453,1,kept_played_2025_26
522,Cam York,D,d1,d1:D,PHI,PHI,philadelphia-flyers,Philadelphia,8481546,Cam_York,cam-york,nhl_roster_full,2026-06-17,2026-06-17,74,309,1,kept_played_2025_26
523,Noel Acciari,C,f1,f1:C,PIT,PIT,pittsburgh-penguins,Pittsburgh,8478569,Noel_Acciari,noel-acciari,nhl_roster_full,2026-06-17,2026-06-17,67,585,1,kept_played_2025_26
524,Justin Brazeau,R,f1,f1:R,PIT,PIT,pittsburgh-penguins,Pittsburgh,8479638,Justin_Brazeau,justin-brazeau,nhl_roster_full,2026-06-17,2026-06-17,64,159,1,kept_played_2025_26
525,Egor Chinakhov,R,f1,f1:R,PIT,PIT,pittsburgh-penguins,Pittsburgh,8482475,Egor_Chinakhov,egor-chinakhov,nhl_roster_full,2026-06-17,2026-06-17,72,247,1,kept_played_2025_26
526,Sidney Crosby,C,f1,f1:C,PIT,PIT,pittsburgh-penguins,Pittsburgh,8471675,Sidney_Crosby,sidney-crosby,nhl_roster_full,2026-06-17,2026-06-17,68,1420,1,kept_played_2025_26
527,Connor Dewar,C,f1,f1:C,PIT,PIT,pittsburgh-penguins,Pittsburgh,8480980,Connor_Dewar,connor-dewar,nhl_roster_full,2026-06-17,2026-06-17,78,316,1,kept_played_2025_26
528,Filip Hallander,C,f1,f1:C,PIT,PIT,pittsburgh-penguins,Pittsburgh,8480842,Filip_Hallander,filip-hallander,nhl_roster_full,2026-06-17,2026-06-17,13,16,1,kept_played_2025_26
529,Kevin Hayes,R,f1,f1:R,PIT,PIT,pittsburgh-penguins,Pittsburgh,8475763,Kevin_Hayes,kevin-hayes,nhl_roster_full,2026-06-17,2026-06-17,28,805,1,kept_played_2025_26
530,Ben Kindel,C,f1,f1:C,PIT,PIT,pittsburgh-penguins,Pittsburgh,8485414,Ben_Kindel,ben-kindel,nhl_roster_full,2026-06-17,2026-06-17,77,77,1,kept_played_2025_26
531,Ville Koivunen,R,f1,f1:R,PIT,PIT,pittsburgh-penguins,Pittsburgh,8482758,Ville_Koivunen,ville-koivunen,nhl_roster_full,2026-06-17,2026-06-17,39,47,1,kept_played_2025_26
532,Blake Lizotte,C,f1,f1:C,PIT,PIT,pittsburgh-penguins,Pittsburgh,8481481,Blake_Lizotte,blake-lizotte,nhl_roster_full,2026-06-17,2026-06-17,55,434,1,kept_played_2025_26
533,Evgeni Malkin,C,f1,f1:C,PIT,PIT,pittsburgh-penguins,Pittsburgh,8471215,Evgeni_Malkin,evgeni-malkin,nhl_roster_full,2026-06-17,2026-06-17,56,1269,1,kept_played_2025_26
534,Anthony Mantha,R,f1,f1:R,PIT,PIT,pittsburgh-penguins,Pittsburgh,8477511,Anthony_Mantha,anthony-mantha,nhl_roster_full,2026-06-17,2026-06-17,81,588,1,kept_played_2025_26
535,Tommy Novak,C,f1,f1:C,PIT,PIT,pittsburgh-penguins,Pittsburgh,8478438,Tommy_Novak,tommy-novak,nhl_roster_full,2026-06-17,2026-06-17,82,285,1,kept_played_2025_26
536,Rickard Rakell,R,f1,f1:R,PIT,PIT,pittsburgh-penguins,Pittsburgh,8476483,Rickard_Rakell,rickard-rakell,nhl_roster_full,2026-06-17,2026-06-17,60,862,1,kept_played_2025_26
537,Bryan Rust,R,f1,f1:R,PIT,PIT,pittsburgh-penguins,Pittsburgh,8475810,Bryan_Rust,bryan-rust,nhl_roster_full,2026-06-17,2026-06-17,72,710,1,kept_played_2025_26
538,Elmer Soderblom,L,f1,f1:L,PIT,PIT,pittsburgh-penguins,Pittsburgh,8481725,Elmer_Soderblom,elmer-soderblom,nhl_roster_full,2026-06-17,2026-06-17,59,106,1,kept_played_2025_26
539,Connor Clifton,D,d1,d1:D,PIT,PIT,pittsburgh-penguins,Pittsburgh,8477365,Connor_Clifton,connor-clifton,nhl_roster_full,2026-06-17,2026-06-17,50,434,1,kept_played_2025_26
540,Samuel Girard,D,d1,d1:D,PIT,PIT,pittsburgh-penguins,Pittsburgh,8479398,Samuel_Girard,samuel-girard,nhl_roster_full,2026-06-17,2026-06-17,60,608,1,kept_played_2025_26
541,Ryan Graves,D,d1,d1:D,PIT,PIT,pittsburgh-penguins,Pittsburgh,8477435,Ryan_Graves,ryan-graves,nhl_roster_full,2026-06-17,2026-06-17,22,455,1,kept_played_2025_26
542,Erik Karlsson,D,d1,d1:D,PIT,PIT,pittsburgh-penguins,Pittsburgh,8474578,Erik_Karlsson,erik-karlsson,nhl_roster_full,2026-06-17,2026-06-17,75,1159,1,kept_played_2025_26
543,Kris Letang,D,d1,d1:D,PIT,PIT,pittsburgh-penguins,Pittsburgh,8471724,Kris_Letang,kris-letang,nhl_roster_full,2026-06-17,2026-06-17,74,1235,1,kept_played_2025_26
544,Jake Livanavage,D,d1,d1:D,PIT,PIT,pittsburgh-penguins,Pittsburgh,8486169,Jake_Livanavage,jake-livanavage,nhl_roster_full,2026-06-17,2026-06-17,1,1,1,kept_played_2025_26
545,Ryan Shea,D,d1,d1:D,PIT,PIT,pittsburgh-penguins,Pittsburgh,8478854,Ryan_Shea,ryan-shea,nhl_roster_full,2026-06-17,2026-06-17,80,150,1,kept_played_2025_26
546,Ilya Solovyov,D,d1,d1:D,PIT,PIT,pittsburgh-penguins,Pittsburgh,8482470,Ilya_Solovyov,ilya-solovyov,nhl_roster_full,2026-06-17,2026-06-17,30,45,1,kept_played_2025_26
547,Jack St. Ivany,D,d1,d1:D,PIT,PIT,pittsburgh-penguins,Pittsburgh,8481030,Jack_St._Ivany,jack-st-ivany,nhl_roster_full,2026-06-17,2026-06-17,20,53,1,kept_played_2025_26
548,Parker Wotherspoon,D,d1,d1:D,PIT,PIT,pittsburgh-penguins,Pittsburgh,8478450,Parker_Wotherspoon,parker-wotherspoon,nhl_roster_full,2026-06-17,2026-06-17,80,188,1,kept_played_2025_26
549,Macklin Celebrini,C,f1,f1:C,SJ,SJS,san-jose-sharks,San Jose,8484801,Macklin_Celebrini,macklin-celebrini,nhl_roster_full,2026-06-17,2026-06-17,82,152,1,kept_played_2025_26
550,Ty Dellandrea,C,f1,f1:C,SJ,SJS,san-jose-sharks,San Jose,8480848,Ty_Dellandrea,ty-dellandrea,nhl_roster_full,2026-06-17,2026-06-17,46,265,1,kept_played_2025_26
551,William Eklund,L,f1,f1:L,SJ,SJS,san-jose-sharks,San Jose,8482667,William_Eklund,william-eklund,nhl_roster_full,2026-06-17,2026-06-17,78,252,1,kept_played_2025_26
552,Adam Gaudette,R,f1,f1:R,SJ,SJS,san-jose-sharks,San Jose,8478874,Adam_Gaudette,adam-gaudette,nhl_roster_full,2026-06-17,2026-06-17,66,367,1,kept_played_2025_26
553,Barclay Goodrow,C,f1,f1:C,SJ,SJS,san-jose-sharks,San Jose,8476624,Barclay_Goodrow,barclay-goodrow,nhl_roster_full,2026-06-17,2026-06-17,82,731,1,kept_played_2025_26
554,Collin Graf,R,f1,f1:R,SJ,SJS,san-jose-sharks,San Jose,8484911,Collin_Graf,collin-graf,nhl_roster_full,2026-06-17,2026-06-17,81,121,1,kept_played_2025_26
555,Philipp Kurashev,C,f1,f1:C,SJ,SJS,san-jose-sharks,San Jose,8480798,Philipp_Kurashev,philipp-kurashev,nhl_roster_full,2026-06-17,2026-06-17,43,360,1,kept_played_2025_26
556,Michael Misa,C,f1,f1:C,SJ,SJS,san-jose-sharks,San Jose,8485402,Michael_Misa,michael-misa,nhl_roster_full,2026-06-17,2026-06-17,45,45,1,kept_played_2025_26
557,Zack Ostapchuk,C,f1,f1:C,SJ,SJS,san-jose-sharks,San Jose,8482859,Zack_Ostapchuk,zack-ostapchuk,nhl_roster_full,2026-06-17,2026-06-17,59,122,1,kept_played_2025_26
558,Ryan Reaves,R,f1,f1:R,SJ,SJS,san-jose-sharks,San Jose,8471817,Ryan_Reaves,ryan-reaves,nhl_roster_full,2026-06-17,2026-06-17,50,962,1,kept_played_2025_26
559,Pavol Regenda,L,f1,f1:L,SJ,SJS,san-jose-sharks,San Jose,8483630,Pavol_Regenda,pavol-regenda,nhl_roster_full,2026-06-17,2026-06-17,24,43,1,kept_played_2025_26
560,Kiefer Sherwood,L,f1,f1:L,SJ,SJS,san-jose-sharks,San Jose,8480748,Kiefer_Sherwood,kiefer-sherwood,nhl_roster_full,2026-06-17,2026-06-17,72,337,1,kept_played_2025_26
561,Will Smith,C,f1,f1:C,SJ,SJS,san-jose-sharks,San Jose,8484227,Will_Smith,will-smith,nhl_roster_full,2026-06-17,2026-06-17,69,143,1,kept_played_2025_26
562,Tyler Toffoli,C,f1,f1:C,SJ,SJS,san-jose-sharks,San Jose,8475726,Tyler_Toffoli,tyler-toffoli,nhl_roster_full,2026-06-17,2026-06-17,79,969,1,kept_played_2025_26
563,Alexander Wennberg,C,f1,f1:C,SJ,SJS,san-jose-sharks,San Jose,8477505,Alexander_Wennberg,alexander-wennberg,nhl_roster_full,2026-06-17,2026-06-17,80,869,1,kept_played_2025_26
564,Vincent Desharnais,D,d1,d1:D,SJ,SJS,san-jose-sharks,San Jose,8479576,Vincent_Desharnais,vincent-desharnais,nhl_roster_full,2026-06-17,2026-06-17,53,218,1,kept_played_2025_26
565,Sam Dickinson,D,d1,d1:D,SJ,SJS,san-jose-sharks,San Jose,8484806,Sam_Dickinson,sam-dickinson,nhl_roster_full,2026-06-17,2026-06-17,72,72,1,kept_played_2025_26
566,Mario Ferraro,D,d1,d1:D,SJ,SJS,san-jose-sharks,San Jose,8479983,Mario_Ferraro,mario-ferraro,nhl_roster_full,2026-06-17,2026-06-17,82,490,1,kept_played_2025_26
567,John Klingberg,D,d1,d1:D,SJ,SJS,san-jose-sharks,San Jose,8475906,John_Klingberg,john-klingberg,nhl_roster_full,2026-06-17,2026-06-17,56,700,1,kept_played_2025_26
568,Nick Leddy,D,d1,d1:D,SJ,SJS,san-jose-sharks,San Jose,8475181,Nick_Leddy,nick-leddy,nhl_roster_full,2026-06-17,2026-06-17,32,1074,1,kept_played_2025_26
569,Shakir Mukhamadullin,D,d1,d1:D,SJ,SJS,san-jose-sharks,San Jose,8482166,Shakir_Mukhamadullin,shakir-mukhamadullin,nhl_roster_full,2026-06-17,2026-06-17,50,83,1,kept_played_2025_26
570,Dmitry Orlov,D,d1,d1:D,SJ,SJS,san-jose-sharks,San Jose,8475200,Dmitry_Orlov,dmitry-orlov,nhl_roster_full,2026-06-17,2026-06-17,82,949,1,kept_played_2025_26
571,Matty Beniers,C,f1,f1:C,SEA,SEA,seattle-kraken,Seattle,8482665,Matty_Beniers,matty-beniers,nhl_roster_full,2026-06-17,2026-06-17,82,331,1,kept_played_2025_26
572,Berkly Catton,C,f1,f1:C,SEA,SEA,seattle-kraken,Seattle,8484800,Berkly_Catton,berkly-catton,nhl_roster_full,2026-06-17,2026-06-17,66,66,1,kept_played_2025_26
573,Jordan Eberle,R,f1,f1:R,SEA,SEA,seattle-kraken,Seattle,8474586,Jordan_Eberle,jordan-eberle,nhl_roster_full,2026-06-17,2026-06-17,80,1140,1,kept_played_2025_26
574,Frederick Gaudreau,C,f1,f1:C,SEA,SEA,seattle-kraken,Seattle,8477919,Frederick_Gaudreau,frederick-gaudreau,nhl_roster_full,2026-06-17,2026-06-17,68,478,1,kept_played_2025_26
575,Kaapo Kakko,R,f1,f1:R,SEA,SEA,seattle-kraken,Seattle,8481554,Kaapo_Kakko,kaapo-kakko,nhl_roster_full,2026-06-17,2026-06-17,65,444,1,kept_played_2025_26
576,Jared McCann,L,f1,f1:L,SEA,SEA,seattle-kraken,Seattle,8477955,Jared_McCann,jared-mccann,nhl_roster_full,2026-06-17,2026-06-17,52,720,1,kept_played_2025_26
577,Bobby McMann,C,f1,f1:C,SEA,SEA,seattle-kraken,Seattle,8482259,Bobby_McMann,bobby-mcmann,nhl_roster_full,2026-06-17,2026-06-17,78,218,1,kept_played_2025_26
578,Ben Meyers,C,f1,f1:C,SEA,SEA,seattle-kraken,Seattle,8483570,Ben_Meyers,ben-meyers,nhl_roster_full,2026-06-17,2026-06-17,52,127,1,kept_played_2025_26
579,Jaden Schwartz,L,f1,f1:L,SEA,SEA,seattle-kraken,Seattle,8475768,Jaden_Schwartz,jaden-schwartz,nhl_roster_full,2026-06-17,2026-06-17,50,861,1,kept_played_2025_26
580,Chandler Stephenson,C,f1,f1:C,SEA,SEA,seattle-kraken,Seattle,8476905,Chandler_Stephenson,chandler-stephenson,nhl_roster_full,2026-06-17,2026-06-17,80,653,1,kept_played_2025_26
581,Eeli Tolvanen,R,f1,f1:R,SEA,SEA,seattle-kraken,Seattle,8480009,Eeli_Tolvanen,eeli-tolvanen,nhl_roster_full,2026-06-17,2026-06-17,78,423,1,kept_played_2025_26
582,Ryan Winterton,C,f1,f1:C,SEA,SEA,seattle-kraken,Seattle,8482751,Ryan_Winterton,ryan-winterton,nhl_roster_full,2026-06-17,2026-06-17,68,89,1,kept_played_2025_26
583,Shane Wright,C,f1,f1:C,SEA,SEA,seattle-kraken,Seattle,8483524,Shane_Wright,shane-wright,nhl_roster_full,2026-06-17,2026-06-17,74,169,1,kept_played_2025_26
584,Vince Dunn,D,d1,d1:D,SEA,SEA,seattle-kraken,Seattle,8478407,Vince_Dunn,vince-dunn,nhl_roster_full,2026-06-17,2026-06-17,81,623,1,kept_played_2025_26
585,Ryker Evans,D,d1,d1:D,SEA,SEA,seattle-kraken,Seattle,8482858,Ryker_Evans,ryker-evans,nhl_roster_full,2026-06-17,2026-06-17,67,176,1,kept_played_2025_26
586,Cale Fleury,D,d1,d1:D,SEA,SEA,seattle-kraken,Seattle,8479985,Cale_Fleury,cale-fleury,nhl_roster_full,2026-06-17,2026-06-17,23,100,1,kept_played_2025_26
587,Adam Larsson,D,d1,d1:D,SEA,SEA,seattle-kraken,Seattle,8476457,Adam_Larsson,adam-larsson,nhl_roster_full,2026-06-17,2026-06-17,82,1012,1,kept_played_2025_26
588,Ryan Lindgren,D,d1,d1:D,SEA,SEA,seattle-kraken,Seattle,8479324,Ryan_Lindgren,ryan-lindgren,nhl_roster_full,2026-06-17,2026-06-17,76,481,1,kept_played_2025_26
589,Joshua Mahura,D,d1,d1:D,SEA,SEA,seattle-kraken,Seattle,8479372,Joshua_Mahura,joshua-mahura,nhl_roster_full,2026-06-17,2026-06-17,23,278,1,kept_played_2025_26
590,Brandon Montour,D,d1,d1:D,SEA,SEA,seattle-kraken,Seattle,8477986,Brandon_Montour,brandon-montour,nhl_roster_full,2026-06-17,2026-06-17,64,665,1,kept_played_2025_26
591,Jamie Oleksiak,D,d1,d1:D,SEA,SEA,seattle-kraken,Seattle,8476467,Jamie_Oleksiak,jamie-oleksiak,nhl_roster_full,2026-06-17,2026-06-17,78,758,1,kept_played_2025_26
592,Jonatan Berggren,R,f1,f1:R,STL,STL,st-louis-blues,St. Louis,8481013,Jonatan_Berggren,jonatan-berggren,nhl_roster_full,2026-06-17,2026-06-17,51,205,1,kept_played_2025_26
593,Pavel Buchnevich,L,f1,f1:L,STL,STL,st-louis-blues,St. Louis,8477402,Pavel_Buchnevich,pavel-buchnevich,nhl_roster_full,2026-06-17,2026-06-17,81,674,1,kept_played_2025_26
594,Jonathan Drouin,L,f1,f1:L,STL,STL,st-louis-blues,St. Louis,8477494,Jonathan_Drouin,jonathan-drouin,nhl_roster_full,2026-06-17,2026-06-17,64,671,1,kept_played_2025_26
595,Dalibor Dvorsky,R,f1,f1:R,STL,STL,st-louis-blues,St. Louis,8484164,Dalibor_Dvorsky,dalibor-dvorsky,nhl_roster_full,2026-06-17,2026-06-17,71,73,1,kept_played_2025_26
596,Jack Finley,C,f1,f1:C,STL,STL,st-louis-blues,St. Louis,8482090,Jack_Finley,jack-finley,nhl_roster_full,2026-06-17,2026-06-17,44,45,1,kept_played_2025_26
597,Dylan Holloway,L,f1,f1:L,STL,STL,st-louis-blues,St. Louis,8482077,Dylan_Holloway,dylan-holloway,nhl_roster_full,2026-06-17,2026-06-17,59,225,1,kept_played_2025_26
598,Jordan Kyrou,R,f1,f1:R,STL,STL,st-louis-blues,St. Louis,8479385,Jordan_Kyrou,jordan-kyrou,nhl_roster_full,2026-06-17,2026-06-17,72,488,1,kept_played_2025_26
599,Jake Neighbours,L,f1,f1:L,STL,STL,st-louis-blues,St. Louis,8482089,Jake_Neighbours,jake-neighbours,nhl_roster_full,2026-06-17,2026-06-17,69,280,1,kept_played_2025_26
600,Jimmy Snuggerud,R,f1,f1:R,STL,STL,st-louis-blues,St. Louis,8483516,Jimmy_Snuggerud,jimmy-snuggerud,nhl_roster_full,2026-06-17,2026-06-17,70,77,1,kept_played_2025_26
601,Oskar Sundqvist,C,f1,f1:C,STL,STL,st-louis-blues,St. Louis,8476897,Oskar_Sundqvist,oskar-sundqvist,nhl_roster_full,2026-06-17,2026-06-17,52,545,1,kept_played_2025_26
602,Pius Suter,C,f1,f1:C,STL,STL,st-louis-blues,St. Louis,8480459,Pius_Suter,pius-suter,nhl_roster_full,2026-06-17,2026-06-17,64,428,1,kept_played_2025_26
603,Robert Thomas,C,f1,f1:C,STL,STL,st-louis-blues,St. Louis,8480023,Robert_Thomas,robert-thomas,nhl_roster_full,2026-06-17,2026-06-17,64,530,1,kept_played_2025_26
604,Alexey Toropchenko,R,f1,f1:R,STL,STL,st-louis-blues,St. Louis,8480281,Alexey_Toropchenko,alexey-toropchenko,nhl_roster_full,2026-06-17,2026-06-17,65,324,1,kept_played_2025_26
605,Nathan Walker,L,f1,f1:L,STL,STL,st-louis-blues,St. Louis,8477573,Nathan_Walker,nathan-walker,nhl_roster_full,2026-06-17,2026-06-17,46,275,1,kept_played_2025_26
606,Philip Broberg,D,d1,d1:D,STL,STL,st-louis-blues,St. Louis,8481598,Philip_Broberg,philip-broberg,nhl_roster_full,2026-06-17,2026-06-17,81,230,1,kept_played_2025_26
607,Cam Fowler,D,d1,d1:D,STL,STL,st-louis-blues,St. Louis,8475764,Cam_Fowler,cam-fowler,nhl_roster_full,2026-06-17,2026-06-17,82,1124,1,kept_played_2025_26
608,Justin Holl,D,d1,d1:D,STL,STL,st-louis-blues,St. Louis,8475718,Justin_Holl,justin-holl,nhl_roster_full,2026-06-17,2026-06-17,9,405,1,kept_played_2025_26
609,Matthew Kessel,D,d1,d1:D,STL,STL,st-louis-blues,St. Louis,8482516,Matthew_Kessel,matthew-kessel,nhl_roster_full,2026-06-17,2026-06-17,29,99,1,kept_played_2025_26
610,Logan Mailloux,D,d1,d1:D,STL,STL,st-louis-blues,St. Louis,8482733,Logan_Mailloux,logan-mailloux,nhl_roster_full,2026-06-17,2026-06-17,67,75,1,kept_played_2025_26
611,Colton Parayko,D,d1,d1:D,STL,STL,st-louis-blues,St. Louis,8476892,Colton_Parayko,colton-parayko,nhl_roster_full,2026-06-17,2026-06-17,77,800,1,kept_played_2025_26
612,Tyler Tucker,D,d1,d1:D,STL,STL,st-louis-blues,St. Louis,8481006,Tyler_Tucker,tyler-tucker,nhl_roster_full,2026-06-17,2026-06-17,69,159,1,kept_played_2025_26
613,Oliver Bjorkstrand,R,f1,f1:R,TB,TBL,tampa-bay-lightning,Tampa Bay,8477416,Oliver_Bjorkstrand,oliver-bjorkstrand,nhl_roster_full,2026-06-17,2026-06-17,80,704,1,kept_played_2025_26
614,Anthony Cirelli,C,f1,f1:C,TB,TBL,tampa-bay-lightning,Tampa Bay,8478519,Anthony_Cirelli,anthony-cirelli,nhl_roster_full,2026-06-17,2026-06-17,71,582,1,kept_played_2025_26
615,Conor Geekie,C,f1,f1:C,TB,TBL,tampa-bay-lightning,Tampa Bay,8483447,Conor_Geekie,conor-geekie,nhl_roster_full,2026-06-17,2026-06-17,14,66,1,kept_played_2025_26
616,Zemgus Girgensons,C,f1,f1:C,TB,TBL,tampa-bay-lightning,Tampa Bay,8476878,Zemgus_Girgensons,zemgus-girgensons,nhl_roster_full,2026-06-17,2026-06-17,74,844,1,kept_played_2025_26
617,Gage Goncalves,C,f1,f1:C,TB,TBL,tampa-bay-lightning,Tampa Bay,8482201,Gage_Goncalves,gage-goncalves,nhl_roster_full,2026-06-17,2026-06-17,74,136,1,kept_played_2025_26
618,Yanni Gourde,C,f1,f1:C,TB,TBL,tampa-bay-lightning,Tampa Bay,8476826,Yanni_Gourde,yanni-gourde,nhl_roster_full,2026-06-17,2026-06-17,82,684,1,kept_played_2025_26
619,Jake Guentzel,C,f1,f1:C,TB,TBL,tampa-bay-lightning,Tampa Bay,8477404,Jake_Guentzel,jake-guentzel,nhl_roster_full,2026-06-17,2026-06-17,81,681,1,kept_played_2025_26
620,Brandon Hagel,L,f1,f1:L,TB,TBL,tampa-bay-lightning,Tampa Bay,8479542,Brandon_Hagel,brandon-hagel,nhl_roster_full,2026-06-17,2026-06-17,71,446,1,kept_played_2025_26
621,Pontus Holmberg,R,f1,f1:R,TB,TBL,tampa-bay-lightning,Tampa Bay,8480995,Pontus_Holmberg,pontus-holmberg,nhl_roster_full,2026-06-17,2026-06-17,70,229,1,kept_played_2025_26
622,Dominic James,C,f1,f1:C,TB,TBL,tampa-bay-lightning,Tampa Bay,8483752,Dominic_James,dominic-james,nhl_roster_full,2026-06-17,2026-06-17,43,43,1,kept_played_2025_26
623,Nikita Kucherov,R,f1,f1:R,TB,TBL,tampa-bay-lightning,Tampa Bay,8476453,Nikita_Kucherov,nikita-kucherov,nhl_roster_full,2026-06-17,2026-06-17,76,879,1,kept_played_2025_26
624,Nick Paul,L,f1,f1:L,TB,TBL,tampa-bay-lightning,Tampa Bay,8477426,Nick_Paul,nick-paul,nhl_roster_full,2026-06-17,2026-06-17,51,537,1,kept_played_2025_26
625,Corey Perry,R,f1,f1:R,TB,TBL,tampa-bay-lightning,Tampa Bay,8470621,Corey_Perry,corey-perry,nhl_roster_full,2026-06-17,2026-06-17,72,1464,1,kept_played_2025_26
626,Brayden Point,C,f1,f1:C,TB,TBL,tampa-bay-lightning,Tampa Bay,8478010,Brayden_Point,brayden-point,nhl_roster_full,2026-06-17,2026-06-17,63,720,1,kept_played_2025_26
627,Scott Sabourin,R,f1,f1:R,TB,TBL,tampa-bay-lightning,Tampa Bay,8477149,Scott_Sabourin,scott-sabourin,nhl_roster_full,2026-06-17,2026-06-17,26,73,1,kept_played_2025_26
628,Declan Carlile,D,d1,d1:D,TB,TBL,tampa-bay-lightning,Tampa Bay,8483398,Declan_Carlile,declan-carlile,nhl_roster_full,2026-06-17,2026-06-17,42,46,1,kept_played_2025_26
629,Erik Cernak,D,d1,d1:D,TB,TBL,tampa-bay-lightning,Tampa Bay,8478416,Erik_Cernak,erik-cernak,nhl_roster_full,2026-06-17,2026-06-17,61,502,1,kept_played_2025_26
630,Max Crozier,D,d1,d1:D,TB,TBL,tampa-bay-lightning,Tampa Bay,8481719,Max_Crozier,max-crozier,nhl_roster_full,2026-06-17,2026-06-17,35,53,1,kept_played_2025_26
631,Charle-Edouard D'Astous,D,d1,d1:D,TB,TBL,tampa-bay-lightning,Tampa Bay,8480426,Charle-Edouard_D'Astous,charle-edouard-dastous,nhl_roster_full,2026-06-17,2026-06-17,70,70,1,kept_played_2025_26
632,Victor Hedman,D,d1,d1:D,TB,TBL,tampa-bay-lightning,Tampa Bay,8475167,Victor_Hedman,victor-hedman,nhl_roster_full,2026-06-17,2026-06-17,33,1164,1,kept_played_2025_26
633,Emil Lilleberg,D,d1,d1:D,TB,TBL,tampa-bay-lightning,Tampa Bay,8482929,Emil_Lilleberg,emil-lilleberg,nhl_roster_full,2026-06-17,2026-06-17,50,163,1,kept_played_2025_26
634,Ryan McDonagh,D,d1,d1:D,TB,TBL,tampa-bay-lightning,Tampa Bay,8474151,Ryan_McDonagh,ryan-mcdonagh,nhl_roster_full,2026-06-17,2026-06-17,48,1058,1,kept_played_2025_26
635,J.J. Moser,D,d1,d1:D,TB,TBL,tampa-bay-lightning,Tampa Bay,8482655,J.J._Moser,jj-moser,nhl_roster_full,2026-06-17,2026-06-17,79,338,1,kept_played_2025_26
636,Darren Raddysh,D,d1,d1:D,TB,TBL,tampa-bay-lightning,Tampa Bay,8478178,Darren_Raddysh,darren-raddysh,nhl_roster_full,2026-06-17,2026-06-17,73,249,1,kept_played_2025_26
637,Max Domi,C,f1,f1:C,TOR,TOR,toronto-maple-leafs,Toronto,8477503,Max_Domi,max-domi,nhl_roster_full,2026-06-17,2026-06-17,80,815,1,kept_played_2025_26
638,Bo Groulx,C,f1,f1:C,TOR,TOR,toronto-maple-leafs,Toronto,8480870,Bo_Groulx,bo-groulx,nhl_roster_full,2026-06-17,2026-06-17,13,78,1,kept_played_2025_26
639,Luke Haymes,C,f1,f1:C,TOR,TOR,toronto-maple-leafs,Toronto,8485467,Luke_Haymes,luke-haymes,nhl_roster_full,2026-06-17,2026-06-17,4,4,1,kept_played_2025_26
640,Calle Jarnkrok,C,f1,f1:C,TOR,TOR,toronto-maple-leafs,Toronto,8475714,Calle_Jarnkrok,calle-jarnkrok,nhl_roster_full,2026-06-17,2026-06-17,56,774,1,kept_played_2025_26
641,Dakota Joshua,C,f1,f1:C,TOR,TOR,toronto-maple-leafs,Toronto,8478057,Dakota_Joshua,dakota-joshua,nhl_roster_full,2026-06-17,2026-06-17,55,296,1,kept_played_2025_26
642,Matthew Knies,L,f1,f1:L,TOR,TOR,toronto-maple-leafs,Toronto,8482720,Matthew_Knies,matthew-knies,nhl_roster_full,2026-06-17,2026-06-17,79,240,1,kept_played_2025_26
643,Steven Lorentz,C,f1,f1:C,TOR,TOR,toronto-maple-leafs,Toronto,8478904,Steven_Lorentz,steven-lorentz,nhl_roster_full,2026-06-17,2026-06-17,71,381,1,kept_played_2025_26
644,Matias Maccelli,L,f1,f1:L,TOR,TOR,toronto-maple-leafs,Toronto,8481711,Matias_Maccelli,matias-maccelli,nhl_roster_full,2026-06-17,2026-06-17,71,295,1,kept_played_2025_26
645,Auston Matthews,C,f1,f1:C,TOR,TOR,toronto-maple-leafs,Toronto,8479318,Auston_Matthews,auston-matthews,nhl_roster_full,2026-06-17,2026-06-17,60,689,1,kept_played_2025_26
646,William Nylander,R,f1,f1:R,TOR,TOR,toronto-maple-leafs,Toronto,8477939,William_Nylander,william-nylander,nhl_roster_full,2026-06-17,2026-06-17,65,750,1,kept_played_2025_26
647,Nicholas Robertson,L,f1,f1:L,TOR,TOR,toronto-maple-leafs,Toronto,8481582,Nicholas_Robertson,nicholas-robertson,nhl_roster_full,2026-06-17,2026-06-17,78,234,1,kept_played_2025_26
648,John Tavares,C,f1,f1:C,TOR,TOR,toronto-maple-leafs,Toronto,8475166,John_Tavares,john-tavares,nhl_roster_full,2026-06-17,2026-06-17,82,1266,1,kept_played_2025_26
649,Emil Andrae,D,d1,d1:D,TOR,TOR,toronto-maple-leafs,Toronto,8482126,Emil_Andrae,emil-andrae,nhl_roster_full,2026-06-17,2026-06-17,61,107,1,kept_played_2025_26
650,Simon Benoit,D,d1,d1:D,TOR,TOR,toronto-maple-leafs,Toronto,8481122,Simon_Benoit,simon-benoit,nhl_roster_full,2026-06-17,2026-06-17,73,352,1,kept_played_2025_26
651,Brandon Carlo,D,d1,d1:D,TOR,TOR,toronto-maple-leafs,Toronto,8478443,Brandon_Carlo,brandon-carlo,nhl_roster_full,2026-06-17,2026-06-17,55,692,1,kept_played_2025_26
652,Oliver Ekman-Larsson,D,d1,d1:D,TOR,TOR,toronto-maple-leafs,Toronto,8475171,Oliver_Ekman-Larsson,oliver-ekman-larsson,nhl_roster_full,2026-06-17,2026-06-17,78,1137,1,kept_played_2025_26
653,Jake McCabe,D,d1,d1:D,TOR,TOR,toronto-maple-leafs,Toronto,8476931,Jake_McCabe,jake-mccabe,nhl_roster_full,2026-06-17,2026-06-17,80,723,1,kept_played_2025_26
654,Philippe Myers,D,d1,d1:D,TOR,TOR,toronto-maple-leafs,Toronto,8479026,Philippe_Myers,philippe-myers,nhl_roster_full,2026-06-17,2026-06-17,39,233,1,kept_played_2025_26
655,Morgan Rielly,D,d1,d1:D,TOR,TOR,toronto-maple-leafs,Toronto,8476853,Morgan_Rielly,morgan-rielly,nhl_roster_full,2026-06-17,2026-06-17,78,951,1,kept_played_2025_26
656,Troy Stecher,D,d1,d1:D,TOR,TOR,toronto-maple-leafs,Toronto,8479442,Troy_Stecher,troy-stecher,nhl_roster_full,2026-06-17,2026-06-17,64,624,1,kept_played_2025_26
657,Chris Tanev,D,d1,d1:D,TOR,TOR,toronto-maple-leafs,Toronto,8475690,Chris_Tanev,chris-tanev,nhl_roster_full,2026-06-17,2026-06-17,11,878,1,kept_played_2025_26
658,Andrew Agozzino,L,f1,f1:L,UTA,UTA,utah-mammoth,Utah,8475461,Andrew_Agozzino,andrew-agozzino,nhl_roster_full,2026-06-17,2026-06-17,2,53,1,kept_played_2025_26
659,Daniil But,L,f1,f1:L,UTA,UTA,utah-mammoth,Utah,8484388,Daniil_But,daniil-but,nhl_roster_full,2026-06-17,2026-06-17,29,29,1,kept_played_2025_26
660,Michael Carcone,L,f1,f1:L,UTA,UTA,utah-mammoth,Utah,8479619,Michael_Carcone,michael-carcone,nhl_roster_full,2026-06-17,2026-06-17,79,236,1,kept_played_2025_26
661,Logan Cooley,C,f1,f1:C,UTA,UTA,utah-mammoth,Utah,8483431,Logan_Cooley,logan-cooley,nhl_roster_full,2026-06-17,2026-06-17,54,211,1,kept_played_2025_26
662,Lawson Crouse,L,f1,f1:L,UTA,UTA,utah-mammoth,Utah,8478474,Lawson_Crouse,lawson-crouse,nhl_roster_full,2026-06-17,2026-06-17,81,666,1,kept_played_2025_26
663,Dylan Guenther,R,f1,f1:R,UTA,UTA,utah-mammoth,Utah,8482699,Dylan_Guenther,dylan-guenther,nhl_roster_full,2026-06-17,2026-06-17,79,227,1,kept_played_2025_26
664,Barrett Hayton,C,f1,f1:C,UTA,UTA,utah-mammoth,Utah,8480849,Barrett_Hayton,barrett-hayton,nhl_roster_full,2026-06-17,2026-06-17,67,358,1,kept_played_2025_26
665,Cam Hebig,C,f1,f1:C,UTA,UTA,utah-mammoth,Utah,8479656,Cam_Hebig,cam-hebig,nhl_roster_full,2026-06-17,2026-06-17,0,0,0,dropped_never_played_nhl
666,Clayton Keller,R,f1,f1:R,UTA,UTA,utah-mammoth,Utah,8479343,Clayton_Keller,clayton-keller,nhl_roster_full,2026-06-17,2026-06-17,82,683,1,kept_played_2025_26
667,Alexander Kerfoot,C,f1,f1:C,UTA,UTA,utah-mammoth,Utah,8477021,Alexander_Kerfoot,alexander-kerfoot,nhl_roster_full,2026-06-17,2026-06-17,34,639,1,kept_played_2025_26
668,Jack McBain,C,f1,f1:C,UTA,UTA,utah-mammoth,Utah,8480855,Jack_McBain,jack-mcbain,nhl_roster_full,2026-06-17,2026-06-17,75,316,1,kept_played_2025_26
669,Ben McCartney,L,f1,f1:L,UTA,UTA,utah-mammoth,Utah,8481827,Ben_McCartney,ben-mccartney,nhl_roster_full,2026-06-17,2026-06-17,0,2,1,kept_career_nhl
670,Liam O'Brien,C,f1,f1:C,UTA,UTA,utah-mammoth,Utah,8477070,Liam_O'Brien,liam-obrien,nhl_roster_full,2026-06-17,2026-06-17,38,265,1,kept_played_2025_26
671,JJ Peterka,R,f1,f1:R,UTA,UTA,utah-mammoth,Utah,8482175,JJ_Peterka,jj-peterka,nhl_roster_full,2026-06-17,2026-06-17,82,320,1,kept_played_2025_26
672,Kevin Rooney,C,f1,f1:C,UTA,UTA,utah-mammoth,Utah,8479291,Kevin_Rooney,kevin-rooney,nhl_roster_full,2026-06-17,2026-06-17,1,331,1,kept_played_2025_26
673,Nick Schmaltz,C,f1,f1:C,UTA,UTA,utah-mammoth,Utah,8477951,Nick_Schmaltz,nick-schmaltz,nhl_roster_full,2026-06-17,2026-06-17,82,670,1,kept_played_2025_26
674,Kevin Stenlund,C,f1,f1:C,UTA,UTA,utah-mammoth,Utah,8478831,Kevin_Stenlund,kevin-stenlund,nhl_roster_full,2026-06-17,2026-06-17,80,368,1,kept_played_2025_26
675,Brandon Tanev,L,f1,f1:L,UTA,UTA,utah-mammoth,Utah,8479293,Brandon_Tanev,brandon-tanev,nhl_roster_full,2026-06-17,2026-06-17,56,608,1,kept_played_2025_26
676,Kailer Yamamoto,R,f1,f1:R,UTA,UTA,utah-mammoth,Utah,8479977,Kailer_Yamamoto,kailer-yamamoto,nhl_roster_full,2026-06-17,2026-06-17,59,374,1,kept_played_2025_26
677,Ian Cole,D,d1,d1:D,UTA,UTA,utah-mammoth,Utah,8474013,Ian_Cole,ian-cole,nhl_roster_full,2026-06-17,2026-06-17,82,990,1,kept_played_2025_26
678,Nick DeSimone,D,d1,d1:D,UTA,UTA,utah-mammoth,Utah,8480084,Nick_DeSimone,nick-desimone,nhl_roster_full,2026-06-17,2026-06-17,40,98,1,kept_played_2025_26
679,Sean Durzi,D,d1,d1:D,UTA,UTA,utah-mammoth,Utah,8480434,Sean_Durzi,sean-durzi,nhl_roster_full,2026-06-17,2026-06-17,60,302,1,kept_played_2025_26
680,Maveric Lamoureux,D,d1,d1:D,UTA,UTA,utah-mammoth,Utah,8483472,Maveric_Lamoureux,maveric-lamoureux,nhl_roster_full,2026-06-17,2026-06-17,5,20,1,kept_played_2025_26
681,John Marino,D,d1,d1:D,UTA,UTA,utah-mammoth,Utah,8478507,John_Marino,john-marino,nhl_roster_full,2026-06-17,2026-06-17,80,443,1,kept_played_2025_26
682,Scott Perunovich,D,d1,d1:D,UTA,UTA,utah-mammoth,Utah,8481059,Scott_Perunovich,scott-perunovich,nhl_roster_full,2026-06-17,2026-06-17,0,108,1,kept_career_nhl
683,Nate Schmidt,D,d1,d1:D,UTA,UTA,utah-mammoth,Utah,8477220,Nate_Schmidt,nate-schmidt,nhl_roster_full,2026-06-17,2026-06-17,82,823,1,kept_played_2025_26
684,Mikhail Sergachev,D,d1,d1:D,UTA,UTA,utah-mammoth,Utah,8479410,Mikhail_Sergachev,mikhail-sergachev,nhl_roster_full,2026-06-17,2026-06-17,78,630,1,kept_played_2025_26
685,Dmitri Simashev,D,d1,d1:D,UTA,UTA,utah-mammoth,Utah,8484386,Dmitri_Simashev,dmitri-simashev,nhl_roster_full,2026-06-17,2026-06-17,28,28,1,kept_played_2025_26
686,Maksymilian Szuber,D,d1,d1:D,UTA,UTA,utah-mammoth,Utah,8483763,Maksymilian_Szuber,maksymilian-szuber,nhl_roster_full,2026-06-17,2026-06-17,0,1,1,kept_career_nhl
687,MacKenzie Weegar,D,d1,d1:D,UTA,UTA,utah-mammoth,Utah,8477346,MacKenzie_Weegar,mackenzie-weegar,nhl_roster_full,2026-06-17,2026-06-17,79,629,1,kept_played_2025_26
688,Nils Aman,C,f1,f1:C,VAN,VAN,vancouver-canucks,Vancouver,8482496,Nils_Aman,nils-aman,nhl_roster_full,2026-06-17,2026-06-17,2,132,1,kept_played_2025_26
689,Teddy Blueger,C,f1,f1:C,VAN,VAN,vancouver-canucks,Vancouver,8476927,Teddy_Blueger,teddy-blueger,nhl_roster_full,2026-06-17,2026-06-17,35,453,1,kept_played_2025_26
690,Brock Boeser,R,f1,f1:R,VAN,VAN,vancouver-canucks,Vancouver,8478444,Brock_Boeser,brock-boeser,nhl_roster_full,2026-06-17,2026-06-17,75,629,1,kept_played_2025_26
691,Filip Chytil,C,f1,f1:C,VAN,VAN,vancouver-canucks,Vancouver,8480078,Filip_Chytil,filip-chytil,nhl_roster_full,2026-06-17,2026-06-17,12,405,1,kept_played_2025_26
692,Jake DeBrusk,L,f1,f1:L,VAN,VAN,vancouver-canucks,Vancouver,8478498,Jake_DeBrusk,jake-debrusk,nhl_roster_full,2026-06-17,2026-06-17,81,628,1,kept_played_2025_26
693,Curtis Douglas,C,f1,f1:C,VAN,VAN,vancouver-canucks,Vancouver,8480876,Curtis_Douglas,curtis-douglas,nhl_roster_full,2026-06-17,2026-06-17,43,43,1,kept_played_2025_26
694,Nils Hoglander,L,f1,f1:L,VAN,VAN,vancouver-canucks,Vancouver,8481535,Nils_Hoglander,nils-hoglander,nhl_roster_full,2026-06-17,2026-06-17,38,331,1,kept_played_2025_26
695,Evander Kane,L,f1,f1:L,VAN,VAN,vancouver-canucks,Vancouver,8475169,Evander_Kane,evander-kane,nhl_roster_full,2026-06-17,2026-06-17,71,1001,1,kept_played_2025_26
696,Linus Karlsson,C,f1,f1:C,VAN,VAN,vancouver-canucks,Vancouver,8481024,Linus_Karlsson,linus-karlsson,nhl_roster_full,2026-06-17,2026-06-17,79,106,1,kept_played_2025_26
697,Drew O'Connor,L,f1,f1:L,VAN,VAN,vancouver-canucks,Vancouver,8482055,Drew_O'Connor,drew-oconnor,nhl_roster_full,2026-06-17,2026-06-17,82,323,1,kept_played_2025_26
698,Liam Ohgren,L,f1,f1:L,VAN,VAN,vancouver-canucks,Vancouver,8483499,Liam_Ohgren,liam-ohgren,nhl_roster_full,2026-06-17,2026-06-17,69,97,1,kept_played_2025_26
699,Elias Pettersson,C,f1,f1:C,VAN,VAN,vancouver-canucks,Vancouver,8480012,Elias_Pettersson,elias-pettersson,nhl_roster_full,2026-06-17,2026-06-17,74,545,1,kept_played_2025_26
700,Aatu Räty,C,f1,f1:C,VAN,VAN,vancouver-canucks,Vancouver,8482691,Aatu_Räty,aatu-räty,nhl_roster_full,2026-06-17,2026-06-17,66,114,1,kept_played_2025_26
701,Marco Rossi,C,f1,f1:C,VAN,VAN,vancouver-canucks,Vancouver,8482079,Marco_Rossi,marco-rossi,nhl_roster_full,2026-06-17,2026-06-17,50,235,1,kept_played_2025_26
702,Max Sasson,C,f1,f1:C,VAN,VAN,vancouver-canucks,Vancouver,8484136,Max_Sasson,max-sasson,nhl_roster_full,2026-06-17,2026-06-17,66,95,1,kept_played_2025_26
703,Zeev Buium,D,d1,d1:D,VAN,VAN,vancouver-canucks,Vancouver,8484798,Zeev_Buium,zeev-buium,nhl_roster_full,2026-06-17,2026-06-17,76,76,1,kept_played_2025_26
704,Derek Forbort,D,d1,d1:D,VAN,VAN,vancouver-canucks,Vancouver,8475762,Derek_Forbort,derek-forbort,nhl_roster_full,2026-06-17,2026-06-17,2,552,1,kept_played_2025_26
705,Filip Hronek,D,d1,d1:D,VAN,VAN,vancouver-canucks,Vancouver,8479425,Filip_Hronek,filip-hronek,nhl_roster_full,2026-06-17,2026-06-17,82,533,1,kept_played_2025_26
706,Pierre-Olivier Joseph,D,d1,d1:D,VAN,VAN,vancouver-canucks,Vancouver,8480058,Pierre-Olivier_Joseph,pierre-olivier-joseph,nhl_roster_full,2026-06-17,2026-06-17,31,225,1,kept_played_2025_26
707,Victor Mancini,D,d1,d1:D,VAN,VAN,vancouver-canucks,Vancouver,8483768,Victor_Mancini,victor-mancini,nhl_roster_full,2026-06-17,2026-06-17,24,55,1,kept_played_2025_26
708,Elias Pettersson,D,d1,d1:D,VAN,VAN,vancouver-canucks,Vancouver,8483678,Elias_Pettersson,elias-pettersson,nhl_roster_full,2026-06-17,2026-06-17,70,98,1,kept_played_2025_26
709,Marcus Pettersson,D,d1,d1:D,VAN,VAN,vancouver-canucks,Vancouver,8477969,Marcus_Pettersson,marcus-pettersson,nhl_roster_full,2026-06-17,2026-06-17,82,604,1,kept_played_2025_26
710,Tom Willander,D,d1,d1:D,VAN,VAN,vancouver-canucks,Vancouver,8484240,Tom_Willander,tom-willander,nhl_roster_full,2026-06-17,2026-06-17,70,70,1,kept_played_2025_26
711,Ivan Barbashev,L,f1,f1:L,VEG,VGK,vegas-golden-knights,Vegas,8477964,Ivan_Barbashev,ivan-barbashev,nhl_roster_full,2026-06-17,2026-06-17,82,667,1,kept_played_2025_26
712,Braeden Bowman,R,f1,f1:R,VEG,VGK,vegas-golden-knights,Vegas,8483890,Braeden_Bowman,braeden-bowman,nhl_roster_full,2026-06-17,2026-06-17,54,54,1,kept_played_2025_26
713,Trevor Connelly,L,f1,f1:L,VEG,VGK,vegas-golden-knights,Vegas,8484803,Trevor_Connelly,trevor-connelly,nhl_roster_full,2026-06-17,2026-06-17,0,0,0,dropped_never_played_nhl
714,Pavel Dorofeyev,R,f1,f1:R,VEG,VGK,vegas-golden-knights,Vegas,8481604,Pavel_Dorofeyev,pavel-dorofeyev,nhl_roster_full,2026-06-17,2026-06-17,82,231,1,kept_played_2025_26
715,Nic Dowd,C,f1,f1:C,VEG,VGK,vegas-golden-knights,Vegas,8475343,Nic_Dowd,nic-dowd,nhl_roster_full,2026-06-17,2026-06-17,75,657,1,kept_played_2025_26
716,Jack Eichel,C,f1,f1:C,VEG,VGK,vegas-golden-knights,Vegas,8478403,Jack_Eichel,jack-eichel,nhl_roster_full,2026-06-17,2026-06-17,74,690,1,kept_played_2025_26
717,Tomas Hertl,C,f1,f1:C,VEG,VGK,vegas-golden-knights,Vegas,8476881,Tomas_Hertl,tomas-hertl,nhl_roster_full,2026-06-17,2026-06-17,82,873,1,kept_played_2025_26
718,Alexander Holtz,R,f1,f1:R,VEG,VGK,vegas-golden-knights,Vegas,8482125,Alexander_Holtz,alexander-holtz,nhl_roster_full,2026-06-17,2026-06-17,28,191,1,kept_played_2025_26
719,Brett Howden,C,f1,f1:C,VEG,VGK,vegas-golden-knights,Vegas,8479353,Brett_Howden,brett-howden,nhl_roster_full,2026-06-17,2026-06-17,58,489,1,kept_played_2025_26
720,William Karlsson,C,f1,f1:C,VEG,VGK,vegas-golden-knights,Vegas,8476448,William_Karlsson,william-karlsson,nhl_roster_full,2026-06-17,2026-06-17,14,752,1,kept_played_2025_26
721,Keegan Kolesar,R,f1,f1:R,VEG,VGK,vegas-golden-knights,Vegas,8478434,Keegan_Kolesar,keegan-kolesar,nhl_roster_full,2026-06-17,2026-06-17,82,439,1,kept_played_2025_26
722,Tanner Laczynski,C,f1,f1:C,VEG,VGK,vegas-golden-knights,Vegas,8479550,Tanner_Laczynski,tanner-laczynski,nhl_roster_full,2026-06-17,2026-06-17,10,56,1,kept_played_2025_26
723,Raphael Lavoie,C,f1,f1:C,VEG,VGK,vegas-golden-knights,Vegas,8481534,Raphael_Lavoie,raphael-lavoie,nhl_roster_full,2026-06-17,2026-06-17,1,17,1,kept_played_2025_26
724,Mitch Marner,R,f1,f1:R,VEG,VGK,vegas-golden-knights,Vegas,8478483,Mitch_Marner,mitch-marner,nhl_roster_full,2026-06-17,2026-06-17,81,738,1,kept_played_2025_26
725,Jonas Rondbjerg,R,f1,f1:R,VEG,VGK,vegas-golden-knights,Vegas,8480007,Jonas_Rondbjerg,jonas-rondbjerg,nhl_roster_full,2026-06-17,2026-06-17,4,80,1,kept_played_2025_26
726,Brandon Saad,L,f1,f1:L,VEG,VGK,vegas-golden-knights,Vegas,8476438,Brandon_Saad,brandon-saad,nhl_roster_full,2026-06-17,2026-06-17,49,984,1,kept_played_2025_26
727,Colton Sissons,C,f1,f1:C,VEG,VGK,vegas-golden-knights,Vegas,8476925,Colton_Sissons,colton-sissons,nhl_roster_full,2026-06-17,2026-06-17,66,756,1,kept_played_2025_26
728,Cole Smith,R,f1,f1:R,VEG,VGK,vegas-golden-knights,Vegas,8482062,Cole_Smith,cole-smith,nhl_roster_full,2026-06-17,2026-06-17,63,292,1,kept_played_2025_26
729,Reilly Smith,R,f1,f1:R,VEG,VGK,vegas-golden-knights,Vegas,8475191,Reilly_Smith,reilly-smith,nhl_roster_full,2026-06-17,2026-06-17,69,988,1,kept_played_2025_26
730,Mark Stone,R,f1,f1:R,VEG,VGK,vegas-golden-knights,Vegas,8475913,Mark_Stone,mark-stone,nhl_roster_full,2026-06-17,2026-06-17,60,766,1,kept_played_2025_26
731,Kai Uchacz,C,f1,f1:C,VEG,VGK,vegas-golden-knights,Vegas,8485251,Kai_Uchacz,kai-uchacz,nhl_roster_full,2026-06-17,2026-06-17,3,3,1,kept_played_2025_26
732,Rasmus Andersson,D,d1,d1:D,VEG,VGK,vegas-golden-knights,Vegas,8478397,Rasmus_Andersson,rasmus-andersson,nhl_roster_full,2026-06-17,2026-06-17,81,617,1,kept_played_2025_26
733,Dylan Coghlan,D,d1,d1:D,VEG,VGK,vegas-golden-knights,Vegas,8479639,Dylan_Coghlan,dylan-coghlan,nhl_roster_full,2026-06-17,2026-06-17,3,115,1,kept_played_2025_26
734,Jeremy Davies,D,d1,d1:D,VEG,VGK,vegas-golden-knights,Vegas,8479602,Jeremy_Davies,jeremy-davies,nhl_roster_full,2026-06-17,2026-06-17,0,23,1,kept_career_nhl
735,Noah Hanifin,D,d1,d1:D,VEG,VGK,vegas-golden-knights,Vegas,8478396,Noah_Hanifin,noah-hanifin,nhl_roster_full,2026-06-17,2026-06-17,71,829,1,kept_played_2025_26
736,Ben Hutton,D,d1,d1:D,VEG,VGK,vegas-golden-knights,Vegas,8477018,Ben_Hutton,ben-hutton,nhl_roster_full,2026-06-17,2026-06-17,55,575,1,kept_played_2025_26
737,Kaedan Korczak,D,d1,d1:D,VEG,VGK,vegas-golden-knights,Vegas,8481527,Kaedan_Korczak,kaedan-korczak,nhl_roster_full,2026-06-17,2026-06-17,78,155,1,kept_played_2025_26
738,Jeremy Lauzon,D,d1,d1:D,VEG,VGK,vegas-golden-knights,Vegas,8478468,Jeremy_Lauzon,jeremy-lauzon,nhl_roster_full,2026-06-17,2026-06-17,68,384,1,kept_played_2025_26
739,Brayden McNabb,D,d1,d1:D,VEG,VGK,vegas-golden-knights,Vegas,8475188,Brayden_McNabb,brayden-mcnabb,nhl_roster_full,2026-06-17,2026-06-17,63,885,1,kept_played_2025_26
740,Jaycob Megna,D,d1,d1:D,VEG,VGK,vegas-golden-knights,Vegas,8477034,Jaycob_Megna,jaycob-megna,nhl_roster_full,2026-06-17,2026-06-17,4,197,1,kept_played_2025_26
741,Shea Theodore,D,d1,d1:D,VEG,VGK,vegas-golden-knights,Vegas,8477447,Shea_Theodore,shea-theodore,nhl_roster_full,2026-06-17,2026-06-17,70,634,1,kept_played_2025_26
742,Anthony Beauvillier,R,f1,f1:R,WAS,WSH,washington-capitals,Washington,8478463,Anthony_Beauvillier,anthony-beauvillier,nhl_roster_full,2026-06-17,2026-06-17,82,713,1,kept_played_2025_26
743,Pierre-Luc Dubois,C,f1,f1:C,WAS,WSH,washington-capitals,Washington,8479400,Pierre-Luc_Dubois,pierre-luc-dubois,nhl_roster_full,2026-06-17,2026-06-17,29,627,1,kept_played_2025_26
744,Brandon Duhaime,L,f1,f1:L,WAS,WSH,washington-capitals,Washington,8479520,Brandon_Duhaime,brandon-duhaime,nhl_roster_full,2026-06-17,2026-06-17,82,375,1,kept_played_2025_26
745,Ethen Frank,R,f1,f1:R,WAS,WSH,washington-capitals,Washington,8483573,Ethen_Frank,ethen-frank,nhl_roster_full,2026-06-17,2026-06-17,62,86,1,kept_played_2025_26
746,David Kampf,C,f1,f1:C,WAS,WSH,washington-capitals,Washington,8480144,David_Kampf,david-kampf,nhl_roster_full,2026-06-17,2026-06-17,40,576,1,kept_played_2025_26
747,Hendrix Lapierre,C,f1,f1:C,WAS,WSH,washington-capitals,Washington,8482148,Hendrix_Lapierre,hendrix-lapierre,nhl_roster_full,2026-06-17,2026-06-17,74,158,1,kept_played_2025_26
748,Ryan Leonard,R,f1,f1:R,WAS,WSH,washington-capitals,Washington,8484186,Ryan_Leonard,ryan-leonard,nhl_roster_full,2026-06-17,2026-06-17,75,84,1,kept_played_2025_26
749,Connor McMichael,L,f1,f1:L,WAS,WSH,washington-capitals,Washington,8481580,Connor_McMichael,connor-mcmichael,nhl_roster_full,2026-06-17,2026-06-17,78,315,1,kept_played_2025_26
750,Ivan Miroshnichenko,L,f1,f1:L,WAS,WSH,washington-capitals,Washington,8483491,Ivan_Miroshnichenko,ivan-miroshnichenko,nhl_roster_full,2026-06-17,2026-06-17,13,52,1,kept_played_2025_26
751,Alex Ovechkin,L,f1,f1:L,WAS,WSH,washington-capitals,Washington,8471214,Alex_Ovechkin,alex-ovechkin,nhl_roster_full,2026-06-17,2026-06-17,82,1573,1,kept_played_2025_26
752,Aliaksei Protas,L,f1,f1:L,WAS,WSH,washington-capitals,Washington,8481656,Aliaksei_Protas,aliaksei-protas,nhl_roster_full,2026-06-17,2026-06-17,76,321,1,kept_played_2025_26
753,Ilya Protas,L,f1,f1:L,WAS,WSH,washington-capitals,Washington,8484999,Ilya_Protas,ilya-protas,nhl_roster_full,2026-06-17,2026-06-17,4,4,1,kept_played_2025_26
754,Justin Sourdif,C,f1,f1:C,WAS,WSH,washington-capitals,Washington,8482088,Justin_Sourdif,justin-sourdif,nhl_roster_full,2026-06-17,2026-06-17,78,82,1,kept_played_2025_26
755,Dylan Strome,C,f1,f1:C,WAS,WSH,washington-capitals,Washington,8478440,Dylan_Strome,dylan-strome,nhl_roster_full,2026-06-17,2026-06-17,80,598,1,kept_played_2025_26
756,Tom Wilson,R,f1,f1:R,WAS,WSH,washington-capitals,Washington,8476880,Tom_Wilson,tom-wilson,nhl_roster_full,2026-06-17,2026-06-17,72,907,1,kept_played_2025_26
757,Declan Chisholm,D,d1,d1:D,WAS,WSH,washington-capitals,Washington,8480990,Declan_Chisholm,declan-chisholm,nhl_roster_full,2026-06-17,2026-06-17,26,125,1,kept_played_2025_26
758,Jakob Chychrun,D,d1,d1:D,WAS,WSH,washington-capitals,Washington,8479345,Jakob_Chychrun,jakob-chychrun,nhl_roster_full,2026-06-17,2026-06-17,80,621,1,kept_played_2025_26
759,Martin Fehérváry,D,d1,d1:D,WAS,WSH,washington-capitals,Washington,8480796,Martin_Fehérváry,martin-fehérváry,nhl_roster_full,2026-06-17,2026-06-17,81,380,1,kept_played_2025_26
760,Cole Hutson,D,d1,d1:D,WAS,WSH,washington-capitals,Washington,8484873,Cole_Hutson,cole-hutson,nhl_roster_full,2026-06-17,2026-06-17,14,14,1,kept_played_2025_26
761,Timothy Liljegren,D,d1,d1:D,WAS,WSH,washington-capitals,Washington,8480043,Timothy_Liljegren,timothy-liljegren,nhl_roster_full,2026-06-17,2026-06-17,47,311,1,kept_played_2025_26
762,Dylan McIlrath,D,d1,d1:D,WAS,WSH,washington-capitals,Washington,8475795,Dylan_McIlrath,dylan-mcilrath,nhl_roster_full,2026-06-17,2026-06-17,13,105,1,kept_played_2025_26
763,Matt Roy,D,d1,d1:D,WAS,WSH,washington-capitals,Washington,8478911,Matt_Roy,matt-roy,nhl_roster_full,2026-06-17,2026-06-17,79,517,1,kept_played_2025_26
764,Rasmus Sandin,D,d1,d1:D,WAS,WSH,washington-capitals,Washington,8480873,Rasmus_Sandin,rasmus-sandin,nhl_roster_full,2026-06-17,2026-06-17,73,382,1,kept_played_2025_26
765,Trevor van Riemsdyk,D,d1,d1:D,WAS,WSH,washington-capitals,Washington,8477845,Trevor_van_Riemsdyk,trevor-van-riemsdyk,nhl_roster_full,2026-06-17,2026-06-17,68,751,1,kept_played_2025_26
766,Morgan Barron,C,f1,f1:C,WPG,WPG,winnipeg-jets,Winnipeg,8480289,Morgan_Barron,morgan-barron,nhl_roster_full,2026-06-17,2026-06-17,65,321,1,kept_played_2025_26
767,Nikita Chibrikov,R,f1,f1:R,WPG,WPG,winnipeg-jets,Winnipeg,8482787,Nikita_Chibrikov,nikita-chibrikov,nhl_roster_full,2026-06-17,2026-06-17,11,16,1,kept_played_2025_26
768,Kyle Connor,L,f1,f1:L,WPG,WPG,winnipeg-jets,Winnipeg,8478398,Kyle_Connor,kyle-connor,nhl_roster_full,2026-06-17,2026-06-17,82,695,1,kept_played_2025_26
769,Alex Iafallo,L,f1,f1:L,WPG,WPG,winnipeg-jets,Winnipeg,8480113,Alex_Iafallo,alex-iafallo,nhl_roster_full,2026-06-17,2026-06-17,79,663,1,kept_played_2025_26
770,Cole Koepke,L,f1,f1:L,WPG,WPG,winnipeg-jets,Winnipeg,8481043,Cole_Koepke,cole-koepke,nhl_roster_full,2026-06-17,2026-06-17,66,165,1,kept_played_2025_26
771,Adam Lowry,C,f1,f1:C,WPG,WPG,winnipeg-jets,Winnipeg,8476392,Adam_Lowry,adam-lowry,nhl_roster_full,2026-06-17,2026-06-17,70,845,1,kept_played_2025_26
772,Vladislav Namestnikov,C,f1,f1:C,WPG,WPG,winnipeg-jets,Winnipeg,8476480,Vladislav_Namestnikov,vladislav-namestnikov,nhl_roster_full,2026-06-17,2026-06-17,60,846,1,kept_played_2025_26
773,Nino Niederreiter,R,f1,f1:R,WPG,WPG,winnipeg-jets,Winnipeg,8475799,Nino_Niederreiter,nino-niederreiter,nhl_roster_full,2026-06-17,2026-06-17,61,1030,1,kept_played_2025_26
774,Gustav Nyquist,R,f1,f1:R,WPG,WPG,winnipeg-jets,Winnipeg,8474679,Gustav_Nyquist,gustav-nyquist,nhl_roster_full,2026-06-17,2026-06-17,51,914,1,kept_played_2025_26
775,Cole Perfetti,C,f1,f1:C,WPG,WPG,winnipeg-jets,Winnipeg,8482149,Cole_Perfetti,cole-perfetti,nhl_roster_full,2026-06-17,2026-06-17,68,290,1,kept_played_2025_26
776,Isak Rosen,R,f1,f1:R,WPG,WPG,winnipeg-jets,Winnipeg,8482765,Isak_Rosen,isak-rosen,nhl_roster_full,2026-06-17,2026-06-17,37,52,1,kept_played_2025_26
777,Mark Scheifele,C,f1,f1:C,WPG,WPG,winnipeg-jets,Winnipeg,8476460,Mark_Scheifele,mark-scheifele,nhl_roster_full,2026-06-17,2026-06-17,82,961,1,kept_played_2025_26
778,Jonathan Toews,C,f1,f1:C,WPG,WPG,winnipeg-jets,Winnipeg,8473604,Jonathan_Toews,jonathan-toews,nhl_roster_full,2026-06-17,2026-06-17,82,1149,1,kept_played_2025_26
779,Gabriel Vilardi,C,f1,f1:C,WPG,WPG,winnipeg-jets,Winnipeg,8480014,Gabriel_Vilardi,gabriel-vilardi,nhl_roster_full,2026-06-17,2026-06-17,82,352,1,kept_played_2025_26
780,Jacob Bryson,D,d1,d1:D,WPG,WPG,winnipeg-jets,Winnipeg,8480196,Jacob_Bryson,jacob-bryson,nhl_roster_full,2026-06-17,2026-06-17,50,304,1,kept_played_2025_26
781,Dylan DeMelo,D,d1,d1:D,WPG,WPG,winnipeg-jets,Winnipeg,8476331,Dylan_DeMelo,dylan-demelo,nhl_roster_full,2026-06-17,2026-06-17,82,718,1,kept_played_2025_26
782,Haydn Fleury,D,d1,d1:D,WPG,WPG,winnipeg-jets,Winnipeg,8477938,Haydn_Fleury,haydn-fleury,nhl_roster_full,2026-06-17,2026-06-17,38,345,1,kept_played_2025_26
783,Ville Heinola,D,d1,d1:D,WPG,WPG,winnipeg-jets,Winnipeg,8481572,Ville_Heinola,ville-heinola,nhl_roster_full,2026-06-17,2026-06-17,5,58,1,kept_played_2025_26
784,Colin Miller,D,d1,d1:D,WPG,WPG,winnipeg-jets,Winnipeg,8476525,Colin_Miller,colin-miller,nhl_roster_full,2026-06-17,2026-06-17,18,590,1,kept_played_2025_26
785,Josh Morrissey,D,d1,d1:D,WPG,WPG,winnipeg-jets,Winnipeg,8477504,Josh_Morrissey,josh-morrissey,nhl_roster_full,2026-06-17,2026-06-17,77,739,1,kept_played_2025_26
786,Neal Pionk,D,d1,d1:D,WPG,WPG,winnipeg-jets,Winnipeg,8480145,Neal_Pionk,neal-pionk,nhl_roster_full,2026-06-17,2026-06-17,51,587,1,kept_played_2025_26
787,Elias Salomonsson,D,d1,d1:D,WPG,WPG,winnipeg-jets,Winnipeg,8483510,Elias_Salomonsson,elias-salomonsson,nhl_roster_full,2026-06-17,2026-06-17,32,32,1,kept_played_2025_26
788,Dylan Samberg,D,d1,d1:D,WPG,WPG,winnipeg-jets,Winnipeg,8480049,Dylan_Samberg,dylan-samberg,nhl_roster_full,2026-06-17,2026-06-17,66,282,1,kept_played_2025_26
