player_id,full_name,nhl_player_id,capwages_nhlid,cap_hit_M,season,contract_type,cap_quality,cap_note,source_url,fetched_at
1,Leo Carlsson,8484153,8484153,0.9500,2023-24,Entry-Level Contract,ok,,https://capwages.com/players/leo-carlsson,2026-08-08T18:53:41.068777+00:00
1,Leo Carlsson,8484153,8484153,0.9500,2024-25,Entry-Level Contract,ok,,https://capwages.com/players/leo-carlsson,2026-08-08T18:53:41.068777+00:00
1,Leo Carlsson,8484153,8484153,0.9500,2025-26,Entry-Level Contract,ok,,https://capwages.com/players/leo-carlsson,2026-08-08T18:53:41.068777+00:00
2,Nathan Gaucher,8483444,8483444,,2023-24,,low,did not play this season,https://capwages.com/players/nathan-gaucher,2026-08-08T18:53:41.068777+00:00
2,Nathan Gaucher,8483444,8483444,,2024-25,,low,did not play this season,https://capwages.com/players/nathan-gaucher,2026-08-08T18:53:41.068777+00:00
2,Nathan Gaucher,8483444,8483444,0.8867,2025-26,Entry-Level Contract,ok,,https://capwages.com/players/nathan-gaucher,2026-08-08T18:53:41.068777+00:00
3,Cutter Gauthier,8483445,8483445,0.9500,2023-24,Entry-Level Contract,ok,,https://capwages.com/players/cutter-gauthier,2026-08-08T18:53:41.068777+00:00
3,Cutter Gauthier,8483445,8483445,0.9500,2024-25,Entry-Level Contract,ok,,https://capwages.com/players/cutter-gauthier,2026-08-08T18:53:41.068777+00:00
3,Cutter Gauthier,8483445,8483445,0.9500,2025-26,Entry-Level Contract,ok,,https://capwages.com/players/cutter-gauthier,2026-08-08T18:53:41.068777+00:00
4,Mikael Granlund,8475798,8475798,5.0000,2023-24,Standard Contract,ok,,https://capwages.com/players/mikael-granlund,2026-08-08T18:53:41.068777+00:00
4,Mikael Granlund,8475798,8475798,5.0000,2024-25,Standard Contract,ok,,https://capwages.com/players/mikael-granlund,2026-08-08T18:53:41.068777+00:00
4,Mikael Granlund,8475798,8475798,7.0000,2025-26,Standard Contract,ok,,https://capwages.com/players/mikael-granlund,2026-08-08T18:53:41.068777+00:00
5,Jansen Harkins,8478424,8478424,0.8500,2023-24,Standard Contract,ok,,https://capwages.com/players/jansen-harkins,2026-08-08T18:53:41.068777+00:00
5,Jansen Harkins,8478424,8478424,0.7875,2024-25,Two-Way Contract ,ok,,https://capwages.com/players/jansen-harkins,2026-08-08T18:53:41.068777+00:00
5,Jansen Harkins,8478424,8478424,0.7875,2025-26,Two-Way Contract ,ok,,https://capwages.com/players/jansen-harkins,2026-08-08T18:53:41.068777+00:00
6,Ross Johnston,8477527,8477527,1.1000,2023-24,Standard Contract (Extension),ok,,https://capwages.com/players/ross-johnston,2026-08-08T18:53:41.068777+00:00
6,Ross Johnston,8477527,8477527,1.1000,2024-25,Standard Contract (Extension),ok,,https://capwages.com/players/ross-johnston,2026-08-08T18:53:41.068777+00:00
6,Ross Johnston,8477527,8477527,1.1000,2025-26,Standard Contract (Extension),ok,,https://capwages.com/players/ross-johnston,2026-08-08T18:53:41.068777+00:00
7,Alex Killorn,8473986,8473986,6.2500,2023-24,Standard Contract,ok,,https://capwages.com/players/alex-killorn,2026-08-08T18:53:41.068777+00:00
7,Alex Killorn,8473986,8473986,6.2500,2024-25,Standard Contract,ok,,https://capwages.com/players/alex-killorn,2026-08-08T18:53:41.068777+00:00
7,Alex Killorn,8473986,8473986,6.2500,2025-26,Standard Contract,ok,,https://capwages.com/players/alex-killorn,2026-08-08T18:53:41.068777+00:00
8,Chris Kreider,8475184,8475184,6.5000,2023-24,Standard Contract (Extension),ok,,https://capwages.com/players/chris-kreider,2026-08-08T18:53:41.068777+00:00
8,Chris Kreider,8475184,8475184,6.5000,2024-25,Standard Contract (Extension),ok,,https://capwages.com/players/chris-kreider,2026-08-08T18:53:41.068777+00:00
8,Chris Kreider,8475184,8475184,6.5000,2025-26,Standard Contract (Extension),ok,,https://capwages.com/players/chris-kreider,2026-08-08T18:53:41.068777+00:00
9,Mason McTavish,8482745,8482745,0.8942,2023-24,Entry-Level Contract,ok,,https://capwages.com/players/mason-mctavish,2026-08-08T18:53:41.068777+00:00
9,Mason McTavish,8482745,8482745,0.8942,2024-25,Entry-Level Contract,ok,,https://capwages.com/players/mason-mctavish,2026-08-08T18:53:41.068777+00:00
9,Mason McTavish,8482745,8482745,7.0000,2025-26,Standard Contract (Extension),ok,,https://capwages.com/players/mason-mctavish,2026-08-08T18:53:41.068777+00:00
10,Ryan Poehling,8480068,8480068,1.4000,2023-24,Standard Contract,ok,,https://capwages.com/players/ryan-poehling,2026-08-08T18:53:41.068777+00:00
10,Ryan Poehling,8480068,8480068,1.9000,2024-25,Standard Contract (Extension),ok,,https://capwages.com/players/ryan-poehling,2026-08-08T18:53:41.068777+00:00
10,Ryan Poehling,8480068,8480068,1.9000,2025-26,Standard Contract (Extension),ok,,https://capwages.com/players/ryan-poehling,2026-08-08T18:53:41.068777+00:00
11,Beckett Sennecke,8484762,8484762,,2023-24,,low,no 2023-24 detail,https://capwages.com/players/beckett-sennecke,2026-08-08T18:53:41.068777+00:00
11,Beckett Sennecke,8484762,8484762,,2024-25,,low,did not play this season,https://capwages.com/players/beckett-sennecke,2026-08-08T18:53:41.068777+00:00
11,Beckett Sennecke,8484762,8484762,0.9425,2025-26,Entry-Level Contract,ok,,https://capwages.com/players/beckett-sennecke,2026-08-08T18:53:41.068777+00:00
12,Troy Terry,8478873,8478873,7.0000,2023-24,Standard Contract,ok,,https://capwages.com/players/troy-terry,2026-08-08T18:53:41.068777+00:00
12,Troy Terry,8478873,8478873,7.0000,2024-25,Standard Contract,ok,,https://capwages.com/players/troy-terry,2026-08-08T18:53:41.068777+00:00
12,Troy Terry,8478873,8478873,7.0000,2025-26,Standard Contract,ok,,https://capwages.com/players/troy-terry,2026-08-08T18:53:41.068777+00:00
13,Frank Vatrano,8478366,8478366,3.6500,2023-24,Standard Contract,ok,,https://capwages.com/players/frank-vatrano,2026-08-08T18:53:41.068777+00:00
13,Frank Vatrano,8478366,8478366,3.6500,2024-25,Standard Contract,ok,,https://capwages.com/players/frank-vatrano,2026-08-08T18:53:41.068777+00:00
13,Frank Vatrano,8478366,8478366,4.5712,2025-26,Standard Contract (Extension),ok,,https://capwages.com/players/frank-vatrano,2026-08-08T18:53:41.068777+00:00
14,Jeffrey Viel,8479705,8479705,,2023-24,,low,did not play this season,https://capwages.com/players/jeffrey-viel,2026-08-08T18:53:41.068777+00:00
14,Jeffrey Viel,8479705,8479705,0.7750,2024-25,Two-Way Contract ,ok,,https://capwages.com/players/jeffrey-viel,2026-08-08T18:53:41.068777+00:00
14,Jeffrey Viel,8479705,8479705,0.7750,2025-26,Two-Way Contract ,ok,,https://capwages.com/players/jeffrey-viel,2026-08-08T18:53:41.068777+00:00
15,Tim Washe,8485512,8485512,,2023-24,,low,no 2023-24 detail,https://capwages.com/players/tim-washe,2026-08-08T18:53:41.068777+00:00
15,Tim Washe,8485512,8485512,,2024-25,,low,no 2024-25 detail,https://capwages.com/players/tim-washe,2026-08-08T18:53:41.068777+00:00
15,Tim Washe,8485512,8485512,0.8125,2025-26,Two-Way Contract ,ok,,https://capwages.com/players/tim-washe,2026-08-08T18:53:41.068777+00:00
16,John Carlson,8474590,8474590,8.0000,2023-24,Standard Contract (Extension),ok,,https://capwages.com/players/john-carlson,2026-08-08T18:53:41.068777+00:00
16,John Carlson,8474590,8474590,8.0000,2024-25,Standard Contract (Extension),ok,,https://capwages.com/players/john-carlson,2026-08-08T18:53:41.068777+00:00
16,John Carlson,8474590,8474590,8.0000,2025-26,Standard Contract (Extension),ok,,https://capwages.com/players/john-carlson,2026-08-08T18:53:41.068777+00:00
17,Radko Gudas,8475462,8475462,4.0000,2023-24,Standard Contract,ok,,https://capwages.com/players/radko-gudas,2026-08-08T18:53:41.068777+00:00
17,Radko Gudas,8475462,8475462,4.0000,2024-25,Standard Contract,ok,,https://capwages.com/players/radko-gudas,2026-08-08T18:53:41.068777+00:00
17,Radko Gudas,8475462,8475462,4.0000,2025-26,Standard Contract,ok,,https://capwages.com/players/radko-gudas,2026-08-08T18:53:41.068777+00:00
18,Drew Helleson,8481563,8481563,,2023-24,,low,did not play this season,https://capwages.com/players/drew-helleson,2026-08-08T18:53:41.068777+00:00
18,Drew Helleson,8481563,8481563,0.9250,2024-25,Entry-Level Contract,ok,,https://capwages.com/players/drew-helleson,2026-08-08T18:53:41.068777+00:00
18,Drew Helleson,8481563,8481563,1.1000,2025-26,Two-Way Contract,ok,,https://capwages.com/players/drew-helleson,2026-08-08T18:53:41.068777+00:00
19,Tyson Hinds,8482731,8482731,,2023-24,,low,did not play this season,https://capwages.com/players/tyson-hinds,2026-08-08T18:53:41.068777+00:00
19,Tyson Hinds,8482731,8482731,,2024-25,,low,did not play this season,https://capwages.com/players/tyson-hinds,2026-08-08T18:53:41.068777+00:00
19,Tyson Hinds,8482731,8482731,0.8294,2025-26,Entry-Level Contract,ok,,https://capwages.com/players/tyson-hinds,2026-08-08T18:53:41.068777+00:00
20,Jackson LaCombe,8481605,8481605,0.9250,2023-24,Entry-Level Contract,ok,,https://capwages.com/players/jackson-lacombe,2026-08-08T18:53:41.068777+00:00
20,Jackson LaCombe,8481605,8481605,0.9250,2024-25,Standard Contract,ok,,https://capwages.com/players/jackson-lacombe,2026-08-08T18:53:41.068777+00:00
20,Jackson LaCombe,8481605,8481605,0.9250,2025-26,Standard Contract,ok,,https://capwages.com/players/jackson-lacombe,2026-08-08T18:53:41.068777+00:00
21,Pavel Mintyukov,8483490,8483490,0.9183,2023-24,Entry-Level Contract,ok,,https://capwages.com/players/pavel-mintyukov,2026-08-08T18:53:41.068777+00:00
21,Pavel Mintyukov,8483490,8483490,0.9183,2024-25,Entry-Level Contract,ok,,https://capwages.com/players/pavel-mintyukov,2026-08-08T18:53:41.068777+00:00
21,Pavel Mintyukov,8483490,8483490,0.9183,2025-26,Entry-Level Contract,ok,,https://capwages.com/players/pavel-mintyukov,2026-08-08T18:53:41.068777+00:00
22,Ian Moore,8482178,8482178,,2023-24,,low,no 2023-24 detail,https://capwages.com/players/ian-moore,2026-08-08T18:53:41.068777+00:00
22,Ian Moore,8482178,8482178,0.9250,2024-25,Entry-Level Contract,ok,,https://capwages.com/players/ian-moore,2026-08-08T18:53:41.068777+00:00
22,Ian Moore,8482178,8482178,0.9250,2025-26,Entry-Level Contract,ok,,https://capwages.com/players/ian-moore,2026-08-08T18:53:41.068777+00:00
23,Jacob Trouba,8476885,8476885,8.0000,2023-24,Standard Contract,ok,,https://capwages.com/players/jacob-trouba,2026-08-08T18:53:41.068777+00:00
23,Jacob Trouba,8476885,8476885,8.0000,2024-25,Standard Contract,ok,,https://capwages.com/players/jacob-trouba,2026-08-08T18:53:41.068777+00:00
23,Jacob Trouba,8476885,8476885,8.0000,2025-26,Standard Contract,ok,,https://capwages.com/players/jacob-trouba,2026-08-08T18:53:41.068777+00:00
24,Olen Zellweger,8482803,8482803,0.8442,2023-24,Entry-Level Contract,ok,,https://capwages.com/players/olen-zellweger,2026-08-08T18:53:41.068777+00:00
24,Olen Zellweger,8482803,8482803,0.8442,2024-25,Entry-Level Contract,ok,,https://capwages.com/players/olen-zellweger,2026-08-08T18:53:41.068777+00:00
24,Olen Zellweger,8482803,8482803,0.8442,2025-26,Entry-Level Contract,ok,,https://capwages.com/players/olen-zellweger,2026-08-08T18:53:41.068777+00:00
25,Viktor Arvidsson,8478042,8478042,4.2500,2023-24,Standard Contract,ok,,https://capwages.com/players/viktor-arvidsson,2026-08-08T18:53:41.068777+00:00
25,Viktor Arvidsson,8478042,8478042,4.0000,2024-25,Standard Contract,ok,,https://capwages.com/players/viktor-arvidsson,2026-08-08T18:53:41.068777+00:00
25,Viktor Arvidsson,8478042,8478042,4.0000,2025-26,Standard Contract,ok,,https://capwages.com/players/viktor-arvidsson,2026-08-08T18:53:41.068777+00:00
26,Michael Eyssimont,8479591,8479591,0.8000,2023-24,Standard Contract (Extension),ok,,https://capwages.com/players/michael-eyssimont,2026-08-08T18:53:41.068777+00:00
26,Michael Eyssimont,8479591,8479591,0.8000,2024-25,Standard Contract (Extension),ok,,https://capwages.com/players/michael-eyssimont,2026-08-08T18:53:41.068777+00:00
26,Michael Eyssimont,8479591,8479591,1.4500,2025-26,Standard Contract,ok,,https://capwages.com/players/michael-eyssimont,2026-08-08T18:53:41.068777+00:00
27,Morgan Geekie,8479987,8479987,2.0000,2023-24,Standard Contract,ok,,https://capwages.com/players/morgan-geekie,2026-08-08T18:53:41.068777+00:00
27,Morgan Geekie,8479987,8479987,2.0000,2024-25,Standard Contract,ok,,https://capwages.com/players/morgan-geekie,2026-08-08T18:53:41.068777+00:00
27,Morgan Geekie,8479987,8479987,5.5000,2025-26,Standard Contract (Extension),ok,,https://capwages.com/players/morgan-geekie,2026-08-08T18:53:41.068777+00:00
28,James Hagens,8485395,8485395,,2023-24,,low,no 2023-24 detail,https://capwages.com/players/james-hagens,2026-08-08T18:53:41.068777+00:00
28,James Hagens,8485395,8485395,,2024-25,,low,no 2024-25 detail,https://capwages.com/players/james-hagens,2026-08-08T18:53:41.068777+00:00
28,James Hagens,8485395,8485395,0.9750,2025-26,Entry-Level Contract,ok,,https://capwages.com/players/james-hagens,2026-08-08T18:53:41.068777+00:00
29,Tanner Jeannot,8479661,8479661,2.6650,2023-24,Standard Contract,ok,,https://capwages.com/players/tanner-jeannot,2026-08-08T18:53:41.068777+00:00
29,Tanner Jeannot,8479661,8479661,2.6650,2024-25,Standard Contract,ok,,https://capwages.com/players/tanner-jeannot,2026-08-08T18:53:41.068777+00:00
29,Tanner Jeannot,8479661,8479661,3.4000,2025-26,Standard Contract,ok,,https://capwages.com/players/tanner-jeannot,2026-08-08T18:53:41.068777+00:00
30,Mark Kastelic,8480355,8480355,0.8350,2023-24,Standard Contract (Extension),ok,,https://capwages.com/players/mark-kastelic,2026-08-08T18:53:41.068777+00:00
30,Mark Kastelic,8480355,8480355,0.8350,2024-25,Standard Contract (Extension),ok,,https://capwages.com/players/mark-kastelic,2026-08-08T18:53:41.068777+00:00
30,Mark Kastelic,8480355,8480355,1.5667,2025-26,Two-Way Contract ,ok,,https://capwages.com/players/mark-kastelic,2026-08-08T18:53:41.068777+00:00
31,Marat Khusnutdinov,8482177,8482177,0.9250,2023-24,Entry-Level Contract,ok,,https://capwages.com/players/marat-khusnutdinov,2026-08-08T18:53:41.068777+00:00
31,Marat Khusnutdinov,8482177,8482177,0.9250,2024-25,Entry-Level Contract,ok,,https://capwages.com/players/marat-khusnutdinov,2026-08-08T18:53:41.068777+00:00
31,Marat Khusnutdinov,8482177,8482177,0.9250,2025-26,Standard Contract (Extension),ok,,https://capwages.com/players/marat-khusnutdinov,2026-08-08T18:53:41.068777+00:00
32,Sean Kuraly,8476374,8476374,2.5000,2023-24,Standard Contract,ok,,https://capwages.com/players/sean-kuraly,2026-08-08T18:53:41.068777+00:00
32,Sean Kuraly,8476374,8476374,2.5000,2024-25,Standard Contract,ok,,https://capwages.com/players/sean-kuraly,2026-08-08T18:53:41.068777+00:00
32,Sean Kuraly,8476374,8476374,1.8500,2025-26,Standard Contract,ok,,https://capwages.com/players/sean-kuraly,2026-08-08T18:53:41.068777+00:00
33,Elias Lindholm,8477496,8477496,4.8500,2023-24,Standard Contract,ok,,https://capwages.com/players/elias-lindholm,2026-08-08T18:53:41.068777+00:00
33,Elias Lindholm,8477496,8477496,7.7500,2024-25,Standard Contract,ok,,https://capwages.com/players/elias-lindholm,2026-08-08T18:53:41.068777+00:00
33,Elias Lindholm,8477496,8477496,7.7500,2025-26,Standard Contract,ok,,https://capwages.com/players/elias-lindholm,2026-08-08T18:53:41.068777+00:00
34,Fraser Minten,8483489,8483489,0.8458,2023-24,Entry-Level Contract,ok,,https://capwages.com/players/fraser-minten,2026-08-08T18:53:41.068777+00:00
34,Fraser Minten,8483489,8483489,0.8167,2024-25,Entry-Level Contract,ok,,https://capwages.com/players/fraser-minten,2026-08-08T18:53:41.068777+00:00
34,Fraser Minten,8483489,8483489,0.8167,2025-26,Entry-Level Contract,ok,,https://capwages.com/players/fraser-minten,2026-08-08T18:53:41.068777+00:00
35,Casey Mittelstadt,8479999,8479999,2.5000,2023-24,Standard Contract,ok,,https://capwages.com/players/casey-mittelstadt,2026-08-08T18:53:41.068777+00:00
35,Casey Mittelstadt,8479999,8479999,5.7500,2024-25,Standard Contract (Extension),ok,,https://capwages.com/players/casey-mittelstadt,2026-08-08T18:53:41.068777+00:00
35,Casey Mittelstadt,8479999,8479999,5.7500,2025-26,Standard Contract (Extension),ok,,https://capwages.com/players/casey-mittelstadt,2026-08-08T18:53:41.068777+00:00
36,David Pastrnak,8477956,8477956,11.2500,2023-24,Standard Contract (Extension),ok,,https://capwages.com/players/david-pastrnak,2026-08-08T18:53:41.068777+00:00
36,David Pastrnak,8477956,8477956,11.2500,2024-25,Standard Contract (Extension),ok,,https://capwages.com/players/david-pastrnak,2026-08-08T18:53:41.068777+00:00
36,David Pastrnak,8477956,8477956,11.2500,2025-26,Standard Contract (Extension),ok,,https://capwages.com/players/david-pastrnak,2026-08-08T18:53:41.068777+00:00
37,Lukas Reichel,8482117,8482117,0.9250,2023-24,Entry-Level Contract,ok,,https://capwages.com/players/lukas-reichel,2026-08-08T18:53:41.068777+00:00
37,Lukas Reichel,8482117,8482117,1.2000,2024-25,Two-Way Contract (Extension),ok,,https://capwages.com/players/lukas-reichel,2026-08-08T18:53:41.068777+00:00
37,Lukas Reichel,8482117,8482117,1.2000,2025-26,Two-Way Contract (Extension),ok,,https://capwages.com/players/lukas-reichel,2026-08-08T18:53:41.068777+00:00
38,Alex Steeves,8482634,8482634,0.8342,2023-24,Entry-Level Contract,ok,,https://capwages.com/players/alex-steeves,2026-08-08T18:53:41.068777+00:00
38,Alex Steeves,8482634,8482634,0.7750,2024-25,Two-Way Contract,ok,,https://capwages.com/players/alex-steeves,2026-08-08T18:53:41.068777+00:00
38,Alex Steeves,8482634,8482634,0.8500,2025-26,Standard Contract,ok,,https://capwages.com/players/alex-steeves,2026-08-08T18:53:41.068777+00:00
39,Pavel Zacha,8478401,8478401,4.7500,2023-24,Standard Contract (Extension),ok,,https://capwages.com/players/pavel-zacha,2026-08-08T18:53:41.068777+00:00
39,Pavel Zacha,8478401,8478401,4.7500,2024-25,Standard Contract (Extension),ok,,https://capwages.com/players/pavel-zacha,2026-08-08T18:53:41.068777+00:00
39,Pavel Zacha,8478401,8478401,4.7500,2025-26,Standard Contract (Extension),ok,,https://capwages.com/players/pavel-zacha,2026-08-08T18:53:41.068777+00:00
40,Jonathan Aspirot,8481219,8481219,,2023-24,,low,no 2023-24 detail,https://capwages.com/players/jonathan-aspirot,2026-08-08T18:53:41.068777+00:00
40,Jonathan Aspirot,8481219,8481219,,2024-25,,low,did not play this season,https://capwages.com/players/jonathan-aspirot,2026-08-08T18:53:41.068777+00:00
40,Jonathan Aspirot,8481219,8481219,0.7750,2025-26,Two-Way Contract ,ok,,https://capwages.com/players/jonathan-aspirot,2026-08-08T18:53:41.068777+00:00
41,Jordan Harris,8480887,8480887,1.4000,2023-24,Standard Contract (Extension),ok,,https://capwages.com/players/jordan-harris,2026-08-08T18:53:41.068777+00:00
41,Jordan Harris,8480887,8480887,1.4000,2024-25,Standard Contract (Extension),ok,,https://capwages.com/players/jordan-harris,2026-08-08T18:53:41.068777+00:00
41,Jordan Harris,8480887,8480887,0.8250,2025-26,Standard Contract,ok,,https://capwages.com/players/jordan-harris,2026-08-08T18:53:41.068777+00:00
42,Henri Jokiharju,8480035,8480035,2.5000,2023-24,Standard Contract,ok,,https://capwages.com/players/henri-jokiharju,2026-08-08T18:53:41.068777+00:00
42,Henri Jokiharju,8480035,8480035,3.1000,2024-25,Standard Contract,ok,,https://capwages.com/players/henri-jokiharju,2026-08-08T18:53:41.068777+00:00
42,Henri Jokiharju,8480035,8480035,3.0000,2025-26,Standard Contract (Extension),ok,,https://capwages.com/players/henri-jokiharju,2026-08-08T18:53:41.068777+00:00
43,Hampus Lindholm,8476854,8476854,6.5000,2023-24,Standard Contract (Extension),ok,,https://capwages.com/players/hampus-lindholm,2026-08-08T18:53:41.068777+00:00
43,Hampus Lindholm,8476854,8476854,6.5000,2024-25,Standard Contract (Extension),ok,,https://capwages.com/players/hampus-lindholm,2026-08-08T18:53:41.068777+00:00
43,Hampus Lindholm,8476854,8476854,6.5000,2025-26,Standard Contract (Extension),ok,,https://capwages.com/players/hampus-lindholm,2026-08-08T18:53:41.068777+00:00
44,Mason Lohrei,8482511,8482511,0.9250,2023-24,Entry-Level Contract,ok,,https://capwages.com/players/mason-lohrei,2026-08-08T18:53:41.068777+00:00
44,Mason Lohrei,8482511,8482511,0.9250,2024-25,Entry-Level Contract,ok,,https://capwages.com/players/mason-lohrei,2026-08-08T18:53:41.068777+00:00
44,Mason Lohrei,8482511,8482511,3.2000,2025-26,Standard Contract (Extension),ok,,https://capwages.com/players/mason-lohrei,2026-08-08T18:53:41.068777+00:00
45,Charlie McAvoy,8479325,8479325,9.5000,2023-24,Standard Contract (Extension),ok,,https://capwages.com/players/charlie-mcavoy,2026-08-08T18:53:41.068777+00:00
45,Charlie McAvoy,8479325,8479325,9.5000,2024-25,Standard Contract (Extension),ok,,https://capwages.com/players/charlie-mcavoy,2026-08-08T18:53:41.068777+00:00
45,Charlie McAvoy,8479325,8479325,9.5000,2025-26,Standard Contract (Extension),ok,,https://capwages.com/players/charlie-mcavoy,2026-08-08T18:53:41.068777+00:00
46,Andrew Peeke,8479369,8479369,2.7500,2023-24,Standard Contract (Extension),ok,,https://capwages.com/players/andrew-peeke,2026-08-08T18:53:41.068777+00:00
46,Andrew Peeke,8479369,8479369,2.7500,2024-25,Standard Contract (Extension),ok,,https://capwages.com/players/andrew-peeke,2026-08-08T18:53:41.068777+00:00
46,Andrew Peeke,8479369,8479369,2.7500,2025-26,Standard Contract (Extension),ok,,https://capwages.com/players/andrew-peeke,2026-08-08T18:53:41.068777+00:00
47,Nikita Zadorov,8477507,8477507,3.7500,2023-24,Standard Contract,ok,,https://capwages.com/players/nikita-zadorov,2026-08-08T18:53:41.068777+00:00
47,Nikita Zadorov,8477507,8477507,5.0000,2024-25,Standard Contract,ok,,https://capwages.com/players/nikita-zadorov,2026-08-08T18:53:41.068777+00:00
47,Nikita Zadorov,8477507,8477507,5.0000,2025-26,Standard Contract,ok,,https://capwages.com/players/nikita-zadorov,2026-08-08T18:53:41.068777+00:00
48,Zach Benson,8484145,8484145,0.9500,2023-24,Entry-Level Contract,ok,,https://capwages.com/players/zach-benson,2026-08-08T18:53:41.068777+00:00
48,Zach Benson,8484145,8484145,0.9500,2024-25,Entry-Level Contract,ok,,https://capwages.com/players/zach-benson,2026-08-08T18:53:41.068777+00:00
48,Zach Benson,8484145,8484145,0.9500,2025-26,Entry-Level Contract,ok,,https://capwages.com/players/zach-benson,2026-08-08T18:53:41.068777+00:00
49,Sam Carrick,8475842,8475842,0.8500,2023-24,Standard Contract,ok,,https://capwages.com/players/sam-carrick,2026-08-08T18:53:41.068777+00:00
49,Sam Carrick,8475842,8475842,1.0000,2024-25,Standard Contract,ok,,https://capwages.com/players/sam-carrick,2026-08-08T18:53:41.068777+00:00
49,Sam Carrick,8475842,8475842,1.0000,2025-26,Standard Contract,ok,,https://capwages.com/players/sam-carrick,2026-08-08T18:53:41.068777+00:00
50,Justin Danforth,8479941,8479941,0.9750,2023-24,Standard Contract (Extension),ok,,https://capwages.com/players/justin-danforth,2026-08-08T18:53:41.068777+00:00
50,Justin Danforth,8479941,8479941,1.1000,2024-25,Standard Contract (Extension),ok,,https://capwages.com/players/justin-danforth,2026-08-08T18:53:41.068777+00:00
50,Justin Danforth,8479941,8479941,1.8000,2025-26,Standard Contract,ok,,https://capwages.com/players/justin-danforth,2026-08-08T18:53:41.068777+00:00
51,Josh Doan,8482659,8482659,0.9250,2023-24,Entry-Level Contract,ok,,https://capwages.com/players/josh-doan,2026-08-08T18:53:41.068777+00:00
51,Josh Doan,8482659,8482659,0.9250,2024-25,Entry-Level Contract,ok,,https://capwages.com/players/josh-doan,2026-08-08T18:53:41.068777+00:00
51,Josh Doan,8482659,8482659,0.9250,2025-26,Entry-Level Contract,ok,,https://capwages.com/players/josh-doan,2026-08-08T18:53:41.068777+00:00
52,Josh Dunne,8482623,8482623,,2023-24,,low,did not play this season,https://capwages.com/players/josh-dunne,2026-08-08T18:53:41.068777+00:00
52,Josh Dunne,8482623,8482623,0.7750,2024-25,Two-Way Contract ,ok,,https://capwages.com/players/josh-dunne,2026-08-08T18:53:41.068777+00:00
52,Josh Dunne,8482623,8482623,0.7750,2025-26,Two-Way Contract ,ok,,https://capwages.com/players/josh-dunne,2026-08-08T18:53:41.068777+00:00
53,Jordan Greenway,8478413,8478413,3.0000,2023-24,Standard Contract (Extension),ok,,https://capwages.com/players/jordan-greenway,2026-08-08T18:53:41.068777+00:00
53,Jordan Greenway,8478413,8478413,3.0000,2024-25,Standard Contract (Extension),ok,,https://capwages.com/players/jordan-greenway,2026-08-08T18:53:41.068777+00:00
53,Jordan Greenway,8478413,8478413,4.0000,2025-26,Standard Contract (Extension),ok,,https://capwages.com/players/jordan-greenway,2026-08-08T18:53:41.068777+00:00
54,Konsta Helenius,8484797,8484797,,2023-24,,low,no 2023-24 detail,https://capwages.com/players/konsta-helenius,2026-08-08T18:53:41.068777+00:00
54,Konsta Helenius,8484797,8484797,,2024-25,,low,did not play this season,https://capwages.com/players/konsta-helenius,2026-08-08T18:53:41.068777+00:00
54,Konsta Helenius,8484797,8484797,0.9425,2025-26,Entry-Level Contract,ok,,https://capwages.com/players/konsta-helenius,2026-08-08T18:53:41.068777+00:00
55,Tyson Kozak,8482896,8482896,,2023-24,,low,did not play this season,https://capwages.com/players/tyson-kozak,2026-08-08T18:53:41.068777+00:00
55,Tyson Kozak,8482896,8482896,0.8500,2024-25,Entry-Level Contract,ok,,https://capwages.com/players/tyson-kozak,2026-08-08T18:53:41.068777+00:00
55,Tyson Kozak,8482896,8482896,0.8250,2025-26,Two-Way Contract (Extension),ok,,https://capwages.com/players/tyson-kozak,2026-08-08T18:53:41.068777+00:00
56,Peyton Krebs,8481522,8481522,0.8633,2023-24,Entry-Level Contract,ok,,https://capwages.com/players/peyton-krebs,2026-08-08T18:53:41.068777+00:00
56,Peyton Krebs,8481522,8481522,1.4500,2024-25,Two-Way Contract ,ok,,https://capwages.com/players/peyton-krebs,2026-08-08T18:53:41.068777+00:00
56,Peyton Krebs,8481522,8481522,1.4500,2025-26,Two-Way Contract ,ok,,https://capwages.com/players/peyton-krebs,2026-08-08T18:53:41.068777+00:00
57,Jiri Kulich,8483468,8483468,0.9183,2023-24,Entry-Level Contract,ok,,https://capwages.com/players/jiri-kulich,2026-08-08T18:53:41.068777+00:00
57,Jiri Kulich,8483468,8483468,0.8867,2024-25,Entry-Level Contract,ok,,https://capwages.com/players/jiri-kulich,2026-08-08T18:53:41.068777+00:00
57,Jiri Kulich,8483468,8483468,0.8867,2025-26,Entry-Level Contract,ok,,https://capwages.com/players/jiri-kulich,2026-08-08T18:53:41.068777+00:00
58,Beck Malenstyn,8479359,8479359,0.7625,2023-24,Standard Contract (Extension),ok,,https://capwages.com/players/beck-malenstyn,2026-08-08T18:53:41.068777+00:00
58,Beck Malenstyn,8479359,8479359,1.3500,2024-25,Standard Contract,ok,,https://capwages.com/players/beck-malenstyn,2026-08-08T18:53:41.068777+00:00
58,Beck Malenstyn,8479359,8479359,1.3500,2025-26,Standard Contract,ok,,https://capwages.com/players/beck-malenstyn,2026-08-08T18:53:41.068777+00:00
59,Ryan McLeod,8480802,8480802,2.1000,2023-24,Standard Contract,ok,,https://capwages.com/players/ryan-mcleod,2026-08-08T18:53:41.068777+00:00
59,Ryan McLeod,8480802,8480802,2.1000,2024-25,Standard Contract,ok,,https://capwages.com/players/ryan-mcleod,2026-08-08T18:53:41.068777+00:00
59,Ryan McLeod,8480802,8480802,5.0000,2025-26,Standard Contract (Extension),ok,,https://capwages.com/players/ryan-mcleod,2026-08-08T18:53:41.068777+00:00
60,Josh Norris,8480064,8480064,7.9500,2023-24,Standard Contract,ok,,https://capwages.com/players/josh-norris,2026-08-08T18:53:41.068777+00:00
60,Josh Norris,8480064,8480064,7.9500,2024-25,Standard Contract,ok,,https://capwages.com/players/josh-norris,2026-08-08T18:53:41.068777+00:00
60,Josh Norris,8480064,8480064,7.9500,2025-26,Standard Contract,ok,,https://capwages.com/players/josh-norris,2026-08-08T18:53:41.068777+00:00
61,Noah Ostlund,8483500,8483500,,2023-24,,low,did not play this season,https://capwages.com/players/noah-ostlund,2026-08-08T18:53:41.068777+00:00
61,Noah Ostlund,8483500,8483500,0.8867,2024-25,Entry-Level Contract,ok,,https://capwages.com/players/noah-ostlund,2026-08-08T18:53:41.068777+00:00
61,Noah Ostlund,8483500,8483500,0.8867,2025-26,Entry-Level Contract,ok,,https://capwages.com/players/noah-ostlund,2026-08-08T18:53:41.068777+00:00
62,Tanner Pearson,8476871,8476871,3.2500,2023-24,Standard Contract (Extension),ok,,https://capwages.com/players/tanner-pearson,2026-08-08T18:53:41.068777+00:00
62,Tanner Pearson,8476871,8476871,0.7750,2024-25,Standard Contract,ok,,https://capwages.com/players/tanner-pearson,2026-08-08T18:53:41.068777+00:00
62,Tanner Pearson,8476871,8476871,1.0000,2025-26,Standard Contract,ok,,https://capwages.com/players/tanner-pearson,2026-08-08T18:53:41.068777+00:00
63,Jack Quinn,8482097,8482097,0.8633,2023-24,Entry-Level Contract,ok,,https://capwages.com/players/jack-quinn,2026-08-08T18:53:41.068777+00:00
63,Jack Quinn,8482097,8482097,0.8633,2024-25,Entry-Level Contract,ok,,https://capwages.com/players/jack-quinn,2026-08-08T18:53:41.068777+00:00
63,Jack Quinn,8482097,8482097,3.3750,2025-26,Standard Contract (Extension),ok,,https://capwages.com/players/jack-quinn,2026-08-08T18:53:41.068777+00:00
64,Tage Thompson,8479420,8479420,7.1429,2023-24,Standard Contract (Extension),ok,,https://capwages.com/players/tage-thompson,2026-08-08T18:53:41.068777+00:00
64,Tage Thompson,8479420,8479420,7.1429,2024-25,Standard Contract (Extension),ok,,https://capwages.com/players/tage-thompson,2026-08-08T18:53:41.068777+00:00
64,Tage Thompson,8479420,8479420,7.1429,2025-26,Standard Contract (Extension),ok,,https://capwages.com/players/tage-thompson,2026-08-08T18:53:41.068777+00:00
65,Alex Tuch,8477949,8477949,4.7500,2023-24,Standard Contract (Extension),ok,,https://capwages.com/players/alex-tuch,2026-08-08T18:53:41.068777+00:00
65,Alex Tuch,8477949,8477949,4.7500,2024-25,Standard Contract (Extension),ok,,https://capwages.com/players/alex-tuch,2026-08-08T18:53:41.068777+00:00
65,Alex Tuch,8477949,8477949,4.7500,2025-26,Standard Contract (Extension),ok,,https://capwages.com/players/alex-tuch,2026-08-08T18:53:41.068777+00:00
66,Jason Zucker,8475722,8475722,5.3000,2023-24,Standard Contract,ok,,https://capwages.com/players/jason-zucker,2026-08-08T18:53:41.068777+00:00
66,Jason Zucker,8475722,8475722,5.0000,2024-25,Standard Contract,ok,,https://capwages.com/players/jason-zucker,2026-08-08T18:53:41.068777+00:00
66,Jason Zucker,8475722,8475722,4.7500,2025-26,Standard Contract (Extension),ok,,https://capwages.com/players/jason-zucker,2026-08-08T18:53:41.068777+00:00
67,Bowen Byram,8481524,8481524,3.8500,2023-24,Standard Contract,ok,,https://capwages.com/players/bowen-byram,2026-08-08T18:53:41.068777+00:00
67,Bowen Byram,8481524,8481524,3.8500,2024-25,Standard Contract,ok,,https://capwages.com/players/bowen-byram,2026-08-08T18:53:41.068777+00:00
67,Bowen Byram,8481524,8481524,6.2500,2025-26,Standard Contract (Extension),ok,,https://capwages.com/players/bowen-byram,2026-08-08T18:53:41.068777+00:00
68,Rasmus Dahlin,8480839,8480839,6.0000,2023-24,Standard Contract,ok,,https://capwages.com/players/rasmus-dahlin,2026-08-08T18:53:41.068777+00:00
68,Rasmus Dahlin,8480839,8480839,11.0000,2024-25,Standard Contract (Extension),ok,,https://capwages.com/players/rasmus-dahlin,2026-08-08T18:53:41.068777+00:00
68,Rasmus Dahlin,8480839,8480839,11.0000,2025-26,Standard Contract (Extension),ok,,https://capwages.com/players/rasmus-dahlin,2026-08-08T18:53:41.068777+00:00
69,Ryan Johnson,8481564,8481564,0.9250,2023-24,Entry-Level Contract,ok,,https://capwages.com/players/ryan-johnson,2026-08-08T18:53:41.068777+00:00
69,Ryan Johnson,8481564,8481564,0.9250,2024-25,Entry-Level Contract,ok,,https://capwages.com/players/ryan-johnson,2026-08-08T18:53:41.068777+00:00
69,Ryan Johnson,8481564,8481564,0.8250,2025-26,Two-Way Contract,ok,,https://capwages.com/players/ryan-johnson,2026-08-08T18:53:41.068777+00:00
70,Michael Kesselring,8480891,8480891,0.9250,2023-24,Entry-Level Contract,ok,,https://capwages.com/players/michael-kesselring,2026-08-08T18:53:41.068777+00:00
70,Michael Kesselring,8480891,8480891,1.4000,2024-25,Standard Contract (Extension),ok,,https://capwages.com/players/michael-kesselring,2026-08-08T18:53:41.068777+00:00
70,Michael Kesselring,8480891,8480891,1.4000,2025-26,Standard Contract (Extension),ok,,https://capwages.com/players/michael-kesselring,2026-08-08T18:53:41.068777+00:00
71,Zach Metsa,8484305,8484305,,2023-24,,low,no 2023-24 detail,https://capwages.com/players/zach-metsa,2026-08-08T18:53:41.068777+00:00
71,Zach Metsa,8484305,8484305,,2024-25,,low,no 2024-25 detail,https://capwages.com/players/zach-metsa,2026-08-08T18:53:41.068777+00:00
71,Zach Metsa,8484305,8484305,0.7750,2025-26,Two-Way Contract ,ok,,https://capwages.com/players/zach-metsa,2026-08-08T18:53:41.068777+00:00
72,Owen Power,8482671,8482671,0.9167,2023-24,Entry-Level Contract,ok,,https://capwages.com/players/owen-power,2026-08-08T18:53:41.068777+00:00
72,Owen Power,8482671,8482671,8.3500,2024-25,Standard Contract (Extension),ok,,https://capwages.com/players/owen-power,2026-08-08T18:53:41.068777+00:00
72,Owen Power,8482671,8482671,8.3500,2025-26,Standard Contract (Extension),ok,,https://capwages.com/players/owen-power,2026-08-08T18:53:41.068777+00:00
73,Mattias Samuelsson,8480807,8480807,4.2857,2023-24,Standard Contract (Extension),ok,,https://capwages.com/players/mattias-samuelsson,2026-08-08T18:53:41.068777+00:00
73,Mattias Samuelsson,8480807,8480807,4.2857,2024-25,Standard Contract (Extension),ok,,https://capwages.com/players/mattias-samuelsson,2026-08-08T18:53:41.068777+00:00
73,Mattias Samuelsson,8480807,8480807,4.2857,2025-26,Standard Contract (Extension),ok,,https://capwages.com/players/mattias-samuelsson,2026-08-08T18:53:41.068777+00:00
74,Luke Schenn,8474568,8474568,2.7500,2023-24,Standard Contract,ok,,https://capwages.com/players/luke-schenn,2026-08-08T18:53:41.068777+00:00
74,Luke Schenn,8474568,8474568,2.7500,2024-25,Standard Contract,ok,,https://capwages.com/players/luke-schenn,2026-08-08T18:53:41.068777+00:00
74,Luke Schenn,8474568,8474568,2.7500,2025-26,Standard Contract,ok,,https://capwages.com/players/luke-schenn,2026-08-08T18:53:41.068777+00:00
75,Logan Stanley,8479378,8479378,1.0000,2023-24,Standard Contract,ok,,https://capwages.com/players/logan-stanley,2026-08-08T18:53:41.068777+00:00
75,Logan Stanley,8479378,8479378,1.2500,2024-25,Two-Way Contract ,ok,,https://capwages.com/players/logan-stanley,2026-08-08T18:53:41.068777+00:00
75,Logan Stanley,8479378,8479378,1.2500,2025-26,Two-Way Contract ,ok,,https://capwages.com/players/logan-stanley,2026-08-08T18:53:41.068777+00:00
76,Conor Timmins,8479982,8479982,1.1000,2023-24,Standard Contract (Extension),ok,,https://capwages.com/players/conor-timmins,2026-08-08T18:53:41.068777+00:00
76,Conor Timmins,8479982,8479982,1.1000,2024-25,Standard Contract (Extension),ok,,https://capwages.com/players/conor-timmins,2026-08-08T18:53:41.068777+00:00
76,Conor Timmins,8479982,8479982,2.2000,2025-26,Standard Contract (Extension),ok,,https://capwages.com/players/conor-timmins,2026-08-08T18:53:41.068777+00:00
77,Mikael Backlund,8474150,8474150,5.3500,2023-24,Standard Contract (Extension),ok,,https://capwages.com/players/mikael-backlund,2026-08-08T18:53:41.068777+00:00
77,Mikael Backlund,8474150,8474150,4.5000,2024-25,35+ Contract (Extension),ok,,https://capwages.com/players/mikael-backlund,2026-08-08T18:53:41.068777+00:00
77,Mikael Backlund,8474150,8474150,4.5000,2025-26,35+ Contract (Extension),ok,,https://capwages.com/players/mikael-backlund,2026-08-08T18:53:41.068777+00:00
78,John Beecher,8481556,8481556,0.9250,2023-24,Entry-Level Contract,ok,,https://capwages.com/players/john-beecher,2026-08-08T18:53:41.068777+00:00
78,John Beecher,8481556,8481556,0.9250,2024-25,Entry-Level Contract,ok,,https://capwages.com/players/john-beecher,2026-08-08T18:53:41.068777+00:00
78,John Beecher,8481556,8481556,0.9000,2025-26,Standard Contract (Extension),ok,,https://capwages.com/players/john-beecher,2026-08-08T18:53:41.068777+00:00
79,Blake Coleman,8476399,8476399,4.9000,2023-24,Standard Contract,ok,,https://capwages.com/players/blake-coleman,2026-08-08T18:53:41.068777+00:00
79,Blake Coleman,8476399,8476399,4.9000,2024-25,Standard Contract,ok,,https://capwages.com/players/blake-coleman,2026-08-08T18:53:41.068777+00:00
79,Blake Coleman,8476399,8476399,4.9000,2025-26,Standard Contract,ok,,https://capwages.com/players/blake-coleman,2026-08-08T18:53:41.068777+00:00
80,Matt Coronato,8482679,8482679,0.9250,2023-24,Entry-Level Contract,ok,,https://capwages.com/players/matt-coronato,2026-08-08T18:53:41.068777+00:00
80,Matt Coronato,8482679,8482679,0.9250,2024-25,Entry-Level Contract,ok,,https://capwages.com/players/matt-coronato,2026-08-08T18:53:41.068777+00:00
80,Matt Coronato,8482679,8482679,6.5000,2025-26,Standard Contract (Extension),ok,,https://capwages.com/players/matt-coronato,2026-08-08T18:53:41.068777+00:00
81,Joel Farabee,8480797,8480797,5.0000,2023-24,Standard Contract (Extension),ok,,https://capwages.com/players/joel-farabee,2026-08-08T18:53:41.068777+00:00
81,Joel Farabee,8480797,8480797,5.0000,2024-25,Standard Contract (Extension),ok,,https://capwages.com/players/joel-farabee,2026-08-08T18:53:41.068777+00:00
81,Joel Farabee,8480797,8480797,5.0000,2025-26,Standard Contract (Extension),ok,,https://capwages.com/players/joel-farabee,2026-08-08T18:53:41.068777+00:00
82,Morgan Frost,8480028,8480028,2.1000,2023-24,Standard Contract,ok,,https://capwages.com/players/morgan-frost,2026-08-08T18:53:41.068777+00:00
82,Morgan Frost,8480028,8480028,2.1000,2024-25,Standard Contract,ok,,https://capwages.com/players/morgan-frost,2026-08-08T18:53:41.068777+00:00
82,Morgan Frost,8480028,8480028,4.3750,2025-26,Standard Contract (Extension),ok,,https://capwages.com/players/morgan-frost,2026-08-08T18:53:41.068777+00:00
83,Matvei Gridin,8484860,8484860,,2023-24,,low,no 2023-24 detail,https://capwages.com/players/matvei-gridin,2026-08-08T18:53:41.068777+00:00
83,Matvei Gridin,8484860,8484860,,2024-25,,low,did not play this season,https://capwages.com/players/matvei-gridin,2026-08-08T18:53:41.068777+00:00
83,Matvei Gridin,8484860,8484860,0.9425,2025-26,Entry-Level Contract,ok,,https://capwages.com/players/matvei-gridin,2026-08-08T18:53:41.068777+00:00
84,Tyson Gross,8486056,8486056,,2023-24,,low,no 2023-24 detail,https://capwages.com/players/tyson-gross,2026-08-08T18:53:41.068777+00:00
84,Tyson Gross,8486056,8486056,,2024-25,,low,no 2024-25 detail,https://capwages.com/players/tyson-gross,2026-08-08T18:53:41.068777+00:00
84,Tyson Gross,8486056,8486056,0.9750,2025-26,Entry-Level Contract,ok,,https://capwages.com/players/tyson-gross,2026-08-08T18:53:41.068777+00:00
85,Samuel Honzek,8484180,8484180,,2023-24,,low,did not play this season,https://capwages.com/players/samuel-honzek,2026-08-08T18:53:41.068777+00:00
85,Samuel Honzek,8484180,8484180,0.9183,2024-25,Entry-Level Contract,ok,,https://capwages.com/players/samuel-honzek,2026-08-08T18:53:41.068777+00:00
85,Samuel Honzek,8484180,8484180,0.8867,2025-26,Entry-Level Contract,ok,,https://capwages.com/players/samuel-honzek,2026-08-08T18:53:41.068777+00:00
86,Jonathan Huberdeau,8476456,8476456,10.5000,2023-24,Standard Contract (Extension),ok,,https://capwages.com/players/jonathan-huberdeau,2026-08-08T18:53:41.068777+00:00
86,Jonathan Huberdeau,8476456,8476456,10.5000,2024-25,Standard Contract (Extension),ok,,https://capwages.com/players/jonathan-huberdeau,2026-08-08T18:53:41.068777+00:00
86,Jonathan Huberdeau,8476456,8476456,10.5000,2025-26,Standard Contract (Extension),ok,,https://capwages.com/players/jonathan-huberdeau,2026-08-08T18:53:41.068777+00:00
87,Rory Kerins,8482209,8482209,,2023-24,,low,did not play this season,https://capwages.com/players/rory-kerins,2026-08-08T18:53:41.068777+00:00
87,Rory Kerins,8482209,8482209,0.8467,2024-25,Entry-Level Contract,ok,,https://capwages.com/players/rory-kerins,2026-08-08T18:53:41.068777+00:00
87,Rory Kerins,8482209,8482209,0.7750,2025-26,Two-Way Contract,ok,,https://capwages.com/players/rory-kerins,2026-08-08T18:53:41.068777+00:00
88,Adam Klapka,8483609,8483609,0.8325,2023-24,Entry-Level Contract,ok,,https://capwages.com/players/adam-klapka,2026-08-08T18:53:41.068777+00:00
88,Adam Klapka,8483609,8483609,0.7750,2024-25,Two-Way Contract,ok,,https://capwages.com/players/adam-klapka,2026-08-08T18:53:41.068777+00:00
88,Adam Klapka,8483609,8483609,1.2500,2025-26,Two-Way Contract,ok,,https://capwages.com/players/adam-klapka,2026-08-08T18:53:41.068777+00:00
89,Ryan Lomberg,8479066,8479066,0.8000,2023-24,Standard Contract (Extension),ok,,https://capwages.com/players/ryan-lomberg,2026-08-08T18:53:41.068777+00:00
89,Ryan Lomberg,8479066,8479066,2.0000,2024-25,Standard Contract,ok,,https://capwages.com/players/ryan-lomberg,2026-08-08T18:53:41.068777+00:00
89,Ryan Lomberg,8479066,8479066,2.0000,2025-26,Standard Contract,ok,,https://capwages.com/players/ryan-lomberg,2026-08-08T18:53:41.068777+00:00
90,Victor Olofsson,8478109,8478109,4.7500,2023-24,Standard Contract,ok,,https://capwages.com/players/victor-olofsson,2026-08-08T18:53:41.068777+00:00
90,Victor Olofsson,8478109,8478109,1.0750,2024-25,Standard Contract,ok,,https://capwages.com/players/victor-olofsson,2026-08-08T18:53:41.068777+00:00
90,Victor Olofsson,8478109,8478109,1.5750,2025-26,Standard Contract,ok,,https://capwages.com/players/victor-olofsson,2026-08-08T18:53:41.068777+00:00
91,Martin Pospisil,8481028,8481028,0.7750,2023-24,Standard Contract,ok,,https://capwages.com/players/martin-pospisil,2026-08-08T18:53:41.068777+00:00
91,Martin Pospisil,8481028,8481028,1.0000,2024-25,Standard Contract (Extension),ok,,https://capwages.com/players/martin-pospisil,2026-08-08T18:53:41.068777+00:00
91,Martin Pospisil,8481028,8481028,1.0000,2025-26,Standard Contract (Extension),ok,,https://capwages.com/players/martin-pospisil,2026-08-08T18:53:41.068777+00:00
92,Yegor Sharangovich,8481068,8481068,3.1000,2023-24,Standard Contract (Extension),ok,,https://capwages.com/players/yegor-sharangovich,2026-08-08T18:53:41.068777+00:00
92,Yegor Sharangovich,8481068,8481068,3.1000,2024-25,Standard Contract (Extension),ok,,https://capwages.com/players/yegor-sharangovich,2026-08-08T18:53:41.068777+00:00
92,Yegor Sharangovich,8481068,8481068,5.7500,2025-26,Standard Contract (Extension),ok,,https://capwages.com/players/yegor-sharangovich,2026-08-08T18:53:41.068777+00:00
93,Ryan Strome,8476458,8476458,5.0000,2023-24,Standard Contract,ok,,https://capwages.com/players/ryan-strome,2026-08-08T18:53:41.068777+00:00
93,Ryan Strome,8476458,8476458,5.0000,2024-25,Standard Contract,ok,,https://capwages.com/players/ryan-strome,2026-08-08T18:53:41.068777+00:00
93,Ryan Strome,8476458,8476458,5.0000,2025-26,Standard Contract,ok,,https://capwages.com/players/ryan-strome,2026-08-08T18:53:41.068777+00:00
94,Aydar Suniev,8484234,8484234,,2023-24,,low,no 2023-24 detail,https://capwages.com/players/aydar-suniev,2026-08-08T18:53:41.068777+00:00
94,Aydar Suniev,8484234,8484234,0.9233,2024-25,Entry-Level Contract,ok,,https://capwages.com/players/aydar-suniev,2026-08-08T18:53:41.068777+00:00
94,Aydar Suniev,8484234,8484234,0.9233,2025-26,Entry-Level Contract,ok,,https://capwages.com/players/aydar-suniev,2026-08-08T18:53:41.068777+00:00
95,Connor Zary,8482074,8482074,0.8633,2023-24,Entry-Level Contract,ok,,https://capwages.com/players/connor-zary,2026-08-08T18:53:41.068777+00:00
95,Connor Zary,8482074,8482074,0.8633,2024-25,Entry-Level Contract,ok,,https://capwages.com/players/connor-zary,2026-08-08T18:53:41.068777+00:00
95,Connor Zary,8482074,8482074,3.7750,2025-26,Standard Contract (Extension),ok,,https://capwages.com/players/connor-zary,2026-08-08T18:53:41.068777+00:00
96,Kevin Bahl,8480860,8480860,1.0500,2023-24,Standard Contract,ok,,https://capwages.com/players/kevin-bahl,2026-08-08T18:53:41.068777+00:00
96,Kevin Bahl,8480860,8480860,1.0500,2024-25,Standard Contract,ok,,https://capwages.com/players/kevin-bahl,2026-08-08T18:53:41.068777+00:00
96,Kevin Bahl,8480860,8480860,5.3500,2025-26,Standard Contract (Extension),ok,,https://capwages.com/players/kevin-bahl,2026-08-08T18:53:41.068777+00:00
97,Jake Bean,8479402,8479402,2.3333,2023-24,Standard Contract,ok,,https://capwages.com/players/jake-bean,2026-08-08T18:53:41.068777+00:00
97,Jake Bean,8479402,8479402,1.7500,2024-25,Standard Contract,ok,,https://capwages.com/players/jake-bean,2026-08-08T18:53:41.068777+00:00
97,Jake Bean,8479402,8479402,1.7500,2025-26,Standard Contract,ok,,https://capwages.com/players/jake-bean,2026-08-08T18:53:41.068777+00:00
98,Hunter Brzustewicz,8484150,8484150,,2023-24,,low,no 2023-24 detail,https://capwages.com/players/hunter-brzustewicz,2026-08-08T18:53:41.068777+00:00
98,Hunter Brzustewicz,8484150,8484150,0.9500,2024-25,Entry-Level Contract,ok,,https://capwages.com/players/hunter-brzustewicz,2026-08-08T18:53:41.068777+00:00
98,Hunter Brzustewicz,8484150,8484150,0.9500,2025-26,Entry-Level Contract,ok,,https://capwages.com/players/hunter-brzustewicz,2026-08-08T18:53:41.068777+00:00
99,Joel Hanley,8477810,8477810,0.7875,2023-24,Standard Contract,ok,,https://capwages.com/players/joel-hanley,2026-08-08T18:53:41.068777+00:00
99,Joel Hanley,8477810,8477810,0.7875,2024-25,Standard Contract,ok,,https://capwages.com/players/joel-hanley,2026-08-08T18:53:41.068777+00:00
99,Joel Hanley,8477810,8477810,1.7500,2025-26,Standard Contract (Extension),ok,,https://capwages.com/players/joel-hanley,2026-08-08T18:53:41.068777+00:00
100,Yan Kuznetsov,8482165,8482165,0.8700,2023-24,Entry-Level Contract,ok,,https://capwages.com/players/yan-kuznetsov,2026-08-08T18:53:41.068777+00:00
100,Yan Kuznetsov,8482165,8482165,,2024-25,,low,did not play this season,https://capwages.com/players/yan-kuznetsov,2026-08-08T18:53:41.068777+00:00
100,Yan Kuznetsov,8482165,8482165,0.8125,2025-26,Two-Way Contract,ok,,https://capwages.com/players/yan-kuznetsov,2026-08-08T18:53:41.068777+00:00
101,Olli Maatta,8476874,8476874,3.0000,2023-24,Standard Contract (Extension),ok,,https://capwages.com/players/olli-maatta,2026-08-08T18:53:41.068777+00:00
101,Olli Maatta,8476874,8476874,3.0000,2024-25,Standard Contract (Extension),ok,,https://capwages.com/players/olli-maatta,2026-08-08T18:53:41.068777+00:00
101,Olli Maatta,8476874,8476874,3.5000,2025-26,Standard Contract (Extension),ok,,https://capwages.com/players/olli-maatta,2026-08-08T18:53:41.068777+00:00
102,Brayden Pachal,8481167,8481167,0.7750,2023-24,Standard Contract (Extension),ok,,https://capwages.com/players/brayden-pachal,2026-08-08T18:53:41.068777+00:00
102,Brayden Pachal,8481167,8481167,0.7750,2024-25,Standard Contract (Extension),ok,,https://capwages.com/players/brayden-pachal,2026-08-08T18:53:41.068777+00:00
102,Brayden Pachal,8481167,8481167,1.1875,2025-26,Standard Contract (Extension),ok,,https://capwages.com/players/brayden-pachal,2026-08-08T18:53:41.068777+00:00
103,Zayne Parekh,8484768,8484768,,2023-24,,low,no 2023-24 detail,https://capwages.com/players/zayne-parekh,2026-08-08T18:53:41.068777+00:00
103,Zayne Parekh,8484768,8484768,0.9750,2024-25,Entry-Level Contract,ok,,https://capwages.com/players/zayne-parekh,2026-08-08T18:53:41.068777+00:00
103,Zayne Parekh,8484768,8484768,0.9425,2025-26,Entry-Level Contract,ok,,https://capwages.com/players/zayne-parekh,2026-08-08T18:53:41.068777+00:00
104,Zach Whitecloud,8480727,8480727,2.7500,2023-24,Standard Contract (Extension),ok,,https://capwages.com/players/zach-whitecloud,2026-08-08T18:53:41.068777+00:00
104,Zach Whitecloud,8480727,8480727,2.7500,2024-25,Standard Contract (Extension),ok,,https://capwages.com/players/zach-whitecloud,2026-08-08T18:53:41.068777+00:00
104,Zach Whitecloud,8480727,8480727,2.7500,2025-26,Standard Contract (Extension),ok,,https://capwages.com/players/zach-whitecloud,2026-08-08T18:53:41.068777+00:00
105,Abram Wiebe,8483709,8483709,,2023-24,,low,no 2023-24 detail,https://capwages.com/players/abram-wiebe,2026-08-08T18:53:41.068777+00:00
105,Abram Wiebe,8483709,8483709,,2024-25,,low,no 2024-25 detail,https://capwages.com/players/abram-wiebe,2026-08-08T18:53:41.068777+00:00
105,Abram Wiebe,8483709,8483709,0.9500,2025-26,Entry-Level Contract,ok,,https://capwages.com/players/abram-wiebe,2026-08-08T18:53:41.068777+00:00
106,Sebastian Aho,8478427,8478427,8.4603,2023-24,Standard Contract (Matched Offer Sheet),ok,,https://capwages.com/players/sebastian-aho-1,2026-08-08T18:53:41.068777+00:00
106,Sebastian Aho,8478427,8478427,9.7500,2024-25,Standard Contract (Extension),ok,,https://capwages.com/players/sebastian-aho-1,2026-08-08T18:53:41.068777+00:00
106,Sebastian Aho,8478427,8478427,9.7500,2025-26,Standard Contract (Extension),ok,,https://capwages.com/players/sebastian-aho-1,2026-08-08T18:53:41.068777+00:00
107,Jackson Blake,8482809,8482809,0.9058,2023-24,Entry-Level Contract,ok,,https://capwages.com/players/jackson-blake,2026-08-08T18:53:41.068777+00:00
107,Jackson Blake,8482809,8482809,0.9058,2024-25,Entry-Level Contract,ok,,https://capwages.com/players/jackson-blake,2026-08-08T18:53:41.068777+00:00
107,Jackson Blake,8482809,8482809,0.9058,2025-26,Entry-Level Contract,ok,,https://capwages.com/players/jackson-blake,2026-08-08T18:53:41.068777+00:00
108,William Carrier,8477478,8477478,1.4000,2023-24,Standard Contract (Extension),ok,,https://capwages.com/players/william-carrier,2026-08-08T18:53:41.068777+00:00
108,William Carrier,8477478,8477478,2.0500,2024-25,Standard Contract,ok,,https://capwages.com/players/william-carrier,2026-08-08T18:53:41.068777+00:00
108,William Carrier,8477478,8477478,2.0500,2025-26,Standard Contract,ok,,https://capwages.com/players/william-carrier,2026-08-08T18:53:41.068777+00:00
109,Nicolas Deslauriers,8475235,8475235,1.7500,2023-24,Standard Contract,ok,,https://capwages.com/players/nicolas-deslauriers,2026-08-08T18:53:41.068777+00:00
109,Nicolas Deslauriers,8475235,8475235,1.7500,2024-25,Standard Contract,ok,,https://capwages.com/players/nicolas-deslauriers,2026-08-08T18:53:41.068777+00:00
109,Nicolas Deslauriers,8475235,8475235,1.7500,2025-26,Standard Contract,ok,,https://capwages.com/players/nicolas-deslauriers,2026-08-08T18:53:41.068777+00:00
110,Nikolaj Ehlers,8477940,8477940,6.0000,2023-24,Standard Contract (Extension),ok,,https://capwages.com/players/nikolaj-ehlers,2026-08-08T18:53:41.068777+00:00
110,Nikolaj Ehlers,8477940,8477940,6.0000,2024-25,Standard Contract (Extension),ok,,https://capwages.com/players/nikolaj-ehlers,2026-08-08T18:53:41.068777+00:00
110,Nikolaj Ehlers,8477940,8477940,8.5000,2025-26,Standard Contract,ok,,https://capwages.com/players/nikolaj-ehlers,2026-08-08T18:53:41.068777+00:00
111,Taylor Hall,8475791,8475791,6.0000,2023-24,Standard Contract (Extension),ok,,https://capwages.com/players/taylor-hall,2026-08-08T18:53:41.068777+00:00
111,Taylor Hall,8475791,8475791,6.0000,2024-25,Standard Contract (Extension),ok,,https://capwages.com/players/taylor-hall,2026-08-08T18:53:41.068777+00:00
111,Taylor Hall,8475791,8475791,3.1667,2025-26,Standard Contract (Extension),ok,,https://capwages.com/players/taylor-hall,2026-08-08T18:53:41.068777+00:00
112,Mark Jankowski,8476873,8476873,0.7750,2023-24,Standard Contract (Extension),ok,,https://capwages.com/players/mark-jankowski,2026-08-08T18:53:41.068777+00:00
112,Mark Jankowski,8476873,8476873,0.8000,2024-25,Two-Way Contract (Extension),ok,,https://capwages.com/players/mark-jankowski,2026-08-08T18:53:41.068777+00:00
112,Mark Jankowski,8476873,8476873,0.8000,2025-26,Two-Way Contract (Extension),ok,,https://capwages.com/players/mark-jankowski,2026-08-08T18:53:41.068777+00:00
113,Seth Jarvis,8482093,8482093,0.8942,2023-24,Entry-Level Contract,ok,,https://capwages.com/players/seth-jarvis,2026-08-08T18:53:41.068777+00:00
113,Seth Jarvis,8482093,8482093,7.4201,2024-25,Standard Contract,ok,,https://capwages.com/players/seth-jarvis,2026-08-08T18:53:41.068777+00:00
113,Seth Jarvis,8482093,8482093,7.4201,2025-26,Standard Contract,ok,,https://capwages.com/players/seth-jarvis,2026-08-08T18:53:41.068777+00:00
114,Jesperi Kotkaniemi,8480829,8480829,4.8200,2023-24,Standard Contract (Extension),ok,,https://capwages.com/players/jesperi-kotkaniemi,2026-08-08T18:53:41.068777+00:00
114,Jesperi Kotkaniemi,8480829,8480829,4.8200,2024-25,Standard Contract (Extension),ok,,https://capwages.com/players/jesperi-kotkaniemi,2026-08-08T18:53:41.068777+00:00
114,Jesperi Kotkaniemi,8480829,8480829,4.8200,2025-26,Standard Contract (Extension),ok,,https://capwages.com/players/jesperi-kotkaniemi,2026-08-08T18:53:41.068777+00:00
115,Jordan Martinook,8476921,8476921,1.8000,2023-24,Standard Contract,ok,,https://capwages.com/players/jordan-martinook,2026-08-08T18:53:41.068777+00:00
115,Jordan Martinook,8476921,8476921,3.0750,2024-25,Standard Contract,ok,,https://capwages.com/players/jordan-martinook,2026-08-08T18:53:41.068777+00:00
115,Jordan Martinook,8476921,8476921,3.0750,2025-26,Standard Contract,ok,,https://capwages.com/players/jordan-martinook,2026-08-08T18:53:41.068777+00:00
116,Eric Robinson,8480762,8480762,1.6000,2023-24,Standard Contract (Extension),ok,,https://capwages.com/players/eric-robinson,2026-08-08T18:53:41.068777+00:00
116,Eric Robinson,8480762,8480762,0.9500,2024-25,Standard Contract,ok,,https://capwages.com/players/eric-robinson,2026-08-08T18:53:41.068777+00:00
116,Eric Robinson,8480762,8480762,1.7000,2025-26,Standard Contract (Extension),ok,,https://capwages.com/players/eric-robinson,2026-08-08T18:53:41.068777+00:00
117,Jordan Staal,8473533,8473533,2.9188,2023-24,Standard Contract (Extension),ok,,https://capwages.com/players/jordan-staal,2026-08-08T18:53:41.068777+00:00
117,Jordan Staal,8473533,8473533,2.9188,2024-25,Standard Contract (Extension),ok,,https://capwages.com/players/jordan-staal,2026-08-08T18:53:41.068777+00:00
117,Jordan Staal,8473533,8473533,2.9188,2025-26,Standard Contract (Extension),ok,,https://capwages.com/players/jordan-staal,2026-08-08T18:53:41.068777+00:00
118,Logan Stankoven,8482702,8482702,0.8142,2023-24,Entry-Level Contract,ok,,https://capwages.com/players/logan-stankoven,2026-08-08T18:53:41.068777+00:00
118,Logan Stankoven,8482702,8482702,0.8142,2024-25,Entry-Level Contract,ok,,https://capwages.com/players/logan-stankoven,2026-08-08T18:53:41.068777+00:00
118,Logan Stankoven,8482702,8482702,0.8142,2025-26,Entry-Level Contract,ok,,https://capwages.com/players/logan-stankoven,2026-08-08T18:53:41.068777+00:00
119,Andrei Svechnikov,8480830,8480830,7.7500,2023-24,Standard Contract,ok,,https://capwages.com/players/andrei-svechnikov,2026-08-08T18:53:41.068777+00:00
119,Andrei Svechnikov,8480830,8480830,7.7500,2024-25,Standard Contract,ok,,https://capwages.com/players/andrei-svechnikov,2026-08-08T18:53:41.068777+00:00
119,Andrei Svechnikov,8480830,8480830,7.7500,2025-26,Standard Contract,ok,,https://capwages.com/players/andrei-svechnikov,2026-08-08T18:53:41.068777+00:00
120,Jalen Chatfield,8478970,8478970,0.7625,2023-24,Standard Contract (Extension),ok,,https://capwages.com/players/jalen-chatfield,2026-08-08T18:53:41.068777+00:00
120,Jalen Chatfield,8478970,8478970,3.0250,2024-25,Standard Contract (Extension),ok,,https://capwages.com/players/jalen-chatfield,2026-08-08T18:53:41.068777+00:00
120,Jalen Chatfield,8478970,8478970,3.0250,2025-26,Standard Contract (Extension),ok,,https://capwages.com/players/jalen-chatfield,2026-08-08T18:53:41.068777+00:00
121,Shayne Gostisbehere,8476906,8476906,4.1250,2023-24,Standard Contract,ok,,https://capwages.com/players/shayne-gostisbehere,2026-08-08T18:53:41.068777+00:00
121,Shayne Gostisbehere,8476906,8476906,3.2000,2024-25,Standard Contract,ok,,https://capwages.com/players/shayne-gostisbehere,2026-08-08T18:53:41.068777+00:00
121,Shayne Gostisbehere,8476906,8476906,3.2000,2025-26,Standard Contract,ok,,https://capwages.com/players/shayne-gostisbehere,2026-08-08T18:53:41.068777+00:00
122,K'Andre Miller,8480817,8480817,3.8720,2023-24,Standard Contract,ok,,https://capwages.com/players/k-andre-miller,2026-08-08T18:53:41.068777+00:00
122,K'Andre Miller,8480817,8480817,3.8720,2024-25,Standard Contract,ok,,https://capwages.com/players/k-andre-miller,2026-08-08T18:53:41.068777+00:00
122,K'Andre Miller,8480817,8480817,7.5000,2025-26,Standard Contract (Extension),ok,,https://capwages.com/players/k-andre-miller,2026-08-08T18:53:41.068777+00:00
123,Alexander Nikishin,8482100,8482100,,2023-24,,low,no 2023-24 detail,https://capwages.com/players/alexander-nikishin,2026-08-08T18:53:41.068777+00:00
123,Alexander Nikishin,8482100,8482100,,2024-25,,low,did not play this season,https://capwages.com/players/alexander-nikishin,2026-08-08T18:53:41.068777+00:00
123,Alexander Nikishin,8482100,8482100,0.9250,2025-26,Entry-Level Contract,ok,,https://capwages.com/players/alexander-nikishin,2026-08-08T18:53:41.068777+00:00
124,Mike Reilly,8476422,8476422,1.0000,2023-24,Standard Contract,ok,,https://capwages.com/players/mike-reilly,2026-08-08T18:53:41.068777+00:00
124,Mike Reilly,8476422,8476422,1.2500,2024-25,Standard Contract,ok,,https://capwages.com/players/mike-reilly,2026-08-08T18:53:41.068777+00:00
124,Mike Reilly,8476422,8476422,1.1000,2025-26,Standard Contract,ok,,https://capwages.com/players/mike-reilly,2026-08-08T18:53:41.068777+00:00
125,Jaccob Slavin,8476958,8476958,5.3000,2023-24,Standard Contract (Extension),ok,,https://capwages.com/players/jaccob-slavin,2026-08-08T18:53:41.068777+00:00
125,Jaccob Slavin,8476958,8476958,5.3000,2024-25,Standard Contract (Extension),ok,,https://capwages.com/players/jaccob-slavin,2026-08-08T18:53:41.068777+00:00
125,Jaccob Slavin,8476958,8476958,6.3960,2025-26,Standard Contract (Extension),ok,,https://capwages.com/players/jaccob-slavin,2026-08-08T18:53:41.068777+00:00
126,Sean Walker,8480336,8480336,2.6500,2023-24,Standard Contract (Extension),ok,,https://capwages.com/players/sean-walker,2026-08-08T18:53:41.068777+00:00
126,Sean Walker,8480336,8480336,3.6150,2024-25,Standard Contract,ok,,https://capwages.com/players/sean-walker,2026-08-08T18:53:41.068777+00:00
126,Sean Walker,8480336,8480336,3.6150,2025-26,Standard Contract,ok,,https://capwages.com/players/sean-walker,2026-08-08T18:53:41.068777+00:00
127,Connor Bedard,8484144,8484144,0.9500,2023-24,Entry-Level Contract,ok,,https://capwages.com/players/connor-bedard,2026-08-08T18:53:41.068777+00:00
127,Connor Bedard,8484144,8484144,0.9500,2024-25,Entry-Level Contract,ok,,https://capwages.com/players/connor-bedard,2026-08-08T18:53:41.068777+00:00
127,Connor Bedard,8484144,8484144,0.9500,2025-26,Entry-Level Contract,ok,,https://capwages.com/players/connor-bedard,2026-08-08T18:53:41.068777+00:00
128,Tyler Bertuzzi,8477479,8477479,5.5000,2023-24,Standard Contract,ok,,https://capwages.com/players/tyler-bertuzzi,2026-08-08T18:53:41.068777+00:00
128,Tyler Bertuzzi,8477479,8477479,5.5000,2024-25,Standard Contract,ok,,https://capwages.com/players/tyler-bertuzzi,2026-08-08T18:53:41.068777+00:00
128,Tyler Bertuzzi,8477479,8477479,5.5000,2025-26,Standard Contract,ok,,https://capwages.com/players/tyler-bertuzzi,2026-08-08T18:53:41.068777+00:00
129,Sacha Boisvert,8484793,8484793,,2023-24,,low,no 2023-24 detail,https://capwages.com/players/sacha-boisvert,2026-08-08T18:53:41.068777+00:00
129,Sacha Boisvert,8484793,8484793,,2024-25,,low,no 2024-25 detail,https://capwages.com/players/sacha-boisvert,2026-08-08T18:53:41.068777+00:00
129,Sacha Boisvert,8484793,8484793,0.9742,2025-26,Entry-Level Contract,ok,,https://capwages.com/players/sacha-boisvert,2026-08-08T18:53:41.068777+00:00
130,Andre Burakovsky,8477444,8477444,5.5000,2023-24,Standard Contract,ok,,https://capwages.com/players/andre-burakovsky,2026-08-08T18:53:41.068777+00:00
130,Andre Burakovsky,8477444,8477444,5.5000,2024-25,Standard Contract,ok,,https://capwages.com/players/andre-burakovsky,2026-08-08T18:53:41.068777+00:00
130,Andre Burakovsky,8477444,8477444,5.5000,2025-26,Standard Contract,ok,,https://capwages.com/players/andre-burakovsky,2026-08-08T18:53:41.068777+00:00
131,Ryan Donato,8477987,8477987,2.0000,2023-24,Standard Contract,ok,,https://capwages.com/players/ryan-donato,2026-08-08T18:53:41.068777+00:00
131,Ryan Donato,8477987,8477987,2.0000,2024-25,Standard Contract,ok,,https://capwages.com/players/ryan-donato,2026-08-08T18:53:41.068777+00:00
131,Ryan Donato,8477987,8477987,4.0000,2025-26,Standard Contract (Extension),ok,,https://capwages.com/players/ryan-donato,2026-08-08T18:53:41.068777+00:00
132,Anton Frondell,8485391,8485391,,2023-24,,low,no 2023-24 detail,https://capwages.com/players/anton-frondell,2026-08-08T18:53:41.068777+00:00
132,Anton Frondell,8485391,8485391,,2024-25,,low,no 2024-25 detail,https://capwages.com/players/anton-frondell,2026-08-08T18:53:41.068777+00:00
132,Anton Frondell,8485391,8485391,0.9750,2025-26,Entry-Level Contract,ok,,https://capwages.com/players/anton-frondell,2026-08-08T18:53:41.068777+00:00
133,Ryan Greene,8483450,8483450,,2023-24,,low,no 2023-24 detail,https://capwages.com/players/ryan-greene,2026-08-08T18:53:41.068777+00:00
133,Ryan Greene,8483450,8483450,0.9500,2024-25,Entry-Level Contract,ok,,https://capwages.com/players/ryan-greene,2026-08-08T18:53:41.068777+00:00
133,Ryan Greene,8483450,8483450,0.9500,2025-26,Entry-Level Contract,ok,,https://capwages.com/players/ryan-greene,2026-08-08T18:53:41.068777+00:00
134,Sam Lafferty,8478043,8478043,1.1500,2023-24,Standard Contract (Extension),ok,,https://capwages.com/players/sam-lafferty,2026-08-08T18:53:41.068777+00:00
134,Sam Lafferty,8478043,8478043,2.0000,2024-25,Standard Contract,ok,,https://capwages.com/players/sam-lafferty,2026-08-08T18:53:41.068777+00:00
134,Sam Lafferty,8478043,8478043,2.0000,2025-26,Standard Contract,ok,,https://capwages.com/players/sam-lafferty,2026-08-08T18:53:41.068777+00:00
135,Nick Lardis,8484185,8484185,,2023-24,,low,no 2023-24 detail,https://capwages.com/players/nick-lardis,2026-08-08T18:53:41.068777+00:00
135,Nick Lardis,8484185,8484185,,2024-25,,low,did not play this season,https://capwages.com/players/nick-lardis,2026-08-08T18:53:41.068777+00:00
135,Nick Lardis,8484185,8484185,0.8650,2025-26,Entry-Level Contract,ok,,https://capwages.com/players/nick-lardis,2026-08-08T18:53:41.068777+00:00
136,Andrew Mangiapane,8478233,8478233,5.8000,2023-24,Standard Contract,ok,,https://capwages.com/players/andrew-mangiapane,2026-08-08T18:53:41.068777+00:00
136,Andrew Mangiapane,8478233,8478233,5.8000,2024-25,Standard Contract,ok,,https://capwages.com/players/andrew-mangiapane,2026-08-08T18:53:41.068777+00:00
136,Andrew Mangiapane,8478233,8478233,3.6000,2025-26,Standard Contract,ok,,https://capwages.com/players/andrew-mangiapane,2026-08-08T18:53:41.068777+00:00
137,Ilya Mikheyev,8481624,8481624,4.7500,2023-24,Standard Contract,ok,,https://capwages.com/players/ilya-mikheyev,2026-08-08T18:53:41.068777+00:00
137,Ilya Mikheyev,8481624,8481624,4.7500,2024-25,Standard Contract,ok,,https://capwages.com/players/ilya-mikheyev,2026-08-08T18:53:41.068777+00:00
137,Ilya Mikheyev,8481624,8481624,4.7500,2025-26,Standard Contract,ok,,https://capwages.com/players/ilya-mikheyev,2026-08-08T18:53:41.068777+00:00
138,Oliver Moore,8484197,8484197,,2023-24,,low,no 2023-24 detail,https://capwages.com/players/oliver-moore,2026-08-08T18:53:41.068777+00:00
138,Oliver Moore,8484197,8484197,0.9417,2024-25,Entry-Level Contract,ok,,https://capwages.com/players/oliver-moore,2026-08-08T18:53:41.068777+00:00
138,Oliver Moore,8484197,8484197,0.9417,2025-26,Entry-Level Contract,ok,,https://capwages.com/players/oliver-moore,2026-08-08T18:53:41.068777+00:00
139,Frank Nazar,8483493,8483493,0.9500,2023-24,Entry-Level Contract,ok,,https://capwages.com/players/frank-nazar,2026-08-08T18:53:41.068777+00:00
139,Frank Nazar,8483493,8483493,0.9500,2024-25,Entry-Level Contract,ok,,https://capwages.com/players/frank-nazar,2026-08-08T18:53:41.068777+00:00
139,Frank Nazar,8483493,8483493,0.9500,2025-26,Entry-Level Contract,ok,,https://capwages.com/players/frank-nazar,2026-08-08T18:53:41.068777+00:00
140,Landon Slaggert,8482172,8482172,0.9125,2023-24,Entry-Level Contract,ok,,https://capwages.com/players/landon-slaggert,2026-08-08T18:53:41.068777+00:00
140,Landon Slaggert,8482172,8482172,0.9125,2024-25,Entry-Level Contract,ok,,https://capwages.com/players/landon-slaggert,2026-08-08T18:53:41.068777+00:00
140,Landon Slaggert,8482172,8482172,0.9000,2025-26,Standard Contract (Extension),ok,,https://capwages.com/players/landon-slaggert,2026-08-08T18:53:41.068777+00:00
141,Teuvo Teravainen,8476882,8476882,5.4000,2023-24,Standard Contract (Extension),ok,,https://capwages.com/players/teuvo-teravainen,2026-08-08T18:53:41.068777+00:00
141,Teuvo Teravainen,8476882,8476882,5.4000,2024-25,Standard Contract,ok,,https://capwages.com/players/teuvo-teravainen,2026-08-08T18:53:41.068777+00:00
141,Teuvo Teravainen,8476882,8476882,5.4000,2025-26,Standard Contract,ok,,https://capwages.com/players/teuvo-teravainen,2026-08-08T18:53:41.068777+00:00
142,Dominic Toninato,8476952,8476952,0.7750,2023-24,Standard Contract (Extension),ok,,https://capwages.com/players/dominic-toninato,2026-08-08T18:53:41.068777+00:00
142,Dominic Toninato,8476952,8476952,0.7750,2024-25,Standard Contract (Extension),ok,,https://capwages.com/players/dominic-toninato,2026-08-08T18:53:41.068777+00:00
142,Dominic Toninato,8476952,8476952,0.8500,2025-26,Two-Way Contract ,ok,,https://capwages.com/players/dominic-toninato,2026-08-08T18:53:41.068777+00:00
143,Louis Crevier,8481806,8481806,0.8508,2023-24,Entry-Level Contract,ok,,https://capwages.com/players/louis-crevier,2026-08-08T18:53:41.068777+00:00
143,Louis Crevier,8481806,8481806,0.7750,2024-25,Two-Way Contract,ok,,https://capwages.com/players/louis-crevier,2026-08-08T18:53:41.068777+00:00
143,Louis Crevier,8481806,8481806,0.9000,2025-26,Two-Way Contract,ok,,https://capwages.com/players/louis-crevier,2026-08-08T18:53:41.068777+00:00
144,Ethan Del Mastro,8482807,8482807,0.8558,2023-24,Entry-Level Contract,ok,,https://capwages.com/players/ethan-del-mastro,2026-08-08T18:53:41.068777+00:00
144,Ethan Del Mastro,8482807,8482807,0.8558,2024-25,Entry-Level Contract,ok,,https://capwages.com/players/ethan-del-mastro,2026-08-08T18:53:41.068777+00:00
144,Ethan Del Mastro,8482807,8482807,0.8558,2025-26,Entry-Level Contract,ok,,https://capwages.com/players/ethan-del-mastro,2026-08-08T18:53:41.068777+00:00
145,Matt Grzelcyk,8476891,8476891,3.6875,2023-24,Standard Contract,ok,,https://capwages.com/players/matt-grzelcyk,2026-08-08T18:53:41.068777+00:00
145,Matt Grzelcyk,8476891,8476891,2.7500,2024-25,Standard Contract,ok,,https://capwages.com/players/matt-grzelcyk,2026-08-08T18:53:41.068777+00:00
145,Matt Grzelcyk,8476891,8476891,1.0000,2025-26,Standard Contract (Extension),ok,,https://capwages.com/players/matt-grzelcyk,2026-08-08T18:53:41.068777+00:00
146,Wyatt Kaiser,8482176,8482176,0.9167,2023-24,Entry-Level Contract,ok,,https://capwages.com/players/wyatt-kaiser,2026-08-08T18:53:41.068777+00:00
146,Wyatt Kaiser,8482176,8482176,0.9167,2024-25,Entry-Level Contract,ok,,https://capwages.com/players/wyatt-kaiser,2026-08-08T18:53:41.068777+00:00
146,Wyatt Kaiser,8482176,8482176,1.7000,2025-26,Standard Contract (Extension),ok,,https://capwages.com/players/wyatt-kaiser,2026-08-08T18:53:41.068777+00:00
147,Kevin Korchinski,8483466,8483466,0.9183,2023-24,Entry-Level Contract,ok,,https://capwages.com/players/kevin-korchinski,2026-08-08T18:53:41.068777+00:00
147,Kevin Korchinski,8483466,8483466,0.9183,2024-25,Entry-Level Contract,ok,,https://capwages.com/players/kevin-korchinski,2026-08-08T18:53:41.068777+00:00
147,Kevin Korchinski,8483466,8483466,0.9183,2025-26,Entry-Level Contract,ok,,https://capwages.com/players/kevin-korchinski,2026-08-08T18:53:41.068777+00:00
148,Artyom Levshunov,8484783,8484783,,2023-24,,low,no 2023-24 detail,https://capwages.com/players/artyom-levshunov,2026-08-08T18:53:41.068777+00:00
148,Artyom Levshunov,8484783,8484783,0.9750,2024-25,Entry-Level Contract,ok,,https://capwages.com/players/artyom-levshunov,2026-08-08T18:53:41.068777+00:00
148,Artyom Levshunov,8484783,8484783,0.9750,2025-26,Entry-Level Contract,ok,,https://capwages.com/players/artyom-levshunov,2026-08-08T18:53:41.068777+00:00
149,Sam Rinzel,8483506,8483506,,2023-24,,low,no 2023-24 detail,https://capwages.com/players/sam-rinzel,2026-08-08T18:53:41.068777+00:00
149,Sam Rinzel,8483506,8483506,0.9417,2024-25,Entry-Level Contract,ok,,https://capwages.com/players/sam-rinzel,2026-08-08T18:53:41.068777+00:00
149,Sam Rinzel,8483506,8483506,0.9417,2025-26,Entry-Level Contract,ok,,https://capwages.com/players/sam-rinzel,2026-08-08T18:53:41.068777+00:00
150,Alex Vlasic,8481568,8481568,0.9167,2023-24,Entry-Level Contract,ok,,https://capwages.com/players/alex-vlasic,2026-08-08T18:53:41.068777+00:00
150,Alex Vlasic,8481568,8481568,4.6000,2024-25,Standard Contract (Extension),ok,,https://capwages.com/players/alex-vlasic,2026-08-08T18:53:41.068777+00:00
150,Alex Vlasic,8481568,8481568,4.6000,2025-26,Standard Contract (Extension),ok,,https://capwages.com/players/alex-vlasic,2026-08-08T18:53:41.068777+00:00
151,Zakhar Bardakov,8482947,8482947,,2023-24,,low,no 2023-24 detail,https://capwages.com/players/zakhar-bardakov,2026-08-08T18:53:41.068777+00:00
151,Zakhar Bardakov,8482947,8482947,,2024-25,,low,no 2024-25 detail,https://capwages.com/players/zakhar-bardakov,2026-08-08T18:53:41.068777+00:00
151,Zakhar Bardakov,8482947,8482947,0.8675,2025-26,Entry-Level Contract,ok,,https://capwages.com/players/zakhar-bardakov,2026-08-08T18:53:41.068777+00:00
152,Ross Colton,8479525,8479525,4.0000,2023-24,Standard Contract,ok,,https://capwages.com/players/ross-colton,2026-08-08T18:53:41.068777+00:00
152,Ross Colton,8479525,8479525,4.0000,2024-25,Standard Contract,ok,,https://capwages.com/players/ross-colton,2026-08-08T18:53:41.068777+00:00
152,Ross Colton,8479525,8479525,4.0000,2025-26,Standard Contract,ok,,https://capwages.com/players/ross-colton,2026-08-08T18:53:41.068777+00:00
153,Jack Drury,8480835,8480835,0.9250,2023-24,Entry-Level Contract,ok,,https://capwages.com/players/jack-drury,2026-08-08T18:53:41.068777+00:00
153,Jack Drury,8480835,8480835,1.7250,2024-25,Standard Contract,ok,,https://capwages.com/players/jack-drury,2026-08-08T18:53:41.068777+00:00
153,Jack Drury,8480835,8480835,1.7250,2025-26,Standard Contract,ok,,https://capwages.com/players/jack-drury,2026-08-08T18:53:41.068777+00:00
154,Nazem Kadri,8475172,8475172,7.0000,2023-24,Standard Contract,ok,,https://capwages.com/players/nazem-kadri,2026-08-08T18:53:41.068777+00:00
154,Nazem Kadri,8475172,8475172,7.0000,2024-25,Standard Contract,ok,,https://capwages.com/players/nazem-kadri,2026-08-08T18:53:41.068777+00:00
154,Nazem Kadri,8475172,8475172,7.0000,2025-26,Standard Contract,ok,,https://capwages.com/players/nazem-kadri,2026-08-08T18:53:41.068777+00:00
155,Parker Kelly,8480448,8480448,0.7625,2023-24,Standard Contract (Extension),ok,,https://capwages.com/players/parker-kelly,2026-08-08T18:53:41.068777+00:00
155,Parker Kelly,8480448,8480448,0.8250,2024-25,Standard Contract,ok,,https://capwages.com/players/parker-kelly,2026-08-08T18:53:41.068777+00:00
155,Parker Kelly,8480448,8480448,0.8250,2025-26,Standard Contract,ok,,https://capwages.com/players/parker-kelly,2026-08-08T18:53:41.068777+00:00
156,Joel Kiviranta,8481641,8481641,0.7750,2023-24,Standard Contract,ok,,https://capwages.com/players/joel-kiviranta,2026-08-08T18:53:41.068777+00:00
156,Joel Kiviranta,8481641,8481641,0.7750,2024-25,Two-Way Contract ,ok,,https://capwages.com/players/joel-kiviranta,2026-08-08T18:53:41.068777+00:00
156,Joel Kiviranta,8481641,8481641,1.2500,2025-26,Standard Contract,ok,,https://capwages.com/players/joel-kiviranta,2026-08-08T18:53:41.068777+00:00
157,Gabriel Landeskog,8476455,8476455,,2023-24,,low,did not play this season,https://capwages.com/players/gabriel-landeskog,2026-08-08T18:53:41.068777+00:00
157,Gabriel Landeskog,8476455,8476455,,2024-25,,low,did not play this season,https://capwages.com/players/gabriel-landeskog,2026-08-08T18:53:41.068777+00:00
157,Gabriel Landeskog,8476455,8476455,7.0000,2025-26,Standard Contract (Extension),ok,,https://capwages.com/players/gabriel-landeskog,2026-08-08T18:53:41.068777+00:00
158,Artturi Lehkonen,8477476,8477476,4.5000,2023-24,Standard Contract,ok,,https://capwages.com/players/artturi-lehkonen,2026-08-08T18:53:41.068777+00:00
158,Artturi Lehkonen,8477476,8477476,4.5000,2024-25,Standard Contract,ok,,https://capwages.com/players/artturi-lehkonen,2026-08-08T18:53:41.068777+00:00
158,Artturi Lehkonen,8477476,8477476,4.5000,2025-26,Standard Contract,ok,,https://capwages.com/players/artturi-lehkonen,2026-08-08T18:53:41.068777+00:00
159,Nathan MacKinnon,8477492,8477492,12.6000,2023-24,Standard Contract (Extension),ok,,https://capwages.com/players/nathan-mackinnon,2026-08-08T18:53:41.068777+00:00
159,Nathan MacKinnon,8477492,8477492,12.6000,2024-25,Standard Contract (Extension),ok,,https://capwages.com/players/nathan-mackinnon,2026-08-08T18:53:41.068777+00:00
159,Nathan MacKinnon,8477492,8477492,12.6000,2025-26,Standard Contract (Extension),ok,,https://capwages.com/players/nathan-mackinnon,2026-08-08T18:53:41.068777+00:00
160,Martin Necas,8480039,8480039,3.0000,2023-24,Standard Contract,ok,,https://capwages.com/players/martin-necas,2026-08-08T18:53:41.068777+00:00
160,Martin Necas,8480039,8480039,6.5000,2024-25,Standard Contract,ok,,https://capwages.com/players/martin-necas,2026-08-08T18:53:41.068777+00:00
160,Martin Necas,8480039,8480039,6.5000,2025-26,Standard Contract,ok,,https://capwages.com/players/martin-necas,2026-08-08T18:53:41.068777+00:00
161,Brock Nelson,8475754,8475754,6.0000,2023-24,Standard Contract (Extension),ok,,https://capwages.com/players/brock-nelson,2026-08-08T18:53:41.068777+00:00
161,Brock Nelson,8475754,8475754,6.0000,2024-25,Standard Contract (Extension),ok,,https://capwages.com/players/brock-nelson,2026-08-08T18:53:41.068777+00:00
161,Brock Nelson,8475754,8475754,7.5000,2025-26,Standard Contract (Extension),ok,,https://capwages.com/players/brock-nelson,2026-08-08T18:53:41.068777+00:00
162,Valeri Nichushkin,8477501,8477501,6.1250,2023-24,Standard Contract (Extension),ok,,https://capwages.com/players/valeri-nichushkin,2026-08-08T18:53:41.068777+00:00
162,Valeri Nichushkin,8477501,8477501,6.1250,2024-25,Standard Contract (Extension),ok,,https://capwages.com/players/valeri-nichushkin,2026-08-08T18:53:41.068777+00:00
162,Valeri Nichushkin,8477501,8477501,6.1250,2025-26,Standard Contract (Extension),ok,,https://capwages.com/players/valeri-nichushkin,2026-08-08T18:53:41.068777+00:00
163,Logan O'Connor,8481186,8481186,1.0500,2023-24,Standard Contract (Extension),ok,,https://capwages.com/players/logan-o-connor,2026-08-08T18:53:41.068777+00:00
163,Logan O'Connor,8481186,8481186,1.0500,2024-25,Standard Contract (Extension),ok,,https://capwages.com/players/logan-o-connor,2026-08-08T18:53:41.068777+00:00
163,Logan O'Connor,8481186,8481186,2.5000,2025-26,Standard Contract (Extension),ok,,https://capwages.com/players/logan-o-connor,2026-08-08T18:53:41.068777+00:00
164,Nicolas Roy,8478462,8478462,3.0000,2023-24,Standard Contract,ok,,https://capwages.com/players/nicolas-roy,2026-08-08T18:53:41.068777+00:00
164,Nicolas Roy,8478462,8478462,3.0000,2024-25,Standard Contract,ok,,https://capwages.com/players/nicolas-roy,2026-08-08T18:53:41.068777+00:00
164,Nicolas Roy,8478462,8478462,3.0000,2025-26,Standard Contract,ok,,https://capwages.com/players/nicolas-roy,2026-08-08T18:53:41.068777+00:00
165,Jack Ahcan,8482072,8482072,,2023-24,,low,did not play this season,https://capwages.com/players/jack-ahcan,2026-08-08T18:53:41.068777+00:00
165,Jack Ahcan,8482072,8482072,0.7750,2024-25,Standard Contract,ok,,https://capwages.com/players/jack-ahcan,2026-08-08T18:53:41.068777+00:00
165,Jack Ahcan,8482072,8482072,0.7750,2025-26,Two-Way Contract (Extension),ok,,https://capwages.com/players/jack-ahcan,2026-08-08T18:53:41.068777+00:00
166,Nick Blankenburg,8483565,8483565,0.8250,2023-24,Standard Contract,ok,,https://capwages.com/players/nick-blankenburg,2026-08-08T18:53:41.068777+00:00
166,Nick Blankenburg,8483565,8483565,0.7750,2024-25,Two-Way Contract ,ok,,https://capwages.com/players/nick-blankenburg,2026-08-08T18:53:41.068777+00:00
166,Nick Blankenburg,8483565,8483565,0.7750,2025-26,Two-Way Contract ,ok,,https://capwages.com/players/nick-blankenburg,2026-08-08T18:53:41.068777+00:00
167,Brent Burns,8470613,8470613,8.0000,2023-24,Standard Contract (Extension),ok,,https://capwages.com/players/brent-burns,2026-08-08T18:53:41.068777+00:00
167,Brent Burns,8470613,8470613,8.0000,2024-25,Standard Contract (Extension),ok,,https://capwages.com/players/brent-burns,2026-08-08T18:53:41.068777+00:00
167,Brent Burns,8470613,8470613,1.0000,2025-26,35+ Contract ,ok,,https://capwages.com/players/brent-burns,2026-08-08T18:53:41.068777+00:00
168,Brett Kulak,8476967,8476967,2.7500,2023-24,Standard Contract,ok,,https://capwages.com/players/brett-kulak,2026-08-08T18:53:41.068777+00:00
168,Brett Kulak,8476967,8476967,2.7500,2024-25,Standard Contract,ok,,https://capwages.com/players/brett-kulak,2026-08-08T18:53:41.068777+00:00
168,Brett Kulak,8476967,8476967,2.7500,2025-26,Standard Contract,ok,,https://capwages.com/players/brett-kulak,2026-08-08T18:53:41.068777+00:00
169,Cale Makar,8480069,8480069,9.0000,2023-24,Standard Contract (Extension),ok,,https://capwages.com/players/cale-makar,2026-08-08T18:53:41.068777+00:00
169,Cale Makar,8480069,8480069,9.0000,2024-25,Standard Contract (Extension),ok,,https://capwages.com/players/cale-makar,2026-08-08T18:53:41.068777+00:00
169,Cale Makar,8480069,8480069,9.0000,2025-26,Standard Contract (Extension),ok,,https://capwages.com/players/cale-makar,2026-08-08T18:53:41.068777+00:00
170,Sam Malinski,8484258,8484258,0.8500,2023-24,Standard Contract,ok,,https://capwages.com/players/sam-malinski,2026-08-08T18:53:41.068777+00:00
170,Sam Malinski,8484258,8484258,0.8500,2024-25,Standard Contract,ok,,https://capwages.com/players/sam-malinski,2026-08-08T18:53:41.068777+00:00
170,Sam Malinski,8484258,8484258,1.4000,2025-26,Standard Contract (Extension),ok,,https://capwages.com/players/sam-malinski,2026-08-08T18:53:41.068777+00:00
171,Josh Manson,8476312,8476312,4.5000,2023-24,Standard Contract,ok,,https://capwages.com/players/josh-manson,2026-08-08T18:53:41.068777+00:00
171,Josh Manson,8476312,8476312,4.5000,2024-25,Standard Contract,ok,,https://capwages.com/players/josh-manson,2026-08-08T18:53:41.068777+00:00
171,Josh Manson,8476312,8476312,4.5000,2025-26,Standard Contract,ok,,https://capwages.com/players/josh-manson,2026-08-08T18:53:41.068777+00:00
172,Devon Toews,8478038,8478038,4.1000,2023-24,Standard Contract,ok,,https://capwages.com/players/devon-toews,2026-08-08T18:53:41.068777+00:00
172,Devon Toews,8478038,8478038,7.2500,2024-25,Standard Contract (Extension),ok,,https://capwages.com/players/devon-toews,2026-08-08T18:53:41.068777+00:00
172,Devon Toews,8478038,8478038,7.2500,2025-26,Standard Contract (Extension),ok,,https://capwages.com/players/devon-toews,2026-08-08T18:53:41.068777+00:00
173,Charlie Coyle,8475745,8475745,5.2500,2023-24,Standard Contract (Extension),ok,,https://capwages.com/players/charlie-coyle,2026-08-08T18:53:41.068777+00:00
173,Charlie Coyle,8475745,8475745,5.2500,2024-25,Standard Contract (Extension),ok,,https://capwages.com/players/charlie-coyle,2026-08-08T18:53:41.068777+00:00
173,Charlie Coyle,8475745,8475745,5.2500,2025-26,Standard Contract (Extension),ok,,https://capwages.com/players/charlie-coyle,2026-08-08T18:53:41.068777+00:00
174,Adam Fantilli,8484166,8484166,0.9500,2023-24,Entry-Level Contract,ok,,https://capwages.com/players/adam-fantilli,2026-08-08T18:53:41.068777+00:00
174,Adam Fantilli,8484166,8484166,0.9500,2024-25,Entry-Level Contract,ok,,https://capwages.com/players/adam-fantilli,2026-08-08T18:53:41.068777+00:00
174,Adam Fantilli,8484166,8484166,0.9500,2025-26,Entry-Level Contract,ok,,https://capwages.com/players/adam-fantilli,2026-08-08T18:53:41.068777+00:00
175,Conor Garland,8478856,8478856,4.9500,2023-24,Standard Contract (Extension),ok,,https://capwages.com/players/conor-garland,2026-08-08T18:53:41.068777+00:00
175,Conor Garland,8478856,8478856,4.9500,2024-25,Standard Contract (Extension),ok,,https://capwages.com/players/conor-garland,2026-08-08T18:53:41.068777+00:00
175,Conor Garland,8478856,8478856,4.9500,2025-26,Standard Contract (Extension),ok,,https://capwages.com/players/conor-garland,2026-08-08T18:53:41.068777+00:00
176,Danton Heinen,8478046,8478046,0.7750,2023-24,Standard Contract,ok,,https://capwages.com/players/danton-heinen,2026-08-08T18:53:41.068777+00:00
176,Danton Heinen,8478046,8478046,2.2500,2024-25,Standard Contract,ok,,https://capwages.com/players/danton-heinen,2026-08-08T18:53:41.068777+00:00
176,Danton Heinen,8478046,8478046,2.2500,2025-26,Standard Contract,ok,,https://capwages.com/players/danton-heinen,2026-08-08T18:53:41.068777+00:00
177,Boone Jenner,8476432,8476432,3.7500,2023-24,Standard Contract (Extension),ok,,https://capwages.com/players/boone-jenner,2026-08-08T18:53:41.068777+00:00
177,Boone Jenner,8476432,8476432,3.7500,2024-25,Standard Contract (Extension),ok,,https://capwages.com/players/boone-jenner,2026-08-08T18:53:41.068777+00:00
177,Boone Jenner,8476432,8476432,3.7500,2025-26,Standard Contract (Extension),ok,,https://capwages.com/players/boone-jenner,2026-08-08T18:53:41.068777+00:00
178,Kent Johnson,8482660,8482660,0.9250,2023-24,Entry-Level Contract,ok,,https://capwages.com/players/kent-johnson,2026-08-08T18:53:41.068777+00:00
178,Kent Johnson,8482660,8482660,1.8000,2024-25,Standard Contract,ok,,https://capwages.com/players/kent-johnson,2026-08-08T18:53:41.068777+00:00
178,Kent Johnson,8482660,8482660,1.8000,2025-26,Standard Contract,ok,,https://capwages.com/players/kent-johnson,2026-08-08T18:53:41.068777+00:00
179,Isac Lundeström,8480806,8480806,1.8000,2023-24,Standard Contract,ok,,https://capwages.com/players/isac-lundestrom,2026-08-08T18:53:41.068777+00:00
179,Isac Lundeström,8480806,8480806,1.5000,2024-25,Standard Contract (Extension),ok,,https://capwages.com/players/isac-lundestrom,2026-08-08T18:53:41.068777+00:00
179,Isac Lundeström,8480806,8480806,1.3000,2025-26,Standard Contract,ok,,https://capwages.com/players/isac-lundestrom,2026-08-08T18:53:41.068777+00:00
180,Kirill Marchenko,8480893,8480893,0.9250,2023-24,Entry-Level Contract,ok,,https://capwages.com/players/kirill-marchenko,2026-08-08T18:53:41.068777+00:00
180,Kirill Marchenko,8480893,8480893,3.8500,2024-25,Standard Contract,ok,,https://capwages.com/players/kirill-marchenko,2026-08-08T18:53:41.068777+00:00
180,Kirill Marchenko,8480893,8480893,3.8500,2025-26,Standard Contract,ok,,https://capwages.com/players/kirill-marchenko,2026-08-08T18:53:41.068777+00:00
181,Mason Marchment,8478975,8478975,4.5000,2023-24,Standard Contract,ok,,https://capwages.com/players/mason-marchment,2026-08-08T18:53:41.068777+00:00
181,Mason Marchment,8478975,8478975,4.5000,2024-25,Standard Contract,ok,,https://capwages.com/players/mason-marchment,2026-08-08T18:53:41.068777+00:00
181,Mason Marchment,8478975,8478975,4.5000,2025-26,Standard Contract,ok,,https://capwages.com/players/mason-marchment,2026-08-08T18:53:41.068777+00:00
182,Sean Monahan,8477497,8477497,1.9850,2023-24,Standard Contract (Extension),ok,,https://capwages.com/players/sean-monahan,2026-08-08T18:53:41.068777+00:00
182,Sean Monahan,8477497,8477497,5.5000,2024-25,Standard Contract,ok,,https://capwages.com/players/sean-monahan,2026-08-08T18:53:41.068777+00:00
182,Sean Monahan,8477497,8477497,5.5000,2025-26,Standard Contract,ok,,https://capwages.com/players/sean-monahan,2026-08-08T18:53:41.068777+00:00
183,Mathieu Olivier,8479671,8479671,1.1000,2023-24,Standard Contract (Extension),ok,,https://capwages.com/players/mathieu-olivier,2026-08-08T18:53:41.068777+00:00
183,Mathieu Olivier,8479671,8479671,1.1000,2024-25,Standard Contract (Extension),ok,,https://capwages.com/players/mathieu-olivier,2026-08-08T18:53:41.068777+00:00
183,Mathieu Olivier,8479671,8479671,3.0000,2025-26,Standard Contract (Extension),ok,,https://capwages.com/players/mathieu-olivier,2026-08-08T18:53:41.068777+00:00
184,Cole Sillinger,8482705,8482705,0.9250,2023-24,Entry-Level Contract,ok,,https://capwages.com/players/cole-sillinger,2026-08-08T18:53:41.068777+00:00
184,Cole Sillinger,8482705,8482705,2.2500,2024-25,Standard Contract,ok,,https://capwages.com/players/cole-sillinger,2026-08-08T18:53:41.068777+00:00
184,Cole Sillinger,8482705,8482705,2.2500,2025-26,Standard Contract,ok,,https://capwages.com/players/cole-sillinger,2026-08-08T18:53:41.068777+00:00
185,Dmitri Voronkov,8481716,8481716,0.9250,2023-24,Entry-Level Contract,ok,,https://capwages.com/players/dmitri-voronkov,2026-08-08T18:53:41.068777+00:00
185,Dmitri Voronkov,8481716,8481716,0.9250,2024-25,Entry-Level Contract,ok,,https://capwages.com/players/dmitri-voronkov,2026-08-08T18:53:41.068777+00:00
185,Dmitri Voronkov,8481716,8481716,4.1750,2025-26,Standard Contract (Extension),ok,,https://capwages.com/players/dmitri-voronkov,2026-08-08T18:53:41.068777+00:00
186,Miles Wood,8477425,8477425,2.5000,2023-24,Standard Contract,ok,,https://capwages.com/players/miles-wood,2026-08-08T18:53:41.068777+00:00
186,Miles Wood,8477425,8477425,2.5000,2024-25,Standard Contract,ok,,https://capwages.com/players/miles-wood,2026-08-08T18:53:41.068777+00:00
186,Miles Wood,8477425,8477425,2.5000,2025-26,Standard Contract,ok,,https://capwages.com/players/miles-wood,2026-08-08T18:53:41.068777+00:00
187,Jake Christiansen,8481161,8481161,0.7750,2023-24,Standard Contract (Extension),ok,,https://capwages.com/players/jake-christiansen,2026-08-08T18:53:41.068777+00:00
187,Jake Christiansen,8481161,8481161,0.7750,2024-25,Standard Contract,ok,,https://capwages.com/players/jake-christiansen,2026-08-08T18:53:41.068777+00:00
187,Jake Christiansen,8481161,8481161,0.9750,2025-26,Standard Contract (Extension),ok,,https://capwages.com/players/jake-christiansen,2026-08-08T18:53:41.068777+00:00
188,Dante Fabbro,8479371,8479371,2.5000,2023-24,Standard Contract (Extension),ok,,https://capwages.com/players/dante-fabbro,2026-08-08T18:53:41.068777+00:00
188,Dante Fabbro,8479371,8479371,2.5000,2024-25,Standard Contract (Extension),ok,,https://capwages.com/players/dante-fabbro,2026-08-08T18:53:41.068777+00:00
188,Dante Fabbro,8479371,8479371,4.1250,2025-26,Standard Contract (Extension),ok,,https://capwages.com/players/dante-fabbro,2026-08-08T18:53:41.068777+00:00
189,Erik Gudbranson,8475790,8475790,4.0000,2023-24,Standard Contract,ok,,https://capwages.com/players/erik-gudbranson,2026-08-08T18:53:41.068777+00:00
189,Erik Gudbranson,8475790,8475790,4.0000,2024-25,Standard Contract,ok,,https://capwages.com/players/erik-gudbranson,2026-08-08T18:53:41.068777+00:00
189,Erik Gudbranson,8475790,8475790,4.0000,2025-26,Standard Contract,ok,,https://capwages.com/players/erik-gudbranson,2026-08-08T18:53:41.068777+00:00
190,Denton Mateychuk,8483485,8483485,,2023-24,,low,did not play this season,https://capwages.com/players/denton-mateychuk,2026-08-08T18:53:41.068777+00:00
190,Denton Mateychuk,8483485,8483485,0.8867,2024-25,Entry-Level Contract,ok,,https://capwages.com/players/denton-mateychuk,2026-08-08T18:53:41.068777+00:00
190,Denton Mateychuk,8483485,8483485,0.8867,2025-26,Entry-Level Contract,ok,,https://capwages.com/players/denton-mateychuk,2026-08-08T18:53:41.068777+00:00
191,Ivan Provorov,8478500,8478500,6.7500,2023-24,Standard Contract,ok,,https://capwages.com/players/ivan-provorov,2026-08-08T18:53:41.068777+00:00
191,Ivan Provorov,8478500,8478500,6.7500,2024-25,Standard Contract,ok,,https://capwages.com/players/ivan-provorov,2026-08-08T18:53:41.068777+00:00
191,Ivan Provorov,8478500,8478500,8.5000,2025-26,Standard Contract (Extension),ok,,https://capwages.com/players/ivan-provorov,2026-08-08T18:53:41.068777+00:00
192,Damon Severson,8476923,8476923,6.2500,2023-24,Standard Contract (Extension),ok,,https://capwages.com/players/damon-severson,2026-08-08T18:53:41.068777+00:00
192,Damon Severson,8476923,8476923,6.2500,2024-25,Standard Contract (Extension),ok,,https://capwages.com/players/damon-severson,2026-08-08T18:53:41.068777+00:00
192,Damon Severson,8476923,8476923,6.2500,2025-26,Standard Contract (Extension),ok,,https://capwages.com/players/damon-severson,2026-08-08T18:53:41.068777+00:00
193,Brendan Smith,8474090,8474090,1.1000,2023-24,Standard Contract,ok,,https://capwages.com/players/brendan-smith,2026-08-08T18:53:41.068777+00:00
193,Brendan Smith,8474090,8474090,1.0000,2024-25,35+ Contract,ok,,https://capwages.com/players/brendan-smith,2026-08-08T18:53:41.068777+00:00
193,Brendan Smith,8474090,8474090,0.8000,2025-26,Two-Way Contract,ok,,https://capwages.com/players/brendan-smith,2026-08-08T18:53:41.068777+00:00
194,Zach Werenski,8478460,8478460,9.5833,2023-24,Standard Contract,ok,,https://capwages.com/players/zach-werenski,2026-08-08T18:53:41.068777+00:00
194,Zach Werenski,8478460,8478460,9.5833,2024-25,Standard Contract,ok,,https://capwages.com/players/zach-werenski,2026-08-08T18:53:41.068777+00:00
194,Zach Werenski,8478460,8478460,9.5833,2025-26,Standard Contract,ok,,https://capwages.com/players/zach-werenski,2026-08-08T18:53:41.068777+00:00
195,Egor Zamula,8481178,8481178,0.7750,2023-24,Standard Contract (Extension),ok,,https://capwages.com/players/egor-zamula,2026-08-08T18:53:41.068777+00:00
195,Egor Zamula,8481178,8481178,1.7000,2024-25,Standard Contract,ok,,https://capwages.com/players/egor-zamula,2026-08-08T18:53:41.068777+00:00
195,Egor Zamula,8481178,8481178,1.0000,2025-26,Standard Contract,ok,,https://capwages.com/players/egor-zamula,2026-08-08T18:53:41.068777+00:00
196,Nathan Bastian,8479414,8479414,1.3500,2023-24,Standard Contract,ok,,https://capwages.com/players/nathan-bastian,2026-08-08T18:53:41.068777+00:00
196,Nathan Bastian,8479414,8479414,1.3500,2024-25,Standard Contract,ok,,https://capwages.com/players/nathan-bastian,2026-08-08T18:53:41.068777+00:00
196,Nathan Bastian,8479414,8479414,0.7750,2025-26,Standard Contract,ok,,https://capwages.com/players/nathan-bastian,2026-08-08T18:53:41.068777+00:00
197,Jamie Benn,8473994,8473994,9.5000,2023-24,Standard Contract (Extension),ok,,https://capwages.com/players/jamie-benn,2026-08-08T18:53:41.068777+00:00
197,Jamie Benn,8473994,8473994,9.5000,2024-25,Standard Contract (Extension),ok,,https://capwages.com/players/jamie-benn,2026-08-08T18:53:41.068777+00:00
197,Jamie Benn,8473994,8473994,1.0000,2025-26,35+ Contract (Extension),ok,,https://capwages.com/players/jamie-benn,2026-08-08T18:53:41.068777+00:00
198,Colin Blackwell,8476278,8476278,1.2000,2023-24,Standard Contract,ok,,https://capwages.com/players/colin-blackwell,2026-08-08T18:53:41.068777+00:00
198,Colin Blackwell,8476278,8476278,0.7750,2024-25,Standard Contract,ok,,https://capwages.com/players/colin-blackwell,2026-08-08T18:53:41.068777+00:00
198,Colin Blackwell,8476278,8476278,0.8125,2025-26,Standard Contract (Extension),ok,,https://capwages.com/players/colin-blackwell,2026-08-08T18:53:41.068777+00:00
199,Mavrik Bourque,8482145,8482145,0.8942,2023-24,Entry-Level Contract,ok,,https://capwages.com/players/mavrik-bourque,2026-08-08T18:53:41.068777+00:00
199,Mavrik Bourque,8482145,8482145,0.8942,2024-25,Entry-Level Contract,ok,,https://capwages.com/players/mavrik-bourque,2026-08-08T18:53:41.068777+00:00
199,Mavrik Bourque,8482145,8482145,0.9500,2025-26,Standard Contract (Extension),ok,,https://capwages.com/players/mavrik-bourque,2026-08-08T18:53:41.068777+00:00
200,Michael Bunting,8478047,8478047,4.5000,2023-24,Standard Contract,ok,,https://capwages.com/players/michael-bunting,2026-08-08T18:53:41.068777+00:00
200,Michael Bunting,8478047,8478047,4.5000,2024-25,Standard Contract,ok,,https://capwages.com/players/michael-bunting,2026-08-08T18:53:41.068777+00:00
200,Michael Bunting,8478047,8478047,4.5000,2025-26,Standard Contract,ok,,https://capwages.com/players/michael-bunting,2026-08-08T18:53:41.068777+00:00
201,Oskar Bäck,8480840,8480840,,2023-24,,low,did not play this season,https://capwages.com/players/oskar-back,2026-08-08T18:53:41.068777+00:00
201,Oskar Bäck,8480840,8480840,0.7750,2024-25,Standard Contract (Extension),ok,,https://capwages.com/players/oskar-back,2026-08-08T18:53:41.068777+00:00
201,Oskar Bäck,8480840,8480840,0.8250,2025-26,Two-Way Contract (Extension),ok,,https://capwages.com/players/oskar-back,2026-08-08T18:53:41.068777+00:00
202,Matt Duchene,8475168,8475168,3.0000,2023-24,Standard Contract,ok,,https://capwages.com/players/matt-duchene,2026-08-08T18:53:41.068777+00:00
202,Matt Duchene,8475168,8475168,3.0000,2024-25,Standard Contract,ok,,https://capwages.com/players/matt-duchene,2026-08-08T18:53:41.068777+00:00
202,Matt Duchene,8475168,8475168,4.5000,2025-26,Standard Contract (Extension),ok,,https://capwages.com/players/matt-duchene,2026-08-08T18:53:41.068777+00:00
203,Adam Erne,8477454,8477454,0.7750,2023-24,Two-Way Contract ,ok,,https://capwages.com/players/adam-erne,2026-08-08T18:53:41.068777+00:00
203,Adam Erne,8477454,8477454,,2024-25,,low,no 2024-25 detail,https://capwages.com/players/adam-erne,2026-08-08T18:53:41.068777+00:00
203,Adam Erne,8477454,8477454,0.7750,2025-26,Standard Contract,ok,,https://capwages.com/players/adam-erne,2026-08-08T18:53:41.068777+00:00
204,Radek Faksa,8476889,8476889,3.2500,2023-24,Standard Contract,ok,,https://capwages.com/players/radek-faksa,2026-08-08T18:53:41.068777+00:00
204,Radek Faksa,8476889,8476889,3.2500,2024-25,Standard Contract,ok,,https://capwages.com/players/radek-faksa,2026-08-08T18:53:41.068777+00:00
204,Radek Faksa,8476889,8476889,2.0000,2025-26,Standard Contract,ok,,https://capwages.com/players/radek-faksa,2026-08-08T18:53:41.068777+00:00
205,Roope Hintz,8478449,8478449,8.4500,2023-24,Standard Contract (Extension),ok,,https://capwages.com/players/roope-hintz,2026-08-08T18:53:41.068777+00:00
205,Roope Hintz,8478449,8478449,8.4500,2024-25,Standard Contract (Extension),ok,,https://capwages.com/players/roope-hintz,2026-08-08T18:53:41.068777+00:00
205,Roope Hintz,8478449,8478449,8.4500,2025-26,Standard Contract (Extension),ok,,https://capwages.com/players/roope-hintz,2026-08-08T18:53:41.068777+00:00
206,Justin Hryckowian,8484829,8484829,,2023-24,,low,no 2023-24 detail,https://capwages.com/players/justin-hryckowian,2026-08-08T18:53:41.068777+00:00
206,Justin Hryckowian,8484829,8484829,0.8700,2024-25,Entry-Level Contract,ok,,https://capwages.com/players/justin-hryckowian,2026-08-08T18:53:41.068777+00:00
206,Justin Hryckowian,8484829,8484829,0.8700,2025-26,Entry-Level Contract,ok,,https://capwages.com/players/justin-hryckowian,2026-08-08T18:53:41.068777+00:00
207,Arttu Hyry,8484938,8484938,,2023-24,,low,no 2023-24 detail,https://capwages.com/players/arttu-hyry,2026-08-08T18:53:41.068777+00:00
207,Arttu Hyry,8484938,8484938,0.8700,2024-25,Entry-Level Contract,ok,,https://capwages.com/players/arttu-hyry,2026-08-08T18:53:41.068777+00:00
207,Arttu Hyry,8484938,8484938,0.8700,2025-26,Entry-Level Contract,ok,,https://capwages.com/players/arttu-hyry,2026-08-08T18:53:41.068777+00:00
208,Wyatt Johnston,8482740,8482740,0.8942,2023-24,Entry-Level Contract,ok,,https://capwages.com/players/wyatt-johnston,2026-08-08T18:53:41.068777+00:00
208,Wyatt Johnston,8482740,8482740,0.8942,2024-25,Entry-Level Contract,ok,,https://capwages.com/players/wyatt-johnston,2026-08-08T18:53:41.068777+00:00
208,Wyatt Johnston,8482740,8482740,8.4000,2025-26,Standard Contract (Extension),ok,,https://capwages.com/players/wyatt-johnston,2026-08-08T18:53:41.068777+00:00
209,Mikko Rantanen,8478420,8478420,9.2500,2023-24,Standard Contract,ok,,https://capwages.com/players/mikko-rantanen,2026-08-08T18:53:41.068777+00:00
209,Mikko Rantanen,8478420,8478420,9.2500,2024-25,Standard Contract,ok,,https://capwages.com/players/mikko-rantanen,2026-08-08T18:53:41.068777+00:00
209,Mikko Rantanen,8478420,8478420,12.0000,2025-26,Standard Contract (Extension),ok,,https://capwages.com/players/mikko-rantanen,2026-08-08T18:53:41.068777+00:00
210,Jason Robertson,8480027,8480027,7.7500,2023-24,Standard Contract,ok,,https://capwages.com/players/jason-robertson,2026-08-08T18:53:41.068777+00:00
210,Jason Robertson,8480027,8480027,7.7500,2024-25,Standard Contract,ok,,https://capwages.com/players/jason-robertson,2026-08-08T18:53:41.068777+00:00
210,Jason Robertson,8480027,8480027,7.7500,2025-26,Standard Contract,ok,,https://capwages.com/players/jason-robertson,2026-08-08T18:53:41.068777+00:00
211,Tyler Seguin,8475794,8475794,9.8500,2023-24,Standard Contract (Extension),ok,,https://capwages.com/players/tyler-seguin,2026-08-08T18:53:41.068777+00:00
211,Tyler Seguin,8475794,8475794,9.8500,2024-25,Standard Contract (Extension),ok,,https://capwages.com/players/tyler-seguin,2026-08-08T18:53:41.068777+00:00
211,Tyler Seguin,8475794,8475794,9.8500,2025-26,Standard Contract (Extension),ok,,https://capwages.com/players/tyler-seguin,2026-08-08T18:53:41.068777+00:00
212,Sam Steel,8479351,8479351,0.8500,2023-24,Standard Contract,ok,,https://capwages.com/players/sam-steel,2026-08-08T18:53:41.068777+00:00
212,Sam Steel,8479351,8479351,1.2000,2024-25,Standard Contract,ok,,https://capwages.com/players/sam-steel,2026-08-08T18:53:41.068777+00:00
212,Sam Steel,8479351,8479351,2.1000,2025-26,Standard Contract (Extension),ok,,https://capwages.com/players/sam-steel,2026-08-08T18:53:41.068777+00:00
213,Lian Bichsel,8483425,8483425,,2023-24,,low,did not play this season,https://capwages.com/players/lian-bichsel,2026-08-08T18:53:41.068777+00:00
213,Lian Bichsel,8483425,8483425,0.9183,2024-25,Entry-Level Contract,ok,,https://capwages.com/players/lian-bichsel,2026-08-08T18:53:41.068777+00:00
213,Lian Bichsel,8483425,8483425,0.9183,2025-26,Entry-Level Contract,ok,,https://capwages.com/players/lian-bichsel,2026-08-08T18:53:41.068777+00:00
214,Kyle Capobianco,8478476,8478476,,2023-24,,low,did not play this season,https://capwages.com/players/kyle-capobianco,2026-08-08T18:53:41.068777+00:00
214,Kyle Capobianco,8478476,8478476,0.7750,2024-25,Two-Way Contract ,ok,,https://capwages.com/players/kyle-capobianco,2026-08-08T18:53:41.068777+00:00
214,Kyle Capobianco,8478476,8478476,0.7750,2025-26,Two-Way Contract ,ok,,https://capwages.com/players/kyle-capobianco,2026-08-08T18:53:41.068777+00:00
215,Thomas Harley,8481581,8481581,0.8633,2023-24,Entry-Level Contract,ok,,https://capwages.com/players/thomas-harley,2026-08-08T18:53:41.068777+00:00
215,Thomas Harley,8481581,8481581,4.0000,2024-25,Standard Contract (Extension),ok,,https://capwages.com/players/thomas-harley,2026-08-08T18:53:41.068777+00:00
215,Thomas Harley,8481581,8481581,4.0000,2025-26,Standard Contract (Extension),ok,,https://capwages.com/players/thomas-harley,2026-08-08T18:53:41.068777+00:00
216,Miro Heiskanen,8480036,8480036,8.4500,2023-24,Standard Contract (Extension),ok,,https://capwages.com/players/miro-heiskanen,2026-08-08T18:53:41.068777+00:00
216,Miro Heiskanen,8480036,8480036,8.4500,2024-25,Standard Contract (Extension),ok,,https://capwages.com/players/miro-heiskanen,2026-08-08T18:53:41.068777+00:00
216,Miro Heiskanen,8480036,8480036,8.4500,2025-26,Standard Contract (Extension),ok,,https://capwages.com/players/miro-heiskanen,2026-08-08T18:53:41.068777+00:00
217,Esa Lindell,8476902,8476902,5.8000,2023-24,Standard Contract (Extension),ok,,https://capwages.com/players/esa-lindell,2026-08-08T18:53:41.068777+00:00
217,Esa Lindell,8476902,8476902,5.8000,2024-25,Standard Contract (Extension),ok,,https://capwages.com/players/esa-lindell,2026-08-08T18:53:41.068777+00:00
217,Esa Lindell,8476902,8476902,5.2500,2025-26,Two-Way Contract (Extension),ok,,https://capwages.com/players/esa-lindell,2026-08-08T18:53:41.068777+00:00
218,Nils Lundkvist,8480878,8480878,0.9250,2023-24,Entry-Level Contract,ok,,https://capwages.com/players/nils-lundkvist,2026-08-08T18:53:41.068777+00:00
218,Nils Lundkvist,8480878,8480878,1.2500,2024-25,Standard Contract,ok,,https://capwages.com/players/nils-lundkvist,2026-08-08T18:53:41.068777+00:00
218,Nils Lundkvist,8480878,8480878,1.2500,2025-26,Standard Contract (Extension),ok,,https://capwages.com/players/nils-lundkvist,2026-08-08T18:53:41.068777+00:00
219,Ilya Lyubushkin,8480950,8480950,2.7500,2023-24,Standard Contract,ok,,https://capwages.com/players/ilya-lyubushkin,2026-08-08T18:53:41.068777+00:00
219,Ilya Lyubushkin,8480950,8480950,3.2500,2024-25,Standard Contract,ok,,https://capwages.com/players/ilya-lyubushkin,2026-08-08T18:53:41.068777+00:00
219,Ilya Lyubushkin,8480950,8480950,3.2500,2025-26,Standard Contract,ok,,https://capwages.com/players/ilya-lyubushkin,2026-08-08T18:53:41.068777+00:00
220,Tyler Myers,8474574,8474574,6.0000,2023-24,Standard Contract,ok,,https://capwages.com/players/tyler-myers,2026-08-08T18:53:41.068777+00:00
220,Tyler Myers,8474574,8474574,3.0000,2024-25,Standard Contract (Extension),ok,,https://capwages.com/players/tyler-myers,2026-08-08T18:53:41.068777+00:00
220,Tyler Myers,8474574,8474574,3.0000,2025-26,Standard Contract (Extension),ok,,https://capwages.com/players/tyler-myers,2026-08-08T18:53:41.068777+00:00
221,Alexander Petrovic,8475755,8475755,0.7750,2023-24,Standard Contract (Extension),ok,,https://capwages.com/players/alexander-petrovic,2026-08-08T18:53:41.068777+00:00
221,Alexander Petrovic,8475755,8475755,0.7750,2024-25,Two-Way Contract (Extension),ok,,https://capwages.com/players/alexander-petrovic,2026-08-08T18:53:41.068777+00:00
221,Alexander Petrovic,8475755,8475755,0.7750,2025-26,Two-Way Contract (Extension),ok,,https://capwages.com/players/alexander-petrovic,2026-08-08T18:53:41.068777+00:00
222,Mason Appleton,8478891,8478891,2.1667,2023-24,Standard Contract,ok,,https://capwages.com/players/mason-appleton,2026-08-08T18:53:41.068777+00:00
222,Mason Appleton,8478891,8478891,2.1667,2024-25,Standard Contract,ok,,https://capwages.com/players/mason-appleton,2026-08-08T18:53:41.068777+00:00
222,Mason Appleton,8478891,8478891,2.9000,2025-26,Standard Contract,ok,,https://capwages.com/players/mason-appleton,2026-08-08T18:53:41.068777+00:00
223,J.T. Compher,8477456,8477456,5.1000,2023-24,Standard Contract,ok,,https://capwages.com/players/j-t-compher,2026-08-08T18:53:41.068777+00:00
223,J.T. Compher,8477456,8477456,5.1000,2024-25,Standard Contract,ok,,https://capwages.com/players/j-t-compher,2026-08-08T18:53:41.068777+00:00
223,J.T. Compher,8477456,8477456,5.1000,2025-26,Standard Contract,ok,,https://capwages.com/players/j-t-compher,2026-08-08T18:53:41.068777+00:00
224,Andrew Copp,8477429,8477429,5.6250,2023-24,Standard Contract,ok,,https://capwages.com/players/andrew-copp,2026-08-08T18:53:41.068777+00:00
224,Andrew Copp,8477429,8477429,5.6250,2024-25,Standard Contract,ok,,https://capwages.com/players/andrew-copp,2026-08-08T18:53:41.068777+00:00
224,Andrew Copp,8477429,8477429,5.6250,2025-26,Standard Contract,ok,,https://capwages.com/players/andrew-copp,2026-08-08T18:53:41.068777+00:00
225,Alex DeBrincat,8479337,8479337,7.8750,2023-24,Standard Contract,ok,,https://capwages.com/players/alex-debrincat,2026-08-08T18:53:41.068777+00:00
225,Alex DeBrincat,8479337,8479337,7.8750,2024-25,Standard Contract,ok,,https://capwages.com/players/alex-debrincat,2026-08-08T18:53:41.068777+00:00
225,Alex DeBrincat,8479337,8479337,7.8750,2025-26,Standard Contract,ok,,https://capwages.com/players/alex-debrincat,2026-08-08T18:53:41.068777+00:00
226,Emmitt Finnie,8484471,8484471,,2023-24,,low,no 2023-24 detail,https://capwages.com/players/emmitt-finnie,2026-08-08T18:53:41.068777+00:00
226,Emmitt Finnie,8484471,8484471,,2024-25,,low,did not play this season,https://capwages.com/players/emmitt-finnie,2026-08-08T18:53:41.068777+00:00
226,Emmitt Finnie,8484471,8484471,0.8217,2025-26,Entry-Level Contract,ok,,https://capwages.com/players/emmitt-finnie,2026-08-08T18:53:41.068777+00:00
227,Patrick Kane,8474141,8474141,2.7500,2023-24,Standard Contract,ok,,https://capwages.com/players/patrick-kane,2026-08-08T18:53:41.068777+00:00
227,Patrick Kane,8474141,8474141,4.0000,2024-25,35+ Contract (Extension),ok,,https://capwages.com/players/patrick-kane,2026-08-08T18:53:41.068777+00:00
227,Patrick Kane,8474141,8474141,3.0000,2025-26,35+ Contract (Extension),ok,,https://capwages.com/players/patrick-kane,2026-08-08T18:53:41.068777+00:00
228,Marco Kasper,8483464,8483464,,2023-24,,low,did not play this season,https://capwages.com/players/marco-kasper,2026-08-08T18:53:41.068777+00:00
228,Marco Kasper,8483464,8483464,0.8867,2024-25,Entry-Level Contract,ok,,https://capwages.com/players/marco-kasper,2026-08-08T18:53:41.068777+00:00
228,Marco Kasper,8483464,8483464,0.8867,2025-26,Entry-Level Contract,ok,,https://capwages.com/players/marco-kasper,2026-08-08T18:53:41.068777+00:00
229,Dylan Larkin,8477946,8477946,8.7000,2023-24,Standard Contract (Extension),ok,,https://capwages.com/players/dylan-larkin,2026-08-08T18:53:41.068777+00:00
229,Dylan Larkin,8477946,8477946,8.7000,2024-25,Standard Contract (Extension),ok,,https://capwages.com/players/dylan-larkin,2026-08-08T18:53:41.068777+00:00
229,Dylan Larkin,8477946,8477946,8.7000,2025-26,Standard Contract (Extension),ok,,https://capwages.com/players/dylan-larkin,2026-08-08T18:53:41.068777+00:00
230,David Perron,8474102,8474102,4.7500,2023-24,Standard Contract,ok,,https://capwages.com/players/david-perron,2026-08-08T18:53:41.068777+00:00
230,David Perron,8474102,8474102,4.0000,2024-25,35+ Contract,ok,,https://capwages.com/players/david-perron,2026-08-08T18:53:41.068777+00:00
230,David Perron,8474102,8474102,4.0000,2025-26,35+ Contract,ok,,https://capwages.com/players/david-perron,2026-08-08T18:53:41.068777+00:00
231,Michael Rasmussen,8479992,8479992,1.4600,2023-24,Standard Contract (Extension),ok,,https://capwages.com/players/michael-rasmussen,2026-08-08T18:53:41.068777+00:00
231,Michael Rasmussen,8479992,8479992,3.2000,2024-25,Two-Way Contract (Extension),ok,,https://capwages.com/players/michael-rasmussen,2026-08-08T18:53:41.068777+00:00
231,Michael Rasmussen,8479992,8479992,3.2000,2025-26,Two-Way Contract (Extension),ok,,https://capwages.com/players/michael-rasmussen,2026-08-08T18:53:41.068777+00:00
232,Lucas Raymond,8482078,8482078,0.9250,2023-24,Entry-Level Contract,ok,,https://capwages.com/players/lucas-raymond,2026-08-08T18:53:41.068777+00:00
232,Lucas Raymond,8482078,8482078,8.0750,2024-25,Standard Contract (Extension),ok,,https://capwages.com/players/lucas-raymond,2026-08-08T18:53:41.068777+00:00
232,Lucas Raymond,8482078,8482078,8.0750,2025-26,Standard Contract (Extension),ok,,https://capwages.com/players/lucas-raymond,2026-08-08T18:53:41.068777+00:00
233,James van Riemsdyk,8474037,8474037,1.0000,2023-24,Standard Contract,ok,,https://capwages.com/players/james-van-riemsdyk,2026-08-08T18:53:41.068777+00:00
233,James van Riemsdyk,8474037,8474037,0.9000,2024-25,Standard Contract,ok,,https://capwages.com/players/james-van-riemsdyk,2026-08-08T18:53:41.068777+00:00
233,James van Riemsdyk,8474037,8474037,1.0000,2025-26,35+ Contract ,ok,,https://capwages.com/players/james-van-riemsdyk,2026-08-08T18:53:41.068777+00:00
234,Jacob Bernard-Docker,8480879,8480879,0.8050,2023-24,Standard Contract (Extension),ok,,https://capwages.com/players/jacob-bernard-docker,2026-08-08T18:53:41.068777+00:00
234,Jacob Bernard-Docker,8480879,8480879,0.8050,2024-25,Standard Contract (Extension),ok,,https://capwages.com/players/jacob-bernard-docker,2026-08-08T18:53:41.068777+00:00
234,Jacob Bernard-Docker,8480879,8480879,0.8750,2025-26,Standard Contract,ok,,https://capwages.com/players/jacob-bernard-docker,2026-08-08T18:53:41.068777+00:00
235,Ben Chiarot,8475279,8475279,4.7500,2023-24,Standard Contract,ok,,https://capwages.com/players/ben-chiarot,2026-08-08T18:53:41.068777+00:00
235,Ben Chiarot,8475279,8475279,4.7500,2024-25,Standard Contract,ok,,https://capwages.com/players/ben-chiarot,2026-08-08T18:53:41.068777+00:00
235,Ben Chiarot,8475279,8475279,4.7500,2025-26,Standard Contract,ok,,https://capwages.com/players/ben-chiarot,2026-08-08T18:53:41.068777+00:00
236,Simon Edvinsson,8482762,8482762,0.8942,2023-24,Entry-Level Contract,ok,,https://capwages.com/players/simon-edvinsson,2026-08-08T18:53:41.068777+00:00
236,Simon Edvinsson,8482762,8482762,0.8942,2024-25,Entry-Level Contract,ok,,https://capwages.com/players/simon-edvinsson,2026-08-08T18:53:41.068777+00:00
236,Simon Edvinsson,8482762,8482762,0.8942,2025-26,Entry-Level Contract,ok,,https://capwages.com/players/simon-edvinsson,2026-08-08T18:53:41.068777+00:00
237,Justin Faulk,8475753,8475753,6.5000,2023-24,Standard Contract (Extension),ok,,https://capwages.com/players/justin-faulk,2026-08-08T18:53:41.068777+00:00
237,Justin Faulk,8475753,8475753,6.5000,2024-25,Standard Contract (Extension),ok,,https://capwages.com/players/justin-faulk,2026-08-08T18:53:41.068777+00:00
237,Justin Faulk,8475753,8475753,6.5000,2025-26,Standard Contract (Extension),ok,,https://capwages.com/players/justin-faulk,2026-08-08T18:53:41.068777+00:00
238,Travis Hamonic,8474612,8474612,1.1000,2023-24,Standard Contract,ok,,https://capwages.com/players/travis-hamonic,2026-08-08T18:53:41.068777+00:00
238,Travis Hamonic,8474612,8474612,1.1000,2024-25,Standard Contract,ok,,https://capwages.com/players/travis-hamonic,2026-08-08T18:53:41.068777+00:00
238,Travis Hamonic,8474612,8474612,1.0000,2025-26,Standard Contract,ok,,https://capwages.com/players/travis-hamonic,2026-08-08T18:53:41.068777+00:00
239,Albert Johansson,8481607,8481607,,2023-24,,low,did not play this season,https://capwages.com/players/albert-johansson,2026-08-08T18:53:41.068777+00:00
239,Albert Johansson,8481607,8481607,0.7750,2024-25,Standard Contract (Extension),ok,,https://capwages.com/players/albert-johansson,2026-08-08T18:53:41.068777+00:00
239,Albert Johansson,8481607,8481607,1.1250,2025-26,Standard Contract (Extension),ok,,https://capwages.com/players/albert-johansson,2026-08-08T18:53:41.068777+00:00
240,Moritz Seider,8481542,8481542,0.8633,2023-24,Entry-Level Contract,ok,,https://capwages.com/players/moritz-seider,2026-08-08T18:53:41.068777+00:00
240,Moritz Seider,8481542,8481542,8.5500,2024-25,Standard Contract (Extension),ok,,https://capwages.com/players/moritz-seider,2026-08-08T18:53:41.068777+00:00
240,Moritz Seider,8481542,8481542,8.5500,2025-26,Standard Contract (Extension),ok,,https://capwages.com/players/moritz-seider,2026-08-08T18:53:41.068777+00:00
241,Colton Dach,8482703,8482703,,2023-24,,low,did not play this season,https://capwages.com/players/colton-dach,2026-08-08T18:53:41.068777+00:00
241,Colton Dach,8482703,8482703,0.8250,2024-25,Entry-Level Contract,ok,,https://capwages.com/players/colton-dach,2026-08-08T18:53:41.068777+00:00
241,Colton Dach,8482703,8482703,0.8250,2025-26,Entry-Level Contract,ok,,https://capwages.com/players/colton-dach,2026-08-08T18:53:41.068777+00:00
242,Jason Dickinson,8477450,8477450,2.6500,2023-24,Standard Contract,ok,,https://capwages.com/players/jason-dickinson,2026-08-08T18:53:41.068777+00:00
242,Jason Dickinson,8477450,8477450,4.2500,2024-25,Standard Contract (Extension),ok,,https://capwages.com/players/jason-dickinson,2026-08-08T18:53:41.068777+00:00
242,Jason Dickinson,8477450,8477450,4.2500,2025-26,Standard Contract (Extension),ok,,https://capwages.com/players/jason-dickinson,2026-08-08T18:53:41.068777+00:00
243,Leon Draisaitl,8477934,8477934,8.5000,2023-24,Standard Contract,ok,,https://capwages.com/players/leon-draisaitl,2026-08-08T18:53:41.068777+00:00
243,Leon Draisaitl,8477934,8477934,8.5000,2024-25,Standard Contract,ok,,https://capwages.com/players/leon-draisaitl,2026-08-08T18:53:41.068777+00:00
243,Leon Draisaitl,8477934,8477934,14.0000,2025-26,Standard Contract (Extension),ok,,https://capwages.com/players/leon-draisaitl,2026-08-08T18:53:41.068777+00:00
244,Trent Frederic,8479365,8479365,2.3000,2023-24,Standard Contract,ok,,https://capwages.com/players/trent-frederic,2026-08-08T18:53:41.068777+00:00
244,Trent Frederic,8479365,8479365,2.3000,2024-25,Standard Contract,ok,,https://capwages.com/players/trent-frederic,2026-08-08T18:53:41.068777+00:00
244,Trent Frederic,8479365,8479365,3.8500,2025-26,Standard Contract (Extension),ok,,https://capwages.com/players/trent-frederic,2026-08-08T18:53:41.068777+00:00
245,Adam Henrique,8474641,8474641,5.8250,2023-24,Standard Contract (Extension),ok,,https://capwages.com/players/adam-henrique,2026-08-08T18:53:41.068777+00:00
245,Adam Henrique,8474641,8474641,3.0000,2024-25,Standard Contract,ok,,https://capwages.com/players/adam-henrique,2026-08-08T18:53:41.068777+00:00
245,Adam Henrique,8474641,8474641,3.0000,2025-26,Standard Contract,ok,,https://capwages.com/players/adam-henrique,2026-08-08T18:53:41.068777+00:00
246,Zach Hyman,8475786,8475786,5.5000,2023-24,Standard Contract,ok,,https://capwages.com/players/zach-hyman,2026-08-08T18:53:41.068777+00:00
246,Zach Hyman,8475786,8475786,5.5000,2024-25,Standard Contract,ok,,https://capwages.com/players/zach-hyman,2026-08-08T18:53:41.068777+00:00
246,Zach Hyman,8475786,8475786,5.5000,2025-26,Standard Contract,ok,,https://capwages.com/players/zach-hyman,2026-08-08T18:53:41.068777+00:00
247,Mattias Janmark,8477406,8477406,1.0000,2023-24,Standard Contract (Extension),ok,,https://capwages.com/players/mattias-janmark,2026-08-08T18:53:41.068777+00:00
247,Mattias Janmark,8477406,8477406,1.4500,2024-25,Standard Contract,ok,,https://capwages.com/players/mattias-janmark,2026-08-08T18:53:41.068777+00:00
247,Mattias Janmark,8477406,8477406,1.4500,2025-26,Standard Contract,ok,,https://capwages.com/players/mattias-janmark,2026-08-08T18:53:41.068777+00:00
248,Max Jones,8479368,8479368,1.2950,2023-24,Standard Contract,ok,,https://capwages.com/players/max-jones,2026-08-08T18:53:41.068777+00:00
248,Max Jones,8479368,8479368,1.0000,2024-25,Standard Contract,ok,,https://capwages.com/players/max-jones,2026-08-08T18:53:41.068777+00:00
248,Max Jones,8479368,8479368,1.0000,2025-26,Standard Contract,ok,,https://capwages.com/players/max-jones,2026-08-08T18:53:41.068777+00:00
249,Kasperi Kapanen,8477953,8477953,3.2000,2023-24,Standard Contract,ok,,https://capwages.com/players/kasperi-kapanen,2026-08-08T18:53:41.068777+00:00
249,Kasperi Kapanen,8477953,8477953,1.0000,2024-25,Standard Contract,ok,,https://capwages.com/players/kasperi-kapanen,2026-08-08T18:53:41.068777+00:00
249,Kasperi Kapanen,8477953,8477953,1.3000,2025-26,Standard Contract (Extension),ok,,https://capwages.com/players/kasperi-kapanen,2026-08-08T18:53:41.068777+00:00
250,Curtis Lazar,8477508,8477508,1.0000,2023-24,Standard Contract,ok,,https://capwages.com/players/curtis-lazar,2026-08-08T18:53:41.068777+00:00
250,Curtis Lazar,8477508,8477508,1.0000,2024-25,Standard Contract,ok,,https://capwages.com/players/curtis-lazar,2026-08-08T18:53:41.068777+00:00
250,Curtis Lazar,8477508,8477508,0.7750,2025-26,Standard Contract,ok,,https://capwages.com/players/curtis-lazar,2026-08-08T18:53:41.068777+00:00
251,Connor McDavid,8478402,8478402,12.5000,2023-24,Standard Contract (Extension),ok,,https://capwages.com/players/connor-mcdavid,2026-08-08T18:53:41.068777+00:00
251,Connor McDavid,8478402,8478402,12.5000,2024-25,Standard Contract (Extension),ok,,https://capwages.com/players/connor-mcdavid,2026-08-08T18:53:41.068777+00:00
251,Connor McDavid,8478402,8478402,12.5000,2025-26,Standard Contract (Extension),ok,,https://capwages.com/players/connor-mcdavid,2026-08-08T18:53:41.068777+00:00
252,Ryan Nugent-Hopkins,8476454,8476454,5.1250,2023-24,Standard Contract (Extension),ok,,https://capwages.com/players/ryan-nugent-hopkins,2026-08-08T18:53:41.068777+00:00
252,Ryan Nugent-Hopkins,8476454,8476454,5.1250,2024-25,Standard Contract (Extension),ok,,https://capwages.com/players/ryan-nugent-hopkins,2026-08-08T18:53:41.068777+00:00
252,Ryan Nugent-Hopkins,8476454,8476454,5.1250,2025-26,Standard Contract (Extension),ok,,https://capwages.com/players/ryan-nugent-hopkins,2026-08-08T18:53:41.068777+00:00
253,Vasily Podkolzin,8481617,8481617,0.9250,2023-24,Entry-Level Contract,ok,,https://capwages.com/players/vasily-podkolzin,2026-08-08T18:53:41.068777+00:00
253,Vasily Podkolzin,8481617,8481617,1.0000,2024-25,Standard Contract (Extension),ok,,https://capwages.com/players/vasily-podkolzin,2026-08-08T18:53:41.068777+00:00
253,Vasily Podkolzin,8481617,8481617,1.0000,2025-26,Standard Contract (Extension),ok,,https://capwages.com/players/vasily-podkolzin,2026-08-08T18:53:41.068777+00:00
254,Jack Roslovic,8478458,8478458,4.0000,2023-24,Standard Contract (Extension),ok,,https://capwages.com/players/jack-roslovic,2026-08-08T18:53:41.068777+00:00
254,Jack Roslovic,8478458,8478458,2.8000,2024-25,Standard Contract,ok,,https://capwages.com/players/jack-roslovic,2026-08-08T18:53:41.068777+00:00
254,Jack Roslovic,8478458,8478458,1.5000,2025-26,Standard Contract,ok,,https://capwages.com/players/jack-roslovic,2026-08-08T18:53:41.068777+00:00
255,Josh Samanski,8484509,8484509,,2023-24,,low,no 2023-24 detail,https://capwages.com/players/josh-samanski,2026-08-08T18:53:41.068777+00:00
255,Josh Samanski,8484509,8484509,,2024-25,,low,no 2024-25 detail,https://capwages.com/players/josh-samanski,2026-08-08T18:53:41.068777+00:00
255,Josh Samanski,8484509,8484509,0.9750,2025-26,Entry-Level Contract,ok,,https://capwages.com/players/josh-samanski,2026-08-08T18:53:41.068777+00:00
256,Matt Savoie,8483512,8483512,0.9183,2023-24,Entry-Level Contract,ok,,https://capwages.com/players/matt-savoie,2026-08-08T18:53:41.068777+00:00
256,Matt Savoie,8483512,8483512,0.8867,2024-25,Entry-Level Contract,ok,,https://capwages.com/players/matt-savoie,2026-08-08T18:53:41.068777+00:00
256,Matt Savoie,8483512,8483512,0.8867,2025-26,Entry-Level Contract,ok,,https://capwages.com/players/matt-savoie,2026-08-08T18:53:41.068777+00:00
257,Evan Bouchard,8480803,8480803,3.9000,2023-24,Standard Contract,ok,,https://capwages.com/players/evan-bouchard,2026-08-08T18:53:41.068777+00:00
257,Evan Bouchard,8480803,8480803,3.9000,2024-25,Standard Contract,ok,,https://capwages.com/players/evan-bouchard,2026-08-08T18:53:41.068777+00:00
257,Evan Bouchard,8480803,8480803,10.5000,2025-26,Standard Contract (Extension),ok,,https://capwages.com/players/evan-bouchard,2026-08-08T18:53:41.068777+00:00
258,Mattias Ekholm,8475218,8475218,6.2500,2023-24,Standard Contract (Extension),ok,,https://capwages.com/players/mattias-ekholm,2026-08-08T18:53:41.068777+00:00
258,Mattias Ekholm,8475218,8475218,6.2500,2024-25,Standard Contract (Extension),ok,,https://capwages.com/players/mattias-ekholm,2026-08-08T18:53:41.068777+00:00
258,Mattias Ekholm,8475218,8475218,6.2500,2025-26,Standard Contract (Extension),ok,,https://capwages.com/players/mattias-ekholm,2026-08-08T18:53:41.068777+00:00
259,Ty Emberson,8480834,8480834,0.7750,2023-24,Standard Contract,ok,,https://capwages.com/players/ty-emberson,2026-08-08T18:53:41.068777+00:00
259,Ty Emberson,8480834,8480834,0.9500,2024-25,Standard Contract,ok,,https://capwages.com/players/ty-emberson,2026-08-08T18:53:41.068777+00:00
259,Ty Emberson,8480834,8480834,1.3000,2025-26,Standard Contract (Extension),ok,,https://capwages.com/players/ty-emberson,2026-08-08T18:53:41.068777+00:00
260,Connor Murphy,8476473,8476473,4.4000,2023-24,Standard Contract (Extension),ok,,https://capwages.com/players/connor-murphy,2026-08-08T18:53:41.068777+00:00
260,Connor Murphy,8476473,8476473,4.4000,2024-25,Standard Contract (Extension),ok,,https://capwages.com/players/connor-murphy,2026-08-08T18:53:41.068777+00:00
260,Connor Murphy,8476473,8476473,4.4000,2025-26,Standard Contract (Extension),ok,,https://capwages.com/players/connor-murphy,2026-08-08T18:53:41.068777+00:00
261,Darnell Nurse,8477498,8477498,9.2500,2023-24,Standard Contract (Extension),ok,,https://capwages.com/players/darnell-nurse,2026-08-08T18:53:41.068777+00:00
261,Darnell Nurse,8477498,8477498,9.2500,2024-25,Standard Contract (Extension),ok,,https://capwages.com/players/darnell-nurse,2026-08-08T18:53:41.068777+00:00
261,Darnell Nurse,8477498,8477498,9.2500,2025-26,Standard Contract (Extension),ok,,https://capwages.com/players/darnell-nurse,2026-08-08T18:53:41.068777+00:00
262,Spencer Stastney,8481056,8481056,0.9250,2023-24,Entry-Level Contract,ok,,https://capwages.com/players/spencer-stastney,2026-08-08T18:53:41.068777+00:00
262,Spencer Stastney,8481056,8481056,0.8250,2024-25,Two-Way Contract ,ok,,https://capwages.com/players/spencer-stastney,2026-08-08T18:53:41.068777+00:00
262,Spencer Stastney,8481056,8481056,0.8250,2025-26,Two-Way Contract ,ok,,https://capwages.com/players/spencer-stastney,2026-08-08T18:53:41.068777+00:00
263,Jake Walman,8478013,8478013,3.4000,2023-24,Standard Contract (Extension),ok,,https://capwages.com/players/jake-walman,2026-08-08T18:53:41.068777+00:00
263,Jake Walman,8478013,8478013,3.4000,2024-25,Standard Contract (Extension),ok,,https://capwages.com/players/jake-walman,2026-08-08T18:53:41.068777+00:00
263,Jake Walman,8478013,8478013,3.4000,2025-26,Standard Contract (Extension),ok,,https://capwages.com/players/jake-walman,2026-08-08T18:53:41.068777+00:00
264,Aleksander Barkov,8477493,8477493,10.0000,2023-24,Standard Contract (Extension),ok,,https://capwages.com/players/aleksander-barkov,2026-08-08T18:53:41.068777+00:00
264,Aleksander Barkov,8477493,8477493,10.0000,2024-25,Standard Contract (Extension),ok,,https://capwages.com/players/aleksander-barkov,2026-08-08T18:53:41.068777+00:00
264,Aleksander Barkov,8477493,8477493,,2025-26,,low,did not play this season,https://capwages.com/players/aleksander-barkov,2026-08-08T18:53:41.068777+00:00
265,Sam Bennett,8477935,8477935,4.4250,2023-24,Standard Contract (Extension),ok,,https://capwages.com/players/sam-bennett,2026-08-08T18:53:41.068777+00:00
265,Sam Bennett,8477935,8477935,4.4250,2024-25,Standard Contract (Extension),ok,,https://capwages.com/players/sam-bennett,2026-08-08T18:53:41.068777+00:00
265,Sam Bennett,8477935,8477935,8.0000,2025-26,Standard Contract (Extension),ok,,https://capwages.com/players/sam-bennett,2026-08-08T18:53:41.068777+00:00
266,Jesper Boqvist,8480003,8480003,0.7750,2023-24,Standard Contract,ok,,https://capwages.com/players/jesper-boqvist,2026-08-08T18:53:41.068777+00:00
266,Jesper Boqvist,8480003,8480003,0.7750,2024-25,Standard Contract,ok,,https://capwages.com/players/jesper-boqvist,2026-08-08T18:53:41.068777+00:00
266,Jesper Boqvist,8480003,8480003,1.5000,2025-26,Standard Contract (Extension),ok,,https://capwages.com/players/jesper-boqvist,2026-08-08T18:53:41.068777+00:00
267,Jonah Gadjovich,8479981,8479981,0.8100,2023-24,Standard Contract,ok,,https://capwages.com/players/jonah-gadjovich,2026-08-08T18:53:41.068777+00:00
267,Jonah Gadjovich,8479981,8479981,0.7750,2024-25,Standard Contract (Extension),ok,,https://capwages.com/players/jonah-gadjovich,2026-08-08T18:53:41.068777+00:00
267,Jonah Gadjovich,8479981,8479981,0.7750,2025-26,Standard Contract (Extension),ok,,https://capwages.com/players/jonah-gadjovich,2026-08-08T18:53:41.068777+00:00
268,A.J. Greer,8478421,8478421,0.7625,2023-24,Standard Contract,ok,,https://capwages.com/players/a-j-greer,2026-08-08T18:53:41.068777+00:00
268,A.J. Greer,8478421,8478421,0.8500,2024-25,Standard Contract,ok,,https://capwages.com/players/a-j-greer,2026-08-08T18:53:41.068777+00:00
268,A.J. Greer,8478421,8478421,0.8500,2025-26,Standard Contract,ok,,https://capwages.com/players/a-j-greer,2026-08-08T18:53:41.068777+00:00
269,Vinnie Hinostroza,8476994,8476994,0.7750,2023-24,Standard Contract,ok,,https://capwages.com/players/vinnie-hinostroza,2026-08-08T18:53:41.068777+00:00
269,Vinnie Hinostroza,8476994,8476994,0.7750,2024-25,Two-Way Contract ,ok,,https://capwages.com/players/vinnie-hinostroza,2026-08-08T18:53:41.068777+00:00
269,Vinnie Hinostroza,8476994,8476994,0.7750,2025-26,Two-Way Contract ,ok,,https://capwages.com/players/vinnie-hinostroza,2026-08-08T18:53:41.068777+00:00
270,Luke Kunin,8479316,8479316,2.7500,2023-24,Standard Contract,ok,,https://capwages.com/players/luke-kunin,2026-08-08T18:53:41.068777+00:00
270,Luke Kunin,8479316,8479316,2.7500,2024-25,Standard Contract (Extension),ok,,https://capwages.com/players/luke-kunin,2026-08-08T18:53:41.068777+00:00
270,Luke Kunin,8479316,8479316,0.7750,2025-26,Standard Contract,ok,,https://capwages.com/players/luke-kunin,2026-08-08T18:53:41.068777+00:00
271,Anton Lundell,8482113,8482113,0.9250,2023-24,Entry-Level Contract,ok,,https://capwages.com/players/anton-lundell,2026-08-08T18:53:41.068777+00:00
271,Anton Lundell,8482113,8482113,5.0000,2024-25,Standard Contract,ok,,https://capwages.com/players/anton-lundell,2026-08-08T18:53:41.068777+00:00
271,Anton Lundell,8482113,8482113,5.0000,2025-26,Standard Contract,ok,,https://capwages.com/players/anton-lundell,2026-08-08T18:53:41.068777+00:00
272,Eetu Luostarinen,8480185,8480185,1.5000,2023-24,Standard Contract (Extension),ok,,https://capwages.com/players/eetu-luostarinen,2026-08-08T18:53:41.068777+00:00
272,Eetu Luostarinen,8480185,8480185,3.0000,2024-25,Standard Contract (Extension),ok,,https://capwages.com/players/eetu-luostarinen,2026-08-08T18:53:41.068777+00:00
272,Eetu Luostarinen,8480185,8480185,3.0000,2025-26,Standard Contract (Extension),ok,,https://capwages.com/players/eetu-luostarinen,2026-08-08T18:53:41.068777+00:00
273,Brad Marchand,8473419,8473419,6.1250,2023-24,Standard Contract (Extension),ok,,https://capwages.com/players/brad-marchand,2026-08-08T18:53:41.068777+00:00
273,Brad Marchand,8473419,8473419,6.1250,2024-25,Standard Contract (Extension),ok,,https://capwages.com/players/brad-marchand,2026-08-08T18:53:41.068777+00:00
273,Brad Marchand,8473419,8473419,5.2500,2025-26,35+ Contract (Extension),ok,,https://capwages.com/players/brad-marchand,2026-08-08T18:53:41.068777+00:00
274,Tomas Nosek,8477931,8477931,1.0000,2023-24,Standard Contract,ok,,https://capwages.com/players/tomas-nosek,2026-08-08T18:53:41.068777+00:00
274,Tomas Nosek,8477931,8477931,0.7750,2024-25,Standard Contract,ok,,https://capwages.com/players/tomas-nosek,2026-08-08T18:53:41.068777+00:00
274,Tomas Nosek,8477931,8477931,0.7750,2025-26,Standard Contract (Extension),ok,,https://capwages.com/players/tomas-nosek,2026-08-08T18:53:41.068777+00:00
275,Cole Reinhardt,8481133,8481133,,2023-24,,low,did not play this season,https://capwages.com/players/cole-reinhardt,2026-08-08T18:53:41.068777+00:00
275,Cole Reinhardt,8481133,8481133,0.7750,2024-25,Standard Contract (Extension),ok,,https://capwages.com/players/cole-reinhardt,2026-08-08T18:53:41.068777+00:00
275,Cole Reinhardt,8481133,8481133,0.8125,2025-26,Standard Contract,ok,,https://capwages.com/players/cole-reinhardt,2026-08-08T18:53:41.068777+00:00
276,Sam Reinhart,8477933,8477933,6.5000,2023-24,Standard Contract,ok,,https://capwages.com/players/sam-reinhart,2026-08-08T18:53:41.068777+00:00
276,Sam Reinhart,8477933,8477933,8.6250,2024-25,Standard Contract (Extension),ok,,https://capwages.com/players/sam-reinhart,2026-08-08T18:53:41.068777+00:00
276,Sam Reinhart,8477933,8477933,8.6250,2025-26,Standard Contract (Extension),ok,,https://capwages.com/players/sam-reinhart,2026-08-08T18:53:41.068777+00:00
277,Evan Rodrigues,8478542,8478542,3.0187,2023-24,Standard Contract,ok,,https://capwages.com/players/evan-rodrigues,2026-08-08T18:53:41.068777+00:00
277,Evan Rodrigues,8478542,8478542,3.0187,2024-25,Standard Contract,ok,,https://capwages.com/players/evan-rodrigues,2026-08-08T18:53:41.068777+00:00
277,Evan Rodrigues,8478542,8478542,3.0187,2025-26,Standard Contract,ok,,https://capwages.com/players/evan-rodrigues,2026-08-08T18:53:41.068777+00:00
278,Mackie Samoskevich,8482713,8482713,0.9250,2023-24,Entry-Level Contract,ok,,https://capwages.com/players/mackie-samoskevich,2026-08-08T18:53:41.068777+00:00
278,Mackie Samoskevich,8482713,8482713,0.9250,2024-25,Entry-Level Contract,ok,,https://capwages.com/players/mackie-samoskevich,2026-08-08T18:53:41.068777+00:00
278,Mackie Samoskevich,8482713,8482713,0.7750,2025-26,Two-Way Contract,ok,,https://capwages.com/players/mackie-samoskevich,2026-08-08T18:53:41.068777+00:00
279,Cole Schwindt,8481655,8481655,0.8558,2023-24,Entry-Level Contract,ok,,https://capwages.com/players/cole-schwindt,2026-08-08T18:53:41.068777+00:00
279,Cole Schwindt,8481655,8481655,0.8000,2024-25,Two-Way Contract,ok,,https://capwages.com/players/cole-schwindt,2026-08-08T18:53:41.068777+00:00
279,Cole Schwindt,8481655,8481655,0.8250,2025-26,Standard Contract (Extension),ok,,https://capwages.com/players/cole-schwindt,2026-08-08T18:53:41.068777+00:00
280,Matthew Tkachuk,8479314,8479314,9.5000,2023-24,Standard Contract,ok,,https://capwages.com/players/matthew-tkachuk,2026-08-08T18:53:41.068777+00:00
280,Matthew Tkachuk,8479314,8479314,9.5000,2024-25,Standard Contract,ok,,https://capwages.com/players/matthew-tkachuk,2026-08-08T18:53:41.068777+00:00
280,Matthew Tkachuk,8479314,8479314,9.5000,2025-26,Standard Contract,ok,,https://capwages.com/players/matthew-tkachuk,2026-08-08T18:53:41.068777+00:00
281,Carter Verhaeghe,8477409,8477409,4.1667,2023-24,Standard Contract (Extension),ok,,https://capwages.com/players/carter-verhaeghe,2026-08-08T18:53:41.068777+00:00
281,Carter Verhaeghe,8477409,8477409,4.1667,2024-25,Standard Contract (Extension),ok,,https://capwages.com/players/carter-verhaeghe,2026-08-08T18:53:41.068777+00:00
281,Carter Verhaeghe,8477409,8477409,7.0000,2025-26,Extension,ok,,https://capwages.com/players/carter-verhaeghe,2026-08-08T18:53:41.068777+00:00
282,Uvis Balinskis,8484304,8484304,0.8700,2023-24,Entry-Level Contract,ok,,https://capwages.com/players/uvis-balinskis,2026-08-08T18:53:41.068777+00:00
282,Uvis Balinskis,8484304,8484304,0.8500,2024-25,Standard Contract (Extension),ok,,https://capwages.com/players/uvis-balinskis,2026-08-08T18:53:41.068777+00:00
282,Uvis Balinskis,8484304,8484304,0.8500,2025-26,Standard Contract (Extension),ok,,https://capwages.com/players/uvis-balinskis,2026-08-08T18:53:41.068777+00:00
283,Aaron Ekblad,8477932,8477932,7.5000,2023-24,Standard Contract (Extension),ok,,https://capwages.com/players/aaron-ekblad,2026-08-08T18:53:41.068777+00:00
283,Aaron Ekblad,8477932,8477932,7.5000,2024-25,Standard Contract (Extension),ok,,https://capwages.com/players/aaron-ekblad,2026-08-08T18:53:41.068777+00:00
283,Aaron Ekblad,8477932,8477932,6.1000,2025-26,Standard Contract (Extension),ok,,https://capwages.com/players/aaron-ekblad,2026-08-08T18:53:41.068777+00:00
284,Gustav Forsling,8478055,8478055,2.6667,2023-24,Standard Contract (Extension),ok,,https://capwages.com/players/gustav-forsling,2026-08-08T18:53:41.068777+00:00
284,Gustav Forsling,8478055,8478055,5.7500,2024-25,Standard Contract (Extension),ok,,https://capwages.com/players/gustav-forsling,2026-08-08T18:53:41.068777+00:00
284,Gustav Forsling,8478055,8478055,5.7500,2025-26,Standard Contract (Extension),ok,,https://capwages.com/players/gustav-forsling,2026-08-08T18:53:41.068777+00:00
285,Seth Jones,8477495,8477495,9.5000,2023-24,Standard Contract (Extension),ok,,https://capwages.com/players/seth-jones,2026-08-08T18:53:41.068777+00:00
285,Seth Jones,8477495,8477495,9.5000,2024-25,Standard Contract (Extension),ok,,https://capwages.com/players/seth-jones,2026-08-08T18:53:41.068777+00:00
285,Seth Jones,8477495,8477495,9.5000,2025-26,Standard Contract (Extension),ok,,https://capwages.com/players/seth-jones,2026-08-08T18:53:41.068777+00:00
286,Dmitry Kulikov,8475179,8475179,1.0000,2023-24,Standard Contract,ok,,https://capwages.com/players/dmitry-kulikov,2026-08-08T18:53:41.068777+00:00
286,Dmitry Kulikov,8475179,8475179,1.1525,2024-25,Standard Contract,ok,,https://capwages.com/players/dmitry-kulikov,2026-08-08T18:53:41.068777+00:00
286,Dmitry Kulikov,8475179,8475179,1.1525,2025-26,Standard Contract,ok,,https://capwages.com/players/dmitry-kulikov,2026-08-08T18:53:41.068777+00:00
287,Niko Mikkola,8478859,8478859,2.5000,2023-24,Standard Contract,ok,,https://capwages.com/players/niko-mikkola,2026-08-08T18:53:41.068777+00:00
287,Niko Mikkola,8478859,8478859,2.5000,2024-25,Standard Contract,ok,,https://capwages.com/players/niko-mikkola,2026-08-08T18:53:41.068777+00:00
287,Niko Mikkola,8478859,8478859,2.5000,2025-26,Standard Contract,ok,,https://capwages.com/players/niko-mikkola,2026-08-08T18:53:41.068777+00:00
288,Donovan Sebrango,8482131,8482131,,2023-24,,low,did not play this season,https://capwages.com/players/donovan-sebrango,2026-08-08T18:53:41.068777+00:00
288,Donovan Sebrango,8482131,8482131,0.8283,2024-25,Entry-Level Contract,ok,,https://capwages.com/players/donovan-sebrango,2026-08-08T18:53:41.068777+00:00
288,Donovan Sebrango,8482131,8482131,0.7750,2025-26,Two-Way Contract,ok,,https://capwages.com/players/donovan-sebrango,2026-08-08T18:53:41.068777+00:00
289,Joel Armia,8476469,8476469,3.4000,2023-24,Standard Contract (Extension),ok,,https://capwages.com/players/joel-armia,2026-08-08T18:53:41.068777+00:00
289,Joel Armia,8476469,8476469,3.4000,2024-25,Standard Contract (Extension),ok,,https://capwages.com/players/joel-armia,2026-08-08T18:53:41.068777+00:00
289,Joel Armia,8476469,8476469,2.5000,2025-26,Standard Contract,ok,,https://capwages.com/players/joel-armia,2026-08-08T18:53:41.068777+00:00
290,Quinton Byfield,8482124,8482124,0.8942,2023-24,Entry-Level Contract,ok,,https://capwages.com/players/quinton-byfield,2026-08-08T18:53:41.068777+00:00
290,Quinton Byfield,8482124,8482124,6.2500,2024-25,Two-Way Contract ,ok,,https://capwages.com/players/quinton-byfield,2026-08-08T18:53:41.068777+00:00
290,Quinton Byfield,8482124,8482124,6.2500,2025-26,Two-Way Contract ,ok,,https://capwages.com/players/quinton-byfield,2026-08-08T18:53:41.068777+00:00
291,Kevin Fiala,8477942,8477942,7.8750,2023-24,Standard Contract (Extension),ok,,https://capwages.com/players/kevin-fiala,2026-08-08T18:53:41.068777+00:00
291,Kevin Fiala,8477942,8477942,7.8750,2024-25,Standard Contract (Extension),ok,,https://capwages.com/players/kevin-fiala,2026-08-08T18:53:41.068777+00:00
291,Kevin Fiala,8477942,8477942,7.8750,2025-26,Standard Contract (Extension),ok,,https://capwages.com/players/kevin-fiala,2026-08-08T18:53:41.068777+00:00
292,Samuel Helenius,8482726,8482726,,2023-24,,low,did not play this season,https://capwages.com/players/samuel-helenius,2026-08-08T18:53:41.068777+00:00
292,Samuel Helenius,8482726,8482726,0.8058,2024-25,Entry-Level Contract,ok,,https://capwages.com/players/samuel-helenius,2026-08-08T18:53:41.068777+00:00
292,Samuel Helenius,8482726,8482726,0.8058,2025-26,Entry-Level Contract,ok,,https://capwages.com/players/samuel-helenius,2026-08-08T18:53:41.068777+00:00
293,Mathieu Joseph,8478472,8478472,2.9500,2023-24,Standard Contract,ok,,https://capwages.com/players/mathieu-joseph,2026-08-08T18:53:41.068777+00:00
293,Mathieu Joseph,8478472,8478472,2.9500,2024-25,Standard Contract,ok,,https://capwages.com/players/mathieu-joseph,2026-08-08T18:53:41.068777+00:00
293,Mathieu Joseph,8478472,8478472,0.9000,2025-26,Standard Contract,ok,,https://capwages.com/players/mathieu-joseph,2026-08-08T18:53:41.068777+00:00
294,Adrian Kempe,8477960,8477960,5.5000,2023-24,Standard Contract (Extension),ok,,https://capwages.com/players/adrian-kempe,2026-08-08T18:53:41.068777+00:00
294,Adrian Kempe,8477960,8477960,5.5000,2024-25,Standard Contract (Extension),ok,,https://capwages.com/players/adrian-kempe,2026-08-08T18:53:41.068777+00:00
294,Adrian Kempe,8477960,8477960,5.5000,2025-26,Standard Contract (Extension),ok,,https://capwages.com/players/adrian-kempe,2026-08-08T18:53:41.068777+00:00
295,Anze Kopitar,8471685,8471685,10.0000,2023-24,Standard Contract (Extension),ok,,https://capwages.com/players/anze-kopitar,2026-08-08T18:53:41.068777+00:00
295,Anze Kopitar,8471685,8471685,7.0000,2024-25,35+ Contract (Extension),ok,,https://capwages.com/players/anze-kopitar,2026-08-08T18:53:41.068777+00:00
295,Anze Kopitar,8471685,8471685,7.0000,2025-26,35+ Contract (Extension),ok,,https://capwages.com/players/anze-kopitar,2026-08-08T18:53:41.068777+00:00
296,Andrei Kuzmenko,8483808,8483808,5.5000,2023-24,Standard Contract (Extension),ok,,https://capwages.com/players/andrei-kuzmenko,2026-08-08T18:53:41.068777+00:00
296,Andrei Kuzmenko,8483808,8483808,5.5000,2024-25,Standard Contract (Extension),ok,,https://capwages.com/players/andrei-kuzmenko,2026-08-08T18:53:41.068777+00:00
296,Andrei Kuzmenko,8483808,8483808,4.3000,2025-26,Standard Contract (Extension),ok,,https://capwages.com/players/andrei-kuzmenko,2026-08-08T18:53:41.068777+00:00
297,Alex Laferriere,8482155,8482155,0.8750,2023-24,Entry-Level Contract,ok,,https://capwages.com/players/alex-laferriere,2026-08-08T18:53:41.068777+00:00
297,Alex Laferriere,8482155,8482155,0.8750,2024-25,Entry-Level Contract,ok,,https://capwages.com/players/alex-laferriere,2026-08-08T18:53:41.068777+00:00
297,Alex Laferriere,8482155,8482155,4.1000,2025-26,Standard Contract (Extension),ok,,https://capwages.com/players/alex-laferriere,2026-08-08T18:53:41.068777+00:00
298,Scott Laughton,8476872,8476872,3.0000,2023-24,Standard Contract (Extension),ok,,https://capwages.com/players/scott-laughton,2026-08-08T18:53:41.068777+00:00
298,Scott Laughton,8476872,8476872,3.0000,2024-25,Standard Contract (Extension),ok,,https://capwages.com/players/scott-laughton,2026-08-08T18:53:41.068777+00:00
298,Scott Laughton,8476872,8476872,3.0000,2025-26,Standard Contract (Extension),ok,,https://capwages.com/players/scott-laughton,2026-08-08T18:53:41.068777+00:00
299,Jeff Malott,8482408,8482408,,2023-24,,low,did not play this season,https://capwages.com/players/jeff-malott,2026-08-08T18:53:41.068777+00:00
299,Jeff Malott,8482408,8482408,0.7750,2024-25,Standard Contract,ok,,https://capwages.com/players/jeff-malott,2026-08-08T18:53:41.068777+00:00
299,Jeff Malott,8482408,8482408,0.7750,2025-26,Standard Contract,ok,,https://capwages.com/players/jeff-malott,2026-08-08T18:53:41.068777+00:00
300,Trevor Moore,8479675,8479675,4.2000,2023-24,Standard Contract (Extension),ok,,https://capwages.com/players/trevor-moore,2026-08-08T18:53:41.068777+00:00
300,Trevor Moore,8479675,8479675,4.2000,2024-25,Standard Contract (Extension),ok,,https://capwages.com/players/trevor-moore,2026-08-08T18:53:41.068777+00:00
300,Trevor Moore,8479675,8479675,4.2000,2025-26,Standard Contract (Extension),ok,,https://capwages.com/players/trevor-moore,2026-08-08T18:53:41.068777+00:00
301,Artemi Panarin,8478550,8478550,11.6429,2023-24,Standard Contract,ok,,https://capwages.com/players/artemi-panarin,2026-08-08T18:53:41.068777+00:00
301,Artemi Panarin,8478550,8478550,11.6429,2024-25,Standard Contract,ok,,https://capwages.com/players/artemi-panarin,2026-08-08T18:53:41.068777+00:00
301,Artemi Panarin,8478550,8478550,11.6429,2025-26,Standard Contract,ok,,https://capwages.com/players/artemi-panarin,2026-08-08T18:53:41.068777+00:00
302,Alex Turcotte,8481532,8481532,0.8942,2023-24,Entry-Level Contract,ok,,https://capwages.com/players/alex-turcotte,2026-08-08T18:53:41.068777+00:00
302,Alex Turcotte,8481532,8481532,0.8000,2024-25,Two-Way Contract (Extension),ok,,https://capwages.com/players/alex-turcotte,2026-08-08T18:53:41.068777+00:00
302,Alex Turcotte,8481532,8481532,0.8000,2025-26,Two-Way Contract (Extension),ok,,https://capwages.com/players/alex-turcotte,2026-08-08T18:53:41.068777+00:00
303,Taylor Ward,8483406,8483406,,2023-24,,low,did not play this season,https://capwages.com/players/taylor-ward,2026-08-08T18:53:41.068777+00:00
303,Taylor Ward,8483406,8483406,0.7750,2024-25,Standard Contract (Extension),ok,,https://capwages.com/players/taylor-ward,2026-08-08T18:53:41.068777+00:00
303,Taylor Ward,8483406,8483406,0.7750,2025-26,Two-Way Contract,ok,,https://capwages.com/players/taylor-ward,2026-08-08T18:53:41.068777+00:00
304,Jared Wright,8483756,8483756,,2023-24,,low,no 2023-24 detail,https://capwages.com/players/jared-wright,2026-08-08T18:53:41.068777+00:00
304,Jared Wright,8483756,8483756,,2024-25,,low,no 2024-25 detail,https://capwages.com/players/jared-wright,2026-08-08T18:53:41.068777+00:00
304,Jared Wright,8483756,8483756,0.9050,2025-26,Entry-Level Contract,ok,,https://capwages.com/players/jared-wright,2026-08-08T18:53:41.068777+00:00
305,Mikey Anderson,8479998,8479998,4.1250,2023-24,Standard Contract (Extension),ok,,https://capwages.com/players/mikey-anderson,2026-08-08T18:53:41.068777+00:00
305,Mikey Anderson,8479998,8479998,4.1250,2024-25,Standard Contract (Extension),ok,,https://capwages.com/players/mikey-anderson,2026-08-08T18:53:41.068777+00:00
305,Mikey Anderson,8479998,8479998,4.1250,2025-26,Standard Contract (Extension),ok,,https://capwages.com/players/mikey-anderson,2026-08-08T18:53:41.068777+00:00
306,Cody Ceci,8476879,8476879,3.2500,2023-24,Standard Contract,ok,,https://capwages.com/players/cody-ceci,2026-08-08T18:53:41.068777+00:00
306,Cody Ceci,8476879,8476879,3.2500,2024-25,Standard Contract,ok,,https://capwages.com/players/cody-ceci,2026-08-08T18:53:41.068777+00:00
306,Cody Ceci,8476879,8476879,4.5000,2025-26,Standard Contract,ok,,https://capwages.com/players/cody-ceci,2026-08-08T18:53:41.068777+00:00
307,Brandt Clarke,8482730,8482730,0.8633,2023-24,Entry-Level Contract,ok,,https://capwages.com/players/brandt-clarke,2026-08-08T18:53:41.068777+00:00
307,Brandt Clarke,8482730,8482730,0.8633,2024-25,Entry-Level Contract,ok,,https://capwages.com/players/brandt-clarke,2026-08-08T18:53:41.068777+00:00
307,Brandt Clarke,8482730,8482730,0.8633,2025-26,Entry-Level Contract,ok,,https://capwages.com/players/brandt-clarke,2026-08-08T18:53:41.068777+00:00
308,Drew Doughty,8474563,8474563,11.0000,2023-24,Standard Contract (Extension),ok,,https://capwages.com/players/drew-doughty,2026-08-08T18:53:41.068777+00:00
308,Drew Doughty,8474563,8474563,11.0000,2024-25,Standard Contract (Extension),ok,,https://capwages.com/players/drew-doughty,2026-08-08T18:53:41.068777+00:00
308,Drew Doughty,8474563,8474563,11.0000,2025-26,Standard Contract (Extension),ok,,https://capwages.com/players/drew-doughty,2026-08-08T18:53:41.068777+00:00
309,Brian Dumoulin,8475208,8475208,3.1500,2023-24,Standard Contract,ok,,https://capwages.com/players/brian-dumoulin,2026-08-08T18:53:41.068777+00:00
309,Brian Dumoulin,8475208,8475208,3.1500,2024-25,Standard Contract,ok,,https://capwages.com/players/brian-dumoulin,2026-08-08T18:53:41.068777+00:00
309,Brian Dumoulin,8475208,8475208,4.0000,2025-26,Standard Contract,ok,,https://capwages.com/players/brian-dumoulin,2026-08-08T18:53:41.068777+00:00
310,Joel Edmundson,8476441,8476441,3.5000,2023-24,Standard Contract (Extension),ok,,https://capwages.com/players/joel-edmundson,2026-08-08T18:53:41.068777+00:00
310,Joel Edmundson,8476441,8476441,3.8500,2024-25,Standard Contract,ok,,https://capwages.com/players/joel-edmundson,2026-08-08T18:53:41.068777+00:00
310,Joel Edmundson,8476441,8476441,3.8500,2025-26,Standard Contract,ok,,https://capwages.com/players/joel-edmundson,2026-08-08T18:53:41.068777+00:00
311,Jacob Moverare,8479421,8479421,0.7625,2023-24,Standard Contract (Extension),ok,,https://capwages.com/players/jacob-moverare,2026-08-08T18:53:41.068777+00:00
311,Jacob Moverare,8479421,8479421,0.7750,2024-25,Standard Contract (Extension),ok,,https://capwages.com/players/jacob-moverare,2026-08-08T18:53:41.068777+00:00
311,Jacob Moverare,8479421,8479421,0.7750,2025-26,Standard Contract (Extension),ok,,https://capwages.com/players/jacob-moverare,2026-08-08T18:53:41.068777+00:00
312,Nicolas Aube-Kubel,8477979,8477979,1.2250,2023-24,Standard Contract (Extension),ok,,https://capwages.com/players/nicolas-aube-kubel,2026-08-08T18:53:41.068777+00:00
312,Nicolas Aube-Kubel,8477979,8477979,1.5000,2024-25,Standard Contract,ok,,https://capwages.com/players/nicolas-aube-kubel,2026-08-08T18:53:41.068777+00:00
312,Nicolas Aube-Kubel,8477979,8477979,0.7750,2025-26,Two-Way Contract ,ok,,https://capwages.com/players/nicolas-aube-kubel,2026-08-08T18:53:41.068777+00:00
313,Matt Boldy,8481557,8481557,7.0000,2023-24,Standard Contract (Extension),ok,,https://capwages.com/players/matt-boldy,2026-08-08T18:53:41.068777+00:00
313,Matt Boldy,8481557,8481557,7.0000,2024-25,Standard Contract (Extension),ok,,https://capwages.com/players/matt-boldy,2026-08-08T18:53:41.068777+00:00
313,Matt Boldy,8481557,8481557,7.0000,2025-26,Standard Contract (Extension),ok,,https://capwages.com/players/matt-boldy,2026-08-08T18:53:41.068777+00:00
314,Bobby Brink,8481553,8481553,0.9250,2023-24,Entry-Level Contract,ok,,https://capwages.com/players/bobby-brink,2026-08-08T18:53:41.068777+00:00
314,Bobby Brink,8481553,8481553,1.5000,2024-25,Standard Contract,ok,,https://capwages.com/players/bobby-brink,2026-08-08T18:53:41.068777+00:00
314,Bobby Brink,8481553,8481553,1.5000,2025-26,Standard Contract,ok,,https://capwages.com/players/bobby-brink,2026-08-08T18:53:41.068777+00:00
315,Joel Eriksson Ek,8478493,8478493,5.2500,2023-24,Standard Contract (Extension),ok,,https://capwages.com/players/joel-eriksson-ek,2026-08-08T18:53:41.068777+00:00
315,Joel Eriksson Ek,8478493,8478493,5.2500,2024-25,Standard Contract (Extension),ok,,https://capwages.com/players/joel-eriksson-ek,2026-08-08T18:53:41.068777+00:00
315,Joel Eriksson Ek,8478493,8478493,5.2500,2025-26,Standard Contract (Extension),ok,,https://capwages.com/players/joel-eriksson-ek,2026-08-08T18:53:41.068777+00:00
316,Robby Fabbri,8477952,8477952,4.0000,2023-24,Standard Contract (Extension),ok,,https://capwages.com/players/robby-fabbri,2026-08-08T18:53:41.068777+00:00
316,Robby Fabbri,8477952,8477952,4.0000,2024-25,Standard Contract (Extension),ok,,https://capwages.com/players/robby-fabbri,2026-08-08T18:53:41.068777+00:00
316,Robby Fabbri,8477952,8477952,0.7750,2025-26,Standard Contract,ok,,https://capwages.com/players/robby-fabbri,2026-08-08T18:53:41.068777+00:00
317,Marcus Foligno,8475220,8475220,3.1000,2023-24,Standard Contract (Extension),ok,,https://capwages.com/players/marcus-foligno,2026-08-08T18:53:41.068777+00:00
317,Marcus Foligno,8475220,8475220,4.0000,2024-25,Standard Contract (Extension),ok,,https://capwages.com/players/marcus-foligno,2026-08-08T18:53:41.068777+00:00
317,Marcus Foligno,8475220,8475220,4.0000,2025-26,Standard Contract (Extension),ok,,https://capwages.com/players/marcus-foligno,2026-08-08T18:53:41.068777+00:00
318,Nick Foligno,8473422,8473422,4.0000,2023-24,35+ Contract (Extension),ok,,https://capwages.com/players/nick-foligno,2026-08-08T18:53:41.068777+00:00
318,Nick Foligno,8473422,8473422,4.5000,2024-25,35+ Contract (Extension),ok,,https://capwages.com/players/nick-foligno,2026-08-08T18:53:41.068777+00:00
318,Nick Foligno,8473422,8473422,4.5000,2025-26,35+ Contract (Extension),ok,,https://capwages.com/players/nick-foligno,2026-08-08T18:53:41.068777+00:00
319,Hunter Haight,8483452,8483452,,2023-24,,low,did not play this season,https://capwages.com/players/hunter-haight,2026-08-08T18:53:41.068777+00:00
319,Hunter Haight,8483452,8483452,,2024-25,,low,did not play this season,https://capwages.com/players/hunter-haight,2026-08-08T18:53:41.068777+00:00
319,Hunter Haight,8483452,8483452,0.8658,2025-26,Entry-Level Contract,ok,,https://capwages.com/players/hunter-haight,2026-08-08T18:53:41.068777+00:00
320,Ryan Hartman,8477451,8477451,1.7000,2023-24,Standard Contract (Extension),ok,,https://capwages.com/players/ryan-hartman,2026-08-08T18:53:41.068777+00:00
320,Ryan Hartman,8477451,8477451,4.0000,2024-25,Standard Contract (Extension),ok,,https://capwages.com/players/ryan-hartman,2026-08-08T18:53:41.068777+00:00
320,Ryan Hartman,8477451,8477451,4.0000,2025-26,Standard Contract (Extension),ok,,https://capwages.com/players/ryan-hartman,2026-08-08T18:53:41.068777+00:00
321,Marcus Johansson,8475149,8475149,2.0000,2023-24,Standard Contract (Extension),ok,,https://capwages.com/players/marcus-johansson,2026-08-08T18:53:41.068777+00:00
321,Marcus Johansson,8475149,8475149,2.0000,2024-25,Standard Contract (Extension),ok,,https://capwages.com/players/marcus-johansson,2026-08-08T18:53:41.068777+00:00
321,Marcus Johansson,8475149,8475149,0.8000,2025-26,Standard Contract (Extension),ok,,https://capwages.com/players/marcus-johansson,2026-08-08T18:53:41.068777+00:00
322,Ben Jones,8480259,8480259,,2023-24,,low,did not play this season,https://capwages.com/players/ben-jones,2026-08-08T18:53:41.068777+00:00
322,Ben Jones,8480259,8480259,0.7750,2024-25,Two-Way Contract ,ok,,https://capwages.com/players/ben-jones,2026-08-08T18:53:41.068777+00:00
322,Ben Jones,8480259,8480259,0.7750,2025-26,Two-Way Contract ,ok,,https://capwages.com/players/ben-jones,2026-08-08T18:53:41.068777+00:00
323,Kirill Kaprizov,8478864,8478864,9.0000,2023-24,Standard Contract,ok,,https://capwages.com/players/kirill-kaprizov,2026-08-08T18:53:41.068777+00:00
323,Kirill Kaprizov,8478864,8478864,9.0000,2024-25,Standard Contract,ok,,https://capwages.com/players/kirill-kaprizov,2026-08-08T18:53:41.068777+00:00
323,Kirill Kaprizov,8478864,8478864,9.0000,2025-26,Standard Contract,ok,,https://capwages.com/players/kirill-kaprizov,2026-08-08T18:53:41.068777+00:00
324,Michael McCarron,8477446,8477446,0.7750,2023-24,Standard Contract (Extension),ok,,https://capwages.com/players/michael-mccarron,2026-08-08T18:53:41.068777+00:00
324,Michael McCarron,8477446,8477446,0.9000,2024-25,Standard Contract (Extension),ok,,https://capwages.com/players/michael-mccarron,2026-08-08T18:53:41.068777+00:00
324,Michael McCarron,8477446,8477446,0.9000,2025-26,Standard Contract (Extension),ok,,https://capwages.com/players/michael-mccarron,2026-08-08T18:53:41.068777+00:00
325,Nico Sturm,8481477,8481477,2.0000,2023-24,Standard Contract,ok,,https://capwages.com/players/nico-sturm,2026-08-08T18:53:41.068777+00:00
325,Nico Sturm,8481477,8481477,2.0000,2024-25,Standard Contract,ok,,https://capwages.com/players/nico-sturm,2026-08-08T18:53:41.068777+00:00
325,Nico Sturm,8481477,8481477,2.0000,2025-26,Standard Contract,ok,,https://capwages.com/players/nico-sturm,2026-08-08T18:53:41.068777+00:00
326,Vladimir Tarasenko,8475765,8475765,5.0000,2023-24,Standard Contract,ok,,https://capwages.com/players/vladimir-tarasenko,2026-08-08T18:53:41.068777+00:00
326,Vladimir Tarasenko,8475765,8475765,4.7500,2024-25,Standard Contract,ok,,https://capwages.com/players/vladimir-tarasenko,2026-08-08T18:53:41.068777+00:00
326,Vladimir Tarasenko,8475765,8475765,4.7500,2025-26,Standard Contract,ok,,https://capwages.com/players/vladimir-tarasenko,2026-08-08T18:53:41.068777+00:00
327,Yakov Trenin,8478508,8478508,1.7000,2023-24,Standard Contract,ok,,https://capwages.com/players/yakov-trenin,2026-08-08T18:53:41.068777+00:00
327,Yakov Trenin,8478508,8478508,3.5000,2024-25,Standard Contract,ok,,https://capwages.com/players/yakov-trenin,2026-08-08T18:53:41.068777+00:00
327,Yakov Trenin,8478508,8478508,3.5000,2025-26,Standard Contract,ok,,https://capwages.com/players/yakov-trenin,2026-08-08T18:53:41.068777+00:00
328,Danila Yurov,8483525,8483525,,2023-24,,low,no 2023-24 detail,https://capwages.com/players/danila-yurov,2026-08-08T18:53:41.068777+00:00
328,Danila Yurov,8483525,8483525,,2024-25,,low,no 2024-25 detail,https://capwages.com/players/danila-yurov,2026-08-08T18:53:41.068777+00:00
328,Danila Yurov,8483525,8483525,0.9500,2025-26,Entry-Level Contract,ok,,https://capwages.com/players/danila-yurov,2026-08-08T18:53:41.068777+00:00
329,Mats Zuccarello,8475692,8475692,6.0000,2023-24,Standard Contract,ok,,https://capwages.com/players/mats-zuccarello,2026-08-08T18:53:41.068777+00:00
329,Mats Zuccarello,8475692,8475692,4.1250,2024-25,35+ Contract (Extension),ok,,https://capwages.com/players/mats-zuccarello,2026-08-08T18:53:41.068777+00:00
329,Mats Zuccarello,8475692,8475692,4.1250,2025-26,35+ Contract (Extension),ok,,https://capwages.com/players/mats-zuccarello,2026-08-08T18:53:41.068777+00:00
330,Zach Bogosian,8474567,8474567,0.8500,2023-24,Standard Contract,ok,,https://capwages.com/players/zach-bogosian,2026-08-08T18:53:41.068777+00:00
330,Zach Bogosian,8474567,8474567,1.2500,2024-25,Standard Contract (Extension),ok,,https://capwages.com/players/zach-bogosian,2026-08-08T18:53:41.068777+00:00
330,Zach Bogosian,8474567,8474567,1.2500,2025-26,Standard Contract (Extension),ok,,https://capwages.com/players/zach-bogosian,2026-08-08T18:53:41.068777+00:00
331,Jonas Brodin,8476463,8476463,6.0000,2023-24,Standard Contract (Extension),ok,,https://capwages.com/players/jonas-brodin,2026-08-08T18:53:41.068777+00:00
331,Jonas Brodin,8476463,8476463,6.0000,2024-25,Standard Contract (Extension),ok,,https://capwages.com/players/jonas-brodin,2026-08-08T18:53:41.068777+00:00
331,Jonas Brodin,8476463,8476463,6.0000,2025-26,Standard Contract (Extension),ok,,https://capwages.com/players/jonas-brodin,2026-08-08T18:53:41.068777+00:00
332,Brock Faber,8482122,8482122,0.9250,2023-24,Entry-Level Contract,ok,,https://capwages.com/players/brock-faber,2026-08-08T18:53:41.068777+00:00
332,Brock Faber,8482122,8482122,0.9250,2024-25,Entry-Level Contract,ok,,https://capwages.com/players/brock-faber,2026-08-08T18:53:41.068777+00:00
332,Brock Faber,8482122,8482122,8.5000,2025-26,Standard Contract,ok,,https://capwages.com/players/brock-faber,2026-08-08T18:53:41.068777+00:00
333,Viking Gustafsson Nyberg,8486166,8486166,,2023-24,,low,no 2023-24 detail,https://capwages.com/players/viking-gustafsson-nyberg,2026-08-08T18:53:41.068777+00:00
333,Viking Gustafsson Nyberg,8486166,8486166,,2024-25,,low,no 2024-25 detail,https://capwages.com/players/viking-gustafsson-nyberg,2026-08-08T18:53:41.068777+00:00
333,Viking Gustafsson Nyberg,8486166,8486166,0.9750,2025-26,Entry-Level Contract,ok,,https://capwages.com/players/viking-gustafsson-nyberg,2026-08-08T18:53:41.068777+00:00
334,Quinn Hughes,8480800,8480800,7.8500,2023-24,Standard Contract,ok,,https://capwages.com/players/quinn-hughes,2026-08-08T18:53:41.068777+00:00
334,Quinn Hughes,8480800,8480800,7.8500,2024-25,Standard Contract,ok,,https://capwages.com/players/quinn-hughes,2026-08-08T18:53:41.068777+00:00
334,Quinn Hughes,8480800,8480800,7.8500,2025-26,Standard Contract,ok,,https://capwages.com/players/quinn-hughes,2026-08-08T18:53:41.068777+00:00
335,Daemon Hunt,8482094,8482094,0.8283,2023-24,Entry-Level Contract,ok,,https://capwages.com/players/daemon-hunt,2026-08-08T18:53:41.068777+00:00
335,Daemon Hunt,8482094,8482094,0.8283,2024-25,Entry-Level Contract,ok,,https://capwages.com/players/daemon-hunt,2026-08-08T18:53:41.068777+00:00
335,Daemon Hunt,8482094,8482094,0.7750,2025-26,Two-Way Contract,ok,,https://capwages.com/players/daemon-hunt,2026-08-08T18:53:41.068777+00:00
336,Matt Kiersted,8482641,8482641,,2023-24,,low,did not play this season,https://capwages.com/players/matt-kiersted,2026-08-08T18:53:41.068777+00:00
336,Matt Kiersted,8482641,8482641,0.7750,2024-25,Standard Contract (Extension),ok,,https://capwages.com/players/matt-kiersted,2026-08-08T18:53:41.068777+00:00
336,Matt Kiersted,8482641,8482641,0.8125,2025-26,Two-Way Contract ,ok,,https://capwages.com/players/matt-kiersted,2026-08-08T18:53:41.068777+00:00
337,Carson Lambos,8482781,8482781,,2023-24,,low,did not play this season,https://capwages.com/players/carson-lambos,2026-08-08T18:53:41.068777+00:00
337,Carson Lambos,8482781,8482781,,2024-25,,low,did not play this season,https://capwages.com/players/carson-lambos,2026-08-08T18:53:41.068777+00:00
337,Carson Lambos,8482781,8482781,0.8633,2025-26,Entry-Level Contract,ok,,https://capwages.com/players/carson-lambos,2026-08-08T18:53:41.068777+00:00
338,Jake Middleton,8478136,8478136,2.4500,2023-24,Standard Contract (Extension),ok,,https://capwages.com/players/jake-middleton,2026-08-08T18:53:41.068777+00:00
338,Jake Middleton,8478136,8478136,2.4500,2024-25,Standard Contract (Extension),ok,,https://capwages.com/players/jake-middleton,2026-08-08T18:53:41.068777+00:00
338,Jake Middleton,8478136,8478136,4.3500,2025-26,Contract Extension,ok,,https://capwages.com/players/jake-middleton,2026-08-08T18:53:41.068777+00:00
339,Jeff Petry,8473507,8473507,6.2500,2023-24,Standard Contract (Extension),ok,,https://capwages.com/players/jeff-petry,2026-08-08T18:53:41.068777+00:00
339,Jeff Petry,8473507,8473507,6.2500,2024-25,Standard Contract (Extension),ok,,https://capwages.com/players/jeff-petry,2026-08-08T18:53:41.068777+00:00
339,Jeff Petry,8473507,8473507,0.7750,2025-26,35+ Contract ,ok,,https://capwages.com/players/jeff-petry,2026-08-08T18:53:41.068777+00:00
340,David Spacek,8483766,8483766,,2023-24,,low,did not play this season,https://capwages.com/players/david-spacek,2026-08-08T18:53:41.068777+00:00
340,David Spacek,8483766,8483766,,2024-25,,low,did not play this season,https://capwages.com/players/david-spacek,2026-08-08T18:53:41.068777+00:00
340,David Spacek,8483766,8483766,0.8625,2025-26,Entry-Level Contract,ok,,https://capwages.com/players/david-spacek,2026-08-08T18:53:41.068777+00:00
341,Jared Spurgeon,8474716,8474716,7.5750,2023-24,Standard Contract (Extension),ok,,https://capwages.com/players/jared-spurgeon,2026-08-08T18:53:41.068777+00:00
341,Jared Spurgeon,8474716,8474716,7.5750,2024-25,Standard Contract (Extension),ok,,https://capwages.com/players/jared-spurgeon,2026-08-08T18:53:41.068777+00:00
341,Jared Spurgeon,8474716,8474716,7.5750,2025-26,Standard Contract (Extension),ok,,https://capwages.com/players/jared-spurgeon,2026-08-08T18:53:41.068777+00:00
342,Josh Anderson,8476981,8476981,5.5000,2023-24,Standard Contract (Extension),ok,,https://capwages.com/players/josh-anderson,2026-08-08T18:53:41.068777+00:00
342,Josh Anderson,8476981,8476981,5.5000,2024-25,Standard Contract (Extension),ok,,https://capwages.com/players/josh-anderson,2026-08-08T18:53:41.068777+00:00
342,Josh Anderson,8476981,8476981,5.5000,2025-26,Standard Contract (Extension),ok,,https://capwages.com/players/josh-anderson,2026-08-08T18:53:41.068777+00:00
343,Owen Beck,8483424,8483424,,2023-24,,low,did not play this season,https://capwages.com/players/owen-beck,2026-08-08T18:53:41.068777+00:00
343,Owen Beck,8483424,8483424,0.8533,2024-25,Entry-Level Contract,ok,,https://capwages.com/players/owen-beck,2026-08-08T18:53:41.068777+00:00
343,Owen Beck,8483424,8483424,0.8533,2025-26,Entry-Level Contract,ok,,https://capwages.com/players/owen-beck,2026-08-08T18:53:41.068777+00:00
344,Zachary Bolduc,8482737,8482737,0.8633,2023-24,Entry-Level Contract,ok,,https://capwages.com/players/zack-bolduc,2026-08-08T18:53:41.068777+00:00
344,Zachary Bolduc,8482737,8482737,0.8633,2024-25,Entry-Level Contract,ok,,https://capwages.com/players/zack-bolduc,2026-08-08T18:53:41.068777+00:00
344,Zachary Bolduc,8482737,8482737,0.8633,2025-26,Entry-Level Contract,ok,,https://capwages.com/players/zack-bolduc,2026-08-08T18:53:41.068777+00:00
345,Cole Caufield,8481540,8481540,7.8500,2023-24,Standard Contract (Extension),ok,,https://capwages.com/players/cole-caufield,2026-08-08T18:53:41.068777+00:00
345,Cole Caufield,8481540,8481540,7.8500,2024-25,Standard Contract (Extension),ok,,https://capwages.com/players/cole-caufield,2026-08-08T18:53:41.068777+00:00
345,Cole Caufield,8481540,8481540,7.8500,2025-26,Standard Contract (Extension),ok,,https://capwages.com/players/cole-caufield,2026-08-08T18:53:41.068777+00:00
346,Kirby Dach,8481523,8481523,3.3625,2023-24,Standard Contract,ok,,https://capwages.com/players/kirby-dach,2026-08-08T18:53:41.068777+00:00
346,Kirby Dach,8481523,8481523,3.3625,2024-25,Standard Contract,ok,,https://capwages.com/players/kirby-dach,2026-08-08T18:53:41.068777+00:00
346,Kirby Dach,8481523,8481523,3.3625,2025-26,Standard Contract,ok,,https://capwages.com/players/kirby-dach,2026-08-08T18:53:41.068777+00:00
347,Phillip Danault,8476479,8476479,5.5000,2023-24,Standard Contract,ok,,https://capwages.com/players/phillip-danault,2026-08-08T18:53:41.068777+00:00
347,Phillip Danault,8476479,8476479,5.5000,2024-25,Standard Contract,ok,,https://capwages.com/players/phillip-danault,2026-08-08T18:53:41.068777+00:00
347,Phillip Danault,8476479,8476479,5.5000,2025-26,Standard Contract,ok,,https://capwages.com/players/phillip-danault,2026-08-08T18:53:41.068777+00:00
348,Ivan Demidov,8484984,8484984,,2023-24,,low,no 2023-24 detail,https://capwages.com/players/ivan-demidov,2026-08-08T18:53:41.068777+00:00
348,Ivan Demidov,8484984,8484984,0.9408,2024-25,Entry-Level Contract,ok,,https://capwages.com/players/ivan-demidov,2026-08-08T18:53:41.068777+00:00
348,Ivan Demidov,8484984,8484984,0.9408,2025-26,Entry-Level Contract,ok,,https://capwages.com/players/ivan-demidov,2026-08-08T18:53:41.068777+00:00
349,Jake Evans,8478133,8478133,1.7000,2023-24,Standard Contract (Extension),ok,,https://capwages.com/players/jake-evans,2026-08-08T18:53:41.068777+00:00
349,Jake Evans,8478133,8478133,1.7000,2024-25,Standard Contract (Extension),ok,,https://capwages.com/players/jake-evans,2026-08-08T18:53:41.068777+00:00
349,Jake Evans,8478133,8478133,2.8500,2025-26,Standard Contract (Extension),ok,,https://capwages.com/players/jake-evans,2026-08-08T18:53:41.068777+00:00
350,Brendan Gallagher,8475848,8475848,6.5000,2023-24,Standard Contract (Extension),ok,,https://capwages.com/players/brendan-gallagher,2026-08-08T18:53:41.068777+00:00
350,Brendan Gallagher,8475848,8475848,6.5000,2024-25,Standard Contract (Extension),ok,,https://capwages.com/players/brendan-gallagher,2026-08-08T18:53:41.068777+00:00
350,Brendan Gallagher,8475848,8475848,6.5000,2025-26,Standard Contract (Extension),ok,,https://capwages.com/players/brendan-gallagher,2026-08-08T18:53:41.068777+00:00
351,Oliver Kapanen,8482775,8482775,,2023-24,,low,no 2023-24 detail,https://capwages.com/players/oliver-kapanen,2026-08-08T18:53:41.068777+00:00
351,Oliver Kapanen,8482775,8482775,0.9308,2024-25,Entry-Level Contract,ok,,https://capwages.com/players/oliver-kapanen,2026-08-08T18:53:41.068777+00:00
351,Oliver Kapanen,8482775,8482775,0.9308,2025-26,Entry-Level Contract,ok,,https://capwages.com/players/oliver-kapanen,2026-08-08T18:53:41.068777+00:00
352,Patrik Laine,8479339,8479339,8.7000,2023-24,Standard Contract,ok,,https://capwages.com/players/patrik-laine,2026-08-08T18:53:41.068777+00:00
352,Patrik Laine,8479339,8479339,8.7000,2024-25,Standard Contract,ok,,https://capwages.com/players/patrik-laine,2026-08-08T18:53:41.068777+00:00
352,Patrik Laine,8479339,8479339,8.7000,2025-26,Standard Contract,ok,,https://capwages.com/players/patrik-laine,2026-08-08T18:53:41.068777+00:00
353,Alex Newhook,8481618,8481618,2.9000,2023-24,Standard Contract,ok,,https://capwages.com/players/alex-newhook,2026-08-08T18:53:41.068777+00:00
353,Alex Newhook,8481618,8481618,2.9000,2024-25,Standard Contract,ok,,https://capwages.com/players/alex-newhook,2026-08-08T18:53:41.068777+00:00
353,Alex Newhook,8481618,8481618,2.9000,2025-26,Standard Contract,ok,,https://capwages.com/players/alex-newhook,2026-08-08T18:53:41.068777+00:00
354,Juraj Slafkovský,8483515,8483515,0.9500,2023-24,Entry-Level Contract,ok,,https://capwages.com/players/juraj-slafkovsky,2026-08-08T18:53:41.068777+00:00
354,Juraj Slafkovský,8483515,8483515,0.9500,2024-25,Entry-Level Contract,ok,,https://capwages.com/players/juraj-slafkovsky,2026-08-08T18:53:41.068777+00:00
354,Juraj Slafkovský,8483515,8483515,7.6000,2025-26,Standard Contract (Extension),ok,,https://capwages.com/players/juraj-slafkovsky,2026-08-08T18:53:41.068777+00:00
355,Nick Suzuki,8480018,8480018,7.8750,2023-24,Standard Contract (Extension),ok,,https://capwages.com/players/nick-suzuki,2026-08-08T18:53:41.068777+00:00
355,Nick Suzuki,8480018,8480018,7.8750,2024-25,Standard Contract (Extension),ok,,https://capwages.com/players/nick-suzuki,2026-08-08T18:53:41.068777+00:00
355,Nick Suzuki,8480018,8480018,7.8750,2025-26,Standard Contract (Extension),ok,,https://capwages.com/players/nick-suzuki,2026-08-08T18:53:41.068777+00:00
356,Alexandre Texier,8480074,8480074,1.5250,2023-24,Standard Contract,ok,,https://capwages.com/players/alexandre-texier,2026-08-08T18:53:41.068777+00:00
356,Alexandre Texier,8480074,8480074,2.1000,2024-25,Standard Contract (Extension),ok,,https://capwages.com/players/alexandre-texier,2026-08-08T18:53:41.068777+00:00
356,Alexandre Texier,8480074,8480074,1.0000,2025-26,Standard Contract,ok,,https://capwages.com/players/alexandre-texier,2026-08-08T18:53:41.068777+00:00
357,Joe Veleno,8480813,8480813,0.8250,2023-24,Standard Contract,ok,,https://capwages.com/players/joe-veleno,2026-08-08T18:53:41.068777+00:00
357,Joe Veleno,8480813,8480813,2.2750,2024-25,Standard Contract ,ok,,https://capwages.com/players/joe-veleno,2026-08-08T18:53:41.068777+00:00
357,Joe Veleno,8480813,8480813,0.9000,2025-26,Standard Contract,ok,,https://capwages.com/players/joe-veleno,2026-08-08T18:53:41.068777+00:00
358,Florian Xhekaj,8484403,8484403,,2023-24,,low,no 2023-24 detail,https://capwages.com/players/florian-xhekaj,2026-08-08T18:53:41.068777+00:00
358,Florian Xhekaj,8484403,8484403,,2024-25,,low,did not play this season,https://capwages.com/players/florian-xhekaj,2026-08-08T18:53:41.068777+00:00
358,Florian Xhekaj,8484403,8484403,0.9417,2025-26,Entry-Level Contract,ok,,https://capwages.com/players/florian-xhekaj,2026-08-08T18:53:41.068777+00:00
359,Alexandre Carrier,8478851,8478851,2.5000,2023-24,Standard Contract,ok,,https://capwages.com/players/alexandre-carrier,2026-08-08T18:53:41.068777+00:00
359,Alexandre Carrier,8478851,8478851,3.7500,2024-25,Standard Contract,ok,,https://capwages.com/players/alexandre-carrier,2026-08-08T18:53:41.068777+00:00
359,Alexandre Carrier,8478851,8478851,3.7500,2025-26,Standard Contract,ok,,https://capwages.com/players/alexandre-carrier,2026-08-08T18:53:41.068777+00:00
360,Noah Dobson,8480865,8480865,4.0000,2023-24,Standard Contract,ok,,https://capwages.com/players/noah-dobson,2026-08-08T18:53:41.068777+00:00
360,Noah Dobson,8480865,8480865,4.0000,2024-25,Standard Contract,ok,,https://capwages.com/players/noah-dobson,2026-08-08T18:53:41.068777+00:00
360,Noah Dobson,8480865,8480865,9.5000,2025-26,Standard Contract (Extension),ok,,https://capwages.com/players/noah-dobson,2026-08-08T18:53:41.068777+00:00
361,Adam Engstrom,8483686,8483686,,2023-24,,low,no 2023-24 detail,https://capwages.com/players/adam-engstrom,2026-08-08T18:53:41.068777+00:00
361,Adam Engstrom,8483686,8483686,,2024-25,,low,did not play this season,https://capwages.com/players/adam-engstrom,2026-08-08T18:53:41.068777+00:00
361,Adam Engstrom,8483686,8483686,0.8967,2025-26,Entry-Level Contract,ok,,https://capwages.com/players/adam-engstrom,2026-08-08T18:53:41.068777+00:00
362,Kaiden Guhle,8482087,8482087,0.8633,2023-24,Entry-Level Contract,ok,,https://capwages.com/players/kaiden-guhle,2026-08-08T18:53:41.068777+00:00
362,Kaiden Guhle,8482087,8482087,0.8633,2024-25,Entry-Level Contract,ok,,https://capwages.com/players/kaiden-guhle,2026-08-08T18:53:41.068777+00:00
362,Kaiden Guhle,8482087,8482087,5.5500,2025-26,Standard Contract,ok,,https://capwages.com/players/kaiden-guhle,2026-08-08T18:53:41.068777+00:00
363,Lane Hutson,8483457,8483457,0.9500,2023-24,Entry-Level Contract,ok,,https://capwages.com/players/lane-hutson,2026-08-08T18:53:41.068777+00:00
363,Lane Hutson,8483457,8483457,0.9500,2024-25,Entry-Level Contract,ok,,https://capwages.com/players/lane-hutson,2026-08-08T18:53:41.068777+00:00
363,Lane Hutson,8483457,8483457,0.9500,2025-26,Entry-Level Contract,ok,,https://capwages.com/players/lane-hutson,2026-08-08T18:53:41.068777+00:00
364,Mike Matheson,8476875,8476875,4.8750,2023-24,Standard Contract (Extension),ok,,https://capwages.com/players/mike-matheson,2026-08-08T18:53:41.068777+00:00
364,Mike Matheson,8476875,8476875,4.8750,2024-25,Standard Contract (Extension),ok,,https://capwages.com/players/mike-matheson,2026-08-08T18:53:41.068777+00:00
364,Mike Matheson,8476875,8476875,4.8750,2025-26,Standard Contract (Extension),ok,,https://capwages.com/players/mike-matheson,2026-08-08T18:53:41.068777+00:00
365,David Reinbacher,8484220,8484220,,2023-24,,low,did not play this season,https://capwages.com/players/david-reinbacher,2026-08-08T18:53:41.068777+00:00
365,David Reinbacher,8484220,8484220,,2024-25,,low,did not play this season,https://capwages.com/players/david-reinbacher,2026-08-08T18:53:41.068777+00:00
365,David Reinbacher,8484220,8484220,0.8867,2025-26,Entry-Level Contract,ok,,https://capwages.com/players/david-reinbacher,2026-08-08T18:53:41.068777+00:00
366,Jayden Struble,8481593,8481593,0.8675,2023-24,Entry-Level Contract,ok,,https://capwages.com/players/jayden-struble,2026-08-08T18:53:41.068777+00:00
366,Jayden Struble,8481593,8481593,0.8675,2024-25,Entry-Level Contract,ok,,https://capwages.com/players/jayden-struble,2026-08-08T18:53:41.068777+00:00
366,Jayden Struble,8481593,8481593,1.4125,2025-26,Standard Contract (Extension),ok,,https://capwages.com/players/jayden-struble,2026-08-08T18:53:41.068777+00:00
367,Arber Xhekaj,8482964,8482964,0.8283,2023-24,Entry-Level Contract,ok,,https://capwages.com/players/arber-xhekaj,2026-08-08T18:53:41.068777+00:00
367,Arber Xhekaj,8482964,8482964,1.3000,2024-25,Standard Contract,ok,,https://capwages.com/players/arber-xhekaj,2026-08-08T18:53:41.068777+00:00
367,Arber Xhekaj,8482964,8482964,1.3000,2025-26,Standard Contract,ok,,https://capwages.com/players/arber-xhekaj,2026-08-08T18:53:41.068777+00:00
369,Luke Evangelista,8482146,8482146,0.7975,2023-24,Entry-Level Contract,ok,,https://capwages.com/players/luke-evangelista,2026-08-08T18:53:41.068777+00:00
369,Luke Evangelista,8482146,8482146,0.7975,2024-25,Entry-Level Contract,ok,,https://capwages.com/players/luke-evangelista,2026-08-08T18:53:41.068777+00:00
369,Luke Evangelista,8482146,8482146,3.0000,2025-26,Standard Contract (Extension),ok,,https://capwages.com/players/luke-evangelista,2026-08-08T18:53:41.068777+00:00
370,Filip Forsberg,8476887,8476887,8.5000,2023-24,Standard Contract (Extension),ok,,https://capwages.com/players/filip-forsberg,2026-08-08T18:53:41.068777+00:00
370,Filip Forsberg,8476887,8476887,8.5000,2024-25,Standard Contract (Extension),ok,,https://capwages.com/players/filip-forsberg,2026-08-08T18:53:41.068777+00:00
370,Filip Forsberg,8476887,8476887,8.5000,2025-26,Standard Contract (Extension),ok,,https://capwages.com/players/filip-forsberg,2026-08-08T18:53:41.068777+00:00
371,Erik Haula,8475287,8475287,3.1500,2023-24,Standard Contract (Extension),ok,,https://capwages.com/players/erik-haula,2026-08-08T18:53:41.068777+00:00
371,Erik Haula,8475287,8475287,3.1500,2024-25,Standard Contract (Extension),ok,,https://capwages.com/players/erik-haula,2026-08-08T18:53:41.068777+00:00
371,Erik Haula,8475287,8475287,3.1500,2025-26,Standard Contract (Extension),ok,,https://capwages.com/players/erik-haula,2026-08-08T18:53:41.068777+00:00
372,Tyson Jost,8479370,8479370,2.0000,2023-24,Standard Contract,ok,,https://capwages.com/players/tyson-jost,2026-08-08T18:53:41.068777+00:00
372,Tyson Jost,8479370,8479370,0.7750,2024-25,Standard Contract,ok,,https://capwages.com/players/tyson-jost,2026-08-08T18:53:41.068777+00:00
372,Tyson Jost,8479370,8479370,0.7750,2025-26,Two-Way Contract,ok,,https://capwages.com/players/tyson-jost,2026-08-08T18:53:41.068777+00:00
373,Jonathan Marchessault,8476539,8476539,5.0000,2023-24,Standard Contract (Extension),ok,,https://capwages.com/players/jonathan-marchessault,2026-08-08T18:53:41.068777+00:00
373,Jonathan Marchessault,8476539,8476539,5.5000,2024-25,Standard Contract,ok,,https://capwages.com/players/jonathan-marchessault,2026-08-08T18:53:41.068777+00:00
373,Jonathan Marchessault,8476539,8476539,5.5000,2025-26,Standard Contract,ok,,https://capwages.com/players/jonathan-marchessault,2026-08-08T18:53:41.068777+00:00
374,Ryan O'Reilly,8475158,8475158,4.5000,2023-24,Standard Contract,ok,,https://capwages.com/players/ryan-o-reilly,2026-08-08T18:53:41.068777+00:00
374,Ryan O'Reilly,8475158,8475158,4.5000,2024-25,Standard Contract,ok,,https://capwages.com/players/ryan-o-reilly,2026-08-08T18:53:41.068777+00:00
374,Ryan O'Reilly,8475158,8475158,4.5000,2025-26,Standard Contract,ok,,https://capwages.com/players/ryan-o-reilly,2026-08-08T18:53:41.068777+00:00
375,Steven Stamkos,8474564,8474564,8.5000,2023-24,Standard Contract (Extension),ok,,https://capwages.com/players/steven-stamkos,2026-08-08T18:53:41.068777+00:00
375,Steven Stamkos,8474564,8474564,8.0000,2024-25,Standard Contract,ok,,https://capwages.com/players/steven-stamkos,2026-08-08T18:53:41.068777+00:00
375,Steven Stamkos,8474564,8474564,8.0000,2025-26,Standard Contract,ok,,https://capwages.com/players/steven-stamkos,2026-08-08T18:53:41.068777+00:00
376,Fedor Svechkov,8482768,8482768,,2023-24,,low,did not play this season,https://capwages.com/players/fedor-svechkov,2026-08-08T18:53:41.068777+00:00
376,Fedor Svechkov,8482768,8482768,0.9250,2024-25,Entry-Level Contract,ok,,https://capwages.com/players/fedor-svechkov,2026-08-08T18:53:41.068777+00:00
376,Fedor Svechkov,8482768,8482768,0.9250,2025-26,Entry-Level Contract,ok,,https://capwages.com/players/fedor-svechkov,2026-08-08T18:53:41.068777+00:00
377,Ozzy Wiesblatt,8482103,8482103,,2023-24,,low,did not play this season,https://capwages.com/players/ozzy-wiesblatt,2026-08-08T18:53:41.068777+00:00
377,Ozzy Wiesblatt,8482103,8482103,0.8358,2024-25,Entry-Level Contract,ok,,https://capwages.com/players/ozzy-wiesblatt,2026-08-08T18:53:41.068777+00:00
377,Ozzy Wiesblatt,8482103,8482103,0.8125,2025-26,Two-Way Contract (Extension),ok,,https://capwages.com/players/ozzy-wiesblatt,2026-08-08T18:53:41.068777+00:00
378,Matthew Wood,8484241,8484241,,2023-24,,low,no 2023-24 detail,https://capwages.com/players/matthew-wood,2026-08-08T18:53:41.068777+00:00
378,Matthew Wood,8484241,8484241,0.9500,2024-25,Entry-Level Contract,ok,,https://capwages.com/players/matthew-wood,2026-08-08T18:53:41.068777+00:00
378,Matthew Wood,8484241,8484241,0.9500,2025-26,Entry-Level Contract,ok,,https://capwages.com/players/matthew-wood,2026-08-08T18:53:41.068777+00:00
379,Justin Barron,8482111,8482111,0.9250,2023-24,Entry-Level Contract,ok,,https://capwages.com/players/justin-barron,2026-08-08T18:53:41.068777+00:00
379,Justin Barron,8482111,8482111,1.1500,2024-25,Two-Way Contract ,ok,,https://capwages.com/players/justin-barron,2026-08-08T18:53:41.068777+00:00
379,Justin Barron,8482111,8482111,1.1500,2025-26,Two-Way Contract ,ok,,https://capwages.com/players/justin-barron,2026-08-08T18:53:41.068777+00:00
380,Nicolas Hague,8479980,8479980,2.2942,2023-24,Standard Contract,ok,,https://capwages.com/players/nicolas-hague,2026-08-08T18:53:41.068777+00:00
380,Nicolas Hague,8479980,8479980,2.2942,2024-25,Standard Contract,ok,,https://capwages.com/players/nicolas-hague,2026-08-08T18:53:41.068777+00:00
380,Nicolas Hague,8479980,8479980,5.5000,2025-26,Standard Contract (Extension),ok,,https://capwages.com/players/nicolas-hague,2026-08-08T18:53:41.068777+00:00
381,Roman Josi,8474600,8474600,9.0590,2023-24,Standard Contract (Extension),ok,,https://capwages.com/players/roman-josi,2026-08-08T18:53:41.068777+00:00
381,Roman Josi,8474600,8474600,9.0590,2024-25,Standard Contract (Extension),ok,,https://capwages.com/players/roman-josi,2026-08-08T18:53:41.068777+00:00
381,Roman Josi,8474600,8474600,9.0590,2025-26,Standard Contract (Extension),ok,,https://capwages.com/players/roman-josi,2026-08-08T18:53:41.068777+00:00
382,Nick Perbix,8480246,8480246,1.1250,2023-24,Standard Contract (Extension),ok,,https://capwages.com/players/nick-perbix,2026-08-08T18:53:41.068777+00:00
382,Nick Perbix,8480246,8480246,1.1250,2024-25,Standard Contract (Extension),ok,,https://capwages.com/players/nick-perbix,2026-08-08T18:53:41.068777+00:00
382,Nick Perbix,8480246,8480246,2.7500,2025-26,Standard Contract,ok,,https://capwages.com/players/nick-perbix,2026-08-08T18:53:41.068777+00:00
383,Brady Skjei,8476869,8476869,5.2500,2023-24,Standard Contract,ok,,https://capwages.com/players/brady-skjei,2026-08-08T18:53:41.068777+00:00
383,Brady Skjei,8476869,8476869,7.0000,2024-25,Standard Contract,ok,,https://capwages.com/players/brady-skjei,2026-08-08T18:53:41.068777+00:00
383,Brady Skjei,8476869,8476869,7.0000,2025-26,Standard Contract,ok,,https://capwages.com/players/brady-skjei,2026-08-08T18:53:41.068777+00:00
384,Adam Wilsby,8482482,8482482,,2023-24,,low,did not play this season,https://capwages.com/players/adam-wilsby,2026-08-08T18:53:41.068777+00:00
384,Adam Wilsby,8482482,8482482,0.7750,2024-25,Two-Way Contract,ok,,https://capwages.com/players/adam-wilsby,2026-08-08T18:53:41.068777+00:00
384,Adam Wilsby,8482482,8482482,0.8125,2025-26,Two-Way Contract (Extension),ok,,https://capwages.com/players/adam-wilsby,2026-08-08T18:53:41.068777+00:00
385,Nick Bjugstad,8475760,8475760,2.1000,2023-24,Standard Contract,ok,,https://capwages.com/players/nick-bjugstad,2026-08-08T18:53:41.068777+00:00
385,Nick Bjugstad,8475760,8475760,2.1000,2024-25,Standard Contract,ok,,https://capwages.com/players/nick-bjugstad,2026-08-08T18:53:41.068777+00:00
385,Nick Bjugstad,8475760,8475760,1.7500,2025-26,Standard Contract,ok,,https://capwages.com/players/nick-bjugstad,2026-08-08T18:53:41.068777+00:00
386,Jesper Bratt,8479407,8479407,7.8750,2023-24,Standard Contract (Extension),ok,,https://capwages.com/players/jesper-bratt,2026-08-08T18:53:41.068777+00:00
386,Jesper Bratt,8479407,8479407,7.8750,2024-25,Standard Contract (Extension),ok,,https://capwages.com/players/jesper-bratt,2026-08-08T18:53:41.068777+00:00
386,Jesper Bratt,8479407,8479407,7.8750,2025-26,Standard Contract (Extension),ok,,https://capwages.com/players/jesper-bratt,2026-08-08T18:53:41.068777+00:00
387,Connor Brown,8477015,8477015,0.7750,2023-24,Standard Contract,ok,,https://capwages.com/players/connor-brown,2026-08-08T18:53:41.068777+00:00
387,Connor Brown,8477015,8477015,1.0000,2024-25,Standard Contract,ok,,https://capwages.com/players/connor-brown,2026-08-08T18:53:41.068777+00:00
387,Connor Brown,8477015,8477015,3.0000,2025-26,Standard Contract,ok,,https://capwages.com/players/connor-brown,2026-08-08T18:53:41.068777+00:00
388,Paul Cotter,8481032,8481032,0.7750,2023-24,Standard Contract (Extension),ok,,https://capwages.com/players/paul-cotter,2026-08-08T18:53:41.068777+00:00
388,Paul Cotter,8481032,8481032,0.7750,2024-25,Standard Contract (Extension),ok,,https://capwages.com/players/paul-cotter,2026-08-08T18:53:41.068777+00:00
388,Paul Cotter,8481032,8481032,0.7750,2025-26,Standard Contract (Extension),ok,,https://capwages.com/players/paul-cotter,2026-08-08T18:53:41.068777+00:00
389,Evgenii Dadonov,8474149,8474149,2.2500,2023-24,Standard Contract (Extension),ok,,https://capwages.com/players/evgenii-dadonov,2026-08-08T18:53:41.068777+00:00
389,Evgenii Dadonov,8474149,8474149,2.2500,2024-25,Standard Contract (Extension),ok,,https://capwages.com/players/evgenii-dadonov,2026-08-08T18:53:41.068777+00:00
389,Evgenii Dadonov,8474149,8474149,1.0000,2025-26,35+ Contract ,ok,,https://capwages.com/players/evgenii-dadonov,2026-08-08T18:53:41.068777+00:00
390,Cody Glass,8479996,8479996,2.5000,2023-24,Standard Contract,ok,,https://capwages.com/players/cody-glass,2026-08-08T18:53:41.068777+00:00
390,Cody Glass,8479996,8479996,2.5000,2024-25,Standard Contract,ok,,https://capwages.com/players/cody-glass,2026-08-08T18:53:41.068777+00:00
390,Cody Glass,8479996,8479996,2.5000,2025-26,Standard Contract (Extension),ok,,https://capwages.com/players/cody-glass,2026-08-08T18:53:41.068777+00:00
391,Arseny Gritsyuk,8481721,8481721,,2023-24,,low,no 2023-24 detail,https://capwages.com/players/arseni-gritsyuk,2026-08-08T18:53:41.068777+00:00
391,Arseny Gritsyuk,8481721,8481721,,2024-25,,low,no 2024-25 detail,https://capwages.com/players/arseni-gritsyuk,2026-08-08T18:53:41.068777+00:00
391,Arseny Gritsyuk,8481721,8481721,0.9250,2025-26,Entry-Level Contract,ok,,https://capwages.com/players/arseni-gritsyuk,2026-08-08T18:53:41.068777+00:00
392,Nico Hischier,8480002,8480002,7.2500,2023-24,Standard Contract (Extension),ok,,https://capwages.com/players/nico-hischier,2026-08-08T18:53:41.068777+00:00
392,Nico Hischier,8480002,8480002,7.2500,2024-25,Standard Contract (Extension),ok,,https://capwages.com/players/nico-hischier,2026-08-08T18:53:41.068777+00:00
392,Nico Hischier,8480002,8480002,7.2500,2025-26,Standard Contract (Extension),ok,,https://capwages.com/players/nico-hischier,2026-08-08T18:53:41.068777+00:00
393,Jack Hughes,8481559,8481559,8.0000,2023-24,Standard Contract (Extension),ok,,https://capwages.com/players/jack-hughes,2026-08-08T18:53:41.068777+00:00
393,Jack Hughes,8481559,8481559,8.0000,2024-25,Standard Contract (Extension),ok,,https://capwages.com/players/jack-hughes,2026-08-08T18:53:41.068777+00:00
393,Jack Hughes,8481559,8481559,8.0000,2025-26,Standard Contract (Extension),ok,,https://capwages.com/players/jack-hughes,2026-08-08T18:53:41.068777+00:00
394,Zack MacEwen,8479772,8479772,0.7750,2023-24,Standard Contract,ok,,https://capwages.com/players/zack-macewen,2026-08-08T18:53:41.068777+00:00
394,Zack MacEwen,8479772,8479772,0.7750,2024-25,Standard Contract,ok,,https://capwages.com/players/zack-macewen,2026-08-08T18:53:41.068777+00:00
394,Zack MacEwen,8479772,8479772,0.7750,2025-26,Standard Contract,ok,,https://capwages.com/players/zack-macewen,2026-08-08T18:53:41.068777+00:00
395,Timo Meier,8478414,8478414,8.8000,2023-24,Standard Contract (Extension),ok,,https://capwages.com/players/timo-meier,2026-08-08T18:53:41.068777+00:00
395,Timo Meier,8478414,8478414,8.8000,2024-25,Standard Contract (Extension),ok,,https://capwages.com/players/timo-meier,2026-08-08T18:53:41.068777+00:00
395,Timo Meier,8478414,8478414,8.8000,2025-26,Standard Contract (Extension),ok,,https://capwages.com/players/timo-meier,2026-08-08T18:53:41.068777+00:00
396,Dawson Mercer,8482110,8482110,0.8942,2023-24,Entry-Level Contract,ok,,https://capwages.com/players/dawson-mercer,2026-08-08T18:53:41.068777+00:00
396,Dawson Mercer,8482110,8482110,4.0000,2024-25,Two-Way Contract ,ok,,https://capwages.com/players/dawson-mercer,2026-08-08T18:53:41.068777+00:00
396,Dawson Mercer,8482110,8482110,4.0000,2025-26,Two-Way Contract ,ok,,https://capwages.com/players/dawson-mercer,2026-08-08T18:53:41.068777+00:00
397,Stefan Noesen,8476474,8476474,0.7625,2023-24,Standard Contract (Extension),ok,,https://capwages.com/players/stefan-noesen,2026-08-08T18:53:41.068777+00:00
397,Stefan Noesen,8476474,8476474,2.7500,2024-25,Standard Contract,ok,,https://capwages.com/players/stefan-noesen,2026-08-08T18:53:41.068777+00:00
397,Stefan Noesen,8476474,8476474,2.7500,2025-26,Standard Contract,ok,,https://capwages.com/players/stefan-noesen,2026-08-08T18:53:41.068777+00:00
398,Maxim Tsyplakov,8484958,8484958,,2023-24,,low,no 2023-24 detail,https://capwages.com/players/maxim-tsyplakov,2026-08-08T18:53:41.068777+00:00
398,Maxim Tsyplakov,8484958,8484958,0.9500,2024-25,Entry-Level Contract,ok,,https://capwages.com/players/maxim-tsyplakov,2026-08-08T18:53:41.068777+00:00
398,Maxim Tsyplakov,8484958,8484958,2.2500,2025-26,Standard Contract (Extension),ok,,https://capwages.com/players/maxim-tsyplakov,2026-08-08T18:53:41.068777+00:00
399,Dennis Cholowski,8479395,8479395,,2023-24,,low,did not play this season,https://capwages.com/players/dennis-cholowski,2026-08-08T18:53:41.068777+00:00
399,Dennis Cholowski,8479395,8479395,0.7750,2024-25,Two-Way Contract,ok,,https://capwages.com/players/dennis-cholowski,2026-08-08T18:53:41.068777+00:00
399,Dennis Cholowski,8479395,8479395,0.7750,2025-26,Standard Contract (Extension),ok,,https://capwages.com/players/dennis-cholowski,2026-08-08T18:53:41.068777+00:00
400,Brenden Dillon,8475455,8475455,3.9000,2023-24,Standard Contract (Extension),ok,,https://capwages.com/players/brenden-dillon,2026-08-08T18:53:41.068777+00:00
400,Brenden Dillon,8475455,8475455,4.0000,2024-25,Standard Contract,ok,,https://capwages.com/players/brenden-dillon,2026-08-08T18:53:41.068777+00:00
400,Brenden Dillon,8475455,8475455,4.0000,2025-26,Standard Contract,ok,,https://capwages.com/players/brenden-dillon,2026-08-08T18:53:41.068777+00:00
401,Dougie Hamilton,8476462,8476462,9.0000,2023-24,Standard Contract,ok,,https://capwages.com/players/dougie-hamilton,2026-08-08T18:53:41.068777+00:00
401,Dougie Hamilton,8476462,8476462,9.0000,2024-25,Standard Contract,ok,,https://capwages.com/players/dougie-hamilton,2026-08-08T18:53:41.068777+00:00
401,Dougie Hamilton,8476462,8476462,9.0000,2025-26,Standard Contract,ok,,https://capwages.com/players/dougie-hamilton,2026-08-08T18:53:41.068777+00:00
402,Luke Hughes,8482684,8482684,0.9250,2023-24,Entry-Level Contract,ok,,https://capwages.com/players/luke-hughes,2026-08-08T18:53:41.068777+00:00
402,Luke Hughes,8482684,8482684,0.9250,2024-25,Entry-Level Contract,ok,,https://capwages.com/players/luke-hughes,2026-08-08T18:53:41.068777+00:00
402,Luke Hughes,8482684,8482684,9.0000,2025-26,Standard Contract (Extension),ok,,https://capwages.com/players/luke-hughes,2026-08-08T18:53:41.068777+00:00
403,Johnathan Kovacevic,8480192,8480192,0.7667,2023-24,Standard Contract,ok,,https://capwages.com/players/johnathan-kovacevic,2026-08-08T18:53:41.068777+00:00
403,Johnathan Kovacevic,8480192,8480192,0.7667,2024-25,Standard Contract,ok,,https://capwages.com/players/johnathan-kovacevic,2026-08-08T18:53:41.068777+00:00
403,Johnathan Kovacevic,8480192,8480192,4.0000,2025-26,Standard Contract (Extension),ok,,https://capwages.com/players/johnathan-kovacevic,2026-08-08T18:53:41.068777+00:00
404,Simon Nemec,8483495,8483495,0.9183,2023-24,Entry-Level Contract,ok,,https://capwages.com/players/simon-nemec,2026-08-08T18:53:41.068777+00:00
404,Simon Nemec,8483495,8483495,0.9183,2024-25,Entry-Level Contract,ok,,https://capwages.com/players/simon-nemec,2026-08-08T18:53:41.068777+00:00
404,Simon Nemec,8483495,8483495,0.9183,2025-26,Entry-Level Contract,ok,,https://capwages.com/players/simon-nemec,2026-08-08T18:53:41.068777+00:00
405,Brett Pesce,8477488,8477488,4.0250,2023-24,Standard Contract (Extension),ok,,https://capwages.com/players/brett-pesce,2026-08-08T18:53:41.068777+00:00
405,Brett Pesce,8477488,8477488,5.5000,2024-25,Standard Contract,ok,,https://capwages.com/players/brett-pesce,2026-08-08T18:53:41.068777+00:00
405,Brett Pesce,8477488,8477488,5.5000,2025-26,Standard Contract,ok,,https://capwages.com/players/brett-pesce,2026-08-08T18:53:41.068777+00:00
406,Jonas Siegenthaler,8478399,8478399,3.4000,2023-24,Standard Contract (Extension),ok,,https://capwages.com/players/jonas-siegenthaler,2026-08-08T18:53:41.068777+00:00
406,Jonas Siegenthaler,8478399,8478399,3.4000,2024-25,Standard Contract (Extension),ok,,https://capwages.com/players/jonas-siegenthaler,2026-08-08T18:53:41.068777+00:00
406,Jonas Siegenthaler,8478399,8478399,3.4000,2025-26,Standard Contract (Extension),ok,,https://capwages.com/players/jonas-siegenthaler,2026-08-08T18:53:41.068777+00:00
407,Mathew Barzal,8478445,8478445,9.1500,2023-24,Standard Contract (Extension),ok,,https://capwages.com/players/mathew-barzal,2026-08-08T18:53:41.068777+00:00
407,Mathew Barzal,8478445,8478445,9.1500,2024-25,Standard Contract (Extension),ok,,https://capwages.com/players/mathew-barzal,2026-08-08T18:53:41.068777+00:00
407,Mathew Barzal,8478445,8478445,9.1500,2025-26,Standard Contract (Extension),ok,,https://capwages.com/players/mathew-barzal,2026-08-08T18:53:41.068777+00:00
408,Casey Cizikas,8475231,8475231,2.5000,2023-24,Standard Contract,ok,,https://capwages.com/players/casey-cizikas,2026-08-08T18:53:41.068777+00:00
408,Casey Cizikas,8475231,8475231,2.5000,2024-25,Standard Contract,ok,,https://capwages.com/players/casey-cizikas,2026-08-08T18:53:41.068777+00:00
408,Casey Cizikas,8475231,8475231,2.5000,2025-26,Standard Contract,ok,,https://capwages.com/players/casey-cizikas,2026-08-08T18:53:41.068777+00:00
409,Anthony Duclair,8477407,8477407,3.0000,2023-24,Standard Contract (Extension),ok,,https://capwages.com/players/anthony-duclair,2026-08-08T18:53:41.068777+00:00
409,Anthony Duclair,8477407,8477407,3.5000,2024-25,Standard Contract,ok,,https://capwages.com/players/anthony-duclair,2026-08-08T18:53:41.068777+00:00
409,Anthony Duclair,8477407,8477407,3.5000,2025-26,Standard Contract,ok,,https://capwages.com/players/anthony-duclair,2026-08-08T18:53:41.068777+00:00
410,Marc Gatcomb,8483553,8483553,,2023-24,,low,no 2023-24 detail,https://capwages.com/players/marc-gatcomb,2026-08-08T18:53:41.068777+00:00
410,Marc Gatcomb,8483553,8483553,0.7750,2024-25,Two-Way Contract ,ok,,https://capwages.com/players/marc-gatcomb,2026-08-08T18:53:41.068777+00:00
410,Marc Gatcomb,8483553,8483553,0.9000,2025-26,Standard Contract (Extension),ok,,https://capwages.com/players/marc-gatcomb,2026-08-08T18:53:41.068777+00:00
411,Emil Heineman,8482476,8482476,0.8975,2023-24,Entry-Level Contract,ok,,https://capwages.com/players/emil-heineman,2026-08-08T18:53:41.068777+00:00
411,Emil Heineman,8482476,8482476,0.8975,2024-25,Entry-Level Contract,ok,,https://capwages.com/players/emil-heineman,2026-08-08T18:53:41.068777+00:00
411,Emil Heineman,8482476,8482476,1.1000,2025-26,Standard Contract (Extension),ok,,https://capwages.com/players/emil-heineman,2026-08-08T18:53:41.068777+00:00
412,Simon Holmstrom,8481601,8481601,0.8633,2023-24,Entry-Level Contract,ok,,https://capwages.com/players/simon-holmstrom,2026-08-08T18:53:41.068777+00:00
412,Simon Holmstrom,8481601,8481601,0.8500,2024-25,Standard Contract,ok,,https://capwages.com/players/simon-holmstrom,2026-08-08T18:53:41.068777+00:00
412,Simon Holmstrom,8481601,8481601,3.6250,2025-26,Standard Contract (Extension),ok,,https://capwages.com/players/simon-holmstrom,2026-08-08T18:53:41.068777+00:00
413,Bo Horvat,8477500,8477500,8.5000,2023-24,Standard Contract (Extension),ok,,https://capwages.com/players/bo-horvat,2026-08-08T18:53:41.068777+00:00
413,Bo Horvat,8477500,8477500,8.5000,2024-25,Standard Contract (Extension),ok,,https://capwages.com/players/bo-horvat,2026-08-08T18:53:41.068777+00:00
413,Bo Horvat,8477500,8477500,8.5000,2025-26,Standard Contract (Extension),ok,,https://capwages.com/players/bo-horvat,2026-08-08T18:53:41.068777+00:00
414,Anders Lee,8475314,8475314,7.0000,2023-24,Standard Contract,ok,,https://capwages.com/players/anders-lee,2026-08-08T18:53:41.068777+00:00
414,Anders Lee,8475314,8475314,7.0000,2024-25,Standard Contract,ok,,https://capwages.com/players/anders-lee,2026-08-08T18:53:41.068777+00:00
414,Anders Lee,8475314,8475314,7.0000,2025-26,Standard Contract,ok,,https://capwages.com/players/anders-lee,2026-08-08T18:53:41.068777+00:00
415,Kyle MacLean,8481237,8481237,0.8000,2023-24,Entry-Level Contract,ok,,https://capwages.com/players/kyle-maclean,2026-08-08T18:53:41.068777+00:00
415,Kyle MacLean,8481237,8481237,0.8000,2024-25,Standard Contract (Extension),ok,,https://capwages.com/players/kyle-maclean,2026-08-08T18:53:41.068777+00:00
415,Kyle MacLean,8481237,8481237,0.8000,2025-26,Standard Contract (Extension),ok,,https://capwages.com/players/kyle-maclean,2026-08-08T18:53:41.068777+00:00
416,Jean-Gabriel Pageau,8476419,8476419,5.0000,2023-24,Standard Contract (Extension),ok,,https://capwages.com/players/jean-gabriel-pageau,2026-08-08T18:53:41.068777+00:00
416,Jean-Gabriel Pageau,8476419,8476419,5.0000,2024-25,Standard Contract (Extension),ok,,https://capwages.com/players/jean-gabriel-pageau,2026-08-08T18:53:41.068777+00:00
416,Jean-Gabriel Pageau,8476419,8476419,5.0000,2025-26,Standard Contract (Extension),ok,,https://capwages.com/players/jean-gabriel-pageau,2026-08-08T18:53:41.068777+00:00
417,Ondrej Palat,8476292,8476292,6.0000,2023-24,Standard Contract,ok,,https://capwages.com/players/ondrej-palat,2026-08-08T18:53:41.068777+00:00
417,Ondrej Palat,8476292,8476292,6.0000,2024-25,Standard Contract,ok,,https://capwages.com/players/ondrej-palat,2026-08-08T18:53:41.068777+00:00
417,Ondrej Palat,8476292,8476292,6.0000,2025-26,Standard Contract,ok,,https://capwages.com/players/ondrej-palat,2026-08-08T18:53:41.068777+00:00
418,Kyle Palmieri,8475151,8475151,5.0000,2023-24,Standard Contract,ok,,https://capwages.com/players/kyle-palmieri,2026-08-08T18:53:41.068777+00:00
418,Kyle Palmieri,8475151,8475151,5.0000,2024-25,Standard Contract,ok,,https://capwages.com/players/kyle-palmieri,2026-08-08T18:53:41.068777+00:00
418,Kyle Palmieri,8475151,8475151,4.7500,2025-26,Standard Contract (Extension),ok,,https://capwages.com/players/kyle-palmieri,2026-08-08T18:53:41.068777+00:00
419,Brayden Schenn,8475170,8475170,6.5000,2023-24,Standard Contract (Extension),ok,,https://capwages.com/players/brayden-schenn,2026-08-08T18:53:41.068777+00:00
419,Brayden Schenn,8475170,8475170,6.5000,2024-25,Standard Contract (Extension),ok,,https://capwages.com/players/brayden-schenn,2026-08-08T18:53:41.068777+00:00
419,Brayden Schenn,8475170,8475170,6.5000,2025-26,Standard Contract (Extension),ok,,https://capwages.com/players/brayden-schenn,2026-08-08T18:53:41.068777+00:00
420,Max Shabanov,8485702,8485702,,2023-24,,low,no 2023-24 detail,https://capwages.com/players/maxim-shabanov,2026-08-08T18:53:41.068777+00:00
420,Max Shabanov,8485702,8485702,,2024-25,,low,no 2024-25 detail,https://capwages.com/players/maxim-shabanov,2026-08-08T18:53:41.068777+00:00
420,Max Shabanov,8485702,8485702,0.9750,2025-26,Entry-Level Contract,ok,,https://capwages.com/players/maxim-shabanov,2026-08-08T18:53:41.068777+00:00
421,Adam Boqvist,8480871,8480871,2.6000,2023-24,Standard Contract (Extension),ok,,https://capwages.com/players/adam-boqvist,2026-08-08T18:53:41.068777+00:00
421,Adam Boqvist,8480871,8480871,0.8500,2024-25,Standard Contract,ok,,https://capwages.com/players/adam-boqvist,2026-08-08T18:53:41.068777+00:00
421,Adam Boqvist,8480871,8480871,0.8500,2025-26,Standard Contract (Extension),ok,,https://capwages.com/players/adam-boqvist,2026-08-08T18:53:41.068777+00:00
422,Tony DeAngelo,8477950,8477950,1.6750,2023-24,Standard Contract,ok,,https://capwages.com/players/tony-deangelo,2026-08-08T18:53:41.068777+00:00
422,Tony DeAngelo,8477950,8477950,0.7750,2024-25,Standard Contract,ok,,https://capwages.com/players/tony-deangelo,2026-08-08T18:53:41.068777+00:00
422,Tony DeAngelo,8477950,8477950,1.7500,2025-26,Standard Contract (Extension),ok,,https://capwages.com/players/tony-deangelo,2026-08-08T18:53:41.068777+00:00
423,Scott Mayfield,8476429,8476429,3.5000,2023-24,Standard Contract,ok,,https://capwages.com/players/scott-mayfield,2026-08-08T18:53:41.068777+00:00
423,Scott Mayfield,8476429,8476429,3.5000,2024-25,Standard Contract,ok,,https://capwages.com/players/scott-mayfield,2026-08-08T18:53:41.068777+00:00
423,Scott Mayfield,8476429,8476429,3.5000,2025-26,Standard Contract,ok,,https://capwages.com/players/scott-mayfield,2026-08-08T18:53:41.068777+00:00
424,Adam Pelech,8476917,8476917,5.7500,2023-24,Standard Contract,ok,,https://capwages.com/players/adam-pelech,2026-08-08T18:53:41.068777+00:00
424,Adam Pelech,8476917,8476917,5.7500,2024-25,Standard Contract,ok,,https://capwages.com/players/adam-pelech,2026-08-08T18:53:41.068777+00:00
424,Adam Pelech,8476917,8476917,5.7500,2025-26,Standard Contract,ok,,https://capwages.com/players/adam-pelech,2026-08-08T18:53:41.068777+00:00
425,Ryan Pulock,8477506,8477506,6.1500,2023-24,Standard Contract,ok,,https://capwages.com/players/ryan-pulock,2026-08-08T18:53:41.068777+00:00
425,Ryan Pulock,8477506,8477506,6.1500,2024-25,Standard Contract,ok,,https://capwages.com/players/ryan-pulock,2026-08-08T18:53:41.068777+00:00
425,Ryan Pulock,8477506,8477506,6.1500,2025-26,Standard Contract,ok,,https://capwages.com/players/ryan-pulock,2026-08-08T18:53:41.068777+00:00
426,Alexander Romanov,8481014,8481014,2.5000,2023-24,Standard Contract,ok,,https://capwages.com/players/alexander-romanov,2026-08-08T18:53:41.068777+00:00
426,Alexander Romanov,8481014,8481014,2.5000,2024-25,Standard Contract,ok,,https://capwages.com/players/alexander-romanov,2026-08-08T18:53:41.068777+00:00
426,Alexander Romanov,8481014,8481014,6.2500,2025-26,Standard Contract (Extension),ok,,https://capwages.com/players/alexander-romanov,2026-08-08T18:53:41.068777+00:00
427,Matthew Schaefer,8485366,8485366,,2023-24,,low,no 2023-24 detail,https://capwages.com/players/matthew-schaefer,2026-08-08T18:53:41.068777+00:00
427,Matthew Schaefer,8485366,8485366,,2024-25,,low,no 2024-25 detail,https://capwages.com/players/matthew-schaefer,2026-08-08T18:53:41.068777+00:00
427,Matthew Schaefer,8485366,8485366,0.9750,2025-26,Entry-Level Contract,ok,,https://capwages.com/players/matthew-schaefer,2026-08-08T18:53:41.068777+00:00
428,Carson Soucy,8477369,8477369,3.2500,2023-24,Standard Contract,ok,,https://capwages.com/players/carson-soucy,2026-08-08T18:53:41.068777+00:00
428,Carson Soucy,8477369,8477369,3.2500,2024-25,Standard Contract,ok,,https://capwages.com/players/carson-soucy,2026-08-08T18:53:41.068777+00:00
428,Carson Soucy,8477369,8477369,3.2500,2025-26,Standard Contract,ok,,https://capwages.com/players/carson-soucy,2026-08-08T18:53:41.068777+00:00
429,Jonny Brodzinski,8477380,8477380,0.7625,2023-24,Standard Contract (Extension),ok,,https://capwages.com/players/jonny-brodzinski,2026-08-08T18:53:41.068777+00:00
429,Jonny Brodzinski,8477380,8477380,0.7875,2024-25,Two-Way Contract (Extension),ok,,https://capwages.com/players/jonny-brodzinski,2026-08-08T18:53:41.068777+00:00
429,Jonny Brodzinski,8477380,8477380,0.7875,2025-26,Two-Way Contract (Extension),ok,,https://capwages.com/players/jonny-brodzinski,2026-08-08T18:53:41.068777+00:00
430,Jaroslav Chmelar,8482877,8482877,,2023-24,,low,no 2023-24 detail,https://capwages.com/players/jaroslav-chmelar,2026-08-08T18:53:41.068777+00:00
430,Jaroslav Chmelar,8482877,8482877,,2024-25,,low,did not play this season,https://capwages.com/players/jaroslav-chmelar,2026-08-08T18:53:41.068777+00:00
430,Jaroslav Chmelar,8482877,8482877,0.8925,2025-26,Entry-Level Contract,ok,,https://capwages.com/players/jaroslav-chmelar,2026-08-08T18:53:41.068777+00:00
431,Will Cuylle,8482157,8482157,0.8283,2023-24,Entry-Level Contract,ok,,https://capwages.com/players/will-cuylle,2026-08-08T18:53:41.068777+00:00
431,Will Cuylle,8482157,8482157,0.8283,2024-25,Entry-Level Contract,ok,,https://capwages.com/players/will-cuylle,2026-08-08T18:53:41.068777+00:00
431,Will Cuylle,8482157,8482157,3.9000,2025-26,Standard Contract (Extension),ok,,https://capwages.com/players/will-cuylle,2026-08-08T18:53:41.068777+00:00
432,Adam Edstrom,8481726,8481726,0.8467,2023-24,Entry-Level Contract,ok,,https://capwages.com/players/adam-edstrom,2026-08-08T18:53:41.068777+00:00
432,Adam Edstrom,8481726,8481726,0.8467,2024-25,Entry-Level Contract,ok,,https://capwages.com/players/adam-edstrom,2026-08-08T18:53:41.068777+00:00
432,Adam Edstrom,8481726,8481726,0.9750,2025-26,Standard Contract (Extension),ok,,https://capwages.com/players/adam-edstrom,2026-08-08T18:53:41.068777+00:00
433,Tye Kartye,8481789,8481789,0.8592,2023-24,Entry-Level Contract,ok,,https://capwages.com/players/tye-kartye,2026-08-08T18:53:41.068777+00:00
433,Tye Kartye,8481789,8481789,0.8592,2024-25,Entry-Level Contract,ok,,https://capwages.com/players/tye-kartye,2026-08-08T18:53:41.068777+00:00
433,Tye Kartye,8481789,8481789,1.2500,2025-26,Standard Contract (Extension),ok,,https://capwages.com/players/tye-kartye,2026-08-08T18:53:41.068777+00:00
434,Noah Laba,8483690,8483690,,2023-24,,low,no 2023-24 detail,https://capwages.com/players/noah-laba,2026-08-08T18:53:41.068777+00:00
434,Noah Laba,8483690,8483690,,2024-25,,low,no 2024-25 detail,https://capwages.com/players/noah-laba,2026-08-08T18:53:41.068777+00:00
434,Noah Laba,8483690,8483690,0.9075,2025-26,Entry-Level Contract,ok,,https://capwages.com/players/noah-laba,2026-08-08T18:53:41.068777+00:00
435,Alexis Lafrenière,8482109,8482109,2.3250,2023-24,Standard Contract (Extension),ok,,https://capwages.com/players/alexis-lafreniere,2026-08-08T18:53:41.068777+00:00
435,Alexis Lafrenière,8482109,8482109,2.3250,2024-25,Standard Contract (Extension),ok,,https://capwages.com/players/alexis-lafreniere,2026-08-08T18:53:41.068777+00:00
435,Alexis Lafrenière,8482109,8482109,7.4500,2025-26,Standard Contract (Extension),ok,,https://capwages.com/players/alexis-lafreniere,2026-08-08T18:53:41.068777+00:00
436,J.T. Miller,8476468,8476468,8.0000,2023-24,Standard Contract (Extension),ok,,https://capwages.com/players/j-t-miller,2026-08-08T18:53:41.068777+00:00
436,J.T. Miller,8476468,8476468,8.0000,2024-25,Standard Contract (Extension),ok,,https://capwages.com/players/j-t-miller,2026-08-08T18:53:41.068777+00:00
436,J.T. Miller,8476468,8476468,8.0000,2025-26,Standard Contract (Extension),ok,,https://capwages.com/players/j-t-miller,2026-08-08T18:53:41.068777+00:00
437,Gabe Perreault,8484210,8484210,,2023-24,,low,no 2023-24 detail,https://capwages.com/players/gabe-perreault,2026-08-08T18:53:41.068777+00:00
437,Gabe Perreault,8484210,8484210,0.9417,2024-25,Entry-Level Contract,ok,,https://capwages.com/players/gabe-perreault,2026-08-08T18:53:41.068777+00:00
437,Gabe Perreault,8484210,8484210,0.9417,2025-26,Entry-Level Contract,ok,,https://capwages.com/players/gabe-perreault,2026-08-08T18:53:41.068777+00:00
438,Taylor Raddysh,8479390,8479390,0.7583,2023-24,Standard Contract,ok,,https://capwages.com/players/taylor-raddysh,2026-08-08T18:53:41.068777+00:00
438,Taylor Raddysh,8479390,8479390,1.0000,2024-25,Standard Contract,ok,,https://capwages.com/players/taylor-raddysh,2026-08-08T18:53:41.068777+00:00
438,Taylor Raddysh,8479390,8479390,1.5000,2025-26,Standard Contract,ok,,https://capwages.com/players/taylor-raddysh,2026-08-08T18:53:41.068777+00:00
439,Matt Rempe,8482460,8482460,0.8200,2023-24,Entry-Level Contract,ok,,https://capwages.com/players/matt-rempe,2026-08-08T18:53:41.068777+00:00
439,Matt Rempe,8482460,8482460,0.8200,2024-25,Entry-Level Contract,ok,,https://capwages.com/players/matt-rempe,2026-08-08T18:53:41.068777+00:00
439,Matt Rempe,8482460,8482460,0.9750,2025-26,Standard Contract (Extension),ok,,https://capwages.com/players/matt-rempe,2026-08-08T18:53:41.068777+00:00
440,Conor Sheary,8477839,8477839,2.0000,2023-24,Standard Contract,ok,,https://capwages.com/players/conor-sheary,2026-08-08T18:53:41.068777+00:00
440,Conor Sheary,8477839,8477839,2.0000,2024-25,Standard Contract,ok,,https://capwages.com/players/conor-sheary,2026-08-08T18:53:41.068777+00:00
440,Conor Sheary,8477839,8477839,0.7750,2025-26,Standard Contract (Extension),ok,,https://capwages.com/players/conor-sheary,2026-08-08T18:53:41.068777+00:00
441,Adam Sykora,8483669,8483669,,2023-24,,low,did not play this season,https://capwages.com/players/adam-sykora,2026-08-08T18:53:41.068777+00:00
441,Adam Sykora,8483669,8483669,,2024-25,,low,did not play this season,https://capwages.com/players/adam-sykora,2026-08-08T18:53:41.068777+00:00
441,Adam Sykora,8483669,8483669,0.8067,2025-26,Entry-Level Contract,ok,,https://capwages.com/players/adam-sykora,2026-08-08T18:53:41.068777+00:00
442,Vincent Trocheck,8476389,8476389,5.6250,2023-24,Standard Contract,ok,,https://capwages.com/players/vincent-trocheck,2026-08-08T18:53:41.068777+00:00
442,Vincent Trocheck,8476389,8476389,5.6250,2024-25,Standard Contract,ok,,https://capwages.com/players/vincent-trocheck,2026-08-08T18:53:41.068777+00:00
442,Vincent Trocheck,8476389,8476389,5.6250,2025-26,Standard Contract,ok,,https://capwages.com/players/vincent-trocheck,2026-08-08T18:53:41.068777+00:00
443,Mika Zibanejad,8476459,8476459,8.5000,2023-24,Standard Contract (Extension),ok,,https://capwages.com/players/mika-zibanejad,2026-08-08T18:53:41.068777+00:00
443,Mika Zibanejad,8476459,8476459,8.5000,2024-25,Standard Contract (Extension),ok,,https://capwages.com/players/mika-zibanejad,2026-08-08T18:53:41.068777+00:00
443,Mika Zibanejad,8476459,8476459,8.5000,2025-26,Standard Contract (Extension),ok,,https://capwages.com/players/mika-zibanejad,2026-08-08T18:53:41.068777+00:00
444,Will Borgen,8478840,8478840,2.7000,2023-24,Standard Contract,ok,,https://capwages.com/players/will-borgen,2026-08-08T18:53:41.068777+00:00
444,Will Borgen,8478840,8478840,2.7000,2024-25,Standard Contract,ok,,https://capwages.com/players/will-borgen,2026-08-08T18:53:41.068777+00:00
444,Will Borgen,8478840,8478840,4.1000,2025-26,Standard Contract (Extension),ok,,https://capwages.com/players/will-borgen,2026-08-08T18:53:41.068777+00:00
445,Drew Fortescue,8484169,8484169,,2023-24,,low,no 2023-24 detail,https://capwages.com/players/drew-fortescue,2026-08-08T18:53:41.068777+00:00
445,Drew Fortescue,8484169,8484169,,2024-25,,low,no 2024-25 detail,https://capwages.com/players/drew-fortescue,2026-08-08T18:53:41.068777+00:00
445,Drew Fortescue,8484169,8484169,0.9233,2025-26,Entry-Level Contract,ok,,https://capwages.com/players/drew-fortescue,2026-08-08T18:53:41.068777+00:00
446,Adam Fox,8479323,8479323,9.5000,2023-24,Standard Contract (Extension),ok,,https://capwages.com/players/adam-fox,2026-08-08T18:53:41.068777+00:00
446,Adam Fox,8479323,8479323,9.5000,2024-25,Standard Contract (Extension),ok,,https://capwages.com/players/adam-fox,2026-08-08T18:53:41.068777+00:00
446,Adam Fox,8479323,8479323,9.5000,2025-26,Standard Contract (Extension),ok,,https://capwages.com/players/adam-fox,2026-08-08T18:53:41.068777+00:00
447,Vladislav Gavrikov,8478882,8478882,5.8750,2023-24,Standard Contract (Extension),ok,,https://capwages.com/players/vladislav-gavrikov,2026-08-08T18:53:41.068777+00:00
447,Vladislav Gavrikov,8478882,8478882,5.8750,2024-25,Standard Contract (Extension),ok,,https://capwages.com/players/vladislav-gavrikov,2026-08-08T18:53:41.068777+00:00
447,Vladislav Gavrikov,8478882,8478882,7.0000,2025-26,Standard Contract,ok,,https://capwages.com/players/vladislav-gavrikov,2026-08-08T18:53:41.068777+00:00
448,Vincent Iorio,8482861,8482861,0.8142,2023-24,Entry-Level Contract,ok,,https://capwages.com/players/vincent-iorio,2026-08-08T18:53:41.068777+00:00
448,Vincent Iorio,8482861,8482861,,2024-25,,low,did not play this season,https://capwages.com/players/vincent-iorio,2026-08-08T18:53:41.068777+00:00
448,Vincent Iorio,8482861,8482861,0.8142,2025-26,Entry-Level Contract,ok,,https://capwages.com/players/vincent-iorio,2026-08-08T18:53:41.068777+00:00
449,Matthew Robertson,8481525,8481525,,2023-24,,low,did not play this season,https://capwages.com/players/matthew-robertson,2026-08-08T18:53:41.068777+00:00
449,Matthew Robertson,8481525,8481525,0.7750,2024-25,Standard Contract,ok,,https://capwages.com/players/matthew-robertson,2026-08-08T18:53:41.068777+00:00
449,Matthew Robertson,8481525,8481525,0.8125,2025-26,Two-Way Contract (Extension),ok,,https://capwages.com/players/matthew-robertson,2026-08-08T18:53:41.068777+00:00
450,Braden Schneider,8482073,8482073,0.9250,2023-24,Entry-Level Contract,ok,,https://capwages.com/players/braden-schneider,2026-08-08T18:53:41.068777+00:00
450,Braden Schneider,8482073,8482073,2.2000,2024-25,Two-Way Contract ,ok,,https://capwages.com/players/braden-schneider,2026-08-08T18:53:41.068777+00:00
450,Braden Schneider,8482073,8482073,2.2000,2025-26,Two-Way Contract ,ok,,https://capwages.com/players/braden-schneider,2026-08-08T18:53:41.068777+00:00
451,Urho Vaakanainen,8480001,8480001,0.8500,2023-24,Standard Contract,ok,,https://capwages.com/players/urho-vaakanainen,2026-08-08T18:53:41.068777+00:00
451,Urho Vaakanainen,8480001,8480001,1.1000,2024-25,Standard Contract,ok,,https://capwages.com/players/urho-vaakanainen,2026-08-08T18:53:41.068777+00:00
451,Urho Vaakanainen,8480001,8480001,1.5500,2025-26,Standard Contract (Extension),ok,,https://capwages.com/players/urho-vaakanainen,2026-08-08T18:53:41.068777+00:00
452,Michael Amadio,8478020,8478020,0.7625,2023-24,Standard Contract (Extension),ok,,https://capwages.com/players/michael-amadio,2026-08-08T18:53:41.068777+00:00
452,Michael Amadio,8478020,8478020,2.6000,2024-25,Two-Way Contract ,ok,,https://capwages.com/players/michael-amadio,2026-08-08T18:53:41.068777+00:00
452,Michael Amadio,8478020,8478020,2.6000,2025-26,Two-Way Contract ,ok,,https://capwages.com/players/michael-amadio,2026-08-08T18:53:41.068777+00:00
453,Drake Batherson,8480208,8480208,4.9750,2023-24,Standard Contract,ok,,https://capwages.com/players/drake-batherson,2026-08-08T18:53:41.068777+00:00
453,Drake Batherson,8480208,8480208,4.9750,2024-25,Standard Contract,ok,,https://capwages.com/players/drake-batherson,2026-08-08T18:53:41.068777+00:00
453,Drake Batherson,8480208,8480208,4.9750,2025-26,Standard Contract,ok,,https://capwages.com/players/drake-batherson,2026-08-08T18:53:41.068777+00:00
454,Graeme Clarke,8481578,8481578,0.8508,2023-24,Entry-Level Contract,ok,,https://capwages.com/players/graeme-clarke,2026-08-08T18:53:41.068777+00:00
454,Graeme Clarke,8481578,8481578,,2024-25,,low,did not play this season,https://capwages.com/players/graeme-clarke,2026-08-08T18:53:41.068777+00:00
454,Graeme Clarke,8481578,8481578,,2025-26,,low,did not play this season,https://capwages.com/players/graeme-clarke,2026-08-08T18:53:41.068777+00:00
455,Nick Cousins,8476393,8476393,1.1000,2023-24,Standard Contract,ok,,https://capwages.com/players/nick-cousins,2026-08-08T18:53:41.068777+00:00
455,Nick Cousins,8476393,8476393,0.8000,2024-25,Standard Contract,ok,,https://capwages.com/players/nick-cousins,2026-08-08T18:53:41.068777+00:00
455,Nick Cousins,8476393,8476393,0.8250,2025-26,Standard Contract (Extension),ok,,https://capwages.com/players/nick-cousins,2026-08-08T18:53:41.068777+00:00
456,Dylan Cozens,8481528,8481528,7.1000,2023-24,Standard Contract (Extension),ok,,https://capwages.com/players/dylan-cozens,2026-08-08T18:53:41.068777+00:00
456,Dylan Cozens,8481528,8481528,7.1000,2024-25,Standard Contract (Extension),ok,,https://capwages.com/players/dylan-cozens,2026-08-08T18:53:41.068777+00:00
456,Dylan Cozens,8481528,8481528,7.1000,2025-26,Standard Contract (Extension),ok,,https://capwages.com/players/dylan-cozens,2026-08-08T18:53:41.068777+00:00
457,Lars Eller,8474189,8474189,2.4500,2023-24,Standard Contract,ok,,https://capwages.com/players/lars-eller,2026-08-08T18:53:41.068777+00:00
457,Lars Eller,8474189,8474189,2.4500,2024-25,Standard Contract,ok,,https://capwages.com/players/lars-eller,2026-08-08T18:53:41.068777+00:00
457,Lars Eller,8474189,8474189,1.2500,2025-26,35+ Contract ,ok,,https://capwages.com/players/lars-eller,2026-08-08T18:53:41.068777+00:00
458,Warren Foegele,8477998,8477998,2.7500,2023-24,Standard Contract,ok,,https://capwages.com/players/warren-foegele,2026-08-08T18:53:41.068777+00:00
458,Warren Foegele,8477998,8477998,3.5000,2024-25,Standard Contract,ok,,https://capwages.com/players/warren-foegele,2026-08-08T18:53:41.068777+00:00
458,Warren Foegele,8477998,8477998,3.5000,2025-26,Standard Contract,ok,,https://capwages.com/players/warren-foegele,2026-08-08T18:53:41.068777+00:00
459,Claude Giroux,8473512,8473512,6.5000,2023-24,Standard Contract,ok,,https://capwages.com/players/claude-giroux,2026-08-08T18:53:41.068777+00:00
459,Claude Giroux,8473512,8473512,6.5000,2024-25,Standard Contract,ok,,https://capwages.com/players/claude-giroux,2026-08-08T18:53:41.068777+00:00
459,Claude Giroux,8473512,8473512,2.0000,2025-26,35+ Contract (Extension),ok,,https://capwages.com/players/claude-giroux,2026-08-08T18:53:41.068777+00:00
460,Ridly Greig,8482092,8482092,0.8633,2023-24,Entry-Level Contract,ok,,https://capwages.com/players/ridly-greig,2026-08-08T18:53:41.068777+00:00
460,Ridly Greig,8482092,8482092,0.8633,2024-25,Entry-Level Contract,ok,,https://capwages.com/players/ridly-greig,2026-08-08T18:53:41.068777+00:00
460,Ridly Greig,8482092,8482092,3.2500,2025-26,Two-Way Contract (Extension),ok,,https://capwages.com/players/ridly-greig,2026-08-08T18:53:41.068777+00:00
461,Stephen Halliday,8483676,8483676,,2023-24,,low,no 2023-24 detail,https://capwages.com/players/stephen-halliday,2026-08-08T18:53:41.068777+00:00
461,Stephen Halliday,8483676,8483676,,2024-25,,low,did not play this season,https://capwages.com/players/stephen-halliday,2026-08-08T18:53:41.068777+00:00
461,Stephen Halliday,8483676,8483676,0.9500,2025-26,Entry-Level Contract,ok,,https://capwages.com/players/stephen-halliday,2026-08-08T18:53:41.068777+00:00
462,Hayden Hodgson,8478173,8478173,,2023-24,,low,did not play this season,https://capwages.com/players/hayden-hodgson,2026-08-08T18:53:41.068777+00:00
462,Hayden Hodgson,8478173,8478173,0.7750,2024-25,Two-Way Contract,ok,,https://capwages.com/players/hayden-hodgson,2026-08-08T18:53:41.068777+00:00
462,Hayden Hodgson,8478173,8478173,0.8125,2025-26,Two-Way Contract,ok,,https://capwages.com/players/hayden-hodgson,2026-08-08T18:53:41.068777+00:00
463,Arthur Kaliyev,8481560,8481560,0.8942,2023-24,Entry-Level Contract,ok,,https://capwages.com/players/arthur-kaliyev,2026-08-08T18:53:41.068777+00:00
463,Arthur Kaliyev,8481560,8481560,0.8250,2024-25,Standard Contract,ok,,https://capwages.com/players/arthur-kaliyev,2026-08-08T18:53:41.068777+00:00
463,Arthur Kaliyev,8481560,8481560,0.7750,2025-26,Two-Way Contract ,ok,,https://capwages.com/players/arthur-kaliyev,2026-08-08T18:53:41.068777+00:00
464,Kurtis MacDermid,8477073,8477073,0.9875,2023-24,Standard Contract (Extension),ok,,https://capwages.com/players/kurtis-macdermid,2026-08-08T18:53:41.068777+00:00
464,Kurtis MacDermid,8477073,8477073,1.1500,2024-25,Standard Contract (Extension),ok,,https://capwages.com/players/kurtis-macdermid,2026-08-08T18:53:41.068777+00:00
464,Kurtis MacDermid,8477073,8477073,1.1500,2025-26,Standard Contract (Extension),ok,,https://capwages.com/players/kurtis-macdermid,2026-08-08T18:53:41.068777+00:00
465,Shane Pinto,8481596,8481596,0.7750,2023-24,Standard Contract,ok,,https://capwages.com/players/shane-pinto,2026-08-08T18:53:41.068777+00:00
465,Shane Pinto,8481596,8481596,3.7500,2024-25,Standard Contract,ok,,https://capwages.com/players/shane-pinto,2026-08-08T18:53:41.068777+00:00
465,Shane Pinto,8481596,8481596,3.7500,2025-26,Standard Contract,ok,,https://capwages.com/players/shane-pinto,2026-08-08T18:53:41.068777+00:00
466,Tim Stützle,8482116,8482116,8.3500,2023-24,Standard Contract (Extension),ok,,https://capwages.com/players/tim-stutzle,2026-08-08T18:53:41.068777+00:00
466,Tim Stützle,8482116,8482116,8.3500,2024-25,Standard Contract (Extension),ok,,https://capwages.com/players/tim-stutzle,2026-08-08T18:53:41.068777+00:00
466,Tim Stützle,8482116,8482116,8.3500,2025-26,Standard Contract (Extension),ok,,https://capwages.com/players/tim-stutzle,2026-08-08T18:53:41.068777+00:00
467,Brady Tkachuk,8480801,8480801,8.2057,2023-24,Standard Contract,ok,,https://capwages.com/players/brady-tkachuk,2026-08-08T18:53:41.068777+00:00
467,Brady Tkachuk,8480801,8480801,8.2057,2024-25,Standard Contract,ok,,https://capwages.com/players/brady-tkachuk,2026-08-08T18:53:41.068777+00:00
467,Brady Tkachuk,8480801,8480801,8.2057,2025-26,Standard Contract,ok,,https://capwages.com/players/brady-tkachuk,2026-08-08T18:53:41.068777+00:00
468,Fabian Zetterlund,8480188,8480188,1.4500,2023-24,Standard Contract,ok,,https://capwages.com/players/fabian-zetterlund,2026-08-08T18:53:41.068777+00:00
468,Fabian Zetterlund,8480188,8480188,1.4500,2024-25,Standard Contract,ok,,https://capwages.com/players/fabian-zetterlund,2026-08-08T18:53:41.068777+00:00
468,Fabian Zetterlund,8480188,8480188,4.2750,2025-26,Standard Contract (Extension),ok,,https://capwages.com/players/fabian-zetterlund,2026-08-08T18:53:41.068777+00:00
469,Thomas Chabot,8478469,8478469,8.0000,2023-24,Standard Contract (Extension),ok,,https://capwages.com/players/thomas-chabot,2026-08-08T18:53:41.068777+00:00
469,Thomas Chabot,8478469,8478469,8.0000,2024-25,Standard Contract (Extension),ok,,https://capwages.com/players/thomas-chabot,2026-08-08T18:53:41.068777+00:00
469,Thomas Chabot,8478469,8478469,8.0000,2025-26,Standard Contract (Extension),ok,,https://capwages.com/players/thomas-chabot,2026-08-08T18:53:41.068777+00:00
470,Cameron Crotty,8480075,8480075,0.7750,2023-24,Standard Contract (Extension),ok,,https://capwages.com/players/cameron-crotty,2026-08-08T18:53:41.068777+00:00
470,Cameron Crotty,8480075,8480075,0.7750,2024-25,Two-Way Contract ,ok,,https://capwages.com/players/cameron-crotty,2026-08-08T18:53:41.068777+00:00
470,Cameron Crotty,8480075,8480075,0.8125,2025-26,Standard Contract,ok,,https://capwages.com/players/cameron-crotty,2026-08-08T18:53:41.068777+00:00
471,Dennis Gilbert,8478502,8478502,0.7625,2023-24,Standard Contract,ok,,https://capwages.com/players/dennis-gilbert,2026-08-08T18:53:41.068777+00:00
471,Dennis Gilbert,8478502,8478502,0.8250,2024-25,Standard Contract,ok,,https://capwages.com/players/dennis-gilbert,2026-08-08T18:53:41.068777+00:00
471,Dennis Gilbert,8478502,8478502,0.8750,2025-26,Standard Contract,ok,,https://capwages.com/players/dennis-gilbert,2026-08-08T18:53:41.068777+00:00
472,Nick Jensen,8475324,8475324,4.0500,2023-24,Standard Contract (Extension),ok,,https://capwages.com/players/nick-jensen,2026-08-08T18:53:41.068777+00:00
472,Nick Jensen,8475324,8475324,4.0500,2024-25,Standard Contract (Extension),ok,,https://capwages.com/players/nick-jensen,2026-08-08T18:53:41.068777+00:00
472,Nick Jensen,8475324,8475324,4.0500,2025-26,Standard Contract (Extension),ok,,https://capwages.com/players/nick-jensen,2026-08-08T18:53:41.068777+00:00
473,Tyler Kleven,8482095,8482095,0.9167,2023-24,Entry-Level Contract,ok,,https://capwages.com/players/tyler-kleven,2026-08-08T18:53:41.068777+00:00
473,Tyler Kleven,8482095,8482095,0.9167,2024-25,Entry-Level Contract,ok,,https://capwages.com/players/tyler-kleven,2026-08-08T18:53:41.068777+00:00
473,Tyler Kleven,8482095,8482095,1.6000,2025-26,Standard Contract (Extension),ok,,https://capwages.com/players/tyler-kleven,2026-08-08T18:53:41.068777+00:00
474,Nikolas Matinpalo,8484321,8484321,0.8850,2023-24,Entry-Level Contract,ok,,https://capwages.com/players/nikolas-matinpalo,2026-08-08T18:53:41.068777+00:00
474,Nikolas Matinpalo,8484321,8484321,0.7750,2024-25,Standard Contract (Extension),ok,,https://capwages.com/players/nikolas-matinpalo,2026-08-08T18:53:41.068777+00:00
474,Nikolas Matinpalo,8484321,8484321,0.8750,2025-26,Standard Contract (Extension),ok,,https://capwages.com/players/nikolas-matinpalo,2026-08-08T18:53:41.068777+00:00
475,Jake Sanderson,8482105,8482105,0.9250,2023-24,Entry-Level Contract,ok,,https://capwages.com/players/jake-sanderson,2026-08-08T18:53:41.068777+00:00
475,Jake Sanderson,8482105,8482105,8.0500,2024-25,Standard Contract (Extension),ok,,https://capwages.com/players/jake-sanderson,2026-08-08T18:53:41.068777+00:00
475,Jake Sanderson,8482105,8482105,8.0500,2025-26,Standard Contract (Extension),ok,,https://capwages.com/players/jake-sanderson,2026-08-08T18:53:41.068777+00:00
476,Jordan Spence,8481606,8481606,0.8200,2023-24,Entry-Level Contract,ok,,https://capwages.com/players/jordan-spence,2026-08-08T18:53:41.068777+00:00
476,Jordan Spence,8481606,8481606,1.5000,2024-25,Standard Contract,ok,,https://capwages.com/players/jordan-spence,2026-08-08T18:53:41.068777+00:00
476,Jordan Spence,8481606,8481606,1.5000,2025-26,Standard Contract,ok,,https://capwages.com/players/jordan-spence,2026-08-08T18:53:41.068777+00:00
477,Lassi Thomson,8481575,8481575,,2023-24,,low,did not play this season,https://capwages.com/players/lassi-thomson,2026-08-08T18:53:41.068777+00:00
477,Lassi Thomson,8481575,8481575,,2024-25,,low,no 2024-25 detail,https://capwages.com/players/lassi-thomson,2026-08-08T18:53:41.068777+00:00
477,Lassi Thomson,8481575,8481575,0.7750,2025-26,Two-Way Contract ,ok,,https://capwages.com/players/lassi-thomson,2026-08-08T18:53:41.068777+00:00
478,Carter Yakemchuk,8484759,8484759,,2023-24,,low,no 2023-24 detail,https://capwages.com/players/carter-yakemchuk,2026-08-08T18:53:41.068777+00:00
478,Carter Yakemchuk,8484759,8484759,,2024-25,,low,did not play this season,https://capwages.com/players/carter-yakemchuk,2026-08-08T18:53:41.068777+00:00
478,Carter Yakemchuk,8484759,8484759,0.9425,2025-26,Entry-Level Contract,ok,,https://capwages.com/players/carter-yakemchuk,2026-08-08T18:53:41.068777+00:00
479,Artem Zub,8482245,8482245,4.6000,2023-24,Standard Contract (Extension),ok,,https://capwages.com/players/artem-zub,2026-08-08T18:53:41.068777+00:00
479,Artem Zub,8482245,8482245,4.6000,2024-25,Standard Contract (Extension),ok,,https://capwages.com/players/artem-zub,2026-08-08T18:53:41.068777+00:00
479,Artem Zub,8482245,8482245,4.6000,2025-26,Standard Contract (Extension),ok,,https://capwages.com/players/artem-zub,2026-08-08T18:53:41.068777+00:00
480,Rodrigo Abols,8479022,8479022,,2023-24,,low,no 2023-24 detail,https://capwages.com/players/rodrigo-abols,2026-08-08T18:53:41.068777+00:00
480,Rodrigo Abols,8479022,8479022,0.7750,2024-25,Standard Contract,ok,,https://capwages.com/players/rodrigo-abols,2026-08-08T18:53:41.068777+00:00
480,Rodrigo Abols,8479022,8479022,0.8000,2025-26,Standard Contract (Extension),ok,,https://capwages.com/players/rodrigo-abols,2026-08-08T18:53:41.068777+00:00
481,Denver Barkey,8484142,8484142,,2023-24,,low,no 2023-24 detail,https://capwages.com/players/denver-barkey,2026-08-08T18:53:41.068777+00:00
481,Denver Barkey,8484142,8484142,,2024-25,,low,did not play this season,https://capwages.com/players/denver-barkey,2026-08-08T18:53:41.068777+00:00
481,Denver Barkey,8484142,8484142,0.8817,2025-26,Entry-Level Contract,ok,,https://capwages.com/players/denver-barkey,2026-08-08T18:53:41.068777+00:00
482,Alex Bump,8483731,8483731,,2023-24,,low,no 2023-24 detail,https://capwages.com/players/alex-bump,2026-08-08T18:53:41.068777+00:00
482,Alex Bump,8483731,8483731,,2024-25,,low,no 2024-25 detail,https://capwages.com/players/alex-bump,2026-08-08T18:53:41.068777+00:00
482,Alex Bump,8483731,8483731,0.9500,2025-26,Entry-Level Contract,ok,,https://capwages.com/players/alex-bump,2026-08-08T18:53:41.068777+00:00
483,Noah Cates,8480220,8480220,2.6250,2023-24,Standard Contract,ok,,https://capwages.com/players/noah-cates,2026-08-08T18:53:41.068777+00:00
483,Noah Cates,8480220,8480220,2.6250,2024-25,Standard Contract,ok,,https://capwages.com/players/noah-cates,2026-08-08T18:53:41.068777+00:00
483,Noah Cates,8480220,8480220,4.0000,2025-26,Standard Contract (Extension),ok,,https://capwages.com/players/noah-cates,2026-08-08T18:53:41.068777+00:00
484,Sean Couturier,8476461,8476461,7.7500,2023-24,Standard Contract (Extension),ok,,https://capwages.com/players/sean-couturier,2026-08-08T18:53:41.068777+00:00
484,Sean Couturier,8476461,8476461,7.7500,2024-25,Standard Contract (Extension),ok,,https://capwages.com/players/sean-couturier,2026-08-08T18:53:41.068777+00:00
484,Sean Couturier,8476461,8476461,7.7500,2025-26,Standard Contract (Extension),ok,,https://capwages.com/players/sean-couturier,2026-08-08T18:53:41.068777+00:00
485,Christian Dvorak,8477989,8477989,4.4500,2023-24,Standard Contract (Extension),ok,,https://capwages.com/players/christian-dvorak,2026-08-08T18:53:41.068777+00:00
485,Christian Dvorak,8477989,8477989,4.4500,2024-25,Standard Contract (Extension),ok,,https://capwages.com/players/christian-dvorak,2026-08-08T18:53:41.068777+00:00
485,Christian Dvorak,8477989,8477989,5.4000,2025-26,Standard Contract,ok,,https://capwages.com/players/christian-dvorak,2026-08-08T18:53:41.068777+00:00
486,Tyson Foerster,8482159,8482159,0.8633,2023-24,Entry-Level Contract,ok,,https://capwages.com/players/tyson-foerster,2026-08-08T18:53:41.068777+00:00
486,Tyson Foerster,8482159,8482159,0.8633,2024-25,Entry-Level Contract,ok,,https://capwages.com/players/tyson-foerster,2026-08-08T18:53:41.068777+00:00
486,Tyson Foerster,8482159,8482159,3.7500,2025-26,Standard Contract (Extension),ok,,https://capwages.com/players/tyson-foerster,2026-08-08T18:53:41.068777+00:00
487,Jacob Gaucher,8481848,8481848,,2023-24,,low,no 2023-24 detail,https://capwages.com/players/jacob-gaucher,2026-08-08T18:53:41.068777+00:00
487,Jacob Gaucher,8481848,8481848,0.8725,2024-25,Entry-Level Contract,ok,,https://capwages.com/players/jacob-gaucher,2026-08-08T18:53:41.068777+00:00
487,Jacob Gaucher,8481848,8481848,0.8725,2025-26,Entry-Level Contract,ok,,https://capwages.com/players/jacob-gaucher,2026-08-08T18:53:41.068777+00:00
488,Luke Glendening,8476822,8476822,0.8000,2023-24,Standard Contract,ok,,https://capwages.com/players/luke-glendening,2026-08-08T18:53:41.068777+00:00
488,Luke Glendening,8476822,8476822,0.8000,2024-25,Standard Contract,ok,,https://capwages.com/players/luke-glendening,2026-08-08T18:53:41.068777+00:00
488,Luke Glendening,8476822,8476822,0.7750,2025-26,Standard Contract (Extension),ok,,https://capwages.com/players/luke-glendening,2026-08-08T18:53:41.068777+00:00
489,Nikita Grebenkin,8483733,8483733,,2023-24,,low,did not play this season,https://capwages.com/players/nikita-grebenkin,2026-08-08T18:53:41.068777+00:00
489,Nikita Grebenkin,8483733,8483733,0.8750,2024-25,Entry-Level Contract,ok,,https://capwages.com/players/nikita-grebenkin,2026-08-08T18:53:41.068777+00:00
489,Nikita Grebenkin,8483733,8483733,0.8750,2025-26,Entry-Level Contract,ok,,https://capwages.com/players/nikita-grebenkin,2026-08-08T18:53:41.068777+00:00
490,Carl Grundstrom,8479336,8479336,1.3000,2023-24,Standard Contract (Extension),ok,,https://capwages.com/players/carl-grundstrom,2026-08-08T18:53:41.068777+00:00
490,Carl Grundstrom,8479336,8479336,1.8000,2024-25,Standard Contract,ok,,https://capwages.com/players/carl-grundstrom,2026-08-08T18:53:41.068777+00:00
490,Carl Grundstrom,8479336,8479336,1.8000,2025-26,Standard Contract,ok,,https://capwages.com/players/carl-grundstrom,2026-08-08T18:53:41.068777+00:00
491,Garnet Hathaway,8477903,8477903,2.3750,2023-24,Standard Contract,ok,,https://capwages.com/players/garnet-hathaway,2026-08-08T18:53:41.068777+00:00
491,Garnet Hathaway,8477903,8477903,2.3750,2024-25,Standard Contract,ok,,https://capwages.com/players/garnet-hathaway,2026-08-08T18:53:41.068777+00:00
491,Garnet Hathaway,8477903,8477903,2.4000,2025-26,Standard Contract (Extension),ok,,https://capwages.com/players/garnet-hathaway,2026-08-08T18:53:41.068777+00:00
492,Travis Konecny,8478439,8478439,5.5000,2023-24,Standard Contract,ok,,https://capwages.com/players/travis-konecny,2026-08-08T18:53:41.068777+00:00
492,Travis Konecny,8478439,8478439,5.5000,2024-25,Standard Contract,ok,,https://capwages.com/players/travis-konecny,2026-08-08T18:53:41.068777+00:00
492,Travis Konecny,8478439,8478439,8.7500,2025-26,Standard Contract,ok,,https://capwages.com/players/travis-konecny,2026-08-08T18:53:41.068777+00:00
493,Jett Luchanko,8484779,8484779,,2023-24,,low,no 2023-24 detail,https://capwages.com/players/jett-luchanko,2026-08-08T18:53:41.068777+00:00
493,Jett Luchanko,8484779,8484779,0.9750,2024-25,Entry-Level Contract,ok,,https://capwages.com/players/jett-luchanko,2026-08-08T18:53:41.068777+00:00
493,Jett Luchanko,8484779,8484779,0.9425,2025-26,Entry-Level Contract,ok,,https://capwages.com/players/jett-luchanko,2026-08-08T18:53:41.068777+00:00
494,Porter Martone,8485406,8485406,,2023-24,,low,no 2023-24 detail,https://capwages.com/players/porter-martone,2026-08-08T18:53:41.068777+00:00
494,Porter Martone,8485406,8485406,,2024-25,,low,no 2024-25 detail,https://capwages.com/players/porter-martone,2026-08-08T18:53:41.068777+00:00
494,Porter Martone,8485406,8485406,0.9667,2025-26,Entry-Level Contract,ok,,https://capwages.com/players/porter-martone,2026-08-08T18:53:41.068777+00:00
495,Matvei Michkov,8484387,8484387,,2023-24,,low,no 2023-24 detail,https://capwages.com/players/matvei-michkov,2026-08-08T18:53:41.068777+00:00
495,Matvei Michkov,8484387,8484387,0.9500,2024-25,Entry-Level Contract,ok,,https://capwages.com/players/matvei-michkov,2026-08-08T18:53:41.068777+00:00
495,Matvei Michkov,8484387,8484387,0.9500,2025-26,Entry-Level Contract,ok,,https://capwages.com/players/matvei-michkov,2026-08-08T18:53:41.068777+00:00
496,Owen Tippett,8480015,8480015,1.5000,2023-24,Standard Contract,ok,,https://capwages.com/players/owen-tippett,2026-08-08T18:53:41.068777+00:00
496,Owen Tippett,8480015,8480015,6.2000,2024-25,Two-Way Contract (Extension),ok,,https://capwages.com/players/owen-tippett,2026-08-08T18:53:41.068777+00:00
496,Owen Tippett,8480015,8480015,6.2000,2025-26,Two-Way Contract (Extension),ok,,https://capwages.com/players/owen-tippett,2026-08-08T18:53:41.068777+00:00
497,Garrett Wilson,8475253,8475253,,2023-24,,low,no 2023-24 detail,https://capwages.com/players/garrett-wilson,2026-08-08T18:53:41.068777+00:00
497,Garrett Wilson,8475253,8475253,,2024-25,,low,no 2024-25 detail,https://capwages.com/players/garrett-wilson,2026-08-08T18:53:41.068777+00:00
497,Garrett Wilson,8475253,8475253,0.7750,2025-26,Two-Way Contract,ok,,https://capwages.com/players/garrett-wilson,2026-08-08T18:53:41.068777+00:00
498,Trevor Zegras,8481533,8481533,5.7500,2023-24,Standard Contract,ok,,https://capwages.com/players/trevor-zegras,2026-08-08T18:53:41.068777+00:00
498,Trevor Zegras,8481533,8481533,5.7500,2024-25,Standard Contract,ok,,https://capwages.com/players/trevor-zegras,2026-08-08T18:53:41.068777+00:00
498,Trevor Zegras,8481533,8481533,5.7500,2025-26,Standard Contract,ok,,https://capwages.com/players/trevor-zegras,2026-08-08T18:53:41.068777+00:00
499,Emil Andrae,8482126,8482126,0.9033,2023-24,Entry-Level Contract,ok,,https://capwages.com/players/emil-andrae,2026-08-08T18:53:41.068777+00:00
499,Emil Andrae,8482126,8482126,0.9033,2024-25,Entry-Level Contract,ok,,https://capwages.com/players/emil-andrae,2026-08-08T18:53:41.068777+00:00
499,Emil Andrae,8482126,8482126,0.9033,2025-26,Entry-Level Contract,ok,,https://capwages.com/players/emil-andrae,2026-08-08T18:53:41.068777+00:00
501,Oliver Bonk,8484148,8484148,,2023-24,,low,did not play this season,https://capwages.com/players/oliver-bonk,2026-08-08T18:53:41.068777+00:00
501,Oliver Bonk,8484148,8484148,,2024-25,,low,did not play this season,https://capwages.com/players/oliver-bonk,2026-08-08T18:53:41.068777+00:00
501,Oliver Bonk,8484148,8484148,0.8867,2025-26,Entry-Level Contract,ok,,https://capwages.com/players/oliver-bonk,2026-08-08T18:53:41.068777+00:00
502,Jamie Drysdale,8482142,8482142,2.3000,2023-24,Standard Contract,ok,,https://capwages.com/players/jamie-drysdale,2026-08-08T18:53:41.068777+00:00
502,Jamie Drysdale,8482142,8482142,2.3000,2024-25,Standard Contract,ok,,https://capwages.com/players/jamie-drysdale,2026-08-08T18:53:41.068777+00:00
502,Jamie Drysdale,8482142,8482142,2.3000,2025-26,Standard Contract,ok,,https://capwages.com/players/jamie-drysdale,2026-08-08T18:53:41.068777+00:00
503,Helge Grans,8482169,8482169,,2023-24,,low,did not play this season,https://capwages.com/players/helge-grans,2026-08-08T18:53:41.068777+00:00
503,Helge Grans,8482169,8482169,0.8475,2024-25,Entry-Level Contract,ok,,https://capwages.com/players/helge-grans,2026-08-08T18:53:41.068777+00:00
503,Helge Grans,8482169,8482169,,2025-26,,low,did not play this season,https://capwages.com/players/helge-grans,2026-08-08T18:53:41.068777+00:00
504,David Jiricek,8483460,8483460,0.9183,2023-24,Entry-Level Contract,ok,,https://capwages.com/players/david-jiricek,2026-08-08T18:53:41.068777+00:00
504,David Jiricek,8483460,8483460,0.9183,2024-25,Entry-Level Contract,ok,,https://capwages.com/players/david-jiricek,2026-08-08T18:53:41.068777+00:00
504,David Jiricek,8483460,8483460,0.9183,2025-26,Entry-Level Contract,ok,,https://capwages.com/players/david-jiricek,2026-08-08T18:53:41.068777+00:00
505,Noah Juulsen,8478454,8478454,0.7750,2023-24,Standard Contract (Extension),ok,,https://capwages.com/players/noah-juulsen,2026-08-08T18:53:41.068777+00:00
505,Noah Juulsen,8478454,8478454,0.7750,2024-25,Standard Contract (Extension),ok,,https://capwages.com/players/noah-juulsen,2026-08-08T18:53:41.068777+00:00
505,Noah Juulsen,8478454,8478454,0.9000,2025-26,Standard Contract,ok,,https://capwages.com/players/noah-juulsen,2026-08-08T18:53:41.068777+00:00
506,Hunter McDonald,8483760,8483760,,2023-24,,low,no 2023-24 detail,https://capwages.com/players/hunter-mcdonald,2026-08-08T18:53:41.068777+00:00
506,Hunter McDonald,8483760,8483760,,2024-25,,low,did not play this season,https://capwages.com/players/hunter-mcdonald,2026-08-08T18:53:41.068777+00:00
506,Hunter McDonald,8483760,8483760,0.9500,2025-26,Entry-Level Contract,ok,,https://capwages.com/players/hunter-mcdonald,2026-08-08T18:53:41.068777+00:00
507,Rasmus Ristolainen,8477499,8477499,5.1000,2023-24,Standard Contract (Extension),ok,,https://capwages.com/players/rasmus-ristolainen,2026-08-08T18:53:41.068777+00:00
507,Rasmus Ristolainen,8477499,8477499,5.1000,2024-25,Standard Contract (Extension),ok,,https://capwages.com/players/rasmus-ristolainen,2026-08-08T18:53:41.068777+00:00
507,Rasmus Ristolainen,8477499,8477499,5.1000,2025-26,Standard Contract (Extension),ok,,https://capwages.com/players/rasmus-ristolainen,2026-08-08T18:53:41.068777+00:00
508,Travis Sanheim,8477948,8477948,6.2500,2023-24,Standard Contract (Extension),ok,,https://capwages.com/players/travis-sanheim,2026-08-08T18:53:41.068777+00:00
508,Travis Sanheim,8477948,8477948,6.2500,2024-25,Standard Contract (Extension),ok,,https://capwages.com/players/travis-sanheim,2026-08-08T18:53:41.068777+00:00
508,Travis Sanheim,8477948,8477948,6.2500,2025-26,Standard Contract (Extension),ok,,https://capwages.com/players/travis-sanheim,2026-08-08T18:53:41.068777+00:00
509,Nick Seeler,8476372,8476372,0.7750,2023-24,Standard Contract (Extension),ok,,https://capwages.com/players/nick-seeler,2026-08-08T18:53:41.068777+00:00
509,Nick Seeler,8476372,8476372,2.7000,2024-25,Standard Contract (Extension),ok,,https://capwages.com/players/nick-seeler,2026-08-08T18:53:41.068777+00:00
509,Nick Seeler,8476372,8476372,2.7000,2025-26,Standard Contract (Extension),ok,,https://capwages.com/players/nick-seeler,2026-08-08T18:53:41.068777+00:00
510,Cam York,8481546,8481546,1.6000,2023-24,Standard Contract,ok,,https://capwages.com/players/cam-york,2026-08-08T18:53:41.068777+00:00
510,Cam York,8481546,8481546,1.6000,2024-25,Standard Contract,ok,,https://capwages.com/players/cam-york,2026-08-08T18:53:41.068777+00:00
510,Cam York,8481546,8481546,5.1500,2025-26,Standard Contract (Extension),ok,,https://capwages.com/players/cam-york,2026-08-08T18:53:41.068777+00:00
511,Noel Acciari,8478569,8478569,2.0000,2023-24,Standard Contract,ok,,https://capwages.com/players/noel-acciari,2026-08-08T18:53:41.068777+00:00
511,Noel Acciari,8478569,8478569,2.0000,2024-25,Standard Contract,ok,,https://capwages.com/players/noel-acciari,2026-08-08T18:53:41.068777+00:00
511,Noel Acciari,8478569,8478569,2.0000,2025-26,Standard Contract,ok,,https://capwages.com/players/noel-acciari,2026-08-08T18:53:41.068777+00:00
512,Justin Brazeau,8479638,8479638,0.7750,2023-24,Standard Contract,ok,,https://capwages.com/players/justin-brazeau,2026-08-08T18:53:41.068777+00:00
512,Justin Brazeau,8479638,8479638,0.7750,2024-25,Standard Contract,ok,,https://capwages.com/players/justin-brazeau,2026-08-08T18:53:41.068777+00:00
512,Justin Brazeau,8479638,8479638,1.5000,2025-26,Standard Contract,ok,,https://capwages.com/players/justin-brazeau,2026-08-08T18:53:41.068777+00:00
513,Egor Chinakhov,8482475,8482475,0.8000,2023-24,Standard Contract (Extension),ok,,https://capwages.com/players/yegor-chinakhov,2026-08-08T18:53:41.068777+00:00
513,Egor Chinakhov,8482475,8482475,2.1000,2024-25,Standard Contract (Extension),ok,,https://capwages.com/players/yegor-chinakhov,2026-08-08T18:53:41.068777+00:00
513,Egor Chinakhov,8482475,8482475,2.1000,2025-26,Standard Contract (Extension),ok,,https://capwages.com/players/yegor-chinakhov,2026-08-08T18:53:41.068777+00:00
514,Sidney Crosby,8471675,8471675,8.7000,2023-24,Standard Contract (Extension),ok,,https://capwages.com/players/sidney-crosby,2026-08-08T18:53:41.068777+00:00
514,Sidney Crosby,8471675,8471675,8.7000,2024-25,Standard Contract (Extension),ok,,https://capwages.com/players/sidney-crosby,2026-08-08T18:53:41.068777+00:00
514,Sidney Crosby,8471675,8471675,8.7000,2025-26,35+ Contract (Extension),ok,,https://capwages.com/players/sidney-crosby,2026-08-08T18:53:41.068777+00:00
515,Connor Dewar,8480980,8480980,0.8000,2023-24,Standard Contract (Extension),ok,,https://capwages.com/players/connor-dewar,2026-08-08T18:53:41.068777+00:00
515,Connor Dewar,8480980,8480980,1.1800,2024-25,Standard Contract,ok,,https://capwages.com/players/connor-dewar,2026-08-08T18:53:41.068777+00:00
515,Connor Dewar,8480980,8480980,1.1000,2025-26,Standard Contract (Extension),ok,,https://capwages.com/players/connor-dewar,2026-08-08T18:53:41.068777+00:00
516,Filip Hallander,8480842,8480842,,2023-24,,low,no 2023-24 detail,https://capwages.com/players/filip-hallander,2026-08-08T18:53:41.068777+00:00
516,Filip Hallander,8480842,8480842,,2024-25,,low,no 2024-25 detail,https://capwages.com/players/filip-hallander,2026-08-08T18:53:41.068777+00:00
516,Filip Hallander,8480842,8480842,0.8125,2025-26,Standard Contract (Extension),ok,,https://capwages.com/players/filip-hallander,2026-08-08T18:53:41.068777+00:00
517,Kevin Hayes,8475763,8475763,7.1429,2023-24,Standard Contract (Extension),ok,,https://capwages.com/players/kevin-hayes,2026-08-08T18:53:41.068777+00:00
517,Kevin Hayes,8475763,8475763,7.1429,2024-25,Standard Contract (Extension),ok,,https://capwages.com/players/kevin-hayes,2026-08-08T18:53:41.068777+00:00
517,Kevin Hayes,8475763,8475763,7.1429,2025-26,Standard Contract (Extension),ok,,https://capwages.com/players/kevin-hayes,2026-08-08T18:53:41.068777+00:00
518,Ben Kindel,8485414,8485414,,2023-24,,low,no 2023-24 detail,https://capwages.com/players/benjamin-kindel,2026-08-08T18:53:41.068777+00:00
518,Ben Kindel,8485414,8485414,,2024-25,,low,no 2024-25 detail,https://capwages.com/players/benjamin-kindel,2026-08-08T18:53:41.068777+00:00
518,Ben Kindel,8485414,8485414,0.9750,2025-26,Entry-Level Contract,ok,,https://capwages.com/players/benjamin-kindel,2026-08-08T18:53:41.068777+00:00
519,Ville Koivunen,8482758,8482758,,2023-24,,low,did not play this season,https://capwages.com/players/ville-koivunen,2026-08-08T18:53:41.068777+00:00
519,Ville Koivunen,8482758,8482758,0.8058,2024-25,Entry-Level Contract,ok,,https://capwages.com/players/ville-koivunen,2026-08-08T18:53:41.068777+00:00
519,Ville Koivunen,8482758,8482758,0.8058,2025-26,Entry-Level Contract,ok,,https://capwages.com/players/ville-koivunen,2026-08-08T18:53:41.068777+00:00
520,Blake Lizotte,8481481,8481481,1.6750,2023-24,Standard Contract (Extension),ok,,https://capwages.com/players/blake-lizotte,2026-08-08T18:53:41.068777+00:00
520,Blake Lizotte,8481481,8481481,1.8500,2024-25,Standard Contract,ok,,https://capwages.com/players/blake-lizotte,2026-08-08T18:53:41.068777+00:00
520,Blake Lizotte,8481481,8481481,1.8500,2025-26,Standard Contract,ok,,https://capwages.com/players/blake-lizotte,2026-08-08T18:53:41.068777+00:00
521,Evgeni Malkin,8471215,8471215,6.1000,2023-24,35+ Contract (Extension),ok,,https://capwages.com/players/evgeni-malkin,2026-08-08T18:53:41.068777+00:00
521,Evgeni Malkin,8471215,8471215,6.1000,2024-25,35+ Contract (Extension),ok,,https://capwages.com/players/evgeni-malkin,2026-08-08T18:53:41.068777+00:00
521,Evgeni Malkin,8471215,8471215,6.1000,2025-26,35+ Contract (Extension),ok,,https://capwages.com/players/evgeni-malkin,2026-08-08T18:53:41.068777+00:00
522,Anthony Mantha,8477511,8477511,5.7000,2023-24,Standard Contract,ok,,https://capwages.com/players/anthony-mantha,2026-08-08T18:53:41.068777+00:00
522,Anthony Mantha,8477511,8477511,3.5000,2024-25,Standard Contract,ok,,https://capwages.com/players/anthony-mantha,2026-08-08T18:53:41.068777+00:00
522,Anthony Mantha,8477511,8477511,2.5000,2025-26,Standard Contract,ok,,https://capwages.com/players/anthony-mantha,2026-08-08T18:53:41.068777+00:00
523,Tommy Novak,8478438,8478438,0.8000,2023-24,Standard Contract (Extension),ok,,https://capwages.com/players/tommy-novak,2026-08-08T18:53:41.068777+00:00
523,Tommy Novak,8478438,8478438,3.5000,2024-25,Standard Contract (Extension),ok,,https://capwages.com/players/tommy-novak,2026-08-08T18:53:41.068777+00:00
523,Tommy Novak,8478438,8478438,3.5000,2025-26,Standard Contract (Extension),ok,,https://capwages.com/players/tommy-novak,2026-08-08T18:53:41.068777+00:00
524,Rickard Rakell,8476483,8476483,5.0000,2023-24,Standard Contract (Extension),ok,,https://capwages.com/players/rickard-rakell,2026-08-08T18:53:41.068777+00:00
524,Rickard Rakell,8476483,8476483,5.0000,2024-25,Standard Contract (Extension),ok,,https://capwages.com/players/rickard-rakell,2026-08-08T18:53:41.068777+00:00
524,Rickard Rakell,8476483,8476483,5.0000,2025-26,Standard Contract (Extension),ok,,https://capwages.com/players/rickard-rakell,2026-08-08T18:53:41.068777+00:00
525,Bryan Rust,8475810,8475810,5.1250,2023-24,Standard Contract (Extension),ok,,https://capwages.com/players/bryan-rust,2026-08-08T18:53:41.068777+00:00
525,Bryan Rust,8475810,8475810,5.1250,2024-25,Standard Contract (Extension),ok,,https://capwages.com/players/bryan-rust,2026-08-08T18:53:41.068777+00:00
525,Bryan Rust,8475810,8475810,5.1250,2025-26,Standard Contract (Extension),ok,,https://capwages.com/players/bryan-rust,2026-08-08T18:53:41.068777+00:00
526,Elmer Soderblom,8481725,8481725,,2023-24,,low,did not play this season,https://capwages.com/players/elmer-soderblom,2026-08-08T18:53:41.068777+00:00
526,Elmer Soderblom,8481725,8481725,0.8783,2024-25,Entry-Level Contract,ok,,https://capwages.com/players/elmer-soderblom,2026-08-08T18:53:41.068777+00:00
526,Elmer Soderblom,8481725,8481725,1.1250,2025-26,Standard Contract (Extension),ok,,https://capwages.com/players/elmer-soderblom,2026-08-08T18:53:41.068777+00:00
527,Connor Clifton,8477365,8477365,3.3333,2023-24,Standard Contract,ok,,https://capwages.com/players/connor-clifton,2026-08-08T18:53:41.068777+00:00
527,Connor Clifton,8477365,8477365,3.3333,2024-25,Standard Contract,ok,,https://capwages.com/players/connor-clifton,2026-08-08T18:53:41.068777+00:00
527,Connor Clifton,8477365,8477365,3.3333,2025-26,Standard Contract,ok,,https://capwages.com/players/connor-clifton,2026-08-08T18:53:41.068777+00:00
528,Samuel Girard,8479398,8479398,5.0000,2023-24,Standard Contract (Extension),ok,,https://capwages.com/players/samuel-girard,2026-08-08T18:53:41.068777+00:00
528,Samuel Girard,8479398,8479398,5.0000,2024-25,Standard Contract (Extension),ok,,https://capwages.com/players/samuel-girard,2026-08-08T18:53:41.068777+00:00
528,Samuel Girard,8479398,8479398,5.0000,2025-26,Standard Contract (Extension),ok,,https://capwages.com/players/samuel-girard,2026-08-08T18:53:41.068777+00:00
529,Ryan Graves,8477435,8477435,4.5000,2023-24,Standard Contract,ok,,https://capwages.com/players/ryan-graves,2026-08-08T18:53:41.068777+00:00
529,Ryan Graves,8477435,8477435,4.5000,2024-25,Standard Contract,ok,,https://capwages.com/players/ryan-graves,2026-08-08T18:53:41.068777+00:00
529,Ryan Graves,8477435,8477435,4.5000,2025-26,Standard Contract,ok,,https://capwages.com/players/ryan-graves,2026-08-08T18:53:41.068777+00:00
530,Erik Karlsson,8474578,8474578,11.5000,2023-24,Standard Contract (Extension),ok,,https://capwages.com/players/erik-karlsson,2026-08-08T18:53:41.068777+00:00
530,Erik Karlsson,8474578,8474578,11.5000,2024-25,Standard Contract (Extension),ok,,https://capwages.com/players/erik-karlsson,2026-08-08T18:53:41.068777+00:00
530,Erik Karlsson,8474578,8474578,11.5000,2025-26,Standard Contract (Extension),ok,,https://capwages.com/players/erik-karlsson,2026-08-08T18:53:41.068777+00:00
531,Kris Letang,8471724,8471724,6.1000,2023-24,35+ Contract (Extension),ok,,https://capwages.com/players/kris-letang,2026-08-08T18:53:41.068777+00:00
531,Kris Letang,8471724,8471724,6.1000,2024-25,35+ Contract (Extension),ok,,https://capwages.com/players/kris-letang,2026-08-08T18:53:41.068777+00:00
531,Kris Letang,8471724,8471724,6.1000,2025-26,35+ Contract (Extension),ok,,https://capwages.com/players/kris-letang,2026-08-08T18:53:41.068777+00:00
532,Jake Livanavage,8486169,8486169,,2023-24,,low,no 2023-24 detail,https://capwages.com/players/jake-livanavage,2026-08-08T18:53:41.068777+00:00
532,Jake Livanavage,8486169,8486169,,2024-25,,low,no 2024-25 detail,https://capwages.com/players/jake-livanavage,2026-08-08T18:53:41.068777+00:00
532,Jake Livanavage,8486169,8486169,0.9750,2025-26,Entry-Level Contract,ok,,https://capwages.com/players/jake-livanavage,2026-08-08T18:53:41.068777+00:00
533,Ryan Shea,8478854,8478854,0.7750,2023-24,Standard Contract,ok,,https://capwages.com/players/ryan-shea,2026-08-08T18:53:41.068777+00:00
533,Ryan Shea,8478854,8478854,0.7750,2024-25,Standard Contract,ok,,https://capwages.com/players/ryan-shea,2026-08-08T18:53:41.068777+00:00
533,Ryan Shea,8478854,8478854,0.9000,2025-26,Standard Contract (Extension),ok,,https://capwages.com/players/ryan-shea,2026-08-08T18:53:41.068777+00:00
534,Ilya Solovyov,8482470,8482470,0.8283,2023-24,Entry-Level Contract,ok,,https://capwages.com/players/ilya-solovyov,2026-08-08T18:53:41.068777+00:00
534,Ilya Solovyov,8482470,8482470,0.7750,2024-25,Two-Way Contract,ok,,https://capwages.com/players/ilya-solovyov,2026-08-08T18:53:41.068777+00:00
534,Ilya Solovyov,8482470,8482470,0.7750,2025-26,Two-Way Contract,ok,,https://capwages.com/players/ilya-solovyov,2026-08-08T18:53:41.068777+00:00
535,Jack St. Ivany,8481030,8481030,0.8575,2023-24,Entry-Level Contract,ok,,https://capwages.com/players/jack-st-ivany,2026-08-08T18:53:41.068777+00:00
535,Jack St. Ivany,8481030,8481030,0.8000,2024-25,Two-Way Contract (Extension),ok,,https://capwages.com/players/jack-st-ivany,2026-08-08T18:53:41.068777+00:00
535,Jack St. Ivany,8481030,8481030,0.8000,2025-26,Two-Way Contract (Extension),ok,,https://capwages.com/players/jack-st-ivany,2026-08-08T18:53:41.068777+00:00
536,Parker Wotherspoon,8478450,8478450,0.7750,2023-24,Standard Contract,ok,,https://capwages.com/players/parker-wotherspoon,2026-08-08T18:53:41.068777+00:00
536,Parker Wotherspoon,8478450,8478450,0.8000,2024-25,Standard Contract (Extension),ok,,https://capwages.com/players/parker-wotherspoon,2026-08-08T18:53:41.068777+00:00
536,Parker Wotherspoon,8478450,8478450,1.0000,2025-26,Standard Contract,ok,,https://capwages.com/players/parker-wotherspoon,2026-08-08T18:53:41.068777+00:00
537,Macklin Celebrini,8484801,8484801,,2023-24,,low,no 2023-24 detail,https://capwages.com/players/macklin-celebrini,2026-08-08T18:53:41.068777+00:00
537,Macklin Celebrini,8484801,8484801,0.9750,2024-25,Entry-Level Contract,ok,,https://capwages.com/players/macklin-celebrini,2026-08-08T18:53:41.068777+00:00
537,Macklin Celebrini,8484801,8484801,0.9750,2025-26,Entry-Level Contract,ok,,https://capwages.com/players/macklin-celebrini,2026-08-08T18:53:41.068777+00:00
538,Ty Dellandrea,8480848,8480848,0.9000,2023-24,Standard Contract,ok,,https://capwages.com/players/ty-dellandrea,2026-08-08T18:53:41.068777+00:00
538,Ty Dellandrea,8480848,8480848,1.3000,2024-25,Standard Contract,ok,,https://capwages.com/players/ty-dellandrea,2026-08-08T18:53:41.068777+00:00
538,Ty Dellandrea,8480848,8480848,1.3000,2025-26,Standard Contract,ok,,https://capwages.com/players/ty-dellandrea,2026-08-08T18:53:41.068777+00:00
539,William Eklund,8482667,8482667,0.8633,2023-24,Entry-Level Contract,ok,,https://capwages.com/players/william-eklund,2026-08-08T18:53:41.068777+00:00
539,William Eklund,8482667,8482667,0.8633,2024-25,Entry-Level Contract,ok,,https://capwages.com/players/william-eklund,2026-08-08T18:53:41.068777+00:00
539,William Eklund,8482667,8482667,0.8633,2025-26,Entry-Level Contract,ok,,https://capwages.com/players/william-eklund,2026-08-08T18:53:41.068777+00:00
540,Adam Gaudette,8478874,8478874,0.7750,2023-24,Standard Contract (Extension),ok,,https://capwages.com/players/adam-gaudette,2026-08-08T18:53:41.068777+00:00
540,Adam Gaudette,8478874,8478874,0.7750,2024-25,Two-Way Contract,ok,,https://capwages.com/players/adam-gaudette,2026-08-08T18:53:41.068777+00:00
540,Adam Gaudette,8478874,8478874,2.0000,2025-26,Standard Contract,ok,,https://capwages.com/players/adam-gaudette,2026-08-08T18:53:41.068777+00:00
541,Barclay Goodrow,8476624,8476624,3.6417,2023-24,Standard Contract (Extension),ok,,https://capwages.com/players/barclay-goodrow,2026-08-08T18:53:41.068777+00:00
541,Barclay Goodrow,8476624,8476624,3.6417,2024-25,Standard Contract (Extension),ok,,https://capwages.com/players/barclay-goodrow,2026-08-08T18:53:41.068777+00:00
541,Barclay Goodrow,8476624,8476624,3.6417,2025-26,Standard Contract (Extension),ok,,https://capwages.com/players/barclay-goodrow,2026-08-08T18:53:41.068777+00:00
542,Collin Graf,8484911,8484911,0.9417,2023-24,Entry-Level Contract,ok,,https://capwages.com/players/collin-graf,2026-08-08T18:53:41.068777+00:00
542,Collin Graf,8484911,8484911,0.9417,2024-25,Entry-Level Contract,ok,,https://capwages.com/players/collin-graf,2026-08-08T18:53:41.068777+00:00
542,Collin Graf,8484911,8484911,0.9417,2025-26,Entry-Level Contract,ok,,https://capwages.com/players/collin-graf,2026-08-08T18:53:41.068777+00:00
543,Philipp Kurashev,8480798,8480798,2.2500,2023-24,Standard Contract,ok,,https://capwages.com/players/philipp-kurashev,2026-08-08T18:53:41.068777+00:00
543,Philipp Kurashev,8480798,8480798,2.2500,2024-25,Standard Contract,ok,,https://capwages.com/players/philipp-kurashev,2026-08-08T18:53:41.068777+00:00
543,Philipp Kurashev,8480798,8480798,1.2000,2025-26,Standard Contract,ok,,https://capwages.com/players/philipp-kurashev,2026-08-08T18:53:41.068777+00:00
544,Michael Misa,8485402,8485402,,2023-24,,low,no 2023-24 detail,https://capwages.com/players/michael-misa,2026-08-08T18:53:41.068777+00:00
544,Michael Misa,8485402,8485402,,2024-25,,low,no 2024-25 detail,https://capwages.com/players/michael-misa,2026-08-08T18:53:41.068777+00:00
544,Michael Misa,8485402,8485402,0.9750,2025-26,Entry-Level Contract,ok,,https://capwages.com/players/michael-misa,2026-08-08T18:53:41.068777+00:00
545,Zack Ostapchuk,8482859,8482859,0.8250,2023-24,Entry-Level Contract,ok,,https://capwages.com/players/zack-ostapchuk,2026-08-08T18:53:41.068777+00:00
545,Zack Ostapchuk,8482859,8482859,0.8250,2024-25,Entry-Level Contract,ok,,https://capwages.com/players/zack-ostapchuk,2026-08-08T18:53:41.068777+00:00
545,Zack Ostapchuk,8482859,8482859,0.8250,2025-26,Entry-Level Contract,ok,,https://capwages.com/players/zack-ostapchuk,2026-08-08T18:53:41.068777+00:00
546,Ryan Reaves,8471817,8471817,1.3500,2023-24,35+ Contract,ok,,https://capwages.com/players/ryan-reaves,2026-08-08T18:53:41.068777+00:00
546,Ryan Reaves,8471817,8471817,1.3500,2024-25,35+ Contract,ok,,https://capwages.com/players/ryan-reaves,2026-08-08T18:53:41.068777+00:00
546,Ryan Reaves,8471817,8471817,1.3500,2025-26,35+ Contract,ok,,https://capwages.com/players/ryan-reaves,2026-08-08T18:53:41.068777+00:00
547,Pavol Regenda,8483630,8483630,0.8550,2023-24,Entry-Level Contract,ok,,https://capwages.com/players/pavol-regenda,2026-08-08T18:53:41.068777+00:00
547,Pavol Regenda,8483630,8483630,,2024-25,,low,did not play this season,https://capwages.com/players/pavol-regenda,2026-08-08T18:53:41.068777+00:00
547,Pavol Regenda,8483630,8483630,0.7750,2025-26,Two-Way Contract,ok,,https://capwages.com/players/pavol-regenda,2026-08-08T18:53:41.068777+00:00
548,Kiefer Sherwood,8480748,8480748,0.7750,2023-24,Standard Contract (Extension),ok,,https://capwages.com/players/kiefer-sherwood,2026-08-08T18:53:41.068777+00:00
548,Kiefer Sherwood,8480748,8480748,1.5000,2024-25,Standard Contract,ok,,https://capwages.com/players/kiefer-sherwood,2026-08-08T18:53:41.068777+00:00
548,Kiefer Sherwood,8480748,8480748,1.5000,2025-26,Standard Contract,ok,,https://capwages.com/players/kiefer-sherwood,2026-08-08T18:53:41.068777+00:00
549,Will Smith,8484227,8484227,,2023-24,,low,no 2023-24 detail,https://capwages.com/players/will-smith,2026-08-08T18:53:41.068777+00:00
549,Will Smith,8484227,8484227,0.9500,2024-25,Entry-Level Contract,ok,,https://capwages.com/players/will-smith,2026-08-08T18:53:41.068777+00:00
549,Will Smith,8484227,8484227,0.9500,2025-26,Entry-Level Contract,ok,,https://capwages.com/players/will-smith,2026-08-08T18:53:41.068777+00:00
550,Tyler Toffoli,8475726,8475726,4.2500,2023-24,Standard Contract,ok,,https://capwages.com/players/tyler-toffoli,2026-08-08T18:53:41.068777+00:00
550,Tyler Toffoli,8475726,8475726,6.0000,2024-25,Standard Contract,ok,,https://capwages.com/players/tyler-toffoli,2026-08-08T18:53:41.068777+00:00
550,Tyler Toffoli,8475726,8475726,6.0000,2025-26,Standard Contract,ok,,https://capwages.com/players/tyler-toffoli,2026-08-08T18:53:41.068777+00:00
551,Alexander Wennberg,8477505,8477505,4.5000,2023-24,Standard Contract,ok,,https://capwages.com/players/alexander-wennberg,2026-08-08T18:53:41.068777+00:00
551,Alexander Wennberg,8477505,8477505,5.0000,2024-25,Standard Contract,ok,,https://capwages.com/players/alexander-wennberg,2026-08-08T18:53:41.068777+00:00
551,Alexander Wennberg,8477505,8477505,5.0000,2025-26,Standard Contract,ok,,https://capwages.com/players/alexander-wennberg,2026-08-08T18:53:41.068777+00:00
552,Vincent Desharnais,8479576,8479576,0.7625,2023-24,Standard Contract,ok,,https://capwages.com/players/vincent-desharnais,2026-08-08T18:53:41.068777+00:00
552,Vincent Desharnais,8479576,8479576,2.0000,2024-25,Standard Contract,ok,,https://capwages.com/players/vincent-desharnais,2026-08-08T18:53:41.068777+00:00
552,Vincent Desharnais,8479576,8479576,2.0000,2025-26,Standard Contract,ok,,https://capwages.com/players/vincent-desharnais,2026-08-08T18:53:41.068777+00:00
553,Sam Dickinson,8484806,8484806,,2023-24,,low,no 2023-24 detail,https://capwages.com/players/sam-dickinson,2026-08-08T18:53:41.068777+00:00
553,Sam Dickinson,8484806,8484806,,2024-25,,low,did not play this season,https://capwages.com/players/sam-dickinson,2026-08-08T18:53:41.068777+00:00
553,Sam Dickinson,8484806,8484806,0.9425,2025-26,Entry-Level Contract,ok,,https://capwages.com/players/sam-dickinson,2026-08-08T18:53:41.068777+00:00
554,Mario Ferraro,8479983,8479983,3.2500,2023-24,Standard Contract,ok,,https://capwages.com/players/mario-ferraro,2026-08-08T18:53:41.068777+00:00
554,Mario Ferraro,8479983,8479983,3.2500,2024-25,Standard Contract,ok,,https://capwages.com/players/mario-ferraro,2026-08-08T18:53:41.068777+00:00
554,Mario Ferraro,8479983,8479983,3.2500,2025-26,Standard Contract,ok,,https://capwages.com/players/mario-ferraro,2026-08-08T18:53:41.068777+00:00
555,John Klingberg,8475906,8475906,4.1500,2023-24,Standard Contract,ok,,https://capwages.com/players/john-klingberg,2026-08-08T18:53:41.068777+00:00
555,John Klingberg,8475906,8475906,1.7551,2024-25,Standard Contract,ok,,https://capwages.com/players/john-klingberg,2026-08-08T18:53:41.068777+00:00
555,John Klingberg,8475906,8475906,4.0000,2025-26,Standard Contract,ok,,https://capwages.com/players/john-klingberg,2026-08-08T18:53:41.068777+00:00
556,Nick Leddy,8475181,8475181,4.0000,2023-24,Standard Contract,ok,,https://capwages.com/players/nick-leddy,2026-08-08T18:53:41.068777+00:00
556,Nick Leddy,8475181,8475181,4.0000,2024-25,Standard Contract,ok,,https://capwages.com/players/nick-leddy,2026-08-08T18:53:41.068777+00:00
556,Nick Leddy,8475181,8475181,4.0000,2025-26,Standard Contract,ok,,https://capwages.com/players/nick-leddy,2026-08-08T18:53:41.068777+00:00
557,Shakir Mukhamadullin,8482166,8482166,0.8942,2023-24,Entry-Level Contract,ok,,https://capwages.com/players/shakir-mukhamadullin,2026-08-08T18:53:41.068777+00:00
557,Shakir Mukhamadullin,8482166,8482166,0.8942,2024-25,Entry-Level Contract,ok,,https://capwages.com/players/shakir-mukhamadullin,2026-08-08T18:53:41.068777+00:00
557,Shakir Mukhamadullin,8482166,8482166,1.0000,2025-26,Standard Contract (Extension),ok,,https://capwages.com/players/shakir-mukhamadullin,2026-08-08T18:53:41.068777+00:00
558,Dmitry Orlov,8475200,8475200,7.7500,2023-24,Standard Contract,ok,,https://capwages.com/players/dmitry-orlov,2026-08-08T18:53:41.068777+00:00
558,Dmitry Orlov,8475200,8475200,7.7500,2024-25,Standard Contract,ok,,https://capwages.com/players/dmitry-orlov,2026-08-08T18:53:41.068777+00:00
558,Dmitry Orlov,8475200,8475200,6.5000,2025-26,Standard Contract,ok,,https://capwages.com/players/dmitry-orlov,2026-08-08T18:53:41.068777+00:00
559,Matty Beniers,8482665,8482665,0.8975,2023-24,Entry-Level Contract,ok,,https://capwages.com/players/matty-beniers,2026-08-08T18:53:41.068777+00:00
559,Matty Beniers,8482665,8482665,7.1429,2024-25,Standard Contract,ok,,https://capwages.com/players/matty-beniers,2026-08-08T18:53:41.068777+00:00
559,Matty Beniers,8482665,8482665,7.1429,2025-26,Standard Contract,ok,,https://capwages.com/players/matty-beniers,2026-08-08T18:53:41.068777+00:00
560,Berkly Catton,8484800,8484800,,2023-24,,low,no 2023-24 detail,https://capwages.com/players/berkly-catton,2026-08-08T18:53:41.068777+00:00
560,Berkly Catton,8484800,8484800,,2024-25,,low,did not play this season,https://capwages.com/players/berkly-catton,2026-08-08T18:53:41.068777+00:00
560,Berkly Catton,8484800,8484800,0.9425,2025-26,Entry-Level Contract,ok,,https://capwages.com/players/berkly-catton,2026-08-08T18:53:41.068777+00:00
561,Jordan Eberle,8474586,8474586,5.5000,2023-24,Standard Contract (Extension),ok,,https://capwages.com/players/jordan-eberle,2026-08-08T18:53:41.068777+00:00
561,Jordan Eberle,8474586,8474586,4.7500,2024-25,Standard Contract (Extension),ok,,https://capwages.com/players/jordan-eberle,2026-08-08T18:53:41.068777+00:00
561,Jordan Eberle,8474586,8474586,4.7500,2025-26,Standard Contract (Extension),ok,,https://capwages.com/players/jordan-eberle,2026-08-08T18:53:41.068777+00:00
562,Frederick Gaudreau,8477919,8477919,2.1000,2023-24,Standard Contract (Extension),ok,,https://capwages.com/players/frederick-gaudreau,2026-08-08T18:53:41.068777+00:00
562,Frederick Gaudreau,8477919,8477919,2.1000,2024-25,Standard Contract (Extension),ok,,https://capwages.com/players/frederick-gaudreau,2026-08-08T18:53:41.068777+00:00
562,Frederick Gaudreau,8477919,8477919,2.1000,2025-26,Standard Contract (Extension),ok,,https://capwages.com/players/frederick-gaudreau,2026-08-08T18:53:41.068777+00:00
563,Kaapo Kakko,8481554,8481554,2.1000,2023-24,Standard Contract,ok,,https://capwages.com/players/kaapo-kakko,2026-08-08T18:53:41.068777+00:00
563,Kaapo Kakko,8481554,8481554,2.4000,2024-25,Standard Contract (Extension),ok,,https://capwages.com/players/kaapo-kakko,2026-08-08T18:53:41.068777+00:00
563,Kaapo Kakko,8481554,8481554,4.5250,2025-26,Standard Contract (Extension),ok,,https://capwages.com/players/kaapo-kakko,2026-08-08T18:53:41.068777+00:00
564,Jared McCann,8477955,8477955,5.0000,2023-24,Standard Contract (Extension),ok,,https://capwages.com/players/jared-mccann,2026-08-08T18:53:41.068777+00:00
564,Jared McCann,8477955,8477955,5.0000,2024-25,Standard Contract (Extension),ok,,https://capwages.com/players/jared-mccann,2026-08-08T18:53:41.068777+00:00
564,Jared McCann,8477955,8477955,5.0000,2025-26,Standard Contract (Extension),ok,,https://capwages.com/players/jared-mccann,2026-08-08T18:53:41.068777+00:00
565,Bobby McMann,8482259,8482259,0.7625,2023-24,Standard Contract,ok,,https://capwages.com/players/bobby-mcmann,2026-08-08T18:53:41.068777+00:00
565,Bobby McMann,8482259,8482259,1.3500,2024-25,Standard Contract (Extension),ok,,https://capwages.com/players/bobby-mcmann,2026-08-08T18:53:41.068777+00:00
565,Bobby McMann,8482259,8482259,1.3500,2025-26,Standard Contract (Extension),ok,,https://capwages.com/players/bobby-mcmann,2026-08-08T18:53:41.068777+00:00
566,Ben Meyers,8483570,8483570,0.7750,2023-24,Standard Contract,ok,,https://capwages.com/players/ben-meyers,2026-08-08T18:53:41.068777+00:00
566,Ben Meyers,8483570,8483570,0.7750,2024-25,Standard Contract,ok,,https://capwages.com/players/ben-meyers,2026-08-08T18:53:41.068777+00:00
566,Ben Meyers,8483570,8483570,0.7750,2025-26,Standard Contract (Extension),ok,,https://capwages.com/players/ben-meyers,2026-08-08T18:53:41.068777+00:00
567,Jaden Schwartz,8475768,8475768,5.5000,2023-24,Standard Contract,ok,,https://capwages.com/players/jaden-schwartz,2026-08-08T18:53:41.068777+00:00
567,Jaden Schwartz,8475768,8475768,5.5000,2024-25,Standard Contract,ok,,https://capwages.com/players/jaden-schwartz,2026-08-08T18:53:41.068777+00:00
567,Jaden Schwartz,8475768,8475768,5.5000,2025-26,Standard Contract,ok,,https://capwages.com/players/jaden-schwartz,2026-08-08T18:53:41.068777+00:00
568,Chandler Stephenson,8476905,8476905,2.7500,2023-24,Standard Contract (Extension),ok,,https://capwages.com/players/chandler-stephenson,2026-08-08T18:53:41.068777+00:00
568,Chandler Stephenson,8476905,8476905,6.2500,2024-25,Standard Contract,ok,,https://capwages.com/players/chandler-stephenson,2026-08-08T18:53:41.068777+00:00
568,Chandler Stephenson,8476905,8476905,6.2500,2025-26,Standard Contract,ok,,https://capwages.com/players/chandler-stephenson,2026-08-08T18:53:41.068777+00:00
569,Eeli Tolvanen,8480009,8480009,1.4500,2023-24,Standard Contract,ok,,https://capwages.com/players/eeli-tolvanen,2026-08-08T18:53:41.068777+00:00
569,Eeli Tolvanen,8480009,8480009,3.4750,2024-25,Standard Contract,ok,,https://capwages.com/players/eeli-tolvanen,2026-08-08T18:53:41.068777+00:00
569,Eeli Tolvanen,8480009,8480009,3.4750,2025-26,Standard Contract,ok,,https://capwages.com/players/eeli-tolvanen,2026-08-08T18:53:41.068777+00:00
570,Ryan Winterton,8482751,8482751,0.8283,2023-24,Entry-Level Contract,ok,,https://capwages.com/players/ryan-winterton,2026-08-08T18:53:41.068777+00:00
570,Ryan Winterton,8482751,8482751,0.8283,2024-25,Entry-Level Contract,ok,,https://capwages.com/players/ryan-winterton,2026-08-08T18:53:41.068777+00:00
570,Ryan Winterton,8482751,8482751,0.8283,2025-26,Entry-Level Contract,ok,,https://capwages.com/players/ryan-winterton,2026-08-08T18:53:41.068777+00:00
571,Shane Wright,8483524,8483524,0.9183,2023-24,Entry-Level Contract,ok,,https://capwages.com/players/shane-wright,2026-08-08T18:53:41.068777+00:00
571,Shane Wright,8483524,8483524,0.8867,2024-25,Entry-Level Contract,ok,,https://capwages.com/players/shane-wright,2026-08-08T18:53:41.068777+00:00
571,Shane Wright,8483524,8483524,0.8867,2025-26,Entry-Level Contract,ok,,https://capwages.com/players/shane-wright,2026-08-08T18:53:41.068777+00:00
572,Vince Dunn,8478407,8478407,7.3500,2023-24,Standard Contract,ok,,https://capwages.com/players/vince-dunn,2026-08-08T18:53:41.068777+00:00
572,Vince Dunn,8478407,8478407,7.3500,2024-25,Standard Contract,ok,,https://capwages.com/players/vince-dunn,2026-08-08T18:53:41.068777+00:00
572,Vince Dunn,8478407,8478407,7.3500,2025-26,Standard Contract,ok,,https://capwages.com/players/vince-dunn,2026-08-08T18:53:41.068777+00:00
573,Ryker Evans,8482858,8482858,0.8975,2023-24,Entry-Level Contract,ok,,https://capwages.com/players/ryker-evans,2026-08-08T18:53:41.068777+00:00
573,Ryker Evans,8482858,8482858,0.8975,2024-25,Entry-Level Contract,ok,,https://capwages.com/players/ryker-evans,2026-08-08T18:53:41.068777+00:00
573,Ryker Evans,8482858,8482858,2.0500,2025-26,Standard Contract (Extension),ok,,https://capwages.com/players/ryker-evans,2026-08-08T18:53:41.068777+00:00
574,Cale Fleury,8479985,8479985,0.8000,2023-24,Standard Contract,ok,,https://capwages.com/players/cale-fleury,2026-08-08T18:53:41.068777+00:00
574,Cale Fleury,8479985,8479985,0.8000,2024-25,Standard Contract,ok,,https://capwages.com/players/cale-fleury,2026-08-08T18:53:41.068777+00:00
574,Cale Fleury,8479985,8479985,0.8900,2025-26,Standard Contract (Extension),ok,,https://capwages.com/players/cale-fleury,2026-08-08T18:53:41.068777+00:00
575,Adam Larsson,8476457,8476457,4.0000,2023-24,Standard Contract (Extension),ok,,https://capwages.com/players/adam-larsson,2026-08-08T18:53:41.068777+00:00
575,Adam Larsson,8476457,8476457,4.0000,2024-25,Standard Contract (Extension),ok,,https://capwages.com/players/adam-larsson,2026-08-08T18:53:41.068777+00:00
575,Adam Larsson,8476457,8476457,5.2500,2025-26,Standard Contract (Extension),ok,,https://capwages.com/players/adam-larsson,2026-08-08T18:53:41.068777+00:00
576,Ryan Lindgren,8479324,8479324,3.0000,2023-24,Standard Contract (Extension),ok,,https://capwages.com/players/ryan-lindgren,2026-08-08T18:53:41.068777+00:00
576,Ryan Lindgren,8479324,8479324,4.5000,2024-25,Standard Contract,ok,,https://capwages.com/players/ryan-lindgren,2026-08-08T18:53:41.068777+00:00
576,Ryan Lindgren,8479324,8479324,4.5000,2025-26,Standard Contract,ok,,https://capwages.com/players/ryan-lindgren,2026-08-08T18:53:41.068777+00:00
577,Joshua Mahura,8479372,8479372,0.9250,2023-24,Standard Contract (Extension),ok,,https://capwages.com/players/josh-mahura,2026-08-08T18:53:41.068777+00:00
577,Joshua Mahura,8479372,8479372,0.7750,2024-25,Standard Contract,ok,,https://capwages.com/players/josh-mahura,2026-08-08T18:53:41.068777+00:00
577,Joshua Mahura,8479372,8479372,0.9075,2025-26,Standard Contract (Extension),ok,,https://capwages.com/players/josh-mahura,2026-08-08T18:53:41.068777+00:00
578,Brandon Montour,8477986,8477986,3.5000,2023-24,Standard Contract (Extension),ok,,https://capwages.com/players/brandon-montour,2026-08-08T18:53:41.068777+00:00
578,Brandon Montour,8477986,8477986,7.1429,2024-25,Standard Contract,ok,,https://capwages.com/players/brandon-montour,2026-08-08T18:53:41.068777+00:00
578,Brandon Montour,8477986,8477986,7.1429,2025-26,Standard Contract,ok,,https://capwages.com/players/brandon-montour,2026-08-08T18:53:41.068777+00:00
579,Jamie Oleksiak,8476467,8476467,4.6000,2023-24,Standard Contract (Extension),ok,,https://capwages.com/players/jamie-oleksiak,2026-08-08T18:53:41.068777+00:00
579,Jamie Oleksiak,8476467,8476467,4.6000,2024-25,Standard Contract (Extension),ok,,https://capwages.com/players/jamie-oleksiak,2026-08-08T18:53:41.068777+00:00
579,Jamie Oleksiak,8476467,8476467,4.6000,2025-26,Standard Contract (Extension),ok,,https://capwages.com/players/jamie-oleksiak,2026-08-08T18:53:41.068777+00:00
580,Jonatan Berggren,8481013,8481013,0.9250,2023-24,Entry-Level Contract,ok,,https://capwages.com/players/jonatan-berggren,2026-08-08T18:53:41.068777+00:00
580,Jonatan Berggren,8481013,8481013,0.8250,2024-25,Standard Contract,ok,,https://capwages.com/players/jonatan-berggren,2026-08-08T18:53:41.068777+00:00
580,Jonatan Berggren,8481013,8481013,1.8250,2025-26,Standard Contract (Extension),ok,,https://capwages.com/players/jonatan-berggren,2026-08-08T18:53:41.068777+00:00
581,Pavel Buchnevich,8477402,8477402,5.8000,2023-24,Standard Contract (Extension),ok,,https://capwages.com/players/pavel-buchnevich,2026-08-08T18:53:41.068777+00:00
581,Pavel Buchnevich,8477402,8477402,5.8000,2024-25,Standard Contract (Extension),ok,,https://capwages.com/players/pavel-buchnevich,2026-08-08T18:53:41.068777+00:00
581,Pavel Buchnevich,8477402,8477402,8.0000,2025-26,Contract Extension,ok,,https://capwages.com/players/pavel-buchnevich,2026-08-08T18:53:41.068777+00:00
582,Jonathan Drouin,8477494,8477494,0.8250,2023-24,Standard Contract,ok,,https://capwages.com/players/jonathan-drouin,2026-08-08T18:53:41.068777+00:00
582,Jonathan Drouin,8477494,8477494,2.5000,2024-25,Standard Contract,ok,,https://capwages.com/players/jonathan-drouin,2026-08-08T18:53:41.068777+00:00
582,Jonathan Drouin,8477494,8477494,4.0000,2025-26,Standard Contract,ok,,https://capwages.com/players/jonathan-drouin,2026-08-08T18:53:41.068777+00:00
583,Dalibor Dvorsky,8484164,8484164,,2023-24,,low,did not play this season,https://capwages.com/players/dalibor-dvorsky,2026-08-08T18:53:41.068777+00:00
583,Dalibor Dvorsky,8484164,8484164,0.9183,2024-25,Entry-Level Contract,ok,,https://capwages.com/players/dalibor-dvorsky,2026-08-08T18:53:41.068777+00:00
583,Dalibor Dvorsky,8484164,8484164,0.8867,2025-26,Entry-Level Contract,ok,,https://capwages.com/players/dalibor-dvorsky,2026-08-08T18:53:41.068777+00:00
584,Jack Finley,8482090,8482090,,2023-24,,low,did not play this season,https://capwages.com/players/jack-finley,2026-08-08T18:53:41.068777+00:00
584,Jack Finley,8482090,8482090,0.7975,2024-25,Entry-Level Contract,ok,,https://capwages.com/players/jack-finley,2026-08-08T18:53:41.068777+00:00
584,Jack Finley,8482090,8482090,0.8250,2025-26,Two-Way Contract,ok,,https://capwages.com/players/jack-finley,2026-08-08T18:53:41.068777+00:00
585,Dylan Holloway,8482077,8482077,0.9250,2023-24,Entry-Level Contract,ok,,https://capwages.com/players/dylan-holloway,2026-08-08T18:53:41.068777+00:00
585,Dylan Holloway,8482077,8482077,2.2905,2024-25,Standard Contract,ok,,https://capwages.com/players/dylan-holloway,2026-08-08T18:53:41.068777+00:00
585,Dylan Holloway,8482077,8482077,2.2905,2025-26,Standard Contract,ok,,https://capwages.com/players/dylan-holloway,2026-08-08T18:53:41.068777+00:00
586,Jordan Kyrou,8479385,8479385,8.1250,2023-24,Standard Contract (Extension),ok,,https://capwages.com/players/jordan-kyrou,2026-08-08T18:53:41.068777+00:00
586,Jordan Kyrou,8479385,8479385,8.1250,2024-25,Standard Contract (Extension),ok,,https://capwages.com/players/jordan-kyrou,2026-08-08T18:53:41.068777+00:00
586,Jordan Kyrou,8479385,8479385,8.1250,2025-26,Standard Contract (Extension),ok,,https://capwages.com/players/jordan-kyrou,2026-08-08T18:53:41.068777+00:00
587,Jake Neighbours,8482089,8482089,0.8358,2023-24,Entry-Level Contract,ok,,https://capwages.com/players/jake-neighbours,2026-08-08T18:53:41.068777+00:00
587,Jake Neighbours,8482089,8482089,0.8358,2024-25,Entry-Level Contract,ok,,https://capwages.com/players/jake-neighbours,2026-08-08T18:53:41.068777+00:00
587,Jake Neighbours,8482089,8482089,3.7500,2025-26,Standard Contract (Extension),ok,,https://capwages.com/players/jake-neighbours,2026-08-08T18:53:41.068777+00:00
588,Jimmy Snuggerud,8483516,8483516,,2023-24,,low,no 2023-24 detail,https://capwages.com/players/jimmy-snuggerud,2026-08-08T18:53:41.068777+00:00
588,Jimmy Snuggerud,8483516,8483516,0.9500,2024-25,Entry-Level Contract,ok,,https://capwages.com/players/jimmy-snuggerud,2026-08-08T18:53:41.068777+00:00
588,Jimmy Snuggerud,8483516,8483516,0.9500,2025-26,Entry-Level Contract,ok,,https://capwages.com/players/jimmy-snuggerud,2026-08-08T18:53:41.068777+00:00
589,Oskar Sundqvist,8476897,8476897,0.7750,2023-24,Standard Contract,ok,,https://capwages.com/players/oskar-sundqvist,2026-08-08T18:53:41.068777+00:00
589,Oskar Sundqvist,8476897,8476897,1.5000,2024-25,Standard Contract (Extension),ok,,https://capwages.com/players/oskar-sundqvist,2026-08-08T18:53:41.068777+00:00
589,Oskar Sundqvist,8476897,8476897,1.5000,2025-26,Standard Contract (Extension),ok,,https://capwages.com/players/oskar-sundqvist,2026-08-08T18:53:41.068777+00:00
590,Pius Suter,8480459,8480459,1.6000,2023-24,Standard Contract,ok,,https://capwages.com/players/pius-suter,2026-08-08T18:53:41.068777+00:00
590,Pius Suter,8480459,8480459,1.6000,2024-25,Standard Contract,ok,,https://capwages.com/players/pius-suter,2026-08-08T18:53:41.068777+00:00
590,Pius Suter,8480459,8480459,4.1250,2025-26,Standard Contract,ok,,https://capwages.com/players/pius-suter,2026-08-08T18:53:41.068777+00:00
591,Robert Thomas,8480023,8480023,8.1250,2023-24,Standard Contract (Extension),ok,,https://capwages.com/players/robert-thomas,2026-08-08T18:53:41.068777+00:00
591,Robert Thomas,8480023,8480023,8.1250,2024-25,Standard Contract (Extension),ok,,https://capwages.com/players/robert-thomas,2026-08-08T18:53:41.068777+00:00
591,Robert Thomas,8480023,8480023,8.1250,2025-26,Standard Contract (Extension),ok,,https://capwages.com/players/robert-thomas,2026-08-08T18:53:41.068777+00:00
592,Alexey Toropchenko,8480281,8480281,1.2500,2023-24,Standard Contract,ok,,https://capwages.com/players/alexey-toropchenko,2026-08-08T18:53:41.068777+00:00
592,Alexey Toropchenko,8480281,8480281,1.2500,2024-25,Standard Contract,ok,,https://capwages.com/players/alexey-toropchenko,2026-08-08T18:53:41.068777+00:00
592,Alexey Toropchenko,8480281,8480281,1.7000,2025-26,Standard Contract (Extension),ok,,https://capwages.com/players/alexey-toropchenko,2026-08-08T18:53:41.068777+00:00
593,Nathan Walker,8477573,8477573,0.7750,2023-24,Standard Contract (Extension),ok,,https://capwages.com/players/nathan-walker,2026-08-08T18:53:41.068777+00:00
593,Nathan Walker,8477573,8477573,0.7750,2024-25,Standard Contract,ok,,https://capwages.com/players/nathan-walker,2026-08-08T18:53:41.068777+00:00
593,Nathan Walker,8477573,8477573,0.7750,2025-26,Standard Contract,ok,,https://capwages.com/players/nathan-walker,2026-08-08T18:53:41.068777+00:00
594,Philip Broberg,8481598,8481598,0.8633,2023-24,Entry-Level Contract,ok,,https://capwages.com/players/philip-broberg,2026-08-08T18:53:41.068777+00:00
594,Philip Broberg,8481598,8481598,4.5809,2024-25,Standard Contract,ok,,https://capwages.com/players/philip-broberg,2026-08-08T18:53:41.068777+00:00
594,Philip Broberg,8481598,8481598,4.5809,2025-26,Standard Contract,ok,,https://capwages.com/players/philip-broberg,2026-08-08T18:53:41.068777+00:00
595,Cam Fowler,8475764,8475764,6.5000,2023-24,Standard Contract (Extension),ok,,https://capwages.com/players/cam-fowler,2026-08-08T18:53:41.068777+00:00
595,Cam Fowler,8475764,8475764,6.5000,2024-25,Standard Contract (Extension),ok,,https://capwages.com/players/cam-fowler,2026-08-08T18:53:41.068777+00:00
595,Cam Fowler,8475764,8475764,6.5000,2025-26,Standard Contract (Extension),ok,,https://capwages.com/players/cam-fowler,2026-08-08T18:53:41.068777+00:00
596,Justin Holl,8475718,8475718,3.4000,2023-24,Standard Contract,ok,,https://capwages.com/players/justin-holl,2026-08-08T18:53:41.068777+00:00
596,Justin Holl,8475718,8475718,3.4000,2024-25,Standard Contract,ok,,https://capwages.com/players/justin-holl,2026-08-08T18:53:41.068777+00:00
596,Justin Holl,8475718,8475718,3.4000,2025-26,Standard Contract,ok,,https://capwages.com/players/justin-holl,2026-08-08T18:53:41.068777+00:00
597,Matthew Kessel,8482516,8482516,0.8838,2023-24,Entry-Level Contract,ok,,https://capwages.com/players/matthew-kessel,2026-08-08T18:53:41.068777+00:00
597,Matthew Kessel,8482516,8482516,0.8000,2024-25,Standard Contract (Extension),ok,,https://capwages.com/players/matthew-kessel,2026-08-08T18:53:41.068777+00:00
597,Matthew Kessel,8482516,8482516,0.8000,2025-26,Standard Contract (Extension),ok,,https://capwages.com/players/matthew-kessel,2026-08-08T18:53:41.068777+00:00
598,Logan Mailloux,8482733,8482733,0.8750,2023-24,Entry-Level Contract,ok,,https://capwages.com/players/logan-mailloux,2026-08-08T18:53:41.068777+00:00
598,Logan Mailloux,8482733,8482733,0.8750,2024-25,Entry-Level Contract,ok,,https://capwages.com/players/logan-mailloux,2026-08-08T18:53:41.068777+00:00
598,Logan Mailloux,8482733,8482733,0.8750,2025-26,Entry-Level Contract,ok,,https://capwages.com/players/logan-mailloux,2026-08-08T18:53:41.068777+00:00
599,Colton Parayko,8476892,8476892,6.5000,2023-24,Standard Contract (Extension),ok,,https://capwages.com/players/colton-parayko,2026-08-08T18:53:41.068777+00:00
599,Colton Parayko,8476892,8476892,6.5000,2024-25,Standard Contract (Extension),ok,,https://capwages.com/players/colton-parayko,2026-08-08T18:53:41.068777+00:00
599,Colton Parayko,8476892,8476892,6.5000,2025-26,Standard Contract (Extension),ok,,https://capwages.com/players/colton-parayko,2026-08-08T18:53:41.068777+00:00
600,Tyler Tucker,8481006,8481006,0.8000,2023-24,Standard Contract (Extension),ok,,https://capwages.com/players/tyler-tucker,2026-08-08T18:53:41.068777+00:00
600,Tyler Tucker,8481006,8481006,0.8000,2024-25,Standard Contract (Extension),ok,,https://capwages.com/players/tyler-tucker,2026-08-08T18:53:41.068777+00:00
600,Tyler Tucker,8481006,8481006,0.9250,2025-26,Standard Contract (Extension),ok,,https://capwages.com/players/tyler-tucker,2026-08-08T18:53:41.068777+00:00
601,Oliver Bjorkstrand,8477416,8477416,5.4000,2023-24,Standard Contract (Extension),ok,,https://capwages.com/players/oliver-bjorkstrand,2026-08-08T18:53:41.068777+00:00
601,Oliver Bjorkstrand,8477416,8477416,5.4000,2024-25,Standard Contract (Extension),ok,,https://capwages.com/players/oliver-bjorkstrand,2026-08-08T18:53:41.068777+00:00
601,Oliver Bjorkstrand,8477416,8477416,5.4000,2025-26,Standard Contract (Extension),ok,,https://capwages.com/players/oliver-bjorkstrand,2026-08-08T18:53:41.068777+00:00
602,Anthony Cirelli,8478519,8478519,6.2500,2023-24,Standard Contract (Extension),ok,,https://capwages.com/players/anthony-cirelli,2026-08-08T18:53:41.068777+00:00
602,Anthony Cirelli,8478519,8478519,6.2500,2024-25,Standard Contract (Extension),ok,,https://capwages.com/players/anthony-cirelli,2026-08-08T18:53:41.068777+00:00
602,Anthony Cirelli,8478519,8478519,6.2500,2025-26,Standard Contract (Extension),ok,,https://capwages.com/players/anthony-cirelli,2026-08-08T18:53:41.068777+00:00
603,Conor Geekie,8483447,8483447,,2023-24,,low,did not play this season,https://capwages.com/players/conor-geekie,2026-08-08T18:53:41.068777+00:00
603,Conor Geekie,8483447,8483447,0.8867,2024-25,Entry-Level Contract,ok,,https://capwages.com/players/conor-geekie,2026-08-08T18:53:41.068777+00:00
603,Conor Geekie,8483447,8483447,0.8867,2025-26,Entry-Level Contract,ok,,https://capwages.com/players/conor-geekie,2026-08-08T18:53:41.068777+00:00
604,Zemgus Girgensons,8476878,8476878,2.5000,2023-24,Standard Contract (Extension),ok,,https://capwages.com/players/zemgus-girgensons,2026-08-08T18:53:41.068777+00:00
604,Zemgus Girgensons,8476878,8476878,0.8750,2024-25,Standard Contract,ok,,https://capwages.com/players/zemgus-girgensons,2026-08-08T18:53:41.068777+00:00
604,Zemgus Girgensons,8476878,8476878,0.8750,2025-26,Standard Contract,ok,,https://capwages.com/players/zemgus-girgensons,2026-08-08T18:53:41.068777+00:00
605,Gage Goncalves,8482201,8482201,0.8200,2023-24,Entry-Level Contract,ok,,https://capwages.com/players/gage-goncalves,2026-08-08T18:53:41.068777+00:00
605,Gage Goncalves,8482201,8482201,0.7750,2024-25,Standard Contract (Extension),ok,,https://capwages.com/players/gage-goncalves,2026-08-08T18:53:41.068777+00:00
605,Gage Goncalves,8482201,8482201,1.2000,2025-26,Standard Contract (Extension),ok,,https://capwages.com/players/gage-goncalves,2026-08-08T18:53:41.068777+00:00
606,Yanni Gourde,8476826,8476826,5.1667,2023-24,Standard Contract (Extension),ok,,https://capwages.com/players/yanni-gourde,2026-08-08T18:53:41.068777+00:00
606,Yanni Gourde,8476826,8476826,5.1667,2024-25,Standard Contract (Extension),ok,,https://capwages.com/players/yanni-gourde,2026-08-08T18:53:41.068777+00:00
606,Yanni Gourde,8476826,8476826,2.3333,2025-26,Standard Contract (Extension),ok,,https://capwages.com/players/yanni-gourde,2026-08-08T18:53:41.068777+00:00
607,Jake Guentzel,8477404,8477404,6.0000,2023-24,Standard Contract (Extension),ok,,https://capwages.com/players/jake-guentzel,2026-08-08T18:53:41.068777+00:00
607,Jake Guentzel,8477404,8477404,9.0000,2024-25,Standard Contract (Extension),ok,,https://capwages.com/players/jake-guentzel,2026-08-08T18:53:41.068777+00:00
607,Jake Guentzel,8477404,8477404,9.0000,2025-26,Standard Contract (Extension),ok,,https://capwages.com/players/jake-guentzel,2026-08-08T18:53:41.068777+00:00
608,Brandon Hagel,8479542,8479542,1.5000,2023-24,Standard Contract,ok,,https://capwages.com/players/brandon-hagel,2026-08-08T18:53:41.068777+00:00
608,Brandon Hagel,8479542,8479542,6.5000,2024-25,Standard Contract (Extension),ok,,https://capwages.com/players/brandon-hagel,2026-08-08T18:53:41.068777+00:00
608,Brandon Hagel,8479542,8479542,6.5000,2025-26,Standard Contract (Extension),ok,,https://capwages.com/players/brandon-hagel,2026-08-08T18:53:41.068777+00:00
609,Pontus Holmberg,8480995,8480995,0.8000,2023-24,Standard Contract (Extension),ok,,https://capwages.com/players/pontus-holmberg,2026-08-08T18:53:41.068777+00:00
609,Pontus Holmberg,8480995,8480995,0.8000,2024-25,Standard Contract (Extension),ok,,https://capwages.com/players/pontus-holmberg,2026-08-08T18:53:41.068777+00:00
609,Pontus Holmberg,8480995,8480995,1.5500,2025-26,Standard Contract,ok,,https://capwages.com/players/pontus-holmberg,2026-08-08T18:53:41.068777+00:00
610,Dominic James,8483752,8483752,,2023-24,,low,no 2023-24 detail,https://capwages.com/players/dominic-james,2026-08-08T18:53:41.068777+00:00
610,Dominic James,8483752,8483752,,2024-25,,low,no 2024-25 detail,https://capwages.com/players/dominic-james,2026-08-08T18:53:41.068777+00:00
610,Dominic James,8483752,8483752,0.9100,2025-26,Entry-Level Contract,ok,,https://capwages.com/players/dominic-james,2026-08-08T18:53:41.068777+00:00
611,Nikita Kucherov,8476453,8476453,9.5000,2023-24,Standard Contract (Extension),ok,,https://capwages.com/players/nikita-kucherov,2026-08-08T18:53:41.068777+00:00
611,Nikita Kucherov,8476453,8476453,9.5000,2024-25,Standard Contract (Extension),ok,,https://capwages.com/players/nikita-kucherov,2026-08-08T18:53:41.068777+00:00
611,Nikita Kucherov,8476453,8476453,9.5000,2025-26,Standard Contract (Extension),ok,,https://capwages.com/players/nikita-kucherov,2026-08-08T18:53:41.068777+00:00
612,Nick Paul,8477426,8477426,3.1500,2023-24,Standard Contract (Extension),ok,,https://capwages.com/players/nicholas-paul,2026-08-08T18:53:41.068777+00:00
612,Nick Paul,8477426,8477426,3.1500,2024-25,Standard Contract (Extension),ok,,https://capwages.com/players/nicholas-paul,2026-08-08T18:53:41.068777+00:00
612,Nick Paul,8477426,8477426,3.1500,2025-26,Standard Contract (Extension),ok,,https://capwages.com/players/nicholas-paul,2026-08-08T18:53:41.068777+00:00
613,Corey Perry,8470621,8470621,0.7750,2023-24,35+ Contract,ok,,https://capwages.com/players/corey-perry,2026-08-08T18:53:41.068777+00:00
613,Corey Perry,8470621,8470621,1.1500,2024-25,35+ Contract,ok,,https://capwages.com/players/corey-perry,2026-08-08T18:53:41.068777+00:00
613,Corey Perry,8470621,8470621,2.0000,2025-26,35+ Contract ,ok,,https://capwages.com/players/corey-perry,2026-08-08T18:53:41.068777+00:00
614,Brayden Point,8478010,8478010,9.5000,2023-24,Standard Contract (Extension),ok,,https://capwages.com/players/brayden-point,2026-08-08T18:53:41.068777+00:00
614,Brayden Point,8478010,8478010,9.5000,2024-25,Standard Contract (Extension),ok,,https://capwages.com/players/brayden-point,2026-08-08T18:53:41.068777+00:00
614,Brayden Point,8478010,8478010,9.5000,2025-26,Standard Contract (Extension),ok,,https://capwages.com/players/brayden-point,2026-08-08T18:53:41.068777+00:00
615,Scott Sabourin,8477149,8477149,0.7750,2023-24,Standard Contract,ok,,https://capwages.com/players/scott-sabourin,2026-08-08T18:53:41.068777+00:00
615,Scott Sabourin,8477149,8477149,0.7750,2024-25,Standard Contract,ok,,https://capwages.com/players/scott-sabourin,2026-08-08T18:53:41.068777+00:00
615,Scott Sabourin,8477149,8477149,0.7750,2025-26,Two-Way Contract ,ok,,https://capwages.com/players/scott-sabourin,2026-08-08T18:53:41.068777+00:00
616,Declan Carlile,8483398,8483398,0.8550,2023-24,Entry-Level Contract,ok,,https://capwages.com/players/declan-carlile,2026-08-08T18:53:41.068777+00:00
616,Declan Carlile,8483398,8483398,0.7750,2024-25,Two-Way Contract (Extension),ok,,https://capwages.com/players/declan-carlile,2026-08-08T18:53:41.068777+00:00
616,Declan Carlile,8483398,8483398,0.7750,2025-26,Two-Way Contract (Extension),ok,,https://capwages.com/players/declan-carlile,2026-08-08T18:53:41.068777+00:00
617,Erik Cernak,8478416,8478416,5.2000,2023-24,Standard Contract (Extension),ok,,https://capwages.com/players/erik-cernak,2026-08-08T18:53:41.068777+00:00
617,Erik Cernak,8478416,8478416,5.2000,2024-25,Standard Contract (Extension),ok,,https://capwages.com/players/erik-cernak,2026-08-08T18:53:41.068777+00:00
617,Erik Cernak,8478416,8478416,5.2000,2025-26,Standard Contract (Extension),ok,,https://capwages.com/players/erik-cernak,2026-08-08T18:53:41.068777+00:00
618,Max Crozier,8481719,8481719,0.8675,2023-24,Entry-Level Contract,ok,,https://capwages.com/players/maxwell-crozier,2026-08-08T18:53:41.068777+00:00
618,Max Crozier,8481719,8481719,0.8675,2024-25,Entry-Level Contract,ok,,https://capwages.com/players/maxwell-crozier,2026-08-08T18:53:41.068777+00:00
618,Max Crozier,8481719,8481719,0.8250,2025-26,Two-Way Contract,ok,,https://capwages.com/players/maxwell-crozier,2026-08-08T18:53:41.068777+00:00
619,Charle-Edouard D'Astous,8480426,8480426,,2023-24,,low,no 2023-24 detail,https://capwages.com/players/charle-edouard-d-astous,2026-08-08T18:53:41.068777+00:00
619,Charle-Edouard D'Astous,8480426,8480426,,2024-25,,low,no 2024-25 detail,https://capwages.com/players/charle-edouard-d-astous,2026-08-08T18:53:41.068777+00:00
619,Charle-Edouard D'Astous,8480426,8480426,0.7750,2025-26,Standard Contract (Two-Way),ok,,https://capwages.com/players/charle-edouard-d-astous,2026-08-08T18:53:41.068777+00:00
620,Victor Hedman,8475167,8475167,7.8750,2023-24,Standard Contract (Extension),ok,,https://capwages.com/players/victor-hedman,2026-08-08T18:53:41.068777+00:00
620,Victor Hedman,8475167,8475167,7.8750,2024-25,Standard Contract (Extension),ok,,https://capwages.com/players/victor-hedman,2026-08-08T18:53:41.068777+00:00
620,Victor Hedman,8475167,8475167,8.0000,2025-26,Contract Extension,ok,,https://capwages.com/players/victor-hedman,2026-08-08T18:53:41.068777+00:00
621,Emil Lilleberg,8482929,8482929,0.8700,2023-24,Entry-Level Contract,ok,,https://capwages.com/players/emil-lilleberg,2026-08-08T18:53:41.068777+00:00
621,Emil Lilleberg,8482929,8482929,0.8700,2024-25,Entry-Level Contract,ok,,https://capwages.com/players/emil-lilleberg,2026-08-08T18:53:41.068777+00:00
621,Emil Lilleberg,8482929,8482929,0.8250,2025-26,Contract Extension,ok,,https://capwages.com/players/emil-lilleberg,2026-08-08T18:53:41.068777+00:00
622,Ryan McDonagh,8474151,8474151,6.7500,2023-24,Standard Contract (Extension),ok,,https://capwages.com/players/ryan-mcdonagh,2026-08-08T18:53:41.068777+00:00
622,Ryan McDonagh,8474151,8474151,6.7500,2024-25,Standard Contract (Extension),ok,,https://capwages.com/players/ryan-mcdonagh,2026-08-08T18:53:41.068777+00:00
622,Ryan McDonagh,8474151,8474151,6.7500,2025-26,Standard Contract (Extension),ok,,https://capwages.com/players/ryan-mcdonagh,2026-08-08T18:53:41.068777+00:00
623,J.J. Moser,8482655,8482655,0.8867,2023-24,Entry-Level Contract,ok,,https://capwages.com/players/j-j-moser,2026-08-08T18:53:41.068777+00:00
623,J.J. Moser,8482655,8482655,3.3750,2024-25,Standard Contract,ok,,https://capwages.com/players/j-j-moser,2026-08-08T18:53:41.068777+00:00
623,J.J. Moser,8482655,8482655,3.3750,2025-26,Standard Contract,ok,,https://capwages.com/players/j-j-moser,2026-08-08T18:53:41.068777+00:00
624,Darren Raddysh,8478178,8478178,0.7625,2023-24,Standard Contract (Extension),ok,,https://capwages.com/players/darren-raddysh,2026-08-08T18:53:41.068777+00:00
624,Darren Raddysh,8478178,8478178,0.9750,2024-25,Standard Contract (Extension),ok,,https://capwages.com/players/darren-raddysh,2026-08-08T18:53:41.068777+00:00
624,Darren Raddysh,8478178,8478178,0.9750,2025-26,Standard Contract (Extension),ok,,https://capwages.com/players/darren-raddysh,2026-08-08T18:53:41.068777+00:00
625,Max Domi,8477503,8477503,3.0000,2023-24,Standard Contract,ok,,https://capwages.com/players/max-domi,2026-08-08T18:53:41.068777+00:00
625,Max Domi,8477503,8477503,3.7500,2024-25,Standard Contract (Extension),ok,,https://capwages.com/players/max-domi,2026-08-08T18:53:41.068777+00:00
625,Max Domi,8477503,8477503,3.7500,2025-26,Standard Contract (Extension),ok,,https://capwages.com/players/max-domi,2026-08-08T18:53:41.068777+00:00
626,Bo Groulx,8480870,8480870,0.7750,2023-24,Standard Contract,ok,,https://capwages.com/players/bo-groulx,2026-08-08T18:53:41.068777+00:00
626,Bo Groulx,8480870,8480870,,2024-25,,low,did not play this season,https://capwages.com/players/bo-groulx,2026-08-08T18:53:41.068777+00:00
626,Bo Groulx,8480870,8480870,0.8125,2025-26,Standard Contract,ok,,https://capwages.com/players/bo-groulx,2026-08-08T18:53:41.068777+00:00
627,Luke Haymes,8485467,8485467,,2023-24,,low,no 2023-24 detail,https://capwages.com/players/luke-haymes,2026-08-08T18:53:41.068777+00:00
627,Luke Haymes,8485467,8485467,,2024-25,,low,no 2024-25 detail,https://capwages.com/players/luke-haymes,2026-08-08T18:53:41.068777+00:00
627,Luke Haymes,8485467,8485467,0.9062,2025-26,Entry-Level Contract,ok,,https://capwages.com/players/luke-haymes,2026-08-08T18:53:41.068777+00:00
628,Calle Jarnkrok,8475714,8475714,2.1000,2023-24,Standard Contract,ok,,https://capwages.com/players/calle-jarnkrok,2026-08-08T18:53:41.068777+00:00
628,Calle Jarnkrok,8475714,8475714,2.1000,2024-25,Standard Contract,ok,,https://capwages.com/players/calle-jarnkrok,2026-08-08T18:53:41.068777+00:00
628,Calle Jarnkrok,8475714,8475714,2.1000,2025-26,Standard Contract,ok,,https://capwages.com/players/calle-jarnkrok,2026-08-08T18:53:41.068777+00:00
629,Dakota Joshua,8478057,8478057,0.8250,2023-24,Standard Contract,ok,,https://capwages.com/players/dakota-joshua,2026-08-08T18:53:41.068777+00:00
629,Dakota Joshua,8478057,8478057,3.2500,2024-25,Standard Contract (Extension),ok,,https://capwages.com/players/dakota-joshua,2026-08-08T18:53:41.068777+00:00
629,Dakota Joshua,8478057,8478057,3.2500,2025-26,Standard Contract (Extension),ok,,https://capwages.com/players/dakota-joshua,2026-08-08T18:53:41.068777+00:00
630,Matthew Knies,8482720,8482720,0.9250,2023-24,Entry-Level Contract,ok,,https://capwages.com/players/matthew-knies,2026-08-08T18:53:41.068777+00:00
630,Matthew Knies,8482720,8482720,0.9250,2024-25,Entry-Level Contract,ok,,https://capwages.com/players/matthew-knies,2026-08-08T18:53:41.068777+00:00
630,Matthew Knies,8482720,8482720,7.7500,2025-26,Standard Contract (Extension),ok,,https://capwages.com/players/matthew-knies,2026-08-08T18:53:41.068777+00:00
631,Steven Lorentz,8478904,8478904,1.0500,2023-24,Standard Contract,ok,,https://capwages.com/players/steven-lorentz,2026-08-08T18:53:41.068777+00:00
631,Steven Lorentz,8478904,8478904,0.7750,2024-25,Standard Contract,ok,,https://capwages.com/players/steven-lorentz,2026-08-08T18:53:41.068777+00:00
631,Steven Lorentz,8478904,8478904,1.3500,2025-26,Standard Contract (Extension),ok,,https://capwages.com/players/steven-lorentz,2026-08-08T18:53:41.068777+00:00
632,Matias Maccelli,8481711,8481711,3.4250,2023-24,Two-Way Contract ,ok,,https://capwages.com/players/matias-maccelli,2026-08-08T18:53:41.068777+00:00
632,Matias Maccelli,8481711,8481711,3.4250,2024-25,Two-Way Contract ,ok,,https://capwages.com/players/matias-maccelli,2026-08-08T18:53:41.068777+00:00
632,Matias Maccelli,8481711,8481711,3.4250,2025-26,Two-Way Contract ,ok,,https://capwages.com/players/matias-maccelli,2026-08-08T18:53:41.068777+00:00
633,Auston Matthews,8479318,8479318,11.6402,2023-24,Standard Contract (Extension),ok,,https://capwages.com/players/auston-matthews,2026-08-08T18:53:41.068777+00:00
633,Auston Matthews,8479318,8479318,13.2500,2024-25,Standard Contract (Extension),ok,,https://capwages.com/players/auston-matthews,2026-08-08T18:53:41.068777+00:00
633,Auston Matthews,8479318,8479318,13.2500,2025-26,Standard Contract (Extension),ok,,https://capwages.com/players/auston-matthews,2026-08-08T18:53:41.068777+00:00
634,William Nylander,8477939,8477939,6.9624,2023-24,Standard Contract,ok,,https://capwages.com/players/william-nylander,2026-08-08T18:53:41.068777+00:00
634,William Nylander,8477939,8477939,11.5000,2024-25,Standard Contract (Extension),ok,,https://capwages.com/players/william-nylander,2026-08-08T18:53:41.068777+00:00
634,William Nylander,8477939,8477939,11.5000,2025-26,Standard Contract (Extension),ok,,https://capwages.com/players/william-nylander,2026-08-08T18:53:41.068777+00:00
635,Nicholas Robertson,8481582,8481582,0.7967,2023-24,Entry-Level Contract,ok,,https://capwages.com/players/nicholas-robertson,2026-08-08T18:53:41.068777+00:00
635,Nicholas Robertson,8481582,8481582,0.8750,2024-25,Standard Contract,ok,,https://capwages.com/players/nicholas-robertson,2026-08-08T18:53:41.068777+00:00
635,Nicholas Robertson,8481582,8481582,1.8250,2025-26,Standard Contract (Extension),ok,,https://capwages.com/players/nicholas-robertson,2026-08-08T18:53:41.068777+00:00
636,John Tavares,8475166,8475166,11.0000,2023-24,Standard Contract,ok,,https://capwages.com/players/john-tavares,2026-08-08T18:53:41.068777+00:00
636,John Tavares,8475166,8475166,11.0000,2024-25,Standard Contract,ok,,https://capwages.com/players/john-tavares,2026-08-08T18:53:41.068777+00:00
636,John Tavares,8475166,8475166,4.3800,2025-26,Standard Contract (Extension),ok,,https://capwages.com/players/john-tavares,2026-08-08T18:53:41.068777+00:00
638,Simon Benoit,8481122,8481122,0.7750,2023-24,Standard Contract,ok,,https://capwages.com/players/simon-benoit,2026-08-08T18:53:41.068777+00:00
638,Simon Benoit,8481122,8481122,1.3500,2024-25,Standard Contract (Extension),ok,,https://capwages.com/players/simon-benoit,2026-08-08T18:53:41.068777+00:00
638,Simon Benoit,8481122,8481122,1.3500,2025-26,Standard Contract (Extension),ok,,https://capwages.com/players/simon-benoit,2026-08-08T18:53:41.068777+00:00
639,Brandon Carlo,8478443,8478443,4.1000,2023-24,Standard Contract (Extension),ok,,https://capwages.com/players/brandon-carlo,2026-08-08T18:53:41.068777+00:00
639,Brandon Carlo,8478443,8478443,4.1000,2024-25,Standard Contract (Extension),ok,,https://capwages.com/players/brandon-carlo,2026-08-08T18:53:41.068777+00:00
639,Brandon Carlo,8478443,8478443,4.1000,2025-26,Standard Contract (Extension),ok,,https://capwages.com/players/brandon-carlo,2026-08-08T18:53:41.068777+00:00
640,Oliver Ekman-Larsson,8475171,8475171,2.2500,2023-24,Standard Contract,ok,,https://capwages.com/players/oliver-ekman-larsson,2026-08-08T18:53:41.068777+00:00
640,Oliver Ekman-Larsson,8475171,8475171,3.5000,2024-25,Standard Contract,ok,,https://capwages.com/players/oliver-ekman-larsson,2026-08-08T18:53:41.068777+00:00
640,Oliver Ekman-Larsson,8475171,8475171,3.5000,2025-26,Standard Contract,ok,,https://capwages.com/players/oliver-ekman-larsson,2026-08-08T18:53:41.068777+00:00
641,Jake McCabe,8476931,8476931,4.0000,2023-24,Standard Contract,ok,,https://capwages.com/players/jake-mccabe,2026-08-08T18:53:41.068777+00:00
641,Jake McCabe,8476931,8476931,4.0000,2024-25,Standard Contract,ok,,https://capwages.com/players/jake-mccabe,2026-08-08T18:53:41.068777+00:00
641,Jake McCabe,8476931,8476931,4.4919,2025-26,Standard Contract (Extension),ok,,https://capwages.com/players/jake-mccabe,2026-08-08T18:53:41.068777+00:00
642,Philippe Myers,8479026,8479026,1.4000,2023-24,Standard Contract (Extension),ok,,https://capwages.com/players/philippe-myers,2026-08-08T18:53:41.068777+00:00
642,Philippe Myers,8479026,8479026,0.7750,2024-25,Standard Contract,ok,,https://capwages.com/players/philippe-myers,2026-08-08T18:53:41.068777+00:00
642,Philippe Myers,8479026,8479026,0.8500,2025-26,Standard Contract (Extension),ok,,https://capwages.com/players/philippe-myers,2026-08-08T18:53:41.068777+00:00
643,Morgan Rielly,8476853,8476853,7.5000,2023-24,Standard Contract (Extension),ok,,https://capwages.com/players/morgan-rielly,2026-08-08T18:53:41.068777+00:00
643,Morgan Rielly,8476853,8476853,7.5000,2024-25,Standard Contract (Extension),ok,,https://capwages.com/players/morgan-rielly,2026-08-08T18:53:41.068777+00:00
643,Morgan Rielly,8476853,8476853,7.5000,2025-26,Standard Contract (Extension),ok,,https://capwages.com/players/morgan-rielly,2026-08-08T18:53:41.068777+00:00
644,Troy Stecher,8479442,8479442,1.1000,2023-24,Standard Contract,ok,,https://capwages.com/players/troy-stecher,2026-08-08T18:53:41.068777+00:00
644,Troy Stecher,8479442,8479442,0.7875,2024-25,Two-Way Contract ,ok,,https://capwages.com/players/troy-stecher,2026-08-08T18:53:41.068777+00:00
644,Troy Stecher,8479442,8479442,0.7875,2025-26,Two-Way Contract ,ok,,https://capwages.com/players/troy-stecher,2026-08-08T18:53:41.068777+00:00
645,Chris Tanev,8475690,8475690,4.5000,2023-24,Standard Contract,ok,,https://capwages.com/players/chris-tanev,2026-08-08T18:53:41.068777+00:00
645,Chris Tanev,8475690,8475690,4.5000,2024-25,Standard Contract,ok,,https://capwages.com/players/chris-tanev,2026-08-08T18:53:41.068777+00:00
645,Chris Tanev,8475690,8475690,4.5000,2025-26,Standard Contract,ok,,https://capwages.com/players/chris-tanev,2026-08-08T18:53:41.068777+00:00
646,Andrew Agozzino,8475461,8475461,,2023-24,,low,did not play this season,https://capwages.com/players/andrew-agozzino,2026-08-08T18:53:41.068777+00:00
646,Andrew Agozzino,8475461,8475461,,2024-25,,low,did not play this season,https://capwages.com/players/andrew-agozzino,2026-08-08T18:53:41.068777+00:00
646,Andrew Agozzino,8475461,8475461,0.7750,2025-26,Two-Way Contract,ok,,https://capwages.com/players/andrew-agozzino,2026-08-08T18:53:41.068777+00:00
647,Daniil But,8484388,8484388,,2023-24,,low,no 2023-24 detail,https://capwages.com/players/daniil-but,2026-08-08T18:53:41.068777+00:00
647,Daniil But,8484388,8484388,,2024-25,,low,no 2024-25 detail,https://capwages.com/players/daniil-but,2026-08-08T18:53:41.068777+00:00
647,Daniil But,8484388,8484388,0.9500,2025-26,Entry-Level Contract,ok,,https://capwages.com/players/daniil-but,2026-08-08T18:53:41.068777+00:00
648,Michael Carcone,8479619,8479619,0.7750,2023-24,Standard Contract (Extension),ok,,https://capwages.com/players/michael-carcone,2026-08-08T18:53:41.068777+00:00
648,Michael Carcone,8479619,8479619,0.7750,2024-25,Standard Contract (Extension),ok,,https://capwages.com/players/michael-carcone,2026-08-08T18:53:41.068777+00:00
648,Michael Carcone,8479619,8479619,0.7750,2025-26,Two-Way Contract (Extension),ok,,https://capwages.com/players/michael-carcone,2026-08-08T18:53:41.068777+00:00
649,Logan Cooley,8483431,8483431,0.9500,2023-24,Entry-Level Contract,ok,,https://capwages.com/players/logan-cooley,2026-08-08T18:53:41.068777+00:00
649,Logan Cooley,8483431,8483431,0.9500,2024-25,Entry-Level Contract,ok,,https://capwages.com/players/logan-cooley,2026-08-08T18:53:41.068777+00:00
649,Logan Cooley,8483431,8483431,0.9500,2025-26,Entry-Level Contract,ok,,https://capwages.com/players/logan-cooley,2026-08-08T18:53:41.068777+00:00
650,Lawson Crouse,8478474,8478474,4.3000,2023-24,Standard Contract,ok,,https://capwages.com/players/lawson-crouse,2026-08-08T18:53:41.068777+00:00
650,Lawson Crouse,8478474,8478474,4.3000,2024-25,Standard Contract,ok,,https://capwages.com/players/lawson-crouse,2026-08-08T18:53:41.068777+00:00
650,Lawson Crouse,8478474,8478474,4.3000,2025-26,Standard Contract,ok,,https://capwages.com/players/lawson-crouse,2026-08-08T18:53:41.068777+00:00
651,Dylan Guenther,8482699,8482699,0.8942,2023-24,Entry-Level Contract,ok,,https://capwages.com/players/dylan-guenther,2026-08-08T18:53:41.068777+00:00
651,Dylan Guenther,8482699,8482699,0.8942,2024-25,Entry-Level Contract,ok,,https://capwages.com/players/dylan-guenther,2026-08-08T18:53:41.068777+00:00
651,Dylan Guenther,8482699,8482699,7.1429,2025-26,Standard Contract (Extension),ok,,https://capwages.com/players/dylan-guenther,2026-08-08T18:53:41.068777+00:00
652,Barrett Hayton,8480849,8480849,1.7750,2023-24,Standard Contract,ok,,https://capwages.com/players/barrett-hayton,2026-08-08T18:53:41.068777+00:00
652,Barrett Hayton,8480849,8480849,2.6500,2024-25,Standard Contract,ok,,https://capwages.com/players/barrett-hayton,2026-08-08T18:53:41.068777+00:00
652,Barrett Hayton,8480849,8480849,2.6500,2025-26,Standard Contract,ok,,https://capwages.com/players/barrett-hayton,2026-08-08T18:53:41.068777+00:00
653,Clayton Keller,8479343,8479343,7.1500,2023-24,Standard Contract (Extension),ok,,https://capwages.com/players/clayton-keller,2026-08-08T18:53:41.068777+00:00
653,Clayton Keller,8479343,8479343,7.1500,2024-25,Standard Contract (Extension),ok,,https://capwages.com/players/clayton-keller,2026-08-08T18:53:41.068777+00:00
653,Clayton Keller,8479343,8479343,7.1500,2025-26,Standard Contract (Extension),ok,,https://capwages.com/players/clayton-keller,2026-08-08T18:53:41.068777+00:00
654,Alexander Kerfoot,8477021,8477021,3.5000,2023-24,Standard Contract,ok,,https://capwages.com/players/alex-kerfoot,2026-08-08T18:53:41.068777+00:00
654,Alexander Kerfoot,8477021,8477021,3.5000,2024-25,Standard Contract,ok,,https://capwages.com/players/alex-kerfoot,2026-08-08T18:53:41.068777+00:00
654,Alexander Kerfoot,8477021,8477021,3.0000,2025-26,Standard Contract (Extension),ok,,https://capwages.com/players/alex-kerfoot,2026-08-08T18:53:41.068777+00:00
655,Jack McBain,8480855,8480855,1.6000,2023-24,Standard Contract,ok,,https://capwages.com/players/jack-mcbain,2026-08-08T18:53:41.068777+00:00
655,Jack McBain,8480855,8480855,1.6000,2024-25,Standard Contract,ok,,https://capwages.com/players/jack-mcbain,2026-08-08T18:53:41.068777+00:00
655,Jack McBain,8480855,8480855,4.2500,2025-26,Standard Contract (Extension),ok,,https://capwages.com/players/jack-mcbain,2026-08-08T18:53:41.068777+00:00
656,Ben McCartney,8481827,8481827,,2023-24,,low,did not play this season,https://capwages.com/players/ben-mccartney,2026-08-08T18:53:41.068777+00:00
656,Ben McCartney,8481827,8481827,,2024-25,,low,did not play this season,https://capwages.com/players/ben-mccartney,2026-08-08T18:53:41.068777+00:00
656,Ben McCartney,8481827,8481827,,2025-26,,low,did not play this season,https://capwages.com/players/ben-mccartney,2026-08-08T18:53:41.068777+00:00
657,Liam O'Brien,8477070,8477070,0.7750,2023-24,Standard Contract (Extension),ok,,https://capwages.com/players/liam-o-brien,2026-08-08T18:53:41.068777+00:00
657,Liam O'Brien,8477070,8477070,1.0000,2024-25,Standard Contract (Extension),ok,,https://capwages.com/players/liam-o-brien,2026-08-08T18:53:41.068777+00:00
657,Liam O'Brien,8477070,8477070,1.0000,2025-26,Standard Contract (Extension),ok,,https://capwages.com/players/liam-o-brien,2026-08-08T18:53:41.068777+00:00
658,JJ Peterka,8482175,8482175,0.8558,2023-24,Entry-Level Contract,ok,,https://capwages.com/players/jj-peterka,2026-08-08T18:53:41.068777+00:00
658,JJ Peterka,8482175,8482175,0.8558,2024-25,Entry-Level Contract,ok,,https://capwages.com/players/jj-peterka,2026-08-08T18:53:41.068777+00:00
658,JJ Peterka,8482175,8482175,7.7000,2025-26,Standard Contract (Extension),ok,,https://capwages.com/players/jj-peterka,2026-08-08T18:53:41.068777+00:00
659,Kevin Rooney,8479291,8479291,1.3000,2023-24,Standard Contract,ok,,https://capwages.com/players/kevin-rooney,2026-08-08T18:53:41.068777+00:00
659,Kevin Rooney,8479291,8479291,1.3000,2024-25,Standard Contract (Extension),ok,,https://capwages.com/players/kevin-rooney,2026-08-08T18:53:41.068777+00:00
659,Kevin Rooney,8479291,8479291,0.7750,2025-26,Two-Way Contract,ok,,https://capwages.com/players/kevin-rooney,2026-08-08T18:53:41.068777+00:00
660,Nick Schmaltz,8477951,8477951,5.8500,2023-24,Standard Contract (Extension),ok,,https://capwages.com/players/nick-schmaltz,2026-08-08T18:53:41.068777+00:00
660,Nick Schmaltz,8477951,8477951,5.8500,2024-25,Standard Contract (Extension),ok,,https://capwages.com/players/nick-schmaltz,2026-08-08T18:53:41.068777+00:00
660,Nick Schmaltz,8477951,8477951,5.8500,2025-26,Standard Contract (Extension),ok,,https://capwages.com/players/nick-schmaltz,2026-08-08T18:53:41.068777+00:00
661,Kevin Stenlund,8478831,8478831,1.0000,2023-24,Standard Contract,ok,,https://capwages.com/players/kevin-stenlund,2026-08-08T18:53:41.068777+00:00
661,Kevin Stenlund,8478831,8478831,2.0000,2024-25,Standard Contract,ok,,https://capwages.com/players/kevin-stenlund,2026-08-08T18:53:41.068777+00:00
661,Kevin Stenlund,8478831,8478831,2.0000,2025-26,Standard Contract,ok,,https://capwages.com/players/kevin-stenlund,2026-08-08T18:53:41.068777+00:00
662,Brandon Tanev,8479293,8479293,3.5000,2023-24,Standard Contract,ok,,https://capwages.com/players/brandon-tanev,2026-08-08T18:53:41.068777+00:00
662,Brandon Tanev,8479293,8479293,3.5000,2024-25,Standard Contract,ok,,https://capwages.com/players/brandon-tanev,2026-08-08T18:53:41.068777+00:00
662,Brandon Tanev,8479293,8479293,2.5000,2025-26,Standard Contract,ok,,https://capwages.com/players/brandon-tanev,2026-08-08T18:53:41.068777+00:00
663,Kailer Yamamoto,8479977,8479977,1.5000,2023-24,Standard Contract,ok,,https://capwages.com/players/kailer-yamamoto,2026-08-08T18:53:41.068777+00:00
663,Kailer Yamamoto,8479977,8479977,0.7750,2024-25,Standard Contract,ok,,https://capwages.com/players/kailer-yamamoto,2026-08-08T18:53:41.068777+00:00
663,Kailer Yamamoto,8479977,8479977,0.7750,2025-26,Two-Way Contract ,ok,,https://capwages.com/players/kailer-yamamoto,2026-08-08T18:53:41.068777+00:00
664,Ian Cole,8474013,8474013,3.0000,2023-24,Standard Contract,ok,,https://capwages.com/players/ian-cole,2026-08-08T18:53:41.068777+00:00
664,Ian Cole,8474013,8474013,3.1000,2024-25,35+ Contract,ok,,https://capwages.com/players/ian-cole,2026-08-08T18:53:41.068777+00:00
664,Ian Cole,8474013,8474013,2.8000,2025-26,35+ Contract,ok,,https://capwages.com/players/ian-cole,2026-08-08T18:53:41.068777+00:00
665,Nick DeSimone,8480084,8480084,0.7625,2023-24,Standard Contract,ok,,https://capwages.com/players/nick-desimone,2026-08-08T18:53:41.068777+00:00
665,Nick DeSimone,8480084,8480084,0.7750,2024-25,Standard Contract (Extension),ok,,https://capwages.com/players/nick-desimone,2026-08-08T18:53:41.068777+00:00
665,Nick DeSimone,8480084,8480084,0.8000,2025-26,Standard Contract (Extension),ok,,https://capwages.com/players/nick-desimone,2026-08-08T18:53:41.068777+00:00
666,Sean Durzi,8480434,8480434,1.7000,2023-24,Standard Contract,ok,,https://capwages.com/players/sean-durzi,2026-08-08T18:53:41.068777+00:00
666,Sean Durzi,8480434,8480434,6.0000,2024-25,Standard Contract (Extension),ok,,https://capwages.com/players/sean-durzi,2026-08-08T18:53:41.068777+00:00
666,Sean Durzi,8480434,8480434,6.0000,2025-26,Standard Contract (Extension),ok,,https://capwages.com/players/sean-durzi,2026-08-08T18:53:41.068777+00:00
667,Maveric Lamoureux,8483472,8483472,,2023-24,,low,did not play this season,https://capwages.com/players/maveric-lamoureux,2026-08-08T18:53:41.068777+00:00
667,Maveric Lamoureux,8483472,8483472,0.8867,2024-25,Entry-Level Contract,ok,,https://capwages.com/players/maveric-lamoureux,2026-08-08T18:53:41.068777+00:00
667,Maveric Lamoureux,8483472,8483472,0.8867,2025-26,Entry-Level Contract,ok,,https://capwages.com/players/maveric-lamoureux,2026-08-08T18:53:41.068777+00:00
668,John Marino,8478507,8478507,4.4000,2023-24,Standard Contract (Extension),ok,,https://capwages.com/players/john-marino,2026-08-08T18:53:41.068777+00:00
668,John Marino,8478507,8478507,4.4000,2024-25,Standard Contract (Extension),ok,,https://capwages.com/players/john-marino,2026-08-08T18:53:41.068777+00:00
668,John Marino,8478507,8478507,4.4000,2025-26,Standard Contract (Extension),ok,,https://capwages.com/players/john-marino,2026-08-08T18:53:41.068777+00:00
669,Scott Perunovich,8481059,8481059,0.7750,2023-24,Standard Contract (Extension),ok,,https://capwages.com/players/scott-perunovich,2026-08-08T18:53:41.068777+00:00
669,Scott Perunovich,8481059,8481059,1.1500,2024-25,Standard Contract (Extension),ok,,https://capwages.com/players/scott-perunovich,2026-08-08T18:53:41.068777+00:00
669,Scott Perunovich,8481059,8481059,,2025-26,,low,did not play this season,https://capwages.com/players/scott-perunovich,2026-08-08T18:53:41.068777+00:00
670,Nate Schmidt,8477220,8477220,5.9500,2023-24,Standard Contract (Extension),ok,,https://capwages.com/players/nate-schmidt,2026-08-08T18:53:41.068777+00:00
670,Nate Schmidt,8477220,8477220,0.8000,2024-25,Standard Contract,ok,,https://capwages.com/players/nate-schmidt,2026-08-08T18:53:41.068777+00:00
670,Nate Schmidt,8477220,8477220,3.5000,2025-26,Standard Contract,ok,,https://capwages.com/players/nate-schmidt,2026-08-08T18:53:41.068777+00:00
671,Mikhail Sergachev,8479410,8479410,8.5000,2023-24,Standard Contract (Extension),ok,,https://capwages.com/players/mikhail-sergachev,2026-08-08T18:53:41.068777+00:00
671,Mikhail Sergachev,8479410,8479410,8.5000,2024-25,Standard Contract (Extension),ok,,https://capwages.com/players/mikhail-sergachev,2026-08-08T18:53:41.068777+00:00
671,Mikhail Sergachev,8479410,8479410,8.5000,2025-26,Standard Contract (Extension),ok,,https://capwages.com/players/mikhail-sergachev,2026-08-08T18:53:41.068777+00:00
672,Dmitri Simashev,8484386,,,2023-24,,low,http 404,https://capwages.com/players/dmitri-simashev,2026-08-08T18:53:41.068777+00:00
672,Dmitri Simashev,8484386,,,2024-25,,low,http 404,https://capwages.com/players/dmitri-simashev,2026-08-08T18:53:41.068777+00:00
672,Dmitri Simashev,8484386,,,2025-26,,low,http 404,https://capwages.com/players/dmitri-simashev,2026-08-08T18:53:41.068777+00:00
673,Maksymilian Szuber,8483763,8483763,0.8592,2023-24,Entry-Level Contract,ok,,https://capwages.com/players/maksymilian-szuber,2026-08-08T18:53:41.068777+00:00
673,Maksymilian Szuber,8483763,8483763,,2024-25,,low,did not play this season,https://capwages.com/players/maksymilian-szuber,2026-08-08T18:53:41.068777+00:00
673,Maksymilian Szuber,8483763,8483763,,2025-26,,low,did not play this season,https://capwages.com/players/maksymilian-szuber,2026-08-08T18:53:41.068777+00:00
674,MacKenzie Weegar,8477346,8477346,6.2500,2023-24,Standard Contract (Extension),ok,,https://capwages.com/players/mackenzie-weegar,2026-08-08T18:53:41.068777+00:00
674,MacKenzie Weegar,8477346,8477346,6.2500,2024-25,Standard Contract (Extension),ok,,https://capwages.com/players/mackenzie-weegar,2026-08-08T18:53:41.068777+00:00
674,MacKenzie Weegar,8477346,8477346,6.2500,2025-26,Standard Contract (Extension),ok,,https://capwages.com/players/mackenzie-weegar,2026-08-08T18:53:41.068777+00:00
675,Nils Aman,8482496,8482496,0.8838,2023-24,Entry-Level Contract,ok,,https://capwages.com/players/nils-aman,2026-08-08T18:53:41.068777+00:00
675,Nils Aman,8482496,8482496,0.8250,2024-25,Two-Way Contract (Extension),ok,,https://capwages.com/players/nils-aman,2026-08-08T18:53:41.068777+00:00
675,Nils Aman,8482496,8482496,0.8250,2025-26,Two-Way Contract (Extension),ok,,https://capwages.com/players/nils-aman,2026-08-08T18:53:41.068777+00:00
676,Teddy Blueger,8476927,8476927,1.9000,2023-24,Standard Contract,ok,,https://capwages.com/players/teddy-blueger,2026-08-08T18:53:41.068777+00:00
676,Teddy Blueger,8476927,8476927,1.8000,2024-25,Standard Contract (Extension),ok,,https://capwages.com/players/teddy-blueger,2026-08-08T18:53:41.068777+00:00
676,Teddy Blueger,8476927,8476927,1.8000,2025-26,Standard Contract (Extension),ok,,https://capwages.com/players/teddy-blueger,2026-08-08T18:53:41.068777+00:00
677,Brock Boeser,8478444,8478444,6.6500,2023-24,Standard Contract (Extension),ok,,https://capwages.com/players/brock-boeser,2026-08-08T18:53:41.068777+00:00
677,Brock Boeser,8478444,8478444,6.6500,2024-25,Standard Contract (Extension),ok,,https://capwages.com/players/brock-boeser,2026-08-08T18:53:41.068777+00:00
677,Brock Boeser,8478444,8478444,7.2500,2025-26,Standard Contract,ok,,https://capwages.com/players/brock-boeser,2026-08-08T18:53:41.068777+00:00
678,Filip Chytil,8480078,8480078,4.4375,2023-24,Standard Contract (Extension),ok,,https://capwages.com/players/filip-chytil,2026-08-08T18:53:41.068777+00:00
678,Filip Chytil,8480078,8480078,4.4375,2024-25,Standard Contract (Extension),ok,,https://capwages.com/players/filip-chytil,2026-08-08T18:53:41.068777+00:00
678,Filip Chytil,8480078,8480078,4.4375,2025-26,Standard Contract (Extension),ok,,https://capwages.com/players/filip-chytil,2026-08-08T18:53:41.068777+00:00
679,Jake DeBrusk,8478498,8478498,4.0000,2023-24,Standard Contract (Extension),ok,,https://capwages.com/players/jake-debrusk,2026-08-08T18:53:41.068777+00:00
679,Jake DeBrusk,8478498,8478498,5.5000,2024-25,Standard Contract,ok,,https://capwages.com/players/jake-debrusk,2026-08-08T18:53:41.068777+00:00
679,Jake DeBrusk,8478498,8478498,5.5000,2025-26,Standard Contract,ok,,https://capwages.com/players/jake-debrusk,2026-08-08T18:53:41.068777+00:00
680,Curtis Douglas,8480876,8480876,,2023-24,,low,did not play this season,https://capwages.com/players/curtis-douglas,2026-08-08T18:53:41.068777+00:00
680,Curtis Douglas,8480876,8480876,,2024-25,,low,did not play this season,https://capwages.com/players/curtis-douglas,2026-08-08T18:53:41.068777+00:00
680,Curtis Douglas,8480876,8480876,0.7750,2025-26,Two-Way Contract ,ok,,https://capwages.com/players/curtis-douglas,2026-08-08T18:53:41.068777+00:00
681,Nils Hoglander,8481535,8481535,1.1000,2023-24,Standard Contract,ok,,https://capwages.com/players/nils-hoglander,2026-08-08T18:53:41.068777+00:00
681,Nils Hoglander,8481535,8481535,1.1000,2024-25,Standard Contract,ok,,https://capwages.com/players/nils-hoglander,2026-08-08T18:53:41.068777+00:00
681,Nils Hoglander,8481535,8481535,3.0000,2025-26,Standard Contract (Extension),ok,,https://capwages.com/players/nils-hoglander,2026-08-08T18:53:41.068777+00:00
682,Evander Kane,8475169,8475169,5.1250,2023-24,Standard Contract (Extension),ok,,https://capwages.com/players/evander-kane,2026-08-08T18:53:41.068777+00:00
682,Evander Kane,8475169,8475169,,2024-25,,low,did not play this season,https://capwages.com/players/evander-kane,2026-08-08T18:53:41.068777+00:00
682,Evander Kane,8475169,8475169,5.1250,2025-26,Standard Contract (Extension),ok,,https://capwages.com/players/evander-kane,2026-08-08T18:53:41.068777+00:00
683,Linus Karlsson,8481024,8481024,0.8838,2023-24,Entry-Level Contract,ok,,https://capwages.com/players/linus-karlsson,2026-08-08T18:53:41.068777+00:00
683,Linus Karlsson,8481024,8481024,0.7750,2024-25,Standard Contract (Extension),ok,,https://capwages.com/players/linus-karlsson,2026-08-08T18:53:41.068777+00:00
683,Linus Karlsson,8481024,8481024,0.7750,2025-26,Standard Contract (Extension),ok,,https://capwages.com/players/linus-karlsson,2026-08-08T18:53:41.068777+00:00
684,Drew O'Connor,8482055,8482055,0.9250,2023-24,Standard Contract,ok,,https://capwages.com/players/drew-o-connor,2026-08-08T18:53:41.068777+00:00
684,Drew O'Connor,8482055,8482055,0.9250,2024-25,Standard Contract,ok,,https://capwages.com/players/drew-o-connor,2026-08-08T18:53:41.068777+00:00
684,Drew O'Connor,8482055,8482055,2.5000,2025-26,Standard Contract (Extension),ok,,https://capwages.com/players/drew-o-connor,2026-08-08T18:53:41.068777+00:00
685,Liam Ohgren,8483499,8483499,0.9183,2023-24,Entry-Level Contract,ok,,https://capwages.com/players/liam-ohgren,2026-08-08T18:53:41.068777+00:00
685,Liam Ohgren,8483499,8483499,0.8867,2024-25,Entry-Level Contract,ok,,https://capwages.com/players/liam-ohgren,2026-08-08T18:53:41.068777+00:00
685,Liam Ohgren,8483499,8483499,0.8867,2025-26,Entry-Level Contract,ok,,https://capwages.com/players/liam-ohgren,2026-08-08T18:53:41.068777+00:00
686,Elias Pettersson,8480012,8480012,7.3500,2023-24,Standard Contract,ok,,https://capwages.com/players/elias-pettersson,2026-08-08T18:53:41.068777+00:00
686,Elias Pettersson,8480012,8480012,11.6000,2024-25,Standard Contract (Extension),ok,,https://capwages.com/players/elias-pettersson,2026-08-08T18:53:41.068777+00:00
686,Elias Pettersson,8480012,8480012,11.6000,2025-26,Standard Contract (Extension),ok,,https://capwages.com/players/elias-pettersson,2026-08-08T18:53:41.068777+00:00
687,Aatu Räty,8482691,8482691,,2023-24,,low,did not play this season,https://capwages.com/players/aatu-raty,2026-08-08T18:53:41.068777+00:00
687,Aatu Räty,8482691,8482691,0.8367,2024-25,Entry-Level Contract,ok,,https://capwages.com/players/aatu-raty,2026-08-08T18:53:41.068777+00:00
687,Aatu Räty,8482691,8482691,0.8125,2025-26,Standard Contract (Extension),ok,,https://capwages.com/players/aatu-raty,2026-08-08T18:53:41.068777+00:00
688,Marco Rossi,8482079,8482079,0.8633,2023-24,Entry-Level Contract,ok,,https://capwages.com/players/marco-rossi,2026-08-08T18:53:41.068777+00:00
688,Marco Rossi,8482079,8482079,0.8633,2024-25,Entry-Level Contract,ok,,https://capwages.com/players/marco-rossi,2026-08-08T18:53:41.068777+00:00
688,Marco Rossi,8482079,8482079,5.0000,2025-26,Standard Contract (Extension),ok,,https://capwages.com/players/marco-rossi,2026-08-08T18:53:41.068777+00:00
689,Max Sasson,8484136,8484136,,2023-24,,low,did not play this season,https://capwages.com/players/max-sasson,2026-08-08T18:53:41.068777+00:00
689,Max Sasson,8484136,8484136,0.8700,2024-25,Entry-Level Contract,ok,,https://capwages.com/players/max-sasson,2026-08-08T18:53:41.068777+00:00
689,Max Sasson,8484136,8484136,0.7750,2025-26,Standard Contract (Extension),ok,,https://capwages.com/players/max-sasson,2026-08-08T18:53:41.068777+00:00
690,Zeev Buium,8484798,8484798,,2023-24,,low,no 2023-24 detail,https://capwages.com/players/zeev-buium,2026-08-08T18:53:41.068777+00:00
690,Zeev Buium,8484798,8484798,,2024-25,,low,did not play this season,https://capwages.com/players/zeev-buium,2026-08-08T18:53:41.068777+00:00
690,Zeev Buium,8484798,8484798,0.9665,2025-26,Entry-Level Contract,ok,,https://capwages.com/players/zeev-buium,2026-08-08T18:53:41.068777+00:00
691,Derek Forbort,8475762,8475762,3.0000,2023-24,Standard Contract,ok,,https://capwages.com/players/derek-forbort,2026-08-08T18:53:41.068777+00:00
691,Derek Forbort,8475762,8475762,1.5000,2024-25,Standard Contract,ok,,https://capwages.com/players/derek-forbort,2026-08-08T18:53:41.068777+00:00
691,Derek Forbort,8475762,8475762,2.0000,2025-26,Standard Contract (Extension),ok,,https://capwages.com/players/derek-forbort,2026-08-08T18:53:41.068777+00:00
692,Filip Hronek,8479425,8479425,4.4000,2023-24,Standard Contract,ok,,https://capwages.com/players/filip-hronek,2026-08-08T18:53:41.068777+00:00
692,Filip Hronek,8479425,8479425,7.2500,2024-25,Standard Contract (Extension),ok,,https://capwages.com/players/filip-hronek,2026-08-08T18:53:41.068777+00:00
692,Filip Hronek,8479425,8479425,7.2500,2025-26,Standard Contract (Extension),ok,,https://capwages.com/players/filip-hronek,2026-08-08T18:53:41.068777+00:00
693,Pierre-Olivier Joseph,8480058,8480058,0.8250,2023-24,Standard Contract (Extension),ok,,https://capwages.com/players/pierre-olivier-joseph,2026-08-08T18:53:41.068777+00:00
693,Pierre-Olivier Joseph,8480058,8480058,0.9500,2024-25,Standard Contract,ok,,https://capwages.com/players/pierre-olivier-joseph,2026-08-08T18:53:41.068777+00:00
693,Pierre-Olivier Joseph,8480058,8480058,0.7750,2025-26,Standard Contract,ok,,https://capwages.com/players/pierre-olivier-joseph,2026-08-08T18:53:41.068777+00:00
694,Victor Mancini,8483768,8483768,,2023-24,,low,no 2023-24 detail,https://capwages.com/players/victor-mancini,2026-08-08T18:53:41.068777+00:00
694,Victor Mancini,8483768,8483768,0.8700,2024-25,Entry-Level Contract,ok,,https://capwages.com/players/victor-mancini,2026-08-08T18:53:41.068777+00:00
694,Victor Mancini,8483768,8483768,0.8700,2025-26,Entry-Level Contract,ok,,https://capwages.com/players/victor-mancini,2026-08-08T18:53:41.068777+00:00
695,Elias Pettersson,8483678,8483678,,2023-24,,low,did not play this season,https://capwages.com/players/elias-pettersson-1,2026-08-08T18:53:41.068777+00:00
695,Elias Pettersson,8483678,8483678,0.8383,2024-25,Entry-Level Contract,ok,,https://capwages.com/players/elias-pettersson-1,2026-08-08T18:53:41.068777+00:00
695,Elias Pettersson,8483678,8483678,0.8383,2025-26,Entry-Level Contract,ok,,https://capwages.com/players/elias-pettersson-1,2026-08-08T18:53:41.068777+00:00
696,Marcus Pettersson,8477969,8477969,4.0252,2023-24,Standard Contract (Extension),ok,,https://capwages.com/players/marcus-pettersson,2026-08-08T18:53:41.068777+00:00
696,Marcus Pettersson,8477969,8477969,4.0252,2024-25,Standard Contract (Extension),ok,,https://capwages.com/players/marcus-pettersson,2026-08-08T18:53:41.068777+00:00
696,Marcus Pettersson,8477969,8477969,5.5000,2025-26,Standard Contract (Extension),ok,,https://capwages.com/players/marcus-pettersson,2026-08-08T18:53:41.068777+00:00
697,Tom Willander,8484240,8484240,,2023-24,,low,no 2023-24 detail,https://capwages.com/players/tom-willander,2026-08-08T18:53:41.068777+00:00
697,Tom Willander,8484240,8484240,,2024-25,,low,no 2024-25 detail,https://capwages.com/players/tom-willander,2026-08-08T18:53:41.068777+00:00
697,Tom Willander,8484240,8484240,0.9500,2025-26,Entry-Level Contract,ok,,https://capwages.com/players/tom-willander,2026-08-08T18:53:41.068777+00:00
698,Ivan Barbashev,8477964,8477964,5.0000,2023-24,Standard Contract (Extension),ok,,https://capwages.com/players/ivan-barbashev,2026-08-08T18:53:41.068777+00:00
698,Ivan Barbashev,8477964,8477964,5.0000,2024-25,Standard Contract (Extension),ok,,https://capwages.com/players/ivan-barbashev,2026-08-08T18:53:41.068777+00:00
698,Ivan Barbashev,8477964,8477964,5.0000,2025-26,Standard Contract (Extension),ok,,https://capwages.com/players/ivan-barbashev,2026-08-08T18:53:41.068777+00:00
699,Braeden Bowman,8483890,8483890,,2023-24,,low,no 2023-24 detail,https://capwages.com/players/braeden-bowman,2026-08-08T18:53:41.068777+00:00
699,Braeden Bowman,8483890,8483890,,2024-25,,low,no 2024-25 detail,https://capwages.com/players/braeden-bowman,2026-08-08T18:53:41.068777+00:00
699,Braeden Bowman,8483890,8483890,0.8750,2025-26,Entry-Level Contract,ok,,https://capwages.com/players/braeden-bowman,2026-08-08T18:53:41.068777+00:00
700,Pavel Dorofeyev,8481604,8481604,0.8250,2023-24,Standard Contract,ok,,https://capwages.com/players/pavel-dorofeyev,2026-08-08T18:53:41.068777+00:00
700,Pavel Dorofeyev,8481604,8481604,1.8350,2024-25,Standard Contract,ok,,https://capwages.com/players/pavel-dorofeyev,2026-08-08T18:53:41.068777+00:00
700,Pavel Dorofeyev,8481604,8481604,1.8350,2025-26,Standard Contract,ok,,https://capwages.com/players/pavel-dorofeyev,2026-08-08T18:53:41.068777+00:00
701,Nic Dowd,8475343,8475343,1.3000,2023-24,Standard Contract (Extension),ok,,https://capwages.com/players/nic-dowd,2026-08-08T18:53:41.068777+00:00
701,Nic Dowd,8475343,8475343,1.3000,2024-25,Standard Contract (Extension),ok,,https://capwages.com/players/nic-dowd,2026-08-08T18:53:41.068777+00:00
701,Nic Dowd,8475343,8475343,3.0000,2025-26,Standard Contract (Extension),ok,,https://capwages.com/players/nic-dowd,2026-08-08T18:53:41.068777+00:00
702,Jack Eichel,8478403,8478403,10.0000,2023-24,Standard Contract (Extension),ok,,https://capwages.com/players/jack-eichel,2026-08-08T18:53:41.068777+00:00
702,Jack Eichel,8478403,8478403,10.0000,2024-25,Standard Contract (Extension),ok,,https://capwages.com/players/jack-eichel,2026-08-08T18:53:41.068777+00:00
702,Jack Eichel,8478403,8478403,10.0000,2025-26,Standard Contract (Extension),ok,,https://capwages.com/players/jack-eichel,2026-08-08T18:53:41.068777+00:00
703,Tomas Hertl,8476881,8476881,8.1375,2023-24,Standard Contract (Extension),ok,,https://capwages.com/players/tomas-hertl,2026-08-08T18:53:41.068777+00:00
703,Tomas Hertl,8476881,8476881,8.1375,2024-25,Standard Contract (Extension),ok,,https://capwages.com/players/tomas-hertl,2026-08-08T18:53:41.068777+00:00
703,Tomas Hertl,8476881,8476881,8.1375,2025-26,Standard Contract (Extension),ok,,https://capwages.com/players/tomas-hertl,2026-08-08T18:53:41.068777+00:00
704,Alexander Holtz,8482125,8482125,0.8942,2023-24,Entry-Level Contract,ok,,https://capwages.com/players/alexander-holtz,2026-08-08T18:53:41.068777+00:00
704,Alexander Holtz,8482125,8482125,0.8942,2024-25,Entry-Level Contract,ok,,https://capwages.com/players/alexander-holtz,2026-08-08T18:53:41.068777+00:00
704,Alexander Holtz,8482125,8482125,0.8375,2025-26,Standard Contract (Extension),ok,,https://capwages.com/players/alexander-holtz,2026-08-08T18:53:41.068777+00:00
705,Brett Howden,8479353,8479353,1.9000,2023-24,Standard Contract,ok,,https://capwages.com/players/brett-howden,2026-08-08T18:53:41.068777+00:00
705,Brett Howden,8479353,8479353,1.9000,2024-25,Standard Contract,ok,,https://capwages.com/players/brett-howden,2026-08-08T18:53:41.068777+00:00
705,Brett Howden,8479353,8479353,2.5000,2025-26,Standard Contract (Extension),ok,,https://capwages.com/players/brett-howden,2026-08-08T18:53:41.068777+00:00
706,William Karlsson,8476448,8476448,5.9000,2023-24,Standard Contract (Extension),ok,,https://capwages.com/players/william-karlsson,2026-08-08T18:53:41.068777+00:00
706,William Karlsson,8476448,8476448,5.9000,2024-25,Standard Contract (Extension),ok,,https://capwages.com/players/william-karlsson,2026-08-08T18:53:41.068777+00:00
706,William Karlsson,8476448,8476448,5.9000,2025-26,Standard Contract (Extension),ok,,https://capwages.com/players/william-karlsson,2026-08-08T18:53:41.068777+00:00
707,Keegan Kolesar,8478434,8478434,1.4000,2023-24,Standard Contract,ok,,https://capwages.com/players/keegan-kolesar,2026-08-08T18:53:41.068777+00:00
707,Keegan Kolesar,8478434,8478434,1.4000,2024-25,Standard Contract,ok,,https://capwages.com/players/keegan-kolesar,2026-08-08T18:53:41.068777+00:00
707,Keegan Kolesar,8478434,8478434,2.5000,2025-26,Standard Contract (Extension),ok,,https://capwages.com/players/keegan-kolesar,2026-08-08T18:53:41.068777+00:00
708,Tanner Laczynski,8479550,8479550,,2023-24,,low,did not play this season,https://capwages.com/players/tanner-laczynski,2026-08-08T18:53:41.068777+00:00
708,Tanner Laczynski,8479550,8479550,0.7750,2024-25,Standard Contract,ok,,https://capwages.com/players/tanner-laczynski,2026-08-08T18:53:41.068777+00:00
708,Tanner Laczynski,8479550,8479550,0.7750,2025-26,Standard Contract,ok,,https://capwages.com/players/tanner-laczynski,2026-08-08T18:53:41.068777+00:00
709,Raphael Lavoie,8481534,8481534,0.8741,2023-24,Standard Contract,ok,,https://capwages.com/players/raphael-lavoie,2026-08-08T18:53:41.068777+00:00
709,Raphael Lavoie,8481534,8481534,0.7750,2024-25,Two-Way Contract ,ok,,https://capwages.com/players/raphael-lavoie,2026-08-08T18:53:41.068777+00:00
709,Raphael Lavoie,8481534,8481534,0.7750,2025-26,Two-Way Contract,ok,,https://capwages.com/players/raphael-lavoie,2026-08-08T18:53:41.068777+00:00
710,Mitch Marner,8478483,8478483,10.9030,2023-24,Standard Contract,ok,,https://capwages.com/players/mitch-marner,2026-08-08T18:53:41.068777+00:00
710,Mitch Marner,8478483,8478483,10.9030,2024-25,Standard Contract,ok,,https://capwages.com/players/mitch-marner,2026-08-08T18:53:41.068777+00:00
710,Mitch Marner,8478483,8478483,12.0000,2025-26,Standard Contract (Extension),ok,,https://capwages.com/players/mitch-marner,2026-08-08T18:53:41.068777+00:00
711,Jonas Rondbjerg,8480007,8480007,0.7667,2023-24,Standard Contract,ok,,https://capwages.com/players/jonas-rondbjerg,2026-08-08T18:53:41.068777+00:00
711,Jonas Rondbjerg,8480007,8480007,0.7667,2024-25,Standard Contract,ok,,https://capwages.com/players/jonas-rondbjerg,2026-08-08T18:53:41.068777+00:00
711,Jonas Rondbjerg,8480007,8480007,0.7750,2025-26,Two-Way Contract,ok,,https://capwages.com/players/jonas-rondbjerg,2026-08-08T18:53:41.068777+00:00
712,Brandon Saad,8476438,8476438,4.5000,2023-24,Standard Contract,ok,,https://capwages.com/players/brandon-saad,2026-08-08T18:53:41.068777+00:00
712,Brandon Saad,8476438,8476438,2.0000,2024-25,Standard Contract,ok,,https://capwages.com/players/brandon-saad,2026-08-08T18:53:41.068777+00:00
712,Brandon Saad,8476438,8476438,2.0000,2025-26,Standard Contract (Extension),ok,,https://capwages.com/players/brandon-saad,2026-08-08T18:53:41.068777+00:00
713,Colton Sissons,8476925,8476925,2.8571,2023-24,Standard Contract,ok,,https://capwages.com/players/colton-sissons,2026-08-08T18:53:41.068777+00:00
713,Colton Sissons,8476925,8476925,2.8571,2024-25,Standard Contract,ok,,https://capwages.com/players/colton-sissons,2026-08-08T18:53:41.068777+00:00
713,Colton Sissons,8476925,8476925,2.8571,2025-26,Standard Contract,ok,,https://capwages.com/players/colton-sissons,2026-08-08T18:53:41.068777+00:00
714,Cole Smith,8482062,8482062,0.7750,2023-24,Standard Contract (Extension),ok,,https://capwages.com/players/cole-smith,2026-08-08T18:53:41.068777+00:00
714,Cole Smith,8482062,8482062,1.0000,2024-25,Standard Contract (Extension),ok,,https://capwages.com/players/cole-smith,2026-08-08T18:53:41.068777+00:00
714,Cole Smith,8482062,8482062,1.0000,2025-26,Standard Contract (Extension),ok,,https://capwages.com/players/cole-smith,2026-08-08T18:53:41.068777+00:00
715,Reilly Smith,8475191,8475191,5.0000,2023-24,Standard Contract,ok,,https://capwages.com/players/reilly-smith,2026-08-08T18:53:41.068777+00:00
715,Reilly Smith,8475191,8475191,5.0000,2024-25,Standard Contract,ok,,https://capwages.com/players/reilly-smith,2026-08-08T18:53:41.068777+00:00
715,Reilly Smith,8475191,8475191,2.0000,2025-26,Standard Contract (Extension),ok,,https://capwages.com/players/reilly-smith,2026-08-08T18:53:41.068777+00:00
716,Mark Stone,8475913,8475913,9.5000,2023-24,Standard Contract (Extension),ok,,https://capwages.com/players/mark-stone,2026-08-08T18:53:41.068777+00:00
716,Mark Stone,8475913,8475913,9.5000,2024-25,Standard Contract (Extension),ok,,https://capwages.com/players/mark-stone,2026-08-08T18:53:41.068777+00:00
716,Mark Stone,8475913,8475913,9.5000,2025-26,Standard Contract (Extension),ok,,https://capwages.com/players/mark-stone,2026-08-08T18:53:41.068777+00:00
717,Kai Uchacz,8485251,8485251,,2023-24,,low,no 2023-24 detail,https://capwages.com/players/kai-uchacz,2026-08-08T18:53:41.068777+00:00
717,Kai Uchacz,8485251,8485251,,2024-25,,low,no 2024-25 detail,https://capwages.com/players/kai-uchacz,2026-08-08T18:53:41.068777+00:00
717,Kai Uchacz,8485251,8485251,0.8825,2025-26,Entry-Level Contract,ok,,https://capwages.com/players/kai-uchacz,2026-08-08T18:53:41.068777+00:00
718,Rasmus Andersson,8478397,8478397,4.5500,2023-24,Standard Contract (Extension),ok,,https://capwages.com/players/rasmus-andersson,2026-08-08T18:53:41.068777+00:00
718,Rasmus Andersson,8478397,8478397,4.5500,2024-25,Standard Contract (Extension),ok,,https://capwages.com/players/rasmus-andersson,2026-08-08T18:53:41.068777+00:00
718,Rasmus Andersson,8478397,8478397,4.5500,2025-26,Standard Contract (Extension),ok,,https://capwages.com/players/rasmus-andersson,2026-08-08T18:53:41.068777+00:00
719,Dylan Coghlan,8479639,8479639,0.8500,2023-24,Standard Contract,ok,,https://capwages.com/players/dylan-coghlan,2026-08-08T18:53:41.068777+00:00
719,Dylan Coghlan,8479639,8479639,0.7750,2024-25,Standard Contract,ok,,https://capwages.com/players/dylan-coghlan,2026-08-08T18:53:41.068777+00:00
719,Dylan Coghlan,8479639,8479639,0.7750,2025-26,Standard Contract,ok,,https://capwages.com/players/dylan-coghlan,2026-08-08T18:53:41.068777+00:00
720,Jeremy Davies,8479602,8479602,,2023-24,,low,did not play this season,https://capwages.com/players/jeremy-davies,2026-08-08T18:53:41.068777+00:00
720,Jeremy Davies,8479602,8479602,,2024-25,,low,did not play this season,https://capwages.com/players/jeremy-davies,2026-08-08T18:53:41.068777+00:00
720,Jeremy Davies,8479602,8479602,,2025-26,,low,did not play this season,https://capwages.com/players/jeremy-davies,2026-08-08T18:53:41.068777+00:00
721,Noah Hanifin,8478396,8478396,4.9500,2023-24,Standard Contract,ok,,https://capwages.com/players/noah-hanifin,2026-08-08T18:53:41.068777+00:00
721,Noah Hanifin,8478396,8478396,7.3500,2024-25,Standard Contract (Extension),ok,,https://capwages.com/players/noah-hanifin,2026-08-08T18:53:41.068777+00:00
721,Noah Hanifin,8478396,8478396,7.3500,2025-26,Standard Contract (Extension),ok,,https://capwages.com/players/noah-hanifin,2026-08-08T18:53:41.068777+00:00
722,Ben Hutton,8477018,8477018,0.8500,2023-24,Standard Contract (Extension),ok,,https://capwages.com/players/ben-hutton,2026-08-08T18:53:41.068777+00:00
722,Ben Hutton,8477018,8477018,0.9750,2024-25,Standard Contract (Extension),ok,,https://capwages.com/players/ben-hutton,2026-08-08T18:53:41.068777+00:00
722,Ben Hutton,8477018,8477018,0.9750,2025-26,Standard Contract (Extension),ok,,https://capwages.com/players/ben-hutton,2026-08-08T18:53:41.068777+00:00
723,Kaedan Korczak,8481527,8481527,0.7892,2023-24,Entry-Level Contract,ok,,https://capwages.com/players/kaedan-korczak,2026-08-08T18:53:41.068777+00:00
723,Kaedan Korczak,8481527,8481527,0.8250,2024-25,Standard Contract,ok,,https://capwages.com/players/kaedan-korczak,2026-08-08T18:53:41.068777+00:00
723,Kaedan Korczak,8481527,8481527,0.8250,2025-26,Standard Contract,ok,,https://capwages.com/players/kaedan-korczak,2026-08-08T18:53:41.068777+00:00
724,Jeremy Lauzon,8478468,8478468,2.0000,2023-24,Standard Contract (Extension),ok,,https://capwages.com/players/jeremy-lauzon,2026-08-08T18:53:41.068777+00:00
724,Jeremy Lauzon,8478468,8478468,2.0000,2024-25,Standard Contract (Extension),ok,,https://capwages.com/players/jeremy-lauzon,2026-08-08T18:53:41.068777+00:00
724,Jeremy Lauzon,8478468,8478468,2.0000,2025-26,Standard Contract (Extension),ok,,https://capwages.com/players/jeremy-lauzon,2026-08-08T18:53:41.068777+00:00
725,Brayden McNabb,8475188,8475188,2.8500,2023-24,Standard Contract (Extension),ok,,https://capwages.com/players/brayden-mcnabb,2026-08-08T18:53:41.068777+00:00
725,Brayden McNabb,8475188,8475188,2.8500,2024-25,Standard Contract (Extension),ok,,https://capwages.com/players/brayden-mcnabb,2026-08-08T18:53:41.068777+00:00
725,Brayden McNabb,8475188,8475188,3.6500,2025-26,Standard Contract (Extension),ok,,https://capwages.com/players/brayden-mcnabb,2026-08-08T18:53:41.068777+00:00
726,Jaycob Megna,8477034,8477034,0.7625,2023-24,Standard Contract (Extension),ok,,https://capwages.com/players/jaycob-megna,2026-08-08T18:53:41.068777+00:00
726,Jaycob Megna,8477034,8477034,0.7750,2024-25,Standard Contract,ok,,https://capwages.com/players/jaycob-megna,2026-08-08T18:53:41.068777+00:00
726,Jaycob Megna,8477034,8477034,0.8250,2025-26,Standard Contract,ok,,https://capwages.com/players/jaycob-megna,2026-08-08T18:53:41.068777+00:00
727,Shea Theodore,8477447,8477447,5.2000,2023-24,Standard Contract,ok,,https://capwages.com/players/shea-theodore,2026-08-08T18:53:41.068777+00:00
727,Shea Theodore,8477447,8477447,5.2000,2024-25,Standard Contract,ok,,https://capwages.com/players/shea-theodore,2026-08-08T18:53:41.068777+00:00
727,Shea Theodore,8477447,8477447,7.4250,2025-26,Standard Contract (Extension),ok,,https://capwages.com/players/shea-theodore,2026-08-08T18:53:41.068777+00:00
728,Anthony Beauvillier,8478463,8478463,4.1500,2023-24,Standard Contract,ok,,https://capwages.com/players/anthony-beauvillier,2026-08-08T18:53:41.068777+00:00
728,Anthony Beauvillier,8478463,8478463,1.2500,2024-25,Standard Contract,ok,,https://capwages.com/players/anthony-beauvillier,2026-08-08T18:53:41.068777+00:00
728,Anthony Beauvillier,8478463,8478463,2.7500,2025-26,Standard Contract (Extension),ok,,https://capwages.com/players/anthony-beauvillier,2026-08-08T18:53:41.068777+00:00
729,Pierre-Luc Dubois,8479400,8479400,8.5000,2023-24,Standard Contract (Extension),ok,,https://capwages.com/players/pierre-luc-dubois,2026-08-08T18:53:41.068777+00:00
729,Pierre-Luc Dubois,8479400,8479400,8.5000,2024-25,Standard Contract (Extension),ok,,https://capwages.com/players/pierre-luc-dubois,2026-08-08T18:53:41.068777+00:00
729,Pierre-Luc Dubois,8479400,8479400,8.5000,2025-26,Standard Contract (Extension),ok,,https://capwages.com/players/pierre-luc-dubois,2026-08-08T18:53:41.068777+00:00
730,Brandon Duhaime,8479520,8479520,1.1000,2023-24,Standard Contract,ok,,https://capwages.com/players/brandon-duhaime,2026-08-08T18:53:41.068777+00:00
730,Brandon Duhaime,8479520,8479520,1.8500,2024-25,Standard Contract,ok,,https://capwages.com/players/brandon-duhaime,2026-08-08T18:53:41.068777+00:00
730,Brandon Duhaime,8479520,8479520,1.8500,2025-26,Standard Contract,ok,,https://capwages.com/players/brandon-duhaime,2026-08-08T18:53:41.068777+00:00
731,Ethen Frank,8483573,8483573,,2023-24,,low,did not play this season,https://capwages.com/players/ethen-frank,2026-08-08T18:53:41.068777+00:00
731,Ethen Frank,8483573,8483573,0.7750,2024-25,Two-Way Contract (Extension),ok,,https://capwages.com/players/ethen-frank,2026-08-08T18:53:41.068777+00:00
731,Ethen Frank,8483573,8483573,0.7750,2025-26,Two-Way Contract (Extension),ok,,https://capwages.com/players/ethen-frank,2026-08-08T18:53:41.068777+00:00
732,David Kampf,8480144,8480144,2.4000,2023-24,Standard Contract (Extension),ok,,https://capwages.com/players/david-kampf,2026-08-08T18:53:41.068777+00:00
732,David Kampf,8480144,8480144,2.4000,2024-25,Standard Contract (Extension),ok,,https://capwages.com/players/david-kampf,2026-08-08T18:53:41.068777+00:00
732,David Kampf,8480144,8480144,1.1000,2025-26,Standard Contract,ok,,https://capwages.com/players/david-kampf,2026-08-08T18:53:41.068777+00:00
733,Hendrix Lapierre,8482148,8482148,0.8633,2023-24,Entry-Level Contract,ok,,https://capwages.com/players/hendrix-lapierre,2026-08-08T18:53:41.068777+00:00
733,Hendrix Lapierre,8482148,8482148,0.8633,2024-25,Entry-Level Contract,ok,,https://capwages.com/players/hendrix-lapierre,2026-08-08T18:53:41.068777+00:00
733,Hendrix Lapierre,8482148,8482148,0.8500,2025-26,Standard Contract (Extension),ok,,https://capwages.com/players/hendrix-lapierre,2026-08-08T18:53:41.068777+00:00
734,Ryan Leonard,8484186,8484186,,2023-24,,low,no 2023-24 detail,https://capwages.com/players/ryan-leonard,2026-08-08T18:53:41.068777+00:00
734,Ryan Leonard,8484186,8484186,0.9500,2024-25,Entry-Level Contract,ok,,https://capwages.com/players/ryan-leonard,2026-08-08T18:53:41.068777+00:00
734,Ryan Leonard,8484186,8484186,0.9500,2025-26,Entry-Level Contract,ok,,https://capwages.com/players/ryan-leonard,2026-08-08T18:53:41.068777+00:00
735,Connor McMichael,8481580,8481580,0.8633,2023-24,Entry-Level Contract,ok,,https://capwages.com/players/connor-mcmichael,2026-08-08T18:53:41.068777+00:00
735,Connor McMichael,8481580,8481580,2.1000,2024-25,Standard Contract (Extension),ok,,https://capwages.com/players/connor-mcmichael,2026-08-08T18:53:41.068777+00:00
735,Connor McMichael,8481580,8481580,2.1000,2025-26,Standard Contract (Extension),ok,,https://capwages.com/players/connor-mcmichael,2026-08-08T18:53:41.068777+00:00
736,Ivan Miroshnichenko,8483491,8483491,0.9500,2023-24,Entry-Level Contract,ok,,https://capwages.com/players/ivan-miroshnichenko,2026-08-08T18:53:41.068777+00:00
736,Ivan Miroshnichenko,8483491,8483491,0.9500,2024-25,Entry-Level Contract,ok,,https://capwages.com/players/ivan-miroshnichenko,2026-08-08T18:53:41.068777+00:00
736,Ivan Miroshnichenko,8483491,8483491,0.9500,2025-26,Entry-Level Contract,ok,,https://capwages.com/players/ivan-miroshnichenko,2026-08-08T18:53:41.068777+00:00
737,Alex Ovechkin,8471214,8471214,9.5000,2023-24,35+ Contract (Extension),ok,,https://capwages.com/players/alex-ovechkin,2026-08-08T18:53:41.068777+00:00
737,Alex Ovechkin,8471214,8471214,9.5000,2024-25,35+ Contract (Extension),ok,,https://capwages.com/players/alex-ovechkin,2026-08-08T18:53:41.068777+00:00
737,Alex Ovechkin,8471214,8471214,9.5000,2025-26,35+ Contract (Extension),ok,,https://capwages.com/players/alex-ovechkin,2026-08-08T18:53:41.068777+00:00
738,Aliaksei Protas,8481656,8481656,0.7892,2023-24,Entry-Level Contract,ok,,https://capwages.com/players/aliaksei-protas,2026-08-08T18:53:41.068777+00:00
738,Aliaksei Protas,8481656,8481656,3.3750,2024-25,Standard Contract (Extension),ok,,https://capwages.com/players/aliaksei-protas,2026-08-08T18:53:41.068777+00:00
738,Aliaksei Protas,8481656,8481656,3.3750,2025-26,Standard Contract (Extension),ok,,https://capwages.com/players/aliaksei-protas,2026-08-08T18:53:41.068777+00:00
739,Ilya Protas,8484999,8484999,,2023-24,,low,no 2023-24 detail,https://capwages.com/players/ilya-protas,2026-08-08T18:53:41.068777+00:00
739,Ilya Protas,8484999,8484999,,2024-25,,low,did not play this season,https://capwages.com/players/ilya-protas,2026-08-08T18:53:41.068777+00:00
739,Ilya Protas,8484999,8484999,0.8567,2025-26,Entry-Level Contract,ok,,https://capwages.com/players/ilya-protas,2026-08-08T18:53:41.068777+00:00
740,Justin Sourdif,8482088,8482088,0.8475,2023-24,Entry-Level Contract,ok,,https://capwages.com/players/justin-sourdif,2026-08-08T18:53:41.068777+00:00
740,Justin Sourdif,8482088,8482088,0.8475,2024-25,Entry-Level Contract,ok,,https://capwages.com/players/justin-sourdif,2026-08-08T18:53:41.068777+00:00
740,Justin Sourdif,8482088,8482088,0.8250,2025-26,Standard Contract (Extension),ok,,https://capwages.com/players/justin-sourdif,2026-08-08T18:53:41.068777+00:00
741,Dylan Strome,8478440,8478440,5.0000,2023-24,Standard Contract (Extension),ok,,https://capwages.com/players/dylan-strome,2026-08-08T18:53:41.068777+00:00
741,Dylan Strome,8478440,8478440,5.0000,2024-25,Standard Contract (Extension),ok,,https://capwages.com/players/dylan-strome,2026-08-08T18:53:41.068777+00:00
741,Dylan Strome,8478440,8478440,5.0000,2025-26,Standard Contract (Extension),ok,,https://capwages.com/players/dylan-strome,2026-08-08T18:53:41.068777+00:00
742,Tom Wilson,8476880,8476880,5.1667,2023-24,Standard Contract,ok,,https://capwages.com/players/tom-wilson,2026-08-08T18:53:41.068777+00:00
742,Tom Wilson,8476880,8476880,6.5000,2024-25,Standard Contract (Extension),ok,,https://capwages.com/players/tom-wilson,2026-08-08T18:53:41.068777+00:00
742,Tom Wilson,8476880,8476880,6.5000,2025-26,Standard Contract (Extension),ok,,https://capwages.com/players/tom-wilson,2026-08-08T18:53:41.068777+00:00
743,Declan Chisholm,8480990,8480990,0.7750,2023-24,Standard Contract,ok,,https://capwages.com/players/declan-chisholm,2026-08-08T18:53:41.068777+00:00
743,Declan Chisholm,8480990,8480990,1.0000,2024-25,Standard Contract,ok,,https://capwages.com/players/declan-chisholm,2026-08-08T18:53:41.068777+00:00
743,Declan Chisholm,8480990,8480990,1.6000,2025-26,Standard Contract (Extension),ok,,https://capwages.com/players/declan-chisholm,2026-08-08T18:53:41.068777+00:00
744,Jakob Chychrun,8479345,8479345,4.6000,2023-24,Standard Contract (Extension),ok,,https://capwages.com/players/jakob-chychrun,2026-08-08T18:53:41.068777+00:00
744,Jakob Chychrun,8479345,8479345,4.6000,2024-25,Standard Contract (Extension),ok,,https://capwages.com/players/jakob-chychrun,2026-08-08T18:53:41.068777+00:00
744,Jakob Chychrun,8479345,8479345,9.0000,2025-26,Standard Contract (Extension),ok,,https://capwages.com/players/jakob-chychrun,2026-08-08T18:53:41.068777+00:00
745,Martin Fehérváry,8480796,8480796,2.6750,2023-24,Standard Contract,ok,,https://capwages.com/players/martin-fehervary,2026-08-08T18:53:41.068777+00:00
745,Martin Fehérváry,8480796,8480796,2.6750,2024-25,Standard Contract,ok,,https://capwages.com/players/martin-fehervary,2026-08-08T18:53:41.068777+00:00
745,Martin Fehérváry,8480796,8480796,2.6750,2025-26,Standard Contract,ok,,https://capwages.com/players/martin-fehervary,2026-08-08T18:53:41.068777+00:00
746,Cole Hutson,8484873,8484873,,2023-24,,low,no 2023-24 detail,https://capwages.com/players/cole-hutson,2026-08-08T18:53:41.068777+00:00
746,Cole Hutson,8484873,8484873,,2024-25,,low,no 2024-25 detail,https://capwages.com/players/cole-hutson,2026-08-08T18:53:41.068777+00:00
746,Cole Hutson,8484873,8484873,0.9408,2025-26,Entry-Level Contract,ok,,https://capwages.com/players/cole-hutson,2026-08-08T18:53:41.068777+00:00
747,Timothy Liljegren,8480043,8480043,1.4000,2023-24,Standard Contract (Extension),ok,,https://capwages.com/players/timothy-liljegren,2026-08-08T18:53:41.068777+00:00
747,Timothy Liljegren,8480043,8480043,3.0000,2024-25,Standard Contract (Extension),ok,,https://capwages.com/players/timothy-liljegren,2026-08-08T18:53:41.068777+00:00
747,Timothy Liljegren,8480043,8480043,3.0000,2025-26,Standard Contract (Extension),ok,,https://capwages.com/players/timothy-liljegren,2026-08-08T18:53:41.068777+00:00
748,Dylan McIlrath,8475795,8475795,0.7750,2023-24,Standard Contract,ok,,https://capwages.com/players/dylan-mcilrath,2026-08-08T18:53:41.068777+00:00
748,Dylan McIlrath,8475795,8475795,0.7750,2024-25,Standard Contract,ok,,https://capwages.com/players/dylan-mcilrath,2026-08-08T18:53:41.068777+00:00
748,Dylan McIlrath,8475795,8475795,0.8250,2025-26,Standard Contract (Extension),ok,,https://capwages.com/players/dylan-mcilrath,2026-08-08T18:53:41.068777+00:00
749,Matt Roy,8478911,8478911,3.1500,2023-24,Standard Contract (Extension),ok,,https://capwages.com/players/matt-roy,2026-08-08T18:53:41.068777+00:00
749,Matt Roy,8478911,8478911,5.7500,2024-25,Standard Contract,ok,,https://capwages.com/players/matt-roy,2026-08-08T18:53:41.068777+00:00
749,Matt Roy,8478911,8478911,5.7500,2025-26,Standard Contract,ok,,https://capwages.com/players/matt-roy,2026-08-08T18:53:41.068777+00:00
750,Rasmus Sandin,8480873,8480873,1.4000,2023-24,Standard Contract,ok,,https://capwages.com/players/rasmus-sandin,2026-08-08T18:53:41.068777+00:00
750,Rasmus Sandin,8480873,8480873,4.6000,2024-25,Standard Contract (Extension),ok,,https://capwages.com/players/rasmus-sandin,2026-08-08T18:53:41.068777+00:00
750,Rasmus Sandin,8480873,8480873,4.6000,2025-26,Standard Contract (Extension),ok,,https://capwages.com/players/rasmus-sandin,2026-08-08T18:53:41.068777+00:00
751,Trevor van Riemsdyk,8477845,8477845,3.0000,2023-24,Standard Contract (Extension),ok,,https://capwages.com/players/trevor-van-riemsdyk,2026-08-08T18:53:41.068777+00:00
751,Trevor van Riemsdyk,8477845,8477845,3.0000,2024-25,Standard Contract (Extension),ok,,https://capwages.com/players/trevor-van-riemsdyk,2026-08-08T18:53:41.068777+00:00
751,Trevor van Riemsdyk,8477845,8477845,3.0000,2025-26,Standard Contract (Extension),ok,,https://capwages.com/players/trevor-van-riemsdyk,2026-08-08T18:53:41.068777+00:00
752,Morgan Barron,8480289,8480289,1.3500,2023-24,Two-Way Contract ,ok,,https://capwages.com/players/morgan-barron,2026-08-08T18:53:41.068777+00:00
752,Morgan Barron,8480289,8480289,1.3500,2024-25,Two-Way Contract ,ok,,https://capwages.com/players/morgan-barron,2026-08-08T18:53:41.068777+00:00
752,Morgan Barron,8480289,8480289,1.8500,2025-26,Standard Contract (Extension),ok,,https://capwages.com/players/morgan-barron,2026-08-08T18:53:41.068777+00:00
753,Nikita Chibrikov,8482787,8482787,0.8758,2023-24,Entry-Level Contract,ok,,https://capwages.com/players/nikita-chibrikov,2026-08-08T18:53:41.068777+00:00
753,Nikita Chibrikov,8482787,8482787,0.8758,2024-25,Entry-Level Contract,ok,,https://capwages.com/players/nikita-chibrikov,2026-08-08T18:53:41.068777+00:00
753,Nikita Chibrikov,8482787,8482787,0.8758,2025-26,Entry-Level Contract,ok,,https://capwages.com/players/nikita-chibrikov,2026-08-08T18:53:41.068777+00:00
754,Kyle Connor,8478398,8478398,7.1429,2023-24,Standard Contract,ok,,https://capwages.com/players/kyle-connor,2026-08-08T18:53:41.068777+00:00
754,Kyle Connor,8478398,8478398,7.1429,2024-25,Standard Contract,ok,,https://capwages.com/players/kyle-connor,2026-08-08T18:53:41.068777+00:00
754,Kyle Connor,8478398,8478398,7.1429,2025-26,Standard Contract,ok,,https://capwages.com/players/kyle-connor,2026-08-08T18:53:41.068777+00:00
755,Alex Iafallo,8480113,8480113,4.0000,2023-24,Standard Contract (Extension),ok,,https://capwages.com/players/alex-iafallo,2026-08-08T18:53:41.068777+00:00
755,Alex Iafallo,8480113,8480113,4.0000,2024-25,Standard Contract (Extension),ok,,https://capwages.com/players/alex-iafallo,2026-08-08T18:53:41.068777+00:00
755,Alex Iafallo,8480113,8480113,3.6667,2025-26,Standard Contract (Extension),ok,,https://capwages.com/players/alex-iafallo,2026-08-08T18:53:41.068777+00:00
756,Cole Koepke,8481043,8481043,0.7750,2023-24,Standard Contract (Extension),ok,,https://capwages.com/players/cole-koepke,2026-08-08T18:53:41.068777+00:00
756,Cole Koepke,8481043,8481043,0.7750,2024-25,Standard Contract,ok,,https://capwages.com/players/cole-koepke,2026-08-08T18:53:41.068777+00:00
756,Cole Koepke,8481043,8481043,1.0000,2025-26,Standard Contract,ok,,https://capwages.com/players/cole-koepke,2026-08-08T18:53:41.068777+00:00
757,Adam Lowry,8476392,8476392,3.2500,2023-24,Standard Contract (Extension),ok,,https://capwages.com/players/adam-lowry,2026-08-08T18:53:41.068777+00:00
757,Adam Lowry,8476392,8476392,3.2500,2024-25,Standard Contract (Extension),ok,,https://capwages.com/players/adam-lowry,2026-08-08T18:53:41.068777+00:00
757,Adam Lowry,8476392,8476392,3.2500,2025-26,Standard Contract (Extension),ok,,https://capwages.com/players/adam-lowry,2026-08-08T18:53:41.068777+00:00
758,Vladislav Namestnikov,8476480,8476480,2.0000,2023-24,Standard Contract,ok,,https://capwages.com/players/vladislav-namestnikov,2026-08-08T18:53:41.068777+00:00
758,Vladislav Namestnikov,8476480,8476480,2.0000,2024-25,Standard Contract,ok,,https://capwages.com/players/vladislav-namestnikov,2026-08-08T18:53:41.068777+00:00
758,Vladislav Namestnikov,8476480,8476480,3.0000,2025-26,Standard Contract (Extension),ok,,https://capwages.com/players/vladislav-namestnikov,2026-08-08T18:53:41.068777+00:00
759,Nino Niederreiter,8475799,8475799,4.0000,2023-24,Standard Contract,ok,,https://capwages.com/players/nino-niederreiter,2026-08-08T18:53:41.068777+00:00
759,Nino Niederreiter,8475799,8475799,4.0000,2024-25,Standard Contract (Extension),ok,,https://capwages.com/players/nino-niederreiter,2026-08-08T18:53:41.068777+00:00
759,Nino Niederreiter,8475799,8475799,4.0000,2025-26,Standard Contract (Extension),ok,,https://capwages.com/players/nino-niederreiter,2026-08-08T18:53:41.068777+00:00
760,Gustav Nyquist,8474679,8474679,3.1850,2023-24,Standard Contract,ok,,https://capwages.com/players/gustav-nyquist,2026-08-08T18:53:41.068777+00:00
760,Gustav Nyquist,8474679,8474679,3.1850,2024-25,Standard Contract,ok,,https://capwages.com/players/gustav-nyquist,2026-08-08T18:53:41.068777+00:00
760,Gustav Nyquist,8474679,8474679,3.2500,2025-26,35+ Contract ,ok,,https://capwages.com/players/gustav-nyquist,2026-08-08T18:53:41.068777+00:00
761,Cole Perfetti,8482149,8482149,0.8942,2023-24,Entry-Level Contract,ok,,https://capwages.com/players/cole-perfetti,2026-08-08T18:53:41.068777+00:00
761,Cole Perfetti,8482149,8482149,3.2500,2024-25,Standard Contract,ok,,https://capwages.com/players/cole-perfetti,2026-08-08T18:53:41.068777+00:00
761,Cole Perfetti,8482149,8482149,3.2500,2025-26,Standard Contract,ok,,https://capwages.com/players/cole-perfetti,2026-08-08T18:53:41.068777+00:00
762,Isak Rosen,8482765,8482765,0.8942,2023-24,Entry-Level Contract,ok,,https://capwages.com/players/isak-rosen,2026-08-08T18:53:41.068777+00:00
762,Isak Rosen,8482765,8482765,0.8942,2024-25,Entry-Level Contract,ok,,https://capwages.com/players/isak-rosen,2026-08-08T18:53:41.068777+00:00
762,Isak Rosen,8482765,8482765,0.8942,2025-26,Entry-Level Contract,ok,,https://capwages.com/players/isak-rosen,2026-08-08T18:53:41.068777+00:00
763,Mark Scheifele,8476460,8476460,6.1250,2023-24,Standard Contract,ok,,https://capwages.com/players/mark-scheifele,2026-08-08T18:53:41.068777+00:00
763,Mark Scheifele,8476460,8476460,8.5000,2024-25,Standard Contract (Extension),ok,,https://capwages.com/players/mark-scheifele,2026-08-08T18:53:41.068777+00:00
763,Mark Scheifele,8476460,8476460,8.5000,2025-26,Standard Contract (Extension),ok,,https://capwages.com/players/mark-scheifele,2026-08-08T18:53:41.068777+00:00
764,Jonathan Toews,8473604,8473604,,2023-24,,low,no 2023-24 detail,https://capwages.com/players/jonathan-toews,2026-08-08T18:53:41.068777+00:00
764,Jonathan Toews,8473604,8473604,,2024-25,,low,no 2024-25 detail,https://capwages.com/players/jonathan-toews,2026-08-08T18:53:41.068777+00:00
764,Jonathan Toews,8473604,8473604,2.0000,2025-26,35+ Contract,ok,,https://capwages.com/players/jonathan-toews,2026-08-08T18:53:41.068777+00:00
765,Gabriel Vilardi,8480014,8480014,3.4375,2023-24,Two-Way Contract ,ok,,https://capwages.com/players/gabriel-vilardi,2026-08-08T18:53:41.068777+00:00
765,Gabriel Vilardi,8480014,8480014,3.4375,2024-25,Two-Way Contract ,ok,,https://capwages.com/players/gabriel-vilardi,2026-08-08T18:53:41.068777+00:00
765,Gabriel Vilardi,8480014,8480014,7.5000,2025-26,Standard Contract (Extension),ok,,https://capwages.com/players/gabriel-vilardi,2026-08-08T18:53:41.068777+00:00
766,Jacob Bryson,8480196,8480196,1.8500,2023-24,Standard Contract (Extension),ok,,https://capwages.com/players/jacob-bryson,2026-08-08T18:53:41.068777+00:00
766,Jacob Bryson,8480196,8480196,0.9000,2024-25,Standard Contract,ok,,https://capwages.com/players/jacob-bryson,2026-08-08T18:53:41.068777+00:00
766,Jacob Bryson,8480196,8480196,0.9000,2025-26,Standard Contract (Extension),ok,,https://capwages.com/players/jacob-bryson,2026-08-08T18:53:41.068777+00:00
767,Dylan DeMelo,8476331,8476331,3.0000,2023-24,Standard Contract (Extension),ok,,https://capwages.com/players/dylan-demelo,2026-08-08T18:53:41.068777+00:00
767,Dylan DeMelo,8476331,8476331,4.9000,2024-25,Standard Contract (Extension),ok,,https://capwages.com/players/dylan-demelo,2026-08-08T18:53:41.068777+00:00
767,Dylan DeMelo,8476331,8476331,4.9000,2025-26,Standard Contract (Extension),ok,,https://capwages.com/players/dylan-demelo,2026-08-08T18:53:41.068777+00:00
768,Haydn Fleury,8477938,8477938,0.7625,2023-24,Standard Contract,ok,,https://capwages.com/players/haydn-fleury,2026-08-08T18:53:41.068777+00:00
768,Haydn Fleury,8477938,8477938,0.7750,2024-25,Two-Way Contract,ok,,https://capwages.com/players/haydn-fleury,2026-08-08T18:53:41.068777+00:00
768,Haydn Fleury,8477938,8477938,0.9500,2025-26,Standard Contract (Extension),ok,,https://capwages.com/players/haydn-fleury,2026-08-08T18:53:41.068777+00:00
769,Ville Heinola,8481572,8481572,,2023-24,,low,did not play this season,https://capwages.com/players/ville-heinola,2026-08-08T18:53:41.068777+00:00
769,Ville Heinola,8481572,8481572,0.8000,2024-25,Two-Way Contract ,ok,,https://capwages.com/players/ville-heinola,2026-08-08T18:53:41.068777+00:00
769,Ville Heinola,8481572,8481572,0.8000,2025-26,Two-Way Contract ,ok,,https://capwages.com/players/ville-heinola,2026-08-08T18:53:41.068777+00:00
770,Colin Miller,8476525,8476525,1.8500,2023-24,Standard Contract,ok,,https://capwages.com/players/colin-miller,2026-08-08T18:53:41.068777+00:00
770,Colin Miller,8476525,8476525,1.5000,2024-25,Standard Contract,ok,,https://capwages.com/players/colin-miller,2026-08-08T18:53:41.068777+00:00
770,Colin Miller,8476525,8476525,1.5000,2025-26,Standard Contract,ok,,https://capwages.com/players/colin-miller,2026-08-08T18:53:41.068777+00:00
771,Josh Morrissey,8477504,8477504,6.2500,2023-24,Standard Contract (Extension),ok,,https://capwages.com/players/josh-morrissey,2026-08-08T18:53:41.068777+00:00
771,Josh Morrissey,8477504,8477504,6.2500,2024-25,Standard Contract (Extension),ok,,https://capwages.com/players/josh-morrissey,2026-08-08T18:53:41.068777+00:00
771,Josh Morrissey,8477504,8477504,6.2500,2025-26,Standard Contract (Extension),ok,,https://capwages.com/players/josh-morrissey,2026-08-08T18:53:41.068777+00:00
772,Neal Pionk,8480145,8480145,5.8750,2023-24,Standard Contract,ok,,https://capwages.com/players/neal-pionk,2026-08-08T18:53:41.068777+00:00
772,Neal Pionk,8480145,8480145,5.8750,2024-25,Standard Contract,ok,,https://capwages.com/players/neal-pionk,2026-08-08T18:53:41.068777+00:00
772,Neal Pionk,8480145,8480145,7.0000,2025-26,Standard Contract (Extension),ok,,https://capwages.com/players/neal-pionk,2026-08-08T18:53:41.068777+00:00
773,Elias Salomonsson,8483510,8483510,,2023-24,,low,did not play this season,https://capwages.com/players/elias-salomonsson,2026-08-08T18:53:41.068777+00:00
773,Elias Salomonsson,8483510,8483510,,2024-25,,low,did not play this season,https://capwages.com/players/elias-salomonsson,2026-08-08T18:53:41.068777+00:00
773,Elias Salomonsson,8483510,8483510,0.8150,2025-26,Entry-Level Contract,ok,,https://capwages.com/players/elias-salomonsson,2026-08-08T18:53:41.068777+00:00
774,Dylan Samberg,8480049,8480049,1.4000,2023-24,Two-Way Contract ,ok,,https://capwages.com/players/dylan-samberg,2026-08-08T18:53:41.068777+00:00
774,Dylan Samberg,8480049,8480049,1.4000,2024-25,Two-Way Contract ,ok,,https://capwages.com/players/dylan-samberg,2026-08-08T18:53:41.068777+00:00
774,Dylan Samberg,8480049,8480049,5.7500,2025-26,Standard Contract (Extension),ok,,https://capwages.com/players/dylan-samberg,2026-08-08T18:53:41.068777+00:00
775,Adam Ruzicka,8480008,8480008,,2023-24,,low,no 2023-24 detail,https://capwages.com/players/adam-ruzicka,2026-08-08T18:53:41.068777+00:00
775,Adam Ruzicka,8480008,8480008,,2024-25,,low,no 2024-25 detail,https://capwages.com/players/adam-ruzicka,2026-08-08T18:53:41.068777+00:00
775,Adam Ruzicka,8480008,8480008,,2025-26,,low,no 2025-26 detail,https://capwages.com/players/adam-ruzicka,2026-08-08T18:53:41.068777+00:00
776,Akil Thomas,8480851,8480851,0.7750,2023-24,Standard Contract,ok,,https://capwages.com/players/akil-thomas,2026-08-08T18:53:41.068777+00:00
776,Akil Thomas,8480851,8480851,0.7750,2024-25,Two-Way Contract (Extension),ok,,https://capwages.com/players/akil-thomas,2026-08-08T18:53:41.068777+00:00
776,Akil Thomas,8480851,8480851,,2025-26,,low,did not play this season,https://capwages.com/players/akil-thomas,2026-08-08T18:53:41.068777+00:00
777,Alec Martinez,8474166,8474166,5.2500,2023-24,Standard Contract (Extension),ok,,https://capwages.com/players/alec-martinez,2026-08-08T18:53:41.068777+00:00
777,Alec Martinez,8474166,8474166,4.0000,2024-25,35+ Contract,ok,,https://capwages.com/players/alec-martinez,2026-08-08T18:53:41.068777+00:00
777,Alec Martinez,8474166,8474166,,2025-26,,low,no 2025-26 detail,https://capwages.com/players/alec-martinez,2026-08-08T18:53:41.068777+00:00
778,Alec Regula,8480831,8480831,,2023-24,,low,did not play this season,https://capwages.com/players/alec-regula,2026-08-08T18:53:41.068777+00:00
778,Alec Regula,8480831,8480831,,2024-25,,low,did not play this season,https://capwages.com/players/alec-regula,2026-08-08T18:53:41.068777+00:00
778,Alec Regula,8480831,8480831,0.8125,2025-26,Two-Way Contract,ok,,https://capwages.com/players/alec-regula,2026-08-08T18:53:41.068777+00:00
779,Alex Barré-Boulet,8479718,8479718,0.7583,2023-24,Standard Contract,ok,,https://capwages.com/players/alex-barre-boulet,2026-08-08T18:53:41.068777+00:00
779,Alex Barré-Boulet,8479718,8479718,0.7750,2024-25,Standard Contract,ok,,https://capwages.com/players/alex-barre-boulet,2026-08-08T18:53:41.068777+00:00
779,Alex Barré-Boulet,8479718,8479718,0.7750,2025-26,Two-Way Contract ,ok,,https://capwages.com/players/alex-barre-boulet,2026-08-08T18:53:41.068777+00:00
780,Alex Goligoski,8471274,8471274,2.0000,2023-24,35+ Contract (Extension),ok,,https://capwages.com/players/alex-goligoski,2026-08-08T18:53:41.068777+00:00
780,Alex Goligoski,8471274,8471274,,2024-25,,low,no 2024-25 detail,https://capwages.com/players/alex-goligoski,2026-08-08T18:53:41.068777+00:00
780,Alex Goligoski,8471274,8471274,,2025-26,,low,no 2025-26 detail,https://capwages.com/players/alex-goligoski,2026-08-08T18:53:41.068777+00:00
781,Alex Pietrangelo,8474565,8474565,8.8000,2023-24,Standard Contract,ok,,https://capwages.com/players/alex-pietrangelo,2026-08-08T18:53:41.068777+00:00
781,Alex Pietrangelo,8474565,8474565,8.8000,2024-25,Standard Contract,ok,,https://capwages.com/players/alex-pietrangelo,2026-08-08T18:53:41.068777+00:00
781,Alex Pietrangelo,8474565,8474565,,2025-26,,low,did not play this season,https://capwages.com/players/alex-pietrangelo,2026-08-08T18:53:41.068777+00:00
782,Alexander Alexeyev,8480823,8480823,0.8250,2023-24,Standard Contract (Extension),ok,,https://capwages.com/players/alexander-alexeyev,2026-08-08T18:53:41.068777+00:00
782,Alexander Alexeyev,8480823,8480823,0.8250,2024-25,Standard Contract (Extension),ok,,https://capwages.com/players/alexander-alexeyev,2026-08-08T18:53:41.068777+00:00
782,Alexander Alexeyev,8480823,8480823,,2025-26,,low,did not play this season,https://capwages.com/players/alexander-alexeyev,2026-08-08T18:53:41.068777+00:00
783,Alexander Barabanov,8482222,8482222,2.5000,2023-24,Standard Contract (Extension),ok,,https://capwages.com/players/alexander-barabanov,2026-08-08T18:53:41.068777+00:00
783,Alexander Barabanov,8482222,8482222,,2024-25,,low,no 2024-25 detail,https://capwages.com/players/alexander-barabanov,2026-08-08T18:53:41.068777+00:00
783,Alexander Barabanov,8482222,8482222,,2025-26,,low,no 2025-26 detail,https://capwages.com/players/alexander-barabanov,2026-08-08T18:53:41.068777+00:00
784,Alex Nylander,8479423,8479423,0.7750,2023-24,Standard Contract (Extension),ok,,https://capwages.com/players/alexander-nylander,2026-08-08T18:53:41.068777+00:00
784,Alex Nylander,8479423,8479423,0.7750,2024-25,Standard Contract,ok,,https://capwages.com/players/alexander-nylander,2026-08-08T18:53:41.068777+00:00
784,Alex Nylander,8479423,8479423,,2025-26,,low,no 2025-26 detail,https://capwages.com/players/alexander-nylander,2026-08-08T18:53:41.068777+00:00
785,Andreas Athanasiou,8476960,8476960,4.2500,2023-24,Standard Contract (Extension),ok,,https://capwages.com/players/andreas-athanasiou,2026-08-08T18:53:41.068777+00:00
785,Andreas Athanasiou,8476960,8476960,4.2500,2024-25,Standard Contract (Extension),ok,,https://capwages.com/players/andreas-athanasiou,2026-08-08T18:53:41.068777+00:00
785,Andreas Athanasiou,8476960,8476960,,2025-26,,low,no 2025-26 detail,https://capwages.com/players/andreas-athanasiou,2026-08-08T18:53:41.068777+00:00
786,Andreas Englund,8477971,8477971,1.0000,2023-24,Standard Contract,ok,,https://capwages.com/players/andreas-englund,2026-08-08T18:53:41.068777+00:00
786,Andreas Englund,8477971,8477971,1.0000,2024-25,Standard Contract,ok,,https://capwages.com/players/andreas-englund,2026-08-08T18:53:41.068777+00:00
786,Andreas Englund,8477971,8477971,0.7750,2025-26,Standard Contract (Extension),ok,,https://capwages.com/players/andreas-englund,2026-08-08T18:53:41.068777+00:00
787,Andrew Cogliano,8471699,8471699,0.8250,2023-24,35+ Contract,ok,,https://capwages.com/players/andrew-cogliano,2026-08-08T18:53:41.068777+00:00
787,Andrew Cogliano,8471699,8471699,,2024-25,,low,no 2024-25 detail,https://capwages.com/players/andrew-cogliano,2026-08-08T18:53:41.068777+00:00
787,Andrew Cogliano,8471699,8471699,,2025-26,,low,no 2025-26 detail,https://capwages.com/players/andrew-cogliano,2026-08-08T18:53:41.068777+00:00
788,Arshdeep Bains,8483395,8483395,0.8167,2023-24,Entry-Level Contract,ok,,https://capwages.com/players/arshdeep-bains,2026-08-08T18:53:41.068777+00:00
788,Arshdeep Bains,8483395,8483395,0.8167,2024-25,Entry-Level Contract,ok,,https://capwages.com/players/arshdeep-bains,2026-08-08T18:53:41.068777+00:00
788,Arshdeep Bains,8483395,8483395,0.8125,2025-26,Two-Way Contract,ok,,https://capwages.com/players/arshdeep-bains,2026-08-08T18:53:41.068777+00:00
789,Austin Czarnik,8478512,8478512,0.7625,2023-24,Standard Contract,ok,,https://capwages.com/players/austin-czarnik,2026-08-08T18:53:41.068777+00:00
789,Austin Czarnik,8478512,8478512,,2024-25,,low,no 2024-25 detail,https://capwages.com/players/austin-czarnik,2026-08-08T18:53:41.068777+00:00
789,Austin Czarnik,8478512,8478512,,2025-26,,low,no 2025-26 detail,https://capwages.com/players/austin-czarnik,2026-08-08T18:53:41.068777+00:00
790,Austin Watson,8475766,8475766,,2023-24,,low,no 2023-24 detail,https://capwages.com/players/austin-watson,2026-08-08T18:53:41.068777+00:00
790,Austin Watson,8475766,8475766,0.7750,2024-25,Standard Contract,ok,,https://capwages.com/players/austin-watson,2026-08-08T18:53:41.068777+00:00
790,Austin Watson,8475766,8475766,,2025-26,,low,did not play this season,https://capwages.com/players/austin-watson,2026-08-08T18:53:41.068777+00:00
791,Axel Jonsson-Fjallby,8479536,8479536,0.7750,2023-24,Two-Way Contract ,ok,,https://capwages.com/players/axel-jonsson-fjallby,2026-08-08T18:53:41.068777+00:00
791,Axel Jonsson-Fjallby,8479536,8479536,,2024-25,,low,did not play this season,https://capwages.com/players/axel-jonsson-fjallby,2026-08-08T18:53:41.068777+00:00
791,Axel Jonsson-Fjallby,8479536,8479536,,2025-26,,low,no 2025-26 detail,https://capwages.com/players/axel-jonsson-fjallby,2026-08-08T18:53:41.068777+00:00
792,Axel Sandin-Pellikka,8484223,8484223,,2023-24,,low,no 2023-24 detail,https://capwages.com/players/axel-sandin-pellikka,2026-08-08T18:53:41.068777+00:00
792,Axel Sandin-Pellikka,8484223,8484223,,2024-25,,low,did not play this season,https://capwages.com/players/axel-sandin-pellikka,2026-08-08T18:53:41.068777+00:00
792,Axel Sandin-Pellikka,8484223,8484223,0.9183,2025-26,Entry-Level Contract,ok,,https://capwages.com/players/axel-sandin-pellikka,2026-08-08T18:53:41.068777+00:00
793,Blake Wheeler,8471218,8471218,0.8000,2023-24,35+ Contract,ok,,https://capwages.com/players/blake-wheeler,2026-08-08T18:53:41.068777+00:00
793,Blake Wheeler,8471218,8471218,,2024-25,Standard Contract (Extension),low,capHit unparseable,https://capwages.com/players/blake-wheeler,2026-08-08T18:53:41.068777+00:00
793,Blake Wheeler,8471218,8471218,,2025-26,,low,no 2025-26 detail,https://capwages.com/players/blake-wheeler,2026-08-08T18:53:41.068777+00:00
794,Boris Katchouk,8479383,8479383,0.7583,2023-24,Standard Contract,ok,,https://capwages.com/players/boris-katchouk,2026-08-08T18:53:41.068777+00:00
794,Boris Katchouk,8479383,8479383,,2024-25,,low,no 2024-25 detail,https://capwages.com/players/boris-katchouk,2026-08-08T18:53:41.068777+00:00
794,Boris Katchouk,8479383,8479383,0.7750,2025-26,Two-Way Contract ,ok,,https://capwages.com/players/boris-katchouk,2026-08-08T18:53:41.068777+00:00
795,Brad Lambert,8483471,8483471,0.9183,2023-24,Entry-Level Contract,ok,,https://capwages.com/players/brad-lambert,2026-08-08T18:53:41.068777+00:00
795,Brad Lambert,8483471,8483471,0.8867,2024-25,Entry-Level Contract,ok,,https://capwages.com/players/brad-lambert,2026-08-08T18:53:41.068777+00:00
795,Brad Lambert,8483471,8483471,0.8867,2025-26,Entry-Level Contract,ok,,https://capwages.com/players/brad-lambert,2026-08-08T18:53:41.068777+00:00
796,Brendan Gaunce,8476867,8476867,0.7625,2023-24,Standard Contract (Extension),ok,,https://capwages.com/players/brendan-gaunce,2026-08-08T18:53:41.068777+00:00
796,Brendan Gaunce,8476867,8476867,0.7750,2024-25,Two-Way Contract ,ok,,https://capwages.com/players/brendan-gaunce,2026-08-08T18:53:41.068777+00:00
796,Brendan Gaunce,8476867,8476867,0.7750,2025-26,Two-Way Contract ,ok,,https://capwages.com/players/brendan-gaunce,2026-08-08T18:53:41.068777+00:00
797,Brendan Lemieux,8477962,8477962,0.8000,2023-24,Standard Contract,ok,,https://capwages.com/players/brendan-lemieux,2026-08-08T18:53:41.068777+00:00
797,Brendan Lemieux,8477962,8477962,,2024-25,,low,did not play this season,https://capwages.com/players/brendan-lemieux,2026-08-08T18:53:41.068777+00:00
797,Brendan Lemieux,8477962,8477962,,2025-26,,low,no 2025-26 detail,https://capwages.com/players/brendan-lemieux,2026-08-08T18:53:41.068777+00:00
798,Brennan Othmann,8482747,8482747,0.8633,2023-24,Entry-Level Contract,ok,,https://capwages.com/players/brennan-othmann,2026-08-08T18:53:41.068777+00:00
798,Brennan Othmann,8482747,8482747,0.8633,2024-25,Entry-Level Contract,ok,,https://capwages.com/players/brennan-othmann,2026-08-08T18:53:41.068777+00:00
798,Brennan Othmann,8482747,8482747,0.8633,2025-26,Entry-Level Contract,ok,,https://capwages.com/players/brennan-othmann,2026-08-08T18:53:41.068777+00:00
799,Brett Berard,8482132,8482132,,2023-24,,low,did not play this season,https://capwages.com/players/brett-berard,2026-08-08T18:53:41.068777+00:00
799,Brett Berard,8482132,8482132,0.8675,2024-25,Entry-Level Contract,ok,,https://capwages.com/players/brett-berard,2026-08-08T18:53:41.068777+00:00
799,Brett Berard,8482132,8482132,0.8675,2025-26,Entry-Level Contract,ok,,https://capwages.com/players/brett-berard,2026-08-08T18:53:41.068777+00:00
800,Brett Leason,8481517,8481517,0.7750,2023-24,Standard Contract (Extension),ok,,https://capwages.com/players/brett-leason,2026-08-08T18:53:41.068777+00:00
800,Brett Leason,8481517,8481517,1.0500,2024-25,Standard Contract,ok,,https://capwages.com/players/brett-leason,2026-08-08T18:53:41.068777+00:00
800,Brett Leason,8481517,8481517,0.7750,2025-26,Standard Contract,ok,,https://capwages.com/players/brett-leason,2026-08-08T18:53:41.068777+00:00
801,Brock McGinn,8476934,8476934,2.7500,2023-24,Standard Contract,ok,,https://capwages.com/players/brock-mcginn,2026-08-08T18:53:41.068777+00:00
801,Brock McGinn,8476934,8476934,2.7500,2024-25,Standard Contract,ok,,https://capwages.com/players/brock-mcginn,2026-08-08T18:53:41.068777+00:00
801,Brock McGinn,8476934,8476934,,2025-26,,low,no 2025-26 detail,https://capwages.com/players/brock-mcginn,2026-08-08T18:53:41.068777+00:00
802,Cal Clutterbuck,8473504,8473504,1.7500,2023-24,Standard Contract (Extension),ok,,https://capwages.com/players/cal-clutterbuck,2026-08-08T18:53:41.068777+00:00
802,Cal Clutterbuck,8473504,8473504,,2024-25,,low,no 2024-25 detail,https://capwages.com/players/cal-clutterbuck,2026-08-08T18:53:41.068777+00:00
802,Cal Clutterbuck,8473504,8473504,,2025-26,,low,no 2025-26 detail,https://capwages.com/players/cal-clutterbuck,2026-08-08T18:53:41.068777+00:00
803,Caleb Jones,8478452,8478452,0.7750,2023-24,Standard Contract,ok,,https://capwages.com/players/caleb-jones,2026-08-08T18:53:41.068777+00:00
803,Caleb Jones,8478452,8478452,0.7750,2024-25,Standard Contract,ok,,https://capwages.com/players/caleb-jones,2026-08-08T18:53:41.068777+00:00
803,Caleb Jones,8478452,8478452,0.9000,2025-26,Standard Contract,ok,,https://capwages.com/players/caleb-jones,2026-08-08T18:53:41.068777+00:00
804,Calen Addison,8480884,8480884,0.8250,2023-24,Standard Contract,ok,,https://capwages.com/players/calen-addison,2026-08-08T18:53:41.068777+00:00
804,Calen Addison,8480884,8480884,,2024-25,,low,no 2024-25 detail,https://capwages.com/players/calen-addison,2026-08-08T18:53:41.068777+00:00
804,Calen Addison,8480884,8480884,,2025-26,,low,did not play this season,https://capwages.com/players/calen-addison,2026-08-08T18:53:41.068777+00:00
805,Calum Ritchie,8484221,8484221,,2023-24,,low,no 2023-24 detail,https://capwages.com/players/calum-ritchie,2026-08-08T18:53:41.068777+00:00
805,Calum Ritchie,8484221,8484221,0.9500,2024-25,Entry-Level Contract,ok,,https://capwages.com/players/calum-ritchie,2026-08-08T18:53:41.068777+00:00
805,Calum Ritchie,8484221,8484221,0.9183,2025-26,Entry-Level Contract,ok,,https://capwages.com/players/calum-ritchie,2026-08-08T18:53:41.068777+00:00
806,Calvin de Haan,8475177,8475177,0.7750,2023-24,Standard Contract,ok,,https://capwages.com/players/calvin-de-haan,2026-08-08T18:53:41.068777+00:00
806,Calvin de Haan,8475177,8475177,0.8000,2024-25,Standard Contract,ok,,https://capwages.com/players/calvin-de-haan,2026-08-08T18:53:41.068777+00:00
806,Calvin de Haan,8475177,8475177,,2025-26,,low,no 2025-26 detail,https://capwages.com/players/calvin-de-haan,2026-08-08T18:53:41.068777+00:00
807,Cam Atkinson,8474715,8474715,5.8750,2023-24,Standard Contract (Extension),ok,,https://capwages.com/players/cam-atkinson,2026-08-08T18:53:41.068777+00:00
807,Cam Atkinson,8474715,8474715,0.9000,2024-25,35+ Contract ,ok,,https://capwages.com/players/cam-atkinson,2026-08-08T18:53:41.068777+00:00
807,Cam Atkinson,8474715,8474715,,2025-26,Standard Contract (Extension),low,capHit unparseable,https://capwages.com/players/cam-atkinson,2026-08-08T18:53:41.068777+00:00
808,Chad Ruhwedel,8477244,8477244,0.8000,2023-24,Standard Contract (Extension),ok,,https://capwages.com/players/chad-ruhwedel,2026-08-08T18:53:41.068777+00:00
808,Chad Ruhwedel,8477244,8477244,0.7750,2024-25,Two-Way Contract,ok,,https://capwages.com/players/chad-ruhwedel,2026-08-08T18:53:41.068777+00:00
808,Chad Ruhwedel,8477244,8477244,,2025-26,,low,no 2025-26 detail,https://capwages.com/players/chad-ruhwedel,2026-08-08T18:53:41.068777+00:00
809,Chris Tierney,8476919,8476919,0.7750,2023-24,Two-Way Contract ,ok,,https://capwages.com/players/chris-tierney,2026-08-08T18:53:41.068777+00:00
809,Chris Tierney,8476919,8476919,,2024-25,,low,no 2024-25 detail,https://capwages.com/players/chris-tierney,2026-08-08T18:53:41.068777+00:00
809,Chris Tierney,8476919,8476919,,2025-26,,low,no 2025-26 detail,https://capwages.com/players/chris-tierney,2026-08-08T18:53:41.068777+00:00
810,Chris Wagner,8475780,8475780,0.7750,2023-24,Standard Contract,ok,,https://capwages.com/players/chris-wagner,2026-08-08T18:53:41.068777+00:00
810,Chris Wagner,8475780,8475780,0.7750,2024-25,Two-Way Contract (Extension),ok,,https://capwages.com/players/chris-wagner,2026-08-08T18:53:41.068777+00:00
810,Chris Wagner,8475780,8475780,,2025-26,,low,no 2025-26 detail,https://capwages.com/players/chris-wagner,2026-08-08T18:53:41.068777+00:00
811,Christian Fischer,8478432,8478432,1.1250,2023-24,Standard Contract,ok,,https://capwages.com/players/christian-fischer,2026-08-08T18:53:41.068777+00:00
811,Christian Fischer,8478432,8478432,1.1250,2024-25,Standard Contract,ok,,https://capwages.com/players/christian-fischer,2026-08-08T18:53:41.068777+00:00
811,Christian Fischer,8478432,8478432,,2025-26,,low,no 2025-26 detail,https://capwages.com/players/christian-fischer,2026-08-08T18:53:41.068777+00:00
812,Cole Guttman,8480252,8480252,0.9500,2023-24,Entry-Level Contract,ok,,https://capwages.com/players/cole-guttman,2026-08-08T18:53:41.068777+00:00
812,Cole Guttman,8480252,8480252,,2024-25,,low,did not play this season,https://capwages.com/players/cole-guttman,2026-08-08T18:53:41.068777+00:00
812,Cole Guttman,8480252,8480252,,2025-26,,low,did not play this season,https://capwages.com/players/cole-guttman,2026-08-08T18:53:41.068777+00:00
813,Colin White,8478400,8478400,0.7750,2023-24,Standard Contract,ok,,https://capwages.com/players/colin-white,2026-08-08T18:53:41.068777+00:00
813,Colin White,8478400,8478400,0.8500,2024-25,Two-Way Contract,ok,,https://capwages.com/players/colin-white,2026-08-08T18:53:41.068777+00:00
813,Colin White,8478400,8478400,,2025-26,,low,did not play this season,https://capwages.com/players/colin-white,2026-08-08T18:53:41.068777+00:00
814,Colton White,8478841,8478841,,2023-24,,low,did not play this season,https://capwages.com/players/colton-white,2026-08-08T18:53:41.068777+00:00
814,Colton White,8478841,8478841,,2024-25,,low,did not play this season,https://capwages.com/players/colton-white,2026-08-08T18:53:41.068777+00:00
814,Colton White,8478841,8478841,0.7750,2025-26,Two-Way Contract ,ok,,https://capwages.com/players/colton-white,2026-08-08T18:53:41.068777+00:00
815,Craig Smith,8475225,8475225,1.0000,2023-24,Standard Contract,ok,,https://capwages.com/players/craig-smith,2026-08-08T18:53:41.068777+00:00
815,Craig Smith,8475225,8475225,1.0000,2024-25,Standard Contract,ok,,https://capwages.com/players/craig-smith,2026-08-08T18:53:41.068777+00:00
815,Craig Smith,8475225,8475225,,2025-26,,low,no 2025-26 detail,https://capwages.com/players/craig-smith,2026-08-08T18:53:41.068777+00:00
816,Dakota Mermis,8477541,8477541,0.7750,2023-24,Standard Contract (Extension),ok,,https://capwages.com/players/dakota-mermis,2026-08-08T18:53:41.068777+00:00
816,Dakota Mermis,8477541,8477541,0.7750,2024-25,Standard Contract,ok,,https://capwages.com/players/dakota-mermis,2026-08-08T18:53:41.068777+00:00
816,Dakota Mermis,8477541,8477541,0.8125,2025-26,Standard Contract (Extension),ok,,https://capwages.com/players/dakota-mermis,2026-08-08T18:53:41.068777+00:00
817,Daniel Sprong,8478466,8478466,2.0000,2023-24,Standard Contract,ok,,https://capwages.com/players/daniel-sprong,2026-08-08T18:53:41.068777+00:00
817,Daniel Sprong,8478466,8478466,0.9750,2024-25,Standard Contract,ok,,https://capwages.com/players/daniel-sprong,2026-08-08T18:53:41.068777+00:00
817,Daniel Sprong,8478466,8478466,,2025-26,,low,no 2025-26 detail,https://capwages.com/players/daniel-sprong,2026-08-08T18:53:41.068777+00:00
818,Daniil Miromanov,8482624,8482624,0.7625,2023-24,Standard Contract (Extension),ok,,https://capwages.com/players/daniil-miromanov,2026-08-08T18:53:41.068777+00:00
818,Daniil Miromanov,8482624,8482624,1.2500,2024-25,Standard Contract (Extension),ok,,https://capwages.com/players/daniil-miromanov,2026-08-08T18:53:41.068777+00:00
818,Daniil Miromanov,8482624,8482624,1.2500,2025-26,Standard Contract (Extension),ok,,https://capwages.com/players/daniil-miromanov,2026-08-08T18:53:41.068777+00:00
819,David Gustafsson,8481019,8481019,0.7750,2023-24,Standard Contract,ok,,https://capwages.com/players/david-gustafsson,2026-08-08T18:53:41.068777+00:00
819,David Gustafsson,8481019,8481019,0.8350,2024-25,Two-Way Contract ,ok,,https://capwages.com/players/david-gustafsson,2026-08-08T18:53:41.068777+00:00
819,David Gustafsson,8481019,8481019,,2025-26,,low,did not play this season,https://capwages.com/players/david-gustafsson,2026-08-08T18:53:41.068777+00:00
820,David Savard,8475233,8475233,3.5000,2023-24,Standard Contract,ok,,https://capwages.com/players/david-savard,2026-08-08T18:53:41.068777+00:00
820,David Savard,8475233,8475233,3.5000,2024-25,Standard Contract,ok,,https://capwages.com/players/david-savard,2026-08-08T18:53:41.068777+00:00
820,David Savard,8475233,8475233,,2025-26,,low,no 2025-26 detail,https://capwages.com/players/david-savard,2026-08-08T18:53:41.068777+00:00
821,David Tomasek,8485493,8485493,,2023-24,,low,no 2023-24 detail,https://capwages.com/players/david-tomasek,2026-08-08T18:53:41.068777+00:00
821,David Tomasek,8485493,8485493,,2024-25,,low,no 2024-25 detail,https://capwages.com/players/david-tomasek,2026-08-08T18:53:41.068777+00:00
821,David Tomasek,8485493,8485493,1.2000,2025-26,Standard Contract,ok,,https://capwages.com/players/david-tomasek,2026-08-08T18:53:41.068777+00:00
822,Derek Ryan,8478585,8478585,0.9000,2023-24,35+ Contract (Extension),ok,,https://capwages.com/players/derek-ryan,2026-08-08T18:53:41.068777+00:00
822,Derek Ryan,8478585,8478585,0.9000,2024-25,35+ Contract (Extension),ok,,https://capwages.com/players/derek-ryan,2026-08-08T18:53:41.068777+00:00
822,Derek Ryan,8478585,8478585,,2025-26,,low,no 2025-26 detail,https://capwages.com/players/derek-ryan,2026-08-08T18:53:41.068777+00:00
823,Devin Shore,8476913,8476913,0.7750,2023-24,Standard Contract,ok,,https://capwages.com/players/devin-shore,2026-08-08T18:53:41.068777+00:00
823,Devin Shore,8476913,8476913,0.7750,2024-25,Two-Way Contract ,ok,,https://capwages.com/players/devin-shore,2026-08-08T18:53:41.068777+00:00
823,Devin Shore,8476913,8476913,,2025-26,,low,no 2025-26 detail,https://capwages.com/players/devin-shore,2026-08-08T18:53:41.068777+00:00
824,Dillon Dube,8479346,8479346,2.3000,2023-24,Standard Contract,ok,,https://capwages.com/players/dillon-dube,2026-08-08T18:53:41.068777+00:00
824,Dillon Dube,8479346,8479346,,2024-25,,low,no 2024-25 detail,https://capwages.com/players/dillon-dube,2026-08-08T18:53:41.068777+00:00
824,Dillon Dube,8479346,8479346,,2025-26,,low,no 2025-26 detail,https://capwages.com/players/dillon-dube,2026-08-08T18:53:41.068777+00:00
825,Dominik Kubalik,8477330,8477330,2.5000,2023-24,Standard Contract,ok,,https://capwages.com/players/dominik-kubalik,2026-08-08T18:53:41.068777+00:00
825,Dominik Kubalik,8477330,8477330,,2024-25,,low,no 2024-25 detail,https://capwages.com/players/dominik-kubalik,2026-08-08T18:53:41.068777+00:00
825,Dominik Kubalik,8477330,8477330,,2025-26,,low,no 2025-26 detail,https://capwages.com/players/dominik-kubalik,2026-08-08T18:53:41.068777+00:00
826,Dryden Hunt,8478211,8478211,0.7750,2023-24,Standard Contract,ok,,https://capwages.com/players/dryden-hunt,2026-08-08T18:53:41.068777+00:00
826,Dryden Hunt,8478211,8478211,0.7750,2024-25,Standard Contract,ok,,https://capwages.com/players/dryden-hunt,2026-08-08T18:53:41.068777+00:00
826,Dryden Hunt,8478211,8478211,0.8375,2025-26,Two-Way Contract,ok,,https://capwages.com/players/dryden-hunt,2026-08-08T18:53:41.068777+00:00
827,Easton Cowan,8484158,8484158,,2023-24,,low,did not play this season,https://capwages.com/players/easton-cowan,2026-08-08T18:53:41.068777+00:00
827,Easton Cowan,8484158,8484158,,2024-25,,low,did not play this season,https://capwages.com/players/easton-cowan,2026-08-08T18:53:41.068777+00:00
827,Easton Cowan,8484158,8484158,0.8735,2025-26,Entry-Level Contract,ok,,https://capwages.com/players/easton-cowan,2026-08-08T18:53:41.068777+00:00
828,Emil Bemstrom,8480205,8480205,0.9000,2023-24,Standard Contract,ok,,https://capwages.com/players/emil-bemstrom,2026-08-08T18:53:41.068777+00:00
828,Emil Bemstrom,8480205,8480205,0.7750,2024-25,Standard Contract,ok,,https://capwages.com/players/emil-bemstrom,2026-08-08T18:53:41.068777+00:00
828,Emil Bemstrom,8480205,8480205,,2025-26,,low,no 2025-26 detail,https://capwages.com/players/emil-bemstrom,2026-08-08T18:53:41.068777+00:00
829,Erik Brannstrom,8480073,8480073,2.0000,2023-24,Standard Contract (Extension),ok,,https://capwages.com/players/erik-brannstrom,2026-08-08T18:53:41.068777+00:00
829,Erik Brannstrom,8480073,8480073,0.9000,2024-25,Standard Contract,ok,,https://capwages.com/players/erik-brannstrom,2026-08-08T18:53:41.068777+00:00
829,Erik Brannstrom,8480073,8480073,,2025-26,,low,no 2025-26 detail,https://capwages.com/players/erik-brannstrom,2026-08-08T18:53:41.068777+00:00
830,Erik Gustafsson,8476979,8476979,0.8250,2023-24,Standard Contract,ok,,https://capwages.com/players/erik-gustafsson,2026-08-08T18:53:41.068777+00:00
830,Erik Gustafsson,8476979,8476979,2.0000,2024-25,Standard Contract,ok,,https://capwages.com/players/erik-gustafsson,2026-08-08T18:53:41.068777+00:00
830,Erik Gustafsson,8476979,8476979,2.0000,2025-26,Standard Contract,ok,,https://capwages.com/players/erik-gustafsson,2026-08-08T18:53:41.068777+00:00
831,Erik Johnson,8473446,8473446,3.2500,2023-24,35+ Contract,ok,,https://capwages.com/players/erik-johnson,2026-08-08T18:53:41.068777+00:00
831,Erik Johnson,8473446,8473446,1.0000,2024-25,35+ Contract,ok,,https://capwages.com/players/erik-johnson,2026-08-08T18:53:41.068777+00:00
831,Erik Johnson,8473446,8473446,,2025-26,,low,no 2025-26 detail,https://capwages.com/players/erik-johnson,2026-08-08T18:53:41.068777+00:00
832,Ethan Bear,8478451,8478451,2.0625,2023-24,Standard Contract,ok,,https://capwages.com/players/ethan-bear,2026-08-08T18:53:41.068777+00:00
832,Ethan Bear,8478451,8478451,,2024-25,,low,did not play this season,https://capwages.com/players/ethan-bear,2026-08-08T18:53:41.068777+00:00
832,Ethan Bear,8478451,8478451,,2025-26,,low,did not play this season,https://capwages.com/players/ethan-bear,2026-08-08T18:53:41.068777+00:00
833,Evgeny Kuznetsov,8475744,8475744,7.8000,2023-24,Standard Contract,ok,,https://capwages.com/players/evgeny-kuznetsov,2026-08-08T18:53:41.068777+00:00
833,Evgeny Kuznetsov,8475744,8475744,,2024-25,,low,did not play this season,https://capwages.com/players/evgeny-kuznetsov,2026-08-08T18:53:41.068777+00:00
833,Evgeny Kuznetsov,8475744,8475744,,2025-26,,low,no 2025-26 detail,https://capwages.com/players/evgeny-kuznetsov,2026-08-08T18:53:41.068777+00:00
834,Filip Zadina,8480821,8480821,1.1000,2023-24,Standard Contract,ok,,https://capwages.com/players/filip-zadina,2026-08-08T18:53:41.068777+00:00
834,Filip Zadina,8480821,8480821,,2024-25,,low,did not play this season,https://capwages.com/players/filip-zadina,2026-08-08T18:53:41.068777+00:00
834,Filip Zadina,8480821,8480821,,2025-26,,low,no 2025-26 detail,https://capwages.com/players/filip-zadina,2026-08-08T18:53:41.068777+00:00
835,Fredrik Olofsson,8478028,8478028,0.7750,2023-24,Standard Contract (Extension),ok,,https://capwages.com/players/fredrik-olofsson,2026-08-08T18:53:41.068777+00:00
835,Fredrik Olofsson,8478028,8478028,,2024-25,,low,no 2024-25 detail,https://capwages.com/players/fredrik-olofsson,2026-08-08T18:53:41.068777+00:00
835,Fredrik Olofsson,8478028,8478028,,2025-26,,low,no 2025-26 detail,https://capwages.com/players/fredrik-olofsson,2026-08-08T18:53:41.068777+00:00
836,Gavin Brindley,8484149,8484149,0.9500,2023-24,Entry-Level Contract,ok,,https://capwages.com/players/gavin-brindley,2026-08-08T18:53:41.068777+00:00
836,Gavin Brindley,8484149,8484149,,2024-25,,low,did not play this season,https://capwages.com/players/gavin-brindley,2026-08-08T18:53:41.068777+00:00
836,Gavin Brindley,8484149,8484149,0.9500,2025-26,Entry-Level Contract,ok,,https://capwages.com/players/gavin-brindley,2026-08-08T18:53:41.068777+00:00
837,Givani Smith,8479379,8479379,0.8000,2023-24,Standard Contract,ok,,https://capwages.com/players/givani-smith,2026-08-08T18:53:41.068777+00:00
837,Givani Smith,8479379,8479379,0.8000,2024-25,Standard Contract,ok,,https://capwages.com/players/givani-smith,2026-08-08T18:53:41.068777+00:00
837,Givani Smith,8479379,8479379,,2025-26,,low,did not play this season,https://capwages.com/players/givani-smith,2026-08-08T18:53:41.068777+00:00
838,Gustav Lindstrom,8480184,8480184,0.9500,2023-24,Standard Contract (Extension),ok,,https://capwages.com/players/gustav-lindstrom,2026-08-08T18:53:41.068777+00:00
838,Gustav Lindstrom,8480184,8480184,,2024-25,,low,did not play this season,https://capwages.com/players/gustav-lindstrom,2026-08-08T18:53:41.068777+00:00
838,Gustav Lindstrom,8480184,8480184,,2025-26,,low,no 2025-26 detail,https://capwages.com/players/gustav-lindstrom,2026-08-08T18:53:41.068777+00:00
839,Henry Thrun,8481567,8481567,0.9125,2023-24,Entry-Level Contract,ok,,https://capwages.com/players/henry-thrun,2026-08-08T18:53:41.068777+00:00
839,Henry Thrun,8481567,8481567,1.0000,2024-25,Two-Way Contract ,ok,,https://capwages.com/players/henry-thrun,2026-08-08T18:53:41.068777+00:00
839,Henry Thrun,8481567,8481567,1.0000,2025-26,Two-Way Contract ,ok,,https://capwages.com/players/henry-thrun,2026-08-08T18:53:41.068777+00:00
840,Hudson Fasching,8477392,8477392,0.7750,2023-24,Standard Contract (Extension),ok,,https://capwages.com/players/hudson-fasching,2026-08-08T18:53:41.068777+00:00
840,Hudson Fasching,8477392,8477392,0.7750,2024-25,Standard Contract (Extension),ok,,https://capwages.com/players/hudson-fasching,2026-08-08T18:53:41.068777+00:00
840,Hudson Fasching,8477392,8477392,,2025-26,,low,did not play this season,https://capwages.com/players/hudson-fasching,2026-08-08T18:53:41.068777+00:00
841,Igor Chernyshov,8484994,8484994,,2023-24,,low,no 2023-24 detail,https://capwages.com/players/igor-chernyshov,2026-08-08T18:53:41.068777+00:00
841,Igor Chernyshov,8484994,8484994,,2024-25,,low,did not play this season,https://capwages.com/players/igor-chernyshov,2026-08-08T18:53:41.068777+00:00
841,Igor Chernyshov,8484994,8484994,0.9342,2025-26,Entry-Level Contract,ok,,https://capwages.com/players/igor-chernyshov,2026-08-08T18:53:41.068777+00:00
842,Isaac Howard,8483455,8483455,,2023-24,,low,no 2023-24 detail,https://capwages.com/players/isaac-howard,2026-08-08T18:53:41.068777+00:00
842,Isaac Howard,8483455,8483455,,2024-25,,low,no 2024-25 detail,https://capwages.com/players/isaac-howard,2026-08-08T18:53:41.068777+00:00
842,Isaac Howard,8483455,8483455,0.9500,2025-26,Entry-Level Contract,ok,,https://capwages.com/players/isaac-howard,2026-08-08T18:53:41.068777+00:00
843,Isaak Phillips,8482192,8482192,0.8592,2023-24,Entry-Level Contract,ok,,https://capwages.com/players/isaak-phillips,2026-08-08T18:53:41.068777+00:00
843,Isaak Phillips,8482192,8482192,0.7750,2024-25,Two-Way Contract,ok,,https://capwages.com/players/isaak-phillips,2026-08-08T18:53:41.068777+00:00
843,Isaak Phillips,8482192,8482192,0.8125,2025-26,Two-Way Contract,ok,,https://capwages.com/players/isaak-phillips,2026-08-08T18:53:41.068777+00:00
844,Isaiah George,8483448,8483448,,2023-24,,low,did not play this season,https://capwages.com/players/isaiah-george,2026-08-08T18:53:41.068777+00:00
844,Isaiah George,8483448,8483448,0.8383,2024-25,Entry-Level Contract,ok,,https://capwages.com/players/isaiah-george,2026-08-08T18:53:41.068777+00:00
844,Isaiah George,8483448,8483448,0.8383,2025-26,Entry-Level Contract,ok,,https://capwages.com/players/isaiah-george,2026-08-08T18:53:41.068777+00:00
845,Ivan Ivan,8483930,8483930,,2023-24,,low,no 2023-24 detail,https://capwages.com/players/ivan-ivan,2026-08-08T18:53:41.068777+00:00
845,Ivan Ivan,8483930,8483930,0.8450,2024-25,Entry-Level Contract,ok,,https://capwages.com/players/ivan-ivan,2026-08-08T18:53:41.068777+00:00
845,Ivan Ivan,8483930,8483930,0.8450,2025-26,Entry-Level Contract,ok,,https://capwages.com/players/ivan-ivan,2026-08-08T18:53:41.068777+00:00
846,Jack Johnson,8471677,8471677,0.7750,2023-24,35+ Contract,ok,,https://capwages.com/players/jack-johnson,2026-08-08T18:53:41.068777+00:00
846,Jack Johnson,8471677,8471677,0.7750,2024-25,35+ Contract ,ok,,https://capwages.com/players/jack-johnson,2026-08-08T18:53:41.068777+00:00
846,Jack Johnson,8471677,8471677,,2025-26,Standard Contract,low,capHit unparseable,https://capwages.com/players/jack-johnson,2026-08-08T18:53:41.068777+00:00
847,Jack Studnicka,8480021,8480021,0.7625,2023-24,Standard Contract,ok,,https://capwages.com/players/jack-studnicka,2026-08-08T18:53:41.068777+00:00
847,Jack Studnicka,8480021,8480021,,2024-25,,low,did not play this season,https://capwages.com/players/jack-studnicka,2026-08-08T18:53:41.068777+00:00
847,Jack Studnicka,8480021,8480021,0.7750,2025-26,Two-Way Contract ,ok,,https://capwages.com/players/jack-studnicka,2026-08-08T18:53:41.068777+00:00
848,Jack Thompson,8482144,8482144,0.8283,2023-24,Entry-Level Contract,ok,,https://capwages.com/players/jack-thompson,2026-08-08T18:53:41.068777+00:00
848,Jack Thompson,8482144,8482144,0.8283,2024-25,Entry-Level Contract,ok,,https://capwages.com/players/jack-thompson,2026-08-08T18:53:41.068777+00:00
848,Jack Thompson,8482144,8482144,,2025-26,,low,did not play this season,https://capwages.com/players/jack-thompson,2026-08-08T18:53:41.068777+00:00
849,Jake Lucchini,8481422,8481422,0.7750,2023-24,Standard Contract,ok,,https://capwages.com/players/jacob-lucchini,2026-08-08T18:53:41.068777+00:00
849,Jake Lucchini,8481422,8481422,0.7750,2024-25,Two-Way Contract ,ok,,https://capwages.com/players/jacob-lucchini,2026-08-08T18:53:41.068777+00:00
849,Jake Lucchini,8481422,8481422,,2025-26,,low,did not play this season,https://capwages.com/players/jacob-lucchini,2026-08-08T18:53:41.068777+00:00
850,Jacob MacDonald,8479439,8479439,0.7625,2023-24,Standard Contract (Extension),ok,,https://capwages.com/players/jacob-macdonald,2026-08-08T18:53:41.068777+00:00
850,Jacob MacDonald,8479439,8479439,,2024-25,,low,did not play this season,https://capwages.com/players/jacob-macdonald,2026-08-08T18:53:41.068777+00:00
850,Jacob MacDonald,8479439,8479439,,2025-26,,low,did not play this season,https://capwages.com/players/jacob-macdonald,2026-08-08T18:53:41.068777+00:00
851,Jacob Melanson,8482874,8482874,,2023-24,,low,did not play this season,https://capwages.com/players/jacob-melanson,2026-08-08T18:53:41.068777+00:00
851,Jacob Melanson,8482874,8482874,0.8261,2024-25,Entry-Level Contract,ok,,https://capwages.com/players/jacob-melanson,2026-08-08T18:53:41.068777+00:00
851,Jacob Melanson,8482874,8482874,0.8261,2025-26,Entry-Level Contract,ok,,https://capwages.com/players/jacob-melanson,2026-08-08T18:53:41.068777+00:00
852,Jacob Quillan,8484901,8484901,,2023-24,,low,no 2023-24 detail,https://capwages.com/players/jacob-quillan,2026-08-08T18:53:41.068777+00:00
852,Jacob Quillan,8484901,8484901,0.8750,2024-25,Entry-Level Contract,ok,,https://capwages.com/players/jacob-quillan,2026-08-08T18:53:41.068777+00:00
852,Jacob Quillan,8484901,8484901,0.8750,2025-26,Entry-Level Contract,ok,,https://capwages.com/players/jacob-quillan,2026-08-08T18:53:41.068777+00:00
853,Jakob Pelletier,8481592,8481592,0.8633,2023-24,Entry-Level Contract,ok,,https://capwages.com/players/jakob-pelletier,2026-08-08T18:53:41.068777+00:00
853,Jakob Pelletier,8481592,8481592,0.8000,2024-25,Two-Way Contract,ok,,https://capwages.com/players/jakob-pelletier,2026-08-08T18:53:41.068777+00:00
853,Jakob Pelletier,8481592,8481592,0.8250,2025-26,Two-Way Contract ,ok,,https://capwages.com/players/jakob-pelletier,2026-08-08T18:53:41.068777+00:00
854,Jakob Silfverberg,8475164,8475164,,2023-24,,low,no 2023-24 detail,https://capwages.com/players/jakob-silfverberg,2026-08-08T18:53:41.068777+00:00
854,Jakob Silfverberg,8475164,8475164,,2024-25,,low,no 2024-25 detail,https://capwages.com/players/jakob-silfverberg,2026-08-08T18:53:41.068777+00:00
854,Jakob Silfverberg,8475164,8475164,,2025-26,,low,no 2025-26 detail,https://capwages.com/players/jakob-silfverberg,2026-08-08T18:53:41.068777+00:00
855,Jakub Lauko,8480880,8480880,0.7875,2023-24,Two-Way Contract ,ok,,https://capwages.com/players/jakub-lauko,2026-08-08T18:53:41.068777+00:00
855,Jakub Lauko,8480880,8480880,0.7875,2024-25,Two-Way Contract ,ok,,https://capwages.com/players/jakub-lauko,2026-08-08T18:53:41.068777+00:00
855,Jakub Lauko,8480880,8480880,,2025-26,,low,no 2025-26 detail,https://capwages.com/players/jakub-lauko,2026-08-08T18:53:41.068777+00:00
856,Jakub Vrana,8477944,8477944,5.2500,2023-24,Standard Contract,ok,,https://capwages.com/players/jakub-vrana,2026-08-08T18:53:41.068777+00:00
856,Jakub Vrana,8477944,8477944,0.7750,2024-25,Standard Contract,ok,,https://capwages.com/players/jakub-vrana,2026-08-08T18:53:41.068777+00:00
856,Jakub Vrana,8477944,8477944,,2025-26,,low,no 2025-26 detail,https://capwages.com/players/jakub-vrana,2026-08-08T18:53:41.068777+00:00
857,James Hamblin,8480468,8480468,0.8075,2023-24,Entry-Level Contract,ok,,https://capwages.com/players/james-hamblin,2026-08-08T18:53:41.068777+00:00
857,James Hamblin,8480468,8480468,,2024-25,,low,did not play this season,https://capwages.com/players/james-hamblin,2026-08-08T18:53:41.068777+00:00
857,James Hamblin,8480468,8480468,,2025-26,,low,did not play this season,https://capwages.com/players/james-hamblin,2026-08-08T18:53:41.068777+00:00
858,Jan Rutta,8480172,8480172,2.7500,2023-24,Standard Contract,ok,,https://capwages.com/players/jan-rutta,2026-08-08T18:53:41.068777+00:00
858,Jan Rutta,8480172,8480172,2.7500,2024-25,Standard Contract,ok,,https://capwages.com/players/jan-rutta,2026-08-08T18:53:41.068777+00:00
858,Jan Rutta,8480172,8480172,,2025-26,,low,no 2025-26 detail,https://capwages.com/players/jan-rutta,2026-08-08T18:53:41.068777+00:00
859,Jani Hakanpää,8475825,8475825,1.5000,2023-24,Standard Contract,ok,,https://capwages.com/players/jani-hakanpaa,2026-08-08T18:53:41.068777+00:00
859,Jani Hakanpää,8475825,8475825,1.4700,2024-25,Standard Contract,ok,,https://capwages.com/players/jani-hakanpaa,2026-08-08T18:53:41.068777+00:00
859,Jani Hakanpää,8475825,8475825,,2025-26,,low,no 2025-26 detail,https://capwages.com/players/jani-hakanpaa,2026-08-08T18:53:41.068777+00:00
860,Jani Nyman,8483497,8483497,,2023-24,,low,did not play this season,https://capwages.com/players/jani-nyman,2026-08-08T18:53:41.068777+00:00
860,Jani Nyman,8483497,8483497,0.8917,2024-25,Entry-Level Contract,ok,,https://capwages.com/players/jani-nyman,2026-08-08T18:53:41.068777+00:00
860,Jani Nyman,8483497,8483497,0.8917,2025-26,Entry-Level Contract,ok,,https://capwages.com/players/jani-nyman,2026-08-08T18:53:41.068777+00:00
861,Jaret Anderson-Dolan,8479994,8479994,0.7750,2023-24,Standard Contract,ok,,https://capwages.com/players/jaret-anderson-dolan,2026-08-08T18:53:41.068777+00:00
861,Jaret Anderson-Dolan,8479994,8479994,0.7750,2024-25,Two-Way Contract (2024-25) and One-Way Contract (2025-26),ok,,https://capwages.com/players/jaret-anderson-dolan,2026-08-08T18:53:41.068777+00:00
861,Jaret Anderson-Dolan,8479994,8479994,,2025-26,,low,did not play this season,https://capwages.com/players/jaret-anderson-dolan,2026-08-08T18:53:41.068777+00:00
862,Jarred Tinordi,8475797,8475797,1.2500,2023-24,Standard Contract (Extension),ok,,https://capwages.com/players/jarred-tinordi,2026-08-08T18:53:41.068777+00:00
862,Jarred Tinordi,8475797,8475797,,2024-25,,low,did not play this season,https://capwages.com/players/jarred-tinordi,2026-08-08T18:53:41.068777+00:00
862,Jarred Tinordi,8475797,8475797,,2025-26,,low,no 2025-26 detail,https://capwages.com/players/jarred-tinordi,2026-08-08T18:53:41.068777+00:00
863,Jeff Carter,8470604,8470604,3.1250,2023-24,35+ Contract (Extension),ok,,https://capwages.com/players/jeff-carter,2026-08-08T18:53:41.068777+00:00
863,Jeff Carter,8470604,8470604,,2024-25,,low,no 2024-25 detail,https://capwages.com/players/jeff-carter,2026-08-08T18:53:41.068777+00:00
863,Jeff Carter,8470604,8470604,,2025-26,,low,no 2025-26 detail,https://capwages.com/players/jeff-carter,2026-08-08T18:53:41.068777+00:00
864,Jeff Skinner,8475784,8475784,9.0000,2023-24,Standard Contract (Extension),ok,,https://capwages.com/players/jeff-skinner,2026-08-08T18:53:41.068777+00:00
864,Jeff Skinner,8475784,8475784,3.0000,2024-25,Standard Contract,ok,,https://capwages.com/players/jeff-skinner,2026-08-08T18:53:41.068777+00:00
864,Jeff Skinner,8475784,8475784,3.0000,2025-26,Standard Contract,ok,,https://capwages.com/players/jeff-skinner,2026-08-08T18:53:41.068777+00:00
865,Jesper Fast,8475855,8475855,2.4000,2023-24,Standard Contract (Extension),ok,,https://capwages.com/players/jesper-fast,2026-08-08T18:53:41.068777+00:00
865,Jesper Fast,8475855,8475855,,2024-25,,low,did not play this season,https://capwages.com/players/jesper-fast,2026-08-08T18:53:41.068777+00:00
865,Jesper Fast,8475855,8475855,,2025-26,,low,no 2025-26 detail,https://capwages.com/players/jesper-fast,2026-08-08T18:53:41.068777+00:00
866,Jesse Puljujarvi,8479344,8479344,0.8000,2023-24,Standard Contract,ok,,https://capwages.com/players/jesse-puljujarvi,2026-08-08T18:53:41.068777+00:00
866,Jesse Puljujarvi,8479344,8479344,0.7750,2024-25,Two-Way Contract ,ok,,https://capwages.com/players/jesse-puljujarvi,2026-08-08T18:53:41.068777+00:00
866,Jesse Puljujarvi,8479344,8479344,,2025-26,,low,no 2025-26 detail,https://capwages.com/players/jesse-puljujarvi,2026-08-08T18:53:41.068777+00:00
867,Jesse Ylonen,8481058,8481058,0.7750,2023-24,Standard Contract,ok,,https://capwages.com/players/jesse-ylonen,2026-08-08T18:53:41.068777+00:00
867,Jesse Ylonen,8481058,8481058,,2024-25,,low,did not play this season,https://capwages.com/players/jesse-ylonen,2026-08-08T18:53:41.068777+00:00
867,Jesse Ylonen,8481058,8481058,,2025-26,,low,no 2025-26 detail,https://capwages.com/players/jesse-ylonen,2026-08-08T18:53:41.068777+00:00
868,Jimmy Vesey,8476918,8476918,0.8000,2023-24,Standard Contract (Extension),ok,,https://capwages.com/players/jimmy-vesey,2026-08-08T18:53:41.068777+00:00
868,Jimmy Vesey,8476918,8476918,0.8000,2024-25,Standard Contract (Extension),ok,,https://capwages.com/players/jimmy-vesey,2026-08-08T18:53:41.068777+00:00
868,Jimmy Vesey,8476918,8476918,,2025-26,,low,no 2025-26 detail,https://capwages.com/players/jimmy-vesey,2026-08-08T18:53:41.068777+00:00
869,Jiri Smejkal,8484314,8484314,0.8700,2023-24,Standard Contract,ok,,https://capwages.com/players/jiri-smejkal,2026-08-08T18:53:41.068777+00:00
869,Jiri Smejkal,8484314,8484314,,2024-25,,low,no 2024-25 detail,https://capwages.com/players/jiri-smejkal,2026-08-08T18:53:41.068777+00:00
869,Jiri Smejkal,8484314,8484314,,2025-26,,low,no 2025-26 detail,https://capwages.com/players/jiri-smejkal,2026-08-08T18:53:41.068777+00:00
870,Joe Pavelski,8470794,8470794,3.5000,2023-24,35+ Contract (Extension),ok,,https://capwages.com/players/joe-pavelski,2026-08-08T18:53:41.068777+00:00
870,Joe Pavelski,8470794,8470794,,2024-25,,low,no 2024-25 detail,https://capwages.com/players/joe-pavelski,2026-08-08T18:53:41.068777+00:00
870,Joe Pavelski,8470794,8470794,,2025-26,,low,no 2025-26 detail,https://capwages.com/players/joe-pavelski,2026-08-08T18:53:41.068777+00:00
871,Joel Nystrom,8482911,8482911,,2023-24,,low,no 2023-24 detail,https://capwages.com/players/joel-nystrom,2026-08-08T18:53:41.068777+00:00
871,Joel Nystrom,8482911,8482911,,2024-25,,low,did not play this season,https://capwages.com/players/joel-nystrom,2026-08-08T18:53:41.068777+00:00
871,Joel Nystrom,8482911,8482911,0.9250,2025-26,Entry-Level Contract,ok,,https://capwages.com/players/joel-nystrom,2026-08-08T18:53:41.068777+00:00
872,Joey Anderson,8479315,8479315,0.8000,2023-24,Standard Contract (Extension),ok,,https://capwages.com/players/joey-anderson,2026-08-08T18:53:41.068777+00:00
872,Joey Anderson,8479315,8479315,0.8000,2024-25,Standard Contract,ok,,https://capwages.com/players/joey-anderson,2026-08-08T18:53:41.068777+00:00
872,Joey Anderson,8479315,8479315,,2025-26,,low,did not play this season,https://capwages.com/players/joey-anderson,2026-08-08T18:53:41.068777+00:00
873,John Hayden,8477401,8477401,0.7750,2023-24,Standard Contract,ok,,https://capwages.com/players/john-hayden,2026-08-08T18:53:41.068777+00:00
873,John Hayden,8477401,8477401,,2024-25,,low,no 2024-25 detail,https://capwages.com/players/john-hayden,2026-08-08T18:53:41.068777+00:00
873,John Hayden,8477401,8477401,0.8125,2025-26,Standard Contract (Extension),ok,,https://capwages.com/players/john-hayden,2026-08-08T18:53:41.068777+00:00
874,John Ludvig,8481206,8481206,0.7750,2023-24,Two-Way Contract ,ok,,https://capwages.com/players/john-ludvig,2026-08-08T18:53:41.068777+00:00
874,John Ludvig,8481206,8481206,0.7750,2024-25,Two-Way Contract ,ok,,https://capwages.com/players/john-ludvig,2026-08-08T18:53:41.068777+00:00
874,John Ludvig,8481206,8481206,,2025-26,,low,no 2025-26 detail,https://capwages.com/players/john-ludvig,2026-08-08T18:53:41.068777+00:00
875,Johnny Gaudreau,8476346,8476346,9.7500,2023-24,Standard Contract,ok,,https://capwages.com/players/johnny-gaudreau,2026-08-08T18:53:41.068777+00:00
875,Johnny Gaudreau,8476346,8476346,,2024-25,,low,did not play this season,https://capwages.com/players/johnny-gaudreau,2026-08-08T18:53:41.068777+00:00
875,Johnny Gaudreau,8476346,8476346,,2025-26,,low,no 2025-26 detail,https://capwages.com/players/johnny-gaudreau,2026-08-08T18:53:41.068777+00:00
876,Jon Merrill,8475750,8475750,1.2000,2023-24,Standard Contract (Extension),ok,,https://capwages.com/players/jon-merrill,2026-08-08T18:53:41.068777+00:00
876,Jon Merrill,8475750,8475750,1.2000,2024-25,Standard Contract (Extension),ok,,https://capwages.com/players/jon-merrill,2026-08-08T18:53:41.068777+00:00
876,Jon Merrill,8475750,8475750,,2025-26,,low,no 2025-26 detail,https://capwages.com/players/jon-merrill,2026-08-08T18:53:41.068777+00:00
877,Jonathan Lekkerimäki,8483476,8483476,,2023-24,,low,did not play this season,https://capwages.com/players/jonathan-lekkerimaki,2026-08-08T18:53:41.068777+00:00
877,Jonathan Lekkerimäki,8483476,8483476,0.9183,2024-25,Entry-Level Contract,ok,,https://capwages.com/players/jonathan-lekkerimaki,2026-08-08T18:53:41.068777+00:00
877,Jonathan Lekkerimäki,8483476,8483476,0.9183,2025-26,Entry-Level Contract,ok,,https://capwages.com/players/jonathan-lekkerimaki,2026-08-08T18:53:41.068777+00:00
878,Jordan Oesterle,8477851,8477851,0.9250,2023-24,Standard Contract,ok,,https://capwages.com/players/jordan-oesterle,2026-08-08T18:53:41.068777+00:00
878,Jordan Oesterle,8477851,8477851,0.7750,2024-25,Two-Way Contract ,ok,,https://capwages.com/players/jordan-oesterle,2026-08-08T18:53:41.068777+00:00
878,Jordan Oesterle,8477851,8477851,0.7750,2025-26,Two-Way Contract ,ok,,https://capwages.com/players/jordan-oesterle,2026-08-08T18:53:41.068777+00:00
879,Joshua Brown,8477384,8477384,1.2750,2023-24,Standard Contract,ok,,https://capwages.com/players/josh-brown,2026-08-08T18:53:41.068777+00:00
879,Joshua Brown,8477384,8477384,1.0000,2024-25,Standard Contract,ok,,https://capwages.com/players/josh-brown,2026-08-08T18:53:41.068777+00:00
879,Joshua Brown,8477384,8477384,,2025-26,,low,did not play this season,https://capwages.com/players/josh-brown,2026-08-08T18:53:41.068777+00:00
880,Joshua Roy,8482749,8482749,0.8350,2023-24,Entry-Level Contract,ok,,https://capwages.com/players/joshua-roy,2026-08-08T18:53:41.068777+00:00
880,Joshua Roy,8482749,8482749,0.8350,2024-25,Entry-Level Contract,ok,,https://capwages.com/players/joshua-roy,2026-08-08T18:53:41.068777+00:00
880,Joshua Roy,8482749,8482749,0.8350,2025-26,Entry-Level Contract,ok,,https://capwages.com/players/joshua-roy,2026-08-08T18:53:41.068777+00:00
881,Juho Lammikko,8477996,8477996,,2023-24,,low,no 2023-24 detail,https://capwages.com/players/juho-lammikko,2026-08-08T18:53:41.068777+00:00
881,Juho Lammikko,8477996,8477996,,2024-25,,low,no 2024-25 detail,https://capwages.com/players/juho-lammikko,2026-08-08T18:53:41.068777+00:00
881,Juho Lammikko,8477996,8477996,0.8000,2025-26,Standard Contract,ok,,https://capwages.com/players/juho-lammikko,2026-08-08T18:53:41.068777+00:00
882,Julien Gauthier,8479328,8479328,0.7875,2023-24,Standard Contract,ok,,https://capwages.com/players/julien-gauthier,2026-08-08T18:53:41.068777+00:00
882,Julien Gauthier,8479328,8479328,0.7875,2024-25,Standard Contract,ok,,https://capwages.com/players/julien-gauthier,2026-08-08T18:53:41.068777+00:00
882,Julien Gauthier,8479328,8479328,,2025-26,,low,did not play this season,https://capwages.com/players/julien-gauthier,2026-08-08T18:53:41.068777+00:00
883,Justin Bailey,8477473,8477473,0.7750,2023-24,Standard Contract,ok,,https://capwages.com/players/justin-bailey,2026-08-08T18:53:41.068777+00:00
883,Justin Bailey,8477473,8477473,,2024-25,,low,did not play this season,https://capwages.com/players/justin-bailey,2026-08-08T18:53:41.068777+00:00
883,Justin Bailey,8477473,8477473,,2025-26,,low,no 2025-26 detail,https://capwages.com/players/justin-bailey,2026-08-08T18:53:41.068777+00:00
884,Justin Dowling,8475413,8475413,0.7750,2023-24,Standard Contract,ok,,https://capwages.com/players/justin-dowling,2026-08-08T18:53:41.068777+00:00
884,Justin Dowling,8475413,8475413,0.7750,2024-25,Standard Contract,ok,,https://capwages.com/players/justin-dowling,2026-08-08T18:53:41.068777+00:00
884,Justin Dowling,8475413,8475413,0.8125,2025-26,Standard Contract (Extension),ok,,https://capwages.com/players/justin-dowling,2026-08-08T18:53:41.068777+00:00
885,Justin Kirkland,8477993,8477993,0.7750,2023-24,Standard Contract,ok,,https://capwages.com/players/justin-kirkland,2026-08-08T18:53:41.068777+00:00
885,Justin Kirkland,8477993,8477993,0.9000,2024-25,Two-Way Contract,ok,,https://capwages.com/players/justin-kirkland,2026-08-08T18:53:41.068777+00:00
885,Justin Kirkland,8477993,8477993,0.9000,2025-26,Standard Contract (Extension),ok,,https://capwages.com/players/justin-kirkland,2026-08-08T18:53:41.068777+00:00
886,Justin Schultz,8474602,8474602,3.0000,2023-24,Standard Contract,ok,,https://capwages.com/players/justin-schultz,2026-08-08T18:53:41.068777+00:00
886,Justin Schultz,8474602,8474602,,2024-25,,low,no 2024-25 detail,https://capwages.com/players/justin-schultz,2026-08-08T18:53:41.068777+00:00
886,Justin Schultz,8474602,8474602,,2025-26,,low,no 2025-26 detail,https://capwages.com/players/justin-schultz,2026-08-08T18:53:41.068777+00:00
887,Juuso Parssinen,8481704,8481704,0.8508,2023-24,Entry-Level Contract,ok,,https://capwages.com/players/juuso-parssinen,2026-08-08T18:53:41.068777+00:00
887,Juuso Parssinen,8481704,8481704,0.7750,2024-25,Standard Contract,ok,,https://capwages.com/players/juuso-parssinen,2026-08-08T18:53:41.068777+00:00
887,Juuso Parssinen,8481704,8481704,1.2500,2025-26,Standard Contract (Extension),ok,,https://capwages.com/players/juuso-parssinen,2026-08-08T18:53:41.068777+00:00
888,Juuso Välimäki,8479976,8479976,1.0000,2023-24,Standard Contract (Extension),ok,,https://capwages.com/players/juuso-valimaki,2026-08-08T18:53:41.068777+00:00
888,Juuso Välimäki,8479976,8479976,2.0000,2024-25,Standard Contract (Extension),ok,,https://capwages.com/players/juuso-valimaki,2026-08-08T18:53:41.068777+00:00
888,Juuso Välimäki,8479976,8479976,,2025-26,,low,did not play this season,https://capwages.com/players/juuso-valimaki,2026-08-08T18:53:41.068777+00:00
889,Keaton Middleton,8479387,8479387,,2023-24,,low,did not play this season,https://capwages.com/players/keaton-middleton,2026-08-08T18:53:41.068777+00:00
889,Keaton Middleton,8479387,8479387,0.7750,2024-25,Standard Contract (Extension),ok,,https://capwages.com/players/keaton-middleton,2026-08-08T18:53:41.068777+00:00
889,Keaton Middleton,8479387,8479387,0.8125,2025-26,Two-Way Contract (Extension),ok,,https://capwages.com/players/keaton-middleton,2026-08-08T18:53:41.068777+00:00
890,Kevin Labanc,8478099,8478099,4.7250,2023-24,Standard Contract,ok,,https://capwages.com/players/kevin-labanc,2026-08-08T18:53:41.068777+00:00
890,Kevin Labanc,8478099,8478099,0.7750,2024-25,Standard Contract,ok,,https://capwages.com/players/kevin-labanc,2026-08-08T18:53:41.068777+00:00
890,Kevin Labanc,8478099,8478099,,2025-26,,low,no 2025-26 detail,https://capwages.com/players/kevin-labanc,2026-08-08T18:53:41.068777+00:00
891,Kevin Shattenkirk,8474031,8474031,1.0500,2023-24,Standard Contract,ok,,https://capwages.com/players/kevin-shattenkirk,2026-08-08T18:53:41.068777+00:00
891,Kevin Shattenkirk,8474031,8474031,,2024-25,,low,no 2024-25 detail,https://capwages.com/players/kevin-shattenkirk,2026-08-08T18:53:41.068777+00:00
891,Kevin Shattenkirk,8474031,8474031,,2025-26,,low,no 2025-26 detail,https://capwages.com/players/kevin-shattenkirk,2026-08-08T18:53:41.068777+00:00
892,Klim Kostin,8480011,8480011,2.0000,2023-24,Standard Contract (Extension),ok,,https://capwages.com/players/klim-kostin,2026-08-08T18:53:41.068777+00:00
892,Klim Kostin,8480011,8480011,2.0000,2024-25,Standard Contract (Extension),ok,,https://capwages.com/players/klim-kostin,2026-08-08T18:53:41.068777+00:00
892,Klim Kostin,8480011,8480011,,2025-26,,low,no 2025-26 detail,https://capwages.com/players/klim-kostin,2026-08-08T18:53:41.068777+00:00
893,Kyle Burroughs,8477335,8477335,1.1000,2023-24,Standard Contract,ok,,https://capwages.com/players/kyle-burroughs,2026-08-08T18:53:41.068777+00:00
893,Kyle Burroughs,8477335,8477335,1.1000,2024-25,Standard Contract,ok,,https://capwages.com/players/kyle-burroughs,2026-08-08T18:53:41.068777+00:00
893,Kyle Burroughs,8477335,8477335,,2025-26,,low,did not play this season,https://capwages.com/players/kyle-burroughs,2026-08-08T18:53:41.068777+00:00
894,Kyle Okposo,8473449,8473449,2.5000,2023-24,35+ Contract (Extension),ok,,https://capwages.com/players/kyle-okposo,2026-08-08T18:53:41.068777+00:00
894,Kyle Okposo,8473449,8473449,,2024-25,,low,no 2024-25 detail,https://capwages.com/players/kyle-okposo,2026-08-08T18:53:41.068777+00:00
894,Kyle Okposo,8473449,8473449,,2025-26,,low,no 2025-26 detail,https://capwages.com/players/kyle-okposo,2026-08-08T18:53:41.068777+00:00
895,Lenni Hameenaho,8484177,8484177,,2023-24,,low,no 2023-24 detail,https://capwages.com/players/lenni-hameenaho,2026-08-08T18:53:41.068777+00:00
895,Lenni Hameenaho,8484177,8484177,,2024-25,,low,no 2024-25 detail,https://capwages.com/players/lenni-hameenaho,2026-08-08T18:53:41.068777+00:00
895,Lenni Hameenaho,8484177,8484177,0.9500,2025-26,Entry-Level Contract,ok,,https://capwages.com/players/lenni-hameenaho,2026-08-08T18:53:41.068777+00:00
896,MacKenzie Entwistle,8480025,8480025,0.8000,2023-24,Standard Contract (Extension),ok,,https://capwages.com/players/mackenzie-entwistle,2026-08-08T18:53:41.068777+00:00
896,MacKenzie Entwistle,8480025,8480025,,2024-25,,low,did not play this season,https://capwages.com/players/mackenzie-entwistle,2026-08-08T18:53:41.068777+00:00
896,MacKenzie Entwistle,8480025,8480025,,2025-26,,low,did not play this season,https://capwages.com/players/mackenzie-entwistle,2026-08-08T18:53:41.068777+00:00
897,Marc Del Gaizo,8481743,8481743,0.8508,2023-24,Entry-Level Contract,ok,,https://capwages.com/players/marc-del-gaizo,2026-08-08T18:53:41.068777+00:00
897,Marc Del Gaizo,8481743,8481743,0.7750,2024-25,Two-Way Contract,ok,,https://capwages.com/players/marc-del-gaizo,2026-08-08T18:53:41.068777+00:00
897,Marc Del Gaizo,8481743,8481743,,2025-26,,low,did not play this season,https://capwages.com/players/marc-del-gaizo,2026-08-08T18:53:41.068777+00:00
898,Marc Staal,8471686,8471686,1.1000,2023-24,35+ Contract,ok,,https://capwages.com/players/marc-staal,2026-08-08T18:53:41.068777+00:00
898,Marc Staal,8471686,8471686,,2024-25,,low,no 2024-25 detail,https://capwages.com/players/marc-staal,2026-08-08T18:53:41.068777+00:00
898,Marc Staal,8471686,8471686,,2025-26,,low,no 2025-26 detail,https://capwages.com/players/marc-staal,2026-08-08T18:53:41.068777+00:00
899,Marc-Edouard Vlasic,8471709,8471709,7.0000,2023-24,Standard Contract (Extension),ok,,https://capwages.com/players/marc-edouard-vlasic,2026-08-08T18:53:41.068777+00:00
899,Marc-Edouard Vlasic,8471709,8471709,7.0000,2024-25,Standard Contract (Extension),ok,,https://capwages.com/players/marc-edouard-vlasic,2026-08-08T18:53:41.068777+00:00
899,Marc-Edouard Vlasic,8471709,8471709,,2025-26,,low,did not play this season,https://capwages.com/players/marc-edouard-vlasic,2026-08-08T18:53:41.068777+00:00
900,Marco Scandella,8474618,8474618,3.2750,2023-24,Standard Contract (Extension),ok,,https://capwages.com/players/marco-scandella,2026-08-08T18:53:41.068777+00:00
900,Marco Scandella,8474618,8474618,,2024-25,,low,no 2024-25 detail,https://capwages.com/players/marco-scandella,2026-08-08T18:53:41.068777+00:00
900,Marco Scandella,8474618,8474618,,2025-26,,low,no 2025-26 detail,https://capwages.com/players/marco-scandella,2026-08-08T18:53:41.068777+00:00
901,Mark Friedman,8478017,8478017,0.7750,2023-24,Standard Contract (Extension),ok,,https://capwages.com/players/mark-friedman,2026-08-08T18:53:41.068777+00:00
901,Mark Friedman,8478017,8478017,0.7750,2024-25,Standard Contract (Extension),ok,,https://capwages.com/players/mark-friedman,2026-08-08T18:53:41.068777+00:00
901,Mark Friedman,8478017,8478017,,2025-26,,low,no 2025-26 detail,https://capwages.com/players/mark-friedman,2026-08-08T18:53:41.068777+00:00
902,Mark Giordano,8470966,8470966,0.8000,2023-24,35+ Contract (Extension),ok,,https://capwages.com/players/mark-giordano,2026-08-08T18:53:41.068777+00:00
902,Mark Giordano,8470966,8470966,,2024-25,,low,no 2024-25 detail,https://capwages.com/players/mark-giordano,2026-08-08T18:53:41.068777+00:00
902,Mark Giordano,8470966,8470966,,2025-26,,low,no 2025-26 detail,https://capwages.com/players/mark-giordano,2026-08-08T18:53:41.068777+00:00
903,Mason Shaw,8479972,8479972,0.7750,2023-24,Standard Contract,ok,,https://capwages.com/players/mason-shaw,2026-08-08T18:53:41.068777+00:00
903,Mason Shaw,8479972,8479972,,2024-25,,low,did not play this season,https://capwages.com/players/mason-shaw,2026-08-08T18:53:41.068777+00:00
903,Mason Shaw,8479972,8479972,,2025-26,,low,did not play this season,https://capwages.com/players/mason-shaw,2026-08-08T18:53:41.068777+00:00
904,Mathew Dumba,8476856,8476856,3.9000,2023-24,Standard Contract,ok,,https://capwages.com/players/mathew-dumba,2026-08-08T18:53:41.068777+00:00
904,Mathew Dumba,8476856,8476856,3.7500,2024-25,Standard Contract,ok,,https://capwages.com/players/mathew-dumba,2026-08-08T18:53:41.068777+00:00
904,Mathew Dumba,8476856,8476856,3.7500,2025-26,Standard Contract,ok,,https://capwages.com/players/mathew-dumba,2026-08-08T18:53:41.068777+00:00
905,Matt Martin,8474709,8474709,1.5000,2023-24,Standard Contract,ok,,https://capwages.com/players/matt-martin,2026-08-08T18:53:41.068777+00:00
905,Matt Martin,8474709,8474709,0.7750,2024-25,35+ Contract ,ok,,https://capwages.com/players/matt-martin,2026-08-08T18:53:41.068777+00:00
905,Matt Martin,8474709,8474709,,2025-26,,low,no 2025-26 detail,https://capwages.com/players/matt-martin,2026-08-08T18:53:41.068777+00:00
906,Matt Nieto,8476442,8476442,0.9000,2023-24,Standard Contract,ok,,https://capwages.com/players/matt-nieto,2026-08-08T18:53:41.068777+00:00
906,Matt Nieto,8476442,8476442,0.9000,2024-25,Standard Contract,ok,,https://capwages.com/players/matt-nieto,2026-08-08T18:53:41.068777+00:00
906,Matt Nieto,8476442,8476442,,2025-26,,low,no 2025-26 detail,https://capwages.com/players/matt-nieto,2026-08-08T18:53:41.068777+00:00
907,Matthew Highmore,8478146,8478146,0.7750,2023-24,Standard Contract,ok,,https://capwages.com/players/matthew-highmore,2026-08-08T18:53:41.068777+00:00
907,Matthew Highmore,8478146,8478146,0.7750,2024-25,Standard Contract (Extension),ok,,https://capwages.com/players/matthew-highmore,2026-08-08T18:53:41.068777+00:00
907,Matthew Highmore,8478146,8478146,,2025-26,,low,did not play this season,https://capwages.com/players/matthew-highmore,2026-08-08T18:53:41.068777+00:00
908,Matthew Phillips,8479547,8479547,,2023-24,,low,no 2023-24 detail,https://capwages.com/players/matthew-phillips,2026-08-08T18:53:41.068777+00:00
908,Matthew Phillips,8479547,8479547,,2024-25,,low,did not play this season,https://capwages.com/players/matthew-phillips,2026-08-08T18:53:41.068777+00:00
908,Matthew Phillips,8479547,8479547,,2025-26,,low,no 2025-26 detail,https://capwages.com/players/matthew-phillips,2026-08-08T18:53:41.068777+00:00
909,Matthew Poitras,8483505,8483505,0.8700,2023-24,Entry-Level Contract,ok,,https://capwages.com/players/matthew-poitras,2026-08-08T18:53:41.068777+00:00
909,Matthew Poitras,8483505,8483505,0.8700,2024-25,Entry-Level Contract,ok,,https://capwages.com/players/matthew-poitras,2026-08-08T18:53:41.068777+00:00
909,Matthew Poitras,8483505,8483505,0.8700,2025-26,Entry-Level Contract,ok,,https://capwages.com/players/matthew-poitras,2026-08-08T18:53:41.068777+00:00
910,Max Pacioretty,8474157,8474157,2.0000,2023-24,Standard Contract,ok,,https://capwages.com/players/max-pacioretty,2026-08-08T18:53:41.068777+00:00
910,Max Pacioretty,8474157,8474157,0.8738,2024-25,35+ Contract ,ok,,https://capwages.com/players/max-pacioretty,2026-08-08T18:53:41.068777+00:00
910,Max Pacioretty,8474157,8474157,,2025-26,,low,no 2025-26 detail,https://capwages.com/players/max-pacioretty,2026-08-08T18:53:41.068777+00:00
911,Michael McLeod,8479415,8479415,1.4000,2023-24,Standard Contract,ok,,https://capwages.com/players/michael-mcleod,2026-08-08T18:53:41.068777+00:00
911,Michael McLeod,8479415,8479415,,2024-25,,low,no 2024-25 detail,https://capwages.com/players/michael-mcleod,2026-08-08T18:53:41.068777+00:00
911,Michael McLeod,8479415,8479415,,2025-26,,low,no 2025-26 detail,https://capwages.com/players/michael-mcleod,2026-08-08T18:53:41.068777+00:00
912,Michael Pezzetta,8479543,8479543,0.8125,2023-24,Standard Contract (Extension),ok,,https://capwages.com/players/michael-pezzetta,2026-08-08T18:53:41.068777+00:00
912,Michael Pezzetta,8479543,8479543,0.8125,2024-25,Standard Contract (Extension),ok,,https://capwages.com/players/michael-pezzetta,2026-08-08T18:53:41.068777+00:00
912,Michael Pezzetta,8479543,8479543,0.8125,2025-26,Standard Contract,ok,,https://capwages.com/players/michael-pezzetta,2026-08-08T18:53:41.068777+00:00
913,Michael Sgarbossa,8475958,8475958,0.7750,2023-24,Standard Contract (Extension),ok,,https://capwages.com/players/michael-sgarbossa,2026-08-08T18:53:41.068777+00:00
913,Michael Sgarbossa,8475958,8475958,0.7750,2024-25,Standard Contract (Extension),ok,,https://capwages.com/players/michael-sgarbossa,2026-08-08T18:53:41.068777+00:00
913,Michael Sgarbossa,8475958,8475958,,2025-26,,low,no 2025-26 detail,https://capwages.com/players/michael-sgarbossa,2026-08-08T18:53:41.068777+00:00
914,Mikael Pyyhtia,8482451,8482451,0.8975,2023-24,Entry-Level Contract,ok,,https://capwages.com/players/mikael-pyyhtia,2026-08-08T18:53:41.068777+00:00
914,Mikael Pyyhtia,8482451,8482451,0.8975,2024-25,Entry-Level Contract,ok,,https://capwages.com/players/mikael-pyyhtia,2026-08-08T18:53:41.068777+00:00
914,Mikael Pyyhtia,8482451,8482451,0.7750,2025-26,Two-Way Contract,ok,,https://capwages.com/players/mikael-pyyhtia,2026-08-08T18:53:41.068777+00:00
915,Mike Hoffman,8474884,8474884,4.5000,2023-24,Standard Contract,ok,,https://capwages.com/players/mike-hoffman,2026-08-08T18:53:41.068777+00:00
915,Mike Hoffman,8474884,8474884,,2024-25,,low,no 2024-25 detail,https://capwages.com/players/mike-hoffman,2026-08-08T18:53:41.068777+00:00
915,Mike Hoffman,8474884,8474884,,2025-26,,low,no 2025-26 detail,https://capwages.com/players/mike-hoffman,2026-08-08T18:53:41.068777+00:00
916,Mitchell Chaffee,8482070,8482070,0.7750,2023-24,Standard Contract,ok,,https://capwages.com/players/mitchell-chaffee,2026-08-08T18:53:41.068777+00:00
916,Mitchell Chaffee,8482070,8482070,0.8000,2024-25,Standard Contract (Extension),ok,,https://capwages.com/players/mitchell-chaffee,2026-08-08T18:53:41.068777+00:00
916,Mitchell Chaffee,8482070,8482070,0.8000,2025-26,Standard Contract (Extension),ok,,https://capwages.com/players/mitchell-chaffee,2026-08-08T18:53:41.068777+00:00
917,Mitchell Stephens,8478477,8478477,0.7750,2023-24,Standard Contract,ok,,https://capwages.com/players/mitchell-stephens,2026-08-08T18:53:41.068777+00:00
917,Mitchell Stephens,8478477,8478477,0.7750,2024-25,Two-Way Contract ,ok,,https://capwages.com/players/mitchell-stephens,2026-08-08T18:53:41.068777+00:00
917,Mitchell Stephens,8478477,8478477,,2025-26,,low,did not play this season,https://capwages.com/players/mitchell-stephens,2026-08-08T18:53:41.068777+00:00
918,Nate Danielson,8484160,8484160,,2023-24,,low,did not play this season,https://capwages.com/players/nate-danielson,2026-08-08T18:53:41.068777+00:00
918,Nate Danielson,8484160,8484160,,2024-25,,low,did not play this season,https://capwages.com/players/nate-danielson,2026-08-08T18:53:41.068777+00:00
918,Nate Danielson,8484160,8484160,0.8867,2025-26,Entry-Level Contract,ok,,https://capwages.com/players/nate-danielson,2026-08-08T18:53:41.068777+00:00
919,Nick Bonino,8474009,8474009,0.8000,2023-24,35+ Contract,ok,,https://capwages.com/players/nick-bonino,2026-08-08T18:53:41.068777+00:00
919,Nick Bonino,8474009,8474009,,2024-25,,low,no 2024-25 detail,https://capwages.com/players/nick-bonino,2026-08-08T18:53:41.068777+00:00
919,Nick Bonino,8474009,8474009,,2025-26,,low,no 2025-26 detail,https://capwages.com/players/nick-bonino,2026-08-08T18:53:41.068777+00:00
920,Nikita Alexandrov,8481543,8481543,0.8167,2023-24,Entry-Level Contract,ok,,https://capwages.com/players/nikita-alexandrov,2026-08-08T18:53:41.068777+00:00
920,Nikita Alexandrov,8481543,8481543,,2024-25,,low,did not play this season,https://capwages.com/players/nikita-alexandrov,2026-08-08T18:53:41.068777+00:00
920,Nikita Alexandrov,8481543,8481543,,2025-26,,low,did not play this season,https://capwages.com/players/nikita-alexandrov,2026-08-08T18:53:41.068777+00:00
921,Nikita Nesterenko,8481754,8481754,0.9250,2023-24,Entry-Level Contract,ok,,https://capwages.com/players/nikita-nesterenko,2026-08-08T18:53:41.068777+00:00
921,Nikita Nesterenko,8481754,8481754,0.8741,2024-25,Standard Contract,ok,,https://capwages.com/players/nikita-nesterenko,2026-08-08T18:53:41.068777+00:00
921,Nikita Nesterenko,8481754,8481754,0.8125,2025-26,Standard Contract (Extension),ok,,https://capwages.com/players/nikita-nesterenko,2026-08-08T18:53:41.068777+00:00
922,Nikita Okhotiuk,8481537,8481537,0.7892,2023-24,Entry-Level Contract,ok,,https://capwages.com/players/nikita-okhotiuk,2026-08-08T18:53:41.068777+00:00
922,Nikita Okhotiuk,8481537,8481537,,2024-25,,low,no 2024-25 detail,https://capwages.com/players/nikita-okhotiuk,2026-08-08T18:53:41.068777+00:00
922,Nikita Okhotiuk,8481537,8481537,,2025-26,,low,no 2025-26 detail,https://capwages.com/players/nikita-okhotiuk,2026-08-08T18:53:41.068777+00:00
923,Nikita Zaitsev,8479458,8479458,4.5000,2023-24,Standard Contract (Extension),ok,,https://capwages.com/players/nikita-zaitsev,2026-08-08T18:53:41.068777+00:00
923,Nikita Zaitsev,8479458,8479458,,2024-25,,low,no 2024-25 detail,https://capwages.com/players/nikita-zaitsev,2026-08-08T18:53:41.068777+00:00
923,Nikita Zaitsev,8479458,8479458,,2025-26,,low,no 2025-26 detail,https://capwages.com/players/nikita-zaitsev,2026-08-08T18:53:41.068777+00:00
924,Nikolai Kovalenko,8481042,8481042,,2023-24,,low,did not play this season,https://capwages.com/players/nikolai-kovalenko,2026-08-08T18:53:41.068777+00:00
924,Nikolai Kovalenko,8481042,8481042,0.8962,2024-25,Entry-Level Contract,ok,,https://capwages.com/players/nikolai-kovalenko,2026-08-08T18:53:41.068777+00:00
924,Nikolai Kovalenko,8481042,8481042,,2025-26,,low,no 2025-26 detail,https://capwages.com/players/nikolai-kovalenko,2026-08-08T18:53:41.068777+00:00
925,Noah Gregor,8479393,8479393,0.7750,2023-24,Standard Contract,ok,,https://capwages.com/players/noah-gregor,2026-08-08T18:53:41.068777+00:00
925,Noah Gregor,8479393,8479393,0.8500,2024-25,Standard Contract,ok,,https://capwages.com/players/noah-gregor,2026-08-08T18:53:41.068777+00:00
925,Noah Gregor,8479393,8479393,0.7750,2025-26,Two-Way Contract,ok,,https://capwages.com/players/noah-gregor,2026-08-08T18:53:41.068777+00:00
926,Nolan Allan,8482700,8482700,,2023-24,,low,did not play this season,https://capwages.com/players/nolan-allan,2026-08-08T18:53:41.068777+00:00
926,Nolan Allan,8482700,8482700,0.8250,2024-25,Entry-Level Contract,ok,,https://capwages.com/players/nolan-allan,2026-08-08T18:53:41.068777+00:00
926,Nolan Allan,8482700,8482700,,2025-26,,low,did not play this season,https://capwages.com/players/nolan-allan,2026-08-08T18:53:41.068777+00:00
927,Oliver Kylington,8478430,8478430,2.5000,2023-24,Standard Contract,ok,,https://capwages.com/players/oliver-kylington,2026-08-08T18:53:41.068777+00:00
927,Oliver Kylington,8478430,8478430,1.0500,2024-25,Standard Contract,ok,,https://capwages.com/players/oliver-kylington,2026-08-08T18:53:41.068777+00:00
927,Oliver Kylington,8478430,8478430,,2025-26,,low,no 2025-26 detail,https://capwages.com/players/oliver-kylington,2026-08-08T18:53:41.068777+00:00
928,Oliver Wahlstrom,8480789,8480789,0.8741,2023-24,Standard Contract,ok,,https://capwages.com/players/oliver-wahlstrom,2026-08-08T18:53:41.068777+00:00
928,Oliver Wahlstrom,8480789,8480789,1.0000,2024-25,Two-Way Contract ,ok,,https://capwages.com/players/oliver-wahlstrom,2026-08-08T18:53:41.068777+00:00
928,Oliver Wahlstrom,8480789,8480789,,2025-26,,low,no 2025-26 detail,https://capwages.com/players/oliver-wahlstrom,2026-08-08T18:53:41.068777+00:00
929,Oskar Steen,8479546,8479546,0.8000,2023-24,Standard Contract (Extension),ok,,https://capwages.com/players/oskar-steen,2026-08-08T18:53:41.068777+00:00
929,Oskar Steen,8479546,8479546,,2024-25,,low,no 2024-25 detail,https://capwages.com/players/oskar-steen,2026-08-08T18:53:41.068777+00:00
929,Oskar Steen,8479546,8479546,,2025-26,,low,no 2025-26 detail,https://capwages.com/players/oskar-steen,2026-08-08T18:53:41.068777+00:00
930,Otto Stenberg,8484230,8484230,,2023-24,,low,no 2023-24 detail,https://capwages.com/players/otto-stenberg,2026-08-08T18:53:41.068777+00:00
930,Otto Stenberg,8484230,8484230,,2024-25,,low,did not play this season,https://capwages.com/players/otto-stenberg,2026-08-08T18:53:41.068777+00:00
930,Otto Stenberg,8484230,8484230,0.9183,2025-26,Entry-Level Contract,ok,,https://capwages.com/players/otto-stenberg,2026-08-08T18:53:41.068777+00:00
931,Owen Pickering,8483503,8483503,,2023-24,,low,did not play this season,https://capwages.com/players/owen-pickering,2026-08-08T18:53:41.068777+00:00
931,Owen Pickering,8483503,8483503,0.8867,2024-25,Entry-Level Contract,ok,,https://capwages.com/players/owen-pickering,2026-08-08T18:53:41.068777+00:00
931,Owen Pickering,8483503,8483503,0.8867,2025-26,Entry-Level Contract,ok,,https://capwages.com/players/owen-pickering,2026-08-08T18:53:41.068777+00:00
932,Patrick Maroon,8474034,8474034,1.0000,2023-24,Standard Contract (Extension),ok,,https://capwages.com/players/pat-maroon,2026-08-08T18:53:41.068777+00:00
932,Patrick Maroon,8474034,8474034,1.3000,2024-25,35+ Contract,ok,,https://capwages.com/players/pat-maroon,2026-08-08T18:53:41.068777+00:00
932,Patrick Maroon,8474034,8474034,,2025-26,,low,no 2025-26 detail,https://capwages.com/players/pat-maroon,2026-08-08T18:53:41.068777+00:00
933,Philip Tomasino,8481577,8481577,0.8633,2023-24,Entry-Level Contract,ok,,https://capwages.com/players/philip-tomasino,2026-08-08T18:53:41.068777+00:00
933,Philip Tomasino,8481577,8481577,0.8250,2024-25,Standard Contract,ok,,https://capwages.com/players/philip-tomasino,2026-08-08T18:53:41.068777+00:00
933,Philip Tomasino,8481577,8481577,1.7500,2025-26,Standard Contract (Extension),ok,,https://capwages.com/players/philip-tomasino,2026-08-08T18:53:41.068777+00:00
934,Phillip Di Giuseppe,8476858,8476858,0.7750,2023-24,Standard Contract (Extension),ok,,https://capwages.com/players/phillip-di-giuseppe,2026-08-08T18:53:41.068777+00:00
934,Phillip Di Giuseppe,8476858,8476858,0.7750,2024-25,Standard Contract (Extension),ok,,https://capwages.com/players/phillip-di-giuseppe,2026-08-08T18:53:41.068777+00:00
934,Phillip Di Giuseppe,8476858,8476858,,2025-26,,low,did not play this season,https://capwages.com/players/phillip-di-giuseppe,2026-08-08T18:53:41.068777+00:00
935,Pierre Engvall,8478115,8478115,3.0000,2023-24,Standard Contract,ok,,https://capwages.com/players/pierre-engvall,2026-08-08T18:53:41.068777+00:00
935,Pierre Engvall,8478115,8478115,3.0000,2024-25,Standard Contract,ok,,https://capwages.com/players/pierre-engvall,2026-08-08T18:53:41.068777+00:00
935,Pierre Engvall,8478115,8478115,,2025-26,,low,did not play this season,https://capwages.com/players/pierre-engvall,2026-08-08T18:53:41.068777+00:00
936,Pierre-Edouard Bellemare,8477930,8477930,0.7750,2023-24,35+ Contract,ok,,https://capwages.com/players/pierre-edouard-bellemare,2026-08-08T18:53:41.068777+00:00
936,Pierre-Edouard Bellemare,8477930,8477930,,2024-25,,low,no 2024-25 detail,https://capwages.com/players/pierre-edouard-bellemare,2026-08-08T18:53:41.068777+00:00
936,Pierre-Edouard Bellemare,8477930,8477930,,2025-26,,low,no 2025-26 detail,https://capwages.com/players/pierre-edouard-bellemare,2026-08-08T18:53:41.068777+00:00
937,Radim Zohorna,8482241,8482241,0.7750,2023-24,Two-Way Contract ,ok,,https://capwages.com/players/radim-zohorna,2026-08-08T18:53:41.068777+00:00
937,Radim Zohorna,8482241,8482241,,2024-25,,low,no 2024-25 detail,https://capwages.com/players/radim-zohorna,2026-08-08T18:53:41.068777+00:00
937,Radim Zohorna,8482241,8482241,,2025-26,,low,no 2025-26 detail,https://capwages.com/players/radim-zohorna,2026-08-08T18:53:41.068777+00:00
938,Rafael Harvey-Pinard,8481093,8481093,1.1000,2023-24,Standard Contract,ok,,https://capwages.com/players/rafael-harvey-pinard,2026-08-08T18:53:41.068777+00:00
938,Rafael Harvey-Pinard,8481093,8481093,1.1000,2024-25,Standard Contract,ok,,https://capwages.com/players/rafael-harvey-pinard,2026-08-08T18:53:41.068777+00:00
938,Rafael Harvey-Pinard,8481093,8481093,0.7750,2025-26,Two-Way Contract ,ok,,https://capwages.com/players/rafael-harvey-pinard,2026-08-08T18:53:41.068777+00:00
939,Rasmus Kupari,8480845,8480845,1.0000,2023-24,Two-Way Contract ,ok,,https://capwages.com/players/rasmus-kupari,2026-08-08T18:53:41.068777+00:00
939,Rasmus Kupari,8480845,8480845,1.0000,2024-25,Two-Way Contract ,ok,,https://capwages.com/players/rasmus-kupari,2026-08-08T18:53:41.068777+00:00
939,Rasmus Kupari,8480845,8480845,,2025-26,,low,no 2025-26 detail,https://capwages.com/players/rasmus-kupari,2026-08-08T18:53:41.068777+00:00
940,Reese Johnson,8481147,8481147,0.8000,2023-24,Standard Contract (Extension),ok,,https://capwages.com/players/reese-johnson,2026-08-08T18:53:41.068777+00:00
940,Reese Johnson,8481147,8481147,0.7750,2024-25,Two-Way Contract ,ok,,https://capwages.com/players/reese-johnson,2026-08-08T18:53:41.068777+00:00
940,Reese Johnson,8481147,8481147,,2025-26,,low,no 2025-26 detail,https://capwages.com/players/reese-johnson,2026-08-08T18:53:41.068777+00:00
941,Reid Schaefer,8483513,8483513,,2023-24,,low,did not play this season,https://capwages.com/players/reid-schaefer,2026-08-08T18:53:41.068777+00:00
941,Reid Schaefer,8483513,8483513,,2024-25,,low,did not play this season,https://capwages.com/players/reid-schaefer,2026-08-08T18:53:41.068777+00:00
941,Reid Schaefer,8483513,8483513,0.8867,2025-26,Entry-Level Contract,ok,,https://capwages.com/players/reid-schaefer,2026-08-08T18:53:41.068777+00:00
942,Robert Bortuzzo,8474145,8474145,0.9500,2023-24,Standard Contract (Extension),ok,,https://capwages.com/players/robert-bortuzzo,2026-08-08T18:53:41.068777+00:00
942,Robert Bortuzzo,8474145,8474145,0.7750,2024-25,35+ Contract ,ok,,https://capwages.com/players/robert-bortuzzo,2026-08-08T18:53:41.068777+00:00
942,Robert Bortuzzo,8474145,8474145,,2025-26,,low,no 2025-26 detail,https://capwages.com/players/robert-bortuzzo,2026-08-08T18:53:41.068777+00:00
943,Rourke Chartier,8478078,8478078,0.7750,2023-24,Standard Contract,ok,,https://capwages.com/players/rourke-chartier,2026-08-08T18:53:41.068777+00:00
943,Rourke Chartier,8478078,8478078,,2024-25,,low,no 2024-25 detail,https://capwages.com/players/rourke-chartier,2026-08-08T18:53:41.068777+00:00
943,Rourke Chartier,8478078,8478078,,2025-26,,low,no 2025-26 detail,https://capwages.com/players/rourke-chartier,2026-08-08T18:53:41.068777+00:00
944,Rutger McGroarty,8483487,8483487,,2023-24,,low,no 2023-24 detail,https://capwages.com/players/rutger-mcgroarty,2026-08-08T18:53:41.068777+00:00
944,Rutger McGroarty,8483487,8483487,0.9500,2024-25,Entry-Level Contract,ok,,https://capwages.com/players/rutger-mcgroarty,2026-08-08T18:53:41.068777+00:00
944,Rutger McGroarty,8483487,8483487,0.9500,2025-26,Entry-Level Contract,ok,,https://capwages.com/players/rutger-mcgroarty,2026-08-08T18:53:41.068777+00:00
945,Ryan Carpenter,8477846,8477846,0.7750,2023-24,Standard Contract,ok,,https://capwages.com/players/ryan-carpenter,2026-08-08T18:53:41.068777+00:00
945,Ryan Carpenter,8477846,8477846,,2024-25,,low,no 2024-25 detail,https://capwages.com/players/ryan-carpenter,2026-08-08T18:53:41.068777+00:00
945,Ryan Carpenter,8477846,8477846,,2025-26,,low,no 2025-26 detail,https://capwages.com/players/ryan-carpenter,2026-08-08T18:53:41.068777+00:00
946,Ryan Johansen,8475793,8475793,8.0000,2023-24,Standard Contract,ok,,https://capwages.com/players/ryan-johansen,2026-08-08T18:53:41.068777+00:00
946,Ryan Johansen,8475793,8475793,,2024-25,,low,did not play this season,https://capwages.com/players/ryan-johansen,2026-08-08T18:53:41.068777+00:00
946,Ryan Johansen,8475793,8475793,,2025-26,,low,no 2025-26 detail,https://capwages.com/players/ryan-johansen,2026-08-08T18:53:41.068777+00:00
947,Ryan Suter,8470600,8470600,3.6500,2023-24,35+ Contract,ok,,https://capwages.com/players/ryan-suter,2026-08-08T18:53:41.068777+00:00
947,Ryan Suter,8470600,8470600,0.7750,2024-25,35+ Contract ,ok,,https://capwages.com/players/ryan-suter,2026-08-08T18:53:41.068777+00:00
947,Ryan Suter,8470600,8470600,,2025-26,35+ Contract,low,capHit unparseable,https://capwages.com/players/ryan-suter,2026-08-08T18:53:41.068777+00:00
948,Sam Colangelo,8482118,8482118,0.9250,2023-24,Entry-Level Contract,ok,,https://capwages.com/players/sam-colangelo,2026-08-08T18:53:41.068777+00:00
948,Sam Colangelo,8482118,8482118,0.9250,2024-25,Entry-Level Contract,ok,,https://capwages.com/players/sam-colangelo,2026-08-08T18:53:41.068777+00:00
948,Sam Colangelo,8482118,8482118,0.8500,2025-26,Two-Way Contract,ok,,https://capwages.com/players/sam-colangelo,2026-08-08T18:53:41.068777+00:00
949,Sam Gagner,8474040,8474040,0.7750,2023-24,Two-Way Contract ,ok,,https://capwages.com/players/sam-gagner,2026-08-08T18:53:41.068777+00:00
949,Sam Gagner,8474040,8474040,,2024-25,,low,no 2024-25 detail,https://capwages.com/players/sam-gagner,2026-08-08T18:53:41.068777+00:00
949,Sam Gagner,8474040,8474040,,2025-26,,low,no 2025-26 detail,https://capwages.com/players/sam-gagner,2026-08-08T18:53:41.068777+00:00
950,Sammy Blais,8478104,8478104,1.0000,2023-24,Standard Contract (Extension),ok,,https://capwages.com/players/sammy-blais,2026-08-08T18:53:41.068777+00:00
950,Sammy Blais,8478104,8478104,,2024-25,,low,no 2024-25 detail,https://capwages.com/players/sammy-blais,2026-08-08T18:53:41.068777+00:00
950,Sammy Blais,8478104,8478104,0.7750,2025-26,Standard Contract,ok,,https://capwages.com/players/sammy-blais,2026-08-08T18:53:41.068777+00:00
951,Samuel Bolduc,8481541,8481541,0.8000,2023-24,Standard Contract (Extension),ok,,https://capwages.com/players/samuel-bolduc,2026-08-08T18:53:41.068777+00:00
951,Samuel Bolduc,8481541,8481541,0.8000,2024-25,Standard Contract (Extension),ok,,https://capwages.com/players/samuel-bolduc,2026-08-08T18:53:41.068777+00:00
951,Samuel Bolduc,8481541,8481541,,2025-26,,low,did not play this season,https://capwages.com/players/samuel-bolduc,2026-08-08T18:53:41.068777+00:00
952,Scott Morrow,8482666,8482666,0.9167,2023-24,Entry-Level Contract,ok,,https://capwages.com/players/scott-morrow,2026-08-08T18:53:41.068777+00:00
952,Scott Morrow,8482666,8482666,0.9167,2024-25,Entry-Level Contract,ok,,https://capwages.com/players/scott-morrow,2026-08-08T18:53:41.068777+00:00
952,Scott Morrow,8482666,8482666,0.9167,2025-26,Entry-Level Contract,ok,,https://capwages.com/players/scott-morrow,2026-08-08T18:53:41.068777+00:00
953,Sebastian Aho,8480222,8480222,0.8250,2023-24,Standard Contract (Extension),ok,,https://capwages.com/players/sebastian-aho,2026-08-08T18:53:41.068777+00:00
953,Sebastian Aho,8480222,8480222,,2024-25,,low,did not play this season,https://capwages.com/players/sebastian-aho,2026-08-08T18:53:41.068777+00:00
953,Sebastian Aho,8480222,8480222,,2025-26,,low,did not play this season,https://capwages.com/players/sebastian-aho,2026-08-08T18:53:41.068777+00:00
954,Sonny Milano,8477947,8477947,1.9000,2023-24,Standard Contract (Extension),ok,,https://capwages.com/players/sonny-milano,2026-08-08T18:53:41.068777+00:00
954,Sonny Milano,8477947,8477947,1.9000,2024-25,Standard Contract (Extension),ok,,https://capwages.com/players/sonny-milano,2026-08-08T18:53:41.068777+00:00
954,Sonny Milano,8477947,8477947,1.9000,2025-26,Standard Contract (Extension),ok,,https://capwages.com/players/sonny-milano,2026-08-08T18:53:41.068777+00:00
955,T.J. Oshie,8471698,8471698,5.7500,2023-24,Standard Contract (Extension),ok,,https://capwages.com/players/t-j-oshie,2026-08-08T18:53:41.068777+00:00
955,T.J. Oshie,8471698,8471698,,2024-25,,low,did not play this season,https://capwages.com/players/t-j-oshie,2026-08-08T18:53:41.068777+00:00
955,T.J. Oshie,8471698,8471698,,2025-26,,low,no 2025-26 detail,https://capwages.com/players/t-j-oshie,2026-08-08T18:53:41.068777+00:00
956,TJ Brodie,8474673,8474673,5.0000,2023-24,Standard Contract,ok,,https://capwages.com/players/tj-brodie,2026-08-08T18:53:41.068777+00:00
956,TJ Brodie,8474673,8474673,3.7500,2024-25,Standard Contract,ok,,https://capwages.com/players/tj-brodie,2026-08-08T18:53:41.068777+00:00
956,TJ Brodie,8474673,8474673,,2025-26,,low,did not play this season,https://capwages.com/players/tj-brodie,2026-08-08T18:53:41.068777+00:00
957,Thomas Bordeleau,8482133,8482133,0.9167,2023-24,Entry-Level Contract,ok,,https://capwages.com/players/thomas-bordeleau,2026-08-08T18:53:41.068777+00:00
957,Thomas Bordeleau,8482133,8482133,0.8741,2024-25,Two-Way Contract ,ok,,https://capwages.com/players/thomas-bordeleau,2026-08-08T18:53:41.068777+00:00
957,Thomas Bordeleau,8482133,8482133,,2025-26,,low,did not play this season,https://capwages.com/players/thomas-bordeleau,2026-08-08T18:53:41.068777+00:00
958,Tomas Tatar,8475193,8475193,1.5000,2023-24,Standard Contract,ok,,https://capwages.com/players/tomas-tatar,2026-08-08T18:53:41.068777+00:00
958,Tomas Tatar,8475193,8475193,1.8000,2024-25,Standard Contract,ok,,https://capwages.com/players/tomas-tatar,2026-08-08T18:53:41.068777+00:00
958,Tomas Tatar,8475193,8475193,,2025-26,,low,no 2025-26 detail,https://capwages.com/players/tomas-tatar,2026-08-08T18:53:41.068777+00:00
959,Torey Krug,8476792,8476792,6.5000,2023-24,Standard Contract,ok,,https://capwages.com/players/torey-krug,2026-08-08T18:53:41.068777+00:00
959,Torey Krug,8476792,8476792,,2024-25,,low,did not play this season,https://capwages.com/players/torey-krug,2026-08-08T18:53:41.068777+00:00
959,Torey Krug,8476792,8476792,,2025-26,,low,did not play this season,https://capwages.com/players/torey-krug,2026-08-08T18:53:41.068777+00:00
960,Travis Dermott,8478408,8478408,0.8000,2023-24,Standard Contract,ok,,https://capwages.com/players/travis-dermott,2026-08-08T18:53:41.068777+00:00
960,Travis Dermott,8478408,8478408,0.7750,2024-25,Two-Way Contract,ok,,https://capwages.com/players/travis-dermott,2026-08-08T18:53:41.068777+00:00
960,Travis Dermott,8478408,8478408,,2025-26,,low,no 2025-26 detail,https://capwages.com/players/travis-dermott,2026-08-08T18:53:41.068777+00:00
961,Trevor Lewis,8473453,8473453,0.7750,2023-24,35+ Contract,ok,,https://capwages.com/players/trevor-lewis,2026-08-08T18:53:41.068777+00:00
961,Trevor Lewis,8473453,8473453,0.8000,2024-25,35+ Contract,ok,,https://capwages.com/players/trevor-lewis,2026-08-08T18:53:41.068777+00:00
961,Trevor Lewis,8473453,8473453,,2025-26,,low,no 2025-26 detail,https://capwages.com/players/trevor-lewis,2026-08-08T18:53:41.068777+00:00
962,Tyler Johnson,8474870,8474870,5.0000,2023-24,Standard Contract,ok,,https://capwages.com/players/tyler-johnson,2026-08-08T18:53:41.068777+00:00
962,Tyler Johnson,8474870,8474870,0.7750,2024-25,Standard Contract,ok,,https://capwages.com/players/tyler-johnson,2026-08-08T18:53:41.068777+00:00
962,Tyler Johnson,8474870,8474870,,2025-26,,low,no 2025-26 detail,https://capwages.com/players/tyler-johnson,2026-08-08T18:53:41.068777+00:00
963,Tyler Motte,8477353,8477353,0.8000,2023-24,Standard Contract,ok,,https://capwages.com/players/tyler-motte,2026-08-08T18:53:41.068777+00:00
963,Tyler Motte,8477353,8477353,0.8000,2024-25,Standard Contract,ok,,https://capwages.com/players/tyler-motte,2026-08-08T18:53:41.068777+00:00
963,Tyler Motte,8477353,8477353,,2025-26,,low,no 2025-26 detail,https://capwages.com/players/tyler-motte,2026-08-08T18:53:41.068777+00:00
964,Tyler Pitlick,8475752,8475752,0.7875,2023-24,Standard Contract,ok,,https://capwages.com/players/tyler-pitlick,2026-08-08T18:53:41.068777+00:00
964,Tyler Pitlick,8475752,8475752,,2024-25,,low,did not play this season,https://capwages.com/players/tyler-pitlick,2026-08-08T18:53:41.068777+00:00
964,Tyler Pitlick,8475752,8475752,0.8125,2025-26,Two-Way Contract ,ok,,https://capwages.com/players/tyler-pitlick,2026-08-08T18:53:41.068777+00:00
965,Tyson Barrie,8475197,8475197,4.5000,2023-24,Standard Contract,ok,,https://capwages.com/players/tyson-barrie,2026-08-08T18:53:41.068777+00:00
965,Tyson Barrie,8475197,8475197,1.2500,2024-25,Standard Contract,ok,,https://capwages.com/players/tyson-barrie,2026-08-08T18:53:41.068777+00:00
965,Tyson Barrie,8475197,8475197,,2025-26,,low,no 2025-26 detail,https://capwages.com/players/tyson-barrie,2026-08-08T18:53:41.068777+00:00
966,Valtteri Puustinen,8481703,8481703,0.7750,2023-24,Standard Contract (Extension),ok,,https://capwages.com/players/valtteri-puustinen,2026-08-08T18:53:41.068777+00:00
966,Valtteri Puustinen,8481703,8481703,0.7750,2024-25,Standard Contract (Extension),ok,,https://capwages.com/players/valtteri-puustinen,2026-08-08T18:53:41.068777+00:00
966,Valtteri Puustinen,8481703,8481703,,2025-26,,low,did not play this season,https://capwages.com/players/valtteri-puustinen,2026-08-08T18:53:41.068777+00:00
967,Vinni Lettieri,8479968,8479968,0.7750,2023-24,Standard Contract,ok,,https://capwages.com/players/vinni-lettieri,2026-08-08T18:53:41.068777+00:00
967,Vinni Lettieri,8479968,8479968,0.7750,2024-25,Standard Contract,ok,,https://capwages.com/players/vinni-lettieri,2026-08-08T18:53:41.068777+00:00
967,Vinni Lettieri,8479968,8479968,,2025-26,,low,did not play this season,https://capwages.com/players/vinni-lettieri,2026-08-08T18:53:41.068777+00:00
968,Vladislav Kolyachonok,8481609,8481609,0.7892,2023-24,Entry-Level Contract,ok,,https://capwages.com/players/vladislav-kolyachonok,2026-08-08T18:53:41.068777+00:00
968,Vladislav Kolyachonok,8481609,8481609,0.7750,2024-25,Two-Way Contract (Extension),ok,,https://capwages.com/players/vladislav-kolyachonok,2026-08-08T18:53:41.068777+00:00
968,Vladislav Kolyachonok,8481609,8481609,0.7750,2025-26,Two-Way Contract (Extension),ok,,https://capwages.com/players/vladislav-kolyachonok,2026-08-08T18:53:41.068777+00:00
969,Walker Duehr,8482652,8482652,0.8250,2023-24,Standard Contract (Extension),ok,,https://capwages.com/players/walker-duehr,2026-08-08T18:53:41.068777+00:00
969,Walker Duehr,8482652,8482652,0.8250,2024-25,Standard Contract (Extension),ok,,https://capwages.com/players/walker-duehr,2026-08-08T18:53:41.068777+00:00
969,Walker Duehr,8482652,8482652,0.7750,2025-26,Two-Way Contract ,ok,,https://capwages.com/players/walker-duehr,2026-08-08T18:53:41.068777+00:00
970,William Lagesson,8478021,8478021,0.7750,2023-24,Standard Contract,ok,,https://capwages.com/players/william-lagesson,2026-08-08T18:53:41.068777+00:00
970,William Lagesson,8478021,8478021,0.7750,2024-25,Standard Contract,ok,,https://capwages.com/players/william-lagesson,2026-08-08T18:53:41.068777+00:00
970,William Lagesson,8478021,8478021,,2025-26,,low,did not play this season,https://capwages.com/players/william-lagesson,2026-08-08T18:53:41.068777+00:00
971,William Lockwood,8479367,8479367,0.7750,2023-24,Two-Way Contract ,ok,,https://capwages.com/players/william-lockwood,2026-08-08T18:53:41.068777+00:00
971,William Lockwood,8479367,8479367,,2024-25,,low,did not play this season,https://capwages.com/players/william-lockwood,2026-08-08T18:53:41.068777+00:00
971,William Lockwood,8479367,8479367,,2025-26,,low,no 2025-26 detail,https://capwages.com/players/william-lockwood,2026-08-08T18:53:41.068777+00:00
972,Zac Jones,8481708,8481708,0.8125,2023-24,Standard Contract (Extension),ok,,https://capwages.com/players/zac-jones,2026-08-08T18:53:41.068777+00:00
972,Zac Jones,8481708,8481708,0.8125,2024-25,Standard Contract (Extension),ok,,https://capwages.com/players/zac-jones,2026-08-08T18:53:41.068777+00:00
972,Zac Jones,8481708,8481708,,2025-26,,low,did not play this season,https://capwages.com/players/zac-jones,2026-08-08T18:53:41.068777+00:00
973,Zach Parise,8470610,8470610,0.8250,2023-24,35+ Contract,ok,,https://capwages.com/players/zach-parise,2026-08-08T18:53:41.068777+00:00
973,Zach Parise,8470610,8470610,,2024-25,,low,did not play this season,https://capwages.com/players/zach-parise,2026-08-08T18:53:41.068777+00:00
973,Zach Parise,8470610,8470610,,2025-26,Standard Contract,low,capHit unparseable,https://capwages.com/players/zach-parise,2026-08-08T18:53:41.068777+00:00
974,Zachary Aston-Reese,8479944,8479944,0.7750,2023-24,Standard Contract,ok,,https://capwages.com/players/zach-aston-reese,2026-08-08T18:53:41.068777+00:00
974,Zachary Aston-Reese,8479944,8479944,0.7750,2024-25,Standard Contract,ok,,https://capwages.com/players/zach-aston-reese,2026-08-08T18:53:41.068777+00:00
974,Zachary Aston-Reese,8479944,8479944,0.7750,2025-26,Standard Contract (Extension),ok,,https://capwages.com/players/zach-aston-reese,2026-08-08T18:53:41.068777+00:00
975,Zachary L'Heureux,8482742,8482742,,2023-24,,low,did not play this season,https://capwages.com/players/zachary-l-heureux,2026-08-08T18:53:41.068777+00:00
975,Zachary L'Heureux,8482742,8482742,0.8633,2024-25,Entry-Level Contract,ok,,https://capwages.com/players/zachary-l-heureux,2026-08-08T18:53:41.068777+00:00
975,Zachary L'Heureux,8482742,8482742,0.8633,2025-26,Entry-Level Contract,ok,,https://capwages.com/players/zachary-l-heureux,2026-08-08T18:53:41.068777+00:00
976,Zachary Sanford,8477482,8477482,0.8000,2023-24,Standard Contract,ok,,https://capwages.com/players/zachary-sanford,2026-08-08T18:53:41.068777+00:00
976,Zachary Sanford,8477482,8477482,,2024-25,,low,did not play this season,https://capwages.com/players/zachary-sanford,2026-08-08T18:53:41.068777+00:00
976,Zachary Sanford,8477482,8477482,,2025-26,,low,no 2025-26 detail,https://capwages.com/players/zachary-sanford,2026-08-08T18:53:41.068777+00:00
