player_id,full_name,nhl_player_id,team_code,season,position,age,ppg,toi_per_game,games_played,fetch_date
1,Leo Carlsson,8484153,ANA,20232024,C,19,0.5273,18.117,55,2026-08-07
1,Leo Carlsson,8484153,ANA,20242025,C,20,0.5921,16.233,76,2026-08-07
1,Leo Carlsson,8484153,ANA,20252026,C,21,0.9571,19.15,70,2026-08-07
2,Nathan Gaucher,8483444,ANA,20232024,C,20,,,,2026-08-07
2,Nathan Gaucher,8483444,ANA,20242025,C,21,,,,2026-08-07
2,Nathan Gaucher,8483444,ANA,20252026,C,22,0.0,8.017,3,2026-08-07
3,Cutter Gauthier,8483445,ANA,20232024,L,20,1.0,15.4,1,2026-08-07
3,Cutter Gauthier,8483445,ANA,20242025,L,21,0.5366,14.15,82,2026-08-07
3,Cutter Gauthier,8483445,ANA,20252026,L,22,0.9079,17.25,76,2026-08-07
4,Mikael Granlund,8475798,ANA,20232024,C,31,0.8696,20.967,69,2026-08-07
4,Mikael Granlund,8475798,ANA,20242025,C,32,0.7952,19.443,83,2026-08-07
4,Mikael Granlund,8475798,ANA,20252026,C,33,0.7069,19.167,58,2026-08-07
5,Jansen Harkins,8478424,ANA,20232024,C,26,0.0889,8.2,45,2026-08-07
5,Jansen Harkins,8478424,ANA,20242025,C,27,0.0968,10.933,62,2026-08-07
5,Jansen Harkins,8478424,ANA,20252026,C,28,0.1818,9.583,44,2026-08-07
6,Ross Johnston,8477527,ANA,20232024,L,29,0.0588,8.2,68,2026-08-07
6,Ross Johnston,8477527,ANA,20242025,L,30,0.093,8.683,43,2026-08-07
6,Ross Johnston,8477527,ANA,20252026,L,31,0.2258,9.75,62,2026-08-07
7,Alex Killorn,8473986,ANA,20232024,L,34,0.5714,18.733,63,2026-08-07
7,Alex Killorn,8473986,ANA,20242025,L,35,0.4512,17.283,82,2026-08-07
7,Alex Killorn,8473986,ANA,20252026,L,36,0.4024,16.7,82,2026-08-07
8,Chris Kreider,8475184,ANA,20232024,L,32,0.9146,18.783,82,2026-08-07
8,Chris Kreider,8475184,ANA,20242025,L,33,0.4412,16.75,68,2026-08-07
8,Chris Kreider,8475184,ANA,20252026,L,34,0.6667,17.05,75,2026-08-07
9,Mason McTavish,8482745,ANA,20232024,C,21,0.6562,16.283,64,2026-08-07
9,Mason McTavish,8482745,ANA,20242025,C,22,0.6842,16.883,76,2026-08-07
9,Mason McTavish,8482745,ANA,20252026,C,23,0.5467,15.317,75,2026-08-07
10,Ryan Poehling,8480068,ANA,20232024,C,25,0.3636,15.0,77,2026-08-07
10,Ryan Poehling,8480068,ANA,20242025,C,26,0.4559,13.883,68,2026-08-07
10,Ryan Poehling,8480068,ANA,20252026,C,27,0.48,15.067,75,2026-08-07
11,Beckett Sennecke,8484762,ANA,20232024,R,18,,,,2026-08-07
11,Beckett Sennecke,8484762,ANA,20242025,R,19,,,,2026-08-07
11,Beckett Sennecke,8484762,ANA,20252026,R,20,0.7317,17.45,82,2026-08-07
12,Troy Terry,8478873,ANA,20232024,R,26,0.7105,18.283,76,2026-08-07
12,Troy Terry,8478873,ANA,20242025,R,27,0.7143,18.85,77,2026-08-07
12,Troy Terry,8478873,ANA,20252026,R,28,0.9344,18.35,61,2026-08-07
13,Frank Vatrano,8478366,ANA,20232024,R,29,0.7317,18.35,82,2026-08-07
13,Frank Vatrano,8478366,ANA,20242025,R,30,0.5556,17.55,81,2026-08-07
13,Frank Vatrano,8478366,ANA,20252026,R,31,0.18,11.817,50,2026-08-07
14,Jeffrey Viel,8479705,ANA,20232024,L,27,,,,2026-08-07
14,Jeffrey Viel,8479705,ANA,20242025,L,28,0.0,7.683,5,2026-08-07
14,Jeffrey Viel,8479705,ANA,20252026,L,29,0.2222,11.924,45,2026-08-07
15,Tim Washe,8485512,ANA,20232024,C,22,,,,2026-08-07
15,Tim Washe,8485512,ANA,20242025,C,23,0.0,7.733,2,2026-08-07
15,Tim Washe,8485512,ANA,20252026,C,24,0.1282,12.05,39,2026-08-07
16,John Carlson,8474590,ANA,20232024,D,34,0.6341,25.9,82,2026-08-07
16,John Carlson,8474590,ANA,20242025,D,35,0.6456,23.567,79,2026-08-07
16,John Carlson,8474590,ANA,20252026,D,36,0.8451,23.163,71,2026-08-07
17,Radko Gudas,8475462,ANA,20232024,D,33,0.2727,19.5,66,2026-08-07
17,Radko Gudas,8475462,ANA,20242025,D,34,0.1975,19.867,81,2026-08-07
17,Radko Gudas,8475462,ANA,20252026,D,35,0.2321,16.183,56,2026-08-07
18,Drew Helleson,8481563,ANA,20232024,D,22,,,,2026-08-07
18,Drew Helleson,8481563,ANA,20242025,D,23,0.2321,16.35,56,2026-08-07
18,Drew Helleson,8481563,ANA,20252026,D,24,0.25,16.967,60,2026-08-07
19,Tyson Hinds,8482731,ANA,20232024,D,20,,,,2026-08-07
19,Tyson Hinds,8482731,ANA,20242025,D,21,,,,2026-08-07
19,Tyson Hinds,8482731,ANA,20252026,D,22,0.0,15.617,6,2026-08-07
20,Jackson LaCombe,8481605,ANA,20232024,D,23,0.2394,19.383,71,2026-08-07
20,Jackson LaCombe,8481605,ANA,20242025,D,24,0.5733,22.3,75,2026-08-07
20,Jackson LaCombe,8481605,ANA,20252026,D,25,0.7073,24.25,82,2026-08-07
21,Pavel Mintyukov,8483490,ANA,20232024,D,20,0.4444,18.85,63,2026-08-07
21,Pavel Mintyukov,8483490,ANA,20242025,D,21,0.2794,17.6,68,2026-08-07
21,Pavel Mintyukov,8483490,ANA,20252026,D,22,0.3014,18.433,73,2026-08-07
22,Ian Moore,8482178,ANA,20232024,D,22,,,,2026-08-07
22,Ian Moore,8482178,ANA,20242025,D,23,0.3333,13.633,3,2026-08-07
22,Ian Moore,8482178,ANA,20252026,D,24,0.1791,13.667,67,2026-08-07
23,Jacob Trouba,8476885,ANA,20232024,D,29,0.3188,21.25,69,2026-08-07
23,Jacob Trouba,8476885,ANA,20242025,D,30,0.1818,20.516,77,2026-08-07
23,Jacob Trouba,8476885,ANA,20252026,D,31,0.4321,22.833,81,2026-08-07
24,Olen Zellweger,8482803,ANA,20232024,D,20,0.3462,19.283,26,2026-08-07
24,Olen Zellweger,8482803,ANA,20242025,D,21,0.3226,18.967,62,2026-08-07
24,Olen Zellweger,8482803,ANA,20252026,D,22,0.2895,16.983,76,2026-08-07
25,Viktor Arvidsson,8478042,BOS,20232024,L,30,0.8333,16.7,18,2026-08-07
25,Viktor Arvidsson,8478042,BOS,20242025,L,31,0.403,15.0,67,2026-08-07
25,Viktor Arvidsson,8478042,BOS,20252026,L,32,0.7826,14.6,69,2026-08-07
26,Michael Eyssimont,8479591,BOS,20232024,C,27,0.3086,11.85,81,2026-08-07
26,Michael Eyssimont,8479591,BOS,20242025,C,28,0.2078,10.618,77,2026-08-07
26,Michael Eyssimont,8479591,BOS,20252026,C,29,0.3214,10.917,56,2026-08-07
27,Morgan Geekie,8479987,BOS,20232024,C,25,0.5132,15.417,76,2026-08-07
27,Morgan Geekie,8479987,BOS,20242025,C,26,0.7403,16.917,77,2026-08-07
27,Morgan Geekie,8479987,BOS,20252026,C,27,0.8395,17.4,81,2026-08-07
28,James Hagens,8485395,BOS,20232024,C,17,,,,2026-08-07
28,James Hagens,8485395,BOS,20242025,C,18,,,,2026-08-07
28,James Hagens,8485395,BOS,20252026,C,19,0.5,14.55,2,2026-08-07
29,Tanner Jeannot,8479661,BOS,20232024,L,26,0.2545,12.017,55,2026-08-07
29,Tanner Jeannot,8479661,BOS,20242025,L,27,0.194,11.017,67,2026-08-07
29,Tanner Jeannot,8479661,BOS,20252026,L,28,0.2857,12.65,77,2026-08-07
30,Mark Kastelic,8480355,BOS,20232024,C,24,0.1587,7.717,63,2026-08-07
30,Mark Kastelic,8480355,BOS,20242025,C,25,0.2295,10.733,61,2026-08-07
30,Mark Kastelic,8480355,BOS,20252026,C,26,0.2683,12.617,82,2026-08-07
31,Marat Khusnutdinov,8482177,BOS,20232024,C,21,0.25,13.117,16,2026-08-07
31,Marat Khusnutdinov,8482177,BOS,20242025,C,22,0.16,12.085,75,2026-08-07
31,Marat Khusnutdinov,8482177,BOS,20252026,C,23,0.4286,14.5,77,2026-08-07
32,Sean Kuraly,8476374,BOS,20232024,C,31,0.2903,13.733,62,2026-08-07
32,Sean Kuraly,8476374,BOS,20242025,C,32,0.2073,11.767,82,2026-08-07
32,Sean Kuraly,8476374,BOS,20252026,C,33,0.2683,13.333,82,2026-08-07
33,Elias Lindholm,8477496,BOS,20232024,C,29,0.5867,19.693,75,2026-08-07
33,Elias Lindholm,8477496,BOS,20242025,C,30,0.5732,18.083,82,2026-08-07
33,Elias Lindholm,8477496,BOS,20252026,C,31,0.6957,17.883,69,2026-08-07
34,Fraser Minten,8483489,BOS,20232024,C,19,0.0,11.433,4,2026-08-07
34,Fraser Minten,8483489,BOS,20242025,C,20,0.2381,13.029,21,2026-08-07
34,Fraser Minten,8483489,BOS,20252026,C,21,0.4268,15.55,82,2026-08-07
35,Casey Mittelstadt,8479999,BOS,20232024,C,25,0.7125,17.727,80,2026-08-07
35,Casey Mittelstadt,8479999,BOS,20242025,C,26,0.4938,17.063,81,2026-08-07
35,Casey Mittelstadt,8479999,BOS,20252026,C,27,0.5915,15.167,71,2026-08-07
36,David Pastrnak,8477956,BOS,20232024,R,27,1.3415,19.933,82,2026-08-07
36,David Pastrnak,8477956,BOS,20242025,R,28,1.2927,20.183,82,2026-08-07
36,David Pastrnak,8477956,BOS,20252026,R,29,1.2987,20.65,77,2026-08-07
37,Lukas Reichel,8482117,BOS,20232024,L,21,0.2462,14.117,65,2026-08-07
37,Lukas Reichel,8482117,BOS,20242025,L,22,0.3143,11.917,70,2026-08-07
37,Lukas Reichel,8482117,BOS,20252026,L,23,0.2759,12.445,29,2026-08-07
38,Alex Steeves,8482634,BOS,20232024,C,24,0.0,10.233,1,2026-08-07
38,Alex Steeves,8482634,BOS,20242025,C,25,0.2857,9.883,7,2026-08-07
38,Alex Steeves,8482634,BOS,20252026,C,26,0.3721,11.933,43,2026-08-07
39,Pavel Zacha,8478401,BOS,20232024,C,26,0.7564,18.1,78,2026-08-07
39,Pavel Zacha,8478401,BOS,20242025,C,27,0.5732,19.067,82,2026-08-07
39,Pavel Zacha,8478401,BOS,20252026,C,28,0.8333,16.85,78,2026-08-07
40,Jonathan Aspirot,8481219,BOS,20232024,D,24,,,,2026-08-07
40,Jonathan Aspirot,8481219,BOS,20242025,D,25,,,,2026-08-07
40,Jonathan Aspirot,8481219,BOS,20252026,D,26,0.2131,16.733,61,2026-08-07
41,Jordan Harris,8480887,BOS,20232024,D,23,0.25,17.467,56,2026-08-07
41,Jordan Harris,8480887,BOS,20242025,D,24,0.1515,11.383,33,2026-08-07
41,Jordan Harris,8480887,BOS,20252026,D,25,0.375,15.9,8,2026-08-07
42,Henri Jokiharju,8480035,BOS,20232024,D,24,0.2703,18.983,74,2026-08-07
42,Henri Jokiharju,8480035,BOS,20242025,D,25,0.1667,17.82,60,2026-08-07
42,Henri Jokiharju,8480035,BOS,20252026,D,26,0.3659,17.8,41,2026-08-07
43,Hampus Lindholm,8476854,BOS,20232024,D,30,0.3562,23.283,73,2026-08-07
43,Hampus Lindholm,8476854,BOS,20242025,D,31,0.4118,20.85,17,2026-08-07
43,Hampus Lindholm,8476854,BOS,20252026,D,32,0.3881,21.617,67,2026-08-07
44,Mason Lohrei,8482511,BOS,20232024,D,23,0.3171,16.95,41,2026-08-07
44,Mason Lohrei,8482511,BOS,20242025,D,24,0.4286,19.533,77,2026-08-07
44,Mason Lohrei,8482511,BOS,20252026,D,25,0.3562,16.9,73,2026-08-07
45,Charlie McAvoy,8479325,BOS,20232024,D,26,0.6351,24.85,74,2026-08-07
45,Charlie McAvoy,8479325,BOS,20242025,D,27,0.46,23.667,50,2026-08-07
45,Charlie McAvoy,8479325,BOS,20252026,D,28,0.8841,24.383,69,2026-08-07
46,Andrew Peeke,8479369,BOS,20232024,D,25,0.2632,16.4,38,2026-08-07
46,Andrew Peeke,8479369,BOS,20242025,D,26,0.2237,18.6,76,2026-08-07
46,Andrew Peeke,8479369,BOS,20252026,D,27,0.1818,19.383,77,2026-08-07
47,Nikita Zadorov,8477507,BOS,20232024,D,28,0.2667,17.44,75,2026-08-07
47,Nikita Zadorov,8477507,BOS,20242025,D,29,0.2716,20.617,81,2026-08-07
47,Nikita Zadorov,8477507,BOS,20252026,D,30,0.2716,20.883,81,2026-08-07
48,Zach Benson,8484145,BUF,20232024,L,18,0.4225,14.517,71,2026-08-07
48,Zach Benson,8484145,BUF,20242025,L,19,0.3733,14.817,75,2026-08-07
48,Zach Benson,8484145,BUF,20252026,L,20,0.6615,15.883,65,2026-08-07
49,Sam Carrick,8475842,BUF,20232024,C,31,0.2078,12.228,77,2026-08-07
49,Sam Carrick,8475842,BUF,20242025,C,32,0.25,11.933,80,2026-08-07
49,Sam Carrick,8475842,BUF,20252026,C,33,0.2192,10.476,73,2026-08-07
50,Justin Danforth,8479941,BUF,20232024,R,30,0.3662,14.267,71,2026-08-07
50,Justin Danforth,8479941,BUF,20242025,R,31,0.3443,14.383,61,2026-08-07
50,Justin Danforth,8479941,BUF,20252026,R,32,0.0,11.7,4,2026-08-07
51,Josh Doan,8482659,BUF,20232024,R,22,0.8182,12.317,11,2026-08-07
51,Josh Doan,8482659,BUF,20242025,R,23,0.3725,13.517,51,2026-08-07
51,Josh Doan,8482659,BUF,20252026,R,24,0.6341,15.867,82,2026-08-07
52,Josh Dunne,8482623,BUF,20232024,C,25,,,,2026-08-07
52,Josh Dunne,8482623,BUF,20242025,C,26,0.0,7.1,2,2026-08-07
52,Josh Dunne,8482623,BUF,20252026,C,27,0.1176,9.483,34,2026-08-07
53,Jordan Greenway,8478413,BUF,20232024,L,26,0.4179,17.25,67,2026-08-07
53,Jordan Greenway,8478413,BUF,20242025,L,27,0.2353,15.067,34,2026-08-07
53,Jordan Greenway,8478413,BUF,20252026,L,28,0.15,12.45,40,2026-08-07
54,Konsta Helenius,8484797,BUF,20232024,C,17,,,,2026-08-07
54,Konsta Helenius,8484797,BUF,20242025,C,18,,,,2026-08-07
54,Konsta Helenius,8484797,BUF,20252026,C,19,0.4444,11.917,9,2026-08-07
55,Tyson Kozak,8482896,BUF,20232024,C,21,,,,2026-08-07
55,Tyson Kozak,8482896,BUF,20242025,C,22,0.2381,10.483,21,2026-08-07
55,Tyson Kozak,8482896,BUF,20252026,C,23,0.1304,11.283,46,2026-08-07
56,Peyton Krebs,8481522,BUF,20232024,C,23,0.2125,12.5,80,2026-08-07
56,Peyton Krebs,8481522,BUF,20242025,C,24,0.3457,13.933,81,2026-08-07
56,Peyton Krebs,8481522,BUF,20252026,C,25,0.4756,13.767,82,2026-08-07
57,Jiri Kulich,8483468,BUF,20232024,C,19,0.0,14.883,1,2026-08-07
57,Jiri Kulich,8483468,BUF,20242025,C,20,0.3871,14.8,62,2026-08-07
57,Jiri Kulich,8483468,BUF,20252026,C,21,0.4167,16.367,12,2026-08-07
58,Beck Malenstyn,8479359,BUF,20232024,L,25,0.2593,14.25,81,2026-08-07
58,Beck Malenstyn,8479359,BUF,20242025,L,26,0.1316,10.533,76,2026-08-07
58,Beck Malenstyn,8479359,BUF,20252026,L,27,0.1728,11.25,81,2026-08-07
59,Ryan McLeod,8480802,BUF,20232024,C,24,0.3704,14.25,81,2026-08-07
59,Ryan McLeod,8480802,BUF,20242025,C,25,0.6709,16.833,79,2026-08-07
59,Ryan McLeod,8480802,BUF,20252026,C,26,0.6667,17.617,81,2026-08-07
60,Josh Norris,8480064,BUF,20232024,C,24,0.6,17.633,50,2026-08-07
60,Josh Norris,8480064,BUF,20242025,C,25,0.625,18.348,56,2026-08-07
60,Josh Norris,8480064,BUF,20252026,C,26,0.7727,15.833,44,2026-08-07
61,Noah Ostlund,8483500,BUF,20232024,C,19,,,,2026-08-07
61,Noah Ostlund,8483500,BUF,20242025,C,20,0.0,10.55,8,2026-08-07
61,Noah Ostlund,8483500,BUF,20252026,C,21,0.45,13.967,60,2026-08-07
62,Tanner Pearson,8476871,BUF,20232024,L,31,0.2407,12.933,54,2026-08-07
62,Tanner Pearson,8476871,BUF,20242025,L,32,0.3462,11.783,78,2026-08-07
62,Tanner Pearson,8476871,BUF,20252026,L,33,0.2679,10.831,56,2026-08-07
63,Jack Quinn,8482097,BUF,20232024,R,22,0.7037,15.633,27,2026-08-07
63,Jack Quinn,8482097,BUF,20242025,R,23,0.527,14.867,74,2026-08-07
63,Jack Quinn,8482097,BUF,20252026,R,24,0.622,15.65,82,2026-08-07
64,Tage Thompson,8479420,BUF,20232024,C,26,0.7887,18.117,71,2026-08-07
64,Tage Thompson,8479420,BUF,20242025,C,27,0.9474,18.75,76,2026-08-07
64,Tage Thompson,8479420,BUF,20252026,C,28,1.0,19.25,81,2026-08-07
65,Alex Tuch,8477949,BUF,20232024,R,27,0.7867,19.5,75,2026-08-07
65,Alex Tuch,8477949,BUF,20242025,R,28,0.8171,19.25,82,2026-08-07
65,Alex Tuch,8477949,BUF,20252026,R,29,0.8354,19.0,79,2026-08-07
66,Jason Zucker,8475722,BUF,20232024,L,32,0.4638,13.82,69,2026-08-07
66,Jason Zucker,8475722,BUF,20242025,L,33,0.726,16.0,73,2026-08-07
66,Jason Zucker,8475722,BUF,20252026,L,34,0.7258,15.617,62,2026-08-07
67,Bowen Byram,8481524,BUF,20232024,D,22,0.3973,20.343,73,2026-08-07
67,Bowen Byram,8481524,BUF,20242025,D,23,0.4634,22.7,82,2026-08-07
67,Bowen Byram,8481524,BUF,20252026,D,24,0.5122,22.333,82,2026-08-07
68,Rasmus Dahlin,8480839,BUF,20232024,D,23,0.7284,25.417,81,2026-08-07
68,Rasmus Dahlin,8480839,BUF,20242025,D,24,0.9315,24.233,73,2026-08-07
68,Rasmus Dahlin,8480839,BUF,20252026,D,25,0.961,24.183,77,2026-08-07
69,Ryan Johnson,8481564,BUF,20232024,D,22,0.1707,13.867,41,2026-08-07
69,Ryan Johnson,8481564,BUF,20242025,D,23,0.0,17.667,3,2026-08-07
69,Ryan Johnson,8481564,BUF,20252026,D,24,0.0,9.0,3,2026-08-07
70,Michael Kesselring,8480891,BUF,20232024,D,24,0.3231,15.8,65,2026-08-07
70,Michael Kesselring,8480891,BUF,20242025,D,25,0.3537,17.683,82,2026-08-07
70,Michael Kesselring,8480891,BUF,20252026,D,26,0.0588,13.4,34,2026-08-07
71,Zach Metsa,8484305,BUF,20232024,D,25,,,,2026-08-07
71,Zach Metsa,8484305,BUF,20242025,D,26,,,,2026-08-07
71,Zach Metsa,8484305,BUF,20252026,D,27,0.1395,10.967,43,2026-08-07
72,Owen Power,8482671,BUF,20232024,D,21,0.4342,22.917,76,2026-08-07
72,Owen Power,8482671,BUF,20242025,D,22,0.5063,21.317,79,2026-08-07
72,Owen Power,8482671,BUF,20252026,D,23,0.358,21.65,81,2026-08-07
73,Mattias Samuelsson,8480807,BUF,20232024,D,23,0.1707,20.5,41,2026-08-07
73,Mattias Samuelsson,8480807,BUF,20242025,D,24,0.2258,19.3,62,2026-08-07
73,Mattias Samuelsson,8480807,BUF,20252026,D,25,0.5256,22.833,78,2026-08-07
74,Luke Schenn,8474568,BUF,20232024,D,34,0.1111,15.183,63,2026-08-07
74,Luke Schenn,8474568,BUF,20242025,D,35,0.0921,15.955,76,2026-08-07
74,Luke Schenn,8474568,BUF,20252026,D,36,0.14,13.657,50,2026-08-07
75,Logan Stanley,8479378,BUF,20232024,D,25,0.08,13.767,25,2026-08-07
75,Logan Stanley,8479378,BUF,20242025,D,26,0.2222,15.583,63,2026-08-07
75,Logan Stanley,8479378,BUF,20252026,D,27,0.3421,16.697,76,2026-08-07
76,Conor Timmins,8479982,BUF,20232024,D,25,0.4,16.017,25,2026-08-07
76,Conor Timmins,8479982,BUF,20242025,D,26,0.2206,16.917,68,2026-08-07
76,Conor Timmins,8479982,BUF,20252026,D,27,0.2051,18.767,39,2026-08-07
77,Mikael Backlund,8474150,CGY,20232024,C,34,0.4756,19.233,82,2026-08-07
77,Mikael Backlund,8474150,CGY,20242025,C,35,0.4211,18.733,76,2026-08-07
77,Mikael Backlund,8474150,CGY,20252026,C,36,0.5244,17.95,82,2026-08-07
78,John Beecher,8481556,CGY,20232024,C,22,0.1923,10.617,52,2026-08-07
78,John Beecher,8481556,CGY,20242025,C,23,0.141,11.283,78,2026-08-07
78,John Beecher,8481556,CGY,20252026,C,24,0.2,10.428,35,2026-08-07
79,Blake Coleman,8476399,CGY,20232024,L,32,0.6923,17.133,78,2026-08-07
79,Blake Coleman,8476399,CGY,20242025,L,33,0.4756,17.683,82,2026-08-07
79,Blake Coleman,8476399,CGY,20252026,L,34,0.5072,17.333,69,2026-08-07
80,Matt Coronato,8482679,CGY,20232024,R,21,0.2647,12.617,34,2026-08-07
80,Matt Coronato,8482679,CGY,20242025,R,22,0.6104,17.583,77,2026-08-07
80,Matt Coronato,8482679,CGY,20252026,R,23,0.5625,16.65,80,2026-08-07
81,Joel Farabee,8480797,CGY,20232024,L,23,0.6098,16.183,82,2026-08-07
81,Joel Farabee,8480797,CGY,20242025,L,24,0.3086,14.907,81,2026-08-07
81,Joel Farabee,8480797,CGY,20252026,L,25,0.4634,16.917,82,2026-08-07
82,Morgan Frost,8480028,CGY,20232024,C,24,0.5775,15.833,71,2026-08-07
82,Morgan Frost,8480028,CGY,20242025,C,25,0.4568,15.75,81,2026-08-07
82,Morgan Frost,8480028,CGY,20252026,C,26,0.5244,15.5,82,2026-08-07
83,Matvei Gridin,8484860,CGY,20232024,R,17,,,,2026-08-07
83,Matvei Gridin,8484860,CGY,20242025,R,18,,,,2026-08-07
83,Matvei Gridin,8484860,CGY,20252026,R,19,0.5405,15.167,37,2026-08-07
84,Tyson Gross,8486056,CGY,20232024,C,21,,,,2026-08-07
84,Tyson Gross,8486056,CGY,20242025,C,22,,,,2026-08-07
84,Tyson Gross,8486056,CGY,20252026,C,23,0.1667,11.033,6,2026-08-07
85,Samuel Honzek,8484180,CGY,20232024,L,19,,,,2026-08-07
85,Samuel Honzek,8484180,CGY,20242025,L,20,0.0,12.4,5,2026-08-07
85,Samuel Honzek,8484180,CGY,20252026,L,21,0.2222,12.35,18,2026-08-07
86,Jonathan Huberdeau,8476456,CGY,20232024,L,30,0.642,17.417,81,2026-08-07
86,Jonathan Huberdeau,8476456,CGY,20242025,L,31,0.7654,19.55,81,2026-08-07
86,Jonathan Huberdeau,8476456,CGY,20252026,L,32,0.5,18.133,50,2026-08-07
87,Rory Kerins,8482209,CGY,20232024,C,21,,,,2026-08-07
87,Rory Kerins,8482209,CGY,20242025,C,22,0.8,12.233,5,2026-08-07
87,Rory Kerins,8482209,CGY,20252026,C,23,0.0,15.0,4,2026-08-07
88,Adam Klapka,8483609,CGY,20232024,R,23,0.1667,6.767,6,2026-08-07
88,Adam Klapka,8483609,CGY,20242025,R,24,0.3226,9.65,31,2026-08-07
88,Adam Klapka,8483609,CGY,20252026,R,25,0.2278,10.633,79,2026-08-07
89,Ryan Lomberg,8479066,CGY,20232024,L,29,0.0933,9.533,75,2026-08-07
89,Ryan Lomberg,8479066,CGY,20242025,L,30,0.1625,8.65,80,2026-08-07
89,Ryan Lomberg,8479066,CGY,20252026,L,31,0.1579,9.05,57,2026-08-07
90,Victor Olofsson,8478109,CGY,20232024,R,28,0.2941,11.567,51,2026-08-07
90,Victor Olofsson,8478109,CGY,20242025,R,29,0.5179,14.5,56,2026-08-07
90,Victor Olofsson,8478109,CGY,20252026,R,30,0.3974,13.556,78,2026-08-07
91,Martin Pospisil,8481028,CGY,20232024,C,24,0.381,12.717,63,2026-08-07
91,Martin Pospisil,8481028,CGY,20242025,C,25,0.3086,13.8,81,2026-08-07
91,Martin Pospisil,8481028,CGY,20252026,C,26,0.1364,10.15,22,2026-08-07
92,Yegor Sharangovich,8481068,CGY,20232024,C,25,0.7195,17.317,82,2026-08-07
92,Yegor Sharangovich,8481068,CGY,20242025,C,26,0.4384,16.65,73,2026-08-07
92,Yegor Sharangovich,8481068,CGY,20252026,C,27,0.3718,16.05,78,2026-08-07
93,Ryan Strome,8476458,CGY,20232024,C,30,0.519,15.8,79,2026-08-07
93,Ryan Strome,8476458,CGY,20242025,C,31,0.5,16.683,82,2026-08-07
93,Ryan Strome,8476458,CGY,20252026,C,32,0.4038,13.293,52,2026-08-07
94,Aydar Suniev,8484234,CGY,20232024,L,19,,,,2026-08-07
94,Aydar Suniev,8484234,CGY,20242025,L,20,0.0,14.8,1,2026-08-07
94,Aydar Suniev,8484234,CGY,20252026,L,21,0.1667,11.617,6,2026-08-07
95,Connor Zary,8482074,CGY,20232024,C,22,0.5397,15.267,63,2026-08-07
95,Connor Zary,8482074,CGY,20242025,C,23,0.5,16.067,54,2026-08-07
95,Connor Zary,8482074,CGY,20252026,C,24,0.3378,14.367,74,2026-08-07
96,Kevin Bahl,8480860,CGY,20232024,D,23,0.1341,17.4,82,2026-08-07
96,Kevin Bahl,8480860,CGY,20242025,D,24,0.274,21.383,73,2026-08-07
96,Kevin Bahl,8480860,CGY,20252026,D,25,0.2368,21.95,76,2026-08-07
97,Jake Bean,8479402,CGY,20232024,D,25,0.1806,16.333,72,2026-08-07
97,Jake Bean,8479402,CGY,20242025,D,26,0.1094,15.083,64,2026-08-07
97,Jake Bean,8479402,CGY,20252026,D,27,0.125,15.95,16,2026-08-07
98,Hunter Brzustewicz,8484150,CGY,20232024,D,19,,,,2026-08-07
98,Hunter Brzustewicz,8484150,CGY,20242025,D,20,0.0,18.383,1,2026-08-07
98,Hunter Brzustewicz,8484150,CGY,20252026,D,21,0.2059,16.133,34,2026-08-07
99,Joel Hanley,8477810,CGY,20232024,D,32,0.119,13.898,42,2026-08-07
99,Joel Hanley,8477810,CGY,20242025,D,33,0.1698,18.583,53,2026-08-07
99,Joel Hanley,8477810,CGY,20252026,D,34,0.1029,14.667,68,2026-08-07
100,Yan Kuznetsov,8482165,CGY,20232024,D,21,0.0,11.967,1,2026-08-07
100,Yan Kuznetsov,8482165,CGY,20242025,D,22,,,,2026-08-07
100,Yan Kuznetsov,8482165,CGY,20252026,D,23,0.2105,20.083,57,2026-08-07
101,Olli Maatta,8476874,CGY,20232024,D,29,0.25,16.05,72,2026-08-07
101,Olli Maatta,8476874,CGY,20242025,D,30,0.2338,19.548,77,2026-08-07
101,Olli Maatta,8476874,CGY,20252026,D,31,0.3488,17.213,43,2026-08-07
102,Brayden Pachal,8481167,CGY,20232024,D,24,0.14,14.683,50,2026-08-07
102,Brayden Pachal,8481167,CGY,20242025,D,25,0.1579,14.233,76,2026-08-07
102,Brayden Pachal,8481167,CGY,20252026,D,26,0.1795,13.883,39,2026-08-07
103,Zayne Parekh,8484768,CGY,20232024,D,17,,,,2026-08-07
103,Zayne Parekh,8484768,CGY,20242025,D,18,1.0,20.517,1,2026-08-07
103,Zayne Parekh,8484768,CGY,20252026,D,19,0.2432,17.15,37,2026-08-07
104,Zach Whitecloud,8480727,CGY,20232024,D,27,0.2295,17.583,61,2026-08-07
104,Zach Whitecloud,8480727,CGY,20242025,D,28,0.1757,17.517,74,2026-08-07
104,Zach Whitecloud,8480727,CGY,20252026,D,29,0.2179,20.317,78,2026-08-07
105,Abram Wiebe,8483709,CGY,20232024,D,20,,,,2026-08-07
105,Abram Wiebe,8483709,CGY,20242025,D,21,,,,2026-08-07
105,Abram Wiebe,8483709,CGY,20252026,D,22,0.0,12.017,4,2026-08-07
106,Sebastian Aho,8478427,CAR,20232024,C,26,1.141,19.633,78,2026-08-07
106,Sebastian Aho,8478427,CAR,20242025,C,27,0.9367,20.1,79,2026-08-07
106,Sebastian Aho,8478427,CAR,20252026,C,28,1.0127,19.617,79,2026-08-07
107,Jackson Blake,8482809,CAR,20232024,R,20,0.0,15.3,1,2026-08-07
107,Jackson Blake,8482809,CAR,20242025,R,21,0.425,13.85,80,2026-08-07
107,Jackson Blake,8482809,CAR,20252026,R,22,0.6543,16.5,81,2026-08-07
108,William Carrier,8477478,CAR,20232024,L,29,0.2051,11.167,39,2026-08-07
108,William Carrier,8477478,CAR,20242025,L,30,0.2558,11.733,43,2026-08-07
108,William Carrier,8477478,CAR,20252026,L,31,0.2571,10.75,70,2026-08-07
109,Nicolas Deslauriers,8475235,CAR,20232024,L,32,0.0667,8.15,60,2026-08-07
109,Nicolas Deslauriers,8475235,CAR,20242025,L,33,0.0968,7.633,31,2026-08-07
109,Nicolas Deslauriers,8475235,CAR,20252026,L,34,0.0645,8.55,31,2026-08-07
110,Nikolaj Ehlers,8477940,CAR,20232024,L,27,0.7439,15.867,82,2026-08-07
110,Nikolaj Ehlers,8477940,CAR,20242025,L,28,0.913,15.8,69,2026-08-07
110,Nikolaj Ehlers,8477940,CAR,20252026,L,29,0.8659,16.6,82,2026-08-07
111,Taylor Hall,8475791,CAR,20232024,L,32,0.4,16.333,10,2026-08-07
111,Taylor Hall,8475791,CAR,20242025,L,33,0.5455,15.171,77,2026-08-07
111,Taylor Hall,8475791,CAR,20252026,L,34,0.6,14.533,80,2026-08-07
112,Mark Jankowski,8476873,CAR,20232024,L,29,0.4688,12.667,32,2026-08-07
112,Mark Jankowski,8476873,CAR,20242025,L,30,0.2833,12.574,60,2026-08-07
112,Mark Jankowski,8476873,CAR,20252026,L,31,0.3088,11.15,68,2026-08-07
113,Seth Jarvis,8482093,CAR,20232024,R,22,0.8272,18.75,81,2026-08-07
113,Seth Jarvis,8482093,CAR,20242025,R,23,0.9178,19.35,73,2026-08-07
113,Seth Jarvis,8482093,CAR,20252026,R,24,0.9296,18.883,71,2026-08-07
114,Jesperi Kotkaniemi,8480829,CAR,20232024,C,23,0.3418,12.983,79,2026-08-07
114,Jesperi Kotkaniemi,8480829,CAR,20242025,C,24,0.4231,14.067,78,2026-08-07
114,Jesperi Kotkaniemi,8480829,CAR,20252026,C,25,0.2143,11.35,42,2026-08-07
115,Jordan Martinook,8476921,CAR,20232024,L,31,0.3902,14.65,82,2026-08-07
115,Jordan Martinook,8476921,CAR,20242025,L,32,0.4557,15.3,79,2026-08-07
115,Jordan Martinook,8476921,CAR,20252026,L,33,0.3766,14.833,77,2026-08-07
116,Eric Robinson,8480762,CAR,20232024,L,28,0.2128,11.335,47,2026-08-07
116,Eric Robinson,8480762,CAR,20242025,L,29,0.3902,12.267,82,2026-08-07
116,Eric Robinson,8480762,CAR,20252026,L,30,0.2687,11.433,67,2026-08-07
117,Jordan Staal,8473533,CAR,20232024,C,35,0.375,15.383,80,2026-08-07
117,Jordan Staal,8473533,CAR,20242025,C,36,0.48,15.433,75,2026-08-07
117,Jordan Staal,8473533,CAR,20252026,C,37,0.48,16.183,75,2026-08-07
118,Logan Stankoven,8482702,CAR,20232024,C,20,0.5833,14.667,24,2026-08-07
118,Logan Stankoven,8482702,CAR,20242025,C,21,0.4872,15.092,78,2026-08-07
118,Logan Stankoven,8482702,CAR,20252026,C,22,0.5432,15.45,81,2026-08-07
119,Andrei Svechnikov,8480830,CAR,20232024,R,23,0.8814,16.983,59,2026-08-07
119,Andrei Svechnikov,8480830,CAR,20242025,R,24,0.6667,17.117,72,2026-08-07
119,Andrei Svechnikov,8480830,CAR,20252026,R,25,0.8861,16.983,79,2026-08-07
120,Jalen Chatfield,8478970,CAR,20232024,D,27,0.3056,15.2,72,2026-08-07
120,Jalen Chatfield,8478970,CAR,20242025,D,28,0.2278,18.883,79,2026-08-07
120,Jalen Chatfield,8478970,CAR,20252026,D,29,0.2361,20.133,72,2026-08-07
121,Shayne Gostisbehere,8476906,CAR,20232024,D,30,0.6914,19.083,81,2026-08-07
121,Shayne Gostisbehere,8476906,CAR,20242025,D,31,0.6429,18.517,70,2026-08-07
121,Shayne Gostisbehere,8476906,CAR,20252026,D,32,0.9091,19.233,55,2026-08-07
122,K'Andre Miller,8480817,CAR,20232024,D,24,0.375,21.567,80,2026-08-07
122,K'Andre Miller,8480817,CAR,20242025,D,25,0.3649,21.95,74,2026-08-07
122,K'Andre Miller,8480817,CAR,20252026,D,26,0.5139,22.4,72,2026-08-07
123,Alexander Nikishin,8482100,CAR,20232024,D,22,,,,2026-08-07
123,Alexander Nikishin,8482100,CAR,20242025,D,23,,,,2026-08-07
123,Alexander Nikishin,8482100,CAR,20252026,D,24,0.4074,18.183,81,2026-08-07
124,Mike Reilly,8476422,CAR,20232024,D,30,0.3934,17.164,61,2026-08-07
124,Mike Reilly,8476422,CAR,20242025,D,31,0.1111,15.167,18,2026-08-07
124,Mike Reilly,8476422,CAR,20252026,D,32,0.2143,14.967,42,2026-08-07
125,Jaccob Slavin,8476958,CAR,20232024,D,29,0.4568,20.933,81,2026-08-07
125,Jaccob Slavin,8476958,CAR,20242025,D,30,0.3375,21.567,80,2026-08-07
125,Jaccob Slavin,8476958,CAR,20252026,D,31,0.2051,21.317,39,2026-08-07
126,Sean Walker,8480336,CAR,20232024,D,29,0.358,19.233,81,2026-08-07
126,Sean Walker,8480336,CAR,20242025,D,30,0.1951,16.833,82,2026-08-07
126,Sean Walker,8480336,CAR,20252026,D,31,0.3827,21.817,81,2026-08-07
127,Connor Bedard,8484144,CHI,20232024,C,18,0.8971,19.783,68,2026-08-07
127,Connor Bedard,8484144,CHI,20242025,C,19,0.8171,20.283,82,2026-08-07
127,Connor Bedard,8484144,CHI,20252026,C,20,1.087,20.867,69,2026-08-07
128,Tyler Bertuzzi,8477479,CHI,20232024,L,28,0.5375,16.05,80,2026-08-07
128,Tyler Bertuzzi,8477479,CHI,20242025,L,29,0.561,16.0,82,2026-08-07
128,Tyler Bertuzzi,8477479,CHI,20252026,L,30,0.7342,18.45,79,2026-08-07
129,Sacha Boisvert,8484793,CHI,20232024,C,17,,,,2026-08-07
129,Sacha Boisvert,8484793,CHI,20242025,C,18,,,,2026-08-07
129,Sacha Boisvert,8484793,CHI,20252026,C,19,0.2857,9.25,7,2026-08-07
130,Andre Burakovsky,8477444,CHI,20232024,L,28,0.3265,14.567,49,2026-08-07
130,Andre Burakovsky,8477444,CHI,20242025,L,29,0.4684,14.417,79,2026-08-07
130,Andre Burakovsky,8477444,CHI,20252026,L,30,0.44,16.417,75,2026-08-07
131,Ryan Donato,8477987,CHI,20232024,C,27,0.3846,14.0,78,2026-08-07
131,Ryan Donato,8477987,CHI,20242025,C,28,0.775,16.317,80,2026-08-07
131,Ryan Donato,8477987,CHI,20252026,C,29,0.3659,14.733,82,2026-08-07
132,Anton Frondell,8485391,CHI,20232024,C,16,,,,2026-08-07
132,Anton Frondell,8485391,CHI,20242025,C,17,,,,2026-08-07
132,Anton Frondell,8485391,CHI,20252026,C,18,0.75,17.7,12,2026-08-07
133,Ryan Greene,8483450,CHI,20232024,C,20,,,,2026-08-07
133,Ryan Greene,8483450,CHI,20242025,C,21,0.0,13.2,2,2026-08-07
133,Ryan Greene,8483450,CHI,20252026,C,22,0.358,16.75,81,2026-08-07
134,Sam Lafferty,8478043,CHI,20232024,C,28,0.3038,11.883,79,2026-08-07
134,Sam Lafferty,8478043,CHI,20242025,C,29,0.1167,9.883,60,2026-08-07
134,Sam Lafferty,8478043,CHI,20252026,C,30,0.069,8.6,29,2026-08-07
135,Nick Lardis,8484185,CHI,20232024,L,18,,,,2026-08-07
135,Nick Lardis,8484185,CHI,20242025,L,19,,,,2026-08-07
135,Nick Lardis,8484185,CHI,20252026,L,20,0.3659,12.667,41,2026-08-07
136,Andrew Mangiapane,8478233,CHI,20232024,L,27,0.5333,16.0,75,2026-08-07
136,Andrew Mangiapane,8478233,CHI,20242025,L,28,0.3457,13.033,81,2026-08-07
136,Andrew Mangiapane,8478233,CHI,20252026,L,29,0.2581,12.487,62,2026-08-07
137,Ilya Mikheyev,8481624,CHI,20232024,R,29,0.3974,14.267,78,2026-08-07
137,Ilya Mikheyev,8481624,CHI,20242025,R,30,0.425,15.683,80,2026-08-07
137,Ilya Mikheyev,8481624,CHI,20252026,R,31,0.4675,17.433,77,2026-08-07
138,Oliver Moore,8484197,CHI,20232024,C,19,,,,2026-08-07
138,Oliver Moore,8484197,CHI,20242025,C,20,0.4444,13.583,9,2026-08-07
138,Oliver Moore,8484197,CHI,20252026,C,21,0.3725,12.85,51,2026-08-07
139,Frank Nazar,8483493,CHI,20232024,C,20,0.3333,16.15,3,2026-08-07
139,Frank Nazar,8483493,CHI,20242025,C,21,0.4906,15.867,53,2026-08-07
139,Frank Nazar,8483493,CHI,20252026,C,22,0.6212,18.317,66,2026-08-07
140,Landon Slaggert,8482172,CHI,20232024,L,21,0.25,11.267,16,2026-08-07
140,Landon Slaggert,8482172,CHI,20242025,L,22,0.1818,12.3,33,2026-08-07
140,Landon Slaggert,8482172,CHI,20252026,L,23,0.1321,10.55,53,2026-08-07
141,Teuvo Teravainen,8476882,CHI,20232024,C,29,0.6974,16.4,76,2026-08-07
141,Teuvo Teravainen,8476882,CHI,20242025,C,30,0.7073,17.067,82,2026-08-07
141,Teuvo Teravainen,8476882,CHI,20252026,C,31,0.4667,17.75,75,2026-08-07
142,Dominic Toninato,8476952,CHI,20232024,C,29,0.3333,10.183,15,2026-08-07
142,Dominic Toninato,8476952,CHI,20242025,C,30,0.0,8.267,5,2026-08-07
142,Dominic Toninato,8476952,CHI,20252026,C,31,0.125,9.15,8,2026-08-07
143,Louis Crevier,8481806,CHI,20232024,D,22,0.125,15.683,24,2026-08-07
143,Louis Crevier,8481806,CHI,20242025,D,23,0.125,17.283,32,2026-08-07
143,Louis Crevier,8481806,CHI,20252026,D,24,0.3205,17.133,78,2026-08-07
144,Ethan Del Mastro,8482807,CHI,20232024,D,21,0.0,18.583,2,2026-08-07
144,Ethan Del Mastro,8482807,CHI,20242025,D,22,0.25,18.317,24,2026-08-07
144,Ethan Del Mastro,8482807,CHI,20252026,D,23,0.0526,14.133,19,2026-08-07
145,Matt Grzelcyk,8476891,CHI,20232024,D,30,0.1746,17.6,63,2026-08-07
145,Matt Grzelcyk,8476891,CHI,20242025,D,31,0.4878,20.617,82,2026-08-07
145,Matt Grzelcyk,8476891,CHI,20252026,D,32,0.1739,16.967,69,2026-08-07
146,Wyatt Kaiser,8482176,CHI,20232024,D,21,0.2188,17.317,32,2026-08-07
146,Wyatt Kaiser,8482176,CHI,20242025,D,22,0.1404,18.117,57,2026-08-07
146,Wyatt Kaiser,8482176,CHI,20252026,D,23,0.2208,19.617,77,2026-08-07
147,Kevin Korchinski,8483466,CHI,20232024,D,19,0.1974,19.617,76,2026-08-07
147,Kevin Korchinski,8483466,CHI,20242025,D,20,0.125,17.083,16,2026-08-07
147,Kevin Korchinski,8483466,CHI,20252026,D,21,0.1538,13.633,13,2026-08-07
148,Artyom Levshunov,8484783,CHI,20232024,D,18,,,,2026-08-07
148,Artyom Levshunov,8484783,CHI,20242025,D,19,0.3333,20.317,18,2026-08-07
148,Artyom Levshunov,8484783,CHI,20252026,D,20,0.3529,19.583,68,2026-08-07
149,Sam Rinzel,8483506,CHI,20232024,D,19,,,,2026-08-07
149,Sam Rinzel,8483506,CHI,20242025,D,20,0.5556,23.367,9,2026-08-07
149,Sam Rinzel,8483506,CHI,20252026,D,21,0.2593,18.267,54,2026-08-07
150,Alex Vlasic,8481568,CHI,20232024,D,22,0.2105,21.483,76,2026-08-07
150,Alex Vlasic,8481568,CHI,20242025,D,23,0.3659,23.267,82,2026-08-07
150,Alex Vlasic,8481568,CHI,20252026,D,24,0.2593,21.133,81,2026-08-07
151,Zakhar Bardakov,8482947,COL,20232024,C,22,,,,2026-08-07
151,Zakhar Bardakov,8482947,COL,20242025,C,23,,,,2026-08-07
151,Zakhar Bardakov,8482947,COL,20252026,C,24,0.1667,7.2,60,2026-08-07
152,Ross Colton,8479525,COL,20232024,C,27,0.5,13.717,80,2026-08-07
152,Ross Colton,8479525,COL,20242025,C,28,0.4754,14.417,61,2026-08-07
152,Ross Colton,8479525,COL,20252026,C,29,0.3288,12.517,73,2026-08-07
153,Jack Drury,8480835,COL,20232024,C,23,0.3649,12.283,74,2026-08-07
153,Jack Drury,8480835,COL,20242025,C,24,0.25,12.922,72,2026-08-07
153,Jack Drury,8480835,COL,20252026,C,25,0.3293,14.483,82,2026-08-07
154,Nazem Kadri,8475172,COL,20232024,C,33,0.9146,18.433,82,2026-08-07
154,Nazem Kadri,8475172,COL,20242025,C,34,0.8171,19.35,82,2026-08-07
154,Nazem Kadri,8475172,COL,20252026,C,35,0.6494,19.041,77,2026-08-07
155,Parker Kelly,8480448,COL,20232024,C,24,0.225,11.7,80,2026-08-07
155,Parker Kelly,8480448,COL,20242025,C,25,0.2375,12.75,80,2026-08-07
155,Parker Kelly,8480448,COL,20252026,C,26,0.4268,12.7,82,2026-08-07
156,Joel Kiviranta,8481641,COL,20232024,L,27,0.1607,9.833,56,2026-08-07
156,Joel Kiviranta,8481641,COL,20242025,L,28,0.2911,12.517,79,2026-08-07
156,Joel Kiviranta,8481641,COL,20252026,L,29,0.1765,10.367,51,2026-08-07
157,Gabriel Landeskog,8476455,COL,20232024,L,31,,,,2026-08-07
157,Gabriel Landeskog,8476455,COL,20242025,L,32,,,,2026-08-07
157,Gabriel Landeskog,8476455,COL,20252026,L,33,0.5833,16.417,60,2026-08-07
158,Artturi Lehkonen,8477476,COL,20232024,L,28,0.7556,18.467,45,2026-08-07
158,Artturi Lehkonen,8477476,COL,20242025,L,29,0.6522,20.383,69,2026-08-07
158,Artturi Lehkonen,8477476,COL,20252026,L,30,0.6857,18.483,70,2026-08-07
159,Nathan MacKinnon,8477492,COL,20232024,C,28,1.7073,22.817,82,2026-08-07
159,Nathan MacKinnon,8477492,COL,20242025,C,29,1.4684,22.783,79,2026-08-07
159,Nathan MacKinnon,8477492,COL,20252026,C,30,1.5875,22.267,80,2026-08-07
160,Martin Necas,8480039,COL,20232024,C,25,0.6883,17.35,77,2026-08-07
160,Martin Necas,8480039,COL,20242025,C,26,1.0506,19.001,79,2026-08-07
160,Martin Necas,8480039,COL,20252026,C,27,1.2821,21.5,78,2026-08-07
161,Brock Nelson,8475754,COL,20232024,C,32,0.8415,18.083,82,2026-08-07
161,Brock Nelson,8475754,COL,20242025,C,33,0.7,18.911,80,2026-08-07
161,Brock Nelson,8475754,COL,20252026,C,34,0.8025,19.65,81,2026-08-07
162,Valeri Nichushkin,8477501,COL,20232024,R,28,0.9815,21.35,54,2026-08-07
162,Valeri Nichushkin,8477501,COL,20242025,R,29,0.7907,19.733,43,2026-08-07
162,Valeri Nichushkin,8477501,COL,20252026,R,30,0.6806,17.733,72,2026-08-07
163,Logan O'Connor,8481186,COL,20232024,R,27,0.4386,14.95,57,2026-08-07
163,Logan O'Connor,8481186,COL,20242025,R,28,0.2625,14.117,80,2026-08-07
163,Logan O'Connor,8481186,COL,20252026,R,29,0.1538,11.45,13,2026-08-07
164,Nicolas Roy,8478462,COL,20232024,C,26,0.5857,15.45,70,2026-08-07
164,Nicolas Roy,8478462,COL,20242025,C,27,0.4366,15.217,71,2026-08-07
164,Nicolas Roy,8478462,COL,20252026,C,28,0.3378,14.456,74,2026-08-07
165,Jack Ahcan,8482072,COL,20232024,D,26,,,,2026-08-07
165,Jack Ahcan,8482072,COL,20242025,D,27,0.0,15.8,2,2026-08-07
165,Jack Ahcan,8482072,COL,20252026,D,28,0.1818,11.533,11,2026-08-07
166,Nick Blankenburg,8483565,COL,20232024,D,25,0.0833,16.217,12,2026-08-07
166,Nick Blankenburg,8483565,COL,20242025,D,26,0.2667,19.55,60,2026-08-07
166,Nick Blankenburg,8483565,COL,20252026,D,27,0.3934,16.799,61,2026-08-07
167,Brent Burns,8470613,COL,20232024,D,38,0.5244,21.5,82,2026-08-07
167,Brent Burns,8470613,COL,20242025,D,39,0.3537,20.95,82,2026-08-07
167,Brent Burns,8470613,COL,20252026,D,40,0.4268,18.883,82,2026-08-07
168,Brett Kulak,8476967,COL,20232024,D,30,0.1951,15.383,82,2026-08-07
168,Brett Kulak,8476967,COL,20242025,D,31,0.3049,20.533,82,2026-08-07
168,Brett Kulak,8476967,COL,20252026,D,32,0.1446,18.959,83,2026-08-07
169,Cale Makar,8480069,COL,20232024,D,25,1.1688,24.767,77,2026-08-07
169,Cale Makar,8480069,COL,20242025,D,26,1.15,25.717,80,2026-08-07
169,Cale Makar,8480069,COL,20252026,D,27,1.0533,24.85,75,2026-08-07
170,Sam Malinski,8484258,COL,20232024,D,25,0.4348,14.233,23,2026-08-07
170,Sam Malinski,8484258,COL,20242025,D,26,0.1974,15.95,76,2026-08-07
170,Sam Malinski,8484258,COL,20252026,D,27,0.4878,17.617,82,2026-08-07
171,Josh Manson,8476312,COL,20232024,D,32,0.3289,17.783,76,2026-08-07
171,Josh Manson,8476312,COL,20242025,D,33,0.3125,18.033,48,2026-08-07
171,Josh Manson,8476312,COL,20252026,D,34,0.3924,17.783,79,2026-08-07
172,Devon Toews,8478038,COL,20232024,D,29,0.6098,23.433,82,2026-08-07
172,Devon Toews,8478038,COL,20242025,D,30,0.5789,24.583,76,2026-08-07
172,Devon Toews,8478038,COL,20252026,D,31,0.3529,22.367,68,2026-08-07
173,Charlie Coyle,8475745,CBJ,20232024,C,31,0.7317,18.067,82,2026-08-07
173,Charlie Coyle,8475745,CBJ,20242025,C,32,0.4217,16.985,83,2026-08-07
173,Charlie Coyle,8475745,CBJ,20252026,C,33,0.7073,18.1,82,2026-08-07
174,Adam Fantilli,8484166,CBJ,20232024,C,19,0.551,15.717,49,2026-08-07
174,Adam Fantilli,8484166,CBJ,20242025,C,20,0.6585,17.483,82,2026-08-07
174,Adam Fantilli,8484166,CBJ,20252026,C,21,0.7195,18.9,82,2026-08-07
175,Conor Garland,8478856,CBJ,20232024,R,27,0.5732,14.533,82,2026-08-07
175,Conor Garland,8478856,CBJ,20242025,R,28,0.6173,18.65,81,2026-08-07
175,Conor Garland,8478856,CBJ,20252026,R,29,0.4648,17.195,71,2026-08-07
176,Danton Heinen,8478046,CBJ,20232024,L,28,0.4865,14.467,74,2026-08-07
176,Danton Heinen,8478046,CBJ,20242025,L,29,0.3671,13.448,79,2026-08-07
176,Danton Heinen,8478046,CBJ,20252026,L,30,0.2609,11.344,46,2026-08-07
177,Boone Jenner,8476432,CBJ,20232024,C,30,0.6034,20.1,58,2026-08-07
177,Boone Jenner,8476432,CBJ,20242025,C,31,0.7308,17.983,26,2026-08-07
177,Boone Jenner,8476432,CBJ,20252026,C,32,0.5672,16.083,67,2026-08-07
178,Kent Johnson,8482660,CBJ,20232024,C,21,0.381,13.55,42,2026-08-07
178,Kent Johnson,8482660,CBJ,20242025,C,22,0.8382,17.3,68,2026-08-07
178,Kent Johnson,8482660,CBJ,20252026,C,23,0.2895,13.233,76,2026-08-07
179,Isac Lundeström,8480806,CBJ,20232024,C,24,0.2391,14.333,46,2026-08-07
179,Isac Lundeström,8480806,CBJ,20242025,C,25,0.1899,13.55,79,2026-08-07
179,Isac Lundeström,8480806,CBJ,20252026,C,26,0.1765,12.383,68,2026-08-07
180,Kirill Marchenko,8480893,CBJ,20232024,R,23,0.5385,16.417,78,2026-08-07
180,Kirill Marchenko,8480893,CBJ,20242025,R,24,0.9367,18.583,79,2026-08-07
180,Kirill Marchenko,8480893,CBJ,20252026,R,25,0.8816,18.95,76,2026-08-07
181,Mason Marchment,8478975,CBJ,20232024,L,28,0.6543,15.067,81,2026-08-07
181,Mason Marchment,8478975,CBJ,20242025,L,29,0.7581,15.333,62,2026-08-07
181,Mason Marchment,8478975,CBJ,20252026,L,30,0.6618,17.371,68,2026-08-07
182,Sean Monahan,8477497,CBJ,20232024,C,29,0.7108,18.088,83,2026-08-07
182,Sean Monahan,8477497,CBJ,20242025,C,30,1.0556,19.017,54,2026-08-07
182,Sean Monahan,8477497,CBJ,20252026,C,31,0.4615,17.117,78,2026-08-07
183,Mathieu Olivier,8479671,CBJ,20232024,R,26,0.2222,11.283,54,2026-08-07
183,Mathieu Olivier,8479671,CBJ,20242025,R,27,0.3902,14.467,82,2026-08-07
183,Mathieu Olivier,8479671,CBJ,20252026,R,28,0.4262,14.233,61,2026-08-07
184,Cole Sillinger,8482705,CBJ,20232024,C,20,0.4156,16.117,77,2026-08-07
184,Cole Sillinger,8482705,CBJ,20242025,C,21,0.5,16.917,66,2026-08-07
184,Cole Sillinger,8482705,CBJ,20252026,C,22,0.4074,15.217,81,2026-08-07
185,Dmitri Voronkov,8481716,CBJ,20232024,L,23,0.4533,13.45,75,2026-08-07
185,Dmitri Voronkov,8481716,CBJ,20242025,L,24,0.6438,16.783,73,2026-08-07
185,Dmitri Voronkov,8481716,CBJ,20252026,L,25,0.5079,13.933,63,2026-08-07
186,Miles Wood,8477425,CBJ,20232024,L,28,0.3514,13.683,74,2026-08-07
186,Miles Wood,8477425,CBJ,20242025,L,29,0.2162,11.35,37,2026-08-07
186,Miles Wood,8477425,CBJ,20252026,L,30,0.2593,11.85,54,2026-08-07
187,Jake Christiansen,8481161,CBJ,20232024,D,24,0.1667,13.217,12,2026-08-07
187,Jake Christiansen,8481161,CBJ,20242025,D,25,0.1176,12.533,68,2026-08-07
187,Jake Christiansen,8481161,CBJ,20252026,D,26,0.075,10.05,40,2026-08-07
188,Dante Fabbro,8479371,CBJ,20232024,D,25,0.2321,16.35,56,2026-08-07
188,Dante Fabbro,8479371,CBJ,20242025,D,26,0.3824,20.896,68,2026-08-07
188,Dante Fabbro,8479371,CBJ,20252026,D,27,0.1486,16.567,74,2026-08-07
189,Erik Gudbranson,8475790,CBJ,20232024,D,32,0.3333,19.667,78,2026-08-07
189,Erik Gudbranson,8475790,CBJ,20242025,D,33,0.25,17.767,16,2026-08-07
189,Erik Gudbranson,8475790,CBJ,20252026,D,34,0.0811,17.767,37,2026-08-07
190,Denton Mateychuk,8483485,CBJ,20232024,D,19,,,,2026-08-07
190,Denton Mateychuk,8483485,CBJ,20242025,D,20,0.2889,18.033,45,2026-08-07
190,Denton Mateychuk,8483485,CBJ,20252026,D,21,0.4133,19.183,75,2026-08-07
191,Ivan Provorov,8478500,CBJ,20232024,D,27,0.3902,22.167,82,2026-08-07
191,Ivan Provorov,8478500,CBJ,20242025,D,28,0.4024,23.35,82,2026-08-07
191,Ivan Provorov,8478500,CBJ,20252026,D,29,0.378,24.817,82,2026-08-07
192,Damon Severson,8476923,CBJ,20232024,D,29,0.4179,21.15,67,2026-08-07
192,Damon Severson,8476923,CBJ,20242025,D,30,0.3571,19.05,70,2026-08-07
192,Damon Severson,8476923,CBJ,20252026,D,31,0.4507,21.067,71,2026-08-07
193,Brendan Smith,8474090,CBJ,20232024,D,34,0.2381,16.1,63,2026-08-07
193,Brendan Smith,8474090,CBJ,20242025,D,35,0.1875,13.217,32,2026-08-07
193,Brendan Smith,8474090,CBJ,20252026,D,36,0.1333,11.083,15,2026-08-07
194,Zach Werenski,8478460,CBJ,20232024,D,26,0.8143,24.45,70,2026-08-07
194,Zach Werenski,8478460,CBJ,20242025,D,27,1.0123,26.75,81,2026-08-07
194,Zach Werenski,8478460,CBJ,20252026,D,28,1.08,26.617,75,2026-08-07
195,Egor Zamula,8481178,CBJ,20232024,D,23,0.3182,16.05,66,2026-08-07
195,Egor Zamula,8481178,CBJ,20242025,D,24,0.2381,16.517,63,2026-08-07
195,Egor Zamula,8481178,CBJ,20252026,D,25,0.0909,13.074,33,2026-08-07
196,Nathan Bastian,8479414,DAL,20232024,R,26,0.2222,10.167,54,2026-08-07
196,Nathan Bastian,8479414,DAL,20242025,R,27,0.1695,10.933,59,2026-08-07
196,Nathan Bastian,8479414,DAL,20252026,R,28,0.1944,8.65,36,2026-08-07
197,Jamie Benn,8473994,DAL,20232024,L,34,0.7317,15.117,82,2026-08-07
197,Jamie Benn,8473994,DAL,20242025,L,35,0.6125,15.3,80,2026-08-07
197,Jamie Benn,8473994,DAL,20252026,L,36,0.6,13.283,60,2026-08-07
198,Colin Blackwell,8476278,DAL,20232024,C,30,0.2727,14.5,44,2026-08-07
198,Colin Blackwell,8476278,DAL,20242025,C,31,0.2698,11.567,63,2026-08-07
198,Colin Blackwell,8476278,DAL,20252026,C,32,0.2143,11.9,70,2026-08-07
199,Mavrik Bourque,8482145,DAL,20232024,C,22,0.0,10.933,1,2026-08-07
199,Mavrik Bourque,8482145,DAL,20242025,C,23,0.3425,12.683,73,2026-08-07
199,Mavrik Bourque,8482145,DAL,20252026,C,24,0.5,15.483,82,2026-08-07
200,Michael Bunting,8478047,DAL,20232024,L,28,0.679,15.687,81,2026-08-07
200,Michael Bunting,8478047,DAL,20242025,L,29,0.5,15.534,76,2026-08-07
200,Michael Bunting,8478047,DAL,20252026,L,30,0.4459,14.449,74,2026-08-07
201,Oskar Bäck,8480840,DAL,20232024,C,23,,,,2026-08-07
201,Oskar Bäck,8480840,DAL,20242025,C,24,0.2192,11.7,73,2026-08-07
201,Oskar Bäck,8480840,DAL,20252026,C,25,0.1667,12.367,72,2026-08-07
202,Matt Duchene,8475168,DAL,20232024,C,33,0.8125,16.767,80,2026-08-07
202,Matt Duchene,8475168,DAL,20242025,C,34,1.0,17.15,82,2026-08-07
202,Matt Duchene,8475168,DAL,20252026,C,35,0.7895,16.517,57,2026-08-07
203,Adam Erne,8477454,DAL,20232024,L,28,0.0833,7.817,24,2026-08-07
203,Adam Erne,8477454,DAL,20242025,L,29,,,,2026-08-07
203,Adam Erne,8477454,DAL,20252026,L,30,0.1778,10.0,45,2026-08-07
204,Radek Faksa,8476889,DAL,20232024,C,30,0.2568,12.517,74,2026-08-07
204,Radek Faksa,8476889,DAL,20242025,C,31,0.2143,13.017,70,2026-08-07
204,Radek Faksa,8476889,DAL,20252026,C,32,0.2931,11.733,58,2026-08-07
205,Roope Hintz,8478449,DAL,20232024,C,27,0.8125,17.233,80,2026-08-07
205,Roope Hintz,8478449,DAL,20242025,C,28,0.8816,16.883,76,2026-08-07
205,Roope Hintz,8478449,DAL,20252026,C,29,0.8302,17.333,53,2026-08-07
206,Justin Hryckowian,8484829,DAL,20232024,C,22,,,,2026-08-07
206,Justin Hryckowian,8484829,DAL,20242025,C,23,0.2,7.883,5,2026-08-07
206,Justin Hryckowian,8484829,DAL,20252026,C,24,0.3704,13.3,81,2026-08-07
207,Arttu Hyry,8484938,DAL,20232024,R,22,,,,2026-08-07
207,Arttu Hyry,8484938,DAL,20242025,R,23,0.2,9.083,5,2026-08-07
207,Arttu Hyry,8484938,DAL,20252026,R,24,0.25,11.783,20,2026-08-07
208,Wyatt Johnston,8482740,DAL,20232024,C,20,0.7927,17.0,82,2026-08-07
208,Wyatt Johnston,8482740,DAL,20242025,C,21,0.8659,18.933,82,2026-08-07
208,Wyatt Johnston,8482740,DAL,20252026,C,22,1.0488,20.117,82,2026-08-07
209,Mikko Rantanen,8478420,DAL,20232024,R,27,1.3,22.9,80,2026-08-07
209,Mikko Rantanen,8478420,DAL,20242025,R,28,1.0732,21.249,82,2026-08-07
209,Mikko Rantanen,8478420,DAL,20252026,R,29,1.2031,20.183,64,2026-08-07
210,Jason Robertson,8480027,DAL,20232024,L,24,0.9756,18.317,82,2026-08-07
210,Jason Robertson,8480027,DAL,20242025,L,25,0.9756,17.8,82,2026-08-07
210,Jason Robertson,8480027,DAL,20252026,L,26,1.1707,20.25,82,2026-08-07
211,Tyler Seguin,8475794,DAL,20232024,C,32,0.7647,16.55,68,2026-08-07
211,Tyler Seguin,8475794,DAL,20242025,C,33,1.05,16.15,20,2026-08-07
211,Tyler Seguin,8475794,DAL,20252026,C,34,0.6296,16.667,27,2026-08-07
212,Sam Steel,8479351,DAL,20232024,C,25,0.3117,13.25,77,2026-08-07
212,Sam Steel,8479351,DAL,20242025,C,26,0.3165,14.133,79,2026-08-07
212,Sam Steel,8479351,DAL,20252026,C,27,0.4521,16.067,73,2026-08-07
213,Lian Bichsel,8483425,DAL,20232024,D,19,,,,2026-08-07
213,Lian Bichsel,8483425,DAL,20242025,D,20,0.2368,14.883,38,2026-08-07
213,Lian Bichsel,8483425,DAL,20252026,D,21,0.16,15.667,50,2026-08-07
214,Kyle Capobianco,8478476,DAL,20232024,D,26,,,,2026-08-07
214,Kyle Capobianco,8478476,DAL,20242025,D,27,0.0,11.383,1,2026-08-07
214,Kyle Capobianco,8478476,DAL,20252026,D,28,0.1515,12.133,33,2026-08-07
215,Thomas Harley,8481581,DAL,20232024,D,22,0.5949,21.017,79,2026-08-07
215,Thomas Harley,8481581,DAL,20242025,D,23,0.641,23.383,78,2026-08-07
215,Thomas Harley,8481581,DAL,20252026,D,24,0.5143,23.05,70,2026-08-07
216,Miro Heiskanen,8480036,DAL,20232024,D,24,0.7606,24.533,71,2026-08-07
216,Miro Heiskanen,8480036,DAL,20242025,D,25,0.5,25.167,50,2026-08-07
216,Miro Heiskanen,8480036,DAL,20252026,D,26,0.8182,25.467,77,2026-08-07
217,Esa Lindell,8476902,DAL,20232024,D,29,0.3171,20.467,82,2026-08-07
217,Esa Lindell,8476902,DAL,20242025,D,30,0.325,22.183,80,2026-08-07
217,Esa Lindell,8476902,DAL,20252026,D,31,0.3902,23.233,82,2026-08-07
218,Nils Lundkvist,8480878,DAL,20232024,D,23,0.322,14.1,59,2026-08-07
218,Nils Lundkvist,8480878,DAL,20242025,D,24,0.1282,15.017,39,2026-08-07
218,Nils Lundkvist,8480878,DAL,20252026,D,25,0.2115,16.483,52,2026-08-07
219,Ilya Lyubushkin,8480950,DAL,20232024,D,29,0.1081,17.124,74,2026-08-07
219,Ilya Lyubushkin,8480950,DAL,20242025,D,30,0.175,17.383,80,2026-08-07
219,Ilya Lyubushkin,8480950,DAL,20252026,D,31,0.1698,15.733,53,2026-08-07
220,Tyler Myers,8474574,DAL,20232024,D,34,0.3766,18.95,77,2026-08-07
220,Tyler Myers,8474574,DAL,20242025,D,35,0.338,20.8,71,2026-08-07
220,Tyler Myers,8474574,DAL,20252026,D,36,0.1507,19.519,73,2026-08-07
221,Alexander Petrovic,8475755,DAL,20232024,D,31,0.0,12.867,1,2026-08-07
221,Alexander Petrovic,8475755,DAL,20242025,D,32,0.0,14.1,5,2026-08-07
221,Alexander Petrovic,8475755,DAL,20252026,D,33,0.1852,15.35,54,2026-08-07
222,Mason Appleton,8478891,DET,20232024,C,28,0.439,16.05,82,2026-08-07
222,Mason Appleton,8478891,DET,20242025,C,29,0.3099,14.833,71,2026-08-07
222,Mason Appleton,8478891,DET,20252026,C,30,0.2154,13.517,65,2026-08-07
223,J.T. Compher,8477456,DET,20232024,L,28,0.6234,19.383,77,2026-08-07
223,J.T. Compher,8477456,DET,20242025,L,29,0.4211,16.683,76,2026-08-07
223,J.T. Compher,8477456,DET,20252026,L,30,0.3415,15.667,82,2026-08-07
224,Andrew Copp,8477429,DET,20232024,C,29,0.4177,16.267,79,2026-08-07
224,Andrew Copp,8477429,DET,20242025,C,30,0.4107,14.7,56,2026-08-07
224,Andrew Copp,8477429,DET,20252026,C,31,0.5443,16.567,79,2026-08-07
225,Alex DeBrincat,8479337,DET,20232024,R,26,0.8171,17.9,82,2026-08-07
225,Alex DeBrincat,8479337,DET,20242025,R,27,0.8537,17.867,82,2026-08-07
225,Alex DeBrincat,8479337,DET,20252026,R,28,1.0366,18.5,82,2026-08-07
226,Emmitt Finnie,8484471,DET,20232024,C,18,,,,2026-08-07
226,Emmitt Finnie,8484471,DET,20242025,C,19,,,,2026-08-07
226,Emmitt Finnie,8484471,DET,20252026,C,20,0.3659,15.5,82,2026-08-07
227,Patrick Kane,8474141,DET,20232024,R,35,0.94,18.383,50,2026-08-07
227,Patrick Kane,8474141,DET,20242025,R,36,0.8194,17.983,72,2026-08-07
227,Patrick Kane,8474141,DET,20252026,R,37,0.8507,17.7,67,2026-08-07
228,Marco Kasper,8483464,DET,20232024,C,19,,,,2026-08-07
228,Marco Kasper,8483464,DET,20242025,C,20,0.4805,15.45,77,2026-08-07
228,Marco Kasper,8483464,DET,20252026,C,21,0.2346,13.8,81,2026-08-07
229,Dylan Larkin,8477946,DET,20232024,C,27,1.0147,20.167,68,2026-08-07
229,Dylan Larkin,8477946,DET,20242025,C,28,0.8537,20.067,82,2026-08-07
229,Dylan Larkin,8477946,DET,20252026,C,29,0.9054,20.183,74,2026-08-07
230,David Perron,8474102,DET,20232024,L,35,0.6184,15.633,76,2026-08-07
230,David Perron,8474102,DET,20242025,L,36,0.3721,14.017,43,2026-08-07
230,David Perron,8474102,DET,20252026,L,37,0.4308,13.569,65,2026-08-07
231,Michael Rasmussen,8479992,DET,20232024,C,24,0.44,15.183,75,2026-08-07
231,Michael Rasmussen,8479992,DET,20242025,C,25,0.2727,13.417,77,2026-08-07
231,Michael Rasmussen,8479992,DET,20252026,C,26,0.2188,12.65,64,2026-08-07
232,Lucas Raymond,8482078,DET,20232024,L,21,0.878,17.75,82,2026-08-07
232,Lucas Raymond,8482078,DET,20242025,L,22,0.9756,18.783,82,2026-08-07
232,Lucas Raymond,8482078,DET,20252026,L,23,0.95,18.8,80,2026-08-07
233,James van Riemsdyk,8474037,DET,20232024,L,34,0.5352,13.5,71,2026-08-07
233,James van Riemsdyk,8474037,DET,20242025,L,35,0.507,12.4,71,2026-08-07
233,James van Riemsdyk,8474037,DET,20252026,L,36,0.4306,11.75,72,2026-08-07
234,Jacob Bernard-Docker,8480879,DET,20232024,D,23,0.1944,15.7,72,2026-08-07
234,Jacob Bernard-Docker,8480879,DET,20242025,D,24,0.2,13.613,40,2026-08-07
234,Jacob Bernard-Docker,8480879,DET,20252026,D,25,0.0794,14.817,63,2026-08-07
235,Ben Chiarot,8475279,DET,20232024,D,32,0.2597,19.783,77,2026-08-07
235,Ben Chiarot,8475279,DET,20242025,D,33,0.1605,21.233,81,2026-08-07
235,Ben Chiarot,8475279,DET,20252026,D,34,0.1829,20.833,82,2026-08-07
236,Simon Edvinsson,8482762,DET,20232024,D,20,0.125,18.25,16,2026-08-07
236,Simon Edvinsson,8482762,DET,20242025,D,21,0.3974,21.117,78,2026-08-07
236,Simon Edvinsson,8482762,DET,20252026,D,22,0.3472,22.35,72,2026-08-07
237,Justin Faulk,8475753,DET,20232024,D,31,0.5,21.967,60,2026-08-07
237,Justin Faulk,8475753,DET,20242025,D,32,0.4103,22.45,78,2026-08-07
237,Justin Faulk,8475753,DET,20252026,D,33,0.5128,22.01,78,2026-08-07
238,Travis Hamonic,8474612,DET,20232024,D,33,0.125,14.733,48,2026-08-07
238,Travis Hamonic,8474612,DET,20242025,D,34,0.1186,17.067,59,2026-08-07
238,Travis Hamonic,8474612,DET,20252026,D,35,0.0769,14.383,26,2026-08-07
239,Albert Johansson,8481607,DET,20232024,D,23,,,,2026-08-07
239,Albert Johansson,8481607,DET,20242025,D,24,0.1475,16.367,61,2026-08-07
239,Albert Johansson,8481607,DET,20252026,D,25,0.1341,15.933,82,2026-08-07
240,Moritz Seider,8481542,DET,20232024,D,22,0.5122,22.367,82,2026-08-07
240,Moritz Seider,8481542,DET,20242025,D,23,0.561,25.067,82,2026-08-07
240,Moritz Seider,8481542,DET,20252026,D,24,0.7317,25.667,82,2026-08-07
241,Colton Dach,8482703,EDM,20232024,C,21,,,,2026-08-07
241,Colton Dach,8482703,EDM,20242025,C,22,0.28,12.133,25,2026-08-07
241,Colton Dach,8482703,EDM,20252026,C,23,0.2131,11.482,61,2026-08-07
242,Jason Dickinson,8477450,EDM,20232024,C,28,0.4268,16.567,82,2026-08-07
242,Jason Dickinson,8477450,EDM,20242025,C,29,0.2712,15.7,59,2026-08-07
242,Jason Dickinson,8477450,EDM,20252026,C,30,0.2656,15.527,64,2026-08-07
243,Leon Draisaitl,8477934,EDM,20232024,C,28,1.3086,20.7,81,2026-08-07
243,Leon Draisaitl,8477934,EDM,20242025,C,29,1.493,21.517,71,2026-08-07
243,Leon Draisaitl,8477934,EDM,20252026,C,30,1.4923,21.583,65,2026-08-07
244,Trent Frederic,8479365,EDM,20232024,C,25,0.4878,13.75,82,2026-08-07
244,Trent Frederic,8479365,EDM,20242025,C,26,0.2586,13.718,58,2026-08-07
244,Trent Frederic,8479365,EDM,20252026,C,27,0.0946,11.033,74,2026-08-07
245,Adam Henrique,8474641,EDM,20232024,C,33,0.622,16.846,82,2026-08-07
245,Adam Henrique,8474641,EDM,20242025,C,34,0.3333,14.65,81,2026-08-07
245,Adam Henrique,8474641,EDM,20252026,C,35,0.2308,13.233,65,2026-08-07
246,Zach Hyman,8475786,EDM,20232024,L,31,0.9625,19.5,80,2026-08-07
246,Zach Hyman,8475786,EDM,20242025,L,32,0.6027,18.883,73,2026-08-07
246,Zach Hyman,8475786,EDM,20252026,L,33,0.8966,19.983,58,2026-08-07
247,Mattias Janmark,8477406,EDM,20232024,C,31,0.169,11.9,71,2026-08-07
247,Mattias Janmark,8477406,EDM,20242025,C,32,0.225,13.3,80,2026-08-07
247,Mattias Janmark,8477406,EDM,20252026,C,33,0.186,11.85,43,2026-08-07
248,Max Jones,8479368,EDM,20232024,L,25,0.2885,12.05,52,2026-08-07
248,Max Jones,8479368,EDM,20242025,L,26,0.0769,9.383,26,2026-08-07
248,Max Jones,8479368,EDM,20252026,L,27,0.2381,8.35,21,2026-08-07
249,Kasperi Kapanen,8477953,EDM,20232024,R,27,0.3014,14.383,73,2026-08-07
249,Kasperi Kapanen,8477953,EDM,20242025,R,28,0.209,11.912,67,2026-08-07
249,Kasperi Kapanen,8477953,EDM,20252026,R,29,0.4146,14.583,41,2026-08-07
250,Curtis Lazar,8477508,EDM,20232024,C,28,0.3521,12.383,71,2026-08-07
250,Curtis Lazar,8477508,EDM,20242025,C,29,0.1042,10.567,48,2026-08-07
250,Curtis Lazar,8477508,EDM,20252026,C,30,0.1333,8.917,45,2026-08-07
251,Connor McDavid,8478402,EDM,20232024,C,27,1.7368,21.367,76,2026-08-07
251,Connor McDavid,8478402,EDM,20242025,C,28,1.4925,22.033,67,2026-08-07
251,Connor McDavid,8478402,EDM,20252026,C,29,1.6829,22.983,82,2026-08-07
252,Ryan Nugent-Hopkins,8476454,EDM,20232024,C,30,0.8375,19.617,80,2026-08-07
252,Ryan Nugent-Hopkins,8476454,EDM,20242025,C,31,0.6282,18.967,78,2026-08-07
252,Ryan Nugent-Hopkins,8476454,EDM,20252026,C,32,0.7778,19.067,72,2026-08-07
253,Vasily Podkolzin,8481617,EDM,20232024,R,22,0.1053,10.817,19,2026-08-07
253,Vasily Podkolzin,8481617,EDM,20242025,R,23,0.2927,13.217,82,2026-08-07
253,Vasily Podkolzin,8481617,EDM,20252026,R,24,0.4512,15.383,82,2026-08-07
254,Jack Roslovic,8478458,EDM,20232024,C,27,0.5254,15.552,59,2026-08-07
254,Jack Roslovic,8478458,EDM,20242025,C,28,0.4815,13.817,81,2026-08-07
254,Jack Roslovic,8478458,EDM,20252026,C,29,0.5217,15.767,69,2026-08-07
255,Josh Samanski,8484509,EDM,20232024,C,21,,,,2026-08-07
255,Josh Samanski,8484509,EDM,20242025,C,22,,,,2026-08-07
255,Josh Samanski,8484509,EDM,20252026,C,23,0.1667,10.567,24,2026-08-07
256,Matt Savoie,8483512,EDM,20232024,C,20,0.0,3.917,1,2026-08-07
256,Matt Savoie,8483512,EDM,20242025,C,21,0.25,12.517,4,2026-08-07
256,Matt Savoie,8483512,EDM,20252026,C,22,0.4512,14.783,82,2026-08-07
257,Evan Bouchard,8480803,EDM,20232024,D,24,1.0123,23.0,81,2026-08-07
257,Evan Bouchard,8480803,EDM,20242025,D,25,0.8171,23.467,82,2026-08-07
257,Evan Bouchard,8480803,EDM,20252026,D,26,1.1585,24.683,82,2026-08-07
258,Mattias Ekholm,8475218,EDM,20232024,D,33,0.5696,21.05,79,2026-08-07
258,Mattias Ekholm,8475218,EDM,20242025,D,34,0.5077,22.2,65,2026-08-07
258,Mattias Ekholm,8475218,EDM,20252026,D,35,0.5,20.6,82,2026-08-07
259,Ty Emberson,8480834,EDM,20232024,D,23,0.3333,18.55,30,2026-08-07
259,Ty Emberson,8480834,EDM,20242025,D,24,0.1711,15.117,76,2026-08-07
259,Ty Emberson,8480834,EDM,20252026,D,25,0.1667,15.517,72,2026-08-07
260,Connor Murphy,8476473,EDM,20232024,D,30,0.1739,19.833,46,2026-08-07
260,Connor Murphy,8476473,EDM,20242025,D,31,0.2794,20.617,68,2026-08-07
260,Connor Murphy,8476473,EDM,20252026,D,32,0.2125,17.538,80,2026-08-07
261,Darnell Nurse,8477498,EDM,20232024,D,28,0.3951,21.9,81,2026-08-07
261,Darnell Nurse,8477498,EDM,20242025,D,29,0.4342,22.367,76,2026-08-07
261,Darnell Nurse,8477498,EDM,20252026,D,30,0.2927,20.967,82,2026-08-07
262,Spencer Stastney,8481056,EDM,20232024,D,24,0.2,15.983,20,2026-08-07
262,Spencer Stastney,8481056,EDM,20242025,D,25,0.1304,16.183,23,2026-08-07
262,Spencer Stastney,8481056,EDM,20252026,D,26,0.1515,15.503,66,2026-08-07
263,Jake Walman,8478013,EDM,20232024,D,27,0.3333,19.767,63,2026-08-07
263,Jake Walman,8478013,EDM,20242025,D,28,0.6154,22.779,65,2026-08-07
263,Jake Walman,8478013,EDM,20252026,D,29,0.3774,18.75,53,2026-08-07
264,Aleksander Barkov,8477493,FLA,20232024,C,28,1.0959,19.633,73,2026-08-07
264,Aleksander Barkov,8477493,FLA,20242025,C,29,1.0597,20.25,67,2026-08-07
264,Aleksander Barkov,8477493,FLA,20252026,C,30,,,,2026-08-07
265,Sam Bennett,8477935,FLA,20232024,C,27,0.5942,16.617,69,2026-08-07
265,Sam Bennett,8477935,FLA,20242025,C,28,0.6711,17.45,76,2026-08-07
265,Sam Bennett,8477935,FLA,20252026,C,29,0.7632,18.5,76,2026-08-07
266,Jesper Boqvist,8480003,FLA,20232024,C,25,0.2979,11.15,47,2026-08-07
266,Jesper Boqvist,8480003,FLA,20242025,C,26,0.2949,13.25,78,2026-08-07
266,Jesper Boqvist,8480003,FLA,20252026,C,27,0.1781,11.833,73,2026-08-07
267,Jonah Gadjovich,8479981,FLA,20232024,L,25,0.1026,7.433,39,2026-08-07
267,Jonah Gadjovich,8479981,FLA,20242025,L,26,0.0952,8.45,42,2026-08-07
267,Jonah Gadjovich,8479981,FLA,20252026,L,27,0.3,7.95,10,2026-08-07
268,A.J. Greer,8478421,FLA,20232024,L,27,0.2034,8.833,59,2026-08-07
268,A.J. Greer,8478421,FLA,20242025,L,28,0.2099,9.6,81,2026-08-07
268,A.J. Greer,8478421,FLA,20252026,L,29,0.4103,12.433,78,2026-08-07
269,Vinnie Hinostroza,8476994,FLA,20232024,C,29,0.2143,9.75,14,2026-08-07
269,Vinnie Hinostroza,8476994,FLA,20242025,C,30,0.2632,13.014,38,2026-08-07
269,Vinnie Hinostroza,8476994,FLA,20252026,C,31,0.2769,10.936,65,2026-08-07
270,Luke Kunin,8479316,FLA,20232024,C,26,0.2338,15.733,77,2026-08-07
270,Luke Kunin,8479316,FLA,20242025,C,27,0.24,14.693,75,2026-08-07
270,Luke Kunin,8479316,FLA,20252026,C,28,0.1613,9.683,62,2026-08-07
271,Anton Lundell,8482113,FLA,20232024,C,22,0.4487,15.383,78,2026-08-07
271,Anton Lundell,8482113,FLA,20242025,C,23,0.5696,16.717,79,2026-08-07
271,Anton Lundell,8482113,FLA,20252026,C,24,0.6875,19.15,64,2026-08-07
272,Eetu Luostarinen,8480185,FLA,20232024,C,25,0.3293,15.933,82,2026-08-07
272,Eetu Luostarinen,8480185,FLA,20242025,C,26,0.3,15.283,80,2026-08-07
272,Eetu Luostarinen,8480185,FLA,20252026,C,27,0.4521,16.567,73,2026-08-07
273,Brad Marchand,8473419,FLA,20232024,L,35,0.8171,19.1,82,2026-08-07
273,Brad Marchand,8473419,FLA,20242025,L,36,0.7183,18.318,71,2026-08-07
273,Brad Marchand,8473419,FLA,20252026,L,37,1.0385,17.733,52,2026-08-07
274,Tomas Nosek,8477931,FLA,20232024,L,31,0.1667,11.817,36,2026-08-07
274,Tomas Nosek,8477931,FLA,20242025,L,32,0.1525,9.817,59,2026-08-07
274,Tomas Nosek,8477931,FLA,20252026,L,33,0.1905,14.117,21,2026-08-07
275,Cole Reinhardt,8481133,FLA,20232024,L,24,,,,2026-08-07
275,Cole Reinhardt,8481133,FLA,20242025,L,25,0.1176,8.2,17,2026-08-07
275,Cole Reinhardt,8481133,FLA,20252026,L,26,0.2542,10.644,59,2026-08-07
276,Sam Reinhart,8477933,FLA,20232024,C,28,1.1463,20.3,82,2026-08-07
276,Sam Reinhart,8477933,FLA,20242025,C,29,1.0253,20.5,79,2026-08-07
276,Sam Reinhart,8477933,FLA,20252026,C,30,0.9531,21.283,64,2026-08-07
277,Evan Rodrigues,8478542,FLA,20232024,C,30,0.4875,15.167,80,2026-08-07
277,Evan Rodrigues,8478542,FLA,20242025,C,31,0.3902,15.217,82,2026-08-07
277,Evan Rodrigues,8478542,FLA,20252026,C,32,0.4493,17.0,69,2026-08-07
278,Mackie Samoskevich,8482713,FLA,20232024,R,21,0.0,12.033,7,2026-08-07
278,Mackie Samoskevich,8482713,FLA,20242025,R,22,0.4306,13.317,72,2026-08-07
278,Mackie Samoskevich,8482713,FLA,20252026,R,23,0.4156,14.467,77,2026-08-07
279,Cole Schwindt,8481655,FLA,20232024,C,22,0.0,6.8,4,2026-08-07
279,Cole Schwindt,8481655,FLA,20242025,C,23,0.1905,9.25,42,2026-08-07
279,Cole Schwindt,8481655,FLA,20252026,C,24,0.2414,10.033,29,2026-08-07
280,Matthew Tkachuk,8479314,FLA,20232024,L,26,1.1,18.633,80,2026-08-07
280,Matthew Tkachuk,8479314,FLA,20242025,L,27,1.0962,18.233,52,2026-08-07
280,Matthew Tkachuk,8479314,FLA,20252026,L,28,1.0968,18.3,31,2026-08-07
281,Carter Verhaeghe,8477409,FLA,20232024,C,28,0.9474,17.967,76,2026-08-07
281,Carter Verhaeghe,8477409,FLA,20242025,C,29,0.6543,17.867,81,2026-08-07
281,Carter Verhaeghe,8477409,FLA,20252026,C,30,0.7143,17.617,77,2026-08-07
282,Uvis Balinskis,8484304,FLA,20232024,D,27,0.1154,14.1,26,2026-08-07
282,Uvis Balinskis,8484304,FLA,20242025,D,28,0.2368,14.85,76,2026-08-07
282,Uvis Balinskis,8484304,FLA,20252026,D,29,0.2778,16.367,54,2026-08-07
283,Aaron Ekblad,8477932,FLA,20232024,D,27,0.3529,20.867,51,2026-08-07
283,Aaron Ekblad,8477932,FLA,20242025,D,28,0.5893,23.517,56,2026-08-07
283,Aaron Ekblad,8477932,FLA,20252026,D,29,0.3611,22.483,72,2026-08-07
284,Gustav Forsling,8478055,FLA,20232024,D,27,0.4937,22.15,79,2026-08-07
284,Gustav Forsling,8478055,FLA,20242025,D,28,0.3875,22.95,80,2026-08-07
284,Gustav Forsling,8478055,FLA,20252026,D,29,0.35,22.633,80,2026-08-07
285,Seth Jones,8477495,FLA,20232024,D,29,0.4627,25.483,67,2026-08-07
285,Seth Jones,8477495,FLA,20242025,D,30,0.5714,24.639,63,2026-08-07
285,Seth Jones,8477495,FLA,20252026,D,31,0.6154,23.7,52,2026-08-07
286,Dmitry Kulikov,8475179,FLA,20232024,D,33,0.2632,16.517,76,2026-08-07
286,Dmitry Kulikov,8475179,FLA,20242025,D,34,0.1857,19.267,70,2026-08-07
286,Dmitry Kulikov,8475179,FLA,20252026,D,35,0.0,18.033,19,2026-08-07
287,Niko Mikkola,8478859,FLA,20232024,D,27,0.2073,20.033,82,2026-08-07
287,Niko Mikkola,8478859,FLA,20242025,D,28,0.2895,20.2,76,2026-08-07
287,Niko Mikkola,8478859,FLA,20252026,D,29,0.1618,20.35,68,2026-08-07
288,Donovan Sebrango,8482131,FLA,20232024,D,22,,,,2026-08-07
288,Donovan Sebrango,8482131,FLA,20242025,D,23,0.0,10.317,2,2026-08-07
288,Donovan Sebrango,8482131,FLA,20252026,D,24,0.1905,15.106,42,2026-08-07
289,Joel Armia,8476469,LA,20232024,R,30,0.3788,15.55,66,2026-08-07
289,Joel Armia,8476469,LA,20242025,R,31,0.358,14.3,81,2026-08-07
289,Joel Armia,8476469,LA,20252026,R,32,0.3731,14.067,67,2026-08-07
290,Quinton Byfield,8482124,LA,20232024,R,21,0.6875,16.483,80,2026-08-07
290,Quinton Byfield,8482124,LA,20242025,R,22,0.6667,18.617,81,2026-08-07
290,Quinton Byfield,8482124,LA,20252026,R,23,0.6203,20.017,79,2026-08-07
291,Kevin Fiala,8477942,LA,20232024,L,27,0.8902,18.033,82,2026-08-07
291,Kevin Fiala,8477942,LA,20242025,L,28,0.7407,18.517,81,2026-08-07
291,Kevin Fiala,8477942,LA,20252026,L,29,0.7143,19.117,56,2026-08-07
292,Samuel Helenius,8482726,LA,20232024,C,21,,,,2026-08-07
292,Samuel Helenius,8482726,LA,20242025,C,22,0.14,8.65,50,2026-08-07
292,Samuel Helenius,8482726,LA,20252026,C,23,0.1698,7.983,53,2026-08-07
293,Mathieu Joseph,8478472,LA,20232024,R,26,0.4861,16.467,72,2026-08-07
293,Mathieu Joseph,8478472,LA,20242025,R,27,0.2333,11.9,60,2026-08-07
293,Mathieu Joseph,8478472,LA,20252026,R,28,0.2157,11.989,51,2026-08-07
294,Adrian Kempe,8477960,LA,20232024,R,27,0.974,18.933,77,2026-08-07
294,Adrian Kempe,8477960,LA,20242025,R,28,0.9012,19.15,81,2026-08-07
294,Adrian Kempe,8477960,LA,20252026,R,29,0.9012,19.3,81,2026-08-07
295,Anze Kopitar,8471685,LA,20232024,C,36,0.8642,19.65,81,2026-08-07
295,Anze Kopitar,8471685,LA,20242025,C,37,0.8272,18.95,81,2026-08-07
295,Anze Kopitar,8471685,LA,20252026,C,38,0.5672,19.117,67,2026-08-07
296,Andrei Kuzmenko,8483808,LA,20232024,L,27,0.6389,14.88,72,2026-08-07
296,Andrei Kuzmenko,8483808,LA,20242025,L,28,0.5606,15.629,66,2026-08-07
296,Andrei Kuzmenko,8483808,LA,20252026,L,29,0.4808,14.917,52,2026-08-07
297,Alex Laferriere,8482155,LA,20232024,R,22,0.284,13.217,81,2026-08-07
297,Alex Laferriere,8482155,LA,20242025,R,23,0.5455,16.533,77,2026-08-07
297,Alex Laferriere,8482155,LA,20252026,R,24,0.5366,18.317,82,2026-08-07
298,Scott Laughton,8476872,LA,20232024,C,29,0.4756,15.65,82,2026-08-07
298,Scott Laughton,8476872,LA,20242025,C,30,0.3875,14.6,80,2026-08-07
298,Scott Laughton,8476872,LA,20252026,C,31,0.3125,14.356,64,2026-08-07
299,Jeff Malott,8482408,LA,20232024,L,27,,,,2026-08-07
299,Jeff Malott,8482408,LA,20242025,L,28,0.0833,10.283,12,2026-08-07
299,Jeff Malott,8482408,LA,20252026,L,29,0.1552,8.817,58,2026-08-07
300,Trevor Moore,8479675,LA,20232024,L,28,0.6951,17.983,82,2026-08-07
300,Trevor Moore,8479675,LA,20242025,L,29,0.5634,16.883,71,2026-08-07
300,Trevor Moore,8479675,LA,20252026,L,30,0.4638,16.733,69,2026-08-07
301,Artemi Panarin,8478550,LA,20232024,L,32,1.4634,20.117,82,2026-08-07
301,Artemi Panarin,8478550,LA,20242025,L,33,1.1125,19.683,80,2026-08-07
301,Artemi Panarin,8478550,LA,20252026,L,34,1.0769,20.844,78,2026-08-07
302,Alex Turcotte,8481532,LA,20232024,C,22,0.2,9.283,20,2026-08-07
302,Alex Turcotte,8481532,LA,20242025,C,23,0.3676,11.733,68,2026-08-07
302,Alex Turcotte,8481532,LA,20252026,C,24,0.2258,10.833,62,2026-08-07
303,Taylor Ward,8483406,LA,20232024,R,25,,,,2026-08-07
303,Taylor Ward,8483406,LA,20242025,R,26,1.0,14.867,1,2026-08-07
303,Taylor Ward,8483406,LA,20252026,R,27,0.1944,9.467,36,2026-08-07
304,Jared Wright,8483756,LA,20232024,R,21,,,,2026-08-07
304,Jared Wright,8483756,LA,20242025,R,22,,,,2026-08-07
304,Jared Wright,8483756,LA,20252026,R,23,0.1739,11.433,23,2026-08-07
305,Mikey Anderson,8479998,LA,20232024,D,24,0.2432,20.633,74,2026-08-07
305,Mikey Anderson,8479998,LA,20242025,D,25,0.3117,22.683,77,2026-08-07
305,Mikey Anderson,8479998,LA,20252026,D,26,0.25,20.567,80,2026-08-07
306,Cody Ceci,8476879,LA,20232024,D,30,0.3165,20.017,79,2026-08-07
306,Cody Ceci,8476879,LA,20242025,D,31,0.2824,21.207,85,2026-08-07
306,Cody Ceci,8476879,LA,20252026,D,32,0.1098,17.567,82,2026-08-07
307,Brandt Clarke,8482730,LA,20232024,D,20,0.375,13.65,16,2026-08-07
307,Brandt Clarke,8482730,LA,20242025,D,21,0.4231,16.283,78,2026-08-07
307,Brandt Clarke,8482730,LA,20252026,D,22,0.4878,19.8,82,2026-08-07
308,Drew Doughty,8474563,LA,20232024,D,34,0.6098,25.8,82,2026-08-07
308,Drew Doughty,8474563,LA,20242025,D,35,0.5667,24.133,30,2026-08-07
308,Drew Doughty,8474563,LA,20252026,D,36,0.3194,23.083,72,2026-08-07
309,Brian Dumoulin,8475208,LA,20232024,D,32,0.2,17.017,80,2026-08-07
309,Brian Dumoulin,8475208,LA,20242025,D,33,0.275,19.551,80,2026-08-07
309,Brian Dumoulin,8475208,LA,20252026,D,34,0.2073,17.75,82,2026-08-07
310,Joel Edmundson,8476441,LA,20232024,D,30,0.1132,16.665,53,2026-08-07
310,Joel Edmundson,8476441,LA,20242025,D,31,0.274,20.583,73,2026-08-07
310,Joel Edmundson,8476441,LA,20252026,D,32,0.2805,18.483,82,2026-08-07
311,Jacob Moverare,8479421,LA,20232024,D,25,0.0417,10.45,24,2026-08-07
311,Jacob Moverare,8479421,LA,20242025,D,26,0.1633,11.867,49,2026-08-07
311,Jacob Moverare,8479421,LA,20252026,D,27,0.0,8.783,15,2026-08-07
312,Nicolas Aube-Kubel,8477979,MIN,20232024,R,27,0.2667,12.2,60,2026-08-07
312,Nicolas Aube-Kubel,8477979,MIN,20242025,R,28,0.0909,9.424,22,2026-08-07
312,Nicolas Aube-Kubel,8477979,MIN,20252026,R,29,0.3333,11.617,6,2026-08-07
313,Matt Boldy,8481557,MIN,20232024,L,22,0.92,18.917,75,2026-08-07
313,Matt Boldy,8481557,MIN,20242025,L,23,0.8902,20.283,82,2026-08-07
313,Matt Boldy,8481557,MIN,20252026,L,24,1.1184,20.567,76,2026-08-07
314,Bobby Brink,8481553,MIN,20232024,R,22,0.4035,13.8,57,2026-08-07
314,Bobby Brink,8481553,MIN,20242025,R,23,0.519,14.833,79,2026-08-07
314,Bobby Brink,8481553,MIN,20252026,R,24,0.4412,15.152,68,2026-08-07
315,Joel Eriksson Ek,8478493,MIN,20232024,C,27,0.8312,20.533,77,2026-08-07
315,Joel Eriksson Ek,8478493,MIN,20242025,C,28,0.6304,19.767,46,2026-08-07
315,Joel Eriksson Ek,8478493,MIN,20252026,C,29,0.7286,19.083,70,2026-08-07
316,Robby Fabbri,8477952,MIN,20232024,C,28,0.4706,12.867,68,2026-08-07
316,Robby Fabbri,8477952,MIN,20242025,C,29,0.3636,16.2,44,2026-08-07
316,Robby Fabbri,8477952,MIN,20252026,C,30,0.2381,11.814,21,2026-08-07
317,Marcus Foligno,8475220,MIN,20232024,L,32,0.4,14.483,55,2026-08-07
317,Marcus Foligno,8475220,MIN,20242025,L,33,0.3766,14.483,77,2026-08-07
317,Marcus Foligno,8475220,MIN,20252026,L,34,0.2321,12.85,56,2026-08-07
318,Nick Foligno,8473422,MIN,20232024,L,36,0.5,17.767,74,2026-08-07
318,Nick Foligno,8473422,MIN,20242025,L,37,0.4487,15.917,78,2026-08-07
318,Nick Foligno,8473422,MIN,20252026,L,38,0.2778,12.648,54,2026-08-07
319,Hunter Haight,8483452,MIN,20232024,C,19,,,,2026-08-07
319,Hunter Haight,8483452,MIN,20242025,C,20,,,,2026-08-07
319,Hunter Haight,8483452,MIN,20252026,C,21,0.2222,10.833,9,2026-08-07
320,Ryan Hartman,8477451,MIN,20232024,R,29,0.6081,16.517,74,2026-08-07
320,Ryan Hartman,8477451,MIN,20242025,R,30,0.3768,14.967,69,2026-08-07
320,Ryan Hartman,8477451,MIN,20252026,R,31,0.5658,16.75,76,2026-08-07
321,Marcus Johansson,8475149,MIN,20232024,L,33,0.3846,15.883,78,2026-08-07
321,Marcus Johansson,8475149,MIN,20242025,L,34,0.4722,16.383,72,2026-08-07
321,Marcus Johansson,8475149,MIN,20252026,L,35,0.6533,15.417,75,2026-08-07
322,Ben Jones,8480259,MIN,20232024,C,24,,,,2026-08-07
322,Ben Jones,8480259,MIN,20242025,C,25,0.0,8.383,26,2026-08-07
322,Ben Jones,8480259,MIN,20252026,C,26,0.1071,8.833,28,2026-08-07
323,Kirill Kaprizov,8478864,MIN,20232024,L,26,1.28,21.583,75,2026-08-07
323,Kirill Kaprizov,8478864,MIN,20242025,L,27,1.3659,22.467,41,2026-08-07
323,Kirill Kaprizov,8478864,MIN,20252026,L,28,1.141,22.15,78,2026-08-07
324,Michael McCarron,8477446,MIN,20232024,C,28,0.3143,12.767,70,2026-08-07
324,Michael McCarron,8477446,MIN,20242025,C,29,0.1892,13.75,74,2026-08-07
324,Michael McCarron,8477446,MIN,20252026,C,30,0.2152,14.036,79,2026-08-07
325,Nico Sturm,8481477,MIN,20232024,C,28,0.2063,14.667,63,2026-08-07
325,Nico Sturm,8481477,MIN,20242025,C,29,0.2258,10.416,62,2026-08-07
325,Nico Sturm,8481477,MIN,20252026,C,30,0.2245,10.95,49,2026-08-07
326,Vladimir Tarasenko,8475765,MIN,20232024,R,32,0.7237,15.737,76,2026-08-07
326,Vladimir Tarasenko,8475765,MIN,20242025,R,33,0.4125,14.783,80,2026-08-07
326,Vladimir Tarasenko,8475765,MIN,20252026,R,34,0.6267,14.933,75,2026-08-07
327,Yakov Trenin,8478508,MIN,20232024,C,27,0.2237,14.575,76,2026-08-07
327,Yakov Trenin,8478508,MIN,20242025,C,28,0.1974,12.517,76,2026-08-07
327,Yakov Trenin,8478508,MIN,20252026,C,29,0.2805,13.283,82,2026-08-07
328,Danila Yurov,8483525,MIN,20232024,R,20,,,,2026-08-07
328,Danila Yurov,8483525,MIN,20242025,R,21,,,,2026-08-07
328,Danila Yurov,8483525,MIN,20252026,R,22,0.3699,13.3,73,2026-08-07
329,Mats Zuccarello,8475692,MIN,20232024,C,36,0.913,18.9,69,2026-08-07
329,Mats Zuccarello,8475692,MIN,20242025,C,37,0.7826,19.65,69,2026-08-07
329,Mats Zuccarello,8475692,MIN,20252026,C,38,0.9153,18.65,59,2026-08-07
330,Zach Bogosian,8474567,MIN,20232024,D,33,0.2154,17.878,65,2026-08-07
330,Zach Bogosian,8474567,MIN,20242025,D,34,0.1975,15.8,81,2026-08-07
330,Zach Bogosian,8474567,MIN,20252026,D,35,0.1463,14.55,41,2026-08-07
331,Jonas Brodin,8476463,MIN,20232024,D,30,0.4355,23.367,62,2026-08-07
331,Jonas Brodin,8476463,MIN,20242025,D,31,0.4,22.95,50,2026-08-07
331,Jonas Brodin,8476463,MIN,20252026,D,32,0.2903,20.283,62,2026-08-07
332,Brock Faber,8482122,MIN,20232024,D,21,0.5732,24.967,82,2026-08-07
332,Brock Faber,8482122,MIN,20242025,D,22,0.3718,25.533,78,2026-08-07
332,Brock Faber,8482122,MIN,20252026,D,23,0.6375,24.683,80,2026-08-07
333,Viking Gustafsson Nyberg,8486166,MIN,20232024,D,20,,,,2026-08-07
333,Viking Gustafsson Nyberg,8486166,MIN,20242025,D,21,,,,2026-08-07
333,Viking Gustafsson Nyberg,8486166,MIN,20252026,D,22,0.0,21.3,2,2026-08-07
334,Quinn Hughes,8480800,MIN,20232024,D,24,1.122,24.683,82,2026-08-07
334,Quinn Hughes,8480800,MIN,20242025,D,25,1.1176,25.733,68,2026-08-07
334,Quinn Hughes,8480800,MIN,20252026,D,26,1.027,27.736,74,2026-08-07
335,Daemon Hunt,8482094,MIN,20232024,D,21,0.0833,11.5,12,2026-08-07
335,Daemon Hunt,8482094,MIN,20242025,D,22,0.0,8.017,1,2026-08-07
335,Daemon Hunt,8482094,MIN,20252026,D,23,0.1875,12.433,32,2026-08-07
336,Matt Kiersted,8482641,MIN,20232024,D,25,,,,2026-08-07
336,Matt Kiersted,8482641,MIN,20242025,D,26,0.5,12.683,2,2026-08-07
336,Matt Kiersted,8482641,MIN,20252026,D,27,0.1667,15.733,6,2026-08-07
337,Carson Lambos,8482781,MIN,20232024,D,21,,,,2026-08-07
337,Carson Lambos,8482781,MIN,20242025,D,22,,,,2026-08-07
337,Carson Lambos,8482781,MIN,20252026,D,23,0.0,10.267,1,2026-08-07
338,Jake Middleton,8478136,MIN,20232024,D,28,0.3125,19.817,80,2026-08-07
338,Jake Middleton,8478136,MIN,20242025,D,29,0.3134,21.867,67,2026-08-07
338,Jake Middleton,8478136,MIN,20252026,D,30,0.2133,17.5,75,2026-08-07
339,Jeff Petry,8473507,MIN,20232024,D,36,0.3288,18.8,73,2026-08-07
339,Jeff Petry,8473507,MIN,20242025,D,37,0.1818,18.9,44,2026-08-07
339,Jeff Petry,8473507,MIN,20252026,D,38,0.1343,14.758,67,2026-08-07
340,David Spacek,8483766,MIN,20232024,D,20,,,,2026-08-07
340,David Spacek,8483766,MIN,20242025,D,21,,,,2026-08-07
340,David Spacek,8483766,MIN,20252026,D,22,0.0,10.75,2,2026-08-07
341,Jared Spurgeon,8474716,MIN,20232024,D,34,0.3125,23.333,16,2026-08-07
341,Jared Spurgeon,8474716,MIN,20242025,D,35,0.4848,20.45,66,2026-08-07
341,Jared Spurgeon,8474716,MIN,20252026,D,36,0.2785,19.6,79,2026-08-07
342,Josh Anderson,8476981,MON,20232024,R,29,0.2564,15.467,78,2026-08-07
342,Josh Anderson,8476981,MON,20242025,R,30,0.3333,14.317,81,2026-08-07
342,Josh Anderson,8476981,MON,20252026,R,31,0.3194,14.017,72,2026-08-07
343,Owen Beck,8483424,MON,20232024,C,19,,,,2026-08-07
343,Owen Beck,8483424,MON,20242025,C,20,0.0833,9.983,12,2026-08-07
343,Owen Beck,8483424,MON,20252026,C,21,0.0667,9.183,15,2026-08-07
344,Zachary Bolduc,8482737,MON,20232024,R,20,0.36,12.017,25,2026-08-07
344,Zachary Bolduc,8482737,MON,20242025,R,21,0.5,12.8,72,2026-08-07
344,Zachary Bolduc,8482737,MON,20252026,R,22,0.3846,13.633,78,2026-08-07
345,Cole Caufield,8481540,MON,20232024,R,23,0.7927,19.417,82,2026-08-07
345,Cole Caufield,8481540,MON,20242025,R,24,0.8537,18.083,82,2026-08-07
345,Cole Caufield,8481540,MON,20252026,R,25,1.0864,18.183,81,2026-08-07
346,Kirby Dach,8481523,MON,20232024,C,23,1.0,13.017,2,2026-08-07
346,Kirby Dach,8481523,MON,20242025,C,24,0.386,15.667,57,2026-08-07
346,Kirby Dach,8481523,MON,20252026,C,25,0.4054,13.65,37,2026-08-07
347,Phillip Danault,8476479,MON,20232024,C,30,0.6026,18.017,78,2026-08-07
347,Phillip Danault,8476479,MON,20242025,C,31,0.5375,17.667,80,2026-08-07
347,Phillip Danault,8476479,MON,20252026,C,32,0.2267,15.567,75,2026-08-07
348,Ivan Demidov,8484984,MON,20232024,R,18,,,,2026-08-07
348,Ivan Demidov,8484984,MON,20242025,R,19,1.0,13.717,2,2026-08-07
348,Ivan Demidov,8484984,MON,20252026,R,20,0.7561,15.5,82,2026-08-07
349,Jake Evans,8478133,MON,20232024,C,27,0.3415,16.017,82,2026-08-07
349,Jake Evans,8478133,MON,20242025,C,28,0.439,15.55,82,2026-08-07
349,Jake Evans,8478133,MON,20252026,C,29,0.3529,15.35,68,2026-08-07
350,Brendan Gallagher,8475848,MON,20232024,R,31,0.4026,13.783,77,2026-08-07
350,Brendan Gallagher,8475848,MON,20242025,R,32,0.4634,13.917,82,2026-08-07
350,Brendan Gallagher,8475848,MON,20252026,R,33,0.2987,12.35,77,2026-08-07
351,Oliver Kapanen,8482775,MON,20232024,C,20,,,,2026-08-07
351,Oliver Kapanen,8482775,MON,20242025,C,21,0.1111,10.883,18,2026-08-07
351,Oliver Kapanen,8482775,MON,20252026,C,22,0.4512,14.467,82,2026-08-07
352,Patrik Laine,8479339,MON,20232024,L,25,0.5,15.217,18,2026-08-07
352,Patrik Laine,8479339,MON,20242025,L,26,0.6346,14.3,52,2026-08-07
352,Patrik Laine,8479339,MON,20252026,L,27,0.2,12.6,5,2026-08-07
353,Alex Newhook,8481618,MON,20232024,C,23,0.6182,16.933,55,2026-08-07
353,Alex Newhook,8481618,MON,20242025,C,24,0.3171,15.133,82,2026-08-07
353,Alex Newhook,8481618,MON,20252026,C,25,0.5952,14.483,42,2026-08-07
354,Juraj Slafkovský,8483515,MON,20232024,L,19,0.6098,17.933,82,2026-08-07
354,Juraj Slafkovský,8483515,MON,20242025,L,20,0.6456,17.35,79,2026-08-07
354,Juraj Slafkovský,8483515,MON,20252026,L,21,0.8902,18.533,82,2026-08-07
355,Nick Suzuki,8480018,MON,20232024,C,24,0.939,21.267,82,2026-08-07
355,Nick Suzuki,8480018,MON,20242025,C,25,1.0854,20.067,82,2026-08-07
355,Nick Suzuki,8480018,MON,20252026,C,26,1.2317,20.817,82,2026-08-07
356,Alexandre Texier,8480074,MON,20232024,L,24,0.3846,15.183,78,2026-08-07
356,Alexandre Texier,8480074,MON,20242025,L,25,0.3548,12.483,31,2026-08-07
356,Alexandre Texier,8480074,MON,20252026,L,26,0.4118,13.651,51,2026-08-07
357,Joe Veleno,8480813,MON,20232024,C,24,0.35,13.95,80,2026-08-07
357,Joe Veleno,8480813,MON,20242025,C,25,0.2297,12.116,74,2026-08-07
357,Joe Veleno,8480813,MON,20252026,C,26,0.082,12.083,61,2026-08-07
358,Florian Xhekaj,8484403,MON,20232024,L,19,,,,2026-08-07
358,Florian Xhekaj,8484403,MON,20242025,L,20,,,,2026-08-07
358,Florian Xhekaj,8484403,MON,20252026,L,21,0.2,9.6,5,2026-08-07
359,Alexandre Carrier,8478851,MON,20232024,D,27,0.274,18.8,73,2026-08-07
359,Alexandre Carrier,8478851,MON,20242025,D,28,0.3165,20.585,79,2026-08-07
359,Alexandre Carrier,8478851,MON,20252026,D,29,0.3014,19.083,73,2026-08-07
360,Noah Dobson,8480865,MON,20232024,D,24,0.8861,24.517,79,2026-08-07
360,Noah Dobson,8480865,MON,20242025,D,25,0.5493,23.267,71,2026-08-07
360,Noah Dobson,8480865,MON,20252026,D,26,0.5875,22.483,80,2026-08-07
361,Adam Engstrom,8483686,MON,20232024,D,20,,,,2026-08-07
361,Adam Engstrom,8483686,MON,20242025,D,21,,,,2026-08-07
361,Adam Engstrom,8483686,MON,20252026,D,22,0.0667,13.05,15,2026-08-07
362,Kaiden Guhle,8482087,MON,20232024,D,22,0.3143,20.85,70,2026-08-07
362,Kaiden Guhle,8482087,MON,20242025,D,23,0.3273,21.183,55,2026-08-07
362,Kaiden Guhle,8482087,MON,20252026,D,24,0.2821,19.467,39,2026-08-07
363,Lane Hutson,8483457,MON,20232024,D,19,1.0,22.717,2,2026-08-07
363,Lane Hutson,8483457,MON,20242025,D,20,0.8049,22.733,82,2026-08-07
363,Lane Hutson,8483457,MON,20252026,D,21,0.9512,23.767,82,2026-08-07
364,Mike Matheson,8476875,MON,20232024,D,29,0.7561,25.55,82,2026-08-07
364,Mike Matheson,8476875,MON,20242025,D,30,0.3875,25.083,80,2026-08-07
364,Mike Matheson,8476875,MON,20252026,D,31,0.4744,24.167,78,2026-08-07
365,David Reinbacher,8484220,MON,20232024,D,19,,,,2026-08-07
365,David Reinbacher,8484220,MON,20242025,D,20,,,,2026-08-07
365,David Reinbacher,8484220,MON,20252026,D,21,0.5,13.15,2,2026-08-07
366,Jayden Struble,8481593,MON,20232024,D,22,0.1786,16.117,56,2026-08-07
366,Jayden Struble,8481593,MON,20242025,D,23,0.2321,14.95,56,2026-08-07
366,Jayden Struble,8481593,MON,20252026,D,24,0.2034,14.017,59,2026-08-07
367,Arber Xhekaj,8482964,MON,20232024,D,23,0.2273,15.933,44,2026-08-07
367,Arber Xhekaj,8482964,MON,20242025,D,24,0.0857,14.617,70,2026-08-07
367,Arber Xhekaj,8482964,MON,20252026,D,25,0.0615,11.417,65,2026-08-07
369,Luke Evangelista,8482146,NAS,20232024,R,21,0.4875,13.95,80,2026-08-07
369,Luke Evangelista,8482146,NAS,20242025,R,22,0.4706,13.867,68,2026-08-07
369,Luke Evangelista,8482146,NAS,20252026,R,23,0.6914,16.617,81,2026-08-07
370,Filip Forsberg,8476887,NAS,20232024,L,29,1.1463,18.9,82,2026-08-07
370,Filip Forsberg,8476887,NAS,20242025,L,30,0.9268,18.633,82,2026-08-07
370,Filip Forsberg,8476887,NAS,20252026,L,31,0.9146,18.883,82,2026-08-07
371,Erik Haula,8475287,NAS,20232024,L,32,0.4605,16.883,76,2026-08-07
371,Erik Haula,8475287,NAS,20242025,L,33,0.3043,14.7,69,2026-08-07
371,Erik Haula,8475287,NAS,20252026,L,34,0.4691,16.667,81,2026-08-07
372,Tyson Jost,8479370,NAS,20232024,C,25,0.1395,10.6,43,2026-08-07
372,Tyson Jost,8479370,NAS,20242025,C,26,0.2308,10.367,39,2026-08-07
372,Tyson Jost,8479370,NAS,20252026,C,27,0.2319,12.417,69,2026-08-07
373,Jonathan Marchessault,8476539,NAS,20232024,C,33,0.8415,17.9,82,2026-08-07
373,Jonathan Marchessault,8476539,NAS,20242025,C,34,0.7179,17.983,78,2026-08-07
373,Jonathan Marchessault,8476539,NAS,20252026,C,35,0.5,16.7,62,2026-08-07
374,Ryan O'Reilly,8475158,NAS,20232024,C,32,0.8415,19.767,82,2026-08-07
374,Ryan O'Reilly,8475158,NAS,20242025,C,33,0.6709,18.983,79,2026-08-07
374,Ryan O'Reilly,8475158,NAS,20252026,C,34,0.9136,20.4,81,2026-08-07
375,Steven Stamkos,8474564,NAS,20232024,C,33,1.0253,18.233,79,2026-08-07
375,Steven Stamkos,8474564,NAS,20242025,C,34,0.6463,18.0,82,2026-08-07
375,Steven Stamkos,8474564,NAS,20252026,C,35,0.8049,17.833,82,2026-08-07
376,Fedor Svechkov,8482768,NAS,20232024,C,20,,,,2026-08-07
376,Fedor Svechkov,8482768,NAS,20242025,C,21,0.3269,12.883,52,2026-08-07
376,Fedor Svechkov,8482768,NAS,20252026,C,22,0.2429,12.083,70,2026-08-07
377,Ozzy Wiesblatt,8482103,NAS,20232024,C,21,,,,2026-08-07
377,Ozzy Wiesblatt,8482103,NAS,20242025,C,22,0.2,11.1,5,2026-08-07
377,Ozzy Wiesblatt,8482103,NAS,20252026,C,23,0.125,10.183,40,2026-08-07
378,Matthew Wood,8484241,NAS,20232024,R,18,,,,2026-08-07
378,Matthew Wood,8484241,NAS,20242025,R,19,0.1667,11.583,6,2026-08-07
378,Matthew Wood,8484241,NAS,20252026,R,20,0.4225,12.317,71,2026-08-07
379,Justin Barron,8482111,NAS,20232024,D,22,0.2708,18.633,48,2026-08-07
379,Justin Barron,8482111,NAS,20242025,D,23,0.2097,17.426,62,2026-08-07
379,Justin Barron,8482111,NAS,20252026,D,24,0.1731,14.25,52,2026-08-07
380,Nicolas Hague,8479980,NAS,20232024,D,25,0.1644,18.55,73,2026-08-07
380,Nicolas Hague,8479980,NAS,20242025,D,26,0.1765,17.0,68,2026-08-07
380,Nicolas Hague,8479980,NAS,20252026,D,27,0.2419,19.633,62,2026-08-07
381,Roman Josi,8474600,NAS,20232024,D,33,1.0366,24.633,82,2026-08-07
381,Roman Josi,8474600,NAS,20242025,D,34,0.717,25.033,53,2026-08-07
381,Roman Josi,8474600,NAS,20252026,D,35,0.8088,24.883,68,2026-08-07
382,Nick Perbix,8480246,NAS,20232024,D,25,0.3117,17.083,77,2026-08-07
382,Nick Perbix,8480246,NAS,20242025,D,26,0.2568,14.683,74,2026-08-07
382,Nick Perbix,8480246,NAS,20252026,D,27,0.1646,19.117,79,2026-08-07
383,Brady Skjei,8476869,NAS,20232024,D,29,0.5875,21.283,80,2026-08-07
383,Brady Skjei,8476869,NAS,20242025,D,30,0.4024,21.883,82,2026-08-07
383,Brady Skjei,8476869,NAS,20252026,D,31,0.3171,22.617,82,2026-08-07
384,Adam Wilsby,8482482,NAS,20232024,D,23,,,,2026-08-07
384,Adam Wilsby,8482482,NAS,20242025,D,24,0.2174,18.1,23,2026-08-07
384,Adam Wilsby,8482482,NAS,20252026,D,25,0.2759,17.017,58,2026-08-07
385,Nick Bjugstad,8475760,NJ,20232024,C,31,0.5921,17.45,76,2026-08-07
385,Nick Bjugstad,8475760,NJ,20242025,C,32,0.2879,12.317,66,2026-08-07
385,Nick Bjugstad,8475760,NJ,20252026,C,33,0.1475,10.937,61,2026-08-07
386,Jesper Bratt,8479407,NJ,20232024,L,25,1.0122,19.3,82,2026-08-07
386,Jesper Bratt,8479407,NJ,20242025,L,26,1.0864,18.95,81,2026-08-07
386,Jesper Bratt,8479407,NJ,20252026,L,27,0.8659,18.767,82,2026-08-07
387,Connor Brown,8477015,NJ,20232024,R,30,0.169,12.8,71,2026-08-07
387,Connor Brown,8477015,NJ,20242025,R,31,0.3659,14.017,82,2026-08-07
387,Connor Brown,8477015,NJ,20252026,R,32,0.5733,17.55,75,2026-08-07
388,Paul Cotter,8481032,NJ,20232024,L,24,0.3289,12.733,76,2026-08-07
388,Paul Cotter,8481032,NJ,20242025,L,25,0.2785,13.083,79,2026-08-07
388,Paul Cotter,8481032,NJ,20252026,L,26,0.1899,10.683,79,2026-08-07
389,Evgenii Dadonov,8474149,NJ,20232024,L,34,0.451,13.183,51,2026-08-07
389,Evgenii Dadonov,8474149,NJ,20242025,L,35,0.5,13.533,80,2026-08-07
389,Evgenii Dadonov,8474149,NJ,20252026,L,36,0.0417,10.65,24,2026-08-07
390,Cody Glass,8479996,NJ,20232024,C,24,0.3171,13.433,41,2026-08-07
390,Cody Glass,8479996,NJ,20242025,C,25,0.3385,13.654,65,2026-08-07
390,Cody Glass,8479996,NJ,20252026,C,26,0.3714,13.617,70,2026-08-07
391,Arseny Gritsyuk,8481721,NJ,20232024,R,22,,,,2026-08-07
391,Arseny Gritsyuk,8481721,NJ,20242025,R,23,,,,2026-08-07
391,Arseny Gritsyuk,8481721,NJ,20252026,R,24,0.4697,15.167,66,2026-08-07
392,Nico Hischier,8480002,NJ,20232024,C,25,0.9437,19.483,71,2026-08-07
392,Nico Hischier,8480002,NJ,20242025,C,26,0.92,20.383,75,2026-08-07
392,Nico Hischier,8480002,NJ,20252026,C,27,0.8049,20.717,82,2026-08-07
393,Jack Hughes,8481559,NJ,20232024,C,22,1.1935,20.967,62,2026-08-07
393,Jack Hughes,8481559,NJ,20242025,C,23,1.129,20.9,62,2026-08-07
393,Jack Hughes,8481559,NJ,20252026,C,24,1.2623,21.317,61,2026-08-07
394,Zack MacEwen,8479772,NJ,20232024,C,27,0.1,6.4,30,2026-08-07
394,Zack MacEwen,8479772,NJ,20242025,C,28,0.1429,7.767,21,2026-08-07
394,Zack MacEwen,8479772,NJ,20252026,C,29,0.0,6.333,3,2026-08-07
395,Timo Meier,8478414,NJ,20232024,R,27,0.7536,17.6,69,2026-08-07
395,Timo Meier,8478414,NJ,20242025,R,28,0.6625,17.867,80,2026-08-07
395,Timo Meier,8478414,NJ,20252026,R,29,0.5714,18.517,77,2026-08-07
396,Dawson Mercer,8482110,NJ,20232024,C,22,0.4024,17.217,82,2026-08-07
396,Dawson Mercer,8482110,NJ,20242025,C,23,0.439,17.883,82,2026-08-07
396,Dawson Mercer,8482110,NJ,20252026,C,24,0.5122,18.233,82,2026-08-07
397,Stefan Noesen,8476474,NJ,20232024,R,30,0.4568,11.867,81,2026-08-07
397,Stefan Noesen,8476474,NJ,20242025,R,31,0.5256,15.933,78,2026-08-07
397,Stefan Noesen,8476474,NJ,20252026,R,32,0.1842,11.75,38,2026-08-07
398,Maxim Tsyplakov,8484958,NJ,20232024,R,25,,,,2026-08-07
398,Maxim Tsyplakov,8484958,NJ,20242025,R,26,0.4545,14.967,77,2026-08-07
398,Maxim Tsyplakov,8484958,NJ,20252026,R,27,0.0816,9.119,49,2026-08-07
399,Dennis Cholowski,8479395,NJ,20232024,D,25,,,,2026-08-07
399,Dennis Cholowski,8479395,NJ,20242025,D,26,0.2564,13.077,39,2026-08-07
399,Dennis Cholowski,8479395,NJ,20252026,D,27,0.1176,14.667,17,2026-08-07
400,Brenden Dillon,8475455,NJ,20232024,D,33,0.2597,18.733,77,2026-08-07
400,Brenden Dillon,8475455,NJ,20242025,D,34,0.1951,18.583,82,2026-08-07
400,Brenden Dillon,8475455,NJ,20252026,D,35,0.1829,18.0,82,2026-08-07
401,Dougie Hamilton,8476462,NJ,20232024,D,30,0.8,20.983,20,2026-08-07
401,Dougie Hamilton,8476462,NJ,20242025,D,31,0.625,19.85,64,2026-08-07
401,Dougie Hamilton,8476462,NJ,20252026,D,32,0.5065,21.533,77,2026-08-07
402,Luke Hughes,8482684,NJ,20232024,D,20,0.5732,21.467,82,2026-08-07
402,Luke Hughes,8482684,NJ,20242025,D,21,0.6197,21.15,71,2026-08-07
402,Luke Hughes,8482684,NJ,20252026,D,22,0.5147,23.017,68,2026-08-07
403,Johnathan Kovacevic,8480192,NJ,20232024,D,26,0.2097,16.517,62,2026-08-07
403,Johnathan Kovacevic,8480192,NJ,20242025,D,27,0.2099,19.817,81,2026-08-07
403,Johnathan Kovacevic,8480192,NJ,20252026,D,28,0.2353,17.867,34,2026-08-07
404,Simon Nemec,8483495,NJ,20232024,D,19,0.3167,19.867,60,2026-08-07
404,Simon Nemec,8483495,NJ,20242025,D,20,0.1481,14.983,27,2026-08-07
404,Simon Nemec,8483495,NJ,20252026,D,21,0.3824,19.667,68,2026-08-07
405,Brett Pesce,8477488,NJ,20232024,D,29,0.1857,20.283,70,2026-08-07
405,Brett Pesce,8477488,NJ,20242025,D,30,0.2361,21.317,72,2026-08-07
405,Brett Pesce,8477488,NJ,20252026,D,31,0.1892,20.3,37,2026-08-07
406,Jonas Siegenthaler,8478399,NJ,20232024,D,26,0.1579,19.333,57,2026-08-07
406,Jonas Siegenthaler,8478399,NJ,20242025,D,27,0.1636,19.6,55,2026-08-07
406,Jonas Siegenthaler,8478399,NJ,20252026,D,28,0.1951,19.483,82,2026-08-07
407,Mathew Barzal,8478445,NYI,20232024,C,26,1.0,20.133,80,2026-08-07
407,Mathew Barzal,8478445,NYI,20242025,C,27,0.6667,20.35,30,2026-08-07
407,Mathew Barzal,8478445,NYI,20252026,C,28,0.8889,20.65,81,2026-08-07
408,Casey Cizikas,8475231,NYI,20232024,C,32,0.3286,13.933,70,2026-08-07
408,Casey Cizikas,8475231,NYI,20242025,C,33,0.2073,13.033,82,2026-08-07
408,Casey Cizikas,8475231,NYI,20252026,C,34,0.2222,11.767,81,2026-08-07
409,Anthony Duclair,8477407,NYI,20232024,L,28,0.5753,15.767,73,2026-08-07
409,Anthony Duclair,8477407,NYI,20242025,L,29,0.25,15.05,44,2026-08-07
409,Anthony Duclair,8477407,NYI,20252026,L,30,0.4355,13.2,62,2026-08-07
410,Marc Gatcomb,8483553,NYI,20232024,C,24,,,,2026-08-07
410,Marc Gatcomb,8483553,NYI,20242025,C,25,0.2308,9.783,39,2026-08-07
410,Marc Gatcomb,8483553,NYI,20252026,C,26,0.1429,10.083,49,2026-08-07
411,Emil Heineman,8482476,NYI,20232024,L,22,0.0,9.95,4,2026-08-07
411,Emil Heineman,8482476,NYI,20242025,L,23,0.2903,11.4,62,2026-08-07
411,Emil Heineman,8482476,NYI,20252026,L,24,0.378,16.617,82,2026-08-07
412,Simon Holmstrom,8481601,NYI,20232024,R,22,0.3333,13.317,75,2026-08-07
412,Simon Holmstrom,8481601,NYI,20242025,R,23,0.6,16.867,75,2026-08-07
412,Simon Holmstrom,8481601,NYI,20252026,R,24,0.519,16.733,79,2026-08-07
413,Bo Horvat,8477500,NYI,20232024,C,28,0.8395,19.7,81,2026-08-07
413,Bo Horvat,8477500,NYI,20242025,C,29,0.7037,20.167,81,2026-08-07
413,Bo Horvat,8477500,NYI,20252026,C,30,0.8382,20.767,68,2026-08-07
414,Anders Lee,8475314,NYI,20232024,L,33,0.4568,15.567,81,2026-08-07
414,Anders Lee,8475314,NYI,20242025,L,34,0.6585,17.067,82,2026-08-07
414,Anders Lee,8475314,NYI,20252026,L,35,0.5122,15.633,82,2026-08-07
415,Kyle MacLean,8481237,NYI,20232024,C,24,0.2812,10.083,32,2026-08-07
415,Kyle MacLean,8481237,NYI,20242025,C,25,0.1358,9.967,81,2026-08-07
415,Kyle MacLean,8481237,NYI,20252026,C,26,0.1186,10.517,59,2026-08-07
416,Jean-Gabriel Pageau,8476419,NYI,20232024,C,31,0.4024,15.917,82,2026-08-07
416,Jean-Gabriel Pageau,8476419,NYI,20242025,C,32,0.5316,17.0,79,2026-08-07
416,Jean-Gabriel Pageau,8476419,NYI,20252026,C,33,0.473,15.667,74,2026-08-07
417,Ondrej Palat,8476292,NYI,20232024,L,32,0.4366,15.65,71,2026-08-07
417,Ondrej Palat,8476292,NYI,20242025,L,33,0.3636,13.75,77,2026-08-07
417,Ondrej Palat,8476292,NYI,20252026,L,34,0.1875,12.822,80,2026-08-07
418,Kyle Palmieri,8475151,NYI,20232024,C,33,0.6585,17.217,82,2026-08-07
418,Kyle Palmieri,8475151,NYI,20242025,C,34,0.5854,18.517,82,2026-08-07
418,Kyle Palmieri,8475151,NYI,20252026,C,35,0.72,18.883,25,2026-08-07
419,Brayden Schenn,8475170,NYI,20232024,C,32,0.561,17.783,82,2026-08-07
419,Brayden Schenn,8475170,NYI,20242025,C,33,0.6098,17.567,82,2026-08-07
419,Brayden Schenn,8475170,NYI,20252026,C,34,0.4875,16.774,80,2026-08-07
420,Max Shabanov,8485702,NYI,20232024,R,23,,,,2026-08-07
420,Max Shabanov,8485702,NYI,20242025,R,24,,,,2026-08-07
420,Max Shabanov,8485702,NYI,20252026,R,25,0.4091,13.683,44,2026-08-07
421,Adam Boqvist,8480871,NYI,20232024,D,23,0.2857,18.283,35,2026-08-07
421,Adam Boqvist,8480871,NYI,20242025,D,24,0.4,14.072,35,2026-08-07
421,Adam Boqvist,8480871,NYI,20252026,D,25,0.1429,13.1,28,2026-08-07
422,Tony DeAngelo,8477950,NYI,20232024,D,28,0.3548,14.333,31,2026-08-07
422,Tony DeAngelo,8477950,NYI,20242025,D,29,0.5429,23.35,35,2026-08-07
422,Tony DeAngelo,8477950,NYI,20252026,D,30,0.4605,19.133,76,2026-08-07
423,Scott Mayfield,8476429,NYI,20232024,D,31,0.122,18.767,41,2026-08-07
423,Scott Mayfield,8476429,NYI,20242025,D,32,0.1364,17.0,66,2026-08-07
423,Scott Mayfield,8476429,NYI,20252026,D,33,0.1875,16.467,80,2026-08-07
424,Adam Pelech,8476917,NYI,20232024,D,29,0.2759,20.283,58,2026-08-07
424,Adam Pelech,8476917,NYI,20242025,D,30,0.35,21.117,60,2026-08-07
424,Adam Pelech,8476917,NYI,20252026,D,31,0.1951,20.883,82,2026-08-07
425,Ryan Pulock,8477506,NYI,20232024,D,29,0.3276,22.55,58,2026-08-07
425,Ryan Pulock,8477506,NYI,20242025,D,30,0.3108,21.083,74,2026-08-07
425,Ryan Pulock,8477506,NYI,20252026,D,31,0.3553,20.817,76,2026-08-07
426,Alexander Romanov,8481014,NYI,20232024,D,24,0.2716,20.833,81,2026-08-07
426,Alexander Romanov,8481014,NYI,20242025,D,25,0.3125,22.3,64,2026-08-07
426,Alexander Romanov,8481014,NYI,20252026,D,26,0.0667,19.45,15,2026-08-07
427,Matthew Schaefer,8485366,NYI,20232024,D,16,,,,2026-08-07
427,Matthew Schaefer,8485366,NYI,20242025,D,17,,,,2026-08-07
427,Matthew Schaefer,8485366,NYI,20252026,D,18,0.7195,24.683,82,2026-08-07
428,Carson Soucy,8477369,NYI,20232024,D,29,0.15,17.483,40,2026-08-07
428,Carson Soucy,8477369,NYI,20242025,D,30,0.1733,17.912,75,2026-08-07
428,Carson Soucy,8477369,NYI,20252026,D,31,0.1579,16.519,76,2026-08-07
429,Jonny Brodzinski,8477380,NYR,20232024,C,30,0.3333,11.133,57,2026-08-07
429,Jonny Brodzinski,8477380,NYR,20242025,C,31,0.3725,11.683,51,2026-08-07
429,Jonny Brodzinski,8477380,NYR,20252026,C,32,0.2909,11.167,55,2026-08-07
430,Jaroslav Chmelar,8482877,NYR,20232024,R,20,,,,2026-08-07
430,Jaroslav Chmelar,8482877,NYR,20242025,R,21,,,,2026-08-07
430,Jaroslav Chmelar,8482877,NYR,20252026,R,22,0.2143,9.15,28,2026-08-07
431,Will Cuylle,8482157,NYR,20232024,L,21,0.2593,11.133,81,2026-08-07
431,Will Cuylle,8482157,NYR,20242025,L,22,0.5488,15.083,82,2026-08-07
431,Will Cuylle,8482157,NYR,20252026,L,23,0.4634,16.85,82,2026-08-07
432,Adam Edstrom,8481726,NYR,20232024,C,23,0.1818,8.417,11,2026-08-07
432,Adam Edstrom,8481726,NYR,20242025,C,24,0.1765,9.267,51,2026-08-07
432,Adam Edstrom,8481726,NYR,20252026,C,25,0.1429,9.467,35,2026-08-07
433,Tye Kartye,8481789,NYR,20232024,L,22,0.2597,11.833,77,2026-08-07
433,Tye Kartye,8481789,NYR,20242025,L,23,0.2063,9.683,63,2026-08-07
433,Tye Kartye,8481789,NYR,20252026,L,24,0.3438,11.963,64,2026-08-07
434,Noah Laba,8483690,NYR,20232024,C,20,,,,2026-08-07
434,Noah Laba,8483690,NYR,20242025,C,21,,,,2026-08-07
434,Noah Laba,8483690,NYR,20252026,C,22,0.3243,13.467,74,2026-08-07
435,Alexis Lafrenière,8482109,NYR,20232024,L,22,0.6951,17.267,82,2026-08-07
435,Alexis Lafrenière,8482109,NYR,20242025,L,23,0.5488,17.0,82,2026-08-07
435,Alexis Lafrenière,8482109,NYR,20252026,L,24,0.6951,17.6,82,2026-08-07
436,J.T. Miller,8476468,NYR,20232024,C,30,1.2716,19.483,81,2026-08-07
436,J.T. Miller,8476468,NYR,20242025,C,31,0.9722,18.202,72,2026-08-07
436,J.T. Miller,8476468,NYR,20252026,C,32,0.7794,20.15,68,2026-08-07
437,Gabe Perreault,8484210,NYR,20232024,R,18,,,,2026-08-07
437,Gabe Perreault,8484210,NYR,20242025,R,19,0.0,14.433,5,2026-08-07
437,Gabe Perreault,8484210,NYR,20252026,R,20,0.551,15.983,49,2026-08-07
438,Taylor Raddysh,8479390,NYR,20232024,R,25,0.1918,15.883,73,2026-08-07
438,Taylor Raddysh,8479390,NYR,20242025,R,26,0.3375,12.367,80,2026-08-07
438,Taylor Raddysh,8479390,NYR,20252026,R,27,0.2794,11.85,68,2026-08-07
439,Matt Rempe,8482460,NYR,20232024,C,21,0.1176,5.633,17,2026-08-07
439,Matt Rempe,8482460,NYR,20242025,C,22,0.1905,8.5,42,2026-08-07
439,Matt Rempe,8482460,NYR,20252026,C,23,0.0385,8.6,26,2026-08-07
440,Conor Sheary,8477839,NYR,20232024,L,31,0.2632,11.1,57,2026-08-07
440,Conor Sheary,8477839,NYR,20242025,L,32,0.0,11.333,5,2026-08-07
440,Conor Sheary,8477839,NYR,20252026,L,33,0.2903,14.1,62,2026-08-07
441,Adam Sykora,8483669,NYR,20232024,L,19,,,,2026-08-07
441,Adam Sykora,8483669,NYR,20242025,L,20,,,,2026-08-07
441,Adam Sykora,8483669,NYR,20252026,L,21,0.3636,11.167,11,2026-08-07
442,Vincent Trocheck,8476389,NYR,20232024,C,30,0.939,21.45,82,2026-08-07
442,Vincent Trocheck,8476389,NYR,20242025,C,31,0.7195,21.1,82,2026-08-07
442,Vincent Trocheck,8476389,NYR,20252026,C,32,0.791,20.55,67,2026-08-07
443,Mika Zibanejad,8476459,NYR,20232024,C,30,0.8889,19.75,81,2026-08-07
443,Mika Zibanejad,8476459,NYR,20242025,C,31,0.7561,18.767,82,2026-08-07
443,Mika Zibanejad,8476459,NYR,20252026,C,32,0.963,20.9,81,2026-08-07
444,Will Borgen,8478840,NYR,20232024,D,27,0.3049,17.583,82,2026-08-07
444,Will Borgen,8478840,NYR,20242025,D,28,0.1786,17.082,84,2026-08-07
444,Will Borgen,8478840,NYR,20252026,D,29,0.2,18.05,75,2026-08-07
445,Drew Fortescue,8484169,NYR,20232024,D,18,,,,2026-08-07
445,Drew Fortescue,8484169,NYR,20242025,D,19,,,,2026-08-07
445,Drew Fortescue,8484169,NYR,20252026,D,20,0.2222,14.85,9,2026-08-07
446,Adam Fox,8479323,NYR,20232024,D,25,1.0139,23.45,72,2026-08-07
446,Adam Fox,8479323,NYR,20242025,D,26,0.8243,23.25,74,2026-08-07
446,Adam Fox,8479323,NYR,20252026,D,27,0.9636,23.633,55,2026-08-07
447,Vladislav Gavrikov,8478882,NYR,20232024,D,28,0.2987,20.617,77,2026-08-07
447,Vladislav Gavrikov,8478882,NYR,20242025,D,29,0.3659,23.083,82,2026-08-07
447,Vladislav Gavrikov,8478882,NYR,20252026,D,30,0.4268,23.733,82,2026-08-07
448,Vincent Iorio,8482861,NYR,20232024,D,21,0.0,9.833,6,2026-08-07
448,Vincent Iorio,8482861,NYR,20242025,D,22,,,,2026-08-07
448,Vincent Iorio,8482861,NYR,20252026,D,23,0.1111,15.741,27,2026-08-07
449,Matthew Robertson,8481525,NYR,20232024,D,22,,,,2026-08-07
449,Matthew Robertson,8481525,NYR,20242025,D,23,0.0,17.633,2,2026-08-07
449,Matthew Robertson,8481525,NYR,20252026,D,24,0.25,17.4,72,2026-08-07
450,Braden Schneider,8482073,NYR,20232024,D,22,0.2317,15.9,82,2026-08-07
450,Braden Schneider,8482073,NYR,20242025,D,23,0.2625,17.867,80,2026-08-07
450,Braden Schneider,8482073,NYR,20252026,D,24,0.2195,20.45,82,2026-08-07
451,Urho Vaakanainen,8480001,NYR,20232024,D,25,0.2059,17.483,68,2026-08-07
451,Urho Vaakanainen,8480001,NYR,20242025,D,26,0.3137,16.411,51,2026-08-07
451,Urho Vaakanainen,8480001,NYR,20252026,D,27,0.1765,13.85,34,2026-08-07
452,Michael Amadio,8478020,OTT,20232024,R,27,0.3699,13.4,73,2026-08-07
452,Michael Amadio,8478020,OTT,20242025,R,28,0.375,14.1,72,2026-08-07
452,Michael Amadio,8478020,OTT,20252026,R,29,0.4321,16.117,81,2026-08-07
453,Drake Batherson,8480208,OTT,20232024,R,25,0.8049,18.167,82,2026-08-07
453,Drake Batherson,8480208,OTT,20242025,R,26,0.8293,18.15,82,2026-08-07
453,Drake Batherson,8480208,OTT,20252026,R,27,0.8987,17.35,79,2026-08-07
454,Graeme Clarke,8481578,OTT,20232024,R,22,0.0,11.383,3,2026-08-07
454,Graeme Clarke,8481578,OTT,20242025,R,23,,,,2026-08-07
454,Graeme Clarke,8481578,OTT,20252026,R,24,,,,2026-08-07
455,Nick Cousins,8476393,OTT,20232024,C,30,0.2174,12.183,69,2026-08-07
455,Nick Cousins,8476393,OTT,20242025,C,31,0.3,11.9,50,2026-08-07
455,Nick Cousins,8476393,OTT,20252026,C,32,0.284,11.417,81,2026-08-07
456,Dylan Cozens,8481528,OTT,20232024,C,22,0.5949,17.233,79,2026-08-07
456,Dylan Cozens,8481528,OTT,20242025,C,23,0.5732,17.063,82,2026-08-07
456,Dylan Cozens,8481528,OTT,20252026,C,24,0.7195,17.033,82,2026-08-07
457,Lars Eller,8474189,OTT,20232024,C,34,0.378,15.967,82,2026-08-07
457,Lars Eller,8474189,OTT,20242025,C,35,0.275,13.293,80,2026-08-07
457,Lars Eller,8474189,OTT,20252026,C,36,0.2206,11.45,68,2026-08-07
458,Warren Foegele,8477998,OTT,20232024,L,27,0.5,13.983,82,2026-08-07
458,Warren Foegele,8477998,OTT,20242025,L,28,0.561,16.167,82,2026-08-07
458,Warren Foegele,8477998,OTT,20252026,L,29,0.25,13.772,68,2026-08-07
459,Claude Giroux,8473512,OTT,20232024,R,36,0.7805,20.1,82,2026-08-07
459,Claude Giroux,8473512,OTT,20242025,R,37,0.6173,18.2,81,2026-08-07
459,Claude Giroux,8473512,OTT,20252026,R,38,0.5976,16.3,82,2026-08-07
460,Ridly Greig,8482092,OTT,20232024,C,21,0.3611,14.75,72,2026-08-07
460,Ridly Greig,8482092,OTT,20242025,C,22,0.4359,17.083,78,2026-08-07
460,Ridly Greig,8482092,OTT,20252026,C,23,0.4545,16.7,77,2026-08-07
461,Stephen Halliday,8483676,OTT,20232024,C,21,,,,2026-08-07
461,Stephen Halliday,8483676,OTT,20242025,C,22,,,,2026-08-07
461,Stephen Halliday,8483676,OTT,20252026,C,23,0.3667,8.517,30,2026-08-07
462,Hayden Hodgson,8478173,OTT,20232024,R,27,,,,2026-08-07
462,Hayden Hodgson,8478173,OTT,20242025,R,28,0.0,8.583,2,2026-08-07
462,Hayden Hodgson,8478173,OTT,20252026,R,29,0.0,7.033,10,2026-08-07
463,Arthur Kaliyev,8481560,OTT,20232024,R,22,0.2941,11.8,51,2026-08-07
463,Arthur Kaliyev,8481560,OTT,20242025,R,23,0.2857,11.217,14,2026-08-07
463,Arthur Kaliyev,8481560,OTT,20252026,R,24,0.5,10.617,2,2026-08-07
464,Kurtis MacDermid,8477073,OTT,20232024,L,29,0.0667,4.829,45,2026-08-07
464,Kurtis MacDermid,8477073,OTT,20242025,L,30,0.0,5.783,23,2026-08-07
464,Kurtis MacDermid,8477073,OTT,20252026,L,31,0.0526,4.2,19,2026-08-07
465,Shane Pinto,8481596,OTT,20232024,C,23,0.6585,18.117,41,2026-08-07
465,Shane Pinto,8481596,OTT,20242025,C,24,0.5286,17.55,70,2026-08-07
465,Shane Pinto,8481596,OTT,20252026,C,25,0.6389,18.717,72,2026-08-07
466,Tim Stützle,8482116,OTT,20232024,C,22,0.9333,21.117,75,2026-08-07
466,Tim Stützle,8482116,OTT,20242025,C,23,0.9634,19.817,82,2026-08-07
466,Tim Stützle,8482116,OTT,20252026,C,24,1.0375,20.267,80,2026-08-07
467,Brady Tkachuk,8480801,OTT,20232024,L,24,0.9136,19.15,81,2026-08-07
467,Brady Tkachuk,8480801,OTT,20242025,L,25,0.7639,18.233,72,2026-08-07
467,Brady Tkachuk,8480801,OTT,20252026,L,26,0.9833,16.967,60,2026-08-07
468,Fabian Zetterlund,8480188,OTT,20232024,L,24,0.5366,18.85,82,2026-08-07
468,Fabian Zetterlund,8480188,OTT,20242025,L,25,0.4881,16.344,84,2026-08-07
468,Fabian Zetterlund,8480188,OTT,20252026,L,26,0.4024,12.917,82,2026-08-07
469,Thomas Chabot,8478469,OTT,20232024,D,27,0.5882,23.05,51,2026-08-07
469,Thomas Chabot,8478469,OTT,20242025,D,28,0.5625,23.017,80,2026-08-07
469,Thomas Chabot,8478469,OTT,20252026,D,29,0.5439,22.583,57,2026-08-07
470,Cameron Crotty,8480075,OTT,20232024,D,24,0.0,10.05,1,2026-08-07
470,Cameron Crotty,8480075,OTT,20242025,D,25,0.0,5.133,1,2026-08-07
470,Cameron Crotty,8480075,OTT,20252026,D,26,0.1667,14.917,6,2026-08-07
471,Dennis Gilbert,8478502,OTT,20232024,D,27,0.2059,12.283,34,2026-08-07
471,Dennis Gilbert,8478502,OTT,20242025,D,28,0.2069,10.476,29,2026-08-07
471,Dennis Gilbert,8478502,OTT,20252026,D,29,0.125,12.683,8,2026-08-07
472,Nick Jensen,8475324,OTT,20232024,D,33,0.1795,19.633,78,2026-08-07
472,Nick Jensen,8475324,OTT,20242025,D,34,0.2958,20.217,71,2026-08-07
472,Nick Jensen,8475324,OTT,20252026,D,35,0.2787,17.017,61,2026-08-07
473,Tyler Kleven,8482095,OTT,20232024,D,22,0.1111,12.65,9,2026-08-07
473,Tyler Kleven,8482095,OTT,20242025,D,23,0.1266,14.467,79,2026-08-07
473,Tyler Kleven,8482095,OTT,20252026,D,24,0.2571,17.35,70,2026-08-07
474,Nikolas Matinpalo,8484321,OTT,20232024,D,25,0.0,7.0,4,2026-08-07
474,Nikolas Matinpalo,8484321,OTT,20242025,D,26,0.0976,12.617,41,2026-08-07
474,Nikolas Matinpalo,8484321,OTT,20252026,D,27,0.1,15.633,50,2026-08-07
475,Jake Sanderson,8482105,OTT,20232024,D,21,0.481,23.217,79,2026-08-07
475,Jake Sanderson,8482105,OTT,20242025,D,22,0.7125,24.45,80,2026-08-07
475,Jake Sanderson,8482105,OTT,20252026,D,23,0.806,24.833,67,2026-08-07
476,Jordan Spence,8481606,OTT,20232024,D,22,0.338,14.433,71,2026-08-07
476,Jordan Spence,8481606,OTT,20242025,D,23,0.3544,16.783,79,2026-08-07
476,Jordan Spence,8481606,OTT,20252026,D,24,0.4247,18.733,73,2026-08-07
477,Lassi Thomson,8481575,OTT,20232024,D,23,,,,2026-08-07
477,Lassi Thomson,8481575,OTT,20242025,D,24,,,,2026-08-07
477,Lassi Thomson,8481575,OTT,20252026,D,25,0.2727,13.75,11,2026-08-07
478,Carter Yakemchuk,8484759,OTT,20232024,D,18,,,,2026-08-07
478,Carter Yakemchuk,8484759,OTT,20242025,D,19,,,,2026-08-07
478,Carter Yakemchuk,8484759,OTT,20252026,D,20,0.5,14.533,4,2026-08-07
479,Artem Zub,8482245,OTT,20232024,D,28,0.3623,21.017,69,2026-08-07
479,Artem Zub,8482245,OTT,20242025,D,29,0.2321,20.633,56,2026-08-07
479,Artem Zub,8482245,OTT,20252026,D,30,0.3704,20.8,81,2026-08-07
480,Rodrigo Abols,8479022,PHI,20232024,C,28,,,,2026-08-07
480,Rodrigo Abols,8479022,PHI,20242025,C,29,0.2273,9.183,22,2026-08-07
480,Rodrigo Abols,8479022,PHI,20252026,C,30,0.2381,10.5,42,2026-08-07
481,Denver Barkey,8484142,PHI,20232024,C,18,,,,2026-08-07
481,Denver Barkey,8484142,PHI,20242025,C,19,,,,2026-08-07
481,Denver Barkey,8484142,PHI,20252026,C,20,0.3953,13.4,43,2026-08-07
482,Alex Bump,8483731,PHI,20232024,L,20,,,,2026-08-07
482,Alex Bump,8483731,PHI,20242025,L,21,,,,2026-08-07
482,Alex Bump,8483731,PHI,20252026,L,22,0.5294,12.633,17,2026-08-07
483,Noah Cates,8480220,PHI,20232024,L,24,0.3051,13.8,59,2026-08-07
483,Noah Cates,8480220,PHI,20242025,L,25,0.4744,15.883,78,2026-08-07
483,Noah Cates,8480220,PHI,20252026,L,26,0.5732,16.25,82,2026-08-07
484,Sean Couturier,8476461,PHI,20232024,C,31,0.5135,17.817,74,2026-08-07
484,Sean Couturier,8476461,PHI,20242025,C,32,0.5696,17.3,79,2026-08-07
484,Sean Couturier,8476461,PHI,20252026,C,33,0.4615,16.65,78,2026-08-07
485,Christian Dvorak,8477989,PHI,20232024,C,27,0.3,15.533,30,2026-08-07
485,Christian Dvorak,8477989,PHI,20242025,C,28,0.4024,15.25,82,2026-08-07
485,Christian Dvorak,8477989,PHI,20252026,C,29,0.6375,18.467,80,2026-08-07
486,Tyson Foerster,8482159,PHI,20232024,R,22,0.4286,17.267,77,2026-08-07
486,Tyson Foerster,8482159,PHI,20242025,R,23,0.5309,16.867,81,2026-08-07
486,Tyson Foerster,8482159,PHI,20252026,R,24,0.5862,17.3,29,2026-08-07
487,Jacob Gaucher,8481848,PHI,20232024,C,22,,,,2026-08-07
487,Jacob Gaucher,8481848,PHI,20242025,C,23,0.0,7.35,4,2026-08-07
487,Jacob Gaucher,8481848,PHI,20252026,C,24,0.0,8.817,4,2026-08-07
488,Luke Glendening,8476822,PHI,20232024,C,34,0.1358,11.617,81,2026-08-07
488,Luke Glendening,8476822,PHI,20242025,C,35,0.0909,10.783,77,2026-08-07
488,Luke Glendening,8476822,PHI,20252026,C,36,0.1286,10.539,70,2026-08-07
489,Nikita Grebenkin,8483733,PHI,20232024,R,20,,,,2026-08-07
489,Nikita Grebenkin,8483733,PHI,20242025,R,21,0.0,8.75,7,2026-08-07
489,Nikita Grebenkin,8483733,PHI,20252026,R,22,0.2545,11.283,55,2026-08-07
490,Carl Grundstrom,8479336,PHI,20232024,R,26,0.24,10.933,50,2026-08-07
490,Carl Grundstrom,8479336,PHI,20242025,R,27,0.1607,9.6,56,2026-08-07
490,Carl Grundstrom,8479336,PHI,20252026,R,28,0.2766,11.85,47,2026-08-07
491,Garnet Hathaway,8477903,PHI,20232024,R,32,0.2073,12.483,82,2026-08-07
491,Garnet Hathaway,8477903,PHI,20242025,R,33,0.3134,11.867,67,2026-08-07
491,Garnet Hathaway,8477903,PHI,20252026,R,34,0.0455,10.4,66,2026-08-07
492,Travis Konecny,8478439,PHI,20232024,R,26,0.8947,19.833,76,2026-08-07
492,Travis Konecny,8478439,PHI,20242025,R,27,0.9268,20.6,82,2026-08-07
492,Travis Konecny,8478439,PHI,20252026,R,28,0.8831,19.083,77,2026-08-07
493,Jett Luchanko,8484779,PHI,20232024,C,17,,,,2026-08-07
493,Jett Luchanko,8484779,PHI,20242025,C,18,0.0,14.05,4,2026-08-07
493,Jett Luchanko,8484779,PHI,20252026,C,19,0.0,8.967,4,2026-08-07
494,Porter Martone,8485406,PHI,20232024,R,17,,,,2026-08-07
494,Porter Martone,8485406,PHI,20242025,R,18,,,,2026-08-07
494,Porter Martone,8485406,PHI,20252026,R,19,1.1111,17.033,9,2026-08-07
495,Matvei Michkov,8484387,PHI,20232024,R,19,,,,2026-08-07
495,Matvei Michkov,8484387,PHI,20242025,R,20,0.7875,16.683,80,2026-08-07
495,Matvei Michkov,8484387,PHI,20252026,R,21,0.6296,14.833,81,2026-08-07
496,Owen Tippett,8480015,PHI,20232024,R,24,0.6795,16.583,78,2026-08-07
496,Owen Tippett,8480015,PHI,20242025,R,25,0.5584,16.0,77,2026-08-07
496,Owen Tippett,8480015,PHI,20252026,R,26,0.6296,16.85,81,2026-08-07
497,Garrett Wilson,8475253,PHI,20232024,L,32,,,,2026-08-07
497,Garrett Wilson,8475253,PHI,20242025,L,33,,,,2026-08-07
497,Garrett Wilson,8475253,PHI,20252026,L,34,0.0,8.683,3,2026-08-07
498,Trevor Zegras,8481533,PHI,20232024,C,22,0.4839,17.083,31,2026-08-07
498,Trevor Zegras,8481533,PHI,20242025,C,23,0.5614,17.033,57,2026-08-07
498,Trevor Zegras,8481533,PHI,20252026,C,24,0.8272,18.717,81,2026-08-07
499,Emil Andrae,8482126,PHI,20232024,D,21,0.0,13.0,4,2026-08-07
499,Emil Andrae,8482126,PHI,20242025,D,22,0.1667,17.35,42,2026-08-07
499,Emil Andrae,8482126,PHI,20252026,D,23,0.2131,15.333,61,2026-08-07
501,Oliver Bonk,8484148,PHI,20232024,D,19,,,,2026-08-07
501,Oliver Bonk,8484148,PHI,20242025,D,20,,,,2026-08-07
501,Oliver Bonk,8484148,PHI,20252026,D,21,2.0,16.467,1,2026-08-07
502,Jamie Drysdale,8482142,PHI,20232024,D,21,0.2941,19.619,34,2026-08-07
502,Jamie Drysdale,8482142,PHI,20242025,D,22,0.2857,19.917,70,2026-08-07
502,Jamie Drysdale,8482142,PHI,20252026,D,23,0.4103,21.55,78,2026-08-07
503,Helge Grans,8482169,PHI,20232024,D,21,,,,2026-08-07
503,Helge Grans,8482169,PHI,20242025,D,22,0.1667,14.467,6,2026-08-07
503,Helge Grans,8482169,PHI,20252026,D,23,,,,2026-08-07
504,David Jiricek,8483460,PHI,20232024,D,20,0.2326,14.6,43,2026-08-07
504,David Jiricek,8483460,PHI,20242025,D,21,0.25,12.117,12,2026-08-07
504,David Jiricek,8483460,PHI,20252026,D,22,0.0,12.021,26,2026-08-07
505,Noah Juulsen,8478454,PHI,20232024,D,26,0.1296,14.9,54,2026-08-07
505,Noah Juulsen,8478454,PHI,20242025,D,27,0.0,16.283,35,2026-08-07
505,Noah Juulsen,8478454,PHI,20252026,D,28,0.1923,13.817,52,2026-08-07
506,Hunter McDonald,8483760,PHI,20232024,D,21,,,,2026-08-07
506,Hunter McDonald,8483760,PHI,20242025,D,22,,,,2026-08-07
506,Hunter McDonald,8483760,PHI,20252026,D,23,1.0,15.183,1,2026-08-07
507,Rasmus Ristolainen,8477499,PHI,20232024,D,29,0.129,16.683,31,2026-08-07
507,Rasmus Ristolainen,8477499,PHI,20242025,D,30,0.3016,20.517,63,2026-08-07
507,Rasmus Ristolainen,8477499,PHI,20252026,D,31,0.3182,21.383,44,2026-08-07
508,Travis Sanheim,8477948,PHI,20232024,D,27,0.5432,23.8,81,2026-08-07
508,Travis Sanheim,8477948,PHI,20242025,D,28,0.3659,24.5,82,2026-08-07
508,Travis Sanheim,8477948,PHI,20252026,D,29,0.4568,24.217,81,2026-08-07
509,Nick Seeler,8476372,PHI,20232024,D,30,0.1831,16.95,71,2026-08-07
509,Nick Seeler,8476372,PHI,20242025,D,31,0.2597,17.283,77,2026-08-07
509,Nick Seeler,8476372,PHI,20252026,D,32,0.125,17.683,80,2026-08-07
510,Cam York,8481546,PHI,20232024,D,23,0.3659,22.617,82,2026-08-07
510,Cam York,8481546,PHI,20242025,D,24,0.2576,20.783,66,2026-08-07
510,Cam York,8481546,PHI,20252026,D,25,0.3514,22.533,74,2026-08-07
511,Noel Acciari,8478569,PIT,20232024,C,32,0.1273,12.967,55,2026-08-07
511,Noel Acciari,8478569,PIT,20242025,C,33,0.1519,13.767,79,2026-08-07
511,Noel Acciari,8478569,PIT,20252026,C,34,0.3731,13.7,67,2026-08-07
512,Justin Brazeau,8479638,PIT,20232024,R,25,0.3684,11.117,19,2026-08-07
512,Justin Brazeau,8479638,PIT,20242025,R,26,0.2895,11.863,76,2026-08-07
512,Justin Brazeau,8479638,PIT,20252026,R,27,0.5312,12.65,64,2026-08-07
513,Egor Chinakhov,8482475,PIT,20232024,R,23,0.5472,15.167,53,2026-08-07
513,Egor Chinakhov,8482475,PIT,20242025,R,24,0.5,15.717,30,2026-08-07
513,Egor Chinakhov,8482475,PIT,20252026,R,25,0.5833,13.475,72,2026-08-07
514,Sidney Crosby,8471675,PIT,20232024,C,36,1.1463,20.083,82,2026-08-07
514,Sidney Crosby,8471675,PIT,20242025,C,37,1.1375,20.367,80,2026-08-07
514,Sidney Crosby,8471675,PIT,20252026,C,38,1.0882,19.233,68,2026-08-07
515,Connor Dewar,8480980,PIT,20232024,C,24,0.2568,11.655,74,2026-08-07
515,Connor Dewar,8480980,PIT,20242025,C,25,0.2083,11.555,48,2026-08-07
515,Connor Dewar,8480980,PIT,20252026,C,26,0.3846,13.917,78,2026-08-07
516,Filip Hallander,8480842,PIT,20232024,C,23,,,,2026-08-07
516,Filip Hallander,8480842,PIT,20242025,C,24,,,,2026-08-07
516,Filip Hallander,8480842,PIT,20252026,C,25,0.3077,13.15,13,2026-08-07
517,Kevin Hayes,8475763,PIT,20232024,R,31,0.3671,14.467,79,2026-08-07
517,Kevin Hayes,8475763,PIT,20242025,R,32,0.3594,12.05,64,2026-08-07
517,Kevin Hayes,8475763,PIT,20252026,R,33,0.2857,12.467,28,2026-08-07
518,Ben Kindel,8485414,PIT,20232024,C,16,,,,2026-08-07
518,Ben Kindel,8485414,PIT,20242025,C,17,,,,2026-08-07
518,Ben Kindel,8485414,PIT,20252026,C,18,0.4545,15.067,77,2026-08-07
519,Ville Koivunen,8482758,PIT,20232024,R,20,,,,2026-08-07
519,Ville Koivunen,8482758,PIT,20242025,R,21,0.875,18.117,8,2026-08-07
519,Ville Koivunen,8482758,PIT,20252026,R,22,0.1795,12.733,39,2026-08-07
520,Blake Lizotte,8481481,PIT,20232024,C,26,0.2419,11.817,62,2026-08-07
520,Blake Lizotte,8481481,PIT,20242025,C,27,0.339,12.717,59,2026-08-07
520,Blake Lizotte,8481481,PIT,20252026,C,28,0.3455,13.867,55,2026-08-07
521,Evgeni Malkin,8471215,PIT,20232024,C,37,0.8171,18.583,82,2026-08-07
521,Evgeni Malkin,8471215,PIT,20242025,C,38,0.7353,17.783,68,2026-08-07
521,Evgeni Malkin,8471215,PIT,20252026,C,39,1.0893,17.6,56,2026-08-07
522,Anthony Mantha,8477511,PIT,20232024,R,29,0.5946,14.223,74,2026-08-07
522,Anthony Mantha,8477511,PIT,20242025,R,30,0.5385,13.9,13,2026-08-07
522,Anthony Mantha,8477511,PIT,20252026,R,31,0.7901,15.183,81,2026-08-07
523,Tommy Novak,8478438,PIT,20232024,C,26,0.6338,14.2,71,2026-08-07
523,Tommy Novak,8478438,PIT,20242025,C,27,0.4074,13.225,54,2026-08-07
523,Tommy Novak,8478438,PIT,20252026,C,28,0.5122,14.283,82,2026-08-07
524,Rickard Rakell,8476483,PIT,20232024,R,30,0.5286,16.517,70,2026-08-07
524,Rickard Rakell,8476483,PIT,20242025,R,31,0.8642,19.3,81,2026-08-07
524,Rickard Rakell,8476483,PIT,20252026,R,32,0.8,18.95,60,2026-08-07
525,Bryan Rust,8475810,PIT,20232024,R,31,0.9032,19.583,62,2026-08-07
525,Bryan Rust,8475810,PIT,20242025,R,32,0.9155,19.75,71,2026-08-07
525,Bryan Rust,8475810,PIT,20252026,R,33,0.9028,19.95,72,2026-08-07
526,Elmer Soderblom,8481725,PIT,20232024,L,22,,,,2026-08-07
526,Elmer Soderblom,8481725,PIT,20242025,L,23,0.4231,13.367,26,2026-08-07
526,Elmer Soderblom,8481725,PIT,20252026,L,24,0.2203,11.113,59,2026-08-07
527,Connor Clifton,8477365,PIT,20232024,D,28,0.2278,16.55,79,2026-08-07
527,Connor Clifton,8477365,PIT,20242025,D,29,0.2192,16.05,73,2026-08-07
527,Connor Clifton,8477365,PIT,20252026,D,30,0.12,16.767,50,2026-08-07
528,Samuel Girard,8479398,PIT,20232024,D,25,0.3051,19.383,59,2026-08-07
528,Samuel Girard,8479398,PIT,20242025,D,26,0.3288,20.85,73,2026-08-07
528,Samuel Girard,8479398,PIT,20252026,D,27,0.3167,18.1,60,2026-08-07
529,Ryan Graves,8477435,PIT,20232024,D,28,0.2,18.383,70,2026-08-07
529,Ryan Graves,8477435,PIT,20242025,D,29,0.0656,14.983,61,2026-08-07
529,Ryan Graves,8477435,PIT,20252026,D,30,0.0455,15.3,22,2026-08-07
530,Erik Karlsson,8474578,PIT,20232024,D,33,0.6829,24.267,82,2026-08-07
530,Erik Karlsson,8474578,PIT,20242025,D,34,0.6463,23.233,82,2026-08-07
530,Erik Karlsson,8474578,PIT,20252026,D,35,0.88,23.6,75,2026-08-07
531,Kris Letang,8471724,PIT,20232024,D,36,0.622,24.683,82,2026-08-07
531,Kris Letang,8471724,PIT,20242025,D,37,0.4054,23.533,74,2026-08-07
531,Kris Letang,8471724,PIT,20252026,D,38,0.4595,21.683,74,2026-08-07
532,Jake Livanavage,8486169,PIT,20232024,D,19,,,,2026-08-07
532,Jake Livanavage,8486169,PIT,20242025,D,20,,,,2026-08-07
532,Jake Livanavage,8486169,PIT,20252026,D,21,0.0,25.233,1,2026-08-07
533,Ryan Shea,8478854,PIT,20232024,D,26,0.0323,12.617,31,2026-08-07
533,Ryan Shea,8478854,PIT,20242025,D,27,0.1282,16.733,39,2026-08-07
533,Ryan Shea,8478854,PIT,20252026,D,28,0.4375,18.883,80,2026-08-07
534,Ilya Solovyov,8482470,PIT,20232024,D,23,0.3,15.9,10,2026-08-07
534,Ilya Solovyov,8482470,PIT,20242025,D,24,0.2,15.667,5,2026-08-07
534,Ilya Solovyov,8482470,PIT,20252026,D,25,0.2667,12.749,30,2026-08-07
535,Jack St. Ivany,8481030,PIT,20232024,D,24,0.0714,13.7,14,2026-08-07
535,Jack St. Ivany,8481030,PIT,20242025,D,25,0.0526,16.367,19,2026-08-07
535,Jack St. Ivany,8481030,PIT,20252026,D,26,0.35,16.333,20,2026-08-07
536,Parker Wotherspoon,8478450,PIT,20232024,D,26,0.1951,17.717,41,2026-08-07
536,Parker Wotherspoon,8478450,PIT,20242025,D,27,0.1273,18.033,55,2026-08-07
536,Parker Wotherspoon,8478450,PIT,20252026,D,28,0.375,20.167,80,2026-08-07
537,Macklin Celebrini,8484801,SJ,20232024,C,17,,,,2026-08-07
537,Macklin Celebrini,8484801,SJ,20242025,C,18,0.9,19.783,70,2026-08-07
537,Macklin Celebrini,8484801,SJ,20252026,C,19,1.4024,21.317,82,2026-08-07
538,Ty Dellandrea,8480848,SJ,20232024,C,23,0.2143,12.667,42,2026-08-07
538,Ty Dellandrea,8480848,SJ,20242025,C,24,0.1176,11.8,68,2026-08-07
538,Ty Dellandrea,8480848,SJ,20252026,C,25,0.2391,14.183,46,2026-08-07
539,William Eklund,8482667,SJ,20232024,L,21,0.5625,18.667,80,2026-08-07
539,William Eklund,8482667,SJ,20242025,L,22,0.7532,19.55,77,2026-08-07
539,William Eklund,8482667,SJ,20252026,L,23,0.6795,18.533,78,2026-08-07
540,Adam Gaudette,8478874,SJ,20232024,R,27,0.0,9.8,2,2026-08-07
540,Adam Gaudette,8478874,SJ,20242025,R,28,0.321,10.417,81,2026-08-07
540,Adam Gaudette,8478874,SJ,20252026,R,29,0.3788,11.467,66,2026-08-07
541,Barclay Goodrow,8476624,SJ,20232024,C,30,0.15,12.567,80,2026-08-07
541,Barclay Goodrow,8476624,SJ,20242025,C,31,0.1039,13.783,77,2026-08-07
541,Barclay Goodrow,8476624,SJ,20252026,C,32,0.1463,11.35,82,2026-08-07
542,Collin Graf,8484911,SJ,20232024,R,21,0.2857,16.6,7,2026-08-07
542,Collin Graf,8484911,SJ,20242025,R,22,0.3333,15.867,33,2026-08-07
542,Collin Graf,8484911,SJ,20252026,R,23,0.5679,16.45,81,2026-08-07
543,Philipp Kurashev,8480798,SJ,20232024,C,24,0.72,19.017,75,2026-08-07
543,Philipp Kurashev,8480798,SJ,20242025,C,25,0.2745,13.717,51,2026-08-07
543,Philipp Kurashev,8480798,SJ,20252026,C,26,0.4651,15.483,43,2026-08-07
544,Michael Misa,8485402,SJ,20232024,C,16,,,,2026-08-07
544,Michael Misa,8485402,SJ,20242025,C,17,,,,2026-08-07
544,Michael Misa,8485402,SJ,20252026,C,18,0.4667,12.817,45,2026-08-07
545,Zack Ostapchuk,8482859,SJ,20232024,C,20,0.0,10.5,7,2026-08-07
545,Zack Ostapchuk,8482859,SJ,20242025,C,21,0.0714,9.422,56,2026-08-07
545,Zack Ostapchuk,8482859,SJ,20252026,C,22,0.1186,10.1,59,2026-08-07
546,Ryan Reaves,8471817,SJ,20232024,R,37,0.1224,8.117,49,2026-08-07
546,Ryan Reaves,8471817,SJ,20242025,R,38,0.0571,7.8,35,2026-08-07
546,Ryan Reaves,8471817,SJ,20252026,R,39,0.06,7.8,50,2026-08-07
547,Pavol Regenda,8483630,SJ,20232024,L,24,0.0,11.567,5,2026-08-07
547,Pavol Regenda,8483630,SJ,20242025,L,25,,,,2026-08-07
547,Pavol Regenda,8483630,SJ,20252026,L,26,0.4167,13.35,24,2026-08-07
548,Kiefer Sherwood,8480748,SJ,20232024,L,28,0.3971,12.167,68,2026-08-07
548,Kiefer Sherwood,8480748,SJ,20242025,L,29,0.5128,14.883,78,2026-08-07
548,Kiefer Sherwood,8480748,SJ,20252026,L,30,0.5,17.261,72,2026-08-07
549,Will Smith,8484227,SJ,20232024,C,18,,,,2026-08-07
549,Will Smith,8484227,SJ,20242025,C,19,0.6081,15.85,74,2026-08-07
549,Will Smith,8484227,SJ,20252026,C,20,0.8551,18.183,69,2026-08-07
550,Tyler Toffoli,8475726,SJ,20232024,C,31,0.6962,16.96,79,2026-08-07
550,Tyler Toffoli,8475726,SJ,20242025,C,32,0.6923,16.933,78,2026-08-07
550,Tyler Toffoli,8475726,SJ,20252026,C,33,0.6203,14.967,79,2026-08-07
551,Alexander Wennberg,8477505,SJ,20232024,C,29,0.3797,17.987,79,2026-08-07
551,Alexander Wennberg,8477505,SJ,20242025,C,30,0.4545,18.85,77,2026-08-07
551,Alexander Wennberg,8477505,SJ,20252026,C,31,0.6875,20.45,80,2026-08-07
552,Vincent Desharnais,8479576,SJ,20232024,D,27,0.141,15.733,78,2026-08-07
552,Vincent Desharnais,8479576,SJ,20242025,D,28,0.0588,15.913,51,2026-08-07
552,Vincent Desharnais,8479576,SJ,20252026,D,29,0.1321,18.183,53,2026-08-07
553,Sam Dickinson,8484806,SJ,20232024,D,17,,,,2026-08-07
553,Sam Dickinson,8484806,SJ,20242025,D,18,,,,2026-08-07
553,Sam Dickinson,8484806,SJ,20252026,D,19,0.1944,16.75,72,2026-08-07
554,Mario Ferraro,8479983,SJ,20232024,D,25,0.2692,22.867,78,2026-08-07
554,Mario Ferraro,8479983,SJ,20242025,D,26,0.2179,21.4,78,2026-08-07
554,Mario Ferraro,8479983,SJ,20252026,D,27,0.2805,21.033,82,2026-08-07
555,John Klingberg,8475906,SJ,20232024,D,31,0.3571,20.55,14,2026-08-07
555,John Klingberg,8475906,SJ,20242025,D,32,0.3636,17.25,11,2026-08-07
555,John Klingberg,8475906,SJ,20252026,D,33,0.4821,20.467,56,2026-08-07
556,Nick Leddy,8475181,SJ,20232024,D,32,0.3415,22.367,82,2026-08-07
556,Nick Leddy,8475181,SJ,20242025,D,33,0.1613,18.667,31,2026-08-07
556,Nick Leddy,8475181,SJ,20252026,D,34,0.2188,17.867,32,2026-08-07
557,Shakir Mukhamadullin,8482166,SJ,20232024,D,22,0.3333,21.15,3,2026-08-07
557,Shakir Mukhamadullin,8482166,SJ,20242025,D,23,0.3,18.067,30,2026-08-07
557,Shakir Mukhamadullin,8482166,SJ,20252026,D,24,0.24,17.15,50,2026-08-07
558,Dmitry Orlov,8475200,SJ,20232024,D,32,0.3171,17.317,82,2026-08-07
558,Dmitry Orlov,8475200,SJ,20242025,D,33,0.3684,20.0,76,2026-08-07
558,Dmitry Orlov,8475200,SJ,20252026,D,34,0.4512,21.2,82,2026-08-07
559,Matty Beniers,8482665,SEA,20232024,C,21,0.4805,17.967,77,2026-08-07
559,Matty Beniers,8482665,SEA,20242025,C,22,0.5244,18.683,82,2026-08-07
559,Matty Beniers,8482665,SEA,20252026,C,23,0.6098,19.283,82,2026-08-07
560,Berkly Catton,8484800,SEA,20232024,C,18,,,,2026-08-07
560,Berkly Catton,8484800,SEA,20242025,C,19,,,,2026-08-07
560,Berkly Catton,8484800,SEA,20252026,C,20,0.2576,12.933,66,2026-08-07
561,Jordan Eberle,8474586,SEA,20232024,R,33,0.5641,17.45,78,2026-08-07
561,Jordan Eberle,8474586,SEA,20242025,R,34,0.619,16.267,42,2026-08-07
561,Jordan Eberle,8474586,SEA,20252026,R,35,0.6875,18.483,80,2026-08-07
562,Frederick Gaudreau,8477919,SEA,20232024,C,30,0.2239,13.95,67,2026-08-07
562,Frederick Gaudreau,8477919,SEA,20242025,C,31,0.4512,15.667,82,2026-08-07
562,Frederick Gaudreau,8477919,SEA,20252026,C,32,0.3529,16.15,68,2026-08-07
563,Kaapo Kakko,8481554,SEA,20232024,R,22,0.3115,13.283,61,2026-08-07
563,Kaapo Kakko,8481554,SEA,20242025,R,23,0.557,15.62,79,2026-08-07
563,Kaapo Kakko,8481554,SEA,20252026,R,24,0.6154,14.25,65,2026-08-07
564,Jared McCann,8477955,SEA,20232024,L,27,0.775,16.767,80,2026-08-07
564,Jared McCann,8477955,SEA,20242025,L,28,0.7439,17.217,82,2026-08-07
564,Jared McCann,8477955,SEA,20252026,L,29,0.7692,16.433,52,2026-08-07
565,Bobby McMann,8482259,SEA,20232024,C,27,0.4286,11.567,56,2026-08-07
565,Bobby McMann,8482259,SEA,20242025,C,28,0.4595,14.5,74,2026-08-07
565,Bobby McMann,8482259,SEA,20252026,C,29,0.5897,15.928,78,2026-08-07
566,Ben Meyers,8483570,SEA,20232024,C,25,0.1304,10.114,23,2026-08-07
566,Ben Meyers,8483570,SEA,20242025,C,26,0.0,8.35,8,2026-08-07
566,Ben Meyers,8483570,SEA,20252026,C,27,0.2885,11.933,52,2026-08-07
567,Jaden Schwartz,8475768,SEA,20232024,C,31,0.4839,16.367,62,2026-08-07
567,Jaden Schwartz,8475768,SEA,20242025,C,32,0.6049,17.883,81,2026-08-07
567,Jaden Schwartz,8475768,SEA,20252026,C,33,0.52,16.133,50,2026-08-07
568,Chandler Stephenson,8476905,SEA,20232024,C,29,0.68,18.483,75,2026-08-07
568,Chandler Stephenson,8476905,SEA,20242025,C,30,0.6538,19.517,78,2026-08-07
568,Chandler Stephenson,8476905,SEA,20252026,C,31,0.6125,19.383,80,2026-08-07
569,Eeli Tolvanen,8480009,SEA,20232024,R,24,0.5062,15.65,81,2026-08-07
569,Eeli Tolvanen,8480009,SEA,20242025,R,25,0.4321,14.317,81,2026-08-07
569,Eeli Tolvanen,8480009,SEA,20252026,R,26,0.4615,16.05,78,2026-08-07
570,Ryan Winterton,8482751,SEA,20232024,C,20,0.0,9.333,9,2026-08-07
570,Ryan Winterton,8482751,SEA,20242025,C,21,0.0833,10.833,12,2026-08-07
570,Ryan Winterton,8482751,SEA,20252026,C,22,0.2647,11.983,68,2026-08-07
571,Shane Wright,8483524,SEA,20232024,C,20,0.625,13.533,8,2026-08-07
571,Shane Wright,8483524,SEA,20242025,C,21,0.557,14.067,79,2026-08-07
571,Shane Wright,8483524,SEA,20252026,C,22,0.3649,13.8,74,2026-08-07
572,Vince Dunn,8478407,SEA,20232024,D,27,0.7797,23.083,59,2026-08-07
572,Vince Dunn,8478407,SEA,20242025,D,28,0.629,22.083,62,2026-08-07
572,Vince Dunn,8478407,SEA,20252026,D,29,0.5432,21.667,81,2026-08-07
573,Ryker Evans,8482858,SEA,20232024,D,22,0.25,19.183,36,2026-08-07
573,Ryker Evans,8482858,SEA,20242025,D,23,0.3425,19.483,73,2026-08-07
573,Ryker Evans,8482858,SEA,20252026,D,24,0.2537,17.8,67,2026-08-07
574,Cale Fleury,8479985,SEA,20232024,D,25,0.0,13.5,1,2026-08-07
574,Cale Fleury,8479985,SEA,20242025,D,26,0.0714,12.867,14,2026-08-07
574,Cale Fleury,8479985,SEA,20252026,D,27,0.1304,16.3,23,2026-08-07
575,Adam Larsson,8476457,SEA,20232024,D,31,0.2222,22.95,81,2026-08-07
575,Adam Larsson,8476457,SEA,20242025,D,32,0.3415,21.183,82,2026-08-07
575,Adam Larsson,8476457,SEA,20252026,D,33,0.3049,21.367,82,2026-08-07
576,Ryan Lindgren,8479324,SEA,20232024,D,25,0.2237,19.35,76,2026-08-07
576,Ryan Lindgren,8479324,SEA,20242025,D,26,0.3056,19.7,72,2026-08-07
576,Ryan Lindgren,8479324,SEA,20252026,D,27,0.1184,18.333,76,2026-08-07
577,Joshua Mahura,8479372,SEA,20232024,D,25,0.3,12.6,30,2026-08-07
577,Joshua Mahura,8479372,SEA,20242025,D,26,0.1406,13.75,64,2026-08-07
577,Joshua Mahura,8479372,SEA,20252026,D,27,0.1304,15.667,23,2026-08-07
578,Brandon Montour,8477986,SEA,20232024,D,29,0.5,23.45,66,2026-08-07
578,Brandon Montour,8477986,SEA,20242025,D,30,0.5062,22.983,81,2026-08-07
578,Brandon Montour,8477986,SEA,20252026,D,31,0.5,22.567,64,2026-08-07
579,Jamie Oleksiak,8476467,SEA,20232024,D,31,0.1829,19.65,82,2026-08-07
579,Jamie Oleksiak,8476467,SEA,20242025,D,32,0.2073,18.783,82,2026-08-07
579,Jamie Oleksiak,8476467,SEA,20252026,D,33,0.1923,16.933,78,2026-08-07
580,Jonatan Berggren,8481013,STL,20232024,R,23,0.5,10.867,12,2026-08-07
580,Jonatan Berggren,8481013,STL,20242025,R,24,0.32,12.983,75,2026-08-07
580,Jonatan Berggren,8481013,STL,20252026,R,25,0.4314,13.819,51,2026-08-07
581,Pavel Buchnevich,8477402,STL,20232024,L,28,0.7875,19.817,80,2026-08-07
581,Pavel Buchnevich,8477402,STL,20242025,L,29,0.75,19.033,76,2026-08-07
581,Pavel Buchnevich,8477402,STL,20252026,L,30,0.5926,17.933,81,2026-08-07
582,Jonathan Drouin,8477494,STL,20232024,L,28,0.7089,18.183,79,2026-08-07
582,Jonathan Drouin,8477494,STL,20242025,L,29,0.8605,18.183,43,2026-08-07
582,Jonathan Drouin,8477494,STL,20252026,L,30,0.375,16.871,64,2026-08-07
583,Dalibor Dvorsky,8484164,STL,20232024,R,18,,,,2026-08-07
583,Dalibor Dvorsky,8484164,STL,20242025,R,19,0.0,9.417,2,2026-08-07
583,Dalibor Dvorsky,8484164,STL,20252026,R,20,0.2958,14.333,71,2026-08-07
584,Jack Finley,8482090,STL,20232024,C,21,,,,2026-08-07
584,Jack Finley,8482090,STL,20242025,C,22,0.0,8.417,1,2026-08-07
584,Jack Finley,8482090,STL,20252026,C,23,0.1136,9.708,44,2026-08-07
585,Dylan Holloway,8482077,STL,20232024,L,22,0.2368,11.367,38,2026-08-07
585,Dylan Holloway,8482077,STL,20242025,L,23,0.8182,16.817,77,2026-08-07
585,Dylan Holloway,8482077,STL,20252026,L,24,0.8644,18.25,59,2026-08-07
586,Jordan Kyrou,8479385,STL,20232024,R,25,0.8171,18.333,82,2026-08-07
586,Jordan Kyrou,8479385,STL,20242025,R,26,0.8537,17.483,82,2026-08-07
586,Jordan Kyrou,8479385,STL,20252026,R,27,0.6389,15.733,72,2026-08-07
587,Jake Neighbours,8482089,STL,20232024,L,21,0.4935,15.7,77,2026-08-07
587,Jake Neighbours,8482089,STL,20242025,L,22,0.561,15.9,82,2026-08-07
587,Jake Neighbours,8482089,STL,20252026,L,23,0.5217,15.233,69,2026-08-07
588,Jimmy Snuggerud,8483516,STL,20232024,R,19,,,,2026-08-07
588,Jimmy Snuggerud,8483516,STL,20242025,R,20,0.5714,15.467,7,2026-08-07
588,Jimmy Snuggerud,8483516,STL,20252026,R,21,0.7286,16.7,70,2026-08-07
589,Oskar Sundqvist,8476897,STL,20232024,C,29,0.2958,13.25,71,2026-08-07
589,Oskar Sundqvist,8476897,STL,20242025,C,30,0.2985,13.2,67,2026-08-07
589,Oskar Sundqvist,8476897,STL,20252026,C,31,0.3269,12.967,52,2026-08-07
590,Pius Suter,8480459,STL,20232024,C,27,0.4328,15.5,67,2026-08-07
590,Pius Suter,8480459,STL,20242025,C,28,0.5679,17.35,81,2026-08-07
590,Pius Suter,8480459,STL,20252026,C,29,0.4531,15.9,64,2026-08-07
591,Robert Thomas,8480023,STL,20232024,C,24,1.0488,20.967,82,2026-08-07
591,Robert Thomas,8480023,STL,20242025,C,25,1.1571,19.95,70,2026-08-07
591,Robert Thomas,8480023,STL,20252026,C,26,1.0,19.017,64,2026-08-07
592,Alexey Toropchenko,8480281,STL,20232024,R,24,0.2561,12.517,82,2026-08-07
592,Alexey Toropchenko,8480281,STL,20242025,R,25,0.225,12.5,80,2026-08-07
592,Alexey Toropchenko,8480281,STL,20252026,R,26,0.1692,11.983,65,2026-08-07
593,Nathan Walker,8477573,STL,20232024,L,29,0.2889,10.817,45,2026-08-07
593,Nathan Walker,8477573,STL,20242025,L,30,0.2192,12.1,73,2026-08-07
593,Nathan Walker,8477573,STL,20252026,L,31,0.2391,11.983,46,2026-08-07
594,Philip Broberg,8481598,STL,20232024,D,22,0.1667,11.617,12,2026-08-07
594,Philip Broberg,8481598,STL,20242025,D,23,0.4265,20.5,68,2026-08-07
594,Philip Broberg,8481598,STL,20252026,D,24,0.4198,23.35,81,2026-08-07
595,Cam Fowler,8475764,STL,20232024,D,32,0.4815,24.417,81,2026-08-07
595,Cam Fowler,8475764,STL,20242025,D,33,0.5882,21.542,68,2026-08-07
595,Cam Fowler,8475764,STL,20252026,D,34,0.3659,21.083,82,2026-08-07
596,Justin Holl,8475718,STL,20232024,D,32,0.1316,15.083,38,2026-08-07
596,Justin Holl,8475718,STL,20242025,D,33,0.1096,14.8,73,2026-08-07
596,Justin Holl,8475718,STL,20252026,D,34,0.2222,15.667,9,2026-08-07
597,Matthew Kessel,8482516,STL,20232024,D,23,0.1795,16.8,39,2026-08-07
597,Matthew Kessel,8482516,STL,20242025,D,24,0.1034,13.133,29,2026-08-07
597,Matthew Kessel,8482516,STL,20252026,D,25,0.1034,12.533,29,2026-08-07
598,Logan Mailloux,8482733,STL,20232024,D,20,1.0,21.233,1,2026-08-07
598,Logan Mailloux,8482733,STL,20242025,D,21,0.5714,16.2,7,2026-08-07
598,Logan Mailloux,8482733,STL,20252026,D,22,0.194,16.767,67,2026-08-07
599,Colton Parayko,8476892,STL,20232024,D,30,0.3171,23.867,82,2026-08-07
599,Colton Parayko,8476892,STL,20242025,D,31,0.5625,23.75,64,2026-08-07
599,Colton Parayko,8476892,STL,20252026,D,32,0.2338,22.2,77,2026-08-07
600,Tyler Tucker,8481006,STL,20232024,D,23,0.0769,12.45,26,2026-08-07
600,Tyler Tucker,8481006,STL,20242025,D,24,0.1842,14.583,38,2026-08-07
600,Tyler Tucker,8481006,STL,20252026,D,25,0.2464,14.367,69,2026-08-07
601,Oliver Bjorkstrand,8477416,TB,20232024,R,28,0.7195,16.183,82,2026-08-07
601,Oliver Bjorkstrand,8477416,TB,20242025,R,29,0.5823,15.144,79,2026-08-07
601,Oliver Bjorkstrand,8477416,TB,20252026,R,30,0.4,13.633,80,2026-08-07
602,Anthony Cirelli,8478519,TB,20232024,C,26,0.5696,18.517,79,2026-08-07
602,Anthony Cirelli,8478519,TB,20242025,C,27,0.7375,18.683,80,2026-08-07
602,Anthony Cirelli,8478519,TB,20252026,C,28,0.7324,17.317,71,2026-08-07
603,Conor Geekie,8483447,TB,20232024,C,19,,,,2026-08-07
603,Conor Geekie,8483447,TB,20242025,C,20,0.2692,12.333,52,2026-08-07
603,Conor Geekie,8483447,TB,20252026,C,21,0.2143,9.9,14,2026-08-07
604,Zemgus Girgensons,8476878,TB,20232024,C,30,0.2222,11.85,63,2026-08-07
604,Zemgus Girgensons,8476878,TB,20242025,C,31,0.0732,11.667,82,2026-08-07
604,Zemgus Girgensons,8476878,TB,20252026,C,32,0.2703,14.767,74,2026-08-07
605,Gage Goncalves,8482201,TB,20232024,C,23,0.0,9.967,2,2026-08-07
605,Gage Goncalves,8482201,TB,20242025,C,24,0.3333,12.8,60,2026-08-07
605,Gage Goncalves,8482201,TB,20252026,C,25,0.4459,13.083,74,2026-08-07
606,Yanni Gourde,8476826,TB,20232024,C,32,0.4125,17.45,80,2026-08-07
606,Yanni Gourde,8476826,TB,20242025,C,33,0.5439,16.053,57,2026-08-07
606,Yanni Gourde,8476826,TB,20252026,C,34,0.3415,16.367,82,2026-08-07
607,Jake Guentzel,8477404,TB,20232024,C,29,1.1493,20.025,67,2026-08-07
607,Jake Guentzel,8477404,TB,20242025,C,30,1.0,20.0,80,2026-08-07
607,Jake Guentzel,8477404,TB,20252026,C,31,1.0864,20.25,81,2026-08-07
608,Brandon Hagel,8479542,TB,20232024,L,25,0.9146,19.25,82,2026-08-07
608,Brandon Hagel,8479542,TB,20242025,L,26,1.0976,20.75,82,2026-08-07
608,Brandon Hagel,8479542,TB,20252026,L,27,1.0423,19.767,71,2026-08-07
609,Pontus Holmberg,8480995,TB,20232024,R,24,0.3148,11.567,54,2026-08-07
609,Pontus Holmberg,8480995,TB,20242025,R,25,0.2794,12.667,68,2026-08-07
609,Pontus Holmberg,8480995,TB,20252026,R,26,0.3143,13.35,70,2026-08-07
610,Dominic James,8483752,TB,20232024,C,21,,,,2026-08-07
610,Dominic James,8483752,TB,20242025,C,22,,,,2026-08-07
610,Dominic James,8483752,TB,20252026,C,23,0.3488,12.233,43,2026-08-07
611,Nikita Kucherov,8476453,TB,20232024,R,30,1.7778,21.667,81,2026-08-07
611,Nikita Kucherov,8476453,TB,20242025,R,31,1.5513,21.183,78,2026-08-07
611,Nikita Kucherov,8476453,TB,20252026,R,32,1.7105,20.333,76,2026-08-07
612,Nick Paul,8477426,TB,20232024,L,28,0.561,17.267,82,2026-08-07
612,Nick Paul,8477426,TB,20242025,L,29,0.5395,16.45,76,2026-08-07
612,Nick Paul,8477426,TB,20252026,L,30,0.2941,13.683,51,2026-08-07
613,Corey Perry,8470621,TB,20232024,R,38,0.4074,13.383,54,2026-08-07
613,Corey Perry,8470621,TB,20242025,R,39,0.3704,11.933,81,2026-08-07
613,Corey Perry,8470621,TB,20252026,R,40,0.5139,13.675,72,2026-08-07
614,Brayden Point,8478010,TB,20232024,C,27,1.1111,20.033,81,2026-08-07
614,Brayden Point,8478010,TB,20242025,C,28,1.0649,19.483,77,2026-08-07
614,Brayden Point,8478010,TB,20252026,C,29,0.7937,18.25,63,2026-08-07
615,Scott Sabourin,8477149,TB,20232024,R,31,0.0,9.283,3,2026-08-07
615,Scott Sabourin,8477149,TB,20242025,R,32,0.0,10.45,1,2026-08-07
615,Scott Sabourin,8477149,TB,20252026,R,33,0.1923,7.95,26,2026-08-07
616,Declan Carlile,8483398,TB,20232024,D,23,0.0,11.45,1,2026-08-07
616,Declan Carlile,8483398,TB,20242025,D,24,0.3333,13.0,3,2026-08-07
616,Declan Carlile,8483398,TB,20252026,D,25,0.0714,14.783,42,2026-08-07
617,Erik Cernak,8478416,TB,20232024,D,26,0.1884,19.183,69,2026-08-07
617,Erik Cernak,8478416,TB,20242025,D,27,0.2763,18.267,76,2026-08-07
617,Erik Cernak,8478416,TB,20252026,D,28,0.1803,17.617,61,2026-08-07
618,Max Crozier,8481719,TB,20232024,D,23,0.1538,12.933,13,2026-08-07
618,Max Crozier,8481719,TB,20242025,D,24,0.0,16.683,5,2026-08-07
618,Max Crozier,8481719,TB,20252026,D,25,0.2857,16.017,35,2026-08-07
619,Charle-Edouard D'Astous,8480426,TB,20232024,D,25,,,,2026-08-07
619,Charle-Edouard D'Astous,8480426,TB,20242025,D,26,,,,2026-08-07
619,Charle-Edouard D'Astous,8480426,TB,20252026,D,27,0.4143,18.75,70,2026-08-07
620,Victor Hedman,8475167,TB,20232024,D,33,0.9744,24.8,78,2026-08-07
620,Victor Hedman,8475167,TB,20242025,D,34,0.8354,23.083,79,2026-08-07
620,Victor Hedman,8475167,TB,20252026,D,35,0.5152,18.867,33,2026-08-07
621,Emil Lilleberg,8482929,TB,20232024,D,22,0.1351,16.2,37,2026-08-07
621,Emil Lilleberg,8482929,TB,20242025,D,23,0.25,15.283,76,2026-08-07
621,Emil Lilleberg,8482929,TB,20252026,D,24,0.24,17.3,50,2026-08-07
622,Ryan McDonagh,8474151,TB,20232024,D,34,0.4324,21.783,74,2026-08-07
622,Ryan McDonagh,8474151,TB,20242025,D,35,0.378,20.367,82,2026-08-07
622,Ryan McDonagh,8474151,TB,20252026,D,36,0.4375,19.25,48,2026-08-07
623,J.J. Moser,8482655,TB,20232024,D,23,0.325,20.567,80,2026-08-07
623,J.J. Moser,8482655,TB,20242025,D,24,0.2593,18.85,54,2026-08-07
623,J.J. Moser,8482655,TB,20252026,D,25,0.3671,21.567,79,2026-08-07
624,Darren Raddysh,8478178,TB,20232024,D,27,0.4024,19.1,82,2026-08-07
624,Darren Raddysh,8478178,TB,20242025,D,28,0.5068,17.3,73,2026-08-07
624,Darren Raddysh,8478178,TB,20252026,D,29,0.9589,22.7,73,2026-08-07
625,Max Domi,8477503,TOR,20232024,C,28,0.5875,13.783,80,2026-08-07
625,Max Domi,8477503,TOR,20242025,C,29,0.4459,14.167,74,2026-08-07
625,Max Domi,8477503,TOR,20252026,C,30,0.45,14.883,80,2026-08-07
626,Bo Groulx,8480870,TOR,20232024,C,23,0.0444,12.183,45,2026-08-07
626,Bo Groulx,8480870,TOR,20242025,C,24,,,,2026-08-07
626,Bo Groulx,8480870,TOR,20252026,C,25,0.3846,15.7,13,2026-08-07
627,Luke Haymes,8485467,TOR,20232024,C,20,,,,2026-08-07
627,Luke Haymes,8485467,TOR,20242025,C,21,,,,2026-08-07
627,Luke Haymes,8485467,TOR,20252026,C,22,0.25,13.55,4,2026-08-07
628,Calle Jarnkrok,8475714,TOR,20232024,C,32,0.4038,15.267,52,2026-08-07
628,Calle Jarnkrok,8475714,TOR,20242025,C,33,0.3684,13.233,19,2026-08-07
628,Calle Jarnkrok,8475714,TOR,20252026,C,34,0.1429,11.833,56,2026-08-07
629,Dakota Joshua,8478057,TOR,20232024,C,27,0.5079,14.383,63,2026-08-07
629,Dakota Joshua,8478057,TOR,20242025,C,28,0.2456,12.967,57,2026-08-07
629,Dakota Joshua,8478057,TOR,20252026,C,29,0.3273,12.25,55,2026-08-07
630,Matthew Knies,8482720,TOR,20232024,L,21,0.4375,13.683,80,2026-08-07
630,Matthew Knies,8482720,TOR,20242025,L,22,0.7436,18.517,78,2026-08-07
630,Matthew Knies,8482720,TOR,20252026,L,23,0.8354,18.8,79,2026-08-07
631,Steven Lorentz,8478904,TOR,20232024,C,27,0.0789,8.783,38,2026-08-07
631,Steven Lorentz,8478904,TOR,20242025,C,28,0.2375,10.55,80,2026-08-07
631,Steven Lorentz,8478904,TOR,20252026,C,29,0.2535,11.867,71,2026-08-07
632,Matias Maccelli,8481711,TOR,20232024,L,23,0.6951,16.233,82,2026-08-07
632,Matias Maccelli,8481711,TOR,20242025,L,24,0.3273,13.733,55,2026-08-07
632,Matias Maccelli,8481711,TOR,20252026,L,25,0.5493,14.567,71,2026-08-07
633,Auston Matthews,8479318,TOR,20232024,C,26,1.321,20.967,81,2026-08-07
633,Auston Matthews,8479318,TOR,20242025,C,27,1.1642,20.467,67,2026-08-07
633,Auston Matthews,8479318,TOR,20252026,C,28,0.8833,20.8,60,2026-08-07
634,William Nylander,8477939,TOR,20232024,R,27,1.1951,19.917,82,2026-08-07
634,William Nylander,8477939,TOR,20242025,R,28,1.0244,19.517,82,2026-08-07
634,William Nylander,8477939,TOR,20252026,R,29,1.2154,19.417,65,2026-08-07
635,Nicholas Robertson,8481582,TOR,20232024,L,22,0.4821,11.383,56,2026-08-07
635,Nicholas Robertson,8481582,TOR,20242025,L,23,0.3188,12.0,69,2026-08-07
635,Nicholas Robertson,8481582,TOR,20252026,L,24,0.4103,12.667,78,2026-08-07
636,John Tavares,8475166,TOR,20232024,C,33,0.8125,17.867,80,2026-08-07
636,John Tavares,8475166,TOR,20242025,C,34,0.9867,18.233,75,2026-08-07
636,John Tavares,8475166,TOR,20252026,C,35,0.8659,18.183,82,2026-08-07
638,Simon Benoit,8481122,TOR,20232024,D,25,0.0781,17.233,64,2026-08-07
638,Simon Benoit,8481122,TOR,20242025,D,26,0.1282,16.55,78,2026-08-07
638,Simon Benoit,8481122,TOR,20252026,D,27,0.0822,17.3,73,2026-08-07
639,Brandon Carlo,8478443,TOR,20232024,D,27,0.1842,19.9,76,2026-08-07
639,Brandon Carlo,8478443,TOR,20242025,D,28,0.1446,18.9,83,2026-08-07
639,Brandon Carlo,8478443,TOR,20252026,D,29,0.1273,19.367,55,2026-08-07
640,Oliver Ekman-Larsson,8475171,TOR,20232024,D,32,0.4,18.4,80,2026-08-07
640,Oliver Ekman-Larsson,8475171,TOR,20242025,D,33,0.3766,21.067,77,2026-08-07
640,Oliver Ekman-Larsson,8475171,TOR,20252026,D,34,0.5,20.6,78,2026-08-07
641,Jake McCabe,8476931,TOR,20232024,D,30,0.3836,20.65,73,2026-08-07
641,Jake McCabe,8476931,TOR,20242025,D,31,0.3485,21.517,66,2026-08-07
641,Jake McCabe,8476931,TOR,20252026,D,32,0.3125,22.4,80,2026-08-07
642,Philippe Myers,8479026,TOR,20232024,D,27,0.0,11.7,5,2026-08-07
642,Philippe Myers,8479026,TOR,20242025,D,28,0.1389,16.233,36,2026-08-07
642,Philippe Myers,8479026,TOR,20252026,D,29,0.0513,14.55,39,2026-08-07
643,Morgan Rielly,8476853,TOR,20232024,D,29,0.8056,23.733,72,2026-08-07
643,Morgan Rielly,8476853,TOR,20242025,D,30,0.5,21.383,82,2026-08-07
643,Morgan Rielly,8476853,TOR,20252026,D,31,0.4615,21.133,78,2026-08-07
644,Troy Stecher,8479442,TOR,20232024,D,29,0.1296,18.118,54,2026-08-07
644,Troy Stecher,8479442,TOR,20242025,D,30,0.1061,13.867,66,2026-08-07
644,Troy Stecher,8479442,TOR,20252026,D,31,0.2188,19.19,64,2026-08-07
645,Chris Tanev,8475690,TOR,20232024,D,34,0.2533,19.677,75,2026-08-07
645,Chris Tanev,8475690,TOR,20242025,D,35,0.24,19.75,75,2026-08-07
645,Chris Tanev,8475690,TOR,20252026,D,36,0.1818,17.967,11,2026-08-07
646,Andrew Agozzino,8475461,UTA,20232024,L,33,,,,2026-08-07
646,Andrew Agozzino,8475461,UTA,20242025,L,34,,,,2026-08-07
646,Andrew Agozzino,8475461,UTA,20252026,L,35,0.0,6.133,2,2026-08-07
647,Daniil But,8484388,UTA,20232024,L,18,,,,2026-08-07
647,Daniil But,8484388,UTA,20242025,L,19,,,,2026-08-07
647,Daniil But,8484388,UTA,20252026,L,20,0.2414,12.467,29,2026-08-07
648,Michael Carcone,8479619,UTA,20232024,L,27,0.3919,11.267,74,2026-08-07
648,Michael Carcone,8479619,UTA,20242025,L,28,0.3585,11.433,53,2026-08-07
648,Michael Carcone,8479619,UTA,20252026,L,29,0.3924,12.733,79,2026-08-07
649,Logan Cooley,8483431,UTA,20232024,C,19,0.5366,15.817,82,2026-08-07
649,Logan Cooley,8483431,UTA,20242025,C,20,0.8667,17.867,75,2026-08-07
649,Logan Cooley,8483431,UTA,20252026,C,21,0.7963,17.333,54,2026-08-07
650,Lawson Crouse,8478474,UTA,20232024,L,26,0.5185,16.817,81,2026-08-07
650,Lawson Crouse,8478474,UTA,20242025,L,27,0.2222,13.733,81,2026-08-07
650,Lawson Crouse,8478474,UTA,20252026,L,28,0.5432,16.6,81,2026-08-07
651,Dylan Guenther,8482699,UTA,20232024,R,20,0.7778,16.283,45,2026-08-07
651,Dylan Guenther,8482699,UTA,20242025,R,21,0.8571,17.0,70,2026-08-07
651,Dylan Guenther,8482699,UTA,20252026,R,22,0.9241,17.4,79,2026-08-07
652,Barrett Hayton,8480849,UTA,20232024,C,23,0.303,17.017,33,2026-08-07
652,Barrett Hayton,8480849,UTA,20242025,C,24,0.561,16.1,82,2026-08-07
652,Barrett Hayton,8480849,UTA,20252026,C,25,0.3731,15.117,67,2026-08-07
653,Clayton Keller,8479343,UTA,20232024,R,25,0.9744,19.25,78,2026-08-07
653,Clayton Keller,8479343,UTA,20242025,R,26,1.1111,19.117,81,2026-08-07
653,Clayton Keller,8479343,UTA,20252026,R,27,1.0732,19.083,82,2026-08-07
654,Alexander Kerfoot,8477021,UTA,20232024,C,29,0.5488,17.433,82,2026-08-07
654,Alexander Kerfoot,8477021,UTA,20242025,C,30,0.3457,15.25,81,2026-08-07
654,Alexander Kerfoot,8477021,UTA,20252026,C,31,0.3824,12.783,34,2026-08-07
655,Jack McBain,8480855,UTA,20232024,C,24,0.3881,12.617,67,2026-08-07
655,Jack McBain,8480855,UTA,20242025,C,25,0.3293,13.567,82,2026-08-07
655,Jack McBain,8480855,UTA,20252026,C,26,0.3333,13.85,75,2026-08-07
656,Ben McCartney,8481827,UTA,20232024,L,22,,,,2026-08-07
656,Ben McCartney,8481827,UTA,20242025,L,23,,,,2026-08-07
656,Ben McCartney,8481827,UTA,20252026,L,24,,,,2026-08-07
657,Liam O'Brien,8477070,UTA,20232024,C,29,0.1867,9.733,75,2026-08-07
657,Liam O'Brien,8477070,UTA,20242025,C,30,0.0714,9.3,28,2026-08-07
657,Liam O'Brien,8477070,UTA,20252026,C,31,0.1053,9.15,38,2026-08-07
658,JJ Peterka,8482175,UTA,20232024,R,22,0.6098,16.4,82,2026-08-07
658,JJ Peterka,8482175,UTA,20242025,R,23,0.8831,18.183,77,2026-08-07
658,JJ Peterka,8482175,UTA,20252026,R,24,0.5732,15.983,82,2026-08-07
659,Kevin Rooney,8479291,UTA,20232024,C,30,0.1212,11.217,33,2026-08-07
659,Kevin Rooney,8479291,UTA,20242025,C,31,0.1429,9.417,70,2026-08-07
659,Kevin Rooney,8479291,UTA,20252026,C,32,1.0,9.733,1,2026-08-07
660,Nick Schmaltz,8477951,UTA,20232024,C,27,0.7722,19.183,79,2026-08-07
660,Nick Schmaltz,8477951,UTA,20242025,C,28,0.7683,18.583,82,2026-08-07
660,Nick Schmaltz,8477951,UTA,20252026,C,29,0.9024,19.717,82,2026-08-07
661,Kevin Stenlund,8478831,UTA,20232024,C,27,0.1852,12.6,81,2026-08-07
661,Kevin Stenlund,8478831,UTA,20242025,C,28,0.3415,14.35,82,2026-08-07
661,Kevin Stenlund,8478831,UTA,20252026,C,29,0.225,14.483,80,2026-08-07
662,Brandon Tanev,8479293,UTA,20232024,L,32,0.2424,14.583,66,2026-08-07
662,Brandon Tanev,8479293,UTA,20242025,L,33,0.2785,13.22,79,2026-08-07
662,Brandon Tanev,8479293,UTA,20252026,L,34,0.0536,9.367,56,2026-08-07
663,Kailer Yamamoto,8479977,UTA,20232024,R,25,0.2712,11.983,59,2026-08-07
663,Kailer Yamamoto,8479977,UTA,20242025,R,26,0.25,12.117,12,2026-08-07
663,Kailer Yamamoto,8479977,UTA,20252026,R,27,0.3898,11.8,59,2026-08-07
664,Ian Cole,8474013,UTA,20232024,D,34,0.141,18.683,78,2026-08-07
664,Ian Cole,8474013,UTA,20242025,D,35,0.2073,20.283,82,2026-08-07
664,Ian Cole,8474013,UTA,20252026,D,36,0.2805,18.267,82,2026-08-07
665,Nick DeSimone,8480084,UTA,20232024,D,29,0.2059,13.484,34,2026-08-07
665,Nick DeSimone,8480084,UTA,20242025,D,30,0.3,15.583,20,2026-08-07
665,Nick DeSimone,8480084,UTA,20252026,D,31,0.2,14.217,40,2026-08-07
666,Sean Durzi,8480434,UTA,20232024,D,25,0.5395,22.717,76,2026-08-07
666,Sean Durzi,8480434,UTA,20242025,D,26,0.3667,20.65,30,2026-08-07
666,Sean Durzi,8480434,UTA,20252026,D,27,0.45,19.267,60,2026-08-07
667,Maveric Lamoureux,8483472,UTA,20232024,D,20,,,,2026-08-07
667,Maveric Lamoureux,8483472,UTA,20242025,D,21,0.2,16.117,15,2026-08-07
667,Maveric Lamoureux,8483472,UTA,20252026,D,22,0.2,14.65,5,2026-08-07
668,John Marino,8478507,UTA,20232024,D,26,0.3333,20.95,75,2026-08-07
668,John Marino,8478507,UTA,20242025,D,27,0.4,21.167,35,2026-08-07
668,John Marino,8478507,UTA,20252026,D,28,0.45,20.2,80,2026-08-07
669,Scott Perunovich,8481059,UTA,20232024,D,25,0.3148,15.267,54,2026-08-07
669,Scott Perunovich,8481059,UTA,20242025,D,26,0.2571,16.005,35,2026-08-07
669,Scott Perunovich,8481059,UTA,20252026,D,27,,,,2026-08-07
670,Nate Schmidt,8477220,UTA,20232024,D,32,0.2222,16.817,63,2026-08-07
670,Nate Schmidt,8477220,UTA,20242025,D,33,0.2375,16.533,80,2026-08-07
670,Nate Schmidt,8477220,UTA,20252026,D,34,0.2683,19.7,82,2026-08-07
671,Mikhail Sergachev,8479410,UTA,20232024,D,25,0.5588,22.55,34,2026-08-07
671,Mikhail Sergachev,8479410,UTA,20242025,D,26,0.6883,25.117,77,2026-08-07
671,Mikhail Sergachev,8479410,UTA,20252026,D,27,0.7564,24.3,78,2026-08-07
672,Dmitri Simashev,8484386,UTA,20232024,D,18,,,,2026-08-07
672,Dmitri Simashev,8484386,UTA,20242025,D,19,,,,2026-08-07
672,Dmitri Simashev,8484386,UTA,20252026,D,20,0.0357,15.1,28,2026-08-07
673,Maksymilian Szuber,8483763,UTA,20232024,D,21,0.0,16.983,1,2026-08-07
673,Maksymilian Szuber,8483763,UTA,20242025,D,22,,,,2026-08-07
673,Maksymilian Szuber,8483763,UTA,20252026,D,23,,,,2026-08-07
674,MacKenzie Weegar,8477346,UTA,20232024,D,30,0.6341,22.933,82,2026-08-07
674,MacKenzie Weegar,8477346,UTA,20242025,D,31,0.5802,24.167,81,2026-08-07
674,MacKenzie Weegar,8477346,UTA,20252026,D,32,0.3544,22.467,79,2026-08-07
675,Nils Aman,8482496,VAN,20232024,C,23,0.1628,10.333,43,2026-08-07
675,Nils Aman,8482496,VAN,20242025,C,24,0.3158,10.483,19,2026-08-07
675,Nils Aman,8482496,VAN,20252026,C,25,0.0,8.667,2,2026-08-07
676,Teddy Blueger,8476927,VAN,20232024,C,29,0.4118,14.933,68,2026-08-07
676,Teddy Blueger,8476927,VAN,20242025,C,30,0.3171,14.317,82,2026-08-07
676,Teddy Blueger,8476927,VAN,20252026,C,31,0.4857,16.517,35,2026-08-07
677,Brock Boeser,8478444,VAN,20232024,R,26,0.9012,18.6,81,2026-08-07
677,Brock Boeser,8478444,VAN,20242025,R,27,0.6667,18.167,75,2026-08-07
677,Brock Boeser,8478444,VAN,20252026,R,28,0.64,19.05,75,2026-08-07
678,Filip Chytil,8480078,VAN,20232024,C,24,0.6,15.933,10,2026-08-07
678,Filip Chytil,8480078,VAN,20242025,C,25,0.4643,14.967,56,2026-08-07
678,Filip Chytil,8480078,VAN,20252026,C,26,0.25,15.0,12,2026-08-07
679,Jake DeBrusk,8478498,VAN,20232024,L,27,0.5,16.833,80,2026-08-07
679,Jake DeBrusk,8478498,VAN,20242025,L,28,0.5854,16.65,82,2026-08-07
679,Jake DeBrusk,8478498,VAN,20252026,L,29,0.5185,16.867,81,2026-08-07
680,Curtis Douglas,8480876,VAN,20232024,C,23,,,,2026-08-07
680,Curtis Douglas,8480876,VAN,20242025,C,24,,,,2026-08-07
680,Curtis Douglas,8480876,VAN,20252026,C,25,0.093,6.748,43,2026-08-07
681,Nils Hoglander,8481535,VAN,20232024,L,23,0.45,12.1,80,2026-08-07
681,Nils Hoglander,8481535,VAN,20242025,L,24,0.3472,12.133,72,2026-08-07
681,Nils Hoglander,8481535,VAN,20252026,L,25,0.1316,11.517,38,2026-08-07
682,Evander Kane,8475169,VAN,20232024,L,32,0.5714,16.783,77,2026-08-07
682,Evander Kane,8475169,VAN,20242025,L,33,,,,2026-08-07
682,Evander Kane,8475169,VAN,20252026,L,34,0.4366,16.417,71,2026-08-07
683,Linus Karlsson,8481024,VAN,20232024,C,24,0.0,10.15,4,2026-08-07
683,Linus Karlsson,8481024,VAN,20242025,C,25,0.2609,10.933,23,2026-08-07
683,Linus Karlsson,8481024,VAN,20252026,C,26,0.443,12.517,79,2026-08-07
684,Drew O'Connor,8482055,VAN,20232024,L,25,0.4177,15.75,79,2026-08-07
684,Drew O'Connor,8482055,VAN,20242025,L,26,0.2976,14.463,84,2026-08-07
684,Drew O'Connor,8482055,VAN,20252026,L,27,0.3537,14.583,82,2026-08-07
685,Liam Ohgren,8483499,VAN,20232024,L,20,0.5,14.517,4,2026-08-07
685,Liam Ohgren,8483499,VAN,20242025,L,21,0.2083,11.1,24,2026-08-07
685,Liam Ohgren,8483499,VAN,20252026,L,22,0.2609,13.167,69,2026-08-07
686,Elias Pettersson,8480012,VAN,20232024,C,25,1.0854,19.65,82,2026-08-07
686,Elias Pettersson,8480012,VAN,20242025,C,26,0.7031,18.667,64,2026-08-07
686,Elias Pettersson,8480012,VAN,20252026,C,27,0.6892,18.967,74,2026-08-07
687,Aatu Räty,8482691,VAN,20232024,C,21,,,,2026-08-07
687,Aatu Räty,8482691,VAN,20242025,C,22,0.3333,10.65,33,2026-08-07
687,Aatu Räty,8482691,VAN,20252026,C,23,0.2121,12.017,66,2026-08-07
688,Marco Rossi,8482079,VAN,20232024,C,22,0.4878,16.733,82,2026-08-07
688,Marco Rossi,8482079,VAN,20242025,C,23,0.7317,18.25,82,2026-08-07
688,Marco Rossi,8482079,VAN,20252026,C,24,0.7,17.473,50,2026-08-07
689,Max Sasson,8484136,VAN,20232024,C,23,,,,2026-08-07
689,Max Sasson,8484136,VAN,20242025,C,24,0.2414,10.333,29,2026-08-07
689,Max Sasson,8484136,VAN,20252026,C,25,0.2879,11.717,66,2026-08-07
690,Zeev Buium,8484798,VAN,20232024,D,18,,,,2026-08-07
690,Zeev Buium,8484798,VAN,20242025,D,19,,,,2026-08-07
690,Zeev Buium,8484798,VAN,20252026,D,20,0.3421,19.582,76,2026-08-07
691,Derek Forbort,8475762,VAN,20232024,D,31,0.1143,17.8,35,2026-08-07
691,Derek Forbort,8475762,VAN,20242025,D,32,0.2037,17.1,54,2026-08-07
691,Derek Forbort,8475762,VAN,20252026,D,33,0.0,13.933,2,2026-08-07
692,Filip Hronek,8479425,VAN,20232024,D,26,0.5926,23.433,81,2026-08-07
692,Filip Hronek,8479425,VAN,20242025,D,27,0.541,23.9,61,2026-08-07
692,Filip Hronek,8479425,VAN,20252026,D,28,0.5976,25.0,82,2026-08-07
693,Pierre-Olivier Joseph,8480058,VAN,20232024,D,24,0.2115,15.083,52,2026-08-07
693,Pierre-Olivier Joseph,8480058,VAN,20242025,D,25,0.0638,15.262,47,2026-08-07
693,Pierre-Olivier Joseph,8480058,VAN,20252026,D,26,0.1935,13.3,31,2026-08-07
694,Victor Mancini,8483768,VAN,20232024,D,21,,,,2026-08-07
694,Victor Mancini,8483768,VAN,20242025,D,22,0.2581,15.298,31,2026-08-07
694,Victor Mancini,8483768,VAN,20252026,D,23,0.125,13.733,24,2026-08-07
695,Elias Pettersson,8483678,VAN,20232024,D,19,,,,2026-08-07
695,Elias Pettersson,8483678,VAN,20242025,D,20,0.1071,12.817,28,2026-08-07
695,Elias Pettersson,8483678,VAN,20252026,D,21,0.1429,14.983,70,2026-08-07
696,Marcus Pettersson,8477969,VAN,20232024,D,27,0.3659,22.667,82,2026-08-07
696,Marcus Pettersson,8477969,VAN,20242025,D,28,0.3718,21.692,78,2026-08-07
696,Marcus Pettersson,8477969,VAN,20252026,D,29,0.2195,21.45,82,2026-08-07
697,Tom Willander,8484240,VAN,20232024,D,18,,,,2026-08-07
697,Tom Willander,8484240,VAN,20242025,D,19,,,,2026-08-07
697,Tom Willander,8484240,VAN,20252026,D,20,0.3,16.983,70,2026-08-07
698,Ivan Barbashev,8477964,VEG,20232024,L,28,0.5488,16.117,82,2026-08-07
698,Ivan Barbashev,8477964,VEG,20242025,L,29,0.7286,16.8,70,2026-08-07
698,Ivan Barbashev,8477964,VEG,20252026,L,30,0.7439,16.25,82,2026-08-07
699,Braeden Bowman,8483890,VEG,20232024,R,20,,,,2026-08-07
699,Braeden Bowman,8483890,VEG,20242025,R,21,,,,2026-08-07
699,Braeden Bowman,8483890,VEG,20252026,R,22,0.4815,14.133,54,2026-08-07
700,Pavel Dorofeyev,8481604,VEG,20232024,R,23,0.5106,13.283,47,2026-08-07
700,Pavel Dorofeyev,8481604,VEG,20242025,R,24,0.6341,16.533,82,2026-08-07
700,Pavel Dorofeyev,8481604,VEG,20252026,R,25,0.7805,17.6,82,2026-08-07
701,Nic Dowd,8475343,VEG,20232024,C,33,0.3438,15.2,64,2026-08-07
701,Nic Dowd,8475343,VEG,20242025,C,34,0.3293,15.183,82,2026-08-07
701,Nic Dowd,8475343,VEG,20252026,C,35,0.28,14.541,75,2026-08-07
702,Jack Eichel,8478403,VEG,20232024,C,27,1.0794,20.517,63,2026-08-07
702,Jack Eichel,8478403,VEG,20242025,C,28,1.2208,20.533,77,2026-08-07
702,Jack Eichel,8478403,VEG,20252026,C,29,1.2162,21.2,74,2026-08-07
703,Tomas Hertl,8476881,VEG,20232024,C,30,0.7037,20.489,54,2026-08-07
703,Tomas Hertl,8476881,VEG,20242025,C,31,0.8356,17.117,73,2026-08-07
703,Tomas Hertl,8476881,VEG,20252026,C,32,0.7073,17.033,82,2026-08-07
704,Alexander Holtz,8482125,VEG,20232024,R,22,0.3415,11.633,82,2026-08-07
704,Alexander Holtz,8482125,VEG,20242025,R,23,0.2264,11.583,53,2026-08-07
704,Alexander Holtz,8482125,VEG,20252026,R,24,0.3214,11.483,28,2026-08-07
705,Brett Howden,8479353,VEG,20232024,C,25,0.2639,13.233,72,2026-08-07
705,Brett Howden,8479353,VEG,20242025,C,26,0.5,14.867,80,2026-08-07
705,Brett Howden,8479353,VEG,20252026,C,27,0.3793,14.9,58,2026-08-07
706,William Karlsson,8476448,VEG,20232024,C,31,0.8571,17.6,70,2026-08-07
706,William Karlsson,8476448,VEG,20242025,C,32,0.5472,17.017,53,2026-08-07
706,William Karlsson,8476448,VEG,20252026,C,33,0.5,15.15,14,2026-08-07
707,Keegan Kolesar,8478434,VEG,20232024,R,26,0.2278,10.867,79,2026-08-07
707,Keegan Kolesar,8478434,VEG,20242025,R,27,0.3659,13.2,82,2026-08-07
707,Keegan Kolesar,8478434,VEG,20252026,R,28,0.2073,11.533,82,2026-08-07
708,Tanner Laczynski,8479550,VEG,20232024,C,26,,,,2026-08-07
708,Tanner Laczynski,8479550,VEG,20242025,C,27,0.125,8.6,8,2026-08-07
708,Tanner Laczynski,8479550,VEG,20252026,C,28,0.5,10.767,10,2026-08-07
709,Raphael Lavoie,8481534,VEG,20232024,C,23,0.0,7.283,7,2026-08-07
709,Raphael Lavoie,8481534,VEG,20242025,C,24,0.0,10.083,9,2026-08-07
709,Raphael Lavoie,8481534,VEG,20252026,C,25,0.0,8.567,1,2026-08-07
710,Mitch Marner,8478483,VEG,20232024,R,26,1.2319,21.283,69,2026-08-07
710,Mitch Marner,8478483,VEG,20242025,R,27,1.2593,21.317,81,2026-08-07
710,Mitch Marner,8478483,VEG,20252026,R,28,0.9877,19.95,81,2026-08-07
711,Jonas Rondbjerg,8480007,VEG,20232024,R,24,0.15,11.283,20,2026-08-07
711,Jonas Rondbjerg,8480007,VEG,20242025,R,25,0.0,9.633,13,2026-08-07
711,Jonas Rondbjerg,8480007,VEG,20252026,R,26,0.25,12.083,4,2026-08-07
712,Brandon Saad,8476438,VEG,20232024,L,31,0.5122,15.5,82,2026-08-07
712,Brandon Saad,8476438,VEG,20242025,L,32,0.4167,14.822,72,2026-08-07
712,Brandon Saad,8476438,VEG,20252026,L,33,0.1837,13.383,49,2026-08-07
713,Colton Sissons,8476925,VEG,20232024,C,30,0.4321,16.567,81,2026-08-07
713,Colton Sissons,8476925,VEG,20242025,C,31,0.2917,14.367,72,2026-08-07
713,Colton Sissons,8476925,VEG,20252026,C,32,0.1667,12.5,66,2026-08-07
714,Cole Smith,8482062,VEG,20232024,R,28,0.2875,13.683,80,2026-08-07
714,Cole Smith,8482062,VEG,20242025,R,29,0.169,13.6,71,2026-08-07
714,Cole Smith,8482062,VEG,20252026,R,30,0.1905,13.289,63,2026-08-07
715,Reilly Smith,8475191,VEG,20232024,R,32,0.5263,16.133,76,2026-08-07
715,Reilly Smith,8475191,VEG,20242025,R,33,0.5063,15.445,79,2026-08-07
715,Reilly Smith,8475191,VEG,20252026,R,34,0.3768,13.683,69,2026-08-07
716,Mark Stone,8475913,VEG,20232024,R,31,0.9464,19.4,56,2026-08-07
716,Mark Stone,8475913,VEG,20242025,R,32,1.0152,19.25,66,2026-08-07
716,Mark Stone,8475913,VEG,20252026,R,33,1.2167,19.217,60,2026-08-07
717,Kai Uchacz,8485251,VEG,20232024,C,20,,,,2026-08-07
717,Kai Uchacz,8485251,VEG,20242025,C,21,,,,2026-08-07
717,Kai Uchacz,8485251,VEG,20252026,C,22,0.0,12.183,3,2026-08-07
718,Rasmus Andersson,8478397,VEG,20232024,D,27,0.5,23.833,78,2026-08-07
718,Rasmus Andersson,8478397,VEG,20242025,D,28,0.3827,23.983,81,2026-08-07
718,Rasmus Andersson,8478397,VEG,20252026,D,29,0.5802,23.201,81,2026-08-07
719,Dylan Coghlan,8479639,VEG,20232024,D,25,0.0,17.983,1,2026-08-07
719,Dylan Coghlan,8479639,VEG,20242025,D,26,0.0,15.35,6,2026-08-07
719,Dylan Coghlan,8479639,VEG,20252026,D,27,0.0,15.05,3,2026-08-07
720,Jeremy Davies,8479602,VEG,20232024,D,27,,,,2026-08-07
720,Jeremy Davies,8479602,VEG,20242025,D,28,,,,2026-08-07
720,Jeremy Davies,8479602,VEG,20252026,D,29,,,,2026-08-07
721,Noah Hanifin,8478396,VEG,20232024,D,27,0.5875,23.612,80,2026-08-07
721,Noah Hanifin,8478396,VEG,20242025,D,28,0.4875,21.55,80,2026-08-07
721,Noah Hanifin,8478396,VEG,20252026,D,29,0.3944,22.6,71,2026-08-07
722,Ben Hutton,8477018,VEG,20232024,D,30,0.2439,16.25,41,2026-08-07
722,Ben Hutton,8477018,VEG,20242025,D,31,0.1818,13.233,11,2026-08-07
722,Ben Hutton,8477018,VEG,20252026,D,32,0.2727,14.583,55,2026-08-07
723,Kaedan Korczak,8481527,VEG,20232024,D,23,0.3462,16.5,26,2026-08-07
723,Kaedan Korczak,8481527,VEG,20242025,D,24,0.25,15.067,40,2026-08-07
723,Kaedan Korczak,8481527,VEG,20252026,D,25,0.2051,15.967,78,2026-08-07
724,Jeremy Lauzon,8478468,VEG,20232024,D,26,0.1772,18.617,79,2026-08-07
724,Jeremy Lauzon,8478468,VEG,20242025,D,27,0.0357,17.967,28,2026-08-07
724,Jeremy Lauzon,8478468,VEG,20252026,D,28,0.1912,17.183,68,2026-08-07
725,Brayden McNabb,8475188,VEG,20232024,D,33,0.3171,19.35,82,2026-08-07
725,Brayden McNabb,8475188,VEG,20242025,D,34,0.2439,20.117,82,2026-08-07
725,Brayden McNabb,8475188,VEG,20252026,D,35,0.1905,20.517,63,2026-08-07
726,Jaycob Megna,8477034,VEG,20232024,D,31,0.0455,17.517,44,2026-08-07
726,Jaycob Megna,8477034,VEG,20242025,D,32,0.0,16.1,8,2026-08-07
726,Jaycob Megna,8477034,VEG,20252026,D,33,0.0,10.617,4,2026-08-07
727,Shea Theodore,8477447,VEG,20232024,D,28,0.8936,22.083,47,2026-08-07
727,Shea Theodore,8477447,VEG,20242025,D,29,0.8507,22.0,67,2026-08-07
727,Shea Theodore,8477447,VEG,20252026,D,30,0.5571,22.833,70,2026-08-07
728,Anthony Beauvillier,8478463,WAS,20232024,R,26,0.2833,13.583,60,2026-08-07
728,Anthony Beauvillier,8478463,WAS,20242025,R,27,0.3086,12.87,81,2026-08-07
728,Anthony Beauvillier,8478463,WAS,20252026,R,28,0.3415,15.8,82,2026-08-07
729,Pierre-Luc Dubois,8479400,WAS,20232024,C,25,0.4878,15.7,82,2026-08-07
729,Pierre-Luc Dubois,8479400,WAS,20242025,C,26,0.8049,17.3,82,2026-08-07
729,Pierre-Luc Dubois,8479400,WAS,20252026,C,27,0.6552,16.817,29,2026-08-07
730,Brandon Duhaime,8479520,WAS,20232024,R,26,0.1625,10.86,80,2026-08-07
730,Brandon Duhaime,8479520,WAS,20242025,R,27,0.2561,13.35,82,2026-08-07
730,Brandon Duhaime,8479520,WAS,20252026,R,28,0.1098,11.067,82,2026-08-07
731,Ethen Frank,8483573,WAS,20232024,R,25,,,,2026-08-07
731,Ethen Frank,8483573,WAS,20242025,R,26,0.2917,10.817,24,2026-08-07
731,Ethen Frank,8483573,WAS,20252026,R,27,0.3871,12.233,62,2026-08-07
732,David Kampf,8480144,WAS,20232024,C,29,0.2436,13.483,78,2026-08-07
732,David Kampf,8480144,WAS,20242025,C,30,0.2203,12.4,59,2026-08-07
732,David Kampf,8480144,WAS,20252026,C,31,0.15,14.735,40,2026-08-07
733,Hendrix Lapierre,8482148,WAS,20232024,C,21,0.4314,11.433,51,2026-08-07
733,Hendrix Lapierre,8482148,WAS,20242025,C,22,0.2963,9.8,27,2026-08-07
733,Hendrix Lapierre,8482148,WAS,20252026,C,23,0.2162,8.833,74,2026-08-07
734,Ryan Leonard,8484186,WAS,20232024,R,19,,,,2026-08-07
734,Ryan Leonard,8484186,WAS,20242025,R,20,0.1111,14.183,9,2026-08-07
734,Ryan Leonard,8484186,WAS,20252026,R,21,0.6,14.417,75,2026-08-07
735,Connor McMichael,8481580,WAS,20232024,L,23,0.4125,15.983,80,2026-08-07
735,Connor McMichael,8481580,WAS,20242025,L,24,0.6951,16.817,82,2026-08-07
735,Connor McMichael,8481580,WAS,20252026,L,25,0.5897,16.9,78,2026-08-07
736,Ivan Miroshnichenko,8483491,WAS,20232024,L,19,0.2857,12.133,21,2026-08-07
736,Ivan Miroshnichenko,8483491,WAS,20242025,L,20,0.2222,9.35,18,2026-08-07
736,Ivan Miroshnichenko,8483491,WAS,20252026,L,21,0.2308,9.633,13,2026-08-07
737,Alex Ovechkin,8471214,WAS,20232024,L,38,0.8228,19.217,79,2026-08-07
737,Alex Ovechkin,8471214,WAS,20242025,L,39,1.1231,17.717,65,2026-08-07
737,Alex Ovechkin,8471214,WAS,20252026,L,40,0.7805,17.45,82,2026-08-07
738,Aliaksei Protas,8481656,WAS,20232024,L,23,0.3718,13.75,78,2026-08-07
738,Aliaksei Protas,8481656,WAS,20242025,L,24,0.8684,16.45,76,2026-08-07
738,Aliaksei Protas,8481656,WAS,20252026,L,25,0.6842,18.233,76,2026-08-07
739,Ilya Protas,8484999,WAS,20232024,L,17,,,,2026-08-07
739,Ilya Protas,8484999,WAS,20242025,L,18,,,,2026-08-07
739,Ilya Protas,8484999,WAS,20252026,L,19,1.0,15.9,4,2026-08-07
740,Justin Sourdif,8482088,WAS,20232024,C,21,0.0,8.833,3,2026-08-07
740,Justin Sourdif,8482088,WAS,20242025,C,22,1.0,9.45,1,2026-08-07
740,Justin Sourdif,8482088,WAS,20252026,C,23,0.4487,14.733,78,2026-08-07
741,Dylan Strome,8478440,WAS,20232024,C,26,0.8171,17.95,82,2026-08-07
741,Dylan Strome,8478440,WAS,20242025,C,27,1.0,17.383,82,2026-08-07
741,Dylan Strome,8478440,WAS,20252026,C,28,0.725,18.033,80,2026-08-07
742,Tom Wilson,8476880,WAS,20232024,R,29,0.473,18.1,74,2026-08-07
742,Tom Wilson,8476880,WAS,20242025,R,30,0.8025,18.733,81,2026-08-07
742,Tom Wilson,8476880,WAS,20252026,R,31,0.8611,19.467,72,2026-08-07
743,Declan Chisholm,8480990,WAS,20232024,D,24,0.2903,16.524,31,2026-08-07
743,Declan Chisholm,8480990,WAS,20242025,D,25,0.1818,17.0,66,2026-08-07
743,Declan Chisholm,8480990,WAS,20252026,D,26,0.2692,13.733,26,2026-08-07
744,Jakob Chychrun,8479345,WAS,20232024,D,25,0.5,22.383,82,2026-08-07
744,Jakob Chychrun,8479345,WAS,20242025,D,26,0.6351,21.067,74,2026-08-07
744,Jakob Chychrun,8479345,WAS,20252026,D,27,0.75,23.333,80,2026-08-07
745,Martin Fehérváry,8480796,WAS,20232024,D,24,0.2424,19.633,66,2026-08-07
745,Martin Fehérváry,8480796,WAS,20242025,D,25,0.3086,19.0,81,2026-08-07
745,Martin Fehérváry,8480796,WAS,20252026,D,26,0.3333,19.283,81,2026-08-07
746,Cole Hutson,8484873,WAS,20232024,D,17,,,,2026-08-07
746,Cole Hutson,8484873,WAS,20242025,D,18,,,,2026-08-07
746,Cole Hutson,8484873,WAS,20252026,D,19,0.7143,17.45,14,2026-08-07
747,Timothy Liljegren,8480043,WAS,20232024,D,24,0.4182,19.667,55,2026-08-07
747,Timothy Liljegren,8480043,WAS,20242025,D,25,0.25,19.188,68,2026-08-07
747,Timothy Liljegren,8480043,WAS,20252026,D,26,0.234,19.86,47,2026-08-07
748,Dylan McIlrath,8475795,WAS,20232024,D,31,0.3333,10.3,3,2026-08-07
748,Dylan McIlrath,8475795,WAS,20242025,D,32,0.1176,11.65,17,2026-08-07
748,Dylan McIlrath,8475795,WAS,20252026,D,33,0.0,9.317,13,2026-08-07
749,Matt Roy,8478911,WAS,20232024,D,28,0.3086,20.9,81,2026-08-07
749,Matt Roy,8478911,WAS,20242025,D,29,0.3478,19.883,69,2026-08-07
749,Matt Roy,8478911,WAS,20252026,D,30,0.2405,20.617,79,2026-08-07
750,Rasmus Sandin,8480873,WAS,20232024,D,23,0.3382,21.117,68,2026-08-07
750,Rasmus Sandin,8480873,WAS,20242025,D,24,0.3659,19.183,82,2026-08-07
750,Rasmus Sandin,8480873,WAS,20252026,D,25,0.3973,19.2,73,2026-08-07
751,Trevor van Riemsdyk,8477845,WAS,20232024,D,32,0.2,18.667,70,2026-08-07
751,Trevor van Riemsdyk,8477845,WAS,20242025,D,33,0.2561,17.667,82,2026-08-07
751,Trevor van Riemsdyk,8477845,WAS,20252026,D,34,0.2059,16.233,68,2026-08-07
752,Morgan Barron,8480289,WPG,20232024,C,25,0.225,10.5,80,2026-08-07
752,Morgan Barron,8480289,WPG,20242025,C,26,0.2027,10.383,74,2026-08-07
752,Morgan Barron,8480289,WPG,20252026,C,27,0.3538,12.8,65,2026-08-07
753,Nikita Chibrikov,8482787,WPG,20232024,R,20,1.0,11.05,1,2026-08-07
753,Nikita Chibrikov,8482787,WPG,20242025,R,21,0.75,11.4,4,2026-08-07
753,Nikita Chibrikov,8482787,WPG,20252026,R,22,0.0,9.183,11,2026-08-07
754,Kyle Connor,8478398,WPG,20232024,L,27,0.9385,19.717,65,2026-08-07
754,Kyle Connor,8478398,WPG,20242025,L,28,1.1829,20.4,82,2026-08-07
754,Kyle Connor,8478398,WPG,20252026,L,29,1.122,21.5,82,2026-08-07
755,Alex Iafallo,8480113,WPG,20232024,L,30,0.3293,15.317,82,2026-08-07
755,Alex Iafallo,8480113,WPG,20242025,L,31,0.378,13.283,82,2026-08-07
755,Alex Iafallo,8480113,WPG,20252026,L,32,0.3671,15.583,79,2026-08-07
756,Cole Koepke,8481043,WPG,20232024,L,25,0.2222,6.7,9,2026-08-07
756,Cole Koepke,8481043,WPG,20242025,L,26,0.2329,11.25,73,2026-08-07
756,Cole Koepke,8481043,WPG,20252026,L,27,0.2576,10.467,66,2026-08-07
757,Adam Lowry,8476392,WPG,20232024,C,30,0.4321,16.1,81,2026-08-07
757,Adam Lowry,8476392,WPG,20242025,C,31,0.4658,15.433,73,2026-08-07
757,Adam Lowry,8476392,WPG,20252026,C,32,0.3,14.967,70,2026-08-07
758,Vladislav Namestnikov,8476480,WPG,20232024,C,31,0.4744,14.467,78,2026-08-07
758,Vladislav Namestnikov,8476480,WPG,20242025,C,32,0.4872,15.083,78,2026-08-07
758,Vladislav Namestnikov,8476480,WPG,20252026,C,33,0.2333,13.783,60,2026-08-07
759,Nino Niederreiter,8475799,WPG,20232024,R,31,0.4416,14.967,77,2026-08-07
759,Nino Niederreiter,8475799,WPG,20242025,R,32,0.4512,14.85,82,2026-08-07
759,Nino Niederreiter,8475799,WPG,20252026,R,33,0.3115,13.767,61,2026-08-07
760,Gustav Nyquist,8474679,WPG,20232024,R,34,0.9259,17.75,81,2026-08-07
760,Gustav Nyquist,8474679,WPG,20242025,R,35,0.3544,16.847,79,2026-08-07
760,Gustav Nyquist,8474679,WPG,20252026,R,36,0.2353,12.683,51,2026-08-07
761,Cole Perfetti,8482149,WPG,20232024,C,22,0.5352,13.583,71,2026-08-07
761,Cole Perfetti,8482149,WPG,20242025,C,23,0.6098,15.183,82,2026-08-07
761,Cole Perfetti,8482149,WPG,20252026,C,24,0.4706,15.617,68,2026-08-07
762,Isak Rosen,8482765,WPG,20232024,R,20,0.0,8.583,7,2026-08-07
762,Isak Rosen,8482765,WPG,20242025,R,21,0.125,9.633,8,2026-08-07
762,Isak Rosen,8482765,WPG,20252026,R,22,0.2703,11.507,37,2026-08-07
763,Mark Scheifele,8476460,WPG,20232024,C,30,0.973,20.183,74,2026-08-07
763,Mark Scheifele,8476460,WPG,20242025,C,31,1.061,20.433,82,2026-08-07
763,Mark Scheifele,8476460,WPG,20252026,C,32,1.2561,21.5,82,2026-08-07
764,Jonathan Toews,8473604,WPG,20232024,C,35,,,,2026-08-07
764,Jonathan Toews,8473604,WPG,20242025,C,36,,,,2026-08-07
764,Jonathan Toews,8473604,WPG,20252026,C,37,0.3537,14.483,82,2026-08-07
765,Gabriel Vilardi,8480014,WPG,20232024,C,24,0.766,17.0,47,2026-08-07
765,Gabriel Vilardi,8480014,WPG,20242025,C,25,0.8592,18.133,71,2026-08-07
765,Gabriel Vilardi,8480014,WPG,20252026,C,26,0.8415,18.733,82,2026-08-07
766,Jacob Bryson,8480196,WPG,20232024,D,26,0.2222,14.683,36,2026-08-07
766,Jacob Bryson,8480196,WPG,20242025,D,27,0.1458,14.4,48,2026-08-07
766,Jacob Bryson,8480196,WPG,20252026,D,28,0.16,10.863,50,2026-08-07
767,Dylan DeMelo,8476331,WPG,20232024,D,30,0.378,21.733,82,2026-08-07
767,Dylan DeMelo,8476331,WPG,20242025,D,31,0.2317,21.533,82,2026-08-07
767,Dylan DeMelo,8476331,WPG,20252026,D,32,0.2317,21.45,82,2026-08-07
768,Haydn Fleury,8477938,WPG,20232024,D,27,0.2083,16.117,24,2026-08-07
768,Haydn Fleury,8477938,WPG,20242025,D,28,0.1795,15.933,39,2026-08-07
768,Haydn Fleury,8477938,WPG,20252026,D,29,0.1053,13.933,38,2026-08-07
769,Ville Heinola,8481572,WPG,20232024,D,22,,,,2026-08-07
769,Ville Heinola,8481572,WPG,20242025,D,23,0.0556,14.183,18,2026-08-07
769,Ville Heinola,8481572,WPG,20252026,D,24,0.0,14.1,5,2026-08-07
770,Colin Miller,8476525,WPG,20232024,D,31,0.1957,15.703,46,2026-08-07
770,Colin Miller,8476525,WPG,20242025,D,32,0.25,14.517,60,2026-08-07
770,Colin Miller,8476525,WPG,20252026,D,33,0.1111,14.283,18,2026-08-07
771,Josh Morrissey,8477504,WPG,20232024,D,28,0.8519,24.183,81,2026-08-07
771,Josh Morrissey,8477504,WPG,20242025,D,29,0.775,24.383,80,2026-08-07
771,Josh Morrissey,8477504,WPG,20252026,D,30,0.7143,24.717,77,2026-08-07
772,Neal Pionk,8480145,WPG,20232024,D,28,0.4024,20.833,82,2026-08-07
772,Neal Pionk,8480145,WPG,20242025,D,29,0.5652,22.067,69,2026-08-07
772,Neal Pionk,8480145,WPG,20252026,D,30,0.2353,22.717,51,2026-08-07
773,Elias Salomonsson,8483510,WPG,20232024,D,19,,,,2026-08-07
773,Elias Salomonsson,8483510,WPG,20242025,D,20,,,,2026-08-07
773,Elias Salomonsson,8483510,WPG,20252026,D,21,0.1562,17.967,32,2026-08-07
774,Dylan Samberg,8480049,WPG,20232024,D,25,0.2308,15.633,78,2026-08-07
774,Dylan Samberg,8480049,WPG,20242025,D,26,0.3333,21.133,60,2026-08-07
774,Dylan Samberg,8480049,WPG,20252026,D,27,0.2121,21.817,66,2026-08-07
775,Adam Ruzicka,8480008,UTA,20232024,C,24,0.2143,10.032,42,2026-08-07
775,Adam Ruzicka,8480008,UTA,20242025,C,25,,,,2026-08-07
775,Adam Ruzicka,8480008,UTA,20252026,C,26,,,,2026-08-07
776,Akil Thomas,8480851,LA,20232024,C,24,0.5714,8.733,7,2026-08-07
776,Akil Thomas,8480851,LA,20242025,C,25,0.12,9.917,25,2026-08-07
776,Akil Thomas,8480851,LA,20252026,C,26,,,,2026-08-07
777,Alec Martinez,8474166,CHI,20232024,D,36,0.3091,19.05,55,2026-08-07
777,Alec Martinez,8474166,CHI,20242025,D,37,0.2727,18.733,44,2026-08-07
777,Alec Martinez,8474166,CHI,20252026,D,38,,,,2026-08-07
778,Alec Regula,8480831,EDM,20232024,D,23,,,,2026-08-07
778,Alec Regula,8480831,EDM,20242025,D,24,,,,2026-08-07
778,Alec Regula,8480831,EDM,20252026,D,25,0.1034,14.467,29,2026-08-07
779,Alex Barr-Boulet,8479718,TB,20232024,C,26,0.25,11.183,36,2026-08-07
779,Alex Barr-Boulet,8479718,TB,20242025,C,27,0.0,10.167,2,2026-08-07
779,Alex Barr-Boulet,8479718,TB,20252026,C,28,0.5,8.4,2,2026-08-07
780,Alex Goligoski,8471274,MIN,20232024,D,38,0.2778,14.817,36,2026-08-07
780,Alex Goligoski,8471274,MIN,20242025,D,39,,,,2026-08-07
780,Alex Goligoski,8471274,MIN,20252026,D,40,,,,2026-08-07
781,Alex Pietrangelo,8474565,VEG,20232024,D,34,0.5156,23.567,64,2026-08-07
781,Alex Pietrangelo,8474565,VEG,20242025,D,35,0.4648,22.4,71,2026-08-07
781,Alex Pietrangelo,8474565,VEG,20252026,D,36,,,,2026-08-07
782,Alexander Alexeyev,8480823,WAS,20232024,D,24,0.0769,13.7,39,2026-08-07
782,Alexander Alexeyev,8480823,WAS,20242025,D,25,0.0,16.067,8,2026-08-07
782,Alexander Alexeyev,8480823,WAS,20252026,D,26,,,,2026-08-07
783,Alexander Barabanov,8482222,SJ,20232024,L,29,0.2826,15.867,46,2026-08-07
783,Alexander Barabanov,8482222,SJ,20242025,L,30,,,,2026-08-07
783,Alexander Barabanov,8482222,SJ,20252026,L,31,,,,2026-08-07
784,Alexander Nylander,8479423,CBJ,20232024,L,25,0.5357,16.249,28,2026-08-07
784,Alexander Nylander,8479423,CBJ,20242025,L,26,0.0,9.883,5,2026-08-07
784,Alexander Nylander,8479423,CBJ,20252026,L,27,,,,2026-08-07
785,Andreas Athanasiou,8476960,CHI,20232024,C,29,0.3214,13.1,28,2026-08-07
785,Andreas Athanasiou,8476960,CHI,20242025,C,30,0.125,10.033,8,2026-08-07
785,Andreas Athanasiou,8476960,CHI,20252026,C,31,,,,2026-08-07
786,Andreas Englund,8477971,NAS,20232024,D,28,0.122,13.217,82,2026-08-07
786,Andreas Englund,8477971,NAS,20242025,D,29,0.0857,13.264,35,2026-08-07
786,Andreas Englund,8477971,NAS,20252026,D,30,0.0,8.817,3,2026-08-07
787,Andrew Cogliano,8471699,COL,20232024,C,36,0.2533,10.617,75,2026-08-07
787,Andrew Cogliano,8471699,COL,20242025,C,37,,,,2026-08-07
787,Andrew Cogliano,8471699,COL,20252026,C,38,,,,2026-08-07
788,Arshdeep Bains,8483395,VAN,20232024,L,23,0.0,11.8,8,2026-08-07
788,Arshdeep Bains,8483395,VAN,20242025,L,24,0.0769,10.5,13,2026-08-07
788,Arshdeep Bains,8483395,VAN,20252026,L,25,0.1786,9.2,28,2026-08-07
789,Austin Czarnik,8478512,DET,20232024,C,31,0.0294,8.433,34,2026-08-07
789,Austin Czarnik,8478512,DET,20242025,C,32,,,,2026-08-07
789,Austin Czarnik,8478512,DET,20252026,C,33,,,,2026-08-07
790,Austin Watson,8475766,TB,20232024,L,32,0.1212,7.267,33,2026-08-07
790,Austin Watson,8475766,TB,20242025,L,33,0.2308,7.85,13,2026-08-07
790,Austin Watson,8475766,TB,20252026,L,34,,,,2026-08-07
791,Axel Jonsson-Fjallby,8479536,WPG,20232024,L,25,0.1923,8.117,26,2026-08-07
791,Axel Jonsson-Fjallby,8479536,WPG,20242025,L,26,,,,2026-08-07
791,Axel Jonsson-Fjallby,8479536,WPG,20252026,L,27,,,,2026-08-07
792,Axel Sandin-Pellikka,8484223,DET,20232024,D,18,,,,2026-08-07
792,Axel Sandin-Pellikka,8484223,DET,20242025,D,19,,,,2026-08-07
792,Axel Sandin-Pellikka,8484223,DET,20252026,D,20,0.3088,16.217,68,2026-08-07
793,Blake Wheeler,8471218,NYR,20232024,R,37,0.3889,12.717,54,2026-08-07
793,Blake Wheeler,8471218,NYR,20242025,R,38,,,,2026-08-07
793,Blake Wheeler,8471218,NYR,20252026,R,39,,,,2026-08-07
794,Boris Katchouk,8479383,OTT,20232024,L,25,0.2203,11.477,59,2026-08-07
794,Boris Katchouk,8479383,OTT,20242025,L,26,,,,2026-08-07
794,Boris Katchouk,8479383,OTT,20252026,L,27,0.0,12.183,3,2026-08-07
795,Brad Lambert,8483471,WPG,20232024,C,20,1.0,13.85,1,2026-08-07
795,Brad Lambert,8483471,WPG,20242025,C,21,0.2,11.6,5,2026-08-07
795,Brad Lambert,8483471,WPG,20252026,C,22,0.24,10.8,25,2026-08-07
796,Brendan Gaunce,8476867,CBJ,20232024,C,29,0.1667,11.75,24,2026-08-07
796,Brendan Gaunce,8476867,CBJ,20242025,C,30,0.0833,9.7,12,2026-08-07
796,Brendan Gaunce,8476867,CBJ,20252026,C,31,0.24,11.9,25,2026-08-07
797,Brendan Lemieux,8477962,CAR,20232024,L,27,0.1562,8.0,32,2026-08-07
797,Brendan Lemieux,8477962,CAR,20242025,L,28,,,,2026-08-07
797,Brendan Lemieux,8477962,CAR,20252026,L,29,,,,2026-08-07
798,Brennan Othmann,8482747,NYR,20232024,L,21,0.0,9.083,3,2026-08-07
798,Brennan Othmann,8482747,NYR,20242025,L,22,0.0909,9.967,22,2026-08-07
798,Brennan Othmann,8482747,NYR,20252026,L,23,0.1579,10.008,19,2026-08-07
799,Brett Berard,8482132,NYR,20232024,L,21,,,,2026-08-07
799,Brett Berard,8482132,NYR,20242025,L,22,0.2857,10.717,35,2026-08-07
799,Brett Berard,8482132,NYR,20252026,L,23,0.0,10.55,13,2026-08-07
800,Brett Leason,8481517,ANA,20232024,R,24,0.3235,13.017,68,2026-08-07
800,Brett Leason,8481517,ANA,20242025,R,25,0.2742,12.983,62,2026-08-07
800,Brett Leason,8481517,ANA,20252026,R,26,0.0,8.583,6,2026-08-07
801,Brock McGinn,8476934,ANA,20232024,L,29,0.125,11.083,24,2026-08-07
801,Brock McGinn,8476934,ANA,20242025,L,30,0.3077,11.717,26,2026-08-07
801,Brock McGinn,8476934,ANA,20252026,L,31,,,,2026-08-07
802,Cal Clutterbuck,8473504,NYI,20232024,R,36,0.2317,11.883,82,2026-08-07
802,Cal Clutterbuck,8473504,NYI,20242025,R,37,,,,2026-08-07
802,Cal Clutterbuck,8473504,NYI,20252026,R,38,,,,2026-08-07
803,Caleb Jones,8478452,COL,20232024,D,26,0.2,12.2,25,2026-08-07
803,Caleb Jones,8478452,COL,20242025,D,27,0.0,12.567,6,2026-08-07
803,Caleb Jones,8478452,COL,20252026,D,28,0.1429,17.167,7,2026-08-07
804,Calen Addison,8480884,SJ,20232024,D,23,0.2361,17.258,72,2026-08-07
804,Calen Addison,8480884,SJ,20242025,D,24,,,,2026-08-07
804,Calen Addison,8480884,SJ,20252026,D,25,,,,2026-08-07
805,Calum Ritchie,8484221,NYI,20232024,C,19,,,,2026-08-07
805,Calum Ritchie,8484221,NYI,20242025,C,20,0.1429,12.783,7,2026-08-07
805,Calum Ritchie,8484221,NYI,20252026,C,21,0.4615,13.467,65,2026-08-07
806,Calvin de Haan,8475177,NYR,20232024,D,32,0.1695,16.633,59,2026-08-07
806,Calvin de Haan,8475177,NYR,20242025,D,33,0.1702,14.976,47,2026-08-07
806,Calvin de Haan,8475177,NYR,20252026,D,34,,,,2026-08-07
807,Cam Atkinson,8474715,TB,20232024,R,34,0.4,15.95,70,2026-08-07
807,Cam Atkinson,8474715,TB,20242025,R,35,0.2308,9.0,39,2026-08-07
807,Cam Atkinson,8474715,TB,20252026,R,36,,,,2026-08-07
808,Chad Ruhwedel,8477244,NYR,20232024,D,33,0.0769,12.702,52,2026-08-07
808,Chad Ruhwedel,8477244,NYR,20242025,D,34,0.2,14.1,5,2026-08-07
808,Chad Ruhwedel,8477244,NYR,20252026,D,35,,,,2026-08-07
809,Chris Tierney,8476919,NJ,20232024,C,29,0.2308,9.033,52,2026-08-07
809,Chris Tierney,8476919,NJ,20242025,C,30,,,,2026-08-07
809,Chris Tierney,8476919,NJ,20252026,C,31,,,,2026-08-07
810,Chris Wagner,8475780,COL,20232024,R,32,0.1538,7.45,13,2026-08-07
810,Chris Wagner,8475780,COL,20242025,R,33,0.0357,7.1,28,2026-08-07
810,Chris Wagner,8475780,COL,20252026,R,34,,,,2026-08-07
811,Christian Fischer,8478432,CBJ,20232024,R,26,0.2405,11.4,79,2026-08-07
811,Christian Fischer,8478432,CBJ,20242025,R,27,0.1522,11.117,46,2026-08-07
811,Christian Fischer,8478432,CBJ,20252026,R,28,,,,2026-08-07
812,Cole Guttman,8480252,CHI,20232024,C,24,0.2963,12.617,27,2026-08-07
812,Cole Guttman,8480252,CHI,20242025,C,25,,,,2026-08-07
812,Cole Guttman,8480252,CHI,20252026,C,26,,,,2026-08-07
813,Colin White,8478400,MON,20232024,C,27,0.0,9.525,28,2026-08-07
813,Colin White,8478400,MON,20242025,C,28,0.0,7.3,3,2026-08-07
813,Colin White,8478400,MON,20252026,C,29,,,,2026-08-07
814,Colton White,8478841,NJ,20232024,D,26,,,,2026-08-07
814,Colton White,8478841,NJ,20242025,D,27,,,,2026-08-07
814,Colton White,8478841,NJ,20252026,D,28,0.1739,12.25,23,2026-08-07
815,Craig Smith,8475225,DET,20232024,C,34,0.2667,10.217,75,2026-08-07
815,Craig Smith,8475225,DET,20242025,C,35,0.3051,11.333,59,2026-08-07
815,Craig Smith,8475225,DET,20252026,C,36,,,,2026-08-07
816,Dakota Mermis,8477541,MIN,20232024,D,30,0.1702,14.083,47,2026-08-07
816,Dakota Mermis,8477541,MIN,20242025,D,31,0.25,15.208,4,2026-08-07
816,Dakota Mermis,8477541,MIN,20252026,D,32,0.0909,13.033,11,2026-08-07
817,Daniel Sprong,8478466,NJ,20232024,R,26,0.5658,12.0,76,2026-08-07
817,Daniel Sprong,8478466,NJ,20242025,R,27,0.2333,12.194,30,2026-08-07
817,Daniel Sprong,8478466,NJ,20252026,R,28,,,,2026-08-07
818,Daniil Miromanov,8482624,CGY,20232024,D,26,0.2917,20.717,24,2026-08-07
818,Daniil Miromanov,8482624,CGY,20242025,D,27,0.2045,17.683,44,2026-08-07
818,Daniil Miromanov,8482624,CGY,20252026,D,28,0.0,17.817,1,2026-08-07
819,David Gustafsson,8481019,WPG,20232024,C,23,0.1795,9.267,39,2026-08-07
819,David Gustafsson,8481019,WPG,20242025,C,24,0.1667,8.983,36,2026-08-07
819,David Gustafsson,8481019,WPG,20252026,C,25,,,,2026-08-07
820,David Savard,8475233,MON,20232024,D,33,0.4,20.233,60,2026-08-07
820,David Savard,8475233,MON,20242025,D,34,0.2,16.583,75,2026-08-07
820,David Savard,8475233,MON,20252026,D,35,,,,2026-08-07
821,David Tomasek,8485493,EDM,20232024,R,27,,,,2026-08-07
821,David Tomasek,8485493,EDM,20242025,R,28,,,,2026-08-07
821,David Tomasek,8485493,EDM,20252026,R,29,0.2273,10.767,22,2026-08-07
822,Derek Ryan,8478585,EDM,20232024,C,37,0.1714,10.2,70,2026-08-07
822,Derek Ryan,8478585,EDM,20242025,C,38,0.1667,9.35,36,2026-08-07
822,Derek Ryan,8478585,EDM,20252026,C,39,,,,2026-08-07
823,Devin Shore,8476913,MIN,20232024,C,29,0.1905,8.0,21,2026-08-07
823,Devin Shore,8476913,MIN,20242025,C,30,0.0909,8.65,55,2026-08-07
823,Devin Shore,8476913,MIN,20252026,C,31,,,,2026-08-07
824,Dillon Dube,8479346,CGY,20232024,C,25,0.1628,11.167,43,2026-08-07
824,Dillon Dube,8479346,CGY,20242025,C,26,,,,2026-08-07
824,Dillon Dube,8479346,CGY,20252026,C,27,,,,2026-08-07
825,Dominik Kubalik,8477330,OTT,20232024,L,28,0.2027,12.117,74,2026-08-07
825,Dominik Kubalik,8477330,OTT,20242025,L,29,,,,2026-08-07
825,Dominik Kubalik,8477330,OTT,20252026,L,30,,,,2026-08-07
826,Dryden Hunt,8478211,CGY,20232024,L,28,0.2857,11.133,28,2026-08-07
826,Dryden Hunt,8478211,CGY,20242025,L,29,0.6,11.65,5,2026-08-07
826,Dryden Hunt,8478211,CGY,20252026,L,30,0.0,8.933,3,2026-08-07
827,Easton Cowan,8484158,TOR,20232024,R,18,,,,2026-08-07
827,Easton Cowan,8484158,TOR,20242025,R,19,,,,2026-08-07
827,Easton Cowan,8484158,TOR,20252026,R,20,0.4394,14.717,66,2026-08-07
828,Emil Bemstrom,8480205,PIT,20232024,C,24,0.2857,11.145,56,2026-08-07
828,Emil Bemstrom,8480205,PIT,20242025,C,25,0.0714,8.333,14,2026-08-07
828,Emil Bemstrom,8480205,PIT,20252026,C,26,,,,2026-08-07
829,Erik Brannstrom,8480073,VAN,20232024,D,24,0.2632,16.583,76,2026-08-07
829,Erik Brannstrom,8480073,VAN,20242025,D,25,0.2857,14.933,28,2026-08-07
829,Erik Brannstrom,8480073,VAN,20252026,D,26,,,,2026-08-07
830,Erik Gustafsson,8476979,DET,20232024,D,31,0.4079,17.4,76,2026-08-07
830,Erik Gustafsson,8476979,DET,20242025,D,32,0.3,16.317,60,2026-08-07
830,Erik Gustafsson,8476979,DET,20252026,D,33,0.0,18.75,2,2026-08-07
831,Erik Johnson,8473446,COL,20232024,D,35,0.0896,14.468,67,2026-08-07
831,Erik Johnson,8473446,COL,20242025,D,36,0.1389,14.583,36,2026-08-07
831,Erik Johnson,8473446,COL,20252026,D,37,,,,2026-08-07
832,Ethan Bear,8478451,WAS,20232024,D,26,0.1667,14.9,24,2026-08-07
832,Ethan Bear,8478451,WAS,20242025,D,27,,,,2026-08-07
832,Ethan Bear,8478451,WAS,20252026,D,28,,,,2026-08-07
833,Evgeny Kuznetsov,8475744,CAR,20232024,C,31,0.381,17.551,63,2026-08-07
833,Evgeny Kuznetsov,8475744,CAR,20242025,C,32,,,,2026-08-07
833,Evgeny Kuznetsov,8475744,CAR,20252026,C,33,,,,2026-08-07
834,Filip Zadina,8480821,SJ,20232024,R,24,0.3194,13.333,72,2026-08-07
834,Filip Zadina,8480821,SJ,20242025,R,25,,,,2026-08-07
834,Filip Zadina,8480821,SJ,20252026,R,26,,,,2026-08-07
835,Fredrik Olofsson,8478028,COL,20232024,L,27,0.1579,9.75,57,2026-08-07
835,Fredrik Olofsson,8478028,COL,20242025,L,28,,,,2026-08-07
835,Fredrik Olofsson,8478028,COL,20252026,L,29,,,,2026-08-07
836,Gavin Brindley,8484149,COL,20232024,C,19,0.0,12.333,1,2026-08-07
836,Gavin Brindley,8484149,COL,20242025,C,20,,,,2026-08-07
836,Gavin Brindley,8484149,COL,20252026,C,21,0.2321,9.55,56,2026-08-07
837,Givani Smith,8479379,SJ,20232024,R,25,0.1111,7.817,36,2026-08-07
837,Givani Smith,8479379,SJ,20242025,R,26,0.0,6.319,13,2026-08-07
837,Givani Smith,8479379,SJ,20252026,R,27,,,,2026-08-07
838,Gustav Lindstrom,8480184,ANA,20232024,D,25,0.2174,15.399,46,2026-08-07
838,Gustav Lindstrom,8480184,ANA,20242025,D,26,,,,2026-08-07
838,Gustav Lindstrom,8480184,ANA,20252026,D,27,,,,2026-08-07
839,Henry Thrun,8481567,SJ,20232024,D,22,0.2157,20.0,51,2026-08-07
839,Henry Thrun,8481567,SJ,20242025,D,23,0.2,17.517,60,2026-08-07
839,Henry Thrun,8481567,SJ,20252026,D,24,0.0,14.867,4,2026-08-07
840,Hudson Fasching,8477392,NYI,20232024,R,28,0.3111,12.05,45,2026-08-07
840,Hudson Fasching,8477392,NYI,20242025,R,29,0.093,11.083,43,2026-08-07
840,Hudson Fasching,8477392,NYI,20252026,R,30,,,,2026-08-07
841,Igor Chernyshov,8484994,SJ,20232024,L,18,,,,2026-08-07
841,Igor Chernyshov,8484994,SJ,20242025,L,19,,,,2026-08-07
841,Igor Chernyshov,8484994,SJ,20252026,L,20,0.6786,15.05,28,2026-08-07
842,Isaac Howard,8483455,EDM,20232024,L,19,,,,2026-08-07
842,Isaac Howard,8483455,EDM,20242025,L,20,,,,2026-08-07
842,Isaac Howard,8483455,EDM,20252026,L,21,0.1724,10.317,29,2026-08-07
843,Isaak Phillips,8482192,CHI,20232024,D,22,0.1818,17.067,33,2026-08-07
843,Isaak Phillips,8482192,CHI,20242025,D,23,0.3333,11.9,3,2026-08-07
843,Isaak Phillips,8482192,CHI,20252026,D,24,0.0,9.517,3,2026-08-07
844,Isaiah George,8483448,NYI,20232024,D,19,,,,2026-08-07
844,Isaiah George,8483448,NYI,20242025,D,20,0.1515,15.65,33,2026-08-07
844,Isaiah George,8483448,NYI,20252026,D,21,0.25,13.367,4,2026-08-07
845,Ivan Ivan,8483930,COL,20232024,C,21,,,,2026-08-07
845,Ivan Ivan,8483930,COL,20242025,C,22,0.2,10.033,40,2026-08-07
845,Ivan Ivan,8483930,COL,20252026,C,23,0.1111,7.45,9,2026-08-07
846,Jack Johnson,8471677,CBJ,20232024,D,37,0.2,14.933,80,2026-08-07
846,Jack Johnson,8471677,CBJ,20242025,D,38,0.1463,12.867,41,2026-08-07
846,Jack Johnson,8471677,CBJ,20252026,D,39,,,,2026-08-07
847,Jack Studnicka,8480021,SJ,20232024,C,24,0.0455,11.445,22,2026-08-07
847,Jack Studnicka,8480021,SJ,20242025,C,25,,,,2026-08-07
847,Jack Studnicka,8480021,SJ,20252026,C,26,0.0,7.1,19,2026-08-07
848,Jack Thompson,8482144,SJ,20232024,D,21,0.0,15.672,3,2026-08-07
848,Jack Thompson,8482144,SJ,20242025,D,22,0.3226,15.783,31,2026-08-07
848,Jack Thompson,8482144,SJ,20252026,D,23,,,,2026-08-07
849,Jacob Lucchini,8481422,MIN,20232024,C,28,0.125,9.6,40,2026-08-07
849,Jacob Lucchini,8481422,MIN,20242025,C,29,0.0,11.483,3,2026-08-07
849,Jacob Lucchini,8481422,MIN,20252026,C,30,,,,2026-08-07
850,Jacob MacDonald,8479439,SJ,20232024,D,30,0.2647,12.017,34,2026-08-07
850,Jacob MacDonald,8479439,SJ,20242025,D,31,,,,2026-08-07
850,Jacob MacDonald,8479439,SJ,20252026,D,32,,,,2026-08-07
851,Jacob Melanson,8482874,SEA,20232024,R,20,,,,2026-08-07
851,Jacob Melanson,8482874,SEA,20242025,R,21,0.0,9.883,1,2026-08-07
851,Jacob Melanson,8482874,SEA,20252026,R,22,0.1389,9.367,36,2026-08-07
852,Jacob Quillan,8484901,TOR,20232024,C,21,,,,2026-08-07
852,Jacob Quillan,8484901,TOR,20242025,C,22,0.0,5.35,1,2026-08-07
852,Jacob Quillan,8484901,TOR,20252026,C,23,0.1304,10.267,23,2026-08-07
853,Jakob Pelletier,8481592,PHI,20232024,L,22,0.2308,9.267,13,2026-08-07
853,Jakob Pelletier,8481592,PHI,20242025,L,23,0.3878,11.553,49,2026-08-07
853,Jakob Pelletier,8481592,PHI,20252026,L,24,0.0,9.35,5,2026-08-07
854,Jakob Silfverberg,8475164,ANA,20232024,R,33,0.2346,13.05,81,2026-08-07
854,Jakob Silfverberg,8475164,ANA,20242025,R,34,,,,2026-08-07
854,Jakob Silfverberg,8475164,ANA,20252026,R,35,,,,2026-08-07
855,Jakub Lauko,8480880,BOS,20232024,C,23,0.1667,9.817,60,2026-08-07
855,Jakub Lauko,8480880,BOS,20242025,C,24,0.1964,10.714,56,2026-08-07
855,Jakub Lauko,8480880,BOS,20252026,C,25,,,,2026-08-07
856,Jakub Vrana,8477944,NAS,20232024,L,27,0.2857,12.133,21,2026-08-07
856,Jakub Vrana,8477944,NAS,20242025,L,28,0.359,10.35,39,2026-08-07
856,Jakub Vrana,8477944,NAS,20252026,L,29,,,,2026-08-07
857,James Hamblin,8480468,EDM,20232024,L,24,0.0968,7.917,31,2026-08-07
857,James Hamblin,8480468,EDM,20242025,L,25,,,,2026-08-07
857,James Hamblin,8480468,EDM,20252026,L,26,,,,2026-08-07
858,Jan Rutta,8480172,SJ,20232024,D,33,0.2754,19.717,69,2026-08-07
858,Jan Rutta,8480172,SJ,20242025,D,34,0.1667,17.25,54,2026-08-07
858,Jan Rutta,8480172,SJ,20252026,D,35,,,,2026-08-07
859,Jani Hakanp,8475825,DAL,20232024,D,31,0.1875,18.65,64,2026-08-07
859,Jani Hakanp,8475825,DAL,20242025,D,32,0.0,14.083,2,2026-08-07
859,Jani Hakanp,8475825,DAL,20252026,D,33,,,,2026-08-07
860,Jani Nyman,8483497,SEA,20232024,R,19,,,,2026-08-07
860,Jani Nyman,8483497,SEA,20242025,R,20,0.5,13.983,12,2026-08-07
860,Jani Nyman,8483497,SEA,20252026,R,21,0.25,10.567,28,2026-08-07
861,Jaret Anderson-Dolan,8479994,NAS,20232024,C,24,0.129,11.053,31,2026-08-07
861,Jaret Anderson-Dolan,8479994,NAS,20242025,C,25,0.1429,9.933,7,2026-08-07
861,Jaret Anderson-Dolan,8479994,NAS,20252026,C,26,,,,2026-08-07
862,Jarred Tinordi,8475797,CHI,20232024,D,31,0.1731,15.65,52,2026-08-07
862,Jarred Tinordi,8475797,CHI,20242025,D,32,,,,2026-08-07
862,Jarred Tinordi,8475797,CHI,20252026,D,33,,,,2026-08-07
863,Jeff Carter,8470604,PIT,20232024,C,39,0.2083,12.567,72,2026-08-07
863,Jeff Carter,8470604,PIT,20242025,C,40,,,,2026-08-07
863,Jeff Carter,8470604,PIT,20252026,C,41,,,,2026-08-07
864,Jeff Skinner,8475784,SJ,20232024,L,31,0.6216,16.0,74,2026-08-07
864,Jeff Skinner,8475784,SJ,20242025,L,32,0.4028,13.0,72,2026-08-07
864,Jeff Skinner,8475784,SJ,20252026,L,33,0.4062,12.35,32,2026-08-07
865,Jesper Fast,8475855,CAR,20232024,R,32,0.2603,12.6,73,2026-08-07
865,Jesper Fast,8475855,CAR,20242025,R,33,,,,2026-08-07
865,Jesper Fast,8475855,CAR,20252026,R,34,,,,2026-08-07
866,Jesse Puljujarvi,8479344,FLA,20232024,R,25,0.1818,9.183,22,2026-08-07
866,Jesse Puljujarvi,8479344,FLA,20242025,R,26,0.3226,11.783,31,2026-08-07
866,Jesse Puljujarvi,8479344,FLA,20252026,R,27,,,,2026-08-07
867,Jesse Ylnen,8481058,MON,20232024,R,24,0.1356,10.233,59,2026-08-07
867,Jesse Ylnen,8481058,MON,20242025,R,25,,,,2026-08-07
867,Jesse Ylnen,8481058,MON,20252026,R,26,,,,2026-08-07
868,Jimmy Vesey,8476918,COL,20232024,L,30,0.325,12.383,80,2026-08-07
868,Jimmy Vesey,8476918,COL,20242025,L,31,0.186,10.643,43,2026-08-07
868,Jimmy Vesey,8476918,COL,20252026,L,32,,,,2026-08-07
869,Jiri Smejkal,8484314,OTT,20232024,L,27,0.1,9.483,20,2026-08-07
869,Jiri Smejkal,8484314,OTT,20242025,L,28,,,,2026-08-07
869,Jiri Smejkal,8484314,OTT,20252026,L,29,,,,2026-08-07
870,Joe Pavelski,8470794,DAL,20232024,C,39,0.8171,16.817,82,2026-08-07
870,Joe Pavelski,8470794,DAL,20242025,C,40,,,,2026-08-07
870,Joe Pavelski,8470794,DAL,20252026,C,41,,,,2026-08-07
871,Joel Nystrom,8482911,CAR,20232024,D,21,,,,2026-08-07
871,Joel Nystrom,8482911,CAR,20242025,D,22,,,,2026-08-07
871,Joel Nystrom,8482911,CAR,20252026,D,23,0.2632,15.183,38,2026-08-07
872,Joey Anderson,8479315,CHI,20232024,R,25,0.3091,13.55,55,2026-08-07
872,Joey Anderson,8479315,CHI,20242025,R,26,0.0556,12.4,18,2026-08-07
872,Joey Anderson,8479315,CHI,20252026,R,27,,,,2026-08-07
873,John Hayden,8477401,SEA,20232024,C,28,0.0,6.733,2,2026-08-07
873,John Hayden,8477401,SEA,20242025,C,29,0.1,8.517,20,2026-08-07
873,John Hayden,8477401,SEA,20252026,C,30,0.0,10.083,3,2026-08-07
874,John Ludvig,8481206,PIT,20232024,D,23,0.1515,11.8,33,2026-08-07
874,John Ludvig,8481206,PIT,20242025,D,24,0.25,12.95,8,2026-08-07
874,John Ludvig,8481206,PIT,20252026,D,25,,,,2026-08-07
875,Johnny Gaudreau,8476346,CBJ,20232024,L,30,0.7407,18.817,81,2026-08-07
875,Johnny Gaudreau,8476346,CBJ,20242025,L,31,,,,2026-08-07
875,Johnny Gaudreau,8476346,CBJ,20252026,L,32,,,,2026-08-07
876,Jon Merrill,8475750,MIN,20232024,D,31,0.1692,12.783,65,2026-08-07
876,Jon Merrill,8475750,MIN,20242025,D,32,0.0857,14.1,70,2026-08-07
876,Jon Merrill,8475750,MIN,20252026,D,33,,,,2026-08-07
877,Jonathan Lekkerimki,8483476,VAN,20232024,R,19,,,,2026-08-07
877,Jonathan Lekkerimki,8483476,VAN,20242025,R,20,0.25,12.5,24,2026-08-07
877,Jonathan Lekkerimki,8483476,VAN,20252026,R,21,0.2308,11.683,13,2026-08-07
878,Jordan Oesterle,8477851,NAS,20232024,D,31,0.0909,13.517,22,2026-08-07
878,Jordan Oesterle,8477851,NAS,20242025,D,32,0.2703,17.147,37,2026-08-07
878,Jordan Oesterle,8477851,NAS,20252026,D,33,0.0,14.083,1,2026-08-07
879,Josh Brown,8477384,UTA,20232024,D,30,0.1961,14.75,51,2026-08-07
879,Josh Brown,8477384,UTA,20242025,D,31,0.1,12.617,10,2026-08-07
879,Josh Brown,8477384,UTA,20252026,D,32,,,,2026-08-07
880,Joshua Roy,8482749,MON,20232024,R,20,0.3913,12.133,23,2026-08-07
880,Joshua Roy,8482749,MON,20242025,R,21,0.1667,11.017,12,2026-08-07
880,Joshua Roy,8482749,MON,20252026,R,22,0.0,9.783,3,2026-08-07
881,Juho Lammikko,8477996,NJ,20232024,C,28,,,,2026-08-07
881,Juho Lammikko,8477996,NJ,20242025,C,29,,,,2026-08-07
881,Juho Lammikko,8477996,NJ,20252026,C,30,0.0833,9.883,24,2026-08-07
882,Julien Gauthier,8479328,NYI,20232024,R,26,0.3333,10.167,27,2026-08-07
882,Julien Gauthier,8479328,NYI,20242025,R,27,0.0,7.7,1,2026-08-07
882,Julien Gauthier,8479328,NYI,20252026,R,28,,,,2026-08-07
883,Justin Bailey,8477473,SJ,20232024,R,28,0.2373,11.283,59,2026-08-07
883,Justin Bailey,8477473,SJ,20242025,R,29,,,,2026-08-07
883,Justin Bailey,8477473,SJ,20252026,R,30,,,,2026-08-07
884,Justin Dowling,8475413,NJ,20232024,C,33,0.5,10.533,2,2026-08-07
884,Justin Dowling,8475413,NJ,20242025,C,34,0.1346,10.217,52,2026-08-07
884,Justin Dowling,8475413,NJ,20252026,C,35,0.0,7.2,2,2026-08-07
885,Justin Kirkland,8477993,CGY,20232024,C,27,0.0,7.233,2,2026-08-07
885,Justin Kirkland,8477993,CGY,20242025,C,28,0.381,9.7,21,2026-08-07
885,Justin Kirkland,8477993,CGY,20252026,C,29,0.1,9.817,20,2026-08-07
886,Justin Schultz,8474602,SEA,20232024,D,33,0.3714,16.467,70,2026-08-07
886,Justin Schultz,8474602,SEA,20242025,D,34,,,,2026-08-07
886,Justin Schultz,8474602,SEA,20252026,D,35,,,,2026-08-07
887,Juuso Parssinen,8481704,NYR,20232024,C,23,0.2727,14.6,44,2026-08-07
887,Juuso Parssinen,8481704,NYR,20242025,C,24,0.3333,10.54,48,2026-08-07
887,Juuso Parssinen,8481704,NYR,20252026,C,25,0.15,8.85,20,2026-08-07
888,Juuso Vlimki,8479976,UTA,20232024,D,25,0.25,19.1,68,2026-08-07
888,Juuso Vlimki,8479976,UTA,20242025,D,26,0.1163,16.55,43,2026-08-07
888,Juuso Vlimki,8479976,UTA,20252026,D,27,,,,2026-08-07
889,Keaton Middleton,8479387,COL,20232024,D,25,,,,2026-08-07
889,Keaton Middleton,8479387,COL,20242025,D,26,0.0488,11.483,41,2026-08-07
889,Keaton Middleton,8479387,COL,20252026,D,27,0.3333,10.75,3,2026-08-07
890,Kevin Labanc,8478099,CBJ,20232024,R,28,0.1957,11.617,46,2026-08-07
890,Kevin Labanc,8478099,CBJ,20242025,R,29,0.3529,10.5,34,2026-08-07
890,Kevin Labanc,8478099,CBJ,20252026,R,30,,,,2026-08-07
891,Kevin Shattenkirk,8474031,BOS,20232024,D,35,0.3934,15.783,61,2026-08-07
891,Kevin Shattenkirk,8474031,BOS,20242025,D,36,,,,2026-08-07
891,Kevin Shattenkirk,8474031,BOS,20252026,D,37,,,,2026-08-07
892,Klim Kostin,8480011,SJ,20232024,C,24,0.2692,10.915,52,2026-08-07
892,Klim Kostin,8480011,SJ,20242025,C,25,0.2,10.683,35,2026-08-07
892,Klim Kostin,8480011,SJ,20252026,C,26,,,,2026-08-07
893,Kyle Burroughs,8477335,LA,20232024,D,28,0.1096,19.15,73,2026-08-07
893,Kyle Burroughs,8477335,LA,20242025,D,29,0.0909,7.817,33,2026-08-07
893,Kyle Burroughs,8477335,LA,20252026,D,30,,,,2026-08-07
894,Kyle Okposo,8473449,FLA,20232024,R,35,0.3284,13.355,67,2026-08-07
894,Kyle Okposo,8473449,FLA,20242025,R,36,,,,2026-08-07
894,Kyle Okposo,8473449,FLA,20252026,R,37,,,,2026-08-07
895,Lenni Hameenaho,8484177,NJ,20232024,R,19,,,,2026-08-07
895,Lenni Hameenaho,8484177,NJ,20242025,R,20,,,,2026-08-07
895,Lenni Hameenaho,8484177,NJ,20252026,R,21,0.2424,12.183,33,2026-08-07
896,MacKenzie Entwistle,8480025,CHI,20232024,R,24,0.1642,11.383,67,2026-08-07
896,MacKenzie Entwistle,8480025,CHI,20242025,R,25,,,,2026-08-07
896,MacKenzie Entwistle,8480025,CHI,20252026,R,26,,,,2026-08-07
897,Marc Del Gaizo,8481743,NAS,20232024,D,24,0.3333,16.467,9,2026-08-07
897,Marc Del Gaizo,8481743,NAS,20242025,D,25,0.1957,16.75,46,2026-08-07
897,Marc Del Gaizo,8481743,NAS,20252026,D,26,,,,2026-08-07
898,Marc Staal,8471686,PHI,20232024,D,37,0.1429,13.817,35,2026-08-07
898,Marc Staal,8471686,PHI,20242025,D,38,,,,2026-08-07
898,Marc Staal,8471686,PHI,20252026,D,39,,,,2026-08-07
899,Marc-Edouard Vlasic,8471709,SJ,20232024,D,36,0.2105,16.283,57,2026-08-07
899,Marc-Edouard Vlasic,8471709,SJ,20242025,D,37,0.1111,14.633,27,2026-08-07
899,Marc-Edouard Vlasic,8471709,SJ,20252026,D,38,,,,2026-08-07
900,Marco Scandella,8474618,STL,20232024,D,33,0.1231,12.467,65,2026-08-07
900,Marco Scandella,8474618,STL,20242025,D,34,,,,2026-08-07
900,Marco Scandella,8474618,STL,20252026,D,35,,,,2026-08-07
901,Mark Friedman,8478017,VAN,20232024,D,28,0.0435,12.233,23,2026-08-07
901,Mark Friedman,8478017,VAN,20242025,D,29,0.0,14.067,5,2026-08-07
901,Mark Friedman,8478017,VAN,20252026,D,30,,,,2026-08-07
902,Mark Giordano,8470966,TOR,20232024,D,40,0.1957,16.617,46,2026-08-07
902,Mark Giordano,8470966,TOR,20242025,D,41,,,,2026-08-07
902,Mark Giordano,8470966,TOR,20252026,D,42,,,,2026-08-07
903,Mason Shaw,8479972,MIN,20232024,C,25,0.15,8.183,20,2026-08-07
903,Mason Shaw,8479972,MIN,20242025,C,26,,,,2026-08-07
903,Mason Shaw,8479972,MIN,20252026,C,27,,,,2026-08-07
904,Mathew Dumba,8476856,DAL,20232024,D,29,0.1579,19.731,76,2026-08-07
904,Mathew Dumba,8476856,DAL,20242025,D,30,0.1587,15.3,63,2026-08-07
904,Mathew Dumba,8476856,DAL,20252026,D,31,0.2727,14.933,11,2026-08-07
905,Matt Martin,8474709,NYI,20232024,L,34,0.1404,9.317,57,2026-08-07
905,Matt Martin,8474709,NYI,20242025,L,35,0.0625,8.55,32,2026-08-07
905,Matt Martin,8474709,NYI,20252026,L,36,,,,2026-08-07
906,Matt Nieto,8476442,PIT,20232024,L,31,0.1818,11.617,22,2026-08-07
906,Matt Nieto,8476442,PIT,20242025,L,32,0.0938,12.25,32,2026-08-07
906,Matt Nieto,8476442,PIT,20252026,L,33,,,,2026-08-07
907,Matthew Highmore,8478146,OTT,20232024,C,27,0.2857,7.717,7,2026-08-07
907,Matthew Highmore,8478146,OTT,20242025,C,28,0.1463,11.167,41,2026-08-07
907,Matthew Highmore,8478146,OTT,20252026,C,29,,,,2026-08-07
908,Matthew Phillips,8479547,WAS,20232024,R,25,0.1613,10.176,31,2026-08-07
908,Matthew Phillips,8479547,WAS,20242025,R,26,,,,2026-08-07
908,Matthew Phillips,8479547,WAS,20252026,R,27,,,,2026-08-07
909,Matthew Poitras,8483505,BOS,20232024,C,19,0.4545,13.4,33,2026-08-07
909,Matthew Poitras,8483505,BOS,20242025,C,20,0.3333,13.083,33,2026-08-07
909,Matthew Poitras,8483505,BOS,20252026,C,21,0.3333,12.117,3,2026-08-07
910,Max Pacioretty,8474157,TOR,20232024,L,35,0.4894,14.433,47,2026-08-07
910,Max Pacioretty,8474157,TOR,20242025,L,36,0.3514,13.5,37,2026-08-07
910,Max Pacioretty,8474157,TOR,20252026,L,37,,,,2026-08-07
911,Michael McLeod,8479415,NJ,20232024,C,25,0.4222,15.15,45,2026-08-07
911,Michael McLeod,8479415,NJ,20242025,C,26,,,,2026-08-07
911,Michael McLeod,8479415,NJ,20252026,C,27,,,,2026-08-07
912,Michael Pezzetta,8479543,MON,20232024,L,25,0.1967,7.8,61,2026-08-07
912,Michael Pezzetta,8479543,MON,20242025,L,26,0.0,5.933,25,2026-08-07
912,Michael Pezzetta,8479543,MON,20252026,L,27,0.0,6.467,9,2026-08-07
913,Michael Sgarbossa,8475958,WAS,20232024,C,31,0.28,10.967,25,2026-08-07
913,Michael Sgarbossa,8475958,WAS,20242025,C,32,0.6667,9.333,3,2026-08-07
913,Michael Sgarbossa,8475958,WAS,20252026,C,33,,,,2026-08-07
914,Mikael Pyyhtia,8482451,CBJ,20232024,L,22,0.1176,13.15,17,2026-08-07
914,Mikael Pyyhtia,8482451,CBJ,20242025,L,23,0.1489,12.1,47,2026-08-07
914,Mikael Pyyhtia,8482451,CBJ,20252026,L,24,0.2,10.267,5,2026-08-07
915,Mike Hoffman,8474884,SJ,20232024,C,34,0.3485,13.733,66,2026-08-07
915,Mike Hoffman,8474884,SJ,20242025,C,35,,,,2026-08-07
915,Mike Hoffman,8474884,SJ,20252026,C,36,,,,2026-08-07
916,Mitchell Chaffee,8482070,TB,20232024,R,26,0.2333,11.283,30,2026-08-07
916,Mitchell Chaffee,8482070,TB,20242025,R,27,0.2727,12.033,66,2026-08-07
916,Mitchell Chaffee,8482070,TB,20252026,R,28,0.0909,9.567,11,2026-08-07
917,Mitchell Stephens,8478477,SEA,20232024,C,26,0.1304,9.05,23,2026-08-07
917,Mitchell Stephens,8478477,SEA,20242025,C,27,0.1071,9.233,28,2026-08-07
917,Mitchell Stephens,8478477,SEA,20252026,C,28,,,,2026-08-07
918,Nate Danielson,8484160,DET,20232024,C,19,,,,2026-08-07
918,Nate Danielson,8484160,DET,20242025,C,20,,,,2026-08-07
918,Nate Danielson,8484160,DET,20252026,C,21,0.25,11.05,28,2026-08-07
919,Nick Bonino,8474009,NYR,20232024,C,35,0.1111,12.25,45,2026-08-07
919,Nick Bonino,8474009,NYR,20242025,C,36,,,,2026-08-07
919,Nick Bonino,8474009,NYR,20252026,C,37,,,,2026-08-07
920,Nikita Alexandrov,8481543,STL,20232024,C,23,0.087,8.533,23,2026-08-07
920,Nikita Alexandrov,8481543,STL,20242025,C,24,,,,2026-08-07
920,Nikita Alexandrov,8481543,STL,20252026,C,25,,,,2026-08-07
921,Nikita Nesterenko,8481754,ANA,20232024,C,22,0.3333,11.517,3,2026-08-07
921,Nikita Nesterenko,8481754,ANA,20242025,C,23,0.3,10.317,20,2026-08-07
921,Nikita Nesterenko,8481754,ANA,20252026,C,24,0.3103,12.25,29,2026-08-07
922,Nikita Okhotiuk,8481537,CGY,20232024,D,23,0.1731,15.913,52,2026-08-07
922,Nikita Okhotiuk,8481537,CGY,20242025,D,24,,,,2026-08-07
922,Nikita Okhotiuk,8481537,CGY,20252026,D,25,,,,2026-08-07
923,Nikita Zaitsev,8479458,CHI,20232024,D,32,0.1842,15.933,38,2026-08-07
923,Nikita Zaitsev,8479458,CHI,20242025,D,33,,,,2026-08-07
923,Nikita Zaitsev,8479458,CHI,20252026,D,34,,,,2026-08-07
924,Nikolai Kovalenko,8481042,SJ,20232024,R,24,,,,2026-08-07
924,Nikolai Kovalenko,8481042,SJ,20242025,R,25,0.3509,12.339,57,2026-08-07
924,Nikolai Kovalenko,8481042,SJ,20252026,R,26,,,,2026-08-07
925,Noah Gregor,8479393,FLA,20232024,L,25,0.1905,11.4,63,2026-08-07
925,Noah Gregor,8479393,FLA,20242025,L,26,0.1346,11.108,52,2026-08-07
925,Noah Gregor,8479393,FLA,20252026,L,27,0.2432,9.567,37,2026-08-07
926,Nolan Allan,8482700,CHI,20232024,D,20,,,,2026-08-07
926,Nolan Allan,8482700,CHI,20242025,D,21,0.186,15.133,43,2026-08-07
926,Nolan Allan,8482700,CHI,20252026,D,22,,,,2026-08-07
927,Oliver Kylington,8478430,CGY,20232024,D,26,0.2424,17.25,33,2026-08-07
927,Oliver Kylington,8478430,CGY,20242025,D,27,0.2632,12.294,19,2026-08-07
927,Oliver Kylington,8478430,CGY,20252026,D,28,,,,2026-08-07
928,Oliver Wahlstrom,8480789,BOS,20232024,R,23,0.1875,11.067,32,2026-08-07
928,Oliver Wahlstrom,8480789,BOS,20242025,R,24,0.1395,10.228,43,2026-08-07
928,Oliver Wahlstrom,8480789,BOS,20252026,R,25,,,,2026-08-07
929,Oskar Steen,8479546,BOS,20232024,C,25,0.0294,9.067,34,2026-08-07
929,Oskar Steen,8479546,BOS,20242025,C,26,,,,2026-08-07
929,Oskar Steen,8479546,BOS,20252026,C,27,,,,2026-08-07
930,Otto Stenberg,8484230,STL,20232024,C,18,,,,2026-08-07
930,Otto Stenberg,8484230,STL,20242025,C,19,,,,2026-08-07
930,Otto Stenberg,8484230,STL,20252026,C,20,0.3125,13.617,32,2026-08-07
931,Owen Pickering,8483503,PIT,20232024,D,20,,,,2026-08-07
931,Owen Pickering,8483503,PIT,20242025,D,21,0.12,14.817,25,2026-08-07
931,Owen Pickering,8483503,PIT,20252026,D,22,0.0,12.1,4,2026-08-07
932,Patrick Maroon,8474034,CHI,20232024,L,35,0.3137,12.839,51,2026-08-07
932,Patrick Maroon,8474034,CHI,20242025,L,36,0.2794,11.533,68,2026-08-07
932,Patrick Maroon,8474034,CHI,20252026,L,37,,,,2026-08-07
933,Philip Tomasino,8481577,PIT,20232024,R,22,0.4878,12.567,41,2026-08-07
933,Philip Tomasino,8481577,PIT,20242025,R,23,0.3934,13.062,61,2026-08-07
933,Philip Tomasino,8481577,PIT,20252026,R,24,0.1111,12.167,9,2026-08-07
934,Phillip Di Giuseppe,8476858,VAN,20232024,L,30,0.1961,12.1,51,2026-08-07
934,Phillip Di Giuseppe,8476858,VAN,20242025,L,31,0.3,11.567,20,2026-08-07
934,Phillip Di Giuseppe,8476858,VAN,20252026,L,32,,,,2026-08-07
935,Pierre Engvall,8478115,NYI,20232024,L,27,0.3784,15.333,74,2026-08-07
935,Pierre Engvall,8478115,NYI,20242025,L,28,0.2419,11.817,62,2026-08-07
935,Pierre Engvall,8478115,NYI,20252026,L,29,,,,2026-08-07
936,Pierre-Edouard Bellemare,8477930,SEA,20232024,L,38,0.175,9.833,40,2026-08-07
936,Pierre-Edouard Bellemare,8477930,SEA,20242025,L,39,,,,2026-08-07
936,Pierre-Edouard Bellemare,8477930,SEA,20252026,L,40,,,,2026-08-07
937,Radim Zohorna,8482241,PIT,20232024,L,27,0.2121,9.767,33,2026-08-07
937,Radim Zohorna,8482241,PIT,20242025,L,28,,,,2026-08-07
937,Radim Zohorna,8482241,PIT,20252026,L,29,,,,2026-08-07
938,Rafael Harvey-Pinard,8481093,MON,20232024,L,25,0.2222,12.633,45,2026-08-07
938,Rafael Harvey-Pinard,8481093,MON,20242025,L,26,0.0,8.9,1,2026-08-07
938,Rafael Harvey-Pinard,8481093,MON,20252026,L,27,0.0,11.017,1,2026-08-07
939,Rasmus Kupari,8480845,WPG,20232024,C,23,0.0357,9.133,28,2026-08-07
939,Rasmus Kupari,8480845,WPG,20242025,C,24,0.1356,10.267,59,2026-08-07
939,Rasmus Kupari,8480845,WPG,20252026,C,25,,,,2026-08-07
940,Reese Johnson,8481147,CHI,20232024,C,25,0.119,10.933,42,2026-08-07
940,Reese Johnson,8481147,CHI,20242025,C,26,0.0,9.533,3,2026-08-07
940,Reese Johnson,8481147,CHI,20252026,C,27,,,,2026-08-07
941,Reid Schaefer,8483513,NAS,20232024,L,20,,,,2026-08-07
941,Reid Schaefer,8483513,NAS,20242025,L,21,,,,2026-08-07
941,Reid Schaefer,8483513,NAS,20252026,L,22,0.1702,9.633,47,2026-08-07
942,Robert Bortuzzo,8474145,NYI,20232024,D,34,0.0,13.736,27,2026-08-07
942,Robert Bortuzzo,8474145,NYI,20242025,D,35,0.1176,10.95,17,2026-08-07
942,Robert Bortuzzo,8474145,NYI,20252026,D,36,,,,2026-08-07
943,Rourke Chartier,8478078,OTT,20232024,C,27,0.0811,10.767,37,2026-08-07
943,Rourke Chartier,8478078,OTT,20242025,C,28,,,,2026-08-07
943,Rourke Chartier,8478078,OTT,20252026,C,29,,,,2026-08-07
944,Rutger McGroarty,8483487,PIT,20232024,R,19,,,,2026-08-07
944,Rutger McGroarty,8483487,PIT,20242025,R,20,0.375,14.617,8,2026-08-07
944,Rutger McGroarty,8483487,PIT,20252026,R,21,0.25,11.967,24,2026-08-07
945,Ryan Carpenter,8477846,SJ,20232024,C,33,0.1935,11.1,62,2026-08-07
945,Ryan Carpenter,8477846,SJ,20242025,C,34,,,,2026-08-07
945,Ryan Carpenter,8477846,SJ,20252026,C,35,,,,2026-08-07
946,Ryan Johansen,8475793,COL,20232024,C,31,0.3651,13.65,63,2026-08-07
946,Ryan Johansen,8475793,COL,20242025,C,32,,,,2026-08-07
946,Ryan Johansen,8475793,COL,20252026,C,33,,,,2026-08-07
947,Ryan Suter,8470600,STL,20232024,D,39,0.2073,18.933,82,2026-08-07
947,Ryan Suter,8470600,STL,20242025,D,40,0.1829,19.467,82,2026-08-07
947,Ryan Suter,8470600,STL,20252026,D,41,,,,2026-08-07
948,Sam Colangelo,8482118,ANA,20232024,R,22,0.3333,12.55,3,2026-08-07
948,Sam Colangelo,8482118,ANA,20242025,R,23,0.375,12.483,32,2026-08-07
948,Sam Colangelo,8482118,ANA,20252026,R,24,0.1111,10.183,9,2026-08-07
949,Sam Gagner,8474040,EDM,20232024,C,34,0.3571,10.217,28,2026-08-07
949,Sam Gagner,8474040,EDM,20242025,C,35,,,,2026-08-07
949,Sam Gagner,8474040,EDM,20252026,C,36,,,,2026-08-07
950,Sammy Blais,8478104,MON,20232024,L,27,0.1321,9.683,53,2026-08-07
950,Sammy Blais,8478104,MON,20242025,L,28,,,,2026-08-07
950,Sammy Blais,8478104,MON,20252026,L,29,0.381,8.428,21,2026-08-07
951,Samuel Bolduc,8481541,NYI,20232024,D,23,0.1471,13.15,34,2026-08-07
951,Samuel Bolduc,8481541,NYI,20242025,D,24,0.0,5.933,1,2026-08-07
951,Samuel Bolduc,8481541,NYI,20252026,D,25,,,,2026-08-07
952,Scott Morrow,8482666,NYR,20232024,D,21,0.0,18.383,2,2026-08-07
952,Scott Morrow,8482666,NYR,20242025,D,22,0.4286,15.8,14,2026-08-07
952,Scott Morrow,8482666,NYR,20252026,D,23,0.2069,15.667,29,2026-08-07
953,Sebastian Aho,8480222,NYI,20232024,D,27,0.1552,16.383,58,2026-08-07
953,Sebastian Aho,8480222,NYI,20242025,D,28,,,,2026-08-07
953,Sebastian Aho,8480222,NYI,20252026,D,29,,,,2026-08-07
954,Sonny Milano,8477947,WAS,20232024,L,27,0.4694,12.5,49,2026-08-07
954,Sonny Milano,8477947,WAS,20242025,L,28,0.0,7.217,3,2026-08-07
954,Sonny Milano,8477947,WAS,20252026,L,29,0.2581,8.883,31,2026-08-07
955,T.J. Oshie,8471698,WAS,20232024,R,37,0.4808,16.867,52,2026-08-07
955,T.J. Oshie,8471698,WAS,20242025,R,38,,,,2026-08-07
955,T.J. Oshie,8471698,WAS,20252026,R,39,,,,2026-08-07
956,TJ Brodie,8474673,CHI,20232024,D,33,0.3333,21.717,78,2026-08-07
956,TJ Brodie,8474673,CHI,20242025,D,34,0.1852,15.633,54,2026-08-07
956,TJ Brodie,8474673,CHI,20252026,D,35,,,,2026-08-07
957,Thomas Bordeleau,8482133,SJ,20232024,C,22,0.4074,15.017,27,2026-08-07
957,Thomas Bordeleau,8482133,SJ,20242025,C,23,0.0,10.633,1,2026-08-07
957,Thomas Bordeleau,8482133,SJ,20252026,C,24,,,,2026-08-07
958,Tomas Tatar,8475193,NJ,20232024,L,33,0.3429,12.45,70,2026-08-07
958,Tomas Tatar,8475193,NJ,20242025,L,34,0.2297,11.1,74,2026-08-07
958,Tomas Tatar,8475193,NJ,20252026,L,35,,,,2026-08-07
959,Torey Krug,8476792,STL,20232024,D,32,0.5065,21.967,77,2026-08-07
959,Torey Krug,8476792,STL,20242025,D,33,,,,2026-08-07
959,Torey Krug,8476792,STL,20252026,D,34,,,,2026-08-07
960,Travis Dermott,8478408,UTA,20232024,D,27,0.14,17.283,50,2026-08-07
960,Travis Dermott,8478408,UTA,20242025,D,28,0.0,12.278,19,2026-08-07
960,Travis Dermott,8478408,UTA,20252026,D,29,,,,2026-08-07
961,Trevor Lewis,8473453,LA,20232024,C,37,0.1951,11.633,82,2026-08-07
961,Trevor Lewis,8473453,LA,20242025,C,38,0.2,10.217,60,2026-08-07
961,Trevor Lewis,8473453,LA,20252026,C,39,,,,2026-08-07
962,Tyler Johnson,8474870,CHI,20232024,C,33,0.4627,15.533,67,2026-08-07
962,Tyler Johnson,8474870,CHI,20242025,C,34,0.2222,13.083,9,2026-08-07
962,Tyler Johnson,8474870,CHI,20252026,C,35,,,,2026-08-07
963,Tyler Motte,8477353,DET,20232024,C,28,0.1304,12.45,69,2026-08-07
963,Tyler Motte,8477353,DET,20242025,C,29,0.1636,11.317,55,2026-08-07
963,Tyler Motte,8477353,DET,20252026,C,30,,,,2026-08-07
964,Tyler Pitlick,8475752,MIN,20232024,C,32,0.1176,10.2,34,2026-08-07
964,Tyler Pitlick,8475752,MIN,20242025,C,33,,,,2026-08-07
964,Tyler Pitlick,8475752,MIN,20252026,C,34,0.0625,7.767,32,2026-08-07
965,Tyson Barrie,8475197,NAS,20232024,D,32,0.3659,18.317,41,2026-08-07
965,Tyson Barrie,8475197,NAS,20242025,D,33,0.2308,15.8,13,2026-08-07
965,Tyson Barrie,8475197,NAS,20252026,D,34,,,,2026-08-07
966,Valtteri Puustinen,8481703,PIT,20232024,R,24,0.3846,11.75,52,2026-08-07
966,Valtteri Puustinen,8481703,PIT,20242025,R,25,0.2308,9.9,13,2026-08-07
966,Valtteri Puustinen,8481703,PIT,20252026,R,26,,,,2026-08-07
967,Vinni Lettieri,8479968,BOS,20232024,C,28,0.1957,9.583,46,2026-08-07
967,Vinni Lettieri,8479968,BOS,20242025,C,29,0.1923,13.517,26,2026-08-07
967,Vinni Lettieri,8479968,BOS,20252026,C,30,,,,2026-08-07
968,Vladislav Kolyachonok,8481609,PIT,20232024,D,22,0.8,12.467,5,2026-08-07
968,Vladislav Kolyachonok,8481609,PIT,20242025,D,23,0.2,13.019,35,2026-08-07
968,Vladislav Kolyachonok,8481609,PIT,20252026,D,24,0.2308,12.537,13,2026-08-07
969,Walker Duehr,8482652,SJ,20232024,R,26,0.175,8.117,40,2026-08-07
969,Walker Duehr,8482652,SJ,20242025,R,27,0.125,8.806,24,2026-08-07
969,Walker Duehr,8482652,SJ,20252026,R,28,0.0,9.5,3,2026-08-07
970,William Lagesson,8478021,ANA,20232024,D,27,0.1,14.8,40,2026-08-07
970,William Lagesson,8478021,ANA,20242025,D,28,0.1429,14.567,7,2026-08-07
970,William Lagesson,8478021,ANA,20252026,D,29,,,,2026-08-07
971,William Lockwood,8479367,FLA,20232024,R,25,0.0385,8.2,26,2026-08-07
971,William Lockwood,8479367,FLA,20242025,R,26,,,,2026-08-07
971,William Lockwood,8479367,FLA,20252026,R,27,,,,2026-08-07
972,Zac Jones,8481708,NYR,20232024,D,23,0.2903,14.633,31,2026-08-07
972,Zac Jones,8481708,NYR,20242025,D,24,0.2391,17.25,46,2026-08-07
972,Zac Jones,8481708,NYR,20252026,D,25,,,,2026-08-07
973,Zach Parise,8470610,COL,20232024,L,39,0.3333,12.967,30,2026-08-07
973,Zach Parise,8470610,COL,20242025,L,40,,,,2026-08-07
973,Zach Parise,8470610,COL,20252026,L,41,,,,2026-08-07
974,Zachary Aston-Reese,8479944,CBJ,20232024,C,29,0.0,5.15,3,2026-08-07
974,Zachary Aston-Reese,8479944,CBJ,20242025,C,30,0.2152,13.45,79,2026-08-07
974,Zachary Aston-Reese,8479944,CBJ,20252026,C,31,0.1852,9.733,27,2026-08-07
975,Zachary L'Heureux,8482742,NAS,20232024,L,20,,,,2026-08-07
975,Zachary L'Heureux,8482742,NAS,20242025,L,21,0.2419,12.05,62,2026-08-07
975,Zachary L'Heureux,8482742,NAS,20252026,L,22,0.2,13.383,25,2026-08-07
976,Zachary Sanford,8477482,CHI,20232024,L,29,0.2069,10.833,29,2026-08-07
976,Zachary Sanford,8477482,CHI,20242025,L,30,,,,2026-08-07
976,Zachary Sanford,8477482,CHI,20252026,L,31,,,,2026-08-07
