player_id,nhl_player_id,full_name,team_code,season,situation,cf_pct,xgf_pct,ozs_pct,mp_icetime_5v5,mp_games_played_5v5,n_team_rows,onice_status,fetch_date
1,8484153,Leo Carlsson,ANA,20232024,5on5,0.51,0.51,0.545,798.1833333333333,55.0,1,ok,2026-08-07
2,8483444,Nathan Gaucher,ANA,20232024,5on5,,,,,,0,missing,2026-08-07
3,8483445,Cutter Gauthier,ANA,20232024,5on5,,,,15.4,1.0,1,thin,2026-08-07
4,8475798,Mikael Granlund,ANA,20232024,5on5,0.42,0.41,0.43014705882352944,1023.2166666666667,69.0,1,ok,2026-08-07
5,8478424,Jansen Harkins,ANA,20232024,5on5,0.4799999999999999,0.4600000000000001,0.16379310344827586,356.75,45.0,1,ok,2026-08-07
6,8477527,Ross Johnston,ANA,20232024,5on5,0.41,0.39,0.5845070422535211,545.7666666666667,68.0,1,ok,2026-08-07
7,8473986,Alex Killorn,ANA,20232024,5on5,0.51,0.49,0.5747126436781609,913.1666666666666,63.0,1,ok,2026-08-07
8,8475184,Chris Kreider,ANA,20232024,5on5,0.52,0.51,0.6222222222222222,1051.5166666666667,82.0,1,ok,2026-08-07
9,8482745,Mason McTavish,ANA,20232024,5on5,0.44999999999999996,0.47,0.5766129032258065,848.4166666666666,64.0,1,ok,2026-08-07
10,8480068,Ryan Poehling,ANA,20232024,5on5,0.5,0.54,0.4785992217898833,953.9833333333333,77.0,1,ok,2026-08-07
11,8484762,Beckett Sennecke,ANA,20232024,5on5,,,,,,0,missing,2026-08-07
12,8478873,Troy Terry,ANA,20232024,5on5,0.49,0.48,0.5037037037037037,1110.05,76.0,1,ok,2026-08-07
13,8478366,Frank Vatrano,ANA,20232024,5on5,0.44,0.45,0.5308988764044944,1070.7666666666667,82.0,1,ok,2026-08-07
14,8479705,Jeffrey Viel,ANA,20232024,5on5,,,,,,0,missing,2026-08-07
15,8485512,Tim Washe,ANA,20232024,5on5,,,,,,0,missing,2026-08-07
16,8474590,John Carlson,ANA,20232024,5on5,0.48,0.49,0.43733333333333335,1540.8166666666666,82.0,1,ok,2026-08-07
17,8475462,Radko Gudas,ANA,20232024,5on5,0.48,0.51,0.3094170403587444,1061.9,66.0,1,ok,2026-08-07
18,8481563,Drew Helleson,ANA,20232024,5on5,,,,,,0,missing,2026-08-07
19,8482731,Tyson Hinds,ANA,20232024,5on5,,,,,,0,missing,2026-08-07
20,8481605,Jackson LaCombe,ANA,20232024,5on5,0.44,0.46,0.3948220064724919,1108.25,71.0,1,ok,2026-08-07
21,8483490,Pavel Mintyukov,ANA,20232024,5on5,0.46,0.47,0.5084745762711864,949.0833333333334,63.0,1,ok,2026-08-07
22,8482178,Ian Moore,ANA,20232024,5on5,,,,,,0,missing,2026-08-07
23,8476885,Jacob Trouba,ANA,20232024,5on5,0.48,0.48,0.4924812030075188,1197.4333333333334,69.0,1,ok,2026-08-07
24,8482803,Olen Zellweger,ANA,20232024,5on5,0.4600000000000001,0.43,0.6,433.26666666666665,26.0,1,ok,2026-08-07
25,8478042,Viktor Arvidsson,BOS,20232024,5on5,0.53,0.54,0.5689655172413793,229.28333333333333,18.0,1,ok,2026-08-07
26,8479591,Michael Eyssimont,BOS,20232024,5on5,0.52,0.49,0.4785992217898833,917.7166666666667,81.0,1,ok,2026-08-07
27,8479987,Morgan Geekie,BOS,20232024,5on5,0.47,0.5,0.48148148148148145,1009.2333333333333,76.0,1,ok,2026-08-07
28,8485395,James Hagens,BOS,20232024,5on5,,,,,,0,missing,2026-08-07
29,8479661,Tanner Jeannot,BOS,20232024,5on5,0.5,0.51,0.45695364238410596,612.4833333333333,55.0,1,ok,2026-08-07
30,8480355,Mark Kastelic,BOS,20232024,5on5,0.48,0.49,0.5251798561151079,474.6333333333333,63.0,1,ok,2026-08-07
31,8482177,Marat Khusnutdinov,BOS,20232024,5on5,0.46,0.41,0.37037037037037035,179.45,16.0,1,ok,2026-08-07
32,8476374,Sean Kuraly,BOS,20232024,5on5,0.48,0.45,0.32941176470588235,712.8833333333333,62.0,1,ok,2026-08-07
33,8477496,Elias Lindholm,BOS,20232024,5on5,0.48,0.45,0.4912718204488778,1020.4,75.0,1,ok,2026-08-07
34,8483489,Fraser Minten,BOS,20232024,5on5,,,,43.666666666666664,4.0,1,thin,2026-08-07
35,8479999,Casey Mittelstadt,BOS,20232024,5on5,0.52,0.51,0.5677749360613811,1155.4833333333333,80.0,1,ok,2026-08-07
36,8477956,David Pastrnak,BOS,20232024,5on5,0.51,0.52,0.6784037558685446,1238.9,82.0,1,ok,2026-08-07
37,8482117,Lukas Reichel,BOS,20232024,5on5,0.41,0.38,0.6243093922651933,777.9,65.0,1,ok,2026-08-07
38,8482634,Alex Steeves,BOS,20232024,5on5,,,,9.333333333333334,1.0,1,thin,2026-08-07
39,8478401,Pavel Zacha,BOS,20232024,5on5,0.48,0.48,0.5979381443298969,1006.9666666666667,78.0,1,ok,2026-08-07
40,8481219,Jonathan Aspirot,BOS,20232024,5on5,,,,,,0,missing,2026-08-07
41,8480887,Jordan Harris,BOS,20232024,5on5,0.49,0.49,0.3829787234042553,859.1,56.0,1,ok,2026-08-07
42,8480035,Henri Jokiharju,BOS,20232024,5on5,0.49,0.4699999999999999,0.49742268041237114,1280.35,74.0,1,ok,2026-08-07
43,8476854,Hampus Lindholm,BOS,20232024,5on5,0.5,0.52,0.3425692695214106,1329.9333333333334,73.0,1,ok,2026-08-07
44,8482511,Mason Lohrei,BOS,20232024,5on5,0.45999999999999996,0.4699999999999999,0.6107784431137725,640.25,41.0,1,ok,2026-08-07
45,8479325,Charlie McAvoy,BOS,20232024,5on5,0.48999999999999994,0.51,0.5851063829787234,1369.9,74.0,1,ok,2026-08-07
46,8479369,Andrew Peeke,BOS,20232024,5on5,0.46,0.44,0.4297520661157025,549.3333333333334,38.0,1,ok,2026-08-07
47,8477507,Nikita Zadorov,BOS,20232024,5on5,0.51,0.5,0.3992248062015504,1150.6166666666666,75.0,1,ok,2026-08-07
48,8484145,Zach Benson,BUF,20232024,5on5,0.53,0.52,0.587360594795539,892.3,71.0,1,ok,2026-08-07
49,8475842,Sam Carrick,BUF,20232024,5on5,0.46,0.45,0.4158415841584158,700.2833333333333,77.0,1,ok,2026-08-07
50,8479941,Justin Danforth,BUF,20232024,5on5,0.47,0.48,0.4461538461538462,862.9333333333333,71.0,1,ok,2026-08-07
51,8482659,Josh Doan,BUF,20232024,5on5,,,,133.7,11.0,1,thin,2026-08-07
52,8482623,Josh Dunne,BUF,20232024,5on5,,,,,,0,missing,2026-08-07
53,8478413,Jordan Greenway,BUF,20232024,5on5,0.47,0.49,0.5484949832775919,868.4166666666666,67.0,1,ok,2026-08-07
54,8484797,Konsta Helenius,BUF,20232024,5on5,,,,,,0,missing,2026-08-07
55,8482896,Tyson Kozak,BUF,20232024,5on5,,,,,,0,missing,2026-08-07
56,8481522,Peyton Krebs,BUF,20232024,5on5,0.52,0.47,0.5261324041811847,908.05,80.0,1,ok,2026-08-07
57,8483468,Jiri Kulich,BUF,20232024,5on5,,,,14.283333333333333,1.0,1,thin,2026-08-07
58,8479359,Beck Malenstyn,BUF,20232024,5on5,0.41,0.4,0.08900523560209424,918.5833333333334,81.0,1,ok,2026-08-07
59,8480802,Ryan McLeod,BUF,20232024,5on5,0.57,0.5799999999999998,0.4580152671755725,982.2833333333333,81.0,1,ok,2026-08-07
60,8480064,Josh Norris,BUF,20232024,5on5,0.49,0.45,0.5173913043478261,652.5666666666667,50.0,1,ok,2026-08-07
61,8483500,Noah Ostlund,BUF,20232024,5on5,,,,,,0,missing,2026-08-07
62,8476871,Tanner Pearson,BUF,20232024,5on5,0.44,0.43,0.43373493975903615,578.45,54.0,1,ok,2026-08-07
63,8482097,Jack Quinn,BUF,20232024,5on5,0.52,0.5,0.5943396226415094,331.2,27.0,1,ok,2026-08-07
64,8479420,Tage Thompson,BUF,20232024,5on5,0.53,0.5,0.6116207951070336,966.7333333333333,71.0,1,ok,2026-08-07
65,8477949,Alex Tuch,BUF,20232024,5on5,0.51,0.48,0.6163682864450127,1076.5166666666667,75.0,1,ok,2026-08-07
66,8475722,Jason Zucker,BUF,20232024,5on5,0.48,0.52,0.512396694214876,822.6,69.0,1,ok,2026-08-07
67,8481524,Bowen Byram,BUF,20232024,5on5,0.49,0.46,0.5190615835777126,1291.2333333333333,73.0,1,ok,2026-08-07
68,8480839,Rasmus Dahlin,BUF,20232024,5on5,0.54,0.5,0.5430861723446894,1635.9,81.0,1,ok,2026-08-07
69,8481564,Ryan Johnson,BUF,20232024,5on5,0.53,0.51,0.6240601503759399,547.1666666666666,41.0,1,ok,2026-08-07
70,8480891,Michael Kesselring,BUF,20232024,5on5,0.52,0.49,0.52,989.1,65.0,1,ok,2026-08-07
71,8484305,Zach Metsa,BUF,20232024,5on5,,,,,,0,missing,2026-08-07
72,8482671,Owen Power,BUF,20232024,5on5,0.52,0.48,0.529126213592233,1411.5,76.0,1,ok,2026-08-07
73,8480807,Mattias Samuelsson,BUF,20232024,5on5,0.52,0.51,0.49740932642487046,702.7333333333333,41.0,1,ok,2026-08-07
74,8474568,Luke Schenn,BUF,20232024,5on5,0.53,0.51,0.5153061224489796,849.0,63.0,1,ok,2026-08-07
75,8479378,Logan Stanley,BUF,20232024,5on5,0.48000000000000004,0.48000000000000004,0.4925373134328358,316.1333333333333,25.0,1,ok,2026-08-07
76,8479982,Conor Timmins,BUF,20232024,5on5,0.56,0.6,0.6039603960396039,349.43333333333334,25.0,1,ok,2026-08-07
77,8474150,Mikael Backlund,CGY,20232024,5on5,0.54,0.52,0.33636363636363636,1168.9333333333334,82.0,1,ok,2026-08-07
78,8481556,John Beecher,CGY,20232024,5on5,0.37000000000000005,0.4,0.13609467455621302,455.2,52.0,1,ok,2026-08-07
79,8476399,Blake Coleman,CGY,20232024,5on5,0.54,0.53,0.3417085427135678,1100.0833333333333,78.0,1,ok,2026-08-07
80,8482679,Matt Coronato,CGY,20232024,5on5,0.49,0.45,0.44642857142857145,370.7,34.0,1,ok,2026-08-07
81,8480797,Joel Farabee,CGY,20232024,5on5,0.51,0.51,0.5854430379746836,1101.0666666666666,82.0,1,ok,2026-08-07
82,8480028,Morgan Frost,CGY,20232024,5on5,0.51,0.55,0.716,891.7,71.0,1,ok,2026-08-07
83,8484860,Matvei Gridin,CGY,20232024,5on5,,,,,,0,missing,2026-08-07
84,8486056,Tyson Gross,CGY,20232024,5on5,,,,,,0,missing,2026-08-07
85,8484180,Samuel Honzek,CGY,20232024,5on5,,,,,,0,missing,2026-08-07
86,8476456,Jonathan Huberdeau,CGY,20232024,5on5,0.53,0.51,0.631578947368421,1120.65,81.0,1,ok,2026-08-07
87,8482209,Rory Kerins,CGY,20232024,5on5,,,,,,0,missing,2026-08-07
88,8483609,Adam Klapka,CGY,20232024,5on5,,,,40.56666666666667,6.0,1,thin,2026-08-07
89,8479066,Ryan Lomberg,CGY,20232024,5on5,0.5,0.45,0.5185185185185185,684.1,75.0,1,ok,2026-08-07
90,8478109,Victor Olofsson,CGY,20232024,5on5,0.47,0.44,0.5486111111111112,514.6,51.0,1,ok,2026-08-07
91,8481028,Martin Pospisil,CGY,20232024,5on5,0.55,0.54,0.6422413793103449,764.6666666666666,63.0,1,ok,2026-08-07
92,8481068,Yegor Sharangovich,CGY,20232024,5on5,0.49000000000000005,0.48,0.6084142394822006,1049.7666666666667,82.0,1,ok,2026-08-07
93,8476458,Ryan Strome,CGY,20232024,5on5,0.45,0.46,0.5254237288135594,1000.2333333333333,79.0,1,ok,2026-08-07
94,8484234,Aydar Suniev,CGY,20232024,5on5,,,,,,0,missing,2026-08-07
95,8482074,Connor Zary,CGY,20232024,5on5,0.53,0.52,0.7129629629629629,814.35,63.0,1,ok,2026-08-07
96,8480860,Kevin Bahl,CGY,20232024,5on5,0.49000000000000005,0.52,0.4032258064516129,1242.3333333333333,82.0,1,ok,2026-08-07
97,8479402,Jake Bean,CGY,20232024,5on5,0.47,0.45,0.4266666666666667,1072.0333333333333,72.0,1,ok,2026-08-07
98,8484150,Hunter Brzustewicz,CGY,20232024,5on5,,,,,,0,missing,2026-08-07
99,8477810,Joel Hanley,CGY,20232024,5on5,0.54,0.52,0.41509433962264153,558.35,42.0,1,ok,2026-08-07
100,8482165,Yan Kuznetsov,CGY,20232024,5on5,,,,11.966666666666667,1.0,1,thin,2026-08-07
101,8476874,Olli Maatta,CGY,20232024,5on5,0.48000000000000004,0.51,0.5627376425855514,1079.15,72.0,1,ok,2026-08-07
102,8481167,Brayden Pachal,CGY,20232024,5on5,0.47000000000000003,0.45999999999999996,0.45652173913043476,670.7666666666667,50.0,1,ok,2026-08-07
103,8484768,Zayne Parekh,CGY,20232024,5on5,,,,,,0,missing,2026-08-07
104,8480727,Zach Whitecloud,CGY,20232024,5on5,0.48,0.53,0.41304347826086957,962.6166666666667,61.0,1,ok,2026-08-07
105,8483709,Abram Wiebe,CGY,20232024,5on5,,,,,,0,missing,2026-08-07
106,8478427,Sebastian Aho,CAR,20232024,5on5,0.57,0.54,0.6918429003021148,1106.4666666666667,78.0,1,ok,2026-08-07
107,8482809,Jackson Blake,CAR,20232024,5on5,,,,12.483333333333333,1.0,1,thin,2026-08-07
108,8477478,William Carrier,CAR,20232024,5on5,0.54,0.61,0.45985401459854014,429.85,39.0,1,ok,2026-08-07
109,8475235,Nicolas Deslauriers,CAR,20232024,5on5,0.45,0.43,0.6176470588235294,482.01666666666665,60.0,1,ok,2026-08-07
110,8477940,Nikolaj Ehlers,CAR,20232024,5on5,0.55,0.55,0.6610169491525424,1083.2,82.0,1,ok,2026-08-07
111,8475791,Taylor Hall,CAR,20232024,5on5,,,,119.43333333333334,10.0,1,thin,2026-08-07
112,8476873,Mark Jankowski,CAR,20232024,5on5,0.58,0.63,0.5887096774193549,354.6,32.0,1,ok,2026-08-07
113,8482093,Seth Jarvis,CAR,20232024,5on5,0.59,0.58,0.6115702479338843,1069.4,81.0,1,ok,2026-08-07
114,8480829,Jesperi Kotkaniemi,CAR,20232024,5on5,0.59,0.54,0.6496062992125984,909.95,79.0,1,ok,2026-08-07
115,8476921,Jordan Martinook,CAR,20232024,5on5,0.62,0.6,0.45576407506702415,1059.9,82.0,1,ok,2026-08-07
116,8480762,Eric Robinson,CAR,20232024,5on5,0.5,0.45,0.4788732394366197,506.21666666666664,47.0,1,ok,2026-08-07
117,8473533,Jordan Staal,CAR,20232024,5on5,0.63,0.62,0.4308093994778068,1006.1,80.0,1,ok,2026-08-07
118,8482702,Logan Stankoven,CAR,20232024,5on5,0.58,0.6,0.5370370370370371,316.18333333333334,24.0,1,ok,2026-08-07
119,8480830,Andrei Svechnikov,CAR,20232024,5on5,0.59,0.55,0.587360594795539,813.1333333333333,59.0,1,ok,2026-08-07
120,8478970,Jalen Chatfield,CAR,20232024,5on5,0.61,0.59,0.6134453781512605,1042.1333333333334,72.0,1,ok,2026-08-07
121,8476906,Shayne Gostisbehere,CAR,20232024,5on5,0.49,0.48000000000000004,0.543918918918919,1191.4833333333333,81.0,1,ok,2026-08-07
122,8480817,K'Andre Miller,CAR,20232024,5on5,0.48,0.48,0.46407185628742514,1479.6166666666666,80.0,1,ok,2026-08-07
123,8482100,Alexander Nikishin,CAR,20232024,5on5,,,,,,0,missing,2026-08-07
124,8476422,Mike Reilly,CAR,20232024,5on5,0.51,0.54,0.6403508771929824,920.8166666666667,61.0,1,ok,2026-08-07
125,8476958,Jaccob Slavin,CAR,20232024,5on5,0.61,0.58,0.5220125786163522,1405.6833333333334,81.0,1,ok,2026-08-07
126,8480336,Sean Walker,CAR,20232024,5on5,0.54,0.53,0.4440894568690096,1305.35,81.0,1,ok,2026-08-07
127,8484144,Connor Bedard,CHI,20232024,5on5,0.43,0.42,0.6690647482014388,1059.45,68.0,1,ok,2026-08-07
128,8477479,Tyler Bertuzzi,CHI,20232024,5on5,0.54,0.55,0.6276276276276276,1124.9,80.0,1,ok,2026-08-07
129,8484793,Sacha Boisvert,CHI,20232024,5on5,,,,,,0,missing,2026-08-07
130,8477444,Andre Burakovsky,CHI,20232024,5on5,0.5,0.4699999999999999,0.572289156626506,589.2,49.0,1,ok,2026-08-07
131,8477987,Ryan Donato,CHI,20232024,5on5,0.44,0.43,0.5058139534883721,921.8166666666667,78.0,1,ok,2026-08-07
132,8485391,Anton Frondell,CHI,20232024,5on5,,,,,,0,missing,2026-08-07
133,8483450,Ryan Greene,CHI,20232024,5on5,,,,,,0,missing,2026-08-07
134,8478043,Sam Lafferty,CHI,20232024,5on5,0.48,0.47,0.5096153846153846,859.6666666666666,79.0,1,ok,2026-08-07
135,8484185,Nick Lardis,CHI,20232024,5on5,,,,,,0,missing,2026-08-07
136,8478233,Andrew Mangiapane,CHI,20232024,5on5,0.52,0.52,0.42744063324538256,1018.4666666666667,75.0,1,ok,2026-08-07
137,8481624,Ilya Mikheyev,CHI,20232024,5on5,0.53,0.53,0.5346153846153846,950.9,78.0,1,ok,2026-08-07
138,8484197,Oliver Moore,CHI,20232024,5on5,,,,,,0,missing,2026-08-07
139,8483493,Frank Nazar,CHI,20232024,5on5,,,,40.9,3.0,1,thin,2026-08-07
140,8482172,Landon Slaggert,CHI,20232024,5on5,0.37,0.31,0.3225806451612903,166.5,16.0,1,ok,2026-08-07
141,8476882,Teuvo Teravainen,CHI,20232024,5on5,0.59,0.55,0.6204620462046204,924.8666666666667,76.0,1,ok,2026-08-07
142,8476952,Dominic Toninato,CHI,20232024,5on5,,,,149.15,15.0,1,thin,2026-08-07
143,8481806,Louis Crevier,CHI,20232024,5on5,0.38,0.31,0.21621621621621623,347.95,24.0,1,ok,2026-08-07
144,8482807,Ethan Del Mastro,CHI,20232024,5on5,,,,34.1,2.0,1,thin,2026-08-07
145,8476891,Matt Grzelcyk,CHI,20232024,5on5,0.45,0.47,0.5577557755775577,1008.1,63.0,1,ok,2026-08-07
146,8482176,Wyatt Kaiser,CHI,20232024,5on5,0.44,0.45,0.4090909090909091,480.35,32.0,1,ok,2026-08-07
147,8483466,Kevin Korchinski,CHI,20232024,5on5,0.43999999999999995,0.42,0.5652173913043478,1312.55,76.0,1,ok,2026-08-07
148,8484783,Artyom Levshunov,CHI,20232024,5on5,,,,,,0,missing,2026-08-07
149,8483506,Sam Rinzel,CHI,20232024,5on5,,,,,,0,missing,2026-08-07
150,8481568,Alex Vlasic,CHI,20232024,5on5,0.45,0.47,0.4319371727748691,1345.1,76.0,1,ok,2026-08-07
151,8482947,Zakhar Bardakov,COL,20232024,5on5,,,,,,0,missing,2026-08-07
152,8479525,Ross Colton,COL,20232024,5on5,0.53,0.54,0.43197278911564624,944.6666666666666,80.0,1,ok,2026-08-07
153,8480835,Jack Drury,COL,20232024,5on5,0.61,0.59,0.6695652173913044,795.45,74.0,1,ok,2026-08-07
154,8475172,Nazem Kadri,COL,20232024,5on5,0.53,0.52,0.6614906832298136,1175.15,82.0,1,ok,2026-08-07
155,8480448,Parker Kelly,COL,20232024,5on5,0.49,0.47,0.5257142857142857,745.8833333333333,80.0,1,ok,2026-08-07
156,8481641,Joel Kiviranta,COL,20232024,5on5,0.47,0.48,0.3656716417910448,482.28333333333336,56.0,1,ok,2026-08-07
157,8476455,Gabriel Landeskog,COL,20232024,5on5,,,,,,0,missing,2026-08-07
158,8477476,Artturi Lehkonen,COL,20232024,5on5,0.56,0.57,0.6331658291457286,595.8166666666667,45.0,1,ok,2026-08-07
159,8477492,Nathan MacKinnon,COL,20232024,5on5,0.57,0.57,0.7285429141716567,1417.15,82.0,1,ok,2026-08-07
160,8480039,Martin Necas,COL,20232024,5on5,0.58,0.52,0.6861924686192469,1108.55,77.0,1,ok,2026-08-07
161,8475754,Brock Nelson,COL,20232024,5on5,0.49,0.5,0.6136363636363636,1162.9,82.0,1,ok,2026-08-07
162,8477501,Valeri Nichushkin,COL,20232024,5on5,0.56,0.53,0.6264150943396226,810.4333333333333,54.0,1,ok,2026-08-07
163,8481186,Logan O'Connor,COL,20232024,5on5,0.54,0.55,0.3541666666666667,706.75,57.0,1,ok,2026-08-07
164,8478462,Nicolas Roy,COL,20232024,5on5,0.52,0.53,0.4156378600823045,844.6666666666666,70.0,1,ok,2026-08-07
165,8482072,Jack Ahcan,COL,20232024,5on5,,,,,,0,missing,2026-08-07
166,8483565,Nick Blankenburg,COL,20232024,5on5,0.47,0.47,0.46938775510204084,183.86666666666667,12.0,1,ok,2026-08-07
167,8470613,Brent Burns,COL,20232024,5on5,0.6,0.57,0.5202492211838006,1298.6833333333334,82.0,1,ok,2026-08-07
168,8476967,Brett Kulak,COL,20232024,5on5,0.53,0.56,0.5136986301369864,1162.9333333333334,82.0,1,ok,2026-08-07
169,8480069,Cale Makar,COL,20232024,5on5,0.53,0.54,0.6985138004246284,1331.7,77.0,1,ok,2026-08-07
170,8484258,Sam Malinski,COL,20232024,5on5,0.48,0.49,0.28169014084507044,308.8333333333333,23.0,1,ok,2026-08-07
171,8476312,Josh Manson,COL,20232024,5on5,0.55,0.53,0.34838709677419355,1179.2,76.0,1,ok,2026-08-07
172,8478038,Devon Toews,COL,20232024,5on5,0.54,0.55,0.6294736842105263,1494.1166666666666,82.0,1,ok,2026-08-07
173,8475745,Charlie Coyle,CBJ,20232024,5on5,0.45,0.48,0.43429844097995546,1062.0666666666666,82.0,1,ok,2026-08-07
174,8484166,Adam Fantilli,CBJ,20232024,5on5,0.47,0.45,0.7,629.0833333333334,49.0,1,ok,2026-08-07
175,8478856,Conor Garland,CBJ,20232024,5on5,0.56,0.59,0.4603174603174603,1014.8,82.0,1,ok,2026-08-07
176,8478046,Danton Heinen,CBJ,20232024,5on5,0.48,0.49,0.46545454545454545,948.6166666666667,74.0,1,ok,2026-08-07
177,8476432,Boone Jenner,CBJ,20232024,5on5,0.49,0.4799999999999999,0.49504950495049505,843.9,58.0,1,ok,2026-08-07
178,8482660,Kent Johnson,CBJ,20232024,5on5,0.48,0.47,0.5902777777777778,468.5,42.0,1,ok,2026-08-07
179,8480806,Isac Lundeström,CBJ,20232024,5on5,0.44,0.5,0.49640287769784175,533.8,46.0,1,ok,2026-08-07
180,8480893,Kirill Marchenko,CBJ,20232024,5on5,0.48,0.44,0.5602409638554217,1030.7833333333333,78.0,1,ok,2026-08-07
181,8478975,Mason Marchment,CBJ,20232024,5on5,0.51,0.53,0.6,1087.95,81.0,1,ok,2026-08-07
182,8477497,Sean Monahan,CBJ,20232024,5on5,0.48000000000000004,0.47,0.44556962025316454,1068.4666666666667,83.0,1,ok,2026-08-07
183,8479671,Mathieu Olivier,CBJ,20232024,5on5,0.4600000000000001,0.4600000000000001,0.47244094488188976,576.1333333333333,54.0,1,ok,2026-08-07
184,8482705,Cole Sillinger,CBJ,20232024,5on5,0.48,0.43,0.5242424242424243,999.7833333333333,77.0,1,ok,2026-08-07
185,8481716,Dmitri Voronkov,CBJ,20232024,5on5,0.49,0.47,0.6026058631921825,826.2666666666667,75.0,1,ok,2026-08-07
186,8477425,Miles Wood,CBJ,20232024,5on5,0.5,0.5,0.4214876033057851,897.1666666666666,74.0,1,ok,2026-08-07
187,8481161,Jake Christiansen,CBJ,20232024,5on5,0.38,0.28,0.5,156.55,12.0,1,ok,2026-08-07
188,8479371,Dante Fabbro,CBJ,20232024,5on5,0.51,0.55,0.6113744075829384,817.45,56.0,1,ok,2026-08-07
189,8475790,Erik Gudbranson,CBJ,20232024,5on5,0.44000000000000006,0.44000000000000006,0.40418118466898956,1272.7166666666667,78.0,1,ok,2026-08-07
190,8483485,Denton Mateychuk,CBJ,20232024,5on5,,,,,,0,missing,2026-08-07
191,8478500,Ivan Provorov,CBJ,20232024,5on5,0.48,0.45,0.4227129337539432,1415.8833333333334,82.0,1,ok,2026-08-07
192,8476923,Damon Severson,CBJ,20232024,5on5,0.51,0.49,0.4542372881355932,1205.4666666666667,67.0,1,ok,2026-08-07
193,8474090,Brendan Smith,CBJ,20232024,5on5,0.48000000000000004,0.49,0.38235294117647056,821.2166666666667,63.0,1,ok,2026-08-07
194,8478460,Zach Werenski,CBJ,20232024,5on5,0.49,0.46,0.5190217391304348,1360.6666666666667,70.0,1,ok,2026-08-07
195,8481178,Egor Zamula,CBJ,20232024,5on5,0.53,0.48,0.5135135135135135,930.1,66.0,1,ok,2026-08-07
196,8479414,Nathan Bastian,DAL,20232024,5on5,0.5,0.48,0.39855072463768115,468.43333333333334,54.0,1,ok,2026-08-07
197,8473994,Jamie Benn,DAL,20232024,5on5,0.52,0.55,0.5344352617079889,916.95,82.0,1,ok,2026-08-07
198,8476278,Colin Blackwell,DAL,20232024,5on5,0.4799999999999999,0.47,0.4311377245508982,543.1166666666667,44.0,1,ok,2026-08-07
199,8482145,Mavrik Bourque,DAL,20232024,5on5,,,,10.316666666666666,1.0,1,thin,2026-08-07
200,8478047,Michael Bunting,DAL,20232024,5on5,0.56,0.51,0.7299270072992701,1016.7333333333333,81.0,1,ok,2026-08-07
201,8480840,Oskar Bäck,DAL,20232024,5on5,,,,,,0,missing,2026-08-07
202,8475168,Matt Duchene,DAL,20232024,5on5,0.49,0.51,0.5981873111782477,1104.6833333333334,80.0,1,ok,2026-08-07
203,8477454,Adam Erne,DAL,20232024,5on5,0.47,0.49,0.5882352941176471,180.61666666666667,24.0,1,ok,2026-08-07
204,8476889,Radek Faksa,DAL,20232024,5on5,0.55,0.51,0.3719512195121951,758.6833333333333,74.0,1,ok,2026-08-07
205,8478449,Roope Hintz,DAL,20232024,5on5,0.56,0.58,0.5263157894736842,1021.2666666666667,80.0,1,ok,2026-08-07
206,8484829,Justin Hryckowian,DAL,20232024,5on5,,,,,,0,missing,2026-08-07
207,8484938,Arttu Hyry,DAL,20232024,5on5,,,,,,0,missing,2026-08-07
208,8482740,Wyatt Johnston,DAL,20232024,5on5,0.55,0.58,0.5427728613569321,1096.55,82.0,1,ok,2026-08-07
209,8478420,Mikko Rantanen,DAL,20232024,5on5,0.55,0.54,0.703030303030303,1392.1,80.0,1,ok,2026-08-07
210,8480027,Jason Robertson,DAL,20232024,5on5,0.56,0.57,0.53315649867374,1209.8,82.0,1,ok,2026-08-07
211,8475794,Tyler Seguin,DAL,20232024,5on5,0.5,0.52,0.5772058823529411,900.9166666666666,68.0,1,ok,2026-08-07
212,8479351,Sam Steel,DAL,20232024,5on5,0.52,0.52,0.4550561797752809,864.8,77.0,1,ok,2026-08-07
213,8483425,Lian Bichsel,DAL,20232024,5on5,,,,,,0,missing,2026-08-07
214,8478476,Kyle Capobianco,DAL,20232024,5on5,,,,,,0,missing,2026-08-07
215,8481581,Thomas Harley,DAL,20232024,5on5,0.56,0.56,0.5346534653465347,1449.4,79.0,1,ok,2026-08-07
216,8480036,Miro Heiskanen,DAL,20232024,5on5,0.57,0.59,0.5741176470588235,1395.0,71.0,1,ok,2026-08-07
217,8476902,Esa Lindell,DAL,20232024,5on5,0.5,0.55,0.329153605015674,1339.0166666666667,82.0,1,ok,2026-08-07
218,8480878,Nils Lundkvist,DAL,20232024,5on5,0.54,0.51,0.603448275862069,766.15,59.0,1,ok,2026-08-07
219,8480950,Ilya Lyubushkin,DAL,20232024,5on5,0.46,0.46,0.49454545454545457,1029.3,74.0,1,ok,2026-08-07
220,8474574,Tyler Myers,DAL,20232024,5on5,0.48999999999999994,0.52,0.32550335570469796,1222.8,77.0,1,ok,2026-08-07
221,8475755,Alexander Petrovic,DAL,20232024,5on5,,,,12.483333333333333,1.0,1,thin,2026-08-07
222,8478891,Mason Appleton,DET,20232024,5on5,0.5,0.53,0.4501510574018127,1143.85,82.0,1,ok,2026-08-07
223,8477456,J.T. Compher,DET,20232024,5on5,0.44,0.44,0.4746666666666667,1049.0833333333333,77.0,1,ok,2026-08-07
224,8477429,Andrew Copp,DET,20232024,5on5,0.44,0.45,0.4277456647398844,1007.9333333333333,79.0,1,ok,2026-08-07
225,8479337,Alex DeBrincat,DET,20232024,5on5,0.48999999999999994,0.48,0.5072046109510087,1174.4166666666667,82.0,1,ok,2026-08-07
226,8484471,Emmitt Finnie,DET,20232024,5on5,,,,,,0,missing,2026-08-07
227,8474141,Patrick Kane,DET,20232024,5on5,0.47,0.47,0.5205479452054794,726.0,50.0,1,ok,2026-08-07
228,8483464,Marco Kasper,DET,20232024,5on5,,,,,,0,missing,2026-08-07
229,8477946,Dylan Larkin,DET,20232024,5on5,0.52,0.47,0.46864686468646866,983.6833333333333,68.0,1,ok,2026-08-07
230,8474102,David Perron,DET,20232024,5on5,0.46,0.42,0.42507645259938837,925.4833333333333,76.0,1,ok,2026-08-07
231,8479992,Michael Rasmussen,DET,20232024,5on5,0.44,0.46,0.4110032362459547,970.8,75.0,1,ok,2026-08-07
232,8482078,Lucas Raymond,DET,20232024,5on5,0.49000000000000005,0.47,0.44416243654822335,1155.2333333333333,82.0,1,ok,2026-08-07
233,8474037,James van Riemsdyk,DET,20232024,5on5,0.49000000000000005,0.54,0.5546218487394958,769.8,71.0,1,ok,2026-08-07
234,8480879,Jacob Bernard-Docker,DET,20232024,5on5,0.48,0.45,0.5107296137339056,1012.0166666666667,72.0,1,ok,2026-08-07
235,8475279,Ben Chiarot,DET,20232024,5on5,0.43999999999999995,0.44999999999999996,0.3848314606741573,1315.5166666666667,77.0,1,ok,2026-08-07
236,8482762,Simon Edvinsson,DET,20232024,5on5,0.48,0.52,0.5076923076923077,265.56666666666666,16.0,1,ok,2026-08-07
237,8475753,Justin Faulk,DET,20232024,5on5,0.47,0.47,0.43346007604562736,1082.6,60.0,1,ok,2026-08-07
238,8474612,Travis Hamonic,DET,20232024,5on5,0.43,0.4,0.5025906735751295,629.8,48.0,1,ok,2026-08-07
239,8481607,Albert Johansson,DET,20232024,5on5,,,,,,0,missing,2026-08-07
240,8481542,Moritz Seider,DET,20232024,5on5,0.4600000000000001,0.43,0.33890214797136037,1377.25,82.0,1,ok,2026-08-07
241,8482703,Colton Dach,EDM,20232024,5on5,,,,,,0,missing,2026-08-07
242,8477450,Jason Dickinson,EDM,20232024,5on5,0.47,0.47,0.3926174496644295,1070.45,82.0,1,ok,2026-08-07
243,8477934,Leon Draisaitl,EDM,20232024,5on5,0.56,0.59,0.6199095022624435,1283.4833333333333,81.0,1,ok,2026-08-07
244,8479365,Trent Frederic,EDM,20232024,5on5,0.46,0.5,0.4901315789473684,1035.2333333333333,82.0,1,ok,2026-08-07
245,8474641,Adam Henrique,EDM,20232024,5on5,0.48,0.48,0.4585987261146497,1011.0666666666667,82.0,1,ok,2026-08-07
246,8475786,Zach Hyman,EDM,20232024,5on5,0.59,0.65,0.6738095238095239,1246.6666666666667,80.0,1,ok,2026-08-07
247,8477406,Mattias Janmark,EDM,20232024,5on5,0.51,0.55,0.47643979057591623,710.9166666666666,71.0,1,ok,2026-08-07
248,8479368,Max Jones,EDM,20232024,5on5,0.45,0.48,0.44155844155844154,574.85,52.0,1,ok,2026-08-07
249,8477953,Kasperi Kapanen,EDM,20232024,5on5,0.46,0.43,0.4432624113475177,898.95,73.0,1,ok,2026-08-07
250,8477508,Curtis Lazar,EDM,20232024,5on5,0.48,0.51,0.4068441064638783,782.0166666666667,71.0,1,ok,2026-08-07
251,8478402,Connor McDavid,EDM,20232024,5on5,0.59,0.64,0.6886075949367089,1256.7833333333333,76.0,1,ok,2026-08-07
252,8476454,Ryan Nugent-Hopkins,EDM,20232024,5on5,0.57,0.62,0.6143958868894601,1101.5333333333333,80.0,1,ok,2026-08-07
253,8481617,Vasily Podkolzin,EDM,20232024,5on5,0.53,0.52,0.5625,192.9,19.0,1,ok,2026-08-07
254,8478458,Jack Roslovic,EDM,20232024,5on5,0.51,0.5,0.5949367088607594,786.9666666666667,59.0,1,ok,2026-08-07
255,8484509,Josh Samanski,EDM,20232024,5on5,,,,,,0,missing,2026-08-07
256,8483512,Matt Savoie,EDM,20232024,5on5,,,,3.9166666666666665,1.0,1,thin,2026-08-07
257,8480803,Evan Bouchard,EDM,20232024,5on5,0.6,0.63,0.5885286783042394,1485.6166666666666,81.0,1,ok,2026-08-07
258,8475218,Mattias Ekholm,EDM,20232024,5on5,0.6,0.63,0.5762273901808785,1380.7333333333333,79.0,1,ok,2026-08-07
259,8480834,Ty Emberson,EDM,20232024,5on5,0.43,0.44,0.24615384615384617,500.23333333333335,30.0,1,ok,2026-08-07
260,8476473,Connor Murphy,EDM,20232024,5on5,0.45000000000000007,0.44,0.3253012048192771,775.7166666666667,46.0,1,ok,2026-08-07
261,8477498,Darnell Nurse,EDM,20232024,5on5,0.53,0.55,0.5040871934604905,1436.7166666666667,81.0,1,ok,2026-08-07
262,8481056,Spencer Stastney,EDM,20232024,5on5,0.52,0.57,0.5135135135135135,274.71666666666664,20.0,1,ok,2026-08-07
263,8478013,Jake Walman,EDM,20232024,5on5,0.46,0.41,0.37333333333333335,1008.5333333333333,63.0,1,ok,2026-08-07
264,8477493,Aleksander Barkov,FLA,20232024,5on5,0.58,0.61,0.5256064690026954,954.3,73.0,1,ok,2026-08-07
265,8477935,Sam Bennett,FLA,20232024,5on5,0.5799999999999998,0.57,0.6690140845070423,921.2,69.0,1,ok,2026-08-07
266,8480003,Jesper Boqvist,FLA,20232024,5on5,0.47,0.54,0.4056603773584906,507.01666666666665,47.0,1,ok,2026-08-07
267,8479981,Jonah Gadjovich,FLA,20232024,5on5,0.5,0.47,0.6404494382022472,284.03333333333336,39.0,1,ok,2026-08-07
268,8478421,A.J. Greer,FLA,20232024,5on5,0.48,0.45,0.5106382978723404,495.9166666666667,59.0,1,ok,2026-08-07
269,8476994,Vinnie Hinostroza,FLA,20232024,5on5,,,,122.11666666666666,14.0,1,thin,2026-08-07
270,8479316,Luke Kunin,FLA,20232024,5on5,0.41,0.37,0.41125541125541126,971.95,77.0,1,ok,2026-08-07
271,8482113,Anton Lundell,FLA,20232024,5on5,0.57,0.53,0.597972972972973,972.6333333333333,78.0,1,ok,2026-08-07
272,8480185,Eetu Luostarinen,FLA,20232024,5on5,0.57,0.55,0.5843373493975904,994.6833333333333,82.0,1,ok,2026-08-07
273,8473419,Brad Marchand,FLA,20232024,5on5,0.49000000000000005,0.5,0.531615925058548,1078.7166666666667,82.0,1,ok,2026-08-07
274,8477931,Tomas Nosek,FLA,20232024,5on5,0.45,0.42999999999999994,0.46534653465346537,365.05,36.0,1,ok,2026-08-07
275,8481133,Cole Reinhardt,FLA,20232024,5on5,,,,,,0,missing,2026-08-07
276,8477933,Sam Reinhart,FLA,20232024,5on5,0.58,0.59,0.5357142857142857,1088.95,82.0,1,ok,2026-08-07
277,8478542,Evan Rodrigues,FLA,20232024,5on5,0.58,0.58,0.5549597855227882,1025.9166666666667,80.0,1,ok,2026-08-07
278,8482713,Mackie Samoskevich,FLA,20232024,5on5,,,,79.26666666666667,7.0,1,thin,2026-08-07
279,8481655,Cole Schwindt,FLA,20232024,5on5,,,,27.033333333333335,4.0,1,thin,2026-08-07
280,8479314,Matthew Tkachuk,FLA,20232024,5on5,0.58,0.56,0.650887573964497,1061.95,80.0,1,ok,2026-08-07
281,8477409,Carter Verhaeghe,FLA,20232024,5on5,0.57,0.57,0.6239067055393586,1058.0333333333333,76.0,1,ok,2026-08-07
282,8484304,Uvis Balinskis,FLA,20232024,5on5,0.54,0.47,0.5274725274725275,340.3333333333333,26.0,1,ok,2026-08-07
283,8477932,Aaron Ekblad,FLA,20232024,5on5,0.58,0.58,0.45539906103286387,796.5333333333333,51.0,1,ok,2026-08-07
284,8478055,Gustav Forsling,FLA,20232024,5on5,0.58,0.57,0.4954954954954955,1362.8333333333333,79.0,1,ok,2026-08-07
285,8477495,Seth Jones,FLA,20232024,5on5,0.47000000000000003,0.46,0.5014409221902018,1271.9833333333333,67.0,1,ok,2026-08-07
286,8475179,Dmitry Kulikov,FLA,20232024,5on5,0.54,0.54,0.6387959866220736,1060.05,76.0,1,ok,2026-08-07
287,8478859,Niko Mikkola,FLA,20232024,5on5,0.54,0.52,0.5283505154639175,1390.2166666666667,82.0,1,ok,2026-08-07
288,8482131,Donovan Sebrango,FLA,20232024,5on5,,,,,,0,missing,2026-08-07
289,8476469,Joel Armia,LA,20232024,5on5,0.47,0.51,0.5,791.3,66.0,1,ok,2026-08-07
290,8482124,Quinton Byfield,LA,20232024,5on5,0.55,0.56,0.5373961218836565,1086.6166666666666,80.0,1,ok,2026-08-07
291,8477942,Kevin Fiala,LA,20232024,5on5,0.56,0.59,0.5348101265822784,1160.4,82.0,1,ok,2026-08-07
292,8482726,Samuel Helenius,LA,20232024,5on5,,,,,,0,missing,2026-08-07
293,8478472,Mathieu Joseph,LA,20232024,5on5,0.49,0.48,0.5372549019607843,989.85,72.0,1,ok,2026-08-07
294,8477960,Adrian Kempe,LA,20232024,5on5,0.54,0.53,0.5345345345345346,1031.2666666666667,77.0,1,ok,2026-08-07
295,8471685,Anze Kopitar,LA,20232024,5on5,0.53,0.54,0.5276967930029155,1124.0166666666667,81.0,1,ok,2026-08-07
296,8483808,Andrei Kuzmenko,LA,20232024,5on5,0.54,0.52,0.7248908296943232,824.9833333333333,72.0,1,ok,2026-08-07
297,8482155,Alex Laferriere,LA,20232024,5on5,0.5,0.5,0.596551724137931,1003.45,81.0,1,ok,2026-08-07
298,8476872,Scott Laughton,LA,20232024,5on5,0.46,0.44,0.558303886925795,989.0833333333334,82.0,1,ok,2026-08-07
299,8482408,Jeff Malott,LA,20232024,5on5,,,,,,0,missing,2026-08-07
300,8479675,Trevor Moore,LA,20232024,5on5,0.56,0.57,0.5064935064935064,1135.75,82.0,1,ok,2026-08-07
301,8478550,Artemi Panarin,LA,20232024,5on5,0.57,0.56,0.8655737704918033,1282.6833333333334,82.0,1,ok,2026-08-07
302,8481532,Alex Turcotte,LA,20232024,5on5,0.54,0.56,0.5818181818181818,181.91666666666666,20.0,1,ok,2026-08-07
303,8483406,Taylor Ward,LA,20232024,5on5,,,,,,0,missing,2026-08-07
304,8483756,Jared Wright,LA,20232024,5on5,,,,,,0,missing,2026-08-07
305,8479998,Mikey Anderson,LA,20232024,5on5,0.54,0.53,0.3836477987421384,1321.1833333333334,74.0,1,ok,2026-08-07
306,8476879,Cody Ceci,LA,20232024,5on5,0.51,0.54,0.5153374233128835,1331.7833333333333,79.0,1,ok,2026-08-07
307,8482730,Brandt Clarke,LA,20232024,5on5,0.57,0.59,0.5483870967741935,182.38333333333333,16.0,1,ok,2026-08-07
308,8474563,Drew Doughty,LA,20232024,5on5,0.55,0.55,0.4077922077922078,1582.7333333333333,82.0,1,ok,2026-08-07
309,8475208,Brian Dumoulin,LA,20232024,5on5,0.54,0.54,0.5103448275862069,1215.6166666666666,80.0,1,ok,2026-08-07
310,8476441,Joel Edmundson,LA,20232024,5on5,0.48,0.48,0.37398373983739835,779.2,53.0,1,ok,2026-08-07
311,8479421,Jacob Moverare,LA,20232024,5on5,0.48,0.56,0.2978723404255319,234.18333333333334,24.0,1,ok,2026-08-07
312,8477979,Nicolas Aube-Kubel,MIN,20232024,5on5,0.43,0.41999999999999993,0.09352517985611511,715.0166666666667,60.0,1,ok,2026-08-07
313,8481557,Matt Boldy,MIN,20232024,5on5,0.54,0.58,0.5677233429394812,1064.6,75.0,1,ok,2026-08-07
314,8481553,Bobby Brink,MIN,20232024,5on5,0.48,0.47,0.6062176165803109,646.95,57.0,1,ok,2026-08-07
315,8478493,Joel Eriksson Ek,MIN,20232024,5on5,0.52,0.56,0.521505376344086,1022.1833333333333,77.0,1,ok,2026-08-07
316,8477952,Robby Fabbri,MIN,20232024,5on5,0.42,0.46,0.4895833333333333,720.3166666666667,68.0,1,ok,2026-08-07
317,8475220,Marcus Foligno,MIN,20232024,5on5,0.52,0.52,0.4318181818181818,637.4166666666666,55.0,1,ok,2026-08-07
318,8473422,Nick Foligno,MIN,20232024,5on5,0.44,0.44,0.5209790209790209,980.6,74.0,1,ok,2026-08-07
319,8483452,Hunter Haight,MIN,20232024,5on5,,,,,,0,missing,2026-08-07
320,8477451,Ryan Hartman,MIN,20232024,5on5,0.51,0.49,0.52,966.8166666666667,74.0,1,ok,2026-08-07
321,8475149,Marcus Johansson,MIN,20232024,5on5,0.51,0.51,0.5121107266435986,1030.6,78.0,1,ok,2026-08-07
322,8480259,Ben Jones,MIN,20232024,5on5,,,,,,0,missing,2026-08-07
323,8478864,Kirill Kaprizov,MIN,20232024,5on5,0.53,0.57,0.662613981762918,1232.2166666666667,75.0,1,ok,2026-08-07
324,8477446,Michael McCarron,MIN,20232024,5on5,0.48,0.5,0.37566137566137564,783.0,70.0,1,ok,2026-08-07
325,8481477,Nico Sturm,MIN,20232024,5on5,0.44,0.4,0.32936507936507936,750.7333333333333,63.0,1,ok,2026-08-07
326,8475765,Vladimir Tarasenko,MIN,20232024,5on5,0.5,0.48,0.6046511627906976,970.75,76.0,1,ok,2026-08-07
327,8478508,Yakov Trenin,MIN,20232024,5on5,0.52,0.52,0.32608695652173914,939.9,76.0,1,ok,2026-08-07
328,8483525,Danila Yurov,MIN,20232024,5on5,,,,,,0,missing,2026-08-07
329,8475692,Mats Zuccarello,MIN,20232024,5on5,0.5,0.52,0.6472868217054264,981.6833333333333,69.0,1,ok,2026-08-07
330,8474567,Zach Bogosian,MIN,20232024,5on5,0.51,0.52,0.4492753623188406,1036.0166666666667,65.0,1,ok,2026-08-07
331,8476463,Jonas Brodin,MIN,20232024,5on5,0.51,0.53,0.4884488448844885,1170.6666666666667,62.0,1,ok,2026-08-07
332,8482122,Brock Faber,MIN,20232024,5on5,0.48,0.51,0.48426150121065376,1524.0333333333333,82.0,1,ok,2026-08-07
333,8486166,Viking Gustafsson Nyberg,MIN,20232024,5on5,,,,,,0,missing,2026-08-07
334,8480800,Quinn Hughes,MIN,20232024,5on5,0.57,0.55,0.6145833333333334,1572.25,82.0,1,ok,2026-08-07
335,8482094,Daemon Hunt,MIN,20232024,5on5,,,,123.46666666666667,12.0,1,thin,2026-08-07
336,8482641,Matt Kiersted,MIN,20232024,5on5,,,,,,0,missing,2026-08-07
337,8482781,Carson Lambos,MIN,20232024,5on5,,,,,,0,missing,2026-08-07
338,8478136,Jake Middleton,MIN,20232024,5on5,0.47,0.5,0.4329608938547486,1359.9166666666667,80.0,1,ok,2026-08-07
339,8473507,Jeff Petry,MIN,20232024,5on5,0.45000000000000007,0.48,0.4414715719063545,1204.1,73.0,1,ok,2026-08-07
340,8483766,David Spacek,MIN,20232024,5on5,,,,,,0,missing,2026-08-07
341,8474716,Jared Spurgeon,MIN,20232024,5on5,0.53,0.58,0.4810126582278481,246.31666666666666,16.0,1,ok,2026-08-07
342,8476981,Josh Anderson,MON,20232024,5on5,0.43,0.43,0.4276315789473684,1034.9,78.0,1,ok,2026-08-07
343,8483424,Owen Beck,MON,20232024,5on5,,,,,,0,missing,2026-08-07
344,8482737,Zachary Bolduc,MON,20232024,5on5,0.43,0.43,0.5882352941176471,281.95,25.0,1,ok,2026-08-07
345,8481540,Cole Caufield,MON,20232024,5on5,0.4799999999999999,0.4799999999999999,0.6299212598425197,1239.5,82.0,1,ok,2026-08-07
346,8481523,Kirby Dach,MON,20232024,5on5,,,,18.25,2.0,1,thin,2026-08-07
347,8476479,Phillip Danault,MON,20232024,5on5,0.56,0.56,0.4879725085910653,1078.7833333333333,78.0,1,ok,2026-08-07
348,8484984,Ivan Demidov,MON,20232024,5on5,,,,,,0,missing,2026-08-07
349,8478133,Jake Evans,MON,20232024,5on5,0.44,0.46,0.32934131736526945,1015.2,82.0,1,ok,2026-08-07
350,8475848,Brendan Gallagher,MON,20232024,5on5,0.49,0.51,0.47761194029850745,935.0,77.0,1,ok,2026-08-07
351,8482775,Oliver Kapanen,MON,20232024,5on5,,,,,,0,missing,2026-08-07
352,8479339,Patrik Laine,MON,20232024,5on5,0.44,0.4,0.6515151515151515,209.11666666666667,18.0,1,ok,2026-08-07
353,8481618,Alex Newhook,MON,20232024,5on5,0.44,0.47,0.48792270531400966,732.0166666666667,55.0,1,ok,2026-08-07
354,8483515,Juraj Slafkovský,MON,20232024,5on5,0.48000000000000004,0.49,0.598404255319149,1192.7666666666667,82.0,1,ok,2026-08-07
355,8480018,Nick Suzuki,MON,20232024,5on5,0.49,0.5,0.5579710144927537,1287.7166666666667,82.0,1,ok,2026-08-07
356,8480074,Alexandre Texier,MON,20232024,5on5,0.49,0.42,0.5098684210526315,983.85,78.0,1,ok,2026-08-07
357,8480813,Joe Veleno,MON,20232024,5on5,0.4600000000000001,0.45,0.45627376425855515,945.6,80.0,1,ok,2026-08-07
358,8484403,Florian Xhekaj,MON,20232024,5on5,,,,,,0,missing,2026-08-07
359,8478851,Alexandre Carrier,MON,20232024,5on5,0.51,0.52,0.35294117647058826,1149.9833333333333,73.0,1,ok,2026-08-07
360,8480865,Noah Dobson,MON,20232024,5on5,0.49,0.5,0.483695652173913,1541.8666666666666,79.0,1,ok,2026-08-07
361,8483686,Adam Engstrom,MON,20232024,5on5,,,,,,0,missing,2026-08-07
362,8482087,Kaiden Guhle,MON,20232024,5on5,0.45000000000000007,0.45999999999999996,0.35494880546075086,1253.7,70.0,1,ok,2026-08-07
363,8483457,Lane Hutson,MON,20232024,5on5,,,,43.733333333333334,2.0,1,thin,2026-08-07
364,8476875,Mike Matheson,MON,20232024,5on5,0.43,0.45000000000000007,0.36666666666666664,1472.85,82.0,1,ok,2026-08-07
365,8484220,David Reinbacher,MON,20232024,5on5,,,,,,0,missing,2026-08-07
366,8481593,Jayden Struble,MON,20232024,5on5,0.46,0.44,0.45394736842105265,860.5666666666667,56.0,1,ok,2026-08-07
367,8482964,Arber Xhekaj,MON,20232024,5on5,0.49,0.52,0.5909090909090909,635.6666666666666,44.0,1,ok,2026-08-07
369,8482146,Luke Evangelista,NAS,20232024,5on5,0.55,0.56,0.7079646017699115,923.05,80.0,1,ok,2026-08-07
370,8476887,Filip Forsberg,NAS,20232024,5on5,0.54,0.56,0.6589147286821705,1171.6833333333334,82.0,1,ok,2026-08-07
371,8475287,Erik Haula,NAS,20232024,5on5,0.53,0.55,0.5029940119760479,999.8,76.0,1,ok,2026-08-07
372,8479370,Tyson Jost,NAS,20232024,5on5,0.44,0.4,0.5923076923076923,422.5,43.0,1,ok,2026-08-07
373,8476539,Jonathan Marchessault,NAS,20232024,5on5,0.49000000000000005,0.52,0.6557377049180327,1123.8166666666666,82.0,1,ok,2026-08-07
374,8475158,Ryan O'Reilly,NAS,20232024,5on5,0.53,0.54,0.664,1117.4833333333333,82.0,1,ok,2026-08-07
375,8474564,Steven Stamkos,NAS,20232024,5on5,0.48999999999999994,0.48000000000000004,0.5608465608465608,1075.4666666666667,79.0,1,ok,2026-08-07
376,8482768,Fedor Svechkov,NAS,20232024,5on5,,,,,,0,missing,2026-08-07
377,8482103,Ozzy Wiesblatt,NAS,20232024,5on5,,,,,,0,missing,2026-08-07
378,8484241,Matthew Wood,NAS,20232024,5on5,,,,,,0,missing,2026-08-07
379,8482111,Justin Barron,NAS,20232024,5on5,0.47,0.46,0.49074074074074076,784.1333333333333,48.0,1,ok,2026-08-07
380,8479980,Nicolas Hague,NAS,20232024,5on5,0.47,0.51,0.45483870967741935,1211.8333333333333,73.0,1,ok,2026-08-07
381,8474600,Roman Josi,NAS,20232024,5on5,0.54,0.55,0.6666666666666666,1565.5,82.0,1,ok,2026-08-07
382,8480246,Nick Perbix,NAS,20232024,5on5,0.5,0.49,0.4368231046931408,1240.6166666666666,77.0,1,ok,2026-08-07
383,8476869,Brady Skjei,NAS,20232024,5on5,0.58,0.53,0.5302593659942363,1385.05,80.0,1,ok,2026-08-07
384,8482482,Adam Wilsby,NAS,20232024,5on5,,,,,,0,missing,2026-08-07
385,8475760,Nick Bjugstad,NJ,20232024,5on5,0.49,0.48,0.39664804469273746,999.1166666666667,76.0,1,ok,2026-08-07
386,8479407,Jesper Bratt,NJ,20232024,5on5,0.57,0.56,0.5734939759036145,1140.1166666666666,82.0,1,ok,2026-08-07
387,8477015,Connor Brown,NJ,20232024,5on5,0.51,0.5,0.46938775510204084,753.7,71.0,1,ok,2026-08-07
388,8481032,Paul Cotter,NJ,20232024,5on5,0.47,0.53,0.49466192170818507,921.3666666666667,76.0,1,ok,2026-08-07
389,8474149,Evgenii Dadonov,NJ,20232024,5on5,0.52,0.52,0.5230769230769231,619.4666666666667,51.0,1,ok,2026-08-07
390,8479996,Cody Glass,NJ,20232024,5on5,0.48,0.42,0.48760330578512395,438.98333333333335,41.0,1,ok,2026-08-07
391,8481721,Arseny Gritsyuk,NJ,20232024,5on5,,,,,,0,missing,2026-08-07
392,8480002,Nico Hischier,NJ,20232024,5on5,0.54,0.54,0.5165394402035624,968.3,71.0,1,ok,2026-08-07
393,8481559,Jack Hughes,NJ,20232024,5on5,0.5600000000000002,0.53,0.7116104868913857,992.95,62.0,1,ok,2026-08-07
394,8479772,Zack MacEwen,NJ,20232024,5on5,0.47,0.43,0.6595744680851063,189.48333333333332,30.0,1,ok,2026-08-07
395,8478414,Timo Meier,NJ,20232024,5on5,0.51,0.5,0.5402985074626866,999.7833333333333,69.0,1,ok,2026-08-07
396,8482110,Dawson Mercer,NJ,20232024,5on5,0.49000000000000005,0.51,0.5375375375375375,1114.6,82.0,1,ok,2026-08-07
397,8476474,Stefan Noesen,NJ,20232024,5on5,0.61,0.58,0.6717557251908397,825.8333333333334,81.0,1,ok,2026-08-07
398,8484958,Maxim Tsyplakov,NJ,20232024,5on5,,,,,,0,missing,2026-08-07
399,8479395,Dennis Cholowski,NJ,20232024,5on5,,,,,,0,missing,2026-08-07
400,8475455,Brenden Dillon,NJ,20232024,5on5,0.48999999999999994,0.48999999999999994,0.4648318042813456,1225.9166666666667,77.0,1,ok,2026-08-07
401,8476462,Dougie Hamilton,NJ,20232024,5on5,0.6,0.56,0.6153846153846154,352.1,20.0,1,ok,2026-08-07
402,8482684,Luke Hughes,NJ,20232024,5on5,0.55,0.52,0.5535248041775457,1386.9833333333333,82.0,1,ok,2026-08-07
403,8480192,Johnathan Kovacevic,NJ,20232024,5on5,0.48,0.45999999999999996,0.37714285714285717,872.2666666666667,62.0,1,ok,2026-08-07
404,8483495,Simon Nemec,NJ,20232024,5on5,0.5,0.53,0.49122807017543857,1025.1833333333334,60.0,1,ok,2026-08-07
405,8477488,Brett Pesce,NJ,20232024,5on5,0.58,0.54,0.5206349206349207,1209.8333333333333,70.0,1,ok,2026-08-07
406,8478399,Jonas Siegenthaler,NJ,20232024,5on5,0.52,0.49,0.4810126582278481,952.6166666666667,57.0,1,ok,2026-08-07
407,8478445,Mathew Barzal,NYI,20232024,5on5,0.52,0.52,0.6114457831325302,1301.4666666666667,80.0,1,ok,2026-08-07
408,8475231,Casey Cizikas,NYI,20232024,5on5,0.44,0.47,0.2900763358778626,809.2833333333333,70.0,1,ok,2026-08-07
409,8477407,Anthony Duclair,NYI,20232024,5on5,0.44,0.45,0.5016835016835017,983.8666666666667,73.0,1,ok,2026-08-07
410,8483553,Marc Gatcomb,NYI,20232024,5on5,,,,,,0,missing,2026-08-07
411,8482476,Emil Heineman,NYI,20232024,5on5,,,,38.266666666666666,4.0,1,thin,2026-08-07
412,8481601,Simon Holmstrom,NYI,20232024,5on5,0.43,0.42,0.4742268041237113,866.8666666666667,75.0,1,ok,2026-08-07
413,8477500,Bo Horvat,NYI,20232024,5on5,0.52,0.53,0.5826771653543307,1228.95,81.0,1,ok,2026-08-07
414,8475314,Anders Lee,NYI,20232024,5on5,0.51,0.55,0.5774647887323944,1090.15,81.0,1,ok,2026-08-07
415,8481237,Kyle MacLean,NYI,20232024,5on5,0.43000000000000005,0.49,0.6391752577319587,317.45,32.0,1,ok,2026-08-07
416,8476419,Jean-Gabriel Pageau,NYI,20232024,5on5,0.42,0.47,0.3391959798994975,985.3833333333333,82.0,1,ok,2026-08-07
417,8476292,Ondrej Palat,NYI,20232024,5on5,0.55,0.57,0.5216049382716049,933.8833333333333,71.0,1,ok,2026-08-07
418,8475151,Kyle Palmieri,NYI,20232024,5on5,0.48999999999999994,0.53,0.5950920245398773,1084.5166666666667,82.0,1,ok,2026-08-07
419,8475170,Brayden Schenn,NYI,20232024,5on5,0.44,0.44,0.4712328767123288,1099.5833333333333,82.0,1,ok,2026-08-07
420,8485702,Max Shabanov,NYI,20232024,5on5,,,,,,0,missing,2026-08-07
421,8480871,Adam Boqvist,NYI,20232024,5on5,0.48999999999999994,0.44,0.5632911392405063,544.1,35.0,1,ok,2026-08-07
422,8477950,Tony DeAngelo,NYI,20232024,5on5,0.56,0.48,0.6947368421052632,351.96666666666664,31.0,1,ok,2026-08-07
423,8476429,Scott Mayfield,NYI,20232024,5on5,0.4099999999999999,0.44,0.3049645390070922,650.5166666666667,41.0,1,ok,2026-08-07
424,8476917,Adam Pelech,NYI,20232024,5on5,0.49,0.49,0.36298932384341637,985.2666666666667,58.0,1,ok,2026-08-07
425,8477506,Ryan Pulock,NYI,20232024,5on5,0.45,0.5,0.3402061855670103,1074.7666666666667,58.0,1,ok,2026-08-07
426,8481014,Alexander Romanov,NYI,20232024,5on5,0.46,0.5,0.39766081871345027,1489.4666666666667,81.0,1,ok,2026-08-07
427,8485366,Matthew Schaefer,NYI,20232024,5on5,,,,,,0,missing,2026-08-07
428,8477369,Carson Soucy,NYI,20232024,5on5,0.4699999999999999,0.5,0.35064935064935066,593.1333333333333,40.0,1,ok,2026-08-07
429,8477380,Jonny Brodzinski,NYR,20232024,5on5,0.49,0.48000000000000004,0.5055555555555555,577.1166666666667,57.0,1,ok,2026-08-07
430,8482877,Jaroslav Chmelar,NYR,20232024,5on5,,,,,,0,missing,2026-08-07
431,8482157,Will Cuylle,NYR,20232024,5on5,0.49,0.49,0.669683257918552,876.6666666666666,81.0,1,ok,2026-08-07
432,8481726,Adam Edstrom,NYR,20232024,5on5,,,,91.48333333333333,11.0,1,thin,2026-08-07
433,8481789,Tye Kartye,NYR,20232024,5on5,0.5,0.49,0.604,876.3666666666667,77.0,1,ok,2026-08-07
434,8483690,Noah Laba,NYR,20232024,5on5,,,,,,0,missing,2026-08-07
435,8482109,Alexis Lafrenière,NYR,20232024,5on5,0.56,0.53,0.7908496732026143,1252.6166666666666,82.0,1,ok,2026-08-07
436,8476468,J.T. Miller,NYR,20232024,5on5,0.51,0.51,0.5281501340482574,1105.55,81.0,1,ok,2026-08-07
437,8484210,Gabe Perreault,NYR,20232024,5on5,,,,,,0,missing,2026-08-07
438,8479390,Taylor Raddysh,NYR,20232024,5on5,0.45,0.43,0.5388349514563107,885.5,73.0,1,ok,2026-08-07
439,8482460,Matt Rempe,NYR,20232024,5on5,,,,93.93333333333334,17.0,1,thin,2026-08-07
440,8477839,Conor Sheary,NYR,20232024,5on5,0.49,0.45000000000000007,0.5620437956204379,590.6333333333333,57.0,1,ok,2026-08-07
441,8483669,Adam Sykora,NYR,20232024,5on5,,,,,,0,missing,2026-08-07
442,8476389,Vincent Trocheck,NYR,20232024,5on5,0.54,0.53,0.5476718403547672,1263.0833333333333,82.0,1,ok,2026-08-07
443,8476459,Mika Zibanejad,NYR,20232024,5on5,0.51,0.51,0.568019093078759,1086.4333333333334,81.0,1,ok,2026-08-07
444,8478840,Will Borgen,NYR,20232024,5on5,0.4799999999999999,0.5,0.2344213649851632,1294.9666666666667,82.0,1,ok,2026-08-07
445,8484169,Drew Fortescue,NYR,20232024,5on5,,,,,,0,missing,2026-08-07
446,8479323,Adam Fox,NYR,20232024,5on5,0.54,0.53,0.5535714285714286,1254.6,72.0,1,ok,2026-08-07
447,8478882,Vladislav Gavrikov,NYR,20232024,5on5,0.54,0.55,0.4371069182389937,1340.8,77.0,1,ok,2026-08-07
448,8482861,Vincent Iorio,NYR,20232024,5on5,,,,58.95,6.0,1,thin,2026-08-07
449,8481525,Matthew Robertson,NYR,20232024,5on5,,,,,,0,missing,2026-08-07
450,8482073,Braden Schneider,NYR,20232024,5on5,0.49,0.49,0.4182692307692308,1185.3166666666666,82.0,1,ok,2026-08-07
451,8480001,Urho Vaakanainen,NYR,20232024,5on5,0.48,0.48,0.36283185840707965,1035.4833333333333,68.0,1,ok,2026-08-07
452,8478020,Michael Amadio,OTT,20232024,5on5,0.49,0.52,0.5223880597014925,895.1833333333333,73.0,1,ok,2026-08-07
453,8480208,Drake Batherson,OTT,20232024,5on5,0.51,0.49,0.6298701298701299,1191.3666666666666,82.0,1,ok,2026-08-07
454,8481578,Graeme Clarke,OTT,20232024,5on5,,,,33.36666666666667,3.0,1,thin,2026-08-07
455,8476393,Nick Cousins,OTT,20232024,5on5,0.55,0.48,0.5962962962962963,814.0666666666667,69.0,1,ok,2026-08-07
456,8481528,Dylan Cozens,OTT,20232024,5on5,0.5,0.49,0.5119760479041916,1010.5666666666667,79.0,1,ok,2026-08-07
457,8474189,Lars Eller,OTT,20232024,5on5,0.51,0.5,0.25885558583106266,978.0666666666667,82.0,1,ok,2026-08-07
458,8477998,Warren Foegele,OTT,20232024,5on5,0.56,0.59,0.553125,1015.9666666666667,82.0,1,ok,2026-08-07
459,8473512,Claude Giroux,OTT,20232024,5on5,0.54,0.52,0.4985835694050991,1173.1333333333334,82.0,1,ok,2026-08-07
460,8482092,Ridly Greig,OTT,20232024,5on5,0.5,0.5,0.5785123966942148,889.0833333333334,72.0,1,ok,2026-08-07
461,8483676,Stephen Halliday,OTT,20232024,5on5,,,,,,0,missing,2026-08-07
462,8478173,Hayden Hodgson,OTT,20232024,5on5,,,,,,0,missing,2026-08-07
463,8481560,Arthur Kaliyev,OTT,20232024,5on5,0.58,0.58,0.581081081081081,524.75,51.0,1,ok,2026-08-07
464,8477073,Kurtis MacDermid,OTT,20232024,5on5,0.39,0.38,0.5094339622641509,216.23333333333332,45.0,1,ok,2026-08-07
465,8481596,Shane Pinto,OTT,20232024,5on5,0.53,0.57,0.5988023952095808,598.6666666666666,41.0,1,ok,2026-08-07
466,8482116,Tim Stützle,OTT,20232024,5on5,0.53,0.49,0.535483870967742,1209.0333333333333,75.0,1,ok,2026-08-07
467,8480801,Brady Tkachuk,OTT,20232024,5on5,0.56,0.55,0.5173333333333333,1205.4833333333333,81.0,1,ok,2026-08-07
468,8480188,Fabian Zetterlund,OTT,20232024,5on5,0.43000000000000005,0.42,0.4036144578313253,1215.7333333333333,82.0,1,ok,2026-08-07
469,8478469,Thomas Chabot,OTT,20232024,5on5,0.52,0.52,0.525,968.6,51.0,1,ok,2026-08-07
470,8480075,Cameron Crotty,OTT,20232024,5on5,,,,10.05,1.0,1,thin,2026-08-07
471,8478502,Dennis Gilbert,OTT,20232024,5on5,0.48999999999999994,0.48,0.6024096385542169,397.65,34.0,1,ok,2026-08-07
472,8475324,Nick Jensen,OTT,20232024,5on5,0.44999999999999996,0.44,0.3105022831050228,1279.4,78.0,1,ok,2026-08-07
473,8482095,Tyler Kleven,OTT,20232024,5on5,,,,105.73333333333333,9.0,1,thin,2026-08-07
474,8484321,Nikolas Matinpalo,OTT,20232024,5on5,,,,27.333333333333332,4.0,1,thin,2026-08-07
475,8482105,Jake Sanderson,OTT,20232024,5on5,0.53,0.53,0.4801223241590214,1301.1,79.0,1,ok,2026-08-07
476,8481606,Jordan Spence,OTT,20232024,5on5,0.56,0.53,0.5958333333333333,888.0166666666667,71.0,1,ok,2026-08-07
477,8481575,Lassi Thomson,OTT,20232024,5on5,,,,,,0,missing,2026-08-07
478,8484759,Carter Yakemchuk,OTT,20232024,5on5,,,,,,0,missing,2026-08-07
479,8482245,Artem Zub,OTT,20232024,5on5,0.53,0.52,0.4673913043478261,1201.7166666666667,69.0,1,ok,2026-08-07
480,8479022,Rodrigo Abols,PHI,20232024,5on5,,,,,,0,missing,2026-08-07
481,8484142,Denver Barkey,PHI,20232024,5on5,,,,,,0,missing,2026-08-07
482,8483731,Alex Bump,PHI,20232024,5on5,,,,,,0,missing,2026-08-07
483,8480220,Noah Cates,PHI,20232024,5on5,0.55,0.59,0.4611872146118721,662.05,59.0,1,ok,2026-08-07
484,8476461,Sean Couturier,PHI,20232024,5on5,0.57,0.55,0.47774480712166173,1001.9666666666667,74.0,1,ok,2026-08-07
485,8477989,Christian Dvorak,PHI,20232024,5on5,0.42000000000000004,0.39999999999999997,0.4316546762589928,381.18333333333334,30.0,1,ok,2026-08-07
486,8482159,Tyson Foerster,PHI,20232024,5on5,0.54,0.54,0.5141955835962145,1089.9333333333334,77.0,1,ok,2026-08-07
487,8481848,Jacob Gaucher,PHI,20232024,5on5,,,,,,0,missing,2026-08-07
488,8476822,Luke Glendening,PHI,20232024,5on5,0.41000000000000003,0.38,0.32802547770700635,744.6333333333333,81.0,1,ok,2026-08-07
489,8483733,Nikita Grebenkin,PHI,20232024,5on5,,,,,,0,missing,2026-08-07
490,8479336,Carl Grundstrom,PHI,20232024,5on5,0.55,0.56,0.59375,522.6,50.0,1,ok,2026-08-07
491,8477903,Garnet Hathaway,PHI,20232024,5on5,0.51,0.54,0.4268292682926829,880.3,82.0,1,ok,2026-08-07
492,8478439,Travis Konecny,PHI,20232024,5on5,0.56,0.53,0.6207865168539326,1100.4833333333333,76.0,1,ok,2026-08-07
493,8484779,Jett Luchanko,PHI,20232024,5on5,,,,,,0,missing,2026-08-07
494,8485406,Porter Martone,PHI,20232024,5on5,,,,,,0,missing,2026-08-07
495,8484387,Matvei Michkov,PHI,20232024,5on5,,,,,,0,missing,2026-08-07
496,8480015,Owen Tippett,PHI,20232024,5on5,0.52,0.52,0.6231003039513677,1027.2833333333333,78.0,1,ok,2026-08-07
497,8475253,Garrett Wilson,PHI,20232024,5on5,,,,,,0,missing,2026-08-07
498,8481533,Trevor Zegras,PHI,20232024,5on5,0.47,0.53,0.5408163265306123,425.35,31.0,1,ok,2026-08-07
499,8482126,Emil Andrae,PHI,20232024,5on5,,,,51.21666666666667,4.0,1,thin,2026-08-07
501,8484148,Oliver Bonk,PHI,20232024,5on5,,,,,,0,missing,2026-08-07
502,8482142,Jamie Drysdale,PHI,20232024,5on5,0.49,0.46,0.6312056737588653,544.1666666666666,34.0,1,ok,2026-08-07
503,8482169,Helge Grans,PHI,20232024,5on5,,,,,,0,missing,2026-08-07
504,8483460,David Jiricek,PHI,20232024,5on5,0.48000000000000004,0.44000000000000006,0.535483870967742,605.9833333333333,43.0,1,ok,2026-08-07
505,8478454,Noah Juulsen,PHI,20232024,5on5,0.48,0.49000000000000005,0.3891891891891892,682.8333333333334,54.0,1,ok,2026-08-07
506,8483760,Hunter McDonald,PHI,20232024,5on5,,,,,,0,missing,2026-08-07
507,8477499,Rasmus Ristolainen,PHI,20232024,5on5,0.52,0.57,0.5169491525423728,458.85,31.0,1,ok,2026-08-07
508,8477948,Travis Sanheim,PHI,20232024,5on5,0.51,0.51,0.4950980392156863,1512.95,81.0,1,ok,2026-08-07
509,8476372,Nick Seeler,PHI,20232024,5on5,0.52,0.55,0.4819277108433735,1028.85,71.0,1,ok,2026-08-07
510,8481546,Cam York,PHI,20232024,5on5,0.5,0.5,0.506265664160401,1428.7833333333333,82.0,1,ok,2026-08-07
511,8478569,Noel Acciari,PIT,20232024,5on5,0.41,0.41,0.11553784860557768,570.2,55.0,1,ok,2026-08-07
512,8479638,Justin Brazeau,PIT,20232024,5on5,0.4799999999999999,0.58,0.37777777777777777,199.26666666666668,19.0,1,ok,2026-08-07
513,8482475,Egor Chinakhov,PIT,20232024,5on5,0.49000000000000005,0.47,0.49557522123893805,663.3,53.0,1,ok,2026-08-07
514,8471675,Sidney Crosby,PIT,20232024,5on5,0.55,0.55,0.6943127962085308,1268.7,82.0,1,ok,2026-08-07
515,8480980,Connor Dewar,PIT,20232024,5on5,0.47,0.48000000000000004,0.34574468085106386,688.6,74.0,1,ok,2026-08-07
516,8480842,Filip Hallander,PIT,20232024,5on5,,,,,,0,missing,2026-08-07
517,8475763,Kevin Hayes,PIT,20232024,5on5,0.46,0.45,0.42628205128205127,986.7833333333333,79.0,1,ok,2026-08-07
518,8485414,Ben Kindel,PIT,20232024,5on5,,,,,,0,missing,2026-08-07
519,8482758,Ville Koivunen,PIT,20232024,5on5,,,,,,0,missing,2026-08-07
520,8481481,Blake Lizotte,PIT,20232024,5on5,0.53,0.52,0.5297619047619048,613.8666666666667,62.0,1,ok,2026-08-07
521,8471215,Evgeni Malkin,PIT,20232024,5on5,0.52,0.53,0.7148148148148148,1179.4333333333334,82.0,1,ok,2026-08-07
522,8477511,Anthony Mantha,PIT,20232024,5on5,0.52,0.5599999999999999,0.48917748917748916,919.2333333333333,74.0,1,ok,2026-08-07
523,8478438,Tommy Novak,PIT,20232024,5on5,0.56,0.59,0.7953216374269005,824.7166666666667,71.0,1,ok,2026-08-07
524,8476483,Rickard Rakell,PIT,20232024,5on5,0.5400000000000001,0.53,0.8007662835249042,967.45,70.0,1,ok,2026-08-07
525,8475810,Bryan Rust,PIT,20232024,5on5,0.53,0.55,0.65,914.2,62.0,1,ok,2026-08-07
526,8481725,Elmer Soderblom,PIT,20232024,5on5,,,,,,0,missing,2026-08-07
527,8477365,Connor Clifton,PIT,20232024,5on5,0.49,0.46,0.45075757575757575,1122.4333333333334,79.0,1,ok,2026-08-07
528,8479398,Samuel Girard,PIT,20232024,5on5,0.56,0.53,0.40823970037453183,959.1666666666666,59.0,1,ok,2026-08-07
529,8477435,Ryan Graves,PIT,20232024,5on5,0.48999999999999994,0.51,0.36059479553903345,1123.35,70.0,1,ok,2026-08-07
530,8474578,Erik Karlsson,PIT,20232024,5on5,0.55,0.55,0.530373831775701,1618.7666666666667,82.0,1,ok,2026-08-07
531,8471724,Kris Letang,PIT,20232024,5on5,0.51,0.5,0.5258215962441315,1570.7,82.0,1,ok,2026-08-07
532,8486169,Jake Livanavage,PIT,20232024,5on5,,,,,,0,missing,2026-08-07
533,8478854,Ryan Shea,PIT,20232024,5on5,0.49,0.4600000000000001,0.3898305084745763,352.76666666666665,31.0,1,ok,2026-08-07
534,8482470,Ilya Solovyov,PIT,20232024,5on5,,,,144.5,10.0,1,thin,2026-08-07
535,8481030,Jack St. Ivany,PIT,20232024,5on5,0.43999999999999995,0.47,0.46875,163.01666666666668,14.0,1,ok,2026-08-07
536,8478450,Parker Wotherspoon,PIT,20232024,5on5,0.4699999999999999,0.52,0.38848920863309355,630.8666666666667,41.0,1,ok,2026-08-07
537,8484801,Macklin Celebrini,SJ,20232024,5on5,,,,,,0,missing,2026-08-07
538,8480848,Ty Dellandrea,SJ,20232024,5on5,0.52,0.54,0.42016806722689076,449.8333333333333,42.0,1,ok,2026-08-07
539,8482667,William Eklund,SJ,20232024,5on5,0.45000000000000007,0.44,0.4006734006734007,1144.0333333333333,80.0,1,ok,2026-08-07
540,8478874,Adam Gaudette,SJ,20232024,5on5,,,,19.6,2.0,1,thin,2026-08-07
541,8476624,Barclay Goodrow,SJ,20232024,5on5,0.4,0.4,0.24281150159744408,825.3,80.0,1,ok,2026-08-07
542,8484911,Collin Graf,SJ,20232024,5on5,,,,97.0,7.0,1,thin,2026-08-07
543,8480798,Philipp Kurashev,SJ,20232024,5on5,0.42,0.42,0.6270627062706271,1113.1333333333334,75.0,1,ok,2026-08-07
544,8485402,Michael Misa,SJ,20232024,5on5,,,,,,0,missing,2026-08-07
545,8482859,Zack Ostapchuk,SJ,20232024,5on5,,,,73.33333333333333,7.0,1,thin,2026-08-07
546,8471817,Ryan Reaves,SJ,20232024,5on5,0.48000000000000004,0.47,0.49,392.8833333333333,49.0,1,ok,2026-08-07
547,8483630,Pavol Regenda,SJ,20232024,5on5,,,,57.4,5.0,1,thin,2026-08-07
548,8480748,Kiefer Sherwood,SJ,20232024,5on5,0.52,0.52,0.5,773.3,68.0,1,ok,2026-08-07
549,8484227,Will Smith,SJ,20232024,5on5,,,,,,0,missing,2026-08-07
550,8475726,Tyler Toffoli,SJ,20232024,5on5,0.56,0.53,0.6943521594684385,1032.85,79.0,1,ok,2026-08-07
551,8477505,Alexander Wennberg,SJ,20232024,5on5,0.49000000000000005,0.5,0.4665012406947891,1064.3833333333334,79.0,1,ok,2026-08-07
552,8479576,Vincent Desharnais,SJ,20232024,5on5,0.52,0.55,0.48201438848920863,1055.2166666666667,78.0,1,ok,2026-08-07
553,8484806,Sam Dickinson,SJ,20232024,5on5,,,,,,0,missing,2026-08-07
554,8479983,Mario Ferraro,SJ,20232024,5on5,0.45,0.43,0.33827893175074186,1464.9166666666667,78.0,1,ok,2026-08-07
555,8475906,John Klingberg,SJ,20232024,5on5,0.52,0.44,0.6727272727272727,232.2,14.0,1,ok,2026-08-07
556,8475181,Nick Leddy,SJ,20232024,5on5,0.44,0.44,0.3598130841121495,1555.1166666666666,82.0,1,ok,2026-08-07
557,8482166,Shakir Mukhamadullin,SJ,20232024,5on5,,,,56.56666666666667,3.0,1,thin,2026-08-07
558,8475200,Dmitry Orlov,SJ,20232024,5on5,0.6,0.57,0.602112676056338,1285.4,82.0,1,ok,2026-08-07
559,8482665,Matty Beniers,SEA,20232024,5on5,0.51,0.5,0.5769230769230769,1123.9,77.0,1,ok,2026-08-07
560,8484800,Berkly Catton,SEA,20232024,5on5,,,,,,0,missing,2026-08-07
561,8474586,Jordan Eberle,SEA,20232024,5on5,0.54,0.55,0.5514285714285714,1107.1833333333334,78.0,1,ok,2026-08-07
562,8477919,Frederick Gaudreau,SEA,20232024,5on5,0.47,0.44000000000000006,0.4092827004219409,718.65,67.0,1,ok,2026-08-07
563,8481554,Kaapo Kakko,SEA,20232024,5on5,0.5,0.48,0.5863874345549738,727.1,61.0,1,ok,2026-08-07
564,8477955,Jared McCann,SEA,20232024,5on5,0.52,0.5,0.5700934579439252,967.85,80.0,1,ok,2026-08-07
565,8482259,Bobby McMann,SEA,20232024,5on5,0.51,0.4799999999999999,0.4,583.6166666666667,56.0,1,ok,2026-08-07
566,8483570,Ben Meyers,SEA,20232024,5on5,0.48,0.45,0.5471698113207547,218.68333333333334,23.0,1,ok,2026-08-07
567,8475768,Jaden Schwartz,SEA,20232024,5on5,0.52,0.51,0.5488215488215489,833.7833333333333,62.0,1,ok,2026-08-07
568,8476905,Chandler Stephenson,SEA,20232024,5on5,0.46,0.45,0.5910364145658263,997.45,75.0,1,ok,2026-08-07
569,8480009,Eeli Tolvanen,SEA,20232024,5on5,0.51,0.52,0.5286195286195287,1042.7666666666667,81.0,1,ok,2026-08-07
570,8482751,Ryan Winterton,SEA,20232024,5on5,,,,84.05,9.0,1,thin,2026-08-07
571,8483524,Shane Wright,SEA,20232024,5on5,,,,90.28333333333333,8.0,1,thin,2026-08-07
572,8478407,Vince Dunn,SEA,20232024,5on5,0.52,0.5,0.6079734219269103,1139.1333333333334,59.0,1,ok,2026-08-07
573,8482858,Ryker Evans,SEA,20232024,5on5,0.54,0.53,0.5398230088495575,600.75,36.0,1,ok,2026-08-07
574,8479985,Cale Fleury,SEA,20232024,5on5,,,,13.45,1.0,1,thin,2026-08-07
575,8476457,Adam Larsson,SEA,20232024,5on5,0.52,0.49,0.5969773299748111,1558.7166666666667,81.0,1,ok,2026-08-07
576,8479324,Ryan Lindgren,SEA,20232024,5on5,0.49,0.45,0.4732394366197183,1226.45,76.0,1,ok,2026-08-07
577,8479372,Joshua Mahura,SEA,20232024,5on5,0.48000000000000004,0.46,0.5268817204301075,354.6166666666667,30.0,1,ok,2026-08-07
578,8477986,Brandon Montour,SEA,20232024,5on5,0.55,0.53,0.5394321766561514,1181.7,66.0,1,ok,2026-08-07
579,8476467,Jamie Oleksiak,SEA,20232024,5on5,0.48,0.51,0.25977653631284914,1319.4333333333334,82.0,1,ok,2026-08-07
580,8481013,Jonatan Berggren,STL,20232024,5on5,,,,120.65,12.0,1,thin,2026-08-07
581,8477402,Pavel Buchnevich,STL,20232024,5on5,0.52,0.48999999999999994,0.4954954954954955,1118.3833333333334,80.0,1,ok,2026-08-07
582,8477494,Jonathan Drouin,STL,20232024,5on5,0.55,0.56,0.6657303370786517,1108.6166666666666,79.0,1,ok,2026-08-07
583,8484164,Dalibor Dvorsky,STL,20232024,5on5,,,,,,0,missing,2026-08-07
584,8482090,Jack Finley,STL,20232024,5on5,,,,,,0,missing,2026-08-07
585,8482077,Dylan Holloway,STL,20232024,5on5,0.59,0.58,0.5779816513761468,420.71666666666664,38.0,1,ok,2026-08-07
586,8479385,Jordan Kyrou,STL,20232024,5on5,0.5,0.5,0.532394366197183,1191.55,82.0,1,ok,2026-08-07
587,8482089,Jake Neighbours,STL,20232024,5on5,0.43,0.42,0.5555555555555556,971.9666666666667,77.0,1,ok,2026-08-07
588,8483516,Jimmy Snuggerud,STL,20232024,5on5,,,,,,0,missing,2026-08-07
589,8476897,Oskar Sundqvist,STL,20232024,5on5,0.39,0.38,0.36134453781512604,737.0833333333334,71.0,1,ok,2026-08-07
590,8480459,Pius Suter,STL,20232024,5on5,0.54,0.55,0.5168067226890757,815.3,67.0,1,ok,2026-08-07
591,8480023,Robert Thomas,STL,20232024,5on5,0.49,0.49,0.4963855421686747,1222.1,82.0,1,ok,2026-08-07
592,8480281,Alexey Toropchenko,STL,20232024,5on5,0.4,0.42,0.45726495726495725,925.3666666666667,82.0,1,ok,2026-08-07
593,8477573,Nathan Walker,STL,20232024,5on5,0.44,0.41,0.45652173913043476,471.1166666666667,45.0,1,ok,2026-08-07
594,8481598,Philip Broberg,STL,20232024,5on5,,,,120.38333333333334,12.0,1,thin,2026-08-07
595,8475764,Cam Fowler,STL,20232024,5on5,0.46,0.45,0.48214285714285715,1426.5166666666667,81.0,1,ok,2026-08-07
596,8475718,Justin Holl,STL,20232024,5on5,0.46,0.45,0.5606060606060606,523.4166666666666,38.0,1,ok,2026-08-07
597,8482516,Matthew Kessel,STL,20232024,5on5,0.4600000000000001,0.43000000000000005,0.4745762711864407,621.85,39.0,1,ok,2026-08-07
598,8482733,Logan Mailloux,STL,20232024,5on5,,,,20.216666666666665,1.0,1,thin,2026-08-07
599,8476892,Colton Parayko,STL,20232024,5on5,0.43999999999999995,0.45,0.37697516930022573,1641.15,82.0,1,ok,2026-08-07
600,8481006,Tyler Tucker,STL,20232024,5on5,0.41,0.4,0.5689655172413793,309.8,26.0,1,ok,2026-08-07
601,8477416,Oliver Bjorkstrand,TB,20232024,5on5,0.53,0.53,0.555205047318612,1087.6333333333334,82.0,1,ok,2026-08-07
602,8478519,Anthony Cirelli,TB,20232024,5on5,0.52,0.52,0.4293193717277487,1114.3333333333333,79.0,1,ok,2026-08-07
603,8483447,Conor Geekie,TB,20232024,5on5,,,,,,0,missing,2026-08-07
604,8476878,Zemgus Girgensons,TB,20232024,5on5,0.5,0.47000000000000003,0.5044642857142857,671.7166666666667,63.0,1,ok,2026-08-07
605,8482201,Gage Goncalves,TB,20232024,5on5,,,,19.916666666666668,2.0,1,thin,2026-08-07
606,8476826,Yanni Gourde,TB,20232024,5on5,0.52,0.52,0.4793650793650794,1145.0666666666666,80.0,1,ok,2026-08-07
607,8477404,Jake Guentzel,TB,20232024,5on5,0.57,0.58,0.6977491961414791,1047.5166666666667,67.0,1,ok,2026-08-07
608,8479542,Brandon Hagel,TB,20232024,5on5,0.53,0.55,0.5352941176470588,1240.35,82.0,1,ok,2026-08-07
609,8480995,Pontus Holmberg,TB,20232024,5on5,0.51,0.52,0.5928571428571429,557.45,54.0,1,ok,2026-08-07
610,8483752,Dominic James,TB,20232024,5on5,,,,,,0,missing,2026-08-07
611,8476453,Nikita Kucherov,TB,20232024,5on5,0.54,0.53,0.6794520547945205,1334.8833333333334,81.0,1,ok,2026-08-07
612,8477426,Nick Paul,TB,20232024,5on5,0.51,0.5,0.46264367816091956,1071.0833333333333,82.0,1,ok,2026-08-07
613,8470621,Corey Perry,TB,20232024,5on5,0.5,0.54,0.5359116022099447,602.2166666666667,54.0,1,ok,2026-08-07
614,8478010,Brayden Point,TB,20232024,5on5,0.52,0.52,0.6611570247933884,1247.95,81.0,1,ok,2026-08-07
615,8477149,Scott Sabourin,TB,20232024,5on5,,,,27.833333333333332,3.0,1,thin,2026-08-07
616,8483398,Declan Carlile,TB,20232024,5on5,,,,11.45,1.0,1,thin,2026-08-07
617,8478416,Erik Cernak,TB,20232024,5on5,0.47,0.46,0.4033898305084746,1084.8833333333334,69.0,1,ok,2026-08-07
618,8481719,Max Crozier,TB,20232024,5on5,0.54,0.6,0.3142857142857143,166.55,13.0,1,ok,2026-08-07
619,8480426,Charle-Edouard D'Astous,TB,20232024,5on5,,,,,,0,missing,2026-08-07
620,8475167,Victor Hedman,TB,20232024,5on5,0.52,0.5,0.5485714285714286,1387.05,78.0,1,ok,2026-08-07
621,8482929,Emil Lilleberg,TB,20232024,5on5,0.51,0.45,0.4357142857142857,545.0333333333333,37.0,1,ok,2026-08-07
622,8474151,Ryan McDonagh,TB,20232024,5on5,0.53,0.57,0.5155709342560554,1268.8666666666666,74.0,1,ok,2026-08-07
623,8482655,J.J. Moser,TB,20232024,5on5,0.5,0.48,0.3858267716535433,1336.8,80.0,1,ok,2026-08-07
624,8478178,Darren Raddysh,TB,20232024,5on5,0.52,0.53,0.5473684210526316,1395.6333333333334,82.0,1,ok,2026-08-07
625,8477503,Max Domi,TOR,20232024,5on5,0.51,0.51,0.703862660944206,983.0333333333333,80.0,1,ok,2026-08-07
626,8480870,Bo Groulx,TOR,20232024,5on5,0.42,0.41,0.432,469.68333333333334,45.0,1,ok,2026-08-07
627,8485467,Luke Haymes,TOR,20232024,5on5,,,,,,0,missing,2026-08-07
628,8475714,Calle Jarnkrok,TOR,20232024,5on5,0.51,0.53,0.6206896551724138,630.5666666666667,52.0,1,ok,2026-08-07
629,8478057,Dakota Joshua,TOR,20232024,5on5,0.51,0.55,0.4344262295081967,747.2166666666667,63.0,1,ok,2026-08-07
630,8482720,Matthew Knies,TOR,20232024,5on5,0.5,0.51,0.5357142857142857,1005.8,80.0,1,ok,2026-08-07
631,8478904,Steven Lorentz,TOR,20232024,5on5,0.51,0.48,0.5909090909090909,313.4166666666667,38.0,1,ok,2026-08-07
632,8481711,Matias Maccelli,TOR,20232024,5on5,0.49,0.51,0.4416403785488959,1110.9,82.0,1,ok,2026-08-07
633,8479318,Auston Matthews,TOR,20232024,5on5,0.54,0.56,0.601823708206687,1280.3666666666666,81.0,1,ok,2026-08-07
634,8477939,William Nylander,TOR,20232024,5on5,0.51,0.51,0.6061452513966481,1197.1833333333334,82.0,1,ok,2026-08-07
635,8481582,Nicholas Robertson,TOR,20232024,5on5,0.5,0.51,0.7538461538461538,589.4166666666666,56.0,1,ok,2026-08-07
636,8475166,John Tavares,TOR,20232024,5on5,0.52,0.54,0.5429362880886427,1121.0833333333333,80.0,1,ok,2026-08-07
638,8481122,Simon Benoit,TOR,20232024,5on5,0.51,0.5,0.2955665024630542,979.4666666666667,64.0,1,ok,2026-08-07
639,8478443,Brandon Carlo,TOR,20232024,5on5,0.42999999999999994,0.46,0.17933130699088146,1238.8666666666666,76.0,1,ok,2026-08-07
640,8475171,Oliver Ekman-Larsson,TOR,20232024,5on5,0.56,0.54,0.6132075471698113,1144.7833333333333,80.0,1,ok,2026-08-07
641,8476931,Jake McCabe,TOR,20232024,5on5,0.51,0.51,0.3925233644859813,1275.2666666666667,73.0,1,ok,2026-08-07
642,8479026,Philippe Myers,TOR,20232024,5on5,,,,56.0,5.0,1,thin,2026-08-07
643,8476853,Morgan Rielly,TOR,20232024,5on5,0.5,0.48999999999999994,0.5678733031674208,1407.1166666666666,72.0,1,ok,2026-08-07
644,8479442,Troy Stecher,TOR,20232024,5on5,0.5,0.51,0.4752475247524752,844.15,54.0,1,ok,2026-08-07
645,8475690,Chris Tanev,TOR,20232024,5on5,0.52,0.54,0.37606837606837606,1235.6333333333334,75.0,1,ok,2026-08-07
646,8475461,Andrew Agozzino,UTA,20232024,5on5,,,,,,0,missing,2026-08-07
647,8484388,Daniil But,UTA,20232024,5on5,,,,,,0,missing,2026-08-07
648,8479619,Michael Carcone,UTA,20232024,5on5,0.45999999999999996,0.44,0.510548523206751,787.85,74.0,1,ok,2026-08-07
649,8483431,Logan Cooley,UTA,20232024,5on5,0.47,0.47,0.49377593360995853,1067.2833333333333,82.0,1,ok,2026-08-07
650,8478474,Lawson Crouse,UTA,20232024,5on5,0.48,0.48,0.459375,1019.8,81.0,1,ok,2026-08-07
651,8482699,Dylan Guenther,UTA,20232024,5on5,0.5,0.51,0.49640287769784175,533.2333333333333,45.0,1,ok,2026-08-07
652,8480849,Barrett Hayton,UTA,20232024,5on5,0.54,0.55,0.47619047619047616,415.3666666666667,33.0,1,ok,2026-08-07
653,8479343,Clayton Keller,UTA,20232024,5on5,0.51,0.47,0.511049723756906,1164.55,78.0,1,ok,2026-08-07
654,8477021,Alexander Kerfoot,UTA,20232024,5on5,0.48,0.48,0.46216216216216216,1034.2833333333333,82.0,1,ok,2026-08-07
655,8480855,Jack McBain,UTA,20232024,5on5,0.48999999999999994,0.51,0.49295774647887325,716.7833333333333,67.0,1,ok,2026-08-07
656,8481827,Ben McCartney,UTA,20232024,5on5,,,,,,0,missing,2026-08-07
657,8477070,Liam O'Brien,UTA,20232024,5on5,0.44,0.4799999999999999,0.4669603524229075,707.0833333333334,75.0,1,ok,2026-08-07
658,8482175,JJ Peterka,UTA,20232024,5on5,0.53,0.51,0.5822784810126582,1145.0333333333333,82.0,1,ok,2026-08-07
659,8479291,Kevin Rooney,UTA,20232024,5on5,0.4699999999999999,0.4600000000000001,0.25,278.81666666666666,33.0,1,ok,2026-08-07
660,8477951,Nick Schmaltz,UTA,20232024,5on5,0.52,0.4799999999999999,0.5071225071225072,1156.6833333333334,79.0,1,ok,2026-08-07
661,8478831,Kevin Stenlund,UTA,20232024,5on5,0.49,0.43,0.5318181818181819,782.25,81.0,1,ok,2026-08-07
662,8479293,Brandon Tanev,UTA,20232024,5on5,0.47000000000000003,0.46,0.5474452554744526,760.2666666666667,66.0,1,ok,2026-08-07
663,8479977,Kailer Yamamoto,UTA,20232024,5on5,0.53,0.51,0.5777777777777777,569.0,59.0,1,ok,2026-08-07
664,8474013,Ian Cole,UTA,20232024,5on5,0.49,0.55,0.30223880597014924,1207.2166666666667,78.0,1,ok,2026-08-07
665,8480084,Nick DeSimone,UTA,20232024,5on5,0.5,0.49,0.5555555555555556,439.75,34.0,1,ok,2026-08-07
666,8480434,Sean Durzi,UTA,20232024,5on5,0.51,0.5,0.43967828418230565,1309.1333333333334,76.0,1,ok,2026-08-07
667,8483472,Maveric Lamoureux,UTA,20232024,5on5,,,,,,0,missing,2026-08-07
668,8478507,John Marino,UTA,20232024,5on5,0.52,0.51,0.43174603174603177,1276.9666666666667,75.0,1,ok,2026-08-07
669,8481059,Scott Perunovich,UTA,20232024,5on5,0.48,0.45,0.6689655172413793,692.2333333333333,54.0,1,ok,2026-08-07
670,8477220,Nate Schmidt,UTA,20232024,5on5,0.53,0.56,0.5240174672489083,898.35,63.0,1,ok,2026-08-07
671,8479410,Mikhail Sergachev,UTA,20232024,5on5,0.5,0.5,0.5723684210526315,598.25,34.0,1,ok,2026-08-07
672,8484386,Dmitri Simashev,UTA,20232024,5on5,,,,,,0,missing,2026-08-07
673,8483763,Maksymilian Szuber,UTA,20232024,5on5,,,,16.85,1.0,1,thin,2026-08-07
674,8477346,MacKenzie Weegar,UTA,20232024,5on5,0.54,0.5,0.4739583333333333,1478.85,82.0,1,ok,2026-08-07
675,8482496,Nils Aman,VAN,20232024,5on5,0.47,0.53,0.6571428571428571,380.56666666666666,43.0,1,ok,2026-08-07
676,8476927,Teddy Blueger,VAN,20232024,5on5,0.52,0.58,0.4189189189189189,832.0,68.0,1,ok,2026-08-07
677,8478444,Brock Boeser,VAN,20232024,5on5,0.5,0.5,0.5656836461126006,1138.9333333333334,81.0,1,ok,2026-08-07
678,8480078,Filip Chytil,VAN,20232024,5on5,,,,139.51666666666668,10.0,1,thin,2026-08-07
679,8478498,Jake DeBrusk,VAN,20232024,5on5,0.49,0.52,0.5217391304347826,1037.9,80.0,1,ok,2026-08-07
680,8480876,Curtis Douglas,VAN,20232024,5on5,,,,,,0,missing,2026-08-07
681,8481535,Nils Hoglander,VAN,20232024,5on5,0.53,0.56,0.538135593220339,912.5666666666667,80.0,1,ok,2026-08-07
682,8475169,Evander Kane,VAN,20232024,5on5,0.52,0.54,0.5876923076923077,1117.3666666666666,77.0,1,ok,2026-08-07
683,8481024,Linus Karlsson,VAN,20232024,5on5,,,,35.05,4.0,1,thin,2026-08-07
684,8482055,Drew O'Connor,VAN,20232024,5on5,0.51,0.5,0.5551470588235294,1072.8666666666666,79.0,1,ok,2026-08-07
685,8483499,Liam Ohgren,VAN,20232024,5on5,,,,53.0,4.0,1,thin,2026-08-07
686,8480012,Elias Pettersson,VAN,20232024,5on5,0.53,0.52,0.5722713864306784,1110.9666666666667,82.0,1,ok,2026-08-07
687,8482691,Aatu Räty,VAN,20232024,5on5,,,,,,0,missing,2026-08-07
688,8482079,Marco Rossi,VAN,20232024,5on5,0.52,0.53,0.6275303643724697,1160.0666666666666,82.0,1,ok,2026-08-07
689,8484136,Max Sasson,VAN,20232024,5on5,,,,,,0,missing,2026-08-07
690,8484798,Zeev Buium,VAN,20232024,5on5,,,,,,0,missing,2026-08-07
691,8475762,Derek Forbort,VAN,20232024,5on5,0.45,0.53,0.2949640287769784,500.93333333333334,35.0,1,ok,2026-08-07
692,8479425,Filip Hronek,VAN,20232024,5on5,0.54,0.51,0.5935162094763092,1521.6,81.0,1,ok,2026-08-07
693,8480058,Pierre-Olivier Joseph,VAN,20232024,5on5,0.49,0.47,0.42857142857142855,735.0166666666667,52.0,1,ok,2026-08-07
694,8483768,Victor Mancini,VAN,20232024,5on5,,,,,,0,missing,2026-08-07
695,8483678,Elias Pettersson,VAN,20232024,5on5,,,,,,0,missing,2026-08-07
696,8477969,Marcus Pettersson,VAN,20232024,5on5,0.52,0.53,0.455,1564.4333333333334,82.0,1,ok,2026-08-07
697,8484240,Tom Willander,VAN,20232024,5on5,,,,,,0,missing,2026-08-07
698,8477964,Ivan Barbashev,VEG,20232024,5on5,0.48,0.51,0.6331360946745562,1147.3833333333334,82.0,1,ok,2026-08-07
699,8483890,Braeden Bowman,VEG,20232024,5on5,,,,,,0,missing,2026-08-07
700,8481604,Pavel Dorofeyev,VEG,20232024,5on5,0.51,0.55,0.53,573.3666666666667,47.0,1,ok,2026-08-07
701,8475343,Nic Dowd,VEG,20232024,5on5,0.41,0.42,0.10644257703081232,793.8666666666667,64.0,1,ok,2026-08-07
702,8478403,Jack Eichel,VEG,20232024,5on5,0.5,0.55,0.6727941176470589,870.7333333333333,63.0,1,ok,2026-08-07
703,8476881,Tomas Hertl,VEG,20232024,5on5,0.47000000000000003,0.4600000000000001,0.3877551020408163,803.05,54.0,1,ok,2026-08-07
704,8482125,Alexander Holtz,VEG,20232024,5on5,0.48,0.49,0.6909871244635193,839.0333333333333,82.0,1,ok,2026-08-07
705,8479353,Brett Howden,VEG,20232024,5on5,0.44,0.46,0.5058823529411764,842.75,72.0,1,ok,2026-08-07
706,8476448,William Karlsson,VEG,20232024,5on5,0.51,0.57,0.5214285714285715,875.5833333333334,70.0,1,ok,2026-08-07
707,8478434,Keegan Kolesar,VEG,20232024,5on5,0.47,0.49,0.3333333333333333,822.0166666666667,79.0,1,ok,2026-08-07
708,8479550,Tanner Laczynski,VEG,20232024,5on5,,,,,,0,missing,2026-08-07
709,8481534,Raphael Lavoie,VEG,20232024,5on5,,,,50.983333333333334,7.0,1,thin,2026-08-07
710,8478483,Mitch Marner,VEG,20232024,5on5,0.54,0.52,0.5767918088737202,1038.0833333333333,69.0,1,ok,2026-08-07
711,8480007,Jonas Rondbjerg,VEG,20232024,5on5,0.47,0.44,0.3191489361702128,204.66666666666666,20.0,1,ok,2026-08-07
712,8476438,Brandon Saad,VEG,20232024,5on5,0.44,0.44,0.4895833333333333,1079.2166666666667,82.0,1,ok,2026-08-07
713,8476925,Colton Sissons,VEG,20232024,5on5,0.49,0.51,0.3523809523809524,949.5,81.0,1,ok,2026-08-07
714,8482062,Cole Smith,VEG,20232024,5on5,0.49,0.51,0.3782608695652174,902.6166666666667,80.0,1,ok,2026-08-07
715,8475191,Reilly Smith,VEG,20232024,5on5,0.51,0.53,0.5582191780821918,1007.9333333333333,76.0,1,ok,2026-08-07
716,8475913,Mark Stone,VEG,20232024,5on5,0.48,0.51,0.575187969924812,744.7333333333333,56.0,1,ok,2026-08-07
717,8485251,Kai Uchacz,VEG,20232024,5on5,,,,,,0,missing,2026-08-07
718,8478397,Rasmus Andersson,VEG,20232024,5on5,0.5,0.4799999999999999,0.5118110236220472,1411.0666666666666,78.0,1,ok,2026-08-07
719,8479639,Dylan Coghlan,VEG,20232024,5on5,,,,16.366666666666667,1.0,1,thin,2026-08-07
720,8479602,Jeremy Davies,VEG,20232024,5on5,,,,,,0,missing,2026-08-07
721,8478396,Noah Hanifin,VEG,20232024,5on5,0.51,0.52,0.44254278728606355,1471.5333333333333,80.0,1,ok,2026-08-07
722,8477018,Ben Hutton,VEG,20232024,5on5,0.51,0.55,0.6770186335403726,598.5666666666667,41.0,1,ok,2026-08-07
723,8481527,Kaedan Korczak,VEG,20232024,5on5,0.5,0.53,0.5,406.26666666666665,26.0,1,ok,2026-08-07
724,8478468,Jeremy Lauzon,VEG,20232024,5on5,0.5,0.5,0.33955223880597013,1237.9833333333333,79.0,1,ok,2026-08-07
725,8475188,Brayden McNabb,VEG,20232024,5on5,0.5,0.52,0.5083532219570406,1358.9666666666667,82.0,1,ok,2026-08-07
726,8477034,Jaycob Megna,VEG,20232024,5on5,0.42,0.41,0.4152542372881356,686.5,44.0,1,ok,2026-08-07
727,8477447,Shea Theodore,VEG,20232024,5on5,0.52,0.53,0.5594405594405595,850.1,47.0,1,ok,2026-08-07
728,8478463,Anthony Beauvillier,WAS,20232024,5on5,0.4600000000000001,0.48,0.5352941176470588,732.6333333333333,60.0,1,ok,2026-08-07
729,8479400,Pierre-Luc Dubois,WAS,20232024,5on5,0.53,0.52,0.6078431372549019,1073.7,82.0,1,ok,2026-08-07
730,8479520,Brandon Duhaime,WAS,20232024,5on5,0.4699999999999999,0.45000000000000007,0.39805825242718446,706.9166666666666,80.0,1,ok,2026-08-07
731,8483573,Ethen Frank,WAS,20232024,5on5,,,,,,0,missing,2026-08-07
732,8480144,David Kampf,WAS,20232024,5on5,0.47,0.42,0.25,838.3333333333334,78.0,1,ok,2026-08-07
733,8482148,Hendrix Lapierre,WAS,20232024,5on5,0.46,0.43,0.7258064516129032,524.1333333333333,51.0,1,ok,2026-08-07
734,8484186,Ryan Leonard,WAS,20232024,5on5,,,,,,0,missing,2026-08-07
735,8481580,Connor McMichael,WAS,20232024,5on5,0.47,0.48,0.5761589403973509,1038.2333333333333,80.0,1,ok,2026-08-07
736,8483491,Ivan Miroshnichenko,WAS,20232024,5on5,0.48,0.53,0.6231884057971014,241.2,21.0,1,ok,2026-08-07
737,8471214,Alex Ovechkin,WAS,20232024,5on5,0.48000000000000004,0.46,0.8351648351648352,1119.4166666666667,79.0,1,ok,2026-08-07
738,8481656,Aliaksei Protas,WAS,20232024,5on5,0.49,0.51,0.4028776978417266,963.4833333333333,78.0,1,ok,2026-08-07
739,8484999,Ilya Protas,WAS,20232024,5on5,,,,,,0,missing,2026-08-07
740,8482088,Justin Sourdif,WAS,20232024,5on5,,,,26.35,3.0,1,thin,2026-08-07
741,8478440,Dylan Strome,WAS,20232024,5on5,0.51,0.54,0.6706231454005934,1184.2666666666667,82.0,1,ok,2026-08-07
742,8476880,Tom Wilson,WAS,20232024,5on5,0.5,0.5,0.5768115942028985,997.2666666666667,74.0,1,ok,2026-08-07
743,8480990,Declan Chisholm,WAS,20232024,5on5,0.51,0.54,0.4895833333333333,426.8833333333333,31.0,1,ok,2026-08-07
744,8479345,Jakob Chychrun,WAS,20232024,5on5,0.5,0.48,0.4967532467532468,1535.9166666666667,82.0,1,ok,2026-08-07
745,8480796,Martin Fehérváry,WAS,20232024,5on5,0.47,0.48,0.34191176470588236,1142.8833333333334,66.0,1,ok,2026-08-07
746,8484873,Cole Hutson,WAS,20232024,5on5,,,,,,0,missing,2026-08-07
747,8480043,Timothy Liljegren,WAS,20232024,5on5,0.49,0.54,0.6094890510948905,897.5,55.0,1,ok,2026-08-07
748,8475795,Dylan McIlrath,WAS,20232024,5on5,,,,30.9,3.0,1,thin,2026-08-07
749,8478911,Matt Roy,WAS,20232024,5on5,0.54,0.56,0.4338461538461538,1401.8833333333334,81.0,1,ok,2026-08-07
750,8480873,Rasmus Sandin,WAS,20232024,5on5,0.45999999999999996,0.44999999999999996,0.46558704453441296,1293.25,68.0,1,ok,2026-08-07
751,8477845,Trevor van Riemsdyk,WAS,20232024,5on5,0.47,0.51,0.4,1164.7,70.0,1,ok,2026-08-07
752,8480289,Morgan Barron,WPG,20232024,5on5,0.51,0.47,0.5180722891566265,716.2666666666667,80.0,1,ok,2026-08-07
753,8482787,Nikita Chibrikov,WPG,20232024,5on5,,,,7.666666666666667,1.0,1,thin,2026-08-07
754,8478398,Kyle Connor,WPG,20232024,5on5,0.48,0.44999999999999996,0.6945244956772334,1013.4166666666666,65.0,1,ok,2026-08-07
755,8480113,Alex Iafallo,WPG,20232024,5on5,0.5,0.5,0.6089965397923875,984.9166666666666,82.0,1,ok,2026-08-07
756,8481043,Cole Koepke,WPG,20232024,5on5,,,,60.06666666666667,9.0,1,thin,2026-08-07
757,8476392,Adam Lowry,WPG,20232024,5on5,0.53,0.58,0.41260744985673353,1054.95,81.0,1,ok,2026-08-07
758,8476480,Vladislav Namestnikov,WPG,20232024,5on5,0.53,0.54,0.6504065040650406,901.5333333333333,78.0,1,ok,2026-08-07
759,8475799,Nino Niederreiter,WPG,20232024,5on5,0.53,0.57,0.42574257425742573,985.5666666666667,77.0,1,ok,2026-08-07
760,8474679,Gustav Nyquist,WPG,20232024,5on5,0.53,0.53,0.6648648648648648,1072.6333333333334,81.0,1,ok,2026-08-07
761,8482149,Cole Perfetti,WPG,20232024,5on5,0.54,0.54,0.7393617021276596,797.35,71.0,1,ok,2026-08-07
762,8482765,Isak Rosen,WPG,20232024,5on5,,,,59.1,7.0,1,thin,2026-08-07
763,8476460,Mark Scheifele,WPG,20232024,5on5,0.48,0.46,0.6756756756756757,1204.7833333333333,74.0,1,ok,2026-08-07
764,8473604,Jonathan Toews,WPG,20232024,5on5,,,,,,0,missing,2026-08-07
765,8480014,Gabriel Vilardi,WPG,20232024,5on5,0.48999999999999994,0.48,0.6990291262135923,625.1833333333333,47.0,1,ok,2026-08-07
766,8480196,Jacob Bryson,WPG,20232024,5on5,0.48,0.49,0.417910447761194,480.6333333333333,36.0,1,ok,2026-08-07
767,8476331,Dylan DeMelo,WPG,20232024,5on5,0.51,0.52,0.5705394190871369,1523.4166666666667,82.0,1,ok,2026-08-07
768,8477938,Haydn Fleury,WPG,20232024,5on5,0.45,0.45,0.37777777777777777,356.23333333333335,24.0,1,ok,2026-08-07
769,8481572,Ville Heinola,WPG,20232024,5on5,,,,,,0,missing,2026-08-07
770,8476525,Colin Miller,WPG,20232024,5on5,0.55,0.53,0.6198830409356725,649.2166666666667,46.0,1,ok,2026-08-07
771,8477504,Josh Morrissey,WPG,20232024,5on5,0.53,0.53,0.5945945945945946,1621.5,81.0,1,ok,2026-08-07
772,8480145,Neal Pionk,WPG,20232024,5on5,0.49,0.4699999999999999,0.47368421052631576,1374.55,82.0,1,ok,2026-08-07
773,8483510,Elias Salomonsson,WPG,20232024,5on5,,,,,,0,missing,2026-08-07
774,8480049,Dylan Samberg,WPG,20232024,5on5,0.53,0.51,0.5109170305676856,1048.3833333333334,78.0,1,ok,2026-08-07
775,8480008,Adam Ruzicka,UTA,20232024,5on5,0.45000000000000007,0.4,0.6,352.25,42.0,1,ok,2026-08-07
776,8480851,Akil Thomas,LA,20232024,5on5,,,,59.53333333333333,7.0,1,thin,2026-08-07
777,8474166,Alec Martinez,CHI,20232024,5on5,0.44,0.46,0.46303501945525294,919.25,55.0,1,ok,2026-08-07
778,8480831,Alec Regula,EDM,20232024,5on5,,,,,,0,missing,2026-08-07
779,8479718,Alex Barr-Boulet,TB,20232024,5on5,0.48999999999999994,0.45,0.7040816326530612,367.1666666666667,36.0,1,ok,2026-08-07
780,8471274,Alex Goligoski,MIN,20232024,5on5,0.48,0.47,0.5232558139534884,494.1166666666667,36.0,1,ok,2026-08-07
781,8474565,Alex Pietrangelo,VEG,20232024,5on5,0.48,0.5,0.5409356725146199,1120.2833333333333,64.0,1,ok,2026-08-07
782,8480823,Alexander Alexeyev,WAS,20232024,5on5,0.47,0.51,0.3645833333333333,509.2,39.0,1,ok,2026-08-07
783,8482222,Alexander Barabanov,SJ,20232024,5on5,0.46,0.43,0.4527027027027027,624.8166666666667,46.0,1,ok,2026-08-07
784,8479423,Alexander Nylander,CBJ,20232024,5on5,0.51,0.47,0.578125,387.5,28.0,1,ok,2026-08-07
785,8476960,Andreas Athanasiou,CHI,20232024,5on5,0.4,0.39,0.515625,328.85,28.0,1,ok,2026-08-07
786,8477971,Andreas Englund,NAS,20232024,5on5,0.52,0.5,0.5577689243027888,1003.9166666666666,82.0,1,ok,2026-08-07
787,8471699,Andrew Cogliano,COL,20232024,5on5,0.51,0.48999999999999994,0.33986928104575165,620.55,75.0,1,ok,2026-08-07
788,8483395,Arshdeep Bains,VAN,20232024,5on5,,,,88.16666666666667,8.0,1,thin,2026-08-07
789,8478512,Austin Czarnik,DET,20232024,5on5,0.45,0.43,0.5,275.45,34.0,1,ok,2026-08-07
790,8475766,Austin Watson,TB,20232024,5on5,0.42,0.39,0.49230769230769234,236.0,33.0,1,ok,2026-08-07
791,8479536,Axel Jonsson-Fjallby,WPG,20232024,5on5,0.53,0.51,0.34782608695652173,204.68333333333334,26.0,1,ok,2026-08-07
792,8484223,Axel Sandin-Pellikka,DET,20232024,5on5,,,,,,0,missing,2026-08-07
793,8471218,Blake Wheeler,NYR,20232024,5on5,0.48,0.4699999999999999,0.6617647058823529,622.7833333333333,54.0,1,ok,2026-08-07
794,8479383,Boris Katchouk,OTT,20232024,5on5,0.4799999999999999,0.49,0.4965034965034965,604.4166666666666,59.0,1,ok,2026-08-07
795,8483471,Brad Lambert,WPG,20232024,5on5,,,,9.266666666666667,1.0,1,thin,2026-08-07
796,8476867,Brendan Gaunce,CBJ,20232024,5on5,0.47,0.43,0.4,266.05,24.0,1,ok,2026-08-07
797,8477962,Brendan Lemieux,CAR,20232024,5on5,0.54,0.45,0.75,254.48333333333332,32.0,1,ok,2026-08-07
798,8482747,Brennan Othmann,NYR,20232024,5on5,,,,26.733333333333334,3.0,1,thin,2026-08-07
799,8482132,Brett Berard,NYR,20232024,5on5,,,,,,0,missing,2026-08-07
800,8481517,Brett Leason,ANA,20232024,5on5,0.43,0.43,0.5376344086021505,709.55,68.0,1,ok,2026-08-07
801,8476934,Brock McGinn,ANA,20232024,5on5,0.43,0.47,0.42,232.21666666666667,24.0,1,ok,2026-08-07
802,8473504,Cal Clutterbuck,NYI,20232024,5on5,0.39,0.48,0.3626373626373626,801.3166666666667,82.0,1,ok,2026-08-07
803,8478452,Caleb Jones,COL,20232024,5on5,0.48,0.51,0.36363636363636365,295.35,25.0,1,ok,2026-08-07
804,8480884,Calen Addison,SJ,20232024,5on5,0.44,0.39,0.4878048780487805,1031.7333333333333,72.0,1,ok,2026-08-07
805,8484221,Calum Ritchie,NYI,20232024,5on5,,,,,,0,missing,2026-08-07
806,8475177,Calvin de Haan,NYR,20232024,5on5,0.52,0.53,0.39520958083832336,855.5,59.0,1,ok,2026-08-07
807,8474715,Cam Atkinson,TB,20232024,5on5,0.5,0.48,0.6131386861313869,841.5333333333333,70.0,1,ok,2026-08-07
808,8477244,Chad Ruhwedel,NYR,20232024,5on5,0.47000000000000003,0.45,0.2661290322580645,556.9,52.0,1,ok,2026-08-07
809,8476919,Chris Tierney,NJ,20232024,5on5,0.45,0.44,0.5495495495495496,426.96666666666664,52.0,1,ok,2026-08-07
810,8475780,Chris Wagner,COL,20232024,5on5,,,,91.1,13.0,1,thin,2026-08-07
811,8478432,Christian Fischer,CBJ,20232024,5on5,0.43,0.49,0.4940239043824701,822.4166666666666,79.0,1,ok,2026-08-07
812,8480252,Cole Guttman,CHI,20232024,5on5,0.42,0.39,0.6176470588235294,279.76666666666665,27.0,1,ok,2026-08-07
813,8478400,Colin White,MON,20232024,5on5,0.46,0.48,0.4107142857142857,245.56666666666666,28.0,1,ok,2026-08-07
814,8478841,Colton White,NJ,20232024,5on5,,,,,,0,missing,2026-08-07
815,8475225,Craig Smith,DET,20232024,5on5,0.56,0.56,0.3741496598639456,752.4,75.0,1,ok,2026-08-07
816,8477541,Dakota Mermis,MIN,20232024,5on5,0.5,0.4799999999999999,0.4787234042553192,605.5333333333333,47.0,1,ok,2026-08-07
817,8478466,Daniel Sprong,NJ,20232024,5on5,0.46,0.46,0.5347593582887701,765.6666666666666,76.0,1,ok,2026-08-07
818,8482624,Daniil Miromanov,CGY,20232024,5on5,0.57,0.55,0.4016393442622951,427.43333333333334,24.0,1,ok,2026-08-07
819,8481019,David Gustafsson,WPG,20232024,5on5,0.49,0.42,0.43478260869565216,328.4166666666667,39.0,1,ok,2026-08-07
820,8475233,David Savard,MON,20232024,5on5,0.43,0.47,0.44696969696969696,986.95,60.0,1,ok,2026-08-07
821,8485493,David Tomasek,EDM,20232024,5on5,,,,,,0,missing,2026-08-07
822,8478585,Derek Ryan,EDM,20232024,5on5,0.53,0.55,0.4009433962264151,590.3333333333334,70.0,1,ok,2026-08-07
823,8476913,Devin Shore,MIN,20232024,5on5,0.51,0.57,0.6071428571428571,167.83333333333334,21.0,1,ok,2026-08-07
824,8479346,Dillon Dube,CGY,20232024,5on5,0.48,0.43,0.6336633663366337,418.4166666666667,43.0,1,ok,2026-08-07
825,8477330,Dominik Kubalik,OTT,20232024,5on5,0.43,0.39,0.5803108808290155,746.9833333333333,74.0,1,ok,2026-08-07
826,8478211,Dryden Hunt,CGY,20232024,5on5,0.51,0.4600000000000001,0.5833333333333334,303.8833333333333,28.0,1,ok,2026-08-07
827,8484158,Easton Cowan,TOR,20232024,5on5,,,,,,0,missing,2026-08-07
828,8480205,Emil Bemstrom,PIT,20232024,5on5,0.49000000000000005,0.46,0.5555555555555556,548.9333333333333,56.0,1,ok,2026-08-07
829,8480073,Erik Brannstrom,VAN,20232024,5on5,0.5,0.52,0.5378151260504201,1073.9833333333333,76.0,1,ok,2026-08-07
830,8476979,Erik Gustafsson,DET,20232024,5on5,0.54,0.53,0.5377358490566038,1165.8166666666666,76.0,1,ok,2026-08-07
831,8473446,Erik Johnson,COL,20232024,5on5,0.48,0.48,0.49528301886792453,794.3,67.0,1,ok,2026-08-07
832,8478451,Ethan Bear,WAS,20232024,5on5,0.45000000000000007,0.41000000000000003,0.4827586206896552,342.8833333333333,24.0,1,ok,2026-08-07
833,8475744,Evgeny Kuznetsov,CAR,20232024,5on5,0.46,0.42,0.6680851063829787,835.85,63.0,1,ok,2026-08-07
834,8480821,Filip Zadina,SJ,20232024,5on5,0.43,0.4,0.40609137055837563,850.6333333333333,72.0,1,ok,2026-08-07
835,8478028,Fredrik Olofsson,COL,20232024,5on5,0.46,0.42,0.3626373626373626,477.1333333333333,57.0,1,ok,2026-08-07
836,8484149,Gavin Brindley,COL,20232024,5on5,,,,10.85,1.0,1,thin,2026-08-07
837,8479379,Givani Smith,SJ,20232024,5on5,0.44,0.44,0.463768115942029,280.81666666666666,36.0,1,ok,2026-08-07
838,8480184,Gustav Lindstrom,ANA,20232024,5on5,0.44000000000000006,0.4600000000000001,0.4444444444444444,675.1,46.0,1,ok,2026-08-07
839,8481567,Henry Thrun,SJ,20232024,5on5,0.43,0.39,0.42452830188679247,864.7666666666667,51.0,1,ok,2026-08-07
840,8477392,Hudson Fasching,NYI,20232024,5on5,0.45,0.48,0.44029850746268656,528.7333333333333,45.0,1,ok,2026-08-07
841,8484994,Igor Chernyshov,SJ,20232024,5on5,,,,,,0,missing,2026-08-07
842,8483455,Isaac Howard,EDM,20232024,5on5,,,,,,0,missing,2026-08-07
843,8482192,Isaak Phillips,CHI,20232024,5on5,0.42,0.35,0.37168141592920356,505.8,33.0,1,ok,2026-08-07
844,8483448,Isaiah George,NYI,20232024,5on5,,,,,,0,missing,2026-08-07
845,8483930,Ivan Ivan,COL,20232024,5on5,,,,,,0,missing,2026-08-07
846,8471677,Jack Johnson,CBJ,20232024,5on5,0.49,0.48000000000000004,0.2916666666666667,1105.0166666666667,80.0,1,ok,2026-08-07
847,8480021,Jack Studnicka,SJ,20232024,5on5,0.4,0.35,0.22916666666666666,229.56666666666666,22.0,1,ok,2026-08-07
848,8482144,Jack Thompson,SJ,20232024,5on5,,,,46.06666666666667,3.0,1,thin,2026-08-07
849,8481422,Jacob Lucchini,MIN,20232024,5on5,0.42,0.43,0.38095238095238093,352.1666666666667,40.0,1,ok,2026-08-07
850,8479439,Jacob MacDonald,SJ,20232024,5on5,0.48,0.43999999999999995,0.5,352.03333333333336,34.0,1,ok,2026-08-07
851,8482874,Jacob Melanson,SEA,20232024,5on5,,,,,,0,missing,2026-08-07
852,8484901,Jacob Quillan,TOR,20232024,5on5,,,,,,0,missing,2026-08-07
853,8481592,Jakob Pelletier,PHI,20232024,5on5,,,,116.9,13.0,1,thin,2026-08-07
854,8475164,Jakob Silfverberg,ANA,20232024,5on5,0.52,0.51,0.5256410256410257,785.9333333333333,81.0,1,ok,2026-08-07
855,8480880,Jakub Lauko,BOS,20232024,5on5,0.42,0.45,0.3235294117647059,574.0166666666667,60.0,1,ok,2026-08-07
856,8477944,Jakub Vrana,NAS,20232024,5on5,0.42,0.4099999999999999,0.631578947368421,218.21666666666667,21.0,1,ok,2026-08-07
857,8480468,James Hamblin,EDM,20232024,5on5,0.48,0.51,0.5517241379310345,239.48333333333332,31.0,1,ok,2026-08-07
858,8480172,Jan Rutta,SJ,20232024,5on5,0.42,0.39,0.3035019455252918,1124.9333333333334,69.0,1,ok,2026-08-07
859,8475825,Jani Hakanp,DAL,20232024,5on5,0.48,0.5,0.2818181818181818,964.2,64.0,1,ok,2026-08-07
860,8483497,Jani Nyman,SEA,20232024,5on5,,,,,,0,missing,2026-08-07
861,8479994,Jaret Anderson-Dolan,NAS,20232024,5on5,0.47,0.49000000000000005,0.6666666666666666,321.98333333333335,31.0,1,ok,2026-08-07
862,8475797,Jarred Tinordi,CHI,20232024,5on5,0.38,0.38,0.2222222222222222,713.3833333333333,52.0,1,ok,2026-08-07
863,8470604,Jeff Carter,PIT,20232024,5on5,0.44000000000000006,0.43,0.11678832116788321,669.7666666666667,72.0,1,ok,2026-08-07
864,8475784,Jeff Skinner,SJ,20232024,5on5,0.51,0.44999999999999996,0.671875,958.3166666666667,74.0,1,ok,2026-08-07
865,8475855,Jesper Fast,CAR,20232024,5on5,0.6400000000000001,0.61,0.5253623188405797,825.9166666666666,73.0,1,ok,2026-08-07
866,8479344,Jesse Puljujarvi,FLA,20232024,5on5,0.51,0.54,0.4126984126984127,200.81666666666666,22.0,1,ok,2026-08-07
867,8481058,Jesse Ylnen,MON,20232024,5on5,0.39,0.42,0.37593984962406013,519.7166666666667,59.0,1,ok,2026-08-07
868,8476918,Jimmy Vesey,COL,20232024,5on5,0.44000000000000006,0.44000000000000006,0.3181818181818182,855.55,80.0,1,ok,2026-08-07
869,8484314,Jiri Smejkal,OTT,20232024,5on5,0.42,0.41,0.5714285714285714,165.45,20.0,1,ok,2026-08-07
870,8470794,Joe Pavelski,DAL,20232024,5on5,0.52,0.52,0.5546875,1098.7666666666667,82.0,1,ok,2026-08-07
871,8482911,Joel Nystrom,CAR,20232024,5on5,,,,,,0,missing,2026-08-07
872,8479315,Joey Anderson,CHI,20232024,5on5,0.4799999999999999,0.49,0.40298507462686567,670.1666666666666,55.0,1,ok,2026-08-07
873,8477401,John Hayden,SEA,20232024,5on5,,,,13.45,2.0,1,thin,2026-08-07
874,8481206,John Ludvig,PIT,20232024,5on5,0.51,0.51,0.3170731707317073,358.1,33.0,1,ok,2026-08-07
875,8476346,Johnny Gaudreau,CBJ,20232024,5on5,0.48,0.48,0.5414634146341464,1203.4666666666667,81.0,1,ok,2026-08-07
876,8475750,Jon Merrill,MIN,20232024,5on5,0.5,0.47,0.5555555555555556,796.5833333333334,65.0,1,ok,2026-08-07
877,8483476,Jonathan Lekkerimki,VAN,20232024,5on5,,,,,,0,missing,2026-08-07
878,8477851,Jordan Oesterle,NAS,20232024,5on5,0.49,0.4600000000000001,0.5777777777777777,287.4,22.0,1,ok,2026-08-07
879,8477384,Josh Brown,UTA,20232024,5on5,0.41,0.44,0.455026455026455,640.5166666666667,51.0,1,ok,2026-08-07
880,8482749,Joshua Roy,MON,20232024,5on5,0.5,0.55,0.5230769230769231,252.23333333333332,23.0,1,ok,2026-08-07
881,8477996,Juho Lammikko,NJ,20232024,5on5,,,,,,0,missing,2026-08-07
882,8479328,Julien Gauthier,NYI,20232024,5on5,0.37,0.35,0.3894736842105263,270.5,27.0,1,ok,2026-08-07
883,8477473,Justin Bailey,SJ,20232024,5on5,0.5,0.44,0.42613636363636365,618.9833333333333,59.0,1,ok,2026-08-07
884,8475413,Justin Dowling,NJ,20232024,5on5,,,,20.333333333333332,2.0,1,thin,2026-08-07
885,8477993,Justin Kirkland,CGY,20232024,5on5,,,,14.45,2.0,1,thin,2026-08-07
886,8474602,Justin Schultz,SEA,20232024,5on5,0.53,0.52,0.5291666666666667,961.5833333333334,70.0,1,ok,2026-08-07
887,8481704,Juuso Parssinen,NYR,20232024,5on5,0.46,0.44,0.5,548.8333333333334,44.0,1,ok,2026-08-07
888,8479976,Juuso Vlimki,UTA,20232024,5on5,0.48999999999999994,0.51,0.4878048780487805,1143.55,68.0,1,ok,2026-08-07
889,8479387,Keaton Middleton,COL,20232024,5on5,,,,,,0,missing,2026-08-07
890,8478099,Kevin Labanc,CBJ,20232024,5on5,0.47,0.41,0.42857142857142855,486.3833333333333,46.0,1,ok,2026-08-07
891,8474031,Kevin Shattenkirk,BOS,20232024,5on5,0.49,0.51,0.6139534883720931,844.65,61.0,1,ok,2026-08-07
892,8480011,Klim Kostin,SJ,20232024,5on5,0.45,0.45,0.5694444444444444,529.1166666666667,52.0,1,ok,2026-08-07
893,8477335,Kyle Burroughs,LA,20232024,5on5,0.46,0.43999999999999995,0.23161764705882354,1264.7166666666667,73.0,1,ok,2026-08-07
894,8473449,Kyle Okposo,FLA,20232024,5on5,0.51,0.48999999999999994,0.5381679389312977,749.0666666666667,67.0,1,ok,2026-08-07
895,8484177,Lenni Hameenaho,NJ,20232024,5on5,,,,,,0,missing,2026-08-07
896,8480025,MacKenzie Entwistle,CHI,20232024,5on5,0.44,0.39,0.5294117647058824,712.5,67.0,1,ok,2026-08-07
897,8481743,Marc Del Gaizo,NAS,20232024,5on5,,,,131.43333333333334,9.0,1,thin,2026-08-07
898,8471686,Marc Staal,PHI,20232024,5on5,0.5,0.51,0.45918367346938777,439.15,35.0,1,ok,2026-08-07
899,8471709,Marc-Edouard Vlasic,SJ,20232024,5on5,0.43,0.4,0.23121387283236994,829.9833333333333,57.0,1,ok,2026-08-07
900,8474618,Marco Scandella,STL,20232024,5on5,0.43999999999999995,0.4,0.5892857142857143,736.4833333333333,65.0,1,ok,2026-08-07
901,8478017,Mark Friedman,VAN,20232024,5on5,0.5,0.56,0.6271186440677966,273.6166666666667,23.0,1,ok,2026-08-07
902,8470966,Mark Giordano,TOR,20232024,5on5,0.55,0.55,0.5416666666666666,631.0666666666667,46.0,1,ok,2026-08-07
903,8479972,Mason Shaw,MIN,20232024,5on5,0.42,0.48000000000000004,0.34285714285714286,161.91666666666666,20.0,1,ok,2026-08-07
904,8476856,Mathew Dumba,DAL,20232024,5on5,0.46,0.47,0.3987730061349693,1233.8166666666666,76.0,1,ok,2026-08-07
905,8474709,Matt Martin,NYI,20232024,5on5,0.41,0.48,0.44871794871794873,523.4333333333333,57.0,1,ok,2026-08-07
906,8476442,Matt Nieto,PIT,20232024,5on5,0.42000000000000004,0.41,0.16417910447761194,199.38333333333333,22.0,1,ok,2026-08-07
907,8478146,Matthew Highmore,OTT,20232024,5on5,,,,44.85,7.0,1,thin,2026-08-07
908,8479547,Matthew Phillips,WAS,20232024,5on5,0.43,0.4799999999999999,0.6075949367088608,280.3333333333333,31.0,1,ok,2026-08-07
909,8483505,Matthew Poitras,BOS,20232024,5on5,0.5,0.53,0.6981132075471698,395.3333333333333,33.0,1,ok,2026-08-07
910,8474157,Max Pacioretty,TOR,20232024,5on5,0.47,0.48000000000000004,0.5972222222222222,571.55,47.0,1,ok,2026-08-07
911,8479415,Michael McLeod,NJ,20232024,5on5,0.53,0.55,0.3805309734513274,599.2833333333333,45.0,1,ok,2026-08-07
912,8479543,Michael Pezzetta,MON,20232024,5on5,0.43,0.38,0.5319148936170213,463.0,61.0,1,ok,2026-08-07
913,8475958,Michael Sgarbossa,WAS,20232024,5on5,0.48,0.51,0.390625,259.26666666666665,25.0,1,ok,2026-08-07
914,8482451,Mikael Pyyhtia,CBJ,20232024,5on5,0.42,0.34,0.5079365079365079,198.61666666666667,17.0,1,ok,2026-08-07
915,8474884,Mike Hoffman,SJ,20232024,5on5,0.43,0.4,0.3875598086124402,780.3333333333334,66.0,1,ok,2026-08-07
916,8482070,Mitchell Chaffee,TB,20232024,5on5,0.47,0.43,0.5128205128205128,329.31666666666666,30.0,1,ok,2026-08-07
917,8478477,Mitchell Stephens,SEA,20232024,5on5,0.41000000000000003,0.33,0.5116279069767442,180.85,23.0,1,ok,2026-08-07
918,8484160,Nate Danielson,DET,20232024,5on5,,,,,,0,missing,2026-08-07
919,8474009,Nick Bonino,NYR,20232024,5on5,0.37999999999999995,0.37000000000000005,0.3493150684931507,446.25,45.0,1,ok,2026-08-07
920,8481543,Nikita Alexandrov,STL,20232024,5on5,0.47,0.37,0.5952380952380952,192.88333333333333,23.0,1,ok,2026-08-07
921,8481754,Nikita Nesterenko,ANA,20232024,5on5,,,,34.43333333333333,3.0,1,thin,2026-08-07
922,8481537,Nikita Okhotiuk,CGY,20232024,5on5,0.44,0.42,0.30864197530864196,768.1166666666667,52.0,1,ok,2026-08-07
923,8479458,Nikita Zaitsev,CHI,20232024,5on5,0.43,0.44,0.6507936507936508,550.9333333333333,38.0,1,ok,2026-08-07
924,8481042,Nikolai Kovalenko,SJ,20232024,5on5,,,,,,0,missing,2026-08-07
925,8479393,Noah Gregor,FLA,20232024,5on5,0.45000000000000007,0.4099999999999999,0.2867132867132867,635.7166666666667,63.0,1,ok,2026-08-07
926,8482700,Nolan Allan,CHI,20232024,5on5,,,,,,0,missing,2026-08-07
927,8478430,Oliver Kylington,CGY,20232024,5on5,0.48,0.47,0.5666666666666667,526.95,33.0,1,ok,2026-08-07
928,8480789,Oliver Wahlstrom,BOS,20232024,5on5,0.41000000000000003,0.42000000000000004,0.49523809523809526,326.55,32.0,1,ok,2026-08-07
929,8479546,Oskar Steen,BOS,20232024,5on5,0.43,0.46,0.2564102564102564,304.1,34.0,1,ok,2026-08-07
930,8484230,Otto Stenberg,STL,20232024,5on5,,,,,,0,missing,2026-08-07
931,8483503,Owen Pickering,PIT,20232024,5on5,,,,,,0,missing,2026-08-07
932,8474034,Patrick Maroon,CHI,20232024,5on5,0.46,0.45,0.4419889502762431,602.6333333333333,51.0,1,ok,2026-08-07
933,8481577,Philip Tomasino,PIT,20232024,5on5,0.5,0.52,0.5083333333333333,440.3833333333333,41.0,1,ok,2026-08-07
934,8476858,Phillip Di Giuseppe,VAN,20232024,5on5,0.45,0.44,0.5370370370370371,545.75,51.0,1,ok,2026-08-07
935,8478115,Pierre Engvall,NYI,20232024,5on5,0.51,0.54,0.6367041198501873,1013.0333333333333,74.0,1,ok,2026-08-07
936,8477930,Pierre-Edouard Bellemare,SEA,20232024,5on5,0.55,0.56,0.39080459770114945,315.18333333333334,40.0,1,ok,2026-08-07
937,8482241,Radim Zohorna,PIT,20232024,5on5,0.53,0.53,0.2962962962962963,299.35,33.0,1,ok,2026-08-07
938,8481093,Rafael Harvey-Pinard,MON,20232024,5on5,0.44,0.44999999999999996,0.43243243243243246,459.1666666666667,45.0,1,ok,2026-08-07
939,8480845,Rasmus Kupari,WPG,20232024,5on5,0.48,0.43999999999999995,0.5352112676056338,225.86666666666667,28.0,1,ok,2026-08-07
940,8481147,Reese Johnson,CHI,20232024,5on5,0.47,0.43000000000000005,0.5072463768115942,403.3833333333333,42.0,1,ok,2026-08-07
941,8483513,Reid Schaefer,NAS,20232024,5on5,,,,,,0,missing,2026-08-07
942,8474145,Robert Bortuzzo,NYI,20232024,5on5,0.41000000000000003,0.44000000000000006,0.6039603960396039,327.8333333333333,27.0,1,ok,2026-08-07
943,8478078,Rourke Chartier,OTT,20232024,5on5,0.47,0.49000000000000005,0.4634146341463415,322.75,37.0,1,ok,2026-08-07
944,8483487,Rutger McGroarty,PIT,20232024,5on5,,,,,,0,missing,2026-08-07
945,8477846,Ryan Carpenter,SJ,20232024,5on5,0.49,0.48000000000000004,0.3602941176470588,596.9,62.0,1,ok,2026-08-07
946,8475793,Ryan Johansen,COL,20232024,5on5,0.48,0.45999999999999996,0.5263157894736842,693.3333333333334,63.0,1,ok,2026-08-07
947,8470600,Ryan Suter,STL,20232024,5on5,0.52,0.53,0.48255813953488375,1411.2,82.0,1,ok,2026-08-07
948,8482118,Sam Colangelo,ANA,20232024,5on5,,,,35.93333333333333,3.0,1,thin,2026-08-07
949,8474040,Sam Gagner,EDM,20232024,5on5,0.54,0.55,0.5555555555555556,261.55,28.0,1,ok,2026-08-07
950,8478104,Sammy Blais,MON,20232024,5on5,0.44,0.38,0.5343511450381679,495.98333333333335,53.0,1,ok,2026-08-07
951,8481541,Samuel Bolduc,NYI,20232024,5on5,0.43,0.49,0.5789473684210527,431.5,34.0,1,ok,2026-08-07
952,8482666,Scott Morrow,NYR,20232024,5on5,,,,36.28333333333333,2.0,1,thin,2026-08-07
953,8480222,Sebastian Aho,NYI,20232024,5on5,0.47,0.52,0.6699029126213593,848.5,58.0,1,ok,2026-08-07
954,8477947,Sonny Milano,WAS,20232024,5on5,0.48000000000000004,0.5,0.6115107913669064,560.4166666666666,49.0,1,ok,2026-08-07
955,8471698,T.J. Oshie,WAS,20232024,5on5,0.44,0.45,0.6818181818181818,690.2666666666667,52.0,1,ok,2026-08-07
956,8474673,TJ Brodie,CHI,20232024,5on5,0.5,0.49,0.4976303317535545,1436.1166666666666,78.0,1,ok,2026-08-07
957,8482133,Thomas Bordeleau,SJ,20232024,5on5,0.47,0.42,0.39080459770114945,314.3333333333333,27.0,1,ok,2026-08-07
958,8475193,Tomas Tatar,NJ,20232024,5on5,0.51,0.49,0.5483870967741935,794.15,70.0,1,ok,2026-08-07
959,8476792,Torey Krug,STL,20232024,5on5,0.46,0.45,0.4176470588235294,1309.85,77.0,1,ok,2026-08-07
960,8478408,Travis Dermott,UTA,20232024,5on5,0.44999999999999996,0.44999999999999996,0.3584905660377358,710.8666666666667,50.0,1,ok,2026-08-07
961,8473453,Trevor Lewis,LA,20232024,5on5,0.53,0.53,0.5654008438818565,792.9,82.0,1,ok,2026-08-07
962,8474870,Tyler Johnson,CHI,20232024,5on5,0.41,0.39,0.5165876777251185,817.5833333333334,67.0,1,ok,2026-08-07
963,8477353,Tyler Motte,DET,20232024,5on5,0.49,0.46,0.437125748502994,699.3,69.0,1,ok,2026-08-07
964,8475752,Tyler Pitlick,MIN,20232024,5on5,0.4099999999999999,0.42,0.38461538461538464,332.95,34.0,1,ok,2026-08-07
965,8475197,Tyson Barrie,NAS,20232024,5on5,0.43999999999999995,0.46,0.6014492753623188,604.95,41.0,1,ok,2026-08-07
966,8481703,Valtteri Puustinen,PIT,20232024,5on5,0.52,0.56,0.552,536.15,52.0,1,ok,2026-08-07
967,8479968,Vinni Lettieri,BOS,20232024,5on5,0.45,0.46,0.32608695652173914,410.95,46.0,1,ok,2026-08-07
968,8481609,Vladislav Kolyachonok,PIT,20232024,5on5,,,,62.28333333333333,5.0,1,thin,2026-08-07
969,8482652,Walker Duehr,SJ,20232024,5on5,0.4600000000000001,0.43000000000000005,0.4642857142857143,317.21666666666664,40.0,1,ok,2026-08-07
970,8478021,William Lagesson,ANA,20232024,5on5,0.48999999999999994,0.5,0.46,531.15,40.0,1,ok,2026-08-07
971,8479367,William Lockwood,FLA,20232024,5on5,0.54,0.56,0.5441176470588235,205.01666666666668,26.0,1,ok,2026-08-07
972,8481708,Zac Jones,NYR,20232024,5on5,0.5,0.48,0.5671641791044776,439.96666666666664,31.0,1,ok,2026-08-07
973,8470610,Zach Parise,COL,20232024,5on5,0.5,0.53,0.4727272727272727,342.6166666666667,30.0,1,ok,2026-08-07
974,8479944,Zachary Aston-Reese,CBJ,20232024,5on5,,,,14.766666666666667,3.0,1,thin,2026-08-07
975,8482742,Zachary L'Heureux,NAS,20232024,5on5,,,,,,0,missing,2026-08-07
976,8477482,Zachary Sanford,CHI,20232024,5on5,0.46,0.5,0.6266666666666667,294.53333333333336,29.0,1,ok,2026-08-07
1,8484153,Leo Carlsson,ANA,20242025,5on5,0.47,0.45,0.5581395348837209,969.1833333333333,76.0,1,ok,2026-08-07
2,8483444,Nathan Gaucher,ANA,20242025,5on5,,,,,,0,missing,2026-08-07
3,8483445,Cutter Gauthier,ANA,20242025,5on5,0.46,0.46,0.5185185185185185,1008.6,82.0,1,ok,2026-08-07
4,8475798,Mikael Granlund,ANA,20242025,5on5,0.44,0.42,0.5182926829268293,1166.1833333333334,83.0,1,ok,2026-08-07
5,8478424,Jansen Harkins,ANA,20242025,5on5,0.43,0.39,0.3028571428571429,572.4666666666667,62.0,1,ok,2026-08-07
6,8477527,Ross Johnston,ANA,20242025,5on5,0.42,0.39999999999999997,0.39316239316239315,372.46666666666664,43.0,1,ok,2026-08-07
7,8473986,Alex Killorn,ANA,20242025,5on5,0.51,0.48,0.5714285714285714,1050.2166666666667,82.0,1,ok,2026-08-07
8,8475184,Chris Kreider,ANA,20242025,5on5,0.47,0.48,0.5201465201465202,772.1,68.0,1,ok,2026-08-07
9,8482745,Mason McTavish,ANA,20242025,5on5,0.45,0.46,0.5233918128654971,1045.6,76.0,1,ok,2026-08-07
10,8480068,Ryan Poehling,ANA,20242025,5on5,0.46,0.52,0.36363636363636365,798.95,68.0,1,ok,2026-08-07
11,8484762,Beckett Sennecke,ANA,20242025,5on5,,,,,,0,missing,2026-08-07
12,8478873,Troy Terry,ANA,20242025,5on5,0.48999999999999994,0.48999999999999994,0.5370843989769821,1149.5833333333333,77.0,1,ok,2026-08-07
13,8478366,Frank Vatrano,ANA,20242025,5on5,0.4799999999999999,0.4799999999999999,0.5361990950226244,1087.3166666666666,81.0,1,ok,2026-08-07
14,8479705,Jeffrey Viel,ANA,20242025,5on5,,,,38.266666666666666,5.0,1,thin,2026-08-07
15,8485512,Tim Washe,ANA,20242025,5on5,,,,15.466666666666667,2.0,1,thin,2026-08-07
16,8474590,John Carlson,ANA,20242025,5on5,0.54,0.54,0.4772727272727273,1322.25,79.0,1,ok,2026-08-07
17,8475462,Radko Gudas,ANA,20242025,5on5,0.47,0.47,0.35584415584415585,1365.6333333333334,81.0,1,ok,2026-08-07
18,8481563,Drew Helleson,ANA,20242025,5on5,0.43,0.4,0.4392523364485981,839.3166666666667,56.0,1,ok,2026-08-07
19,8482731,Tyson Hinds,ANA,20242025,5on5,,,,,,0,missing,2026-08-07
20,8481605,Jackson LaCombe,ANA,20242025,5on5,0.49,0.49,0.38144329896907214,1269.3,75.0,1,ok,2026-08-07
21,8483490,Pavel Mintyukov,ANA,20242025,5on5,0.43,0.44,0.41580756013745707,1049.3166666666666,68.0,1,ok,2026-08-07
22,8482178,Ian Moore,ANA,20242025,5on5,,,,40.916666666666664,3.0,1,thin,2026-08-07
23,8476885,Jacob Trouba,ANA,20242025,5on5,0.45,0.45,0.4188034188034188,1322.1833333333334,77.0,1,ok,2026-08-07
24,8482803,Olen Zellweger,ANA,20242025,5on5,0.4799999999999999,0.4799999999999999,0.5694915254237288,991.85,62.0,1,ok,2026-08-07
25,8478042,Viktor Arvidsson,BOS,20242025,5on5,0.56,0.55,0.5597014925373134,884.4833333333333,67.0,1,ok,2026-08-07
26,8479591,Michael Eyssimont,BOS,20242025,5on5,0.52,0.54,0.5116279069767442,809.3166666666667,77.0,1,ok,2026-08-07
27,8479987,Morgan Geekie,BOS,20242025,5on5,0.51,0.53,0.7810650887573964,1125.2166666666667,77.0,1,ok,2026-08-07
28,8485395,James Hagens,BOS,20242025,5on5,,,,,,0,missing,2026-08-07
29,8479661,Tanner Jeannot,BOS,20242025,5on5,0.5,0.53,0.6451612903225806,728.4166666666666,67.0,1,ok,2026-08-07
30,8480355,Mark Kastelic,BOS,20242025,5on5,0.44,0.44,0.18614718614718614,626.6333333333333,61.0,1,ok,2026-08-07
31,8482177,Marat Khusnutdinov,BOS,20242025,5on5,0.42999999999999994,0.4,0.46153846153846156,786.9,75.0,1,ok,2026-08-07
32,8476374,Sean Kuraly,BOS,20242025,5on5,0.49,0.47,0.3674418604651163,874.4666666666667,82.0,1,ok,2026-08-07
33,8477496,Elias Lindholm,BOS,20242025,5on5,0.49,0.51,0.543640897755611,1034.75,82.0,1,ok,2026-08-07
34,8483489,Fraser Minten,BOS,20242025,5on5,0.42,0.4,0.35555555555555557,243.83333333333334,21.0,1,ok,2026-08-07
35,8479999,Casey Mittelstadt,BOS,20242025,5on5,0.48000000000000004,0.44,0.6166134185303515,1141.3166666666666,81.0,1,ok,2026-08-07
36,8477956,David Pastrnak,BOS,20242025,5on5,0.51,0.52,0.7907542579075426,1294.6333333333334,82.0,1,ok,2026-08-07
37,8482117,Lukas Reichel,BOS,20242025,5on5,0.4099999999999999,0.4099999999999999,0.5342465753424658,736.8666666666667,70.0,1,ok,2026-08-07
38,8482634,Alex Steeves,BOS,20242025,5on5,,,,67.18333333333334,7.0,1,thin,2026-08-07
39,8478401,Pavel Zacha,BOS,20242025,5on5,0.49000000000000005,0.5,0.7095115681233933,1144.35,82.0,1,ok,2026-08-07
40,8481219,Jonathan Aspirot,BOS,20242025,5on5,,,,,,0,missing,2026-08-07
41,8480887,Jordan Harris,BOS,20242025,5on5,0.42,0.38,0.3559322033898305,367.1666666666667,33.0,1,ok,2026-08-07
42,8480035,Henri Jokiharju,BOS,20242025,5on5,0.51,0.48,0.46534653465346537,973.5833333333334,60.0,1,ok,2026-08-07
43,8476854,Hampus Lindholm,BOS,20242025,5on5,0.53,0.56,0.4714285714285714,243.18333333333334,17.0,1,ok,2026-08-07
44,8482511,Mason Lohrei,BOS,20242025,5on5,0.47000000000000003,0.47000000000000003,0.6155988857938719,1263.8166666666666,77.0,1,ok,2026-08-07
45,8479325,Charlie McAvoy,BOS,20242025,5on5,0.5,0.52,0.6085526315789473,889.9333333333333,50.0,1,ok,2026-08-07
46,8479369,Andrew Peeke,BOS,20242025,5on5,0.46,0.48000000000000004,0.4680232558139535,1240.65,76.0,1,ok,2026-08-07
47,8477507,Nikita Zadorov,BOS,20242025,5on5,0.48,0.49,0.41745283018867924,1430.4166666666667,81.0,1,ok,2026-08-07
48,8484145,Zach Benson,BUF,20242025,5on5,0.56,0.54,0.5157232704402516,912.2333333333333,75.0,1,ok,2026-08-07
49,8475842,Sam Carrick,BUF,20242025,5on5,0.45,0.48,0.21052631578947367,856.0166666666667,80.0,1,ok,2026-08-07
50,8479941,Justin Danforth,BUF,20242025,5on5,0.48,0.5,0.4567901234567901,727.6833333333333,61.0,1,ok,2026-08-07
51,8482659,Josh Doan,BUF,20242025,5on5,0.58,0.61,0.576271186440678,605.5833333333334,51.0,1,ok,2026-08-07
52,8482623,Josh Dunne,BUF,20242025,5on5,,,,13.883333333333333,2.0,1,thin,2026-08-07
53,8478413,Jordan Greenway,BUF,20242025,5on5,0.52,0.5,0.5256410256410257,402.71666666666664,34.0,1,ok,2026-08-07
54,8484797,Konsta Helenius,BUF,20242025,5on5,,,,,,0,missing,2026-08-07
55,8482896,Tyson Kozak,BUF,20242025,5on5,0.43,0.47,0.42857142857142855,209.88333333333333,21.0,1,ok,2026-08-07
56,8481522,Peyton Krebs,BUF,20242025,5on5,0.49,0.46,0.4392523364485981,1012.85,81.0,1,ok,2026-08-07
57,8483468,Jiri Kulich,BUF,20242025,5on5,0.52,0.5,0.5290322580645161,783.0166666666667,62.0,1,ok,2026-08-07
58,8479359,Beck Malenstyn,BUF,20242025,5on5,0.47,0.44,0.4378698224852071,682.2,76.0,1,ok,2026-08-07
59,8480802,Ryan McLeod,BUF,20242025,5on5,0.49,0.45,0.467966573816156,1041.2,79.0,1,ok,2026-08-07
60,8480064,Josh Norris,BUF,20242025,5on5,0.4799999999999999,0.45,0.4337748344370861,686.2666666666667,56.0,1,ok,2026-08-07
61,8483500,Noah Ostlund,BUF,20242025,5on5,,,,78.66666666666667,8.0,1,thin,2026-08-07
62,8476871,Tanner Pearson,BUF,20242025,5on5,0.47,0.47,0.5058823529411764,892.7833333333333,78.0,1,ok,2026-08-07
63,8482097,Jack Quinn,BUF,20242025,5on5,0.48,0.44000000000000006,0.6206896551724138,895.7333333333333,74.0,1,ok,2026-08-07
64,8479420,Tage Thompson,BUF,20242025,5on5,0.51,0.51,0.5641025641025641,1105.1333333333334,76.0,1,ok,2026-08-07
65,8477949,Alex Tuch,BUF,20242025,5on5,0.5,0.49000000000000005,0.5856777493606138,1111.4833333333333,82.0,1,ok,2026-08-07
66,8475722,Jason Zucker,BUF,20242025,5on5,0.48,0.49,0.4838709677419355,917.05,73.0,1,ok,2026-08-07
67,8481524,Bowen Byram,BUF,20242025,5on5,0.48999999999999994,0.47,0.5228215767634855,1528.2666666666667,82.0,1,ok,2026-08-07
68,8480839,Rasmus Dahlin,BUF,20242025,5on5,0.55,0.53,0.5179704016913319,1377.6166666666666,73.0,1,ok,2026-08-07
69,8481564,Ryan Johnson,BUF,20242025,5on5,,,,50.9,3.0,1,thin,2026-08-07
70,8480891,Michael Kesselring,BUF,20242025,5on5,0.54,0.53,0.5014084507042254,1312.9833333333333,82.0,1,ok,2026-08-07
71,8484305,Zach Metsa,BUF,20242025,5on5,,,,,,0,missing,2026-08-07
72,8482671,Owen Power,BUF,20242025,5on5,0.51,0.47,0.5199004975124378,1355.8833333333334,79.0,1,ok,2026-08-07
73,8480807,Mattias Samuelsson,BUF,20242025,5on5,0.46,0.45,0.37722419928825623,986.0166666666667,62.0,1,ok,2026-08-07
74,8474568,Luke Schenn,BUF,20242025,5on5,0.48999999999999994,0.52,0.33663366336633666,1099.0833333333333,76.0,1,ok,2026-08-07
75,8479378,Logan Stanley,BUF,20242025,5on5,0.46,0.48,0.3869047619047619,892.2666666666667,63.0,1,ok,2026-08-07
76,8479982,Conor Timmins,BUF,20242025,5on5,0.52,0.52,0.49236641221374045,1000.2833333333333,68.0,1,ok,2026-08-07
77,8474150,Mikael Backlund,CGY,20242025,5on5,0.53,0.52,0.3018867924528302,1067.9833333333333,76.0,1,ok,2026-08-07
78,8481556,John Beecher,CGY,20242025,5on5,0.43,0.44,0.14114114114114115,749.4333333333333,78.0,1,ok,2026-08-07
79,8476399,Blake Coleman,CGY,20242025,5on5,0.54,0.53,0.3613053613053613,1132.1,82.0,1,ok,2026-08-07
80,8482679,Matt Coronato,CGY,20242025,5on5,0.53,0.51,0.41304347826086957,1112.7,77.0,1,ok,2026-08-07
81,8480797,Joel Farabee,CGY,20242025,5on5,0.5,0.52,0.5220125786163522,1032.95,81.0,1,ok,2026-08-07
82,8480028,Morgan Frost,CGY,20242025,5on5,0.5,0.52,0.7181208053691275,1032.05,81.0,1,ok,2026-08-07
83,8484860,Matvei Gridin,CGY,20242025,5on5,,,,,,0,missing,2026-08-07
84,8486056,Tyson Gross,CGY,20242025,5on5,,,,,,0,missing,2026-08-07
85,8484180,Samuel Honzek,CGY,20242025,5on5,,,,54.266666666666666,5.0,1,thin,2026-08-07
86,8476456,Jonathan Huberdeau,CGY,20242025,5on5,0.52,0.49,0.6643356643356644,1183.8333333333333,81.0,1,ok,2026-08-07
87,8482209,Rory Kerins,CGY,20242025,5on5,,,,54.733333333333334,5.0,1,thin,2026-08-07
88,8483609,Adam Klapka,CGY,20242025,5on5,0.48,0.54,0.6164383561643836,288.28333333333336,31.0,1,ok,2026-08-07
89,8479066,Ryan Lomberg,CGY,20242025,5on5,0.45999999999999996,0.44,0.4172661870503597,678.1333333333333,80.0,1,ok,2026-08-07
90,8478109,Victor Olofsson,CGY,20242025,5on5,0.54,0.56,0.5235849056603774,719.1833333333333,56.0,1,ok,2026-08-07
91,8481028,Martin Pospisil,CGY,20242025,5on5,0.54,0.47,0.6834319526627219,1020.3166666666667,81.0,1,ok,2026-08-07
92,8481068,Yegor Sharangovich,CGY,20242025,5on5,0.52,0.48,0.5807692307692308,970.3166666666667,73.0,1,ok,2026-08-07
93,8476458,Ryan Strome,CGY,20242025,5on5,0.49,0.47,0.5388235294117647,1094.5333333333333,82.0,1,ok,2026-08-07
94,8484234,Aydar Suniev,CGY,20242025,5on5,,,,12.766666666666667,1.0,1,thin,2026-08-07
95,8482074,Connor Zary,CGY,20242025,5on5,0.53,0.5,0.5736040609137056,731.0333333333333,54.0,1,ok,2026-08-07
96,8480860,Kevin Bahl,CGY,20242025,5on5,0.49,0.48,0.4037940379403794,1321.2666666666667,73.0,1,ok,2026-08-07
97,8479402,Jake Bean,CGY,20242025,5on5,0.53,0.5,0.5789473684210527,924.2666666666667,64.0,1,ok,2026-08-07
98,8484150,Hunter Brzustewicz,CGY,20242025,5on5,,,,18.383333333333333,1.0,1,thin,2026-08-07
99,8477810,Joel Hanley,CGY,20242025,5on5,0.53,0.52,0.4351145038167939,884.5666666666667,53.0,1,ok,2026-08-07
100,8482165,Yan Kuznetsov,CGY,20242025,5on5,,,,,,0,missing,2026-08-07
101,8476874,Olli Maatta,CGY,20242025,5on5,0.52,0.52,0.43765903307888043,1331.3666666666666,77.0,1,ok,2026-08-07
102,8481167,Brayden Pachal,CGY,20242025,5on5,0.51,0.48,0.6666666666666666,977.8166666666667,76.0,1,ok,2026-08-07
103,8484768,Zayne Parekh,CGY,20242025,5on5,,,,18.15,1.0,1,thin,2026-08-07
104,8480727,Zach Whitecloud,CGY,20242025,5on5,0.52,0.52,0.5047923322683706,1203.0,74.0,1,ok,2026-08-07
105,8483709,Abram Wiebe,CGY,20242025,5on5,,,,,,0,missing,2026-08-07
106,8478427,Sebastian Aho,CAR,20242025,5on5,0.6,0.57,0.7151515151515152,1095.4833333333333,79.0,1,ok,2026-08-07
107,8482809,Jackson Blake,CAR,20242025,5on5,0.61,0.6,0.6761565836298933,919.9,80.0,1,ok,2026-08-07
108,8477478,William Carrier,CAR,20242025,5on5,0.6,0.6,0.6117021276595744,485.26666666666665,43.0,1,ok,2026-08-07
109,8475235,Nicolas Deslauriers,CAR,20242025,5on5,0.5,0.49,0.6341463414634146,235.33333333333334,31.0,1,ok,2026-08-07
110,8477940,Nikolaj Ehlers,CAR,20242025,5on5,0.53,0.54,0.684887459807074,867.2333333333333,69.0,1,ok,2026-08-07
111,8475791,Taylor Hall,CAR,20242025,5on5,0.51,0.48,0.5606060606060606,1005.9333333333333,77.0,1,ok,2026-08-07
112,8476873,Mark Jankowski,CAR,20242025,5on5,0.56,0.58,0.563953488372093,622.8666666666667,60.0,1,ok,2026-08-07
113,8482093,Seth Jarvis,CAR,20242025,5on5,0.6,0.6,0.6303030303030303,965.4666666666667,73.0,1,ok,2026-08-07
114,8480829,Jesperi Kotkaniemi,CAR,20242025,5on5,0.58,0.55,0.6564885496183206,970.1,78.0,1,ok,2026-08-07
115,8476921,Jordan Martinook,CAR,20242025,5on5,0.6,0.57,0.5333333333333333,1008.2,79.0,1,ok,2026-08-07
116,8480762,Eric Robinson,CAR,20242025,5on5,0.59,0.56,0.6937984496124031,936.2833333333333,82.0,1,ok,2026-08-07
117,8473533,Jordan Staal,CAR,20242025,5on5,0.6,0.58,0.5278514588859416,951.1333333333333,75.0,1,ok,2026-08-07
118,8482702,Logan Stankoven,CAR,20242025,5on5,0.54,0.53,0.5408805031446541,1001.3166666666667,78.0,1,ok,2026-08-07
119,8480830,Andrei Svechnikov,CAR,20242025,5on5,0.57,0.52,0.6496815286624203,943.05,72.0,1,ok,2026-08-07
120,8478970,Jalen Chatfield,CAR,20242025,5on5,0.59,0.54,0.551948051948052,1315.65,79.0,1,ok,2026-08-07
121,8476906,Shayne Gostisbehere,CAR,20242025,5on5,0.62,0.58,0.6818181818181818,1002.4666666666667,70.0,1,ok,2026-08-07
122,8480817,K'Andre Miller,CAR,20242025,5on5,0.48999999999999994,0.48999999999999994,0.42727272727272725,1355.7166666666667,74.0,1,ok,2026-08-07
123,8482100,Alexander Nikishin,CAR,20242025,5on5,,,,,,0,missing,2026-08-07
124,8476422,Mike Reilly,CAR,20242025,5on5,0.57,0.59,0.75,238.58333333333334,18.0,1,ok,2026-08-07
125,8476958,Jaccob Slavin,CAR,20242025,5on5,0.58,0.56,0.589873417721519,1414.8666666666666,80.0,1,ok,2026-08-07
126,8480336,Sean Walker,CAR,20242025,5on5,0.6,0.55,0.6490683229813664,1241.0166666666667,82.0,1,ok,2026-08-07
127,8484144,Connor Bedard,CHI,20242025,5on5,0.43,0.42000000000000004,0.6619718309859155,1373.75,82.0,1,ok,2026-08-07
128,8477479,Tyler Bertuzzi,CHI,20242025,5on5,0.43,0.42,0.48249027237354086,1065.3833333333334,82.0,1,ok,2026-08-07
129,8484793,Sacha Boisvert,CHI,20242025,5on5,,,,,,0,missing,2026-08-07
130,8477444,Andre Burakovsky,CHI,20242025,5on5,0.47,0.45,0.5520833333333334,984.85,79.0,1,ok,2026-08-07
131,8477987,Ryan Donato,CHI,20242025,5on5,0.45,0.45,0.4826388888888889,1103.4833333333333,80.0,1,ok,2026-08-07
132,8485391,Anton Frondell,CHI,20242025,5on5,,,,,,0,missing,2026-08-07
133,8483450,Ryan Greene,CHI,20242025,5on5,,,,23.95,2.0,1,thin,2026-08-07
134,8478043,Sam Lafferty,CHI,20242025,5on5,0.47,0.41,0.42592592592592593,556.25,60.0,1,ok,2026-08-07
135,8484185,Nick Lardis,CHI,20242025,5on5,,,,,,0,missing,2026-08-07
136,8478233,Andrew Mangiapane,CHI,20242025,5on5,0.53,0.54,0.52,929.4333333333333,81.0,1,ok,2026-08-07
137,8481624,Ilya Mikheyev,CHI,20242025,5on5,0.47,0.48,0.4263565891472868,1059.2166666666667,80.0,1,ok,2026-08-07
138,8484197,Oliver Moore,CHI,20242025,5on5,,,,114.4,9.0,1,thin,2026-08-07
139,8483493,Frank Nazar,CHI,20242025,5on5,0.43000000000000005,0.43000000000000005,0.5266272189349113,695.65,53.0,1,ok,2026-08-07
140,8482172,Landon Slaggert,CHI,20242025,5on5,0.42,0.38999999999999996,0.4166666666666667,380.35,33.0,1,ok,2026-08-07
141,8476882,Teuvo Teravainen,CHI,20242025,5on5,0.46,0.48,0.44061302681992337,1051.05,82.0,1,ok,2026-08-07
142,8476952,Dominic Toninato,CHI,20242025,5on5,,,,39.03333333333333,5.0,1,thin,2026-08-07
143,8481806,Louis Crevier,CHI,20242025,5on5,0.41000000000000003,0.43000000000000005,0.2818181818181818,499.2,32.0,1,ok,2026-08-07
144,8482807,Ethan Del Mastro,CHI,20242025,5on5,0.48,0.4699999999999999,0.37037037037037035,428.85,24.0,1,ok,2026-08-07
145,8476891,Matt Grzelcyk,CHI,20242025,5on5,0.5,0.47,0.5523809523809524,1438.8833333333334,82.0,1,ok,2026-08-07
146,8482176,Wyatt Kaiser,CHI,20242025,5on5,0.47,0.45,0.37254901960784315,927.0333333333333,57.0,1,ok,2026-08-07
147,8483466,Kevin Korchinski,CHI,20242025,5on5,0.44,0.44999999999999996,0.532258064516129,254.28333333333333,16.0,1,ok,2026-08-07
148,8484783,Artyom Levshunov,CHI,20242025,5on5,0.43999999999999995,0.39,0.64,328.4,18.0,1,ok,2026-08-07
149,8483506,Sam Rinzel,CHI,20242025,5on5,0.47,0.48,0.4,172.45,9.0,1,ok,2026-08-07
150,8481568,Alex Vlasic,CHI,20242025,5on5,0.42,0.43999999999999995,0.395,1526.9666666666667,82.0,1,ok,2026-08-07
151,8482947,Zakhar Bardakov,COL,20242025,5on5,,,,,,0,missing,2026-08-07
152,8479525,Ross Colton,COL,20242025,5on5,0.53,0.55,0.5503875968992248,751.6666666666666,61.0,1,ok,2026-08-07
153,8480835,Jack Drury,COL,20242025,5on5,0.57,0.51,0.5381165919282511,760.5333333333333,72.0,1,ok,2026-08-07
154,8475172,Nazem Kadri,COL,20242025,5on5,0.53,0.5,0.6607142857142857,1278.35,82.0,1,ok,2026-08-07
155,8480448,Parker Kelly,COL,20242025,5on5,0.53,0.54,0.3620689655172414,848.6666666666666,80.0,1,ok,2026-08-07
156,8481641,Joel Kiviranta,COL,20242025,5on5,0.52,0.57,0.3907563025210084,857.5,79.0,1,ok,2026-08-07
157,8476455,Gabriel Landeskog,COL,20242025,5on5,,,,,,0,missing,2026-08-07
158,8477476,Artturi Lehkonen,COL,20242025,5on5,0.57,0.56,0.6787878787878788,1107.5833333333333,69.0,1,ok,2026-08-07
159,8477492,Nathan MacKinnon,COL,20242025,5on5,0.59,0.58,0.7082405345211581,1377.3,79.0,1,ok,2026-08-07
160,8480039,Martin Necas,COL,20242025,5on5,0.58,0.54,0.69,1130.8333333333333,79.0,1,ok,2026-08-07
161,8475754,Brock Nelson,COL,20242025,5on5,0.48999999999999994,0.5,0.5878962536023055,1174.9166666666667,80.0,1,ok,2026-08-07
162,8477501,Valeri Nichushkin,COL,20242025,5on5,0.54,0.48000000000000004,0.6470588235294118,615.05,43.0,1,ok,2026-08-07
163,8481186,Logan O'Connor,COL,20242025,5on5,0.53,0.56,0.3769230769230769,947.1333333333333,80.0,1,ok,2026-08-07
164,8478462,Nicolas Roy,COL,20242025,5on5,0.5,0.5,0.3979591836734694,919.8,71.0,1,ok,2026-08-07
165,8482072,Jack Ahcan,COL,20242025,5on5,,,,29.283333333333335,2.0,1,thin,2026-08-07
166,8483565,Nick Blankenburg,COL,20242025,5on5,0.5,0.48,0.45267489711934156,932.5333333333333,60.0,1,ok,2026-08-07
167,8470613,Brent Burns,COL,20242025,5on5,0.58,0.55,0.5841836734693877,1310.4,82.0,1,ok,2026-08-07
168,8476967,Brett Kulak,COL,20242025,5on5,0.53,0.55,0.5013698630136987,1479.9333333333334,82.0,1,ok,2026-08-07
169,8480069,Cale Makar,COL,20242025,5on5,0.56,0.56,0.6245136186770428,1480.9666666666667,80.0,1,ok,2026-08-07
170,8484258,Sam Malinski,COL,20242025,5on5,0.52,0.51,0.41106719367588934,1150.05,76.0,1,ok,2026-08-07
171,8476312,Josh Manson,COL,20242025,5on5,0.53,0.49,0.3958333333333333,773.3333333333334,48.0,1,ok,2026-08-07
172,8478038,Devon Toews,COL,20242025,5on5,0.56,0.54,0.6079295154185022,1523.0,76.0,1,ok,2026-08-07
173,8475745,Charlie Coyle,CBJ,20242025,5on5,0.48,0.5,0.44327176781002636,1049.85,83.0,1,ok,2026-08-07
174,8484166,Adam Fantilli,CBJ,20242025,5on5,0.47,0.43,0.7064516129032258,1227.6333333333334,82.0,1,ok,2026-08-07
175,8478856,Conor Garland,CBJ,20242025,5on5,0.5,0.53,0.498567335243553,1134.1833333333334,81.0,1,ok,2026-08-07
176,8478046,Danton Heinen,CBJ,20242025,5on5,0.5,0.47,0.5668202764976958,918.8833333333333,79.0,1,ok,2026-08-07
177,8476432,Boone Jenner,CBJ,20242025,5on5,0.53,0.53,0.5571428571428572,363.65,26.0,1,ok,2026-08-07
178,8482660,Kent Johnson,CBJ,20242025,5on5,0.51,0.49,0.5767918088737202,935.4166666666666,68.0,1,ok,2026-08-07
179,8480806,Isac Lundeström,CBJ,20242025,5on5,0.41999999999999993,0.41,0.3269230769230769,833.8333333333334,79.0,1,ok,2026-08-07
180,8480893,Kirill Marchenko,CBJ,20242025,5on5,0.52,0.52,0.6202185792349727,1205.2666666666667,79.0,1,ok,2026-08-07
181,8478975,Mason Marchment,CBJ,20242025,5on5,0.5,0.49,0.5450643776824035,808.8,62.0,1,ok,2026-08-07
182,8477497,Sean Monahan,CBJ,20242025,5on5,0.54,0.56,0.5342019543973942,763.6166666666667,54.0,1,ok,2026-08-07
183,8479671,Mathieu Olivier,CBJ,20242025,5on5,0.44,0.49,0.46987951807228917,1061.95,82.0,1,ok,2026-08-07
184,8482705,Cole Sillinger,CBJ,20242025,5on5,0.45,0.41000000000000003,0.5451263537906137,893.0833333333334,66.0,1,ok,2026-08-07
185,8481716,Dmitri Voronkov,CBJ,20242025,5on5,0.51,0.49,0.6285714285714286,1042.1166666666666,73.0,1,ok,2026-08-07
186,8477425,Miles Wood,CBJ,20242025,5on5,0.51,0.48,0.4067796610169492,393.6166666666667,37.0,1,ok,2026-08-07
187,8481161,Jake Christiansen,CBJ,20242025,5on5,0.44,0.44,0.4266666666666667,804.9166666666666,68.0,1,ok,2026-08-07
188,8479371,Dante Fabbro,CBJ,20242025,5on5,0.51,0.54,0.5235294117647059,1279.5,68.0,1,ok,2026-08-07
189,8475790,Erik Gudbranson,CBJ,20242025,5on5,0.47,0.46,0.2982456140350877,239.83333333333334,16.0,1,ok,2026-08-07
190,8483485,Denton Mateychuk,CBJ,20242025,5on5,0.45,0.43,0.4311377245508982,722.5333333333333,45.0,1,ok,2026-08-07
191,8478500,Ivan Provorov,CBJ,20242025,5on5,0.4799999999999999,0.46,0.4575342465753425,1563.2166666666667,82.0,1,ok,2026-08-07
192,8476923,Damon Severson,CBJ,20242025,5on5,0.49,0.49,0.48788927335640137,1170.9166666666667,70.0,1,ok,2026-08-07
193,8474090,Brendan Smith,CBJ,20242025,5on5,0.5,0.49,0.46236559139784944,388.96666666666664,32.0,1,ok,2026-08-07
194,8478460,Zach Werenski,CBJ,20242025,5on5,0.53,0.54,0.5488888888888889,1743.5333333333333,81.0,1,ok,2026-08-07
195,8481178,Egor Zamula,CBJ,20242025,5on5,0.5,0.55,0.4845360824742268,948.5,63.0,1,ok,2026-08-07
196,8479414,Nathan Bastian,DAL,20242025,5on5,0.49000000000000005,0.48,0.45588235294117646,586.9333333333333,59.0,1,ok,2026-08-07
197,8473994,Jamie Benn,DAL,20242025,5on5,0.47,0.48,0.5351351351351351,941.2666666666667,80.0,1,ok,2026-08-07
198,8476278,Colin Blackwell,DAL,20242025,5on5,0.52,0.49,0.4658385093167702,599.75,63.0,1,ok,2026-08-07
199,8482145,Mavrik Bourque,DAL,20242025,5on5,0.52,0.49,0.4801587301587302,827.1166666666667,73.0,1,ok,2026-08-07
200,8478047,Michael Bunting,DAL,20242025,5on5,0.53,0.52,0.6638297872340425,996.8833333333333,76.0,1,ok,2026-08-07
201,8480840,Oskar Bäck,DAL,20242025,5on5,0.51,0.48,0.4124293785310734,739.4166666666666,73.0,1,ok,2026-08-07
202,8475168,Matt Duchene,DAL,20242025,5on5,0.5,0.52,0.5389221556886228,1124.25,82.0,1,ok,2026-08-07
203,8477454,Adam Erne,DAL,20242025,5on5,,,,,,0,missing,2026-08-07
204,8476889,Radek Faksa,DAL,20242025,5on5,0.48,0.48,0.3021276595744681,801.0666666666667,70.0,1,ok,2026-08-07
205,8478449,Roope Hintz,DAL,20242025,5on5,0.48,0.48999999999999994,0.5457317073170732,922.2,76.0,1,ok,2026-08-07
206,8484829,Justin Hryckowian,DAL,20242025,5on5,,,,39.21666666666667,5.0,1,thin,2026-08-07
207,8484938,Arttu Hyry,DAL,20242025,5on5,,,,45.18333333333333,5.0,1,thin,2026-08-07
208,8482740,Wyatt Johnston,DAL,20242025,5on5,0.47,0.5,0.5012853470437018,1115.85,82.0,1,ok,2026-08-07
209,8478420,Mikko Rantanen,DAL,20242025,5on5,0.54,0.53,0.6742596810933941,1326.8166666666666,82.0,1,ok,2026-08-07
210,8480027,Jason Robertson,DAL,20242025,5on5,0.5,0.52,0.5242165242165242,1140.9666666666667,82.0,1,ok,2026-08-07
211,8475794,Tyler Seguin,DAL,20242025,5on5,0.55,0.57,0.5698924731182796,250.23333333333332,20.0,1,ok,2026-08-07
212,8479351,Sam Steel,DAL,20242025,5on5,0.52,0.5,0.47161572052401746,925.5833333333334,79.0,1,ok,2026-08-07
213,8483425,Lian Bichsel,DAL,20242025,5on5,0.5,0.49,0.5737704918032787,540.8166666666667,38.0,1,ok,2026-08-07
214,8478476,Kyle Capobianco,DAL,20242025,5on5,,,,10.716666666666667,1.0,1,thin,2026-08-07
215,8481581,Thomas Harley,DAL,20242025,5on5,0.52,0.53,0.48467966573816157,1451.6,78.0,1,ok,2026-08-07
216,8480036,Miro Heiskanen,DAL,20242025,5on5,0.53,0.54,0.5393258426966292,983.6666666666666,50.0,1,ok,2026-08-07
217,8476902,Esa Lindell,DAL,20242025,5on5,0.46,0.5,0.286144578313253,1414.9666666666667,80.0,1,ok,2026-08-07
218,8480878,Nils Lundkvist,DAL,20242025,5on5,0.53,0.51,0.4244604316546763,567.0666666666667,39.0,1,ok,2026-08-07
219,8480950,Ilya Lyubushkin,DAL,20242025,5on5,0.47,0.48999999999999994,0.34177215189873417,1179.7666666666667,80.0,1,ok,2026-08-07
220,8474574,Tyler Myers,DAL,20242025,5on5,0.4699999999999999,0.5,0.4006734006734007,1223.9166666666667,71.0,1,ok,2026-08-07
221,8475755,Alexander Petrovic,DAL,20242025,5on5,,,,69.1,5.0,1,thin,2026-08-07
222,8478891,Mason Appleton,DET,20242025,5on5,0.5,0.52,0.2870662460567823,962.7666666666667,71.0,1,ok,2026-08-07
223,8477456,J.T. Compher,DET,20242025,5on5,0.44,0.45,0.5140449438202247,992.6166666666667,76.0,1,ok,2026-08-07
224,8477429,Andrew Copp,DET,20242025,5on5,0.47000000000000003,0.47000000000000003,0.5461254612546126,726.7666666666667,56.0,1,ok,2026-08-07
225,8479337,Alex DeBrincat,DET,20242025,5on5,0.5,0.5,0.5757575757575758,1164.9333333333334,82.0,1,ok,2026-08-07
226,8484471,Emmitt Finnie,DET,20242025,5on5,,,,,,0,missing,2026-08-07
227,8474141,Patrick Kane,DET,20242025,5on5,0.48,0.47,0.6033333333333334,1025.3,72.0,1,ok,2026-08-07
228,8483464,Marco Kasper,DET,20242025,5on5,0.51,0.52,0.5494880546075085,1026.2166666666667,77.0,1,ok,2026-08-07
229,8477946,Dylan Larkin,DET,20242025,5on5,0.52,0.5,0.5025773195876289,1213.2166666666667,82.0,1,ok,2026-08-07
230,8474102,David Perron,DET,20242025,5on5,0.51,0.5,0.5032258064516129,501.73333333333335,43.0,1,ok,2026-08-07
231,8479992,Michael Rasmussen,DET,20242025,5on5,0.46,0.49,0.4892966360856269,866.1,77.0,1,ok,2026-08-07
232,8482078,Lucas Raymond,DET,20242025,5on5,0.52,0.52,0.5,1146.7333333333333,82.0,1,ok,2026-08-07
233,8474037,James van Riemsdyk,DET,20242025,5on5,0.49,0.48,0.5286343612334802,804.0666666666667,71.0,1,ok,2026-08-07
234,8480879,Jacob Bernard-Docker,DET,20242025,5on5,0.49000000000000005,0.5,0.5655737704918032,530.9333333333333,40.0,1,ok,2026-08-07
235,8475279,Ben Chiarot,DET,20242025,5on5,0.44,0.44,0.4720357941834452,1513.2,81.0,1,ok,2026-08-07
236,8482762,Simon Edvinsson,DET,20242025,5on5,0.49,0.49,0.45604395604395603,1442.8833333333334,78.0,1,ok,2026-08-07
237,8475753,Justin Faulk,DET,20242025,5on5,0.46,0.47,0.4603174603174603,1419.1333333333334,78.0,1,ok,2026-08-07
238,8474612,Travis Hamonic,DET,20242025,5on5,0.47,0.47,0.37209302325581395,888.4333333333333,59.0,1,ok,2026-08-07
239,8481607,Albert Johansson,DET,20242025,5on5,0.48,0.46,0.4959677419354839,950.6833333333333,61.0,1,ok,2026-08-07
240,8481542,Moritz Seider,DET,20242025,5on5,0.5,0.5,0.43683083511777304,1560.5166666666667,82.0,1,ok,2026-08-07
241,8482703,Colton Dach,EDM,20242025,5on5,0.41,0.42,0.5571428571428572,286.21666666666664,25.0,1,ok,2026-08-07
242,8477450,Jason Dickinson,EDM,20242025,5on5,0.44,0.41999999999999993,0.3524229074889868,748.75,59.0,1,ok,2026-08-07
243,8477934,Leon Draisaitl,EDM,20242025,5on5,0.59,0.6,0.601010101010101,1205.3166666666666,71.0,1,ok,2026-08-07
244,8479365,Trent Frederic,EDM,20242025,5on5,0.48,0.49,0.5026737967914439,707.2666666666667,58.0,1,ok,2026-08-07
245,8474641,Adam Henrique,EDM,20242025,5on5,0.46,0.48,0.42901234567901236,958.1,81.0,1,ok,2026-08-07
246,8475786,Zach Hyman,EDM,20242025,5on5,0.59,0.62,0.6795252225519288,1089.5166666666667,73.0,1,ok,2026-08-07
247,8477406,Mattias Janmark,EDM,20242025,5on5,0.48,0.47,0.451063829787234,916.6,80.0,1,ok,2026-08-07
248,8479368,Max Jones,EDM,20242025,5on5,0.46,0.35,0.5423728813559322,241.88333333333333,26.0,1,ok,2026-08-07
249,8477953,Kasperi Kapanen,EDM,20242025,5on5,0.51,0.49,0.5773195876288659,728.65,67.0,1,ok,2026-08-07
250,8477508,Curtis Lazar,EDM,20242025,5on5,0.42,0.42,0.4166666666666667,451.1333333333333,48.0,1,ok,2026-08-07
251,8478402,Connor McDavid,EDM,20242025,5on5,0.6,0.61,0.6784565916398714,1175.4,67.0,1,ok,2026-08-07
252,8476454,Ryan Nugent-Hopkins,EDM,20242025,5on5,0.54,0.54,0.5282392026578073,1031.5,78.0,1,ok,2026-08-07
253,8481617,Vasily Podkolzin,EDM,20242025,5on5,0.57,0.58,0.5270758122743683,1011.3666666666667,82.0,1,ok,2026-08-07
254,8478458,Jack Roslovic,EDM,20242025,5on5,0.57,0.51,0.6494845360824743,976.9166666666666,81.0,1,ok,2026-08-07
255,8484509,Josh Samanski,EDM,20242025,5on5,,,,,,0,missing,2026-08-07
256,8483512,Matt Savoie,EDM,20242025,5on5,,,,48.7,4.0,1,thin,2026-08-07
257,8480803,Evan Bouchard,EDM,20242025,5on5,0.59,0.58,0.5539772727272727,1548.5833333333333,82.0,1,ok,2026-08-07
258,8475218,Mattias Ekholm,EDM,20242025,5on5,0.6,0.59,0.5595667870036101,1182.8166666666666,65.0,1,ok,2026-08-07
259,8480834,Ty Emberson,EDM,20242025,5on5,0.5,0.5,0.4603960396039604,980.3,76.0,1,ok,2026-08-07
260,8476473,Connor Murphy,EDM,20242025,5on5,0.45,0.45,0.2734375,1218.2666666666667,68.0,1,ok,2026-08-07
261,8477498,Darnell Nurse,EDM,20242025,5on5,0.52,0.55,0.5527065527065527,1437.9833333333333,76.0,1,ok,2026-08-07
262,8481056,Spencer Stastney,EDM,20242025,5on5,0.51,0.48,0.5,335.6166666666667,23.0,1,ok,2026-08-07
263,8478013,Jake Walman,EDM,20242025,5on5,0.51,0.5,0.4054982817869416,1103.0333333333333,65.0,1,ok,2026-08-07
264,8477493,Aleksander Barkov,FLA,20242025,5on5,0.6,0.59,0.5609065155807366,956.3333333333334,67.0,1,ok,2026-08-07
265,8477935,Sam Bennett,FLA,20242025,5on5,0.54,0.53,0.6468842729970327,1071.4833333333333,76.0,1,ok,2026-08-07
266,8480003,Jesper Boqvist,FLA,20242025,5on5,0.51,0.49,0.6098360655737705,918.0166666666667,78.0,1,ok,2026-08-07
267,8479981,Jonah Gadjovich,FLA,20242025,5on5,0.54,0.56,0.5773195876288659,345.2,42.0,1,ok,2026-08-07
268,8478421,A.J. Greer,FLA,20242025,5on5,0.54,0.55,0.583732057416268,729.2,81.0,1,ok,2026-08-07
269,8476994,Vinnie Hinostroza,FLA,20242025,5on5,0.5,0.53,0.5112781954887218,447.48333333333335,38.0,1,ok,2026-08-07
270,8479316,Luke Kunin,FLA,20242025,5on5,0.41,0.43,0.4829059829059829,906.7,75.0,1,ok,2026-08-07
271,8482113,Anton Lundell,FLA,20242025,5on5,0.54,0.54,0.592375366568915,1013.4833333333333,79.0,1,ok,2026-08-07
272,8480185,Eetu Luostarinen,FLA,20242025,5on5,0.54,0.52,0.5978260869565217,1002.9333333333333,80.0,1,ok,2026-08-07
273,8473419,Brad Marchand,FLA,20242025,5on5,0.5,0.49,0.543026706231454,928.25,71.0,1,ok,2026-08-07
274,8477931,Tomas Nosek,FLA,20242025,5on5,0.56,0.58,0.5547945205479452,511.3833333333333,59.0,1,ok,2026-08-07
275,8481133,Cole Reinhardt,FLA,20242025,5on5,,,,139.43333333333334,17.0,1,thin,2026-08-07
276,8477933,Sam Reinhart,FLA,20242025,5on5,0.58,0.59,0.5946601941747572,1146.75,79.0,1,ok,2026-08-07
277,8478542,Evan Rodrigues,FLA,20242025,5on5,0.57,0.54,0.59,1103.7333333333333,82.0,1,ok,2026-08-07
278,8482713,Mackie Samoskevich,FLA,20242025,5on5,0.55,0.56,0.6539923954372624,818.15,72.0,1,ok,2026-08-07
279,8481655,Cole Schwindt,FLA,20242025,5on5,0.44000000000000006,0.52,0.5853658536585366,375.65,42.0,1,ok,2026-08-07
280,8479314,Matthew Tkachuk,FLA,20242025,5on5,0.58,0.58,0.6075471698113207,728.6333333333333,52.0,1,ok,2026-08-07
281,8477409,Carter Verhaeghe,FLA,20242025,5on5,0.57,0.55,0.569060773480663,1171.5666666666666,81.0,1,ok,2026-08-07
282,8484304,Uvis Balinskis,FLA,20242025,5on5,0.55,0.55,0.5902255639097744,1004.4166666666666,76.0,1,ok,2026-08-07
283,8477932,Aaron Ekblad,FLA,20242025,5on5,0.56,0.53,0.4927007299270073,978.8666666666667,56.0,1,ok,2026-08-07
284,8478055,Gustav Forsling,FLA,20242025,5on5,0.56,0.55,0.5465686274509803,1509.8666666666666,80.0,1,ok,2026-08-07
285,8477495,Seth Jones,FLA,20242025,5on5,0.49,0.45000000000000007,0.5454545454545454,1161.0,63.0,1,ok,2026-08-07
286,8475179,Dmitry Kulikov,FLA,20242025,5on5,0.53,0.54,0.5519125683060109,1163.1166666666666,70.0,1,ok,2026-08-07
287,8478859,Niko Mikkola,FLA,20242025,5on5,0.55,0.55,0.5434782608695652,1335.85,76.0,1,ok,2026-08-07
288,8482131,Donovan Sebrango,FLA,20242025,5on5,,,,20.616666666666667,2.0,1,thin,2026-08-07
289,8476469,Joel Armia,LA,20242025,5on5,0.46,0.43,0.3302752293577982,856.0666666666667,81.0,1,ok,2026-08-07
290,8482124,Quinton Byfield,LA,20242025,5on5,0.55,0.57,0.5259515570934256,1159.5166666666667,81.0,1,ok,2026-08-07
291,8477942,Kevin Fiala,LA,20242025,5on5,0.56,0.57,0.4967532467532468,1197.6166666666666,81.0,1,ok,2026-08-07
292,8482726,Samuel Helenius,LA,20242025,5on5,0.48,0.47,0.6588235294117647,428.4,50.0,1,ok,2026-08-07
293,8478472,Mathieu Joseph,LA,20242025,5on5,0.49,0.51,0.4370860927152318,644.95,60.0,1,ok,2026-08-07
294,8477960,Adrian Kempe,LA,20242025,5on5,0.51,0.53,0.5248447204968945,1138.3166666666666,81.0,1,ok,2026-08-07
295,8471685,Anze Kopitar,LA,20242025,5on5,0.51,0.52,0.5,1145.2833333333333,81.0,1,ok,2026-08-07
296,8483808,Andrei Kuzmenko,LA,20242025,5on5,0.52,0.52,0.6908212560386473,829.0166666666667,66.0,1,ok,2026-08-07
297,8482155,Alex Laferriere,LA,20242025,5on5,0.55,0.57,0.5161290322580645,1097.6666666666667,77.0,1,ok,2026-08-07
298,8476872,Scott Laughton,LA,20242025,5on5,0.43000000000000005,0.51,0.4635036496350365,978.3666666666667,80.0,1,ok,2026-08-07
299,8482408,Jeff Malott,LA,20242025,5on5,,,,120.05,12.0,1,thin,2026-08-07
300,8479675,Trevor Moore,LA,20242025,5on5,0.55,0.56,0.49828178694158076,945.8166666666667,71.0,1,ok,2026-08-07
301,8478550,Artemi Panarin,LA,20242025,5on5,0.53,0.5,0.7104477611940299,1249.95,80.0,1,ok,2026-08-07
302,8481532,Alex Turcotte,LA,20242025,5on5,0.53,0.57,0.48044692737430167,737.6666666666666,68.0,1,ok,2026-08-07
303,8483406,Taylor Ward,LA,20242025,5on5,,,,13.633333333333333,1.0,1,thin,2026-08-07
304,8483756,Jared Wright,LA,20242025,5on5,,,,,,0,missing,2026-08-07
305,8479998,Mikey Anderson,LA,20242025,5on5,0.51,0.56,0.3993610223642173,1435.05,77.0,1,ok,2026-08-07
306,8476879,Cody Ceci,LA,20242025,5on5,0.43,0.4,0.363395225464191,1540.4,85.0,1,ok,2026-08-07
307,8482730,Brandt Clarke,LA,20242025,5on5,0.54,0.54,0.6336633663366337,1101.3333333333333,78.0,1,ok,2026-08-07
308,8474563,Drew Doughty,LA,20242025,5on5,0.5,0.53,0.5629139072847682,573.6333333333333,30.0,1,ok,2026-08-07
309,8475208,Brian Dumoulin,LA,20242025,5on5,0.46,0.43,0.43304843304843305,1339.5333333333333,80.0,1,ok,2026-08-07
310,8476441,Joel Edmundson,LA,20242025,5on5,0.51,0.51,0.5782493368700266,1304.0333333333333,73.0,1,ok,2026-08-07
311,8479421,Jacob Moverare,LA,20242025,5on5,0.53,0.57,0.4700854700854701,567.1666666666666,49.0,1,ok,2026-08-07
312,8477979,Nicolas Aube-Kubel,MIN,20242025,5on5,0.49,0.49,0.40425531914893614,205.66666666666666,22.0,1,ok,2026-08-07
313,8481557,Matt Boldy,MIN,20242025,5on5,0.51,0.53,0.5292553191489362,1287.2166666666667,82.0,1,ok,2026-08-07
314,8481553,Bobby Brink,MIN,20242025,5on5,0.48,0.54,0.40327868852459015,981.7333333333333,79.0,1,ok,2026-08-07
315,8478493,Joel Eriksson Ek,MIN,20242025,5on5,0.54,0.54,0.47549019607843135,641.1166666666667,46.0,1,ok,2026-08-07
316,8477952,Robby Fabbri,MIN,20242025,5on5,0.42,0.39,0.4879518072289157,600.7,44.0,1,ok,2026-08-07
317,8475220,Marcus Foligno,MIN,20242025,5on5,0.52,0.55,0.47470817120622566,944.45,77.0,1,ok,2026-08-07
318,8473422,Nick Foligno,MIN,20242025,5on5,0.46,0.46,0.3875968992248062,989.1166666666667,78.0,1,ok,2026-08-07
319,8483452,Hunter Haight,MIN,20242025,5on5,,,,,,0,missing,2026-08-07
320,8477451,Ryan Hartman,MIN,20242025,5on5,0.48000000000000004,0.5,0.4609375,906.75,69.0,1,ok,2026-08-07
321,8475149,Marcus Johansson,MIN,20242025,5on5,0.48,0.5,0.4748201438848921,1035.95,72.0,1,ok,2026-08-07
322,8480259,Ben Jones,MIN,20242025,5on5,0.39,0.42999999999999994,0.425,212.46666666666667,26.0,1,ok,2026-08-07
323,8478864,Kirill Kaprizov,MIN,20242025,5on5,0.53,0.55,0.6600985221674877,743.5333333333333,41.0,1,ok,2026-08-07
324,8477446,Michael McCarron,MIN,20242025,5on5,0.47,0.47,0.1511111111111111,823.9166666666666,74.0,1,ok,2026-08-07
325,8481477,Nico Sturm,MIN,20242025,5on5,0.48,0.47,0.39490445859872614,563.6166666666667,62.0,1,ok,2026-08-07
326,8475765,Vladimir Tarasenko,MIN,20242025,5on5,0.45,0.46,0.553314121037464,1021.45,80.0,1,ok,2026-08-07
327,8478508,Yakov Trenin,MIN,20242025,5on5,0.46,0.47,0.40816326530612246,847.5333333333333,76.0,1,ok,2026-08-07
328,8483525,Danila Yurov,MIN,20242025,5on5,,,,,,0,missing,2026-08-07
329,8475692,Mats Zuccarello,MIN,20242025,5on5,0.48,0.48,0.6125,1075.2,69.0,1,ok,2026-08-07
330,8474567,Zach Bogosian,MIN,20242025,5on5,0.45999999999999996,0.45999999999999996,0.4056603773584906,1117.3166666666666,81.0,1,ok,2026-08-07
331,8476463,Jonas Brodin,MIN,20242025,5on5,0.49,0.5,0.4158878504672897,1016.6166666666667,50.0,1,ok,2026-08-07
332,8482122,Brock Faber,MIN,20242025,5on5,0.47000000000000003,0.47000000000000003,0.4623955431754875,1578.2166666666667,78.0,1,ok,2026-08-07
333,8486166,Viking Gustafsson Nyberg,MIN,20242025,5on5,,,,,,0,missing,2026-08-07
334,8480800,Quinn Hughes,MIN,20242025,5on5,0.56,0.53,0.6065573770491803,1408.9666666666667,68.0,1,ok,2026-08-07
335,8482094,Daemon Hunt,MIN,20242025,5on5,,,,7.416666666666667,1.0,1,thin,2026-08-07
336,8482641,Matt Kiersted,MIN,20242025,5on5,,,,23.033333333333335,2.0,1,thin,2026-08-07
337,8482781,Carson Lambos,MIN,20242025,5on5,,,,,,0,missing,2026-08-07
338,8478136,Jake Middleton,MIN,20242025,5on5,0.44999999999999996,0.47,0.4409722222222222,1283.1166666666666,67.0,1,ok,2026-08-07
339,8473507,Jeff Petry,MIN,20242025,5on5,0.43000000000000005,0.45,0.5186915887850467,752.6333333333333,44.0,1,ok,2026-08-07
340,8483766,David Spacek,MIN,20242025,5on5,,,,,,0,missing,2026-08-07
341,8474716,Jared Spurgeon,MIN,20242025,5on5,0.51,0.56,0.4541984732824427,1140.25,66.0,1,ok,2026-08-07
342,8476981,Josh Anderson,MON,20242025,5on5,0.45,0.5,0.4594594594594595,994.05,81.0,1,ok,2026-08-07
343,8483424,Owen Beck,MON,20242025,5on5,,,,119.71666666666667,12.0,1,thin,2026-08-07
344,8482737,Zachary Bolduc,MON,20242025,5on5,0.51,0.53,0.6190476190476191,812.0166666666667,72.0,1,ok,2026-08-07
345,8481540,Cole Caufield,MON,20242025,5on5,0.51,0.4699999999999999,0.6302521008403361,1164.9666666666667,82.0,1,ok,2026-08-07
346,8481523,Kirby Dach,MON,20242025,5on5,0.45,0.43,0.7425742574257426,723.6333333333333,57.0,1,ok,2026-08-07
347,8476479,Phillip Danault,MON,20242025,5on5,0.56,0.58,0.4906832298136646,1108.2333333333333,80.0,1,ok,2026-08-07
348,8484984,Ivan Demidov,MON,20242025,5on5,,,,21.916666666666668,2.0,1,thin,2026-08-07
349,8478133,Jake Evans,MON,20242025,5on5,0.48,0.47,0.30254777070063693,994.05,82.0,1,ok,2026-08-07
350,8475848,Brendan Gallagher,MON,20242025,5on5,0.48,0.54,0.42338709677419356,992.5,82.0,1,ok,2026-08-07
351,8482775,Oliver Kapanen,MON,20242025,5on5,0.41000000000000003,0.29,0.5,168.31666666666666,18.0,1,ok,2026-08-07
352,8479339,Patrik Laine,MON,20242025,5on5,0.42,0.4,0.8136645962732919,568.0833333333334,52.0,1,ok,2026-08-07
353,8481618,Alex Newhook,MON,20242025,5on5,0.46,0.46,0.6835016835016835,1068.8166666666666,82.0,1,ok,2026-08-07
354,8483515,Juraj Slafkovský,MON,20242025,5on5,0.5,0.46,0.5878962536023055,1093.1,79.0,1,ok,2026-08-07
355,8480018,Nick Suzuki,MON,20242025,5on5,0.52,0.4799999999999999,0.5789473684210527,1221.6666666666667,82.0,1,ok,2026-08-07
356,8480074,Alexandre Texier,MON,20242025,5on5,0.46,0.41,0.5625,353.53333333333336,31.0,1,ok,2026-08-07
357,8480813,Joe Veleno,MON,20242025,5on5,0.45,0.44000000000000006,0.49321266968325794,838.0,74.0,1,ok,2026-08-07
358,8484403,Florian Xhekaj,MON,20242025,5on5,,,,,,0,missing,2026-08-07
359,8478851,Alexandre Carrier,MON,20242025,5on5,0.45999999999999996,0.45000000000000007,0.3568075117370892,1408.6666666666667,79.0,1,ok,2026-08-07
360,8480865,Noah Dobson,MON,20242025,5on5,0.53,0.54,0.49266862170087977,1318.3166666666666,71.0,1,ok,2026-08-07
361,8483686,Adam Engstrom,MON,20242025,5on5,,,,,,0,missing,2026-08-07
362,8482087,Kaiden Guhle,MON,20242025,5on5,0.46,0.46,0.39316239316239315,1012.5833333333334,55.0,1,ok,2026-08-07
363,8483457,Lane Hutson,MON,20242025,5on5,0.51,0.51,0.6773162939297125,1540.0333333333333,82.0,1,ok,2026-08-07
364,8476875,Mike Matheson,MON,20242025,5on5,0.47,0.45,0.41646489104116224,1477.35,80.0,1,ok,2026-08-07
365,8484220,David Reinbacher,MON,20242025,5on5,,,,,,0,missing,2026-08-07
366,8481593,Jayden Struble,MON,20242025,5on5,0.52,0.53,0.6271186440677966,792.0166666666667,56.0,1,ok,2026-08-07
367,8482964,Arber Xhekaj,MON,20242025,5on5,0.46,0.45,0.45098039215686275,943.1,70.0,1,ok,2026-08-07
369,8482146,Luke Evangelista,NAS,20242025,5on5,0.55,0.53,0.6084656084656085,836.4,68.0,1,ok,2026-08-07
370,8476887,Filip Forsberg,NAS,20242025,5on5,0.51,0.5,0.7138888888888889,1170.1,82.0,1,ok,2026-08-07
371,8475287,Erik Haula,NAS,20242025,5on5,0.5,0.49,0.5078740157480315,838.8666666666667,69.0,1,ok,2026-08-07
372,8479370,Tyson Jost,NAS,20242025,5on5,0.6,0.54,0.6818181818181818,370.46666666666664,39.0,1,ok,2026-08-07
373,8476539,Jonathan Marchessault,NAS,20242025,5on5,0.48,0.48,0.7227414330218068,1085.1,78.0,1,ok,2026-08-07
374,8475158,Ryan O'Reilly,NAS,20242025,5on5,0.53,0.52,0.5936507936507937,1111.2,79.0,1,ok,2026-08-07
375,8474564,Steven Stamkos,NAS,20242025,5on5,0.48,0.48,0.7471590909090909,1131.5833333333333,82.0,1,ok,2026-08-07
376,8482768,Fedor Svechkov,NAS,20242025,5on5,0.5,0.45000000000000007,0.7786885245901639,574.5333333333333,52.0,1,ok,2026-08-07
377,8482103,Ozzy Wiesblatt,NAS,20242025,5on5,,,,52.46666666666667,5.0,1,thin,2026-08-07
378,8484241,Matthew Wood,NAS,20242025,5on5,,,,63.61666666666667,6.0,1,thin,2026-08-07
379,8482111,Justin Barron,NAS,20242025,5on5,0.52,0.52,0.5517241379310345,970.45,62.0,1,ok,2026-08-07
380,8479980,Nicolas Hague,NAS,20242025,5on5,0.47,0.47,0.4942084942084942,1076.05,68.0,1,ok,2026-08-07
381,8474600,Roman Josi,NAS,20242025,5on5,0.55,0.52,0.6782006920415224,994.9833333333333,53.0,1,ok,2026-08-07
382,8480246,Nick Perbix,NAS,20242025,5on5,0.52,0.51,0.47368421052631576,1047.5333333333333,74.0,1,ok,2026-08-07
383,8476869,Brady Skjei,NAS,20242025,5on5,0.5,0.4699999999999999,0.49843260188087773,1411.4166666666667,82.0,1,ok,2026-08-07
384,8482482,Adam Wilsby,NAS,20242025,5on5,0.52,0.57,0.358974358974359,372.6,23.0,1,ok,2026-08-07
385,8475760,Nick Bjugstad,NJ,20242025,5on5,0.51,0.51,0.5,756.5,66.0,1,ok,2026-08-07
386,8479407,Jesper Bratt,NJ,20242025,5on5,0.53,0.53,0.7566666666666667,1101.2833333333333,81.0,1,ok,2026-08-07
387,8477015,Connor Brown,NJ,20242025,5on5,0.49,0.53,0.40942028985507245,978.6166666666667,82.0,1,ok,2026-08-07
388,8481032,Paul Cotter,NJ,20242025,5on5,0.5,0.48,0.5040322580645161,972.05,79.0,1,ok,2026-08-07
389,8474149,Evgenii Dadonov,NJ,20242025,5on5,0.48,0.5,0.5476190476190477,985.05,80.0,1,ok,2026-08-07
390,8479996,Cody Glass,NJ,20242025,5on5,0.55,0.56,0.5043103448275862,751.9666666666667,65.0,1,ok,2026-08-07
391,8481721,Arseny Gritsyuk,NJ,20242025,5on5,,,,,,0,missing,2026-08-07
392,8480002,Nico Hischier,NJ,20242025,5on5,0.55,0.56,0.4756380510440835,1088.6666666666667,75.0,1,ok,2026-08-07
393,8481559,Jack Hughes,NJ,20242025,5on5,0.55,0.56,0.8136363636363636,970.4833333333333,62.0,1,ok,2026-08-07
394,8479772,Zack MacEwen,NJ,20242025,5on5,0.52,0.54,0.7818181818181819,161.78333333333333,21.0,1,ok,2026-08-07
395,8478414,Timo Meier,NJ,20242025,5on5,0.53,0.55,0.46632124352331605,1219.25,80.0,1,ok,2026-08-07
396,8482110,Dawson Mercer,NJ,20242025,5on5,0.5,0.51,0.44694533762057875,1124.4666666666667,82.0,1,ok,2026-08-07
397,8476474,Stefan Noesen,NJ,20242025,5on5,0.53,0.54,0.4582043343653251,980.7333333333333,78.0,1,ok,2026-08-07
398,8484958,Maxim Tsyplakov,NJ,20242025,5on5,0.52,0.54,0.5490909090909091,1014.1,77.0,1,ok,2026-08-07
399,8479395,Dennis Cholowski,NJ,20242025,5on5,0.45,0.48,0.6904761904761905,453.6,39.0,1,ok,2026-08-07
400,8475455,Brenden Dillon,NJ,20242025,5on5,0.51,0.51,0.5787781350482315,1270.7333333333333,82.0,1,ok,2026-08-07
401,8476462,Dougie Hamilton,NJ,20242025,5on5,0.52,0.52,0.6181102362204725,1013.8333333333334,64.0,1,ok,2026-08-07
402,8482684,Luke Hughes,NJ,20242025,5on5,0.53,0.51,0.5013850415512465,1306.7,71.0,1,ok,2026-08-07
403,8480192,Johnathan Kovacevic,NJ,20242025,5on5,0.51,0.54,0.3502994011976048,1363.4333333333334,81.0,1,ok,2026-08-07
404,8483495,Simon Nemec,NJ,20242025,5on5,0.44000000000000006,0.39,0.7023809523809523,367.51666666666665,27.0,1,ok,2026-08-07
405,8477488,Brett Pesce,NJ,20242025,5on5,0.52,0.52,0.47513812154696133,1316.25,72.0,1,ok,2026-08-07
406,8478399,Jonas Siegenthaler,NJ,20242025,5on5,0.51,0.56,0.3422222222222222,925.95,55.0,1,ok,2026-08-07
407,8478445,Mathew Barzal,NYI,20242025,5on5,0.58,0.6,0.5317460317460317,487.21666666666664,30.0,1,ok,2026-08-07
408,8475231,Casey Cizikas,NYI,20242025,5on5,0.5,0.46,0.43018867924528303,973.0666666666667,82.0,1,ok,2026-08-07
409,8477407,Anthony Duclair,NYI,20242025,5on5,0.49000000000000005,0.49000000000000005,0.5310734463276836,568.4333333333333,44.0,1,ok,2026-08-07
410,8483553,Marc Gatcomb,NYI,20242025,5on5,0.48,0.44,0.6607142857142857,378.15,39.0,1,ok,2026-08-07
411,8482476,Emil Heineman,NYI,20242025,5on5,0.48999999999999994,0.48,0.422360248447205,639.6333333333333,62.0,1,ok,2026-08-07
412,8481601,Simon Holmstrom,NYI,20242025,5on5,0.49,0.49,0.504950495049505,983.1666666666666,75.0,1,ok,2026-08-07
413,8477500,Bo Horvat,NYI,20242025,5on5,0.51,0.51,0.5686900958466453,1225.8833333333334,81.0,1,ok,2026-08-07
414,8475314,Anders Lee,NYI,20242025,5on5,0.52,0.53,0.5341614906832298,1133.6833333333334,82.0,1,ok,2026-08-07
415,8481237,Kyle MacLean,NYI,20242025,5on5,0.45,0.42,0.5707964601769911,775.4166666666666,81.0,1,ok,2026-08-07
416,8476419,Jean-Gabriel Pageau,NYI,20242025,5on5,0.52,0.54,0.5351170568561873,1028.65,79.0,1,ok,2026-08-07
417,8476292,Ondrej Palat,NYI,20242025,5on5,0.49,0.4799999999999999,0.6910569105691057,947.5833333333334,77.0,1,ok,2026-08-07
418,8475151,Kyle Palmieri,NYI,20242025,5on5,0.47000000000000003,0.49,0.5584045584045584,1170.3666666666666,82.0,1,ok,2026-08-07
419,8475170,Brayden Schenn,NYI,20242025,5on5,0.48,0.48,0.5242966751918159,1164.5166666666667,82.0,1,ok,2026-08-07
420,8485702,Max Shabanov,NYI,20242025,5on5,,,,,,0,missing,2026-08-07
421,8480871,Adam Boqvist,NYI,20242025,5on5,0.5,0.5,0.6666666666666666,409.25,35.0,1,ok,2026-08-07
422,8477950,Tony DeAngelo,NYI,20242025,5on5,0.52,0.5,0.4968944099378882,665.1833333333333,35.0,1,ok,2026-08-07
423,8476429,Scott Mayfield,NYI,20242025,5on5,0.47,0.48,0.4977168949771689,988.7333333333333,66.0,1,ok,2026-08-07
424,8476917,Adam Pelech,NYI,20242025,5on5,0.56,0.55,0.4344262295081967,1108.5333333333333,60.0,1,ok,2026-08-07
425,8477506,Ryan Pulock,NYI,20242025,5on5,0.46,0.45,0.4358353510895884,1283.7833333333333,74.0,1,ok,2026-08-07
426,8481014,Alexander Romanov,NYI,20242025,5on5,0.48999999999999994,0.48999999999999994,0.43548387096774194,1248.0166666666667,64.0,1,ok,2026-08-07
427,8485366,Matthew Schaefer,NYI,20242025,5on5,,,,,,0,missing,2026-08-07
428,8477369,Carson Soucy,NYI,20242025,5on5,0.45999999999999996,0.44,0.40069686411149824,1164.9166666666667,75.0,1,ok,2026-08-07
429,8477380,Jonny Brodzinski,NYR,20242025,5on5,0.45,0.42,0.46875,555.8666666666667,51.0,1,ok,2026-08-07
430,8482877,Jaroslav Chmelar,NYR,20242025,5on5,,,,,,0,missing,2026-08-07
431,8482157,Will Cuylle,NYR,20242025,5on5,0.49,0.49,0.5807453416149069,1062.0,82.0,1,ok,2026-08-07
432,8481726,Adam Edstrom,NYR,20242025,5on5,0.45,0.48,0.25316455696202533,467.46666666666664,51.0,1,ok,2026-08-07
433,8481789,Tye Kartye,NYR,20242025,5on5,0.48000000000000004,0.51,0.5031446540880503,576.6166666666667,63.0,1,ok,2026-08-07
434,8483690,Noah Laba,NYR,20242025,5on5,,,,,,0,missing,2026-08-07
435,8482109,Alexis Lafrenière,NYR,20242025,5on5,0.52,0.49000000000000005,0.6976744186046512,1222.3,82.0,1,ok,2026-08-07
436,8476468,J.T. Miller,NYR,20242025,5on5,0.5,0.49,0.5042492917847026,960.4166666666666,72.0,1,ok,2026-08-07
437,8484210,Gabe Perreault,NYR,20242025,5on5,,,,66.36666666666666,5.0,1,thin,2026-08-07
438,8479390,Taylor Raddysh,NYR,20242025,5on5,0.51,0.56,0.31493506493506496,936.9666666666667,80.0,1,ok,2026-08-07
439,8482460,Matt Rempe,NYR,20242025,5on5,0.42999999999999994,0.42,0.4166666666666667,355.76666666666665,42.0,1,ok,2026-08-07
440,8477839,Conor Sheary,NYR,20242025,5on5,,,,55.233333333333334,5.0,1,thin,2026-08-07
441,8483669,Adam Sykora,NYR,20242025,5on5,,,,,,0,missing,2026-08-07
442,8476389,Vincent Trocheck,NYR,20242025,5on5,0.52,0.48,0.5883720930232558,1243.95,82.0,1,ok,2026-08-07
443,8476459,Mika Zibanejad,NYR,20242025,5on5,0.48,0.48999999999999994,0.48663101604278075,1060.35,82.0,1,ok,2026-08-07
444,8478840,Will Borgen,NYR,20242025,5on5,0.4600000000000001,0.44000000000000006,0.3717948717948718,1300.3666666666666,84.0,1,ok,2026-08-07
445,8484169,Drew Fortescue,NYR,20242025,5on5,,,,,,0,missing,2026-08-07
446,8479323,Adam Fox,NYR,20242025,5on5,0.56,0.55,0.647191011235955,1278.65,74.0,1,ok,2026-08-07
447,8478882,Vladislav Gavrikov,NYR,20242025,5on5,0.55,0.57,0.36728395061728397,1549.7166666666667,82.0,1,ok,2026-08-07
448,8482861,Vincent Iorio,NYR,20242025,5on5,,,,,,0,missing,2026-08-07
449,8481525,Matthew Robertson,NYR,20242025,5on5,,,,32.95,2.0,1,thin,2026-08-07
450,8482073,Braden Schneider,NYR,20242025,5on5,0.45,0.47,0.3380952380952381,1262.7333333333333,80.0,1,ok,2026-08-07
451,8480001,Urho Vaakanainen,NYR,20242025,5on5,0.46,0.44999999999999996,0.2962962962962963,787.1166666666667,51.0,1,ok,2026-08-07
452,8478020,Michael Amadio,OTT,20242025,5on5,0.49,0.51,0.41214057507987223,918.7166666666667,72.0,1,ok,2026-08-07
453,8480208,Drake Batherson,OTT,20242025,5on5,0.5,0.5,0.5341463414634147,1129.1166666666666,82.0,1,ok,2026-08-07
454,8481578,Graeme Clarke,OTT,20242025,5on5,,,,,,0,missing,2026-08-07
455,8476393,Nick Cousins,OTT,20242025,5on5,0.52,0.51,0.48404255319148937,580.9,50.0,1,ok,2026-08-07
456,8481528,Dylan Cozens,OTT,20242025,5on5,0.48999999999999994,0.46,0.5591397849462365,1069.95,82.0,1,ok,2026-08-07
457,8474189,Lars Eller,OTT,20242025,5on5,0.52,0.52,0.4772727272727273,937.2333333333333,80.0,1,ok,2026-08-07
458,8477998,Warren Foegele,OTT,20242025,5on5,0.54,0.58,0.5582191780821918,1105.45,82.0,1,ok,2026-08-07
459,8473512,Claude Giroux,OTT,20242025,5on5,0.53,0.47,0.6183035714285714,1019.6666666666666,81.0,1,ok,2026-08-07
460,8482092,Ridly Greig,OTT,20242025,5on5,0.48,0.49,0.41644562334217505,1010.9833333333333,78.0,1,ok,2026-08-07
461,8483676,Stephen Halliday,OTT,20242025,5on5,,,,,,0,missing,2026-08-07
462,8478173,Hayden Hodgson,OTT,20242025,5on5,,,,17.15,2.0,1,thin,2026-08-07
463,8481560,Arthur Kaliyev,OTT,20242025,5on5,0.49,0.48000000000000004,0.7435897435897436,152.65,14.0,1,ok,2026-08-07
464,8477073,Kurtis MacDermid,OTT,20242025,5on5,,,,130.78333333333333,23.0,1,thin,2026-08-07
465,8481596,Shane Pinto,OTT,20242025,5on5,0.49,0.53,0.34536082474226804,948.3,70.0,1,ok,2026-08-07
466,8482116,Tim Stützle,OTT,20242025,5on5,0.55,0.54,0.7493857493857494,1248.2166666666667,82.0,1,ok,2026-08-07
467,8480801,Brady Tkachuk,OTT,20242025,5on5,0.54,0.56,0.5925925925925926,1001.55,72.0,1,ok,2026-08-07
468,8480188,Fabian Zetterlund,OTT,20242025,5on5,0.45,0.44,0.5640243902439024,1157.2,84.0,1,ok,2026-08-07
469,8478469,Thomas Chabot,OTT,20242025,5on5,0.53,0.51,0.5039164490861618,1458.2666666666667,80.0,1,ok,2026-08-07
470,8480075,Cameron Crotty,OTT,20242025,5on5,,,,5.133333333333334,1.0,1,thin,2026-08-07
471,8478502,Dennis Gilbert,OTT,20242025,5on5,0.47,0.43,0.47435897435897434,291.01666666666665,29.0,1,ok,2026-08-07
472,8475324,Nick Jensen,OTT,20242025,5on5,0.51,0.49000000000000005,0.4557377049180328,1223.5333333333333,71.0,1,ok,2026-08-07
473,8482095,Tyler Kleven,OTT,20242025,5on5,0.47000000000000003,0.44,0.5725490196078431,1101.4666666666667,79.0,1,ok,2026-08-07
474,8484321,Nikolas Matinpalo,OTT,20242025,5on5,0.48,0.45,0.5151515151515151,513.1,41.0,1,ok,2026-08-07
475,8482105,Jake Sanderson,OTT,20242025,5on5,0.51,0.53,0.39903846153846156,1362.8,80.0,1,ok,2026-08-07
476,8481606,Jordan Spence,OTT,20242025,5on5,0.57,0.59,0.4678111587982833,1149.6833333333334,79.0,1,ok,2026-08-07
477,8481575,Lassi Thomson,OTT,20242025,5on5,,,,,,0,missing,2026-08-07
478,8484759,Carter Yakemchuk,OTT,20242025,5on5,,,,,,0,missing,2026-08-07
479,8482245,Artem Zub,OTT,20242025,5on5,0.51,0.57,0.35294117647058826,954.2,56.0,1,ok,2026-08-07
480,8479022,Rodrigo Abols,PHI,20242025,5on5,0.48,0.54,0.6428571428571429,200.96666666666667,22.0,1,ok,2026-08-07
481,8484142,Denver Barkey,PHI,20242025,5on5,,,,,,0,missing,2026-08-07
482,8483731,Alex Bump,PHI,20242025,5on5,,,,,,0,missing,2026-08-07
483,8480220,Noah Cates,PHI,20242025,5on5,0.49,0.53,0.3465045592705167,1001.0333333333333,78.0,1,ok,2026-08-07
484,8476461,Sean Couturier,PHI,20242025,5on5,0.49,0.54,0.5633802816901409,1159.0333333333333,79.0,1,ok,2026-08-07
485,8477989,Christian Dvorak,PHI,20242025,5on5,0.46,0.5,0.36070381231671556,999.6166666666667,82.0,1,ok,2026-08-07
486,8482159,Tyson Foerster,PHI,20242025,5on5,0.47,0.54,0.41228070175438597,1087.1166666666666,81.0,1,ok,2026-08-07
487,8481848,Jacob Gaucher,PHI,20242025,5on5,,,,29.366666666666667,4.0,1,thin,2026-08-07
488,8476822,Luke Glendening,PHI,20242025,5on5,0.44,0.42,0.3397790055248619,686.9,77.0,1,ok,2026-08-07
489,8483733,Nikita Grebenkin,PHI,20242025,5on5,,,,58.96666666666667,7.0,1,thin,2026-08-07
490,8479336,Carl Grundstrom,PHI,20242025,5on5,0.48,0.5,0.472,524.1166666666667,56.0,1,ok,2026-08-07
491,8477903,Garnet Hathaway,PHI,20242025,5on5,0.45,0.53,0.30456852791878175,687.8333333333334,67.0,1,ok,2026-08-07
492,8478439,Travis Konecny,PHI,20242025,5on5,0.48,0.51,0.6349614395886889,1274.6166666666666,82.0,1,ok,2026-08-07
493,8484779,Jett Luchanko,PHI,20242025,5on5,,,,44.083333333333336,4.0,1,thin,2026-08-07
494,8485406,Porter Martone,PHI,20242025,5on5,,,,,,0,missing,2026-08-07
495,8484387,Matvei Michkov,PHI,20242025,5on5,0.48,0.53,0.7147435897435898,1048.1833333333334,80.0,1,ok,2026-08-07
496,8480015,Owen Tippett,PHI,20242025,5on5,0.5,0.53,0.6156351791530945,1023.7,77.0,1,ok,2026-08-07
497,8475253,Garrett Wilson,PHI,20242025,5on5,,,,,,0,missing,2026-08-07
498,8481533,Trevor Zegras,PHI,20242025,5on5,0.45999999999999996,0.44,0.5424528301886793,792.6,57.0,1,ok,2026-08-07
499,8482126,Emil Andrae,PHI,20242025,5on5,0.52,0.55,0.5669291338582677,645.4666666666667,42.0,1,ok,2026-08-07
501,8484148,Oliver Bonk,PHI,20242025,5on5,,,,,,0,missing,2026-08-07
502,8482142,Jamie Drysdale,PHI,20242025,5on5,0.46,0.52,0.5676691729323309,1184.8333333333333,70.0,1,ok,2026-08-07
503,8482169,Helge Grans,PHI,20242025,5on5,,,,82.73333333333333,6.0,1,thin,2026-08-07
504,8483460,David Jiricek,PHI,20242025,5on5,,,,139.26666666666668,12.0,1,thin,2026-08-07
505,8478454,Noah Juulsen,PHI,20242025,5on5,0.44,0.41,0.30158730158730157,473.1166666666667,35.0,1,ok,2026-08-07
506,8483760,Hunter McDonald,PHI,20242025,5on5,,,,,,0,missing,2026-08-07
507,8477499,Rasmus Ristolainen,PHI,20242025,5on5,0.49000000000000005,0.52,0.32270916334661354,1066.7833333333333,63.0,1,ok,2026-08-07
508,8477948,Travis Sanheim,PHI,20242025,5on5,0.49,0.53,0.3942307692307692,1683.5333333333333,82.0,1,ok,2026-08-07
509,8476372,Nick Seeler,PHI,20242025,5on5,0.44,0.52,0.48109965635738833,1177.4,77.0,1,ok,2026-08-07
510,8481546,Cam York,PHI,20242025,5on5,0.49000000000000005,0.54,0.37333333333333335,1194.85,66.0,1,ok,2026-08-07
511,8478569,Noel Acciari,PIT,20242025,5on5,0.44,0.45,0.1790633608815427,881.1833333333333,79.0,1,ok,2026-08-07
512,8479638,Justin Brazeau,PIT,20242025,5on5,0.4799999999999999,0.47,0.49321266968325794,802.2833333333333,76.0,1,ok,2026-08-07
513,8482475,Egor Chinakhov,PIT,20242025,5on5,0.53,0.51,0.6230769230769231,390.01666666666665,30.0,1,ok,2026-08-07
514,8471675,Sidney Crosby,PIT,20242025,5on5,0.52,0.51,0.6910755148741419,1301.3166666666666,80.0,1,ok,2026-08-07
515,8480980,Connor Dewar,PIT,20242025,5on5,0.45,0.46,0.29508196721311475,474.25,48.0,1,ok,2026-08-07
516,8480842,Filip Hallander,PIT,20242025,5on5,,,,,,0,missing,2026-08-07
517,8475763,Kevin Hayes,PIT,20242025,5on5,0.53,0.51,0.41847826086956524,619.5833333333334,64.0,1,ok,2026-08-07
518,8485414,Ben Kindel,PIT,20242025,5on5,,,,,,0,missing,2026-08-07
519,8482758,Ville Koivunen,PIT,20242025,5on5,,,,120.25,8.0,1,thin,2026-08-07
520,8481481,Blake Lizotte,PIT,20242025,5on5,0.47,0.44,0.19230769230769232,657.6,59.0,1,ok,2026-08-07
521,8471215,Evgeni Malkin,PIT,20242025,5on5,0.5,0.48,0.757201646090535,1003.7333333333333,68.0,1,ok,2026-08-07
522,8477511,Anthony Mantha,PIT,20242025,5on5,0.49000000000000005,0.52,0.6222222222222222,155.25,13.0,1,ok,2026-08-07
523,8478438,Tommy Novak,PIT,20242025,5on5,0.55,0.52,0.7083333333333334,626.3333333333334,54.0,1,ok,2026-08-07
524,8476483,Rickard Rakell,PIT,20242025,5on5,0.53,0.52,0.697841726618705,1280.5666666666666,81.0,1,ok,2026-08-07
525,8475810,Bryan Rust,PIT,20242025,5on5,0.48999999999999994,0.48,0.696236559139785,1066.8833333333334,71.0,1,ok,2026-08-07
526,8481725,Elmer Soderblom,PIT,20242025,5on5,0.49,0.51,0.5,331.3666666666667,26.0,1,ok,2026-08-07
527,8477365,Connor Clifton,PIT,20242025,5on5,0.46,0.45,0.32142857142857145,958.7666666666667,73.0,1,ok,2026-08-07
528,8479398,Samuel Girard,PIT,20242025,5on5,0.53,0.51,0.4940119760479042,1317.9666666666667,73.0,1,ok,2026-08-07
529,8477435,Ryan Graves,PIT,20242025,5on5,0.5,0.49,0.3592814371257485,810.9333333333333,61.0,1,ok,2026-08-07
530,8474578,Erik Karlsson,PIT,20242025,5on5,0.52,0.5,0.558252427184466,1580.2166666666667,82.0,1,ok,2026-08-07
531,8471724,Kris Letang,PIT,20242025,5on5,0.49,0.47,0.4807692307692308,1392.5666666666666,74.0,1,ok,2026-08-07
532,8486169,Jake Livanavage,PIT,20242025,5on5,,,,,,0,missing,2026-08-07
533,8478854,Ryan Shea,PIT,20242025,5on5,0.49,0.4799999999999999,0.35051546391752575,579.75,39.0,1,ok,2026-08-07
534,8482470,Ilya Solovyov,PIT,20242025,5on5,,,,65.01666666666667,5.0,1,thin,2026-08-07
535,8481030,Jack St. Ivany,PIT,20242025,5on5,0.46,0.44,0.4126984126984127,264.3666666666667,19.0,1,ok,2026-08-07
536,8478450,Parker Wotherspoon,PIT,20242025,5on5,0.47,0.49,0.3487179487179487,892.5333333333333,55.0,1,ok,2026-08-07
537,8484801,Macklin Celebrini,SJ,20242025,5on5,0.49,0.46,0.47761194029850745,1080.65,70.0,1,ok,2026-08-07
538,8480848,Ty Dellandrea,SJ,20242025,5on5,0.41999999999999993,0.39,0.4318181818181818,716.15,68.0,1,ok,2026-08-07
539,8482667,William Eklund,SJ,20242025,5on5,0.5,0.48000000000000004,0.4753521126760563,1129.0666666666666,77.0,1,ok,2026-08-07
540,8478874,Adam Gaudette,SJ,20242025,5on5,0.51,0.52,0.74235807860262,718.5666666666667,81.0,1,ok,2026-08-07
541,8476624,Barclay Goodrow,SJ,20242025,5on5,0.43,0.38000000000000006,0.4794520547945205,857.8833333333333,77.0,1,ok,2026-08-07
542,8484911,Collin Graf,SJ,20242025,5on5,0.44000000000000006,0.44000000000000006,0.45714285714285713,407.3,33.0,1,ok,2026-08-07
543,8480798,Philipp Kurashev,SJ,20242025,5on5,0.42999999999999994,0.41,0.5422535211267606,620.45,51.0,1,ok,2026-08-07
544,8485402,Michael Misa,SJ,20242025,5on5,,,,,,0,missing,2026-08-07
545,8482859,Zack Ostapchuk,SJ,20242025,5on5,0.45,0.44,0.591304347826087,498.6166666666667,56.0,1,ok,2026-08-07
546,8471817,Ryan Reaves,SJ,20242025,5on5,0.44,0.44,0.1509433962264151,271.1,35.0,1,ok,2026-08-07
547,8483630,Pavol Regenda,SJ,20242025,5on5,,,,,,0,missing,2026-08-07
548,8480748,Kiefer Sherwood,SJ,20242025,5on5,0.5,0.46,0.3893129770992366,957.8666666666667,78.0,1,ok,2026-08-07
549,8484227,Will Smith,SJ,20242025,5on5,0.47,0.45,0.5206611570247934,976.2333333333333,74.0,1,ok,2026-08-07
550,8475726,Tyler Toffoli,SJ,20242025,5on5,0.5,0.47,0.514018691588785,1017.75,78.0,1,ok,2026-08-07
551,8477505,Alexander Wennberg,SJ,20242025,5on5,0.47,0.44,0.46464646464646464,1045.0333333333333,77.0,1,ok,2026-08-07
552,8479576,Vincent Desharnais,SJ,20242025,5on5,0.47,0.49,0.5126582278481012,721.3666666666667,51.0,1,ok,2026-08-07
553,8484806,Sam Dickinson,SJ,20242025,5on5,,,,,,0,missing,2026-08-07
554,8479983,Mario Ferraro,SJ,20242025,5on5,0.47,0.47,0.29523809523809524,1416.0166666666667,78.0,1,ok,2026-08-07
555,8475906,John Klingberg,SJ,20242025,5on5,0.49,0.49,0.5882352941176471,181.11666666666667,11.0,1,ok,2026-08-07
556,8475181,Nick Leddy,SJ,20242025,5on5,0.48999999999999994,0.46,0.45081967213114754,545.2666666666667,31.0,1,ok,2026-08-07
557,8482166,Shakir Mukhamadullin,SJ,20242025,5on5,0.48,0.43,0.36752136752136755,477.25,30.0,1,ok,2026-08-07
558,8475200,Dmitry Orlov,SJ,20242025,5on5,0.59,0.56,0.5567010309278351,1323.1,76.0,1,ok,2026-08-07
559,8482665,Matty Beniers,SEA,20242025,5on5,0.49,0.48,0.48424068767908307,1216.9666666666667,82.0,1,ok,2026-08-07
560,8484800,Berkly Catton,SEA,20242025,5on5,,,,,,0,missing,2026-08-07
561,8474586,Jordan Eberle,SEA,20242025,5on5,0.45,0.4799999999999999,0.4536082474226804,549.7,42.0,1,ok,2026-08-07
562,8477919,Frederick Gaudreau,SEA,20242025,5on5,0.45,0.45,0.47761194029850745,1014.0666666666667,82.0,1,ok,2026-08-07
563,8481554,Kaapo Kakko,SEA,20242025,5on5,0.49000000000000005,0.48,0.5659163987138264,1070.6833333333334,79.0,1,ok,2026-08-07
564,8477955,Jared McCann,SEA,20242025,5on5,0.47000000000000003,0.47000000000000003,0.5247813411078717,995.8333333333334,82.0,1,ok,2026-08-07
565,8482259,Bobby McMann,SEA,20242025,5on5,0.48,0.47,0.5327868852459017,962.9166666666666,74.0,1,ok,2026-08-07
566,8483570,Ben Meyers,SEA,20242025,5on5,,,,66.61666666666666,8.0,1,thin,2026-08-07
567,8475768,Jaden Schwartz,SEA,20242025,5on5,0.5,0.46,0.5115606936416185,1175.7666666666667,81.0,1,ok,2026-08-07
568,8476905,Chandler Stephenson,SEA,20242025,5on5,0.45,0.38,0.48128342245989303,1087.45,78.0,1,ok,2026-08-07
569,8480009,Eeli Tolvanen,SEA,20242025,5on5,0.47,0.45,0.5734767025089605,1027.9833333333333,81.0,1,ok,2026-08-07
570,8482751,Ryan Winterton,SEA,20242025,5on5,,,,127.98333333333333,12.0,1,thin,2026-08-07
571,8483524,Shane Wright,SEA,20242025,5on5,0.47,0.46,0.5245283018867924,925.2166666666667,79.0,1,ok,2026-08-07
572,8478407,Vince Dunn,SEA,20242025,5on5,0.51,0.47,0.46204620462046203,1130.2,62.0,1,ok,2026-08-07
573,8482858,Ryker Evans,SEA,20242025,5on5,0.46,0.44999999999999996,0.4664179104477612,1261.8,73.0,1,ok,2026-08-07
574,8479985,Cale Fleury,SEA,20242025,5on5,0.51,0.6,0.5813953488372093,163.01666666666668,14.0,1,ok,2026-08-07
575,8476457,Adam Larsson,SEA,20242025,5on5,0.49,0.45999999999999996,0.44776119402985076,1457.55,82.0,1,ok,2026-08-07
576,8479324,Ryan Lindgren,SEA,20242025,5on5,0.5,0.48,0.5587392550143266,1204.05,72.0,1,ok,2026-08-07
577,8479372,Joshua Mahura,SEA,20242025,5on5,0.4699999999999999,0.46,0.5359116022099447,831.5,64.0,1,ok,2026-08-07
578,8477986,Brandon Montour,SEA,20242025,5on5,0.48,0.47,0.43304843304843305,1553.15,81.0,1,ok,2026-08-07
579,8476467,Jamie Oleksiak,SEA,20242025,5on5,0.46,0.45,0.34328358208955223,1277.6333333333334,82.0,1,ok,2026-08-07
580,8481013,Jonatan Berggren,STL,20242025,5on5,0.46,0.45,0.5372549019607843,902.3166666666667,75.0,1,ok,2026-08-07
581,8477402,Pavel Buchnevich,STL,20242025,5on5,0.49000000000000005,0.5,0.5670886075949367,1113.8833333333334,76.0,1,ok,2026-08-07
582,8477494,Jonathan Drouin,STL,20242025,5on5,0.58,0.48,0.6740331491712708,611.4,43.0,1,ok,2026-08-07
583,8484164,Dalibor Dvorsky,STL,20242025,5on5,,,,17.433333333333334,2.0,1,thin,2026-08-07
584,8482090,Jack Finley,STL,20242025,5on5,,,,8.416666666666666,1.0,1,thin,2026-08-07
585,8482077,Dylan Holloway,STL,20242025,5on5,0.52,0.54,0.5427631578947368,1105.2,77.0,1,ok,2026-08-07
586,8479385,Jordan Kyrou,STL,20242025,5on5,0.51,0.52,0.6270718232044199,1181.1166666666666,82.0,1,ok,2026-08-07
587,8482089,Jake Neighbours,STL,20242025,5on5,0.47,0.46,0.5514285714285714,1072.65,82.0,1,ok,2026-08-07
588,8483516,Jimmy Snuggerud,STL,20242025,5on5,,,,91.48333333333333,7.0,1,thin,2026-08-07
589,8476897,Oskar Sundqvist,STL,20242025,5on5,0.47000000000000003,0.52,0.38181818181818183,723.25,67.0,1,ok,2026-08-07
590,8480459,Pius Suter,STL,20242025,5on5,0.49,0.51,0.45364238410596025,1054.0166666666667,81.0,1,ok,2026-08-07
591,8480023,Robert Thomas,STL,20242025,5on5,0.5,0.53,0.5292620865139949,1063.3,70.0,1,ok,2026-08-07
592,8480281,Alexey Toropchenko,STL,20242025,5on5,0.46,0.47,0.3247863247863248,885.6166666666667,80.0,1,ok,2026-08-07
593,8477573,Nathan Walker,STL,20242025,5on5,0.47,0.46,0.3490566037735849,814.7,73.0,1,ok,2026-08-07
594,8481598,Philip Broberg,STL,20242025,5on5,0.48,0.52,0.46511627906976744,1222.6833333333334,68.0,1,ok,2026-08-07
595,8475764,Cam Fowler,STL,20242025,5on5,0.51,0.5,0.44063324538258575,1221.85,68.0,1,ok,2026-08-07
596,8475718,Justin Holl,STL,20242025,5on5,0.51,0.51,0.5873015873015873,986.2833333333333,73.0,1,ok,2026-08-07
597,8482516,Matthew Kessel,STL,20242025,5on5,0.51,0.4699999999999999,0.5061728395061729,367.23333333333335,29.0,1,ok,2026-08-07
598,8482733,Logan Mailloux,STL,20242025,5on5,,,,106.03333333333333,7.0,1,thin,2026-08-07
599,8476892,Colton Parayko,STL,20242025,5on5,0.48,0.49000000000000005,0.3788659793814433,1288.3166666666666,64.0,1,ok,2026-08-07
600,8481006,Tyler Tucker,STL,20242025,5on5,0.5,0.5,0.48936170212765956,515.4,38.0,1,ok,2026-08-07
601,8477416,Oliver Bjorkstrand,TB,20242025,5on5,0.52,0.5,0.4966216216216216,972.6666666666666,79.0,1,ok,2026-08-07
602,8478519,Anthony Cirelli,TB,20242025,5on5,0.55,0.6,0.42857142857142855,1159.3166666666666,80.0,1,ok,2026-08-07
603,8483447,Conor Geekie,TB,20242025,5on5,0.5,0.5,0.53125,598.5166666666667,52.0,1,ok,2026-08-07
604,8476878,Zemgus Girgensons,TB,20242025,5on5,0.5,0.49,0.5331010452961672,826.7833333333333,82.0,1,ok,2026-08-07
605,8482201,Gage Goncalves,TB,20242025,5on5,0.49,0.49,0.5822784810126582,730.4666666666667,60.0,1,ok,2026-08-07
606,8476826,Yanni Gourde,TB,20242025,5on5,0.53,0.53,0.4805194805194805,801.4833333333333,57.0,1,ok,2026-08-07
607,8477404,Jake Guentzel,TB,20242025,5on5,0.51,0.52,0.6534653465346535,1232.6833333333334,80.0,1,ok,2026-08-07
608,8479542,Brandon Hagel,TB,20242025,5on5,0.53,0.59,0.4589473684210526,1256.8333333333333,82.0,1,ok,2026-08-07
609,8480995,Pontus Holmberg,TB,20242025,5on5,0.47000000000000003,0.51,0.504950495049505,784.7833333333333,68.0,1,ok,2026-08-07
610,8483752,Dominic James,TB,20242025,5on5,,,,,,0,missing,2026-08-07
611,8476453,Nikita Kucherov,TB,20242025,5on5,0.52,0.54,0.6536697247706422,1286.3,78.0,1,ok,2026-08-07
612,8477426,Nick Paul,TB,20242025,5on5,0.49000000000000005,0.49000000000000005,0.46216216216216216,1086.0833333333333,76.0,1,ok,2026-08-07
613,8470621,Corey Perry,TB,20242025,5on5,0.54,0.52,0.7065637065637066,830.75,81.0,1,ok,2026-08-07
614,8478010,Brayden Point,TB,20242025,5on5,0.48999999999999994,0.5,0.6540284360189573,1169.0,77.0,1,ok,2026-08-07
615,8477149,Scott Sabourin,TB,20242025,5on5,,,,10.45,1.0,1,thin,2026-08-07
616,8483398,Declan Carlile,TB,20242025,5on5,,,,38.65,3.0,1,thin,2026-08-07
617,8478416,Erik Cernak,TB,20242025,5on5,0.4799999999999999,0.5,0.3835978835978836,1171.8333333333333,76.0,1,ok,2026-08-07
618,8481719,Max Crozier,TB,20242025,5on5,,,,83.0,5.0,1,thin,2026-08-07
619,8480426,Charle-Edouard D'Astous,TB,20242025,5on5,,,,,,0,missing,2026-08-07
620,8475167,Victor Hedman,TB,20242025,5on5,0.52,0.53,0.5969387755102041,1393.6166666666666,79.0,1,ok,2026-08-07
621,8482929,Emil Lilleberg,TB,20242025,5on5,0.49,0.48,0.539622641509434,1090.4,76.0,1,ok,2026-08-07
622,8474151,Ryan McDonagh,TB,20242025,5on5,0.49,0.53,0.3776223776223776,1394.2666666666667,82.0,1,ok,2026-08-07
623,8482655,J.J. Moser,TB,20242025,5on5,0.5,0.5,0.4484304932735426,883.5333333333333,54.0,1,ok,2026-08-07
624,8478178,Darren Raddysh,TB,20242025,5on5,0.51,0.52,0.7189542483660131,1093.8833333333334,73.0,1,ok,2026-08-07
625,8477503,Max Domi,TOR,20242025,5on5,0.47,0.47,0.620253164556962,925.5,74.0,1,ok,2026-08-07
626,8480870,Bo Groulx,TOR,20242025,5on5,,,,,,0,missing,2026-08-07
627,8485467,Luke Haymes,TOR,20242025,5on5,,,,,,0,missing,2026-08-07
628,8475714,Calle Jarnkrok,TOR,20242025,5on5,0.35,0.41,0.38333333333333336,227.06666666666666,19.0,1,ok,2026-08-07
629,8478057,Dakota Joshua,TOR,20242025,5on5,0.46,0.47,0.45081967213114754,668.4833333333333,57.0,1,ok,2026-08-07
630,8482720,Matthew Knies,TOR,20242025,5on5,0.5,0.55,0.5663716814159292,1097.5666666666666,78.0,1,ok,2026-08-07
631,8478904,Steven Lorentz,TOR,20242025,5on5,0.45999999999999996,0.48,0.1871345029239766,742.2166666666667,80.0,1,ok,2026-08-07
632,8481711,Matias Maccelli,TOR,20242025,5on5,0.55,0.52,0.5957446808510638,659.05,55.0,1,ok,2026-08-07
633,8479318,Auston Matthews,TOR,20242025,5on5,0.52,0.56,0.5838709677419355,975.65,67.0,1,ok,2026-08-07
634,8477939,William Nylander,TOR,20242025,5on5,0.48,0.51,0.584958217270195,1241.8333333333333,82.0,1,ok,2026-08-07
635,8481582,Nicholas Robertson,TOR,20242025,5on5,0.49,0.45,0.6408839779005525,745.1666666666666,69.0,1,ok,2026-08-07
636,8475166,John Tavares,TOR,20242025,5on5,0.46,0.5,0.5,1077.1,75.0,1,ok,2026-08-07
638,8481122,Simon Benoit,TOR,20242025,5on5,0.43,0.42,0.29017857142857145,1110.95,78.0,1,ok,2026-08-07
639,8478443,Brandon Carlo,TOR,20242025,5on5,0.45,0.48000000000000004,0.2961783439490446,1323.2666666666667,83.0,1,ok,2026-08-07
640,8475171,Oliver Ekman-Larsson,TOR,20242025,5on5,0.49,0.5,0.5484633569739953,1370.2166666666667,77.0,1,ok,2026-08-07
641,8476931,Jake McCabe,TOR,20242025,5on5,0.49000000000000005,0.53,0.34579439252336447,1173.8666666666666,66.0,1,ok,2026-08-07
642,8479026,Philippe Myers,TOR,20242025,5on5,0.48999999999999994,0.46,0.5038167938931297,542.5666666666667,36.0,1,ok,2026-08-07
643,8476853,Morgan Rielly,TOR,20242025,5on5,0.48,0.51,0.6498855835240275,1510.0333333333333,82.0,1,ok,2026-08-07
644,8479442,Troy Stecher,TOR,20242025,5on5,0.48,0.48,0.494949494949495,862.55,66.0,1,ok,2026-08-07
645,8475690,Chris Tanev,TOR,20242025,5on5,0.48,0.53,0.2682291666666667,1232.2333333333333,75.0,1,ok,2026-08-07
646,8475461,Andrew Agozzino,UTA,20242025,5on5,,,,,,0,missing,2026-08-07
647,8484388,Daniil But,UTA,20242025,5on5,,,,,,0,missing,2026-08-07
648,8479619,Michael Carcone,UTA,20242025,5on5,0.54,0.53,0.5445026178010471,561.0166666666667,53.0,1,ok,2026-08-07
649,8483431,Logan Cooley,UTA,20242025,5on5,0.5,0.48,0.6480263157894737,1025.8666666666666,75.0,1,ok,2026-08-07
650,8478474,Lawson Crouse,UTA,20242025,5on5,0.53,0.56,0.4908424908424908,948.3666666666667,81.0,1,ok,2026-08-07
651,8482699,Dylan Guenther,UTA,20242025,5on5,0.53,0.49,0.7153846153846154,898.5833333333334,70.0,1,ok,2026-08-07
652,8480849,Barrett Hayton,UTA,20242025,5on5,0.58,0.57,0.5555555555555556,1045.5666666666666,82.0,1,ok,2026-08-07
653,8479343,Clayton Keller,UTA,20242025,5on5,0.54,0.53,0.6361386138613861,1201.2333333333333,81.0,1,ok,2026-08-07
654,8477021,Alexander Kerfoot,UTA,20242025,5on5,0.54,0.54,0.5,971.5833333333334,81.0,1,ok,2026-08-07
655,8480855,Jack McBain,UTA,20242025,5on5,0.51,0.53,0.5096153846153846,951.45,82.0,1,ok,2026-08-07
656,8481827,Ben McCartney,UTA,20242025,5on5,,,,,,0,missing,2026-08-07
657,8477070,Liam O'Brien,UTA,20242025,5on5,0.49,0.49,0.5681818181818182,259.9,28.0,1,ok,2026-08-07
658,8482175,JJ Peterka,UTA,20242025,5on5,0.49,0.45,0.6181818181818182,1088.1833333333334,77.0,1,ok,2026-08-07
659,8479291,Kevin Rooney,UTA,20242025,5on5,0.47,0.45,0.39622641509433965,517.9333333333333,70.0,1,ok,2026-08-07
660,8477951,Nick Schmaltz,UTA,20242025,5on5,0.54,0.54,0.6288659793814433,1162.9,82.0,1,ok,2026-08-07
661,8478831,Kevin Stenlund,UTA,20242025,5on5,0.49000000000000005,0.5,0.3690205011389522,930.7666666666667,82.0,1,ok,2026-08-07
662,8479293,Brandon Tanev,UTA,20242025,5on5,0.45,0.49,0.4846153846153846,863.9333333333333,79.0,1,ok,2026-08-07
663,8479977,Kailer Yamamoto,UTA,20242025,5on5,,,,134.06666666666666,12.0,1,thin,2026-08-07
664,8474013,Ian Cole,UTA,20242025,5on5,0.52,0.52,0.480225988700565,1376.9166666666667,82.0,1,ok,2026-08-07
665,8480084,Nick DeSimone,UTA,20242025,5on5,0.52,0.57,0.5802469135802469,299.81666666666666,20.0,1,ok,2026-08-07
666,8480434,Sean Durzi,UTA,20242025,5on5,0.54,0.56,0.5664335664335665,526.7166666666667,30.0,1,ok,2026-08-07
667,8483472,Maveric Lamoureux,UTA,20242025,5on5,0.58,0.56,0.4925373134328358,228.41666666666666,15.0,1,ok,2026-08-07
668,8478507,John Marino,UTA,20242025,5on5,0.54,0.52,0.43783783783783786,636.2833333333333,35.0,1,ok,2026-08-07
669,8481059,Scott Perunovich,UTA,20242025,5on5,0.51,0.51,0.6774193548387096,506.1666666666667,35.0,1,ok,2026-08-07
670,8477220,Nate Schmidt,UTA,20242025,5on5,0.57,0.58,0.5668789808917197,1143.1666666666667,80.0,1,ok,2026-08-07
671,8479410,Mikhail Sergachev,UTA,20242025,5on5,0.54,0.53,0.4613733905579399,1379.7166666666667,77.0,1,ok,2026-08-07
672,8484386,Dmitri Simashev,UTA,20242025,5on5,,,,,,0,missing,2026-08-07
673,8483763,Maksymilian Szuber,UTA,20242025,5on5,,,,,,0,missing,2026-08-07
674,8477346,MacKenzie Weegar,UTA,20242025,5on5,0.55,0.51,0.4216101694915254,1509.3666666666666,81.0,1,ok,2026-08-07
675,8482496,Nils Aman,VAN,20242025,5on5,0.4799999999999999,0.45,0.5476190476190477,193.4,19.0,1,ok,2026-08-07
676,8476927,Teddy Blueger,VAN,20242025,5on5,0.48,0.4600000000000001,0.44534412955465585,971.5833333333334,82.0,1,ok,2026-08-07
677,8478444,Brock Boeser,VAN,20242025,5on5,0.48,0.47,0.5804597701149425,1064.2833333333333,75.0,1,ok,2026-08-07
678,8480078,Filip Chytil,VAN,20242025,5on5,0.51,0.53,0.6858638743455497,727.1333333333333,56.0,1,ok,2026-08-07
679,8478498,Jake DeBrusk,VAN,20242025,5on5,0.4699999999999999,0.49,0.5437158469945356,1091.4,82.0,1,ok,2026-08-07
680,8480876,Curtis Douglas,VAN,20242025,5on5,,,,,,0,missing,2026-08-07
681,8481535,Nils Hoglander,VAN,20242025,5on5,0.5,0.54,0.6317991631799164,818.85,72.0,1,ok,2026-08-07
682,8475169,Evander Kane,VAN,20242025,5on5,,,,,,0,missing,2026-08-07
683,8481024,Linus Karlsson,VAN,20242025,5on5,0.5,0.52,0.5777777777777777,229.78333333333333,23.0,1,ok,2026-08-07
684,8482055,Drew O'Connor,VAN,20242025,5on5,0.52,0.49,0.5037037037037037,1055.5166666666667,84.0,1,ok,2026-08-07
685,8483499,Liam Ohgren,VAN,20242025,5on5,0.43,0.39,0.5,238.4,24.0,1,ok,2026-08-07
686,8480012,Elias Pettersson,VAN,20242025,5on5,0.49,0.49,0.5178571428571429,893.8833333333333,64.0,1,ok,2026-08-07
687,8482691,Aatu Räty,VAN,20242025,5on5,0.51,0.45,0.5511811023622047,340.21666666666664,33.0,1,ok,2026-08-07
688,8482079,Marco Rossi,VAN,20242025,5on5,0.5,0.53,0.569078947368421,1242.7666666666667,82.0,1,ok,2026-08-07
689,8484136,Max Sasson,VAN,20242025,5on5,0.45,0.49,0.6029411764705882,294.55,29.0,1,ok,2026-08-07
690,8484798,Zeev Buium,VAN,20242025,5on5,,,,,,0,missing,2026-08-07
691,8475762,Derek Forbort,VAN,20242025,5on5,0.47,0.43000000000000005,0.31862745098039214,784.8,54.0,1,ok,2026-08-07
692,8479425,Filip Hronek,VAN,20242025,5on5,0.53,0.52,0.5160349854227405,1153.85,61.0,1,ok,2026-08-07
693,8480058,Pierre-Olivier Joseph,VAN,20242025,5on5,0.51,0.48000000000000004,0.42748091603053434,652.8,47.0,1,ok,2026-08-07
694,8483768,Victor Mancini,VAN,20242025,5on5,0.4,0.4,0.5842696629213483,456.9166666666667,31.0,1,ok,2026-08-07
695,8483678,Elias Pettersson,VAN,20242025,5on5,0.51,0.51,0.6756756756756757,348.95,28.0,1,ok,2026-08-07
696,8477969,Marcus Pettersson,VAN,20242025,5on5,0.5,0.54,0.37222222222222223,1434.4166666666667,78.0,1,ok,2026-08-07
697,8484240,Tom Willander,VAN,20242025,5on5,,,,,,0,missing,2026-08-07
698,8477964,Ivan Barbashev,VEG,20242025,5on5,0.5,0.53,0.5811688311688312,1075.3833333333334,70.0,1,ok,2026-08-07
699,8483890,Braeden Bowman,VEG,20242025,5on5,,,,,,0,missing,2026-08-07
700,8481604,Pavel Dorofeyev,VEG,20242025,5on5,0.54,0.56,0.5971830985915493,1135.6666666666667,82.0,1,ok,2026-08-07
701,8475343,Nic Dowd,VEG,20242025,5on5,0.49,0.53,0.12044817927170869,998.1,82.0,1,ok,2026-08-07
702,8478403,Jack Eichel,VEG,20242025,5on5,0.51,0.53,0.5933147632311978,1168.8666666666666,77.0,1,ok,2026-08-07
703,8476881,Tomas Hertl,VEG,20242025,5on5,0.54,0.55,0.5961538461538461,993.8333333333334,73.0,1,ok,2026-08-07
704,8482125,Alexander Holtz,VEG,20242025,5on5,0.48000000000000004,0.47,0.6287878787878788,581.0666666666667,53.0,1,ok,2026-08-07
705,8479353,Brett Howden,VEG,20242025,5on5,0.5,0.51,0.525,1066.7166666666667,80.0,1,ok,2026-08-07
706,8476448,William Karlsson,VEG,20242025,5on5,0.56,0.56,0.5176991150442478,721.7166666666667,53.0,1,ok,2026-08-07
707,8478434,Keegan Kolesar,VEG,20242025,5on5,0.51,0.52,0.476038338658147,1033.4666666666667,82.0,1,ok,2026-08-07
708,8479550,Tanner Laczynski,VEG,20242025,5on5,,,,66.88333333333334,8.0,1,thin,2026-08-07
709,8481534,Raphael Lavoie,VEG,20242025,5on5,,,,84.73333333333333,9.0,1,thin,2026-08-07
710,8478483,Mitch Marner,VEG,20242025,5on5,0.5,0.54,0.5392156862745098,1206.8,81.0,1,ok,2026-08-07
711,8480007,Jonas Rondbjerg,VEG,20242025,5on5,,,,120.06666666666666,13.0,1,thin,2026-08-07
712,8476438,Brandon Saad,VEG,20242025,5on5,0.51,0.54,0.5454545454545454,947.3666666666667,72.0,1,ok,2026-08-07
713,8476925,Colton Sissons,VEG,20242025,5on5,0.48,0.5,0.34962406015037595,830.1833333333333,72.0,1,ok,2026-08-07
714,8482062,Cole Smith,VEG,20242025,5on5,0.48,0.48,0.19339622641509435,785.0666666666667,71.0,1,ok,2026-08-07
715,8475191,Reilly Smith,VEG,20242025,5on5,0.5,0.53,0.4918032786885246,988.3333333333334,79.0,1,ok,2026-08-07
716,8475913,Mark Stone,VEG,20242025,5on5,0.52,0.55,0.6204620462046204,962.0666666666667,66.0,1,ok,2026-08-07
717,8485251,Kai Uchacz,VEG,20242025,5on5,,,,,,0,missing,2026-08-07
718,8478397,Rasmus Andersson,VEG,20242025,5on5,0.5,0.4799999999999999,0.4342105263157895,1496.95,81.0,1,ok,2026-08-07
719,8479639,Dylan Coghlan,VEG,20242025,5on5,,,,86.13333333333334,6.0,1,thin,2026-08-07
720,8479602,Jeremy Davies,VEG,20242025,5on5,,,,,,0,missing,2026-08-07
721,8478396,Noah Hanifin,VEG,20242025,5on5,0.53,0.55,0.5175,1501.05,80.0,1,ok,2026-08-07
722,8477018,Ben Hutton,VEG,20242025,5on5,,,,143.4,11.0,1,thin,2026-08-07
723,8481527,Kaedan Korczak,VEG,20242025,5on5,0.48999999999999994,0.56,0.543046357615894,589.3,40.0,1,ok,2026-08-07
724,8478468,Jeremy Lauzon,VEG,20242025,5on5,0.5,0.5,0.37894736842105264,415.68333333333334,28.0,1,ok,2026-08-07
725,8475188,Brayden McNabb,VEG,20242025,5on5,0.52,0.54,0.513126491646778,1442.45,82.0,1,ok,2026-08-07
726,8477034,Jaycob Megna,VEG,20242025,5on5,,,,112.06666666666666,8.0,1,thin,2026-08-07
727,8477447,Shea Theodore,VEG,20242025,5on5,0.52,0.52,0.550251256281407,1243.4333333333334,67.0,1,ok,2026-08-07
728,8478463,Anthony Beauvillier,WAS,20242025,5on5,0.52,0.52,0.5136054421768708,994.1833333333333,81.0,1,ok,2026-08-07
729,8479400,Pierre-Luc Dubois,WAS,20242025,5on5,0.52,0.56,0.47619047619047616,1169.0166666666667,82.0,1,ok,2026-08-07
730,8479520,Brandon Duhaime,WAS,20242025,5on5,0.49000000000000005,0.51,0.12121212121212122,893.1833333333333,82.0,1,ok,2026-08-07
731,8483573,Ethen Frank,WAS,20242025,5on5,0.52,0.56,0.589041095890411,244.86666666666667,24.0,1,ok,2026-08-07
732,8480144,David Kampf,WAS,20242025,5on5,0.45999999999999996,0.43999999999999995,0.20422535211267606,595.9,59.0,1,ok,2026-08-07
733,8482148,Hendrix Lapierre,WAS,20242025,5on5,0.5,0.43,0.875,244.45,27.0,1,ok,2026-08-07
734,8484186,Ryan Leonard,WAS,20242025,5on5,,,,120.78333333333333,9.0,1,thin,2026-08-07
735,8481580,Connor McMichael,WAS,20242025,5on5,0.5,0.54,0.5492227979274611,1130.55,82.0,1,ok,2026-08-07
736,8483491,Ivan Miroshnichenko,WAS,20242025,5on5,0.5,0.51,0.2708333333333333,151.15,18.0,1,ok,2026-08-07
737,8471214,Alex Ovechkin,WAS,20242025,5on5,0.49,0.45,0.9132075471698113,839.0666666666667,65.0,1,ok,2026-08-07
738,8481656,Aliaksei Protas,WAS,20242025,5on5,0.53,0.51,0.6451612903225806,1072.5166666666667,76.0,1,ok,2026-08-07
739,8484999,Ilya Protas,WAS,20242025,5on5,,,,,,0,missing,2026-08-07
740,8482088,Justin Sourdif,WAS,20242025,5on5,,,,9.45,1.0,1,thin,2026-08-07
741,8478440,Dylan Strome,WAS,20242025,5on5,0.48999999999999994,0.47,0.8708791208791209,1121.7333333333333,82.0,1,ok,2026-08-07
742,8476880,Tom Wilson,WAS,20242025,5on5,0.5,0.53,0.5645569620253165,1101.6666666666667,81.0,1,ok,2026-08-07
743,8480990,Declan Chisholm,WAS,20242025,5on5,0.51,0.53,0.4039408866995074,1032.85,66.0,1,ok,2026-08-07
744,8479345,Jakob Chychrun,WAS,20242025,5on5,0.52,0.48999999999999994,0.6119402985074627,1325.4166666666667,74.0,1,ok,2026-08-07
745,8480796,Martin Fehérváry,WAS,20242025,5on5,0.51,0.52,0.3147410358565737,1253.1,81.0,1,ok,2026-08-07
746,8484873,Cole Hutson,WAS,20242025,5on5,,,,,,0,missing,2026-08-07
747,8480043,Timothy Liljegren,WAS,20242025,5on5,0.47000000000000003,0.49,0.37407407407407406,1137.85,68.0,1,ok,2026-08-07
748,8475795,Dylan McIlrath,WAS,20242025,5on5,0.42,0.48,0.5476190476190477,193.9,17.0,1,ok,2026-08-07
749,8478911,Matt Roy,WAS,20242025,5on5,0.49,0.5,0.3081081081081081,1198.0,69.0,1,ok,2026-08-07
750,8480873,Rasmus Sandin,WAS,20242025,5on5,0.5,0.54,0.37748344370860926,1410.0166666666667,82.0,1,ok,2026-08-07
751,8477845,Trevor van Riemsdyk,WAS,20242025,5on5,0.49,0.51,0.44565217391304346,1293.8833333333334,82.0,1,ok,2026-08-07
752,8480289,Morgan Barron,WPG,20242025,5on5,0.51,0.54,0.32105263157894737,670.0333333333333,74.0,1,ok,2026-08-07
753,8482787,Nikita Chibrikov,WPG,20242025,5on5,,,,42.15,4.0,1,thin,2026-08-07
754,8478398,Kyle Connor,WPG,20242025,5on5,0.4799999999999999,0.52,0.6616915422885572,1304.8166666666666,82.0,1,ok,2026-08-07
755,8480113,Alex Iafallo,WPG,20242025,5on5,0.52,0.56,0.4372623574144487,818.65,82.0,1,ok,2026-08-07
756,8481043,Cole Koepke,WPG,20242025,5on5,0.45,0.49,0.3073394495412844,756.8666666666667,73.0,1,ok,2026-08-07
757,8476392,Adam Lowry,WPG,20242025,5on5,0.52,0.55,0.3039772727272727,942.05,73.0,1,ok,2026-08-07
758,8476480,Vladislav Namestnikov,WPG,20242025,5on5,0.52,0.52,0.7347560975609756,993.5333333333333,78.0,1,ok,2026-08-07
759,8475799,Nino Niederreiter,WPG,20242025,5on5,0.5,0.51,0.3488372093023256,1089.95,82.0,1,ok,2026-08-07
760,8474679,Gustav Nyquist,WPG,20242025,5on5,0.52,0.51,0.5509554140127388,1024.4,79.0,1,ok,2026-08-07
761,8482149,Cole Perfetti,WPG,20242025,5on5,0.53,0.53,0.7752442996742671,1078.5,82.0,1,ok,2026-08-07
762,8482765,Isak Rosen,WPG,20242025,5on5,,,,74.4,8.0,1,thin,2026-08-07
763,8476460,Mark Scheifele,WPG,20242025,5on5,0.47000000000000003,0.52,0.6568364611260054,1364.7666666666667,82.0,1,ok,2026-08-07
764,8473604,Jonathan Toews,WPG,20242025,5on5,,,,,,0,missing,2026-08-07
765,8480014,Gabriel Vilardi,WPG,20242025,5on5,0.48,0.52,0.707395498392283,1054.7166666666667,71.0,1,ok,2026-08-07
766,8480196,Jacob Bryson,WPG,20242025,5on5,0.46,0.43,0.3710691823899371,632.1833333333333,48.0,1,ok,2026-08-07
767,8476331,Dylan DeMelo,WPG,20242025,5on5,0.5,0.54,0.5523012552301255,1538.6166666666666,82.0,1,ok,2026-08-07
768,8477938,Haydn Fleury,WPG,20242025,5on5,0.47000000000000003,0.46,0.34782608695652173,553.45,39.0,1,ok,2026-08-07
769,8481572,Ville Heinola,WPG,20242025,5on5,0.48,0.5,0.36585365853658536,248.16666666666666,18.0,1,ok,2026-08-07
770,8476525,Colin Miller,WPG,20242025,5on5,0.51,0.55,0.4697986577181208,820.8,60.0,1,ok,2026-08-07
771,8477504,Josh Morrissey,WPG,20242025,5on5,0.51,0.56,0.6075156576200418,1587.5166666666667,80.0,1,ok,2026-08-07
772,8480145,Neal Pionk,WPG,20242025,5on5,0.51,0.51,0.3943217665615142,1253.1666666666667,69.0,1,ok,2026-08-07
773,8483510,Elias Salomonsson,WPG,20242025,5on5,,,,,,0,missing,2026-08-07
774,8480049,Dylan Samberg,WPG,20242025,5on5,0.52,0.54,0.3188976377952756,1085.8333333333333,60.0,1,ok,2026-08-07
775,8480008,Adam Ruzicka,UTA,20242025,5on5,,,,,,0,missing,2026-08-07
776,8480851,Akil Thomas,LA,20242025,5on5,0.48,0.5,0.4909090909090909,243.33333333333334,25.0,1,ok,2026-08-07
777,8474166,Alec Martinez,CHI,20242025,5on5,0.41,0.42000000000000004,0.4444444444444444,725.7666666666667,44.0,1,ok,2026-08-07
778,8480831,Alec Regula,EDM,20242025,5on5,,,,,,0,missing,2026-08-07
779,8479718,Alex Barr-Boulet,TB,20242025,5on5,,,,13.3,2.0,1,thin,2026-08-07
780,8471274,Alex Goligoski,MIN,20242025,5on5,,,,,,0,missing,2026-08-07
781,8474565,Alex Pietrangelo,VEG,20242025,5on5,0.51,0.53,0.5076530612244898,1311.8166666666666,71.0,1,ok,2026-08-07
782,8480823,Alexander Alexeyev,WAS,20242025,5on5,,,,123.71666666666667,8.0,1,thin,2026-08-07
783,8482222,Alexander Barabanov,SJ,20242025,5on5,,,,,,0,missing,2026-08-07
784,8479423,Alexander Nylander,CBJ,20242025,5on5,,,,41.11666666666667,5.0,1,thin,2026-08-07
785,8476960,Andreas Athanasiou,CHI,20242025,5on5,,,,78.63333333333334,8.0,1,thin,2026-08-07
786,8477971,Andreas Englund,NAS,20242025,5on5,0.47,0.47,0.3146067415730337,440.51666666666665,35.0,1,ok,2026-08-07
787,8471699,Andrew Cogliano,COL,20242025,5on5,,,,,,0,missing,2026-08-07
788,8483395,Arshdeep Bains,VAN,20242025,5on5,,,,126.11666666666666,13.0,1,thin,2026-08-07
789,8478512,Austin Czarnik,DET,20242025,5on5,,,,,,0,missing,2026-08-07
790,8475766,Austin Watson,TB,20242025,5on5,,,,100.13333333333334,13.0,1,thin,2026-08-07
791,8479536,Axel Jonsson-Fjallby,WPG,20242025,5on5,,,,,,0,missing,2026-08-07
792,8484223,Axel Sandin-Pellikka,DET,20242025,5on5,,,,,,0,missing,2026-08-07
793,8471218,Blake Wheeler,NYR,20242025,5on5,,,,,,0,missing,2026-08-07
794,8479383,Boris Katchouk,OTT,20242025,5on5,,,,,,0,missing,2026-08-07
795,8483471,Brad Lambert,WPG,20242025,5on5,,,,50.43333333333333,5.0,1,thin,2026-08-07
796,8476867,Brendan Gaunce,CBJ,20242025,5on5,,,,110.61666666666666,12.0,1,thin,2026-08-07
797,8477962,Brendan Lemieux,CAR,20242025,5on5,,,,,,0,missing,2026-08-07
798,8482747,Brennan Othmann,NYR,20242025,5on5,0.52,0.5,0.8333333333333334,214.5,22.0,1,ok,2026-08-07
799,8482132,Brett Berard,NYR,20242025,5on5,0.46,0.45,0.5849056603773585,370.1333333333333,35.0,1,ok,2026-08-07
800,8481517,Brett Leason,ANA,20242025,5on5,0.41,0.41,0.3378995433789954,651.0333333333333,62.0,1,ok,2026-08-07
801,8476934,Brock McGinn,ANA,20242025,5on5,0.41,0.45,0.42574257425742573,258.35,26.0,1,ok,2026-08-07
802,8473504,Cal Clutterbuck,NYI,20242025,5on5,,,,,,0,missing,2026-08-07
803,8478452,Caleb Jones,COL,20242025,5on5,,,,68.96666666666667,6.0,1,thin,2026-08-07
804,8480884,Calen Addison,SJ,20242025,5on5,,,,,,0,missing,2026-08-07
805,8484221,Calum Ritchie,NYI,20242025,5on5,,,,75.36666666666666,7.0,1,thin,2026-08-07
806,8475177,Calvin de Haan,NYR,20242025,5on5,0.52,0.52,0.3113207547169811,648.9833333333333,47.0,1,ok,2026-08-07
807,8474715,Cam Atkinson,TB,20242025,5on5,0.44,0.39,0.6708860759493671,321.23333333333335,39.0,1,ok,2026-08-07
808,8477244,Chad Ruhwedel,NYR,20242025,5on5,,,,59.016666666666666,5.0,1,thin,2026-08-07
809,8476919,Chris Tierney,NJ,20242025,5on5,,,,,,0,missing,2026-08-07
810,8475780,Chris Wagner,COL,20242025,5on5,0.48,0.44,0.3333333333333333,182.6,28.0,1,ok,2026-08-07
811,8478432,Christian Fischer,CBJ,20242025,5on5,0.43,0.39,0.45,474.93333333333334,46.0,1,ok,2026-08-07
812,8480252,Cole Guttman,CHI,20242025,5on5,,,,,,0,missing,2026-08-07
813,8478400,Colin White,MON,20242025,5on5,,,,20.283333333333335,3.0,1,thin,2026-08-07
814,8478841,Colton White,NJ,20242025,5on5,,,,,,0,missing,2026-08-07
815,8475225,Craig Smith,DET,20242025,5on5,0.44,0.42,0.535483870967742,615.1,59.0,1,ok,2026-08-07
816,8477541,Dakota Mermis,MIN,20242025,5on5,,,,59.61666666666667,4.0,1,thin,2026-08-07
817,8478466,Daniel Sprong,NJ,20242025,5on5,0.51,0.46,0.6461538461538462,307.23333333333335,30.0,1,ok,2026-08-07
818,8482624,Daniil Miromanov,CGY,20242025,5on5,0.52,0.44,0.43555555555555553,730.8166666666667,44.0,1,ok,2026-08-07
819,8481019,David Gustafsson,WPG,20242025,5on5,0.52,0.61,0.27586206896551724,313.8666666666667,36.0,1,ok,2026-08-07
820,8475233,David Savard,MON,20242025,5on5,0.41999999999999993,0.43,0.41116751269035534,977.95,75.0,1,ok,2026-08-07
821,8485493,David Tomasek,EDM,20242025,5on5,,,,,,0,missing,2026-08-07
822,8478585,Derek Ryan,EDM,20242025,5on5,0.51,0.44,0.45,320.6333333333333,36.0,1,ok,2026-08-07
823,8476913,Devin Shore,MIN,20242025,5on5,0.41,0.41,0.4727272727272727,463.7,55.0,1,ok,2026-08-07
824,8479346,Dillon Dube,CGY,20242025,5on5,,,,,,0,missing,2026-08-07
825,8477330,Dominik Kubalik,OTT,20242025,5on5,,,,,,0,missing,2026-08-07
826,8478211,Dryden Hunt,CGY,20242025,5on5,,,,57.53333333333333,5.0,1,thin,2026-08-07
827,8484158,Easton Cowan,TOR,20242025,5on5,,,,,,0,missing,2026-08-07
828,8480205,Emil Bemstrom,PIT,20242025,5on5,,,,112.5,14.0,1,thin,2026-08-07
829,8480073,Erik Brannstrom,VAN,20242025,5on5,0.49000000000000005,0.47,0.7051282051282052,374.55,28.0,1,ok,2026-08-07
830,8476979,Erik Gustafsson,DET,20242025,5on5,0.52,0.49,0.6299559471365639,865.35,60.0,1,ok,2026-08-07
831,8473446,Erik Johnson,COL,20242025,5on5,0.5,0.53,0.4117647058823529,457.51666666666665,36.0,1,ok,2026-08-07
832,8478451,Ethan Bear,WAS,20242025,5on5,,,,,,0,missing,2026-08-07
833,8475744,Evgeny Kuznetsov,CAR,20242025,5on5,,,,,,0,missing,2026-08-07
834,8480821,Filip Zadina,SJ,20242025,5on5,,,,,,0,missing,2026-08-07
835,8478028,Fredrik Olofsson,COL,20242025,5on5,,,,,,0,missing,2026-08-07
836,8484149,Gavin Brindley,COL,20242025,5on5,,,,,,0,missing,2026-08-07
837,8479379,Givani Smith,SJ,20242025,5on5,,,,81.68333333333334,13.0,1,thin,2026-08-07
838,8480184,Gustav Lindstrom,ANA,20242025,5on5,,,,,,0,missing,2026-08-07
839,8481567,Henry Thrun,SJ,20242025,5on5,0.42,0.38,0.4474885844748858,950.7,60.0,1,ok,2026-08-07
840,8477392,Hudson Fasching,NYI,20242025,5on5,0.54,0.55,0.47413793103448276,465.05,43.0,1,ok,2026-08-07
841,8484994,Igor Chernyshov,SJ,20242025,5on5,,,,,,0,missing,2026-08-07
842,8483455,Isaac Howard,EDM,20242025,5on5,,,,,,0,missing,2026-08-07
843,8482192,Isaak Phillips,CHI,20242025,5on5,,,,34.6,3.0,1,thin,2026-08-07
844,8483448,Isaiah George,NYI,20242025,5on5,0.46,0.48,0.5391304347826087,502.6,33.0,1,ok,2026-08-07
845,8483930,Ivan Ivan,COL,20242025,5on5,0.52,0.52,0.38095238095238093,349.18333333333334,40.0,1,ok,2026-08-07
846,8471677,Jack Johnson,CBJ,20242025,5on5,0.45,0.42,0.46987951807228917,458.8,41.0,1,ok,2026-08-07
847,8480021,Jack Studnicka,SJ,20242025,5on5,,,,,,0,missing,2026-08-07
848,8482144,Jack Thompson,SJ,20242025,5on5,0.4600000000000001,0.48,0.5196078431372549,430.1,31.0,1,ok,2026-08-07
849,8481422,Jacob Lucchini,MIN,20242025,5on5,,,,28.4,3.0,1,thin,2026-08-07
850,8479439,Jacob MacDonald,SJ,20242025,5on5,,,,,,0,missing,2026-08-07
851,8482874,Jacob Melanson,SEA,20242025,5on5,,,,9.883333333333333,1.0,1,thin,2026-08-07
852,8484901,Jacob Quillan,TOR,20242025,5on5,,,,4.866666666666666,1.0,1,thin,2026-08-07
853,8481592,Jakob Pelletier,PHI,20242025,5on5,0.51,0.54,0.5511811023622047,517.95,49.0,1,ok,2026-08-07
854,8475164,Jakob Silfverberg,ANA,20242025,5on5,,,,,,0,missing,2026-08-07
855,8480880,Jakub Lauko,BOS,20242025,5on5,0.4,0.38,0.3419354838709677,545.2833333333333,56.0,1,ok,2026-08-07
856,8477944,Jakub Vrana,NAS,20242025,5on5,0.44999999999999996,0.38000000000000006,0.8023255813953488,373.5833333333333,39.0,1,ok,2026-08-07
857,8480468,James Hamblin,EDM,20242025,5on5,,,,,,0,missing,2026-08-07
858,8480172,Jan Rutta,SJ,20242025,5on5,0.45,0.4,0.3968253968253968,823.1166666666667,54.0,1,ok,2026-08-07
859,8475825,Jani Hakanp,DAL,20242025,5on5,,,,26.066666666666666,2.0,1,thin,2026-08-07
860,8483497,Jani Nyman,SEA,20242025,5on5,,,,138.05,12.0,1,thin,2026-08-07
861,8479994,Jaret Anderson-Dolan,NAS,20242025,5on5,,,,68.8,7.0,1,thin,2026-08-07
862,8475797,Jarred Tinordi,CHI,20242025,5on5,,,,,,0,missing,2026-08-07
863,8470604,Jeff Carter,PIT,20242025,5on5,,,,,,0,missing,2026-08-07
864,8475784,Jeff Skinner,SJ,20242025,5on5,0.52,0.52,0.6195121951219512,832.5166666666667,72.0,1,ok,2026-08-07
865,8475855,Jesper Fast,CAR,20242025,5on5,,,,,,0,missing,2026-08-07
866,8479344,Jesse Puljujarvi,FLA,20242025,5on5,0.52,0.49000000000000005,0.4868421052631579,336.01666666666665,31.0,1,ok,2026-08-07
867,8481058,Jesse Ylnen,MON,20242025,5on5,,,,,,0,missing,2026-08-07
868,8476918,Jimmy Vesey,COL,20242025,5on5,0.5,0.46,0.265625,443.18333333333334,43.0,1,ok,2026-08-07
869,8484314,Jiri Smejkal,OTT,20242025,5on5,,,,,,0,missing,2026-08-07
870,8470794,Joe Pavelski,DAL,20242025,5on5,,,,,,0,missing,2026-08-07
871,8482911,Joel Nystrom,CAR,20242025,5on5,,,,,,0,missing,2026-08-07
872,8479315,Joey Anderson,CHI,20242025,5on5,0.42999999999999994,0.42,0.3829787234042553,190.68333333333334,18.0,1,ok,2026-08-07
873,8477401,John Hayden,SEA,20242025,5on5,0.5,0.57,0.7272727272727273,166.38333333333333,20.0,1,ok,2026-08-07
874,8481206,John Ludvig,PIT,20242025,5on5,,,,101.21666666666667,8.0,1,thin,2026-08-07
875,8476346,Johnny Gaudreau,CBJ,20242025,5on5,,,,,,0,missing,2026-08-07
876,8475750,Jon Merrill,MIN,20242025,5on5,0.45,0.45,0.4,913.5166666666667,70.0,1,ok,2026-08-07
877,8483476,Jonathan Lekkerimki,VAN,20242025,5on5,0.52,0.51,0.704225352112676,248.43333333333334,24.0,1,ok,2026-08-07
878,8477851,Jordan Oesterle,NAS,20242025,5on5,0.5,0.49,0.44360902255639095,594.8166666666667,37.0,1,ok,2026-08-07
879,8477384,Josh Brown,UTA,20242025,5on5,,,,109.96666666666667,10.0,1,thin,2026-08-07
880,8482749,Joshua Roy,MON,20242025,5on5,,,,130.36666666666667,12.0,1,thin,2026-08-07
881,8477996,Juho Lammikko,NJ,20242025,5on5,,,,,,0,missing,2026-08-07
882,8479328,Julien Gauthier,NYI,20242025,5on5,,,,7.7,1.0,1,thin,2026-08-07
883,8477473,Justin Bailey,SJ,20242025,5on5,,,,,,0,missing,2026-08-07
884,8475413,Justin Dowling,NJ,20242025,5on5,0.47,0.47,0.6568627450980392,520.7333333333333,52.0,1,ok,2026-08-07
885,8477993,Justin Kirkland,CGY,20242025,5on5,0.41,0.42,0.24561403508771928,179.63333333333333,21.0,1,ok,2026-08-07
886,8474602,Justin Schultz,SEA,20242025,5on5,,,,,,0,missing,2026-08-07
887,8481704,Juuso Parssinen,NYR,20242025,5on5,0.45,0.38,0.627906976744186,471.43333333333334,48.0,1,ok,2026-08-07
888,8479976,Juuso Vlimki,UTA,20242025,5on5,0.51,0.5,0.6666666666666666,639.8166666666667,43.0,1,ok,2026-08-07
889,8479387,Keaton Middleton,COL,20242025,5on5,0.53,0.53,0.39705882352941174,440.4166666666667,41.0,1,ok,2026-08-07
890,8478099,Kevin Labanc,CBJ,20242025,5on5,0.52,0.55,0.4875,332.05,34.0,1,ok,2026-08-07
891,8474031,Kevin Shattenkirk,BOS,20242025,5on5,,,,,,0,missing,2026-08-07
892,8480011,Klim Kostin,SJ,20242025,5on5,0.41999999999999993,0.37,0.4489795918367347,337.6666666666667,35.0,1,ok,2026-08-07
893,8477335,Kyle Burroughs,LA,20242025,5on5,0.52,0.53,0.5671641791044776,244.0,33.0,1,ok,2026-08-07
894,8473449,Kyle Okposo,FLA,20242025,5on5,,,,,,0,missing,2026-08-07
895,8484177,Lenni Hameenaho,NJ,20242025,5on5,,,,,,0,missing,2026-08-07
896,8480025,MacKenzie Entwistle,CHI,20242025,5on5,,,,,,0,missing,2026-08-07
897,8481743,Marc Del Gaizo,NAS,20242025,5on5,0.49000000000000005,0.5,0.45652173913043476,709.3666666666667,46.0,1,ok,2026-08-07
898,8471686,Marc Staal,PHI,20242025,5on5,,,,,,0,missing,2026-08-07
899,8471709,Marc-Edouard Vlasic,SJ,20242025,5on5,0.42,0.45,0.49382716049382713,371.5,27.0,1,ok,2026-08-07
900,8474618,Marco Scandella,STL,20242025,5on5,,,,,,0,missing,2026-08-07
901,8478017,Mark Friedman,VAN,20242025,5on5,,,,66.9,5.0,1,thin,2026-08-07
902,8470966,Mark Giordano,TOR,20242025,5on5,,,,,,0,missing,2026-08-07
903,8479972,Mason Shaw,MIN,20242025,5on5,,,,,,0,missing,2026-08-07
904,8476856,Mathew Dumba,DAL,20242025,5on5,0.51,0.49,0.5483870967741935,897.8833333333333,63.0,1,ok,2026-08-07
905,8474709,Matt Martin,NYI,20242025,5on5,0.39,0.39,0.5662650602409639,270.51666666666665,32.0,1,ok,2026-08-07
906,8476442,Matt Nieto,PIT,20242025,5on5,0.44999999999999996,0.44000000000000006,0.12903225806451613,322.28333333333336,32.0,1,ok,2026-08-07
907,8478146,Matthew Highmore,OTT,20242025,5on5,0.45,0.45,0.5727272727272728,399.25,41.0,1,ok,2026-08-07
908,8479547,Matthew Phillips,WAS,20242025,5on5,,,,,,0,missing,2026-08-07
909,8483505,Matthew Poitras,BOS,20242025,5on5,0.51,0.52,0.6829268292682927,388.05,33.0,1,ok,2026-08-07
910,8474157,Max Pacioretty,TOR,20242025,5on5,0.49,0.51,0.5634920634920635,447.25,37.0,1,ok,2026-08-07
911,8479415,Michael McLeod,NJ,20242025,5on5,,,,,,0,missing,2026-08-07
912,8479543,Michael Pezzetta,MON,20242025,5on5,,,,148.28333333333333,25.0,1,thin,2026-08-07
913,8475958,Michael Sgarbossa,WAS,20242025,5on5,,,,27.933333333333334,3.0,1,thin,2026-08-07
914,8482451,Mikael Pyyhtia,CBJ,20242025,5on5,0.43,0.34,0.504,490.01666666666665,47.0,1,ok,2026-08-07
915,8474884,Mike Hoffman,SJ,20242025,5on5,,,,,,0,missing,2026-08-07
916,8482070,Mitchell Chaffee,TB,20242025,5on5,0.44,0.38,0.594059405940594,713.15,66.0,1,ok,2026-08-07
917,8478477,Mitchell Stephens,SEA,20242025,5on5,0.42,0.45,0.5454545454545454,219.23333333333332,28.0,1,ok,2026-08-07
918,8484160,Nate Danielson,DET,20242025,5on5,,,,,,0,missing,2026-08-07
919,8474009,Nick Bonino,NYR,20242025,5on5,,,,,,0,missing,2026-08-07
920,8481543,Nikita Alexandrov,STL,20242025,5on5,,,,,,0,missing,2026-08-07
921,8481754,Nikita Nesterenko,ANA,20242025,5on5,0.45,0.46,0.35,203.85,20.0,1,ok,2026-08-07
922,8481537,Nikita Okhotiuk,CGY,20242025,5on5,,,,,,0,missing,2026-08-07
923,8479458,Nikita Zaitsev,CHI,20242025,5on5,,,,,,0,missing,2026-08-07
924,8481042,Nikolai Kovalenko,SJ,20242025,5on5,0.4799999999999999,0.47,0.4782608695652174,642.35,57.0,1,ok,2026-08-07
925,8479393,Noah Gregor,FLA,20242025,5on5,0.43,0.39,0.584,527.6666666666666,52.0,1,ok,2026-08-07
926,8482700,Nolan Allan,CHI,20242025,5on5,0.42,0.36,0.34513274336283184,601.4666666666667,43.0,1,ok,2026-08-07
927,8478430,Oliver Kylington,CGY,20242025,5on5,0.54,0.55,0.4406779661016949,226.86666666666667,19.0,1,ok,2026-08-07
928,8480789,Oliver Wahlstrom,BOS,20242025,5on5,0.42,0.43,0.5740740740740741,398.3,43.0,1,ok,2026-08-07
929,8479546,Oskar Steen,BOS,20242025,5on5,,,,,,0,missing,2026-08-07
930,8484230,Otto Stenberg,STL,20242025,5on5,,,,,,0,missing,2026-08-07
931,8483503,Owen Pickering,PIT,20242025,5on5,0.5,0.46,0.3670886075949367,332.56666666666666,25.0,1,ok,2026-08-07
932,8474034,Patrick Maroon,CHI,20242025,5on5,0.44000000000000006,0.4,0.5263157894736842,710.1166666666667,68.0,1,ok,2026-08-07
933,8481577,Philip Tomasino,PIT,20242025,5on5,0.52,0.48999999999999994,0.6594202898550725,704.2,61.0,1,ok,2026-08-07
934,8476858,Phillip Di Giuseppe,VAN,20242025,5on5,0.52,0.5,0.5084745762711864,213.96666666666667,20.0,1,ok,2026-08-07
935,8478115,Pierre Engvall,NYI,20242025,5on5,0.51,0.49,0.5027624309392266,720.95,62.0,1,ok,2026-08-07
936,8477930,Pierre-Edouard Bellemare,SEA,20242025,5on5,,,,,,0,missing,2026-08-07
937,8482241,Radim Zohorna,PIT,20242025,5on5,,,,,,0,missing,2026-08-07
938,8481093,Rafael Harvey-Pinard,MON,20242025,5on5,,,,8.9,1.0,1,thin,2026-08-07
939,8480845,Rasmus Kupari,WPG,20242025,5on5,0.49,0.49,0.21311475409836064,535.9333333333333,59.0,1,ok,2026-08-07
940,8481147,Reese Johnson,CHI,20242025,5on5,,,,28.583333333333332,3.0,1,thin,2026-08-07
941,8483513,Reid Schaefer,NAS,20242025,5on5,,,,,,0,missing,2026-08-07
942,8474145,Robert Bortuzzo,NYI,20242025,5on5,0.52,0.64,0.5789473684210527,160.6,17.0,1,ok,2026-08-07
943,8478078,Rourke Chartier,OTT,20242025,5on5,,,,,,0,missing,2026-08-07
944,8483487,Rutger McGroarty,PIT,20242025,5on5,,,,107.41666666666667,8.0,1,thin,2026-08-07
945,8477846,Ryan Carpenter,SJ,20242025,5on5,,,,,,0,missing,2026-08-07
946,8475793,Ryan Johansen,COL,20242025,5on5,,,,,,0,missing,2026-08-07
947,8470600,Ryan Suter,STL,20242025,5on5,0.46,0.47,0.44011976047904194,1399.1333333333334,82.0,1,ok,2026-08-07
948,8482118,Sam Colangelo,ANA,20242025,5on5,0.41,0.45,0.4573643410852713,356.15,32.0,1,ok,2026-08-07
949,8474040,Sam Gagner,EDM,20242025,5on5,,,,,,0,missing,2026-08-07
950,8478104,Sammy Blais,MON,20242025,5on5,,,,,,0,missing,2026-08-07
951,8481541,Samuel Bolduc,NYI,20242025,5on5,,,,5.933333333333334,1.0,1,thin,2026-08-07
952,8482666,Scott Morrow,NYR,20242025,5on5,0.59,0.51,0.6101694915254238,211.15,14.0,1,ok,2026-08-07
953,8480222,Sebastian Aho,NYI,20242025,5on5,,,,,,0,missing,2026-08-07
954,8477947,Sonny Milano,WAS,20242025,5on5,,,,21.183333333333334,3.0,1,thin,2026-08-07
955,8471698,T.J. Oshie,WAS,20242025,5on5,,,,,,0,missing,2026-08-07
956,8474673,TJ Brodie,CHI,20242025,5on5,0.46,0.44,0.46987951807228917,807.45,54.0,1,ok,2026-08-07
957,8482133,Thomas Bordeleau,SJ,20242025,5on5,,,,10.116666666666667,1.0,1,thin,2026-08-07
958,8475193,Tomas Tatar,NJ,20242025,5on5,0.51,0.53,0.5028901734104047,748.9166666666666,74.0,1,ok,2026-08-07
959,8476792,Torey Krug,STL,20242025,5on5,,,,,,0,missing,2026-08-07
960,8478408,Travis Dermott,UTA,20242025,5on5,0.47,0.4,0.42857142857142855,223.68333333333334,19.0,1,ok,2026-08-07
961,8473453,Trevor Lewis,LA,20242025,5on5,0.46,0.47,0.6310679611650486,563.1333333333333,60.0,1,ok,2026-08-07
962,8474870,Tyler Johnson,CHI,20242025,5on5,,,,105.43333333333334,9.0,1,thin,2026-08-07
963,8477353,Tyler Motte,DET,20242025,5on5,0.46,0.46,0.5695364238410596,529.6666666666666,55.0,1,ok,2026-08-07
964,8475752,Tyler Pitlick,MIN,20242025,5on5,,,,,,0,missing,2026-08-07
965,8475197,Tyson Barrie,NAS,20242025,5on5,0.49,0.47000000000000003,0.6944444444444444,177.36666666666667,13.0,1,ok,2026-08-07
966,8481703,Valtteri Puustinen,PIT,20242025,5on5,,,,113.91666666666667,13.0,1,thin,2026-08-07
967,8479968,Vinni Lettieri,BOS,20242025,5on5,0.47,0.49,0.5068493150684932,319.85,26.0,1,ok,2026-08-07
968,8481609,Vladislav Kolyachonok,PIT,20242025,5on5,0.5,0.54,0.5675675675675675,440.0,35.0,1,ok,2026-08-07
969,8482652,Walker Duehr,SJ,20242025,5on5,0.43,0.45,0.5454545454545454,204.53333333333333,24.0,1,ok,2026-08-07
970,8478021,William Lagesson,ANA,20242025,5on5,,,,97.76666666666667,7.0,1,thin,2026-08-07
971,8479367,William Lockwood,FLA,20242025,5on5,,,,,,0,missing,2026-08-07
972,8481708,Zac Jones,NYR,20242025,5on5,0.49,0.47,0.5736434108527132,706.2333333333333,46.0,1,ok,2026-08-07
973,8470610,Zach Parise,COL,20242025,5on5,,,,,,0,missing,2026-08-07
974,8479944,Zachary Aston-Reese,CBJ,20242025,5on5,0.46,0.5,0.44528301886792454,945.6666666666666,79.0,1,ok,2026-08-07
975,8482742,Zachary L'Heureux,NAS,20242025,5on5,0.5,0.51,0.3595505617977528,675.8666666666667,62.0,1,ok,2026-08-07
976,8477482,Zachary Sanford,CHI,20242025,5on5,,,,,,0,missing,2026-08-07
1,8484153,Leo Carlsson,ANA,20252026,5on5,0.56,0.55,0.6557377049180327,978.5833333333334,70.0,1,ok,2026-08-07
2,8483444,Nathan Gaucher,ANA,20252026,5on5,,,,23.216666666666665,3.0,1,thin,2026-08-07
3,8483445,Cutter Gauthier,ANA,20252026,5on5,0.55,0.52,0.5821428571428572,1021.75,76.0,1,ok,2026-08-07
4,8475798,Mikael Granlund,ANA,20252026,5on5,0.52,0.55,0.46332046332046334,777.9,58.0,1,ok,2026-08-07
5,8478424,Jansen Harkins,ANA,20252026,5on5,0.49,0.48,0.4461538461538462,405.05,44.0,1,ok,2026-08-07
6,8477527,Ross Johnston,ANA,20252026,5on5,0.4799999999999999,0.47000000000000003,0.42788461538461536,596.7166666666667,62.0,1,ok,2026-08-07
7,8473986,Alex Killorn,ANA,20252026,5on5,0.53,0.53,0.47648902821316613,1034.0333333333333,82.0,1,ok,2026-08-07
8,8475184,Chris Kreider,ANA,20252026,5on5,0.56,0.54,0.6610169491525424,949.6666666666666,75.0,1,ok,2026-08-07
9,8482745,Mason McTavish,ANA,20252026,5on5,0.53,0.51,0.6156716417910447,947.5,75.0,1,ok,2026-08-07
10,8480068,Ryan Poehling,ANA,20252026,5on5,0.49,0.48,0.40066225165562913,899.4,75.0,1,ok,2026-08-07
11,8484762,Beckett Sennecke,ANA,20252026,5on5,0.52,0.53,0.5514018691588785,1171.3166666666666,82.0,1,ok,2026-08-07
12,8478873,Troy Terry,ANA,20252026,5on5,0.54,0.55,0.5787234042553191,826.8666666666667,61.0,1,ok,2026-08-07
13,8478366,Frank Vatrano,ANA,20252026,5on5,0.48,0.42,0.44508670520231214,505.55,50.0,1,ok,2026-08-07
14,8479705,Jeffrey Viel,ANA,20252026,5on5,0.54,0.52,0.5034013605442177,520.25,45.0,1,ok,2026-08-07
15,8485512,Tim Washe,ANA,20252026,5on5,0.49,0.47,0.3225806451612903,388.56666666666666,39.0,1,ok,2026-08-07
16,8474590,John Carlson,ANA,20252026,5on5,0.55,0.53,0.5239852398523985,1210.7666666666667,71.0,1,ok,2026-08-07
17,8475462,Radko Gudas,ANA,20252026,5on5,0.52,0.54,0.474025974025974,804.8166666666667,56.0,1,ok,2026-08-07
18,8481563,Drew Helleson,ANA,20252026,5on5,0.49,0.47000000000000003,0.5,905.5333333333333,60.0,1,ok,2026-08-07
19,8482731,Tyson Hinds,ANA,20252026,5on5,,,,89.45,6.0,1,thin,2026-08-07
20,8481605,Jackson LaCombe,ANA,20252026,5on5,0.54,0.53,0.4190871369294606,1507.3666666666666,82.0,1,ok,2026-08-07
21,8483490,Pavel Mintyukov,ANA,20252026,5on5,0.49000000000000005,0.5,0.47017543859649125,1103.3333333333333,73.0,1,ok,2026-08-07
22,8482178,Ian Moore,ANA,20252026,5on5,0.52,0.54,0.4346153846153846,845.4833333333333,67.0,1,ok,2026-08-07
23,8476885,Jacob Trouba,ANA,20252026,5on5,0.52,0.5,0.4306569343065693,1489.35,81.0,1,ok,2026-08-07
24,8482803,Olen Zellweger,ANA,20252026,5on5,0.53,0.53,0.527027027027027,1130.0166666666667,76.0,1,ok,2026-08-07
25,8478042,Viktor Arvidsson,BOS,20252026,5on5,0.5,0.49,0.4444444444444444,832.25,69.0,1,ok,2026-08-07
26,8479591,Michael Eyssimont,BOS,20252026,5on5,0.51,0.48999999999999994,0.4484848484848485,565.1333333333333,56.0,1,ok,2026-08-07
27,8479987,Morgan Geekie,BOS,20252026,5on5,0.48000000000000004,0.46,0.5988023952095808,1113.4166666666667,81.0,1,ok,2026-08-07
28,8485395,James Hagens,BOS,20252026,5on5,,,,29.1,2.0,1,thin,2026-08-07
29,8479661,Tanner Jeannot,BOS,20252026,5on5,0.48999999999999994,0.47,0.40611353711790393,855.0666666666667,77.0,1,ok,2026-08-07
30,8480355,Mark Kastelic,BOS,20252026,5on5,0.48,0.44,0.3828996282527881,848.45,82.0,1,ok,2026-08-07
31,8482177,Marat Khusnutdinov,BOS,20252026,5on5,0.48,0.46,0.575,954.3833333333333,77.0,1,ok,2026-08-07
32,8476374,Sean Kuraly,BOS,20252026,5on5,0.51,0.46,0.2925764192139738,857.3,82.0,1,ok,2026-08-07
33,8477496,Elias Lindholm,BOS,20252026,5on5,0.47,0.47,0.5608308605341247,915.9833333333333,69.0,1,ok,2026-08-07
34,8483489,Fraser Minten,BOS,20252026,5on5,0.5,0.5,0.5914396887159533,1036.4166666666667,82.0,1,ok,2026-08-07
35,8479999,Casey Mittelstadt,BOS,20252026,5on5,0.51,0.49,0.42857142857142855,920.8166666666667,71.0,1,ok,2026-08-07
36,8477956,David Pastrnak,BOS,20252026,5on5,0.49,0.4799999999999999,0.6395663956639567,1226.2166666666667,77.0,1,ok,2026-08-07
37,8482117,Lukas Reichel,BOS,20252026,5on5,0.45,0.46,0.5733333333333334,338.1166666666667,29.0,1,ok,2026-08-07
38,8482634,Alex Steeves,BOS,20252026,5on5,0.49,0.5,0.4892086330935252,446.45,43.0,1,ok,2026-08-07
39,8478401,Pavel Zacha,BOS,20252026,5on5,0.48,0.46,0.43278688524590164,959.15,78.0,1,ok,2026-08-07
40,8481219,Jonathan Aspirot,BOS,20252026,5on5,0.48000000000000004,0.5,0.3930131004366812,943.1333333333333,61.0,1,ok,2026-08-07
41,8480887,Jordan Harris,BOS,20252026,5on5,,,,112.13333333333334,8.0,1,thin,2026-08-07
42,8480035,Henri Jokiharju,BOS,20252026,5on5,0.5,0.49,0.36666666666666664,653.8,41.0,1,ok,2026-08-07
43,8476854,Hampus Lindholm,BOS,20252026,5on5,0.51,0.48999999999999994,0.38697318007662834,1110.1833333333334,67.0,1,ok,2026-08-07
44,8482511,Mason Lohrei,BOS,20252026,5on5,0.48000000000000004,0.45,0.5043859649122807,1097.0333333333333,73.0,1,ok,2026-08-07
45,8479325,Charlie McAvoy,BOS,20252026,5on5,0.48999999999999994,0.48,0.46131805157593125,1205.8333333333333,69.0,1,ok,2026-08-07
46,8479369,Andrew Peeke,BOS,20252026,5on5,0.4799999999999999,0.43,0.35106382978723405,1271.95,77.0,1,ok,2026-08-07
47,8477507,Nikita Zadorov,BOS,20252026,5on5,0.48,0.45,0.3746312684365782,1405.3,81.0,1,ok,2026-08-07
48,8484145,Zach Benson,BUF,20252026,5on5,0.52,0.53,0.49242424242424243,839.6833333333333,65.0,1,ok,2026-08-07
49,8475842,Sam Carrick,BUF,20252026,5on5,0.48,0.48,0.2972972972972973,684.5333333333333,73.0,1,ok,2026-08-07
50,8479941,Justin Danforth,BUF,20252026,5on5,,,,34.63333333333333,4.0,1,thin,2026-08-07
51,8482659,Josh Doan,BUF,20252026,5on5,0.52,0.54,0.5380710659898477,1031.3833333333334,82.0,1,ok,2026-08-07
52,8482623,Josh Dunne,BUF,20252026,5on5,0.49000000000000005,0.51,0.23809523809523808,314.95,34.0,1,ok,2026-08-07
53,8478413,Jordan Greenway,BUF,20252026,5on5,0.43,0.45,0.32116788321167883,418.6166666666667,40.0,1,ok,2026-08-07
54,8484797,Konsta Helenius,BUF,20252026,5on5,,,,105.21666666666667,9.0,1,thin,2026-08-07
55,8482896,Tyson Kozak,BUF,20252026,5on5,0.42,0.43,0.29012345679012347,456.8333333333333,46.0,1,ok,2026-08-07
56,8481522,Peyton Krebs,BUF,20252026,5on5,0.49000000000000005,0.49000000000000005,0.5043227665706052,1073.3666666666666,82.0,1,ok,2026-08-07
57,8483468,Jiri Kulich,BUF,20252026,5on5,0.5,0.48000000000000004,0.46153846153846156,166.28333333333333,12.0,1,ok,2026-08-07
58,8479359,Beck Malenstyn,BUF,20252026,5on5,0.46,0.46,0.26222222222222225,754.9,81.0,1,ok,2026-08-07
59,8480802,Ryan McLeod,BUF,20252026,5on5,0.5,0.51,0.47554347826086957,1033.5166666666667,81.0,1,ok,2026-08-07
60,8480064,Josh Norris,BUF,20252026,5on5,0.51,0.53,0.5114155251141552,524.3833333333333,44.0,1,ok,2026-08-07
61,8483500,Noah Ostlund,BUF,20252026,5on5,0.51,0.52,0.62882096069869,733.5666666666667,60.0,1,ok,2026-08-07
62,8476871,Tanner Pearson,BUF,20252026,5on5,0.46,0.46,0.30303030303030304,529.7666666666667,56.0,1,ok,2026-08-07
63,8482097,Jack Quinn,BUF,20252026,5on5,0.48,0.48,0.5287671232876713,1055.35,82.0,1,ok,2026-08-07
64,8479420,Tage Thompson,BUF,20252026,5on5,0.5,0.5,0.6051401869158879,1197.9666666666667,81.0,1,ok,2026-08-07
65,8477949,Alex Tuch,BUF,20252026,5on5,0.51,0.51,0.5906862745098039,1109.6333333333334,79.0,1,ok,2026-08-07
66,8475722,Jason Zucker,BUF,20252026,5on5,0.49,0.5,0.5767918088737202,743.3833333333333,62.0,1,ok,2026-08-07
67,8481524,Bowen Byram,BUF,20252026,5on5,0.49,0.49,0.44554455445544555,1492.6833333333334,82.0,1,ok,2026-08-07
68,8480839,Rasmus Dahlin,BUF,20252026,5on5,0.52,0.54,0.46228710462287104,1460.7333333333333,77.0,1,ok,2026-08-07
69,8481564,Ryan Johnson,BUF,20252026,5on5,,,,26.116666666666667,3.0,1,thin,2026-08-07
70,8480891,Michael Kesselring,BUF,20252026,5on5,0.49,0.5,0.41237113402061853,421.31666666666666,34.0,1,ok,2026-08-07
71,8484305,Zach Metsa,BUF,20252026,5on5,0.46,0.46,0.48148148148148145,450.6166666666667,43.0,1,ok,2026-08-07
72,8482671,Owen Power,BUF,20252026,5on5,0.52,0.49,0.49029126213592233,1459.6166666666666,81.0,1,ok,2026-08-07
73,8480807,Mattias Samuelsson,BUF,20252026,5on5,0.4799999999999999,0.5,0.41687979539641945,1477.0833333333333,78.0,1,ok,2026-08-07
74,8474568,Luke Schenn,BUF,20252026,5on5,0.43,0.37,0.3851851851851852,583.25,50.0,1,ok,2026-08-07
75,8479378,Logan Stanley,BUF,20252026,5on5,0.4699999999999999,0.44,0.4107883817427386,1111.6,76.0,1,ok,2026-08-07
76,8479982,Conor Timmins,BUF,20252026,5on5,0.44,0.47,0.4107142857142857,595.0333333333333,39.0,1,ok,2026-08-07
77,8474150,Mikael Backlund,CGY,20252026,5on5,0.5,0.47,0.25753424657534246,1120.8,82.0,1,ok,2026-08-07
78,8481556,John Beecher,CGY,20252026,5on5,0.42,0.37,0.3157894736842105,305.45,35.0,1,ok,2026-08-07
79,8476399,Blake Coleman,CGY,20252026,5on5,0.52,0.51,0.2893081761006289,914.6333333333333,69.0,1,ok,2026-08-07
80,8482679,Matt Coronato,CGY,20252026,5on5,0.48999999999999994,0.45,0.5285714285714286,1058.2333333333333,80.0,1,ok,2026-08-07
81,8480797,Joel Farabee,CGY,20252026,5on5,0.5,0.5,0.5955056179775281,1084.7333333333333,82.0,1,ok,2026-08-07
82,8480028,Morgan Frost,CGY,20252026,5on5,0.49,0.49,0.6720867208672087,1007.15,82.0,1,ok,2026-08-07
83,8484860,Matvei Gridin,CGY,20252026,5on5,0.43,0.42,0.7662337662337663,476.3833333333333,37.0,1,ok,2026-08-07
84,8486056,Tyson Gross,CGY,20252026,5on5,,,,57.45,6.0,1,thin,2026-08-07
85,8484180,Samuel Honzek,CGY,20252026,5on5,0.56,0.57,0.29411764705882354,193.7,18.0,1,ok,2026-08-07
86,8476456,Jonathan Huberdeau,CGY,20252026,5on5,0.53,0.51,0.6513409961685823,667.45,50.0,1,ok,2026-08-07
87,8482209,Rory Kerins,CGY,20252026,5on5,,,,53.15,4.0,1,thin,2026-08-07
88,8483609,Adam Klapka,CGY,20252026,5on5,0.48,0.46,0.4659090909090909,791.8,79.0,1,ok,2026-08-07
89,8479066,Ryan Lomberg,CGY,20252026,5on5,0.48,0.44,0.3977272727272727,510.73333333333335,57.0,1,ok,2026-08-07
90,8478109,Victor Olofsson,CGY,20252026,5on5,0.55,0.53,0.5687022900763359,884.3166666666667,78.0,1,ok,2026-08-07
91,8481028,Martin Pospisil,CGY,20252026,5on5,0.48,0.4000000000000001,0.48,215.13333333333333,22.0,1,ok,2026-08-07
92,8481068,Yegor Sharangovich,CGY,20252026,5on5,0.49,0.45,0.5513698630136986,1000.2833333333333,78.0,1,ok,2026-08-07
93,8476458,Ryan Strome,CGY,20252026,5on5,0.51,0.51,0.5722222222222222,606.05,52.0,1,ok,2026-08-07
94,8484234,Aydar Suniev,CGY,20252026,5on5,,,,59.733333333333334,6.0,1,thin,2026-08-07
95,8482074,Connor Zary,CGY,20252026,5on5,0.5,0.48,0.48582995951417,915.0333333333333,74.0,1,ok,2026-08-07
96,8480860,Kevin Bahl,CGY,20252026,5on5,0.47,0.43,0.38596491228070173,1370.7333333333333,76.0,1,ok,2026-08-07
97,8479402,Jake Bean,CGY,20252026,5on5,0.55,0.59,0.4642857142857143,242.33333333333334,16.0,1,ok,2026-08-07
98,8484150,Hunter Brzustewicz,CGY,20252026,5on5,0.49,0.47,0.4818181818181818,503.18333333333334,34.0,1,ok,2026-08-07
99,8477810,Joel Hanley,CGY,20252026,5on5,0.54,0.5,0.5176991150442478,912.6166666666667,68.0,1,ok,2026-08-07
100,8482165,Yan Kuznetsov,CGY,20252026,5on5,0.48,0.46,0.4380165289256198,1004.9833333333333,57.0,1,ok,2026-08-07
101,8476874,Olli Maatta,CGY,20252026,5on5,0.49000000000000005,0.49000000000000005,0.45255474452554745,667.9333333333333,43.0,1,ok,2026-08-07
102,8481167,Brayden Pachal,CGY,20252026,5on5,0.49,0.53,0.5,505.95,39.0,1,ok,2026-08-07
103,8484768,Zayne Parekh,CGY,20252026,5on5,0.49000000000000005,0.46,0.8142857142857143,522.5333333333333,37.0,1,ok,2026-08-07
104,8480727,Zach Whitecloud,CGY,20252026,5on5,0.49,0.46,0.453416149068323,1365.65,78.0,1,ok,2026-08-07
105,8483709,Abram Wiebe,CGY,20252026,5on5,,,,48.016666666666666,4.0,1,thin,2026-08-07
106,8478427,Sebastian Aho,CAR,20252026,5on5,0.62,0.56,0.6852941176470588,1088.4333333333334,79.0,1,ok,2026-08-07
107,8482809,Jackson Blake,CAR,20252026,5on5,0.6,0.58,0.7649572649572649,1118.9833333333333,81.0,1,ok,2026-08-07
108,8477478,William Carrier,CAR,20252026,5on5,0.6,0.58,0.5365853658536586,740.7,70.0,1,ok,2026-08-07
109,8475235,Nicolas Deslauriers,CAR,20252026,5on5,0.49000000000000005,0.51,0.5285714285714286,262.3,31.0,1,ok,2026-08-07
110,8477940,Nikolaj Ehlers,CAR,20252026,5on5,0.61,0.57,0.6688311688311688,1067.5,82.0,1,ok,2026-08-07
111,8475791,Taylor Hall,CAR,20252026,5on5,0.6,0.57,0.7322834645669292,1012.1666666666666,80.0,1,ok,2026-08-07
112,8476873,Mark Jankowski,CAR,20252026,5on5,0.59,0.6,0.640926640926641,658.6666666666666,68.0,1,ok,2026-08-07
113,8482093,Seth Jarvis,CAR,20252026,5on5,0.6,0.55,0.6875,944.75,71.0,1,ok,2026-08-07
114,8480829,Jesperi Kotkaniemi,CAR,20252026,5on5,0.55,0.49,0.6477987421383647,456.3833333333333,42.0,1,ok,2026-08-07
115,8476921,Jordan Martinook,CAR,20252026,5on5,0.6,0.55,0.527027027027027,948.3,77.0,1,ok,2026-08-07
116,8480762,Eric Robinson,CAR,20252026,5on5,0.58,0.57,0.635593220338983,685.45,67.0,1,ok,2026-08-07
117,8473533,Jordan Staal,CAR,20252026,5on5,0.59,0.54,0.5026737967914439,950.2166666666667,75.0,1,ok,2026-08-07
118,8482702,Logan Stankoven,CAR,20252026,5on5,0.61,0.58,0.768595041322314,1095.5833333333333,81.0,1,ok,2026-08-07
119,8480830,Andrei Svechnikov,CAR,20252026,5on5,0.61,0.55,0.6596385542168675,1047.9833333333333,79.0,1,ok,2026-08-07
120,8478970,Jalen Chatfield,CAR,20252026,5on5,0.58,0.52,0.5794392523364486,1232.4833333333333,72.0,1,ok,2026-08-07
121,8476906,Shayne Gostisbehere,CAR,20252026,5on5,0.6,0.57,0.721030042918455,852.0833333333334,55.0,1,ok,2026-08-07
122,8480817,K'Andre Miller,CAR,20252026,5on5,0.62,0.57,0.5798816568047337,1357.2166666666667,72.0,1,ok,2026-08-07
123,8482100,Alexander Nikishin,CAR,20252026,5on5,0.58,0.56,0.6802325581395349,1228.5333333333333,81.0,1,ok,2026-08-07
124,8476422,Mike Reilly,CAR,20252026,5on5,0.6,0.58,0.7261904761904762,568.7,42.0,1,ok,2026-08-07
125,8476958,Jaccob Slavin,CAR,20252026,5on5,0.59,0.56,0.5272727272727272,674.35,39.0,1,ok,2026-08-07
126,8480336,Sean Walker,CAR,20252026,5on5,0.61,0.58,0.5760598503740648,1481.3666666666666,81.0,1,ok,2026-08-07
127,8484144,Connor Bedard,CHI,20252026,5on5,0.44,0.41,0.6711864406779661,1113.85,68.0,1,ok,2026-08-07
128,8477479,Tyler Bertuzzi,CHI,20252026,5on5,0.47,0.47,0.5277777777777778,1138.4,78.0,1,ok,2026-08-07
129,8484793,Sacha Boisvert,CHI,20252026,5on5,,,,64.51666666666667,7.0,1,thin,2026-08-07
130,8477444,Andre Burakovsky,CHI,20252026,5on5,0.46,0.43,0.7003891050583657,1016.9,74.0,1,ok,2026-08-07
131,8477987,Ryan Donato,CHI,20252026,5on5,0.47,0.44,0.4253731343283582,1045.5166666666667,81.0,1,ok,2026-08-07
132,8485391,Anton Frondell,CHI,20252026,5on5,0.4000000000000001,0.35,0.4864864864864865,162.13333333333333,12.0,1,ok,2026-08-07
133,8483450,Ryan Greene,CHI,20252026,5on5,0.44,0.41,0.5161290322580645,1068.6666666666667,80.0,1,ok,2026-08-07
134,8478043,Sam Lafferty,CHI,20252026,5on5,0.47,0.4,0.6538461538461539,247.6,29.0,1,ok,2026-08-07
135,8484185,Nick Lardis,CHI,20252026,5on5,0.47,0.4,0.625,449.4,41.0,1,ok,2026-08-07
136,8478233,Andrew Mangiapane,CHI,20252026,5on5,0.49,0.47,0.5734597156398105,734.9333333333333,62.0,1,ok,2026-08-07
137,8481624,Ilya Mikheyev,CHI,20252026,5on5,0.45,0.42,0.3684210526315789,1099.5833333333333,76.0,1,ok,2026-08-07
138,8484197,Oliver Moore,CHI,20252026,5on5,0.4699999999999999,0.48,0.5852272727272727,561.25,50.0,1,ok,2026-08-07
139,8483493,Frank Nazar,CHI,20252026,5on5,0.45,0.42,0.5086505190311419,871.5333333333333,65.0,1,ok,2026-08-07
140,8482172,Landon Slaggert,CHI,20252026,5on5,0.43,0.41,0.4566929133858268,493.43333333333334,52.0,1,ok,2026-08-07
141,8476882,Teuvo Teravainen,CHI,20252026,5on5,0.47,0.4099999999999999,0.5057034220532319,910.2333333333333,74.0,1,ok,2026-08-07
142,8476952,Dominic Toninato,CHI,20252026,5on5,,,,72.35,8.0,1,thin,2026-08-07
143,8481806,Louis Crevier,CHI,20252026,5on5,0.4600000000000001,0.41,0.2524271844660194,1144.7333333333333,77.0,1,ok,2026-08-07
144,8482807,Ethan Del Mastro,CHI,20252026,5on5,0.45,0.34,0.2727272727272727,235.16666666666666,18.0,1,ok,2026-08-07
145,8476891,Matt Grzelcyk,CHI,20252026,5on5,0.47,0.46,0.5465116279069767,1031.15,68.0,1,ok,2026-08-07
146,8482176,Wyatt Kaiser,CHI,20252026,5on5,0.45,0.43000000000000005,0.49504950495049505,1326.0333333333333,77.0,1,ok,2026-08-07
147,8483466,Kevin Korchinski,CHI,20252026,5on5,0.47,0.43,0.5555555555555556,174.03333333333333,13.0,1,ok,2026-08-07
148,8484783,Artyom Levshunov,CHI,20252026,5on5,0.45,0.41,0.6573705179282868,1045.9166666666667,67.0,1,ok,2026-08-07
149,8483506,Sam Rinzel,CHI,20252026,5on5,0.45000000000000007,0.42,0.5989583333333334,822.0,53.0,1,ok,2026-08-07
150,8481568,Alex Vlasic,CHI,20252026,5on5,0.45000000000000007,0.4,0.32047477744807124,1417.7166666666667,80.0,1,ok,2026-08-07
151,8482947,Zakhar Bardakov,COL,20252026,5on5,0.55,0.54,0.6037735849056604,423.03333333333336,60.0,1,ok,2026-08-07
152,8479525,Ross Colton,COL,20252026,5on5,0.59,0.59,0.4653846153846154,843.2333333333333,73.0,1,ok,2026-08-07
153,8480835,Jack Drury,COL,20252026,5on5,0.58,0.58,0.4790874524714829,983.9666666666667,82.0,1,ok,2026-08-07
154,8475172,Nazem Kadri,COL,20252026,5on5,0.53,0.51,0.6788732394366197,1133.4833333333333,77.0,1,ok,2026-08-07
155,8480448,Parker Kelly,COL,20252026,5on5,0.57,0.57,0.4657534246575342,855.7166666666667,82.0,1,ok,2026-08-07
156,8481641,Joel Kiviranta,COL,20252026,5on5,0.59,0.6,0.4460431654676259,464.3,51.0,1,ok,2026-08-07
157,8476455,Gabriel Landeskog,COL,20252026,5on5,0.56,0.56,0.5773584905660377,802.85,60.0,1,ok,2026-08-07
158,8477476,Artturi Lehkonen,COL,20252026,5on5,0.55,0.57,0.6505190311418685,1013.75,70.0,1,ok,2026-08-07
159,8477492,Nathan MacKinnon,COL,20252026,5on5,0.58,0.58,0.7209302325581395,1355.3166666666666,80.0,1,ok,2026-08-07
160,8480039,Martin Necas,COL,20252026,5on5,0.56,0.56,0.6854838709677419,1297.1166666666666,78.0,1,ok,2026-08-07
161,8475754,Brock Nelson,COL,20252026,5on5,0.57,0.61,0.5466321243523317,1114.65,81.0,1,ok,2026-08-07
162,8477501,Valeri Nichushkin,COL,20252026,5on5,0.58,0.5900000000000001,0.5243055555555556,971.5166666666667,72.0,1,ok,2026-08-07
163,8481186,Logan O'Connor,COL,20252026,5on5,,,,129.51666666666668,13.0,1,thin,2026-08-07
164,8478462,Nicolas Roy,COL,20252026,5on5,0.47,0.46,0.3403361344537815,874.9,74.0,1,ok,2026-08-07
165,8482072,Jack Ahcan,COL,20252026,5on5,,,,126.2,11.0,1,thin,2026-08-07
166,8483565,Nick Blankenburg,COL,20252026,5on5,0.53,0.55,0.48226950354609927,833.0333333333333,61.0,1,ok,2026-08-07
167,8470613,Brent Burns,COL,20252026,5on5,0.56,0.57,0.42443729903536975,1276.65,82.0,1,ok,2026-08-07
168,8476967,Brett Kulak,COL,20252026,5on5,0.49,0.4600000000000001,0.49814126394052044,1409.6166666666666,83.0,1,ok,2026-08-07
169,8480069,Cale Makar,COL,20252026,5on5,0.55,0.56,0.6718346253229974,1333.3166666666666,75.0,1,ok,2026-08-07
170,8484258,Sam Malinski,COL,20252026,5on5,0.59,0.6,0.5045592705167173,1334.75,82.0,1,ok,2026-08-07
171,8476312,Josh Manson,COL,20252026,5on5,0.57,0.57,0.40418118466898956,1215.8333333333333,79.0,1,ok,2026-08-07
172,8478038,Devon Toews,COL,20252026,5on5,0.57,0.58,0.6551724137931034,1214.4833333333333,68.0,1,ok,2026-08-07
173,8475745,Charlie Coyle,CBJ,20252026,5on5,0.5,0.55,0.39364303178484106,1070.1666666666667,82.0,1,ok,2026-08-07
174,8484166,Adam Fantilli,CBJ,20252026,5on5,0.52,0.52,0.7272727272727273,1266.9666666666667,82.0,1,ok,2026-08-07
175,8478856,Conor Garland,CBJ,20252026,5on5,0.47,0.47,0.47435897435897434,932.8333333333334,71.0,1,ok,2026-08-07
176,8478046,Danton Heinen,CBJ,20252026,5on5,0.53,0.58,0.4,498.1333333333333,46.0,1,ok,2026-08-07
177,8476432,Boone Jenner,CBJ,20252026,5on5,0.51,0.5,0.48148148148148145,893.5833333333334,67.0,1,ok,2026-08-07
178,8482660,Kent Johnson,CBJ,20252026,5on5,0.52,0.5,0.570281124497992,864.3166666666667,76.0,1,ok,2026-08-07
179,8480806,Isac Lundeström,CBJ,20252026,5on5,0.45000000000000007,0.45000000000000007,0.39267015706806285,723.2333333333333,68.0,1,ok,2026-08-07
180,8480893,Kirill Marchenko,CBJ,20252026,5on5,0.52,0.52,0.7317073170731707,1147.9833333333333,76.0,1,ok,2026-08-07
181,8478975,Mason Marchment,CBJ,20252026,5on5,0.51,0.54,0.6825938566552902,992.2666666666667,68.0,1,ok,2026-08-07
182,8477497,Sean Monahan,CBJ,20252026,5on5,0.52,0.52,0.5067750677506775,999.6833333333333,78.0,1,ok,2026-08-07
183,8479671,Mathieu Olivier,CBJ,20252026,5on5,0.51,0.56,0.42105263157894735,794.55,61.0,1,ok,2026-08-07
184,8482705,Cole Sillinger,CBJ,20252026,5on5,0.5,0.52,0.49854227405247814,1101.35,81.0,1,ok,2026-08-07
185,8481716,Dmitri Voronkov,CBJ,20252026,5on5,0.53,0.56,0.70703125,729.8166666666667,63.0,1,ok,2026-08-07
186,8477425,Miles Wood,CBJ,20252026,5on5,0.46,0.47,0.43558282208588955,587.0166666666667,54.0,1,ok,2026-08-07
187,8481161,Jake Christiansen,CBJ,20252026,5on5,0.5,0.49,0.5060240963855421,393.23333333333335,40.0,1,ok,2026-08-07
188,8479371,Dante Fabbro,CBJ,20252026,5on5,0.47,0.49,0.4362934362934363,1091.6333333333334,74.0,1,ok,2026-08-07
189,8475790,Erik Gudbranson,CBJ,20252026,5on5,0.41,0.39,0.3394495412844037,539.5666666666667,37.0,1,ok,2026-08-07
190,8483485,Denton Mateychuk,CBJ,20252026,5on5,0.51,0.53,0.48184818481848185,1240.75,75.0,1,ok,2026-08-07
191,8478500,Ivan Provorov,CBJ,20252026,5on5,0.5,0.52,0.4105011933174224,1625.0833333333333,82.0,1,ok,2026-08-07
192,8476923,Damon Severson,CBJ,20252026,5on5,0.54,0.57,0.46368715083798884,1327.6666666666667,71.0,1,ok,2026-08-07
193,8474090,Brendan Smith,CBJ,20252026,5on5,0.46,0.45,0.5853658536585366,154.78333333333333,15.0,1,ok,2026-08-07
194,8478460,Zach Werenski,CBJ,20252026,5on5,0.54,0.55,0.5276497695852534,1593.6666666666667,75.0,1,ok,2026-08-07
195,8481178,Egor Zamula,CBJ,20252026,5on5,0.48,0.46,0.5942028985507246,413.1,33.0,1,ok,2026-08-07
196,8479414,Nathan Bastian,DAL,20252026,5on5,0.47,0.51,0.515625,309.4,36.0,1,ok,2026-08-07
197,8473994,Jamie Benn,DAL,20252026,5on5,0.44999999999999996,0.47000000000000003,0.5198019801980198,680.9333333333333,60.0,1,ok,2026-08-07
198,8476278,Colin Blackwell,DAL,20252026,5on5,0.47,0.4600000000000001,0.35802469135802467,681.65,70.0,1,ok,2026-08-07
199,8482145,Mavrik Bourque,DAL,20252026,5on5,0.52,0.55,0.509009009009009,1142.1,82.0,1,ok,2026-08-07
200,8478047,Michael Bunting,DAL,20252026,5on5,0.52,0.52,0.631578947368421,906.6,74.0,1,ok,2026-08-07
201,8480840,Oskar Bäck,DAL,20252026,5on5,0.49,0.53,0.3877551020408163,718.05,72.0,1,ok,2026-08-07
202,8475168,Matt Duchene,DAL,20252026,5on5,0.44999999999999996,0.46,0.6041666666666666,760.9333333333333,57.0,1,ok,2026-08-07
203,8477454,Adam Erne,DAL,20252026,5on5,0.45,0.5,0.45454545454545453,445.56666666666666,45.0,1,ok,2026-08-07
204,8476889,Radek Faksa,DAL,20252026,5on5,0.45,0.46,0.26153846153846155,546.1666666666666,58.0,1,ok,2026-08-07
205,8478449,Roope Hintz,DAL,20252026,5on5,0.5,0.56,0.5454545454545454,685.1666666666666,53.0,1,ok,2026-08-07
206,8484829,Justin Hryckowian,DAL,20252026,5on5,0.48,0.52,0.43283582089552236,904.3333333333334,81.0,1,ok,2026-08-07
207,8484938,Arttu Hyry,DAL,20252026,5on5,0.47,0.44999999999999996,0.45652173913043476,189.6,20.0,1,ok,2026-08-07
208,8482740,Wyatt Johnston,DAL,20252026,5on5,0.46,0.5,0.5801749271137027,1245.2,82.0,1,ok,2026-08-07
209,8478420,Mikko Rantanen,DAL,20252026,5on5,0.45,0.51,0.629757785467128,976.6166666666667,64.0,1,ok,2026-08-07
210,8480027,Jason Robertson,DAL,20252026,5on5,0.51,0.55,0.5641025641025641,1260.8333333333333,82.0,1,ok,2026-08-07
211,8475794,Tyler Seguin,DAL,20252026,5on5,0.45,0.45,0.44274809160305345,369.51666666666665,27.0,1,ok,2026-08-07
212,8479351,Sam Steel,DAL,20252026,5on5,0.46,0.5,0.5613382899628253,961.5333333333333,73.0,1,ok,2026-08-07
213,8483425,Lian Bichsel,DAL,20252026,5on5,0.46,0.4699999999999999,0.3937007874015748,724.7833333333333,50.0,1,ok,2026-08-07
214,8478476,Kyle Capobianco,DAL,20252026,5on5,0.49,0.51,0.6056338028169014,384.53333333333336,33.0,1,ok,2026-08-07
215,8481581,Thomas Harley,DAL,20252026,5on5,0.48000000000000004,0.49,0.4916387959866221,1349.9666666666667,70.0,1,ok,2026-08-07
216,8480036,Miro Heiskanen,DAL,20252026,5on5,0.5,0.55,0.5355191256830601,1374.4333333333334,77.0,1,ok,2026-08-07
217,8476902,Esa Lindell,DAL,20252026,5on5,0.48,0.55,0.42900302114803623,1458.8,82.0,1,ok,2026-08-07
218,8480878,Nils Lundkvist,DAL,20252026,5on5,0.49,0.52,0.4205128205128205,824.95,52.0,1,ok,2026-08-07
219,8480950,Ilya Lyubushkin,DAL,20252026,5on5,0.43000000000000005,0.46,0.3582089552238806,746.3833333333333,53.0,1,ok,2026-08-07
220,8474574,Tyler Myers,DAL,20252026,5on5,0.4699999999999999,0.46,0.358974358974359,1194.9333333333334,73.0,1,ok,2026-08-07
221,8475755,Alexander Petrovic,DAL,20252026,5on5,0.44,0.45999999999999996,0.3741496598639456,795.1666666666666,54.0,1,ok,2026-08-07
222,8478891,Mason Appleton,DET,20252026,5on5,0.47,0.43999999999999995,0.4826086956521739,772.7833333333333,65.0,1,ok,2026-08-07
223,8477456,J.T. Compher,DET,20252026,5on5,0.46,0.47,0.4608433734939759,1054.4333333333334,82.0,1,ok,2026-08-07
224,8477429,Andrew Copp,DET,20252026,5on5,0.5,0.51,0.4876543209876543,1036.5333333333333,79.0,1,ok,2026-08-07
225,8479337,Alex DeBrincat,DET,20252026,5on5,0.51,0.53,0.4954128440366973,1167.8166666666666,82.0,1,ok,2026-08-07
226,8484471,Emmitt Finnie,DET,20252026,5on5,0.49,0.49,0.5181818181818182,1075.0166666666667,82.0,1,ok,2026-08-07
227,8474141,Patrick Kane,DET,20252026,5on5,0.5,0.52,0.5622775800711743,928.0166666666667,67.0,1,ok,2026-08-07
228,8483464,Marco Kasper,DET,20252026,5on5,0.5,0.5,0.48736462093862815,971.1,81.0,1,ok,2026-08-07
229,8477946,Dylan Larkin,DET,20252026,5on5,0.5,0.47,0.4744318181818182,1065.15,74.0,1,ok,2026-08-07
230,8474102,David Perron,DET,20252026,5on5,0.51,0.57,0.6226415094339622,743.3666666666667,65.0,1,ok,2026-08-07
231,8479992,Michael Rasmussen,DET,20252026,5on5,0.45,0.48,0.5,682.6333333333333,64.0,1,ok,2026-08-07
232,8482078,Lucas Raymond,DET,20252026,5on5,0.51,0.49,0.5068493150684932,1145.5,80.0,1,ok,2026-08-07
233,8474037,James van Riemsdyk,DET,20252026,5on5,0.47,0.48,0.4858490566037736,689.9833333333333,72.0,1,ok,2026-08-07
234,8480879,Jacob Bernard-Docker,DET,20252026,5on5,0.45,0.47,0.411214953271028,834.1833333333333,63.0,1,ok,2026-08-07
235,8475279,Ben Chiarot,DET,20252026,5on5,0.46,0.45,0.4350132625994695,1491.2166666666667,82.0,1,ok,2026-08-07
236,8482762,Simon Edvinsson,DET,20252026,5on5,0.52,0.51,0.34782608695652173,1412.6333333333334,72.0,1,ok,2026-08-07
237,8475753,Justin Faulk,DET,20252026,5on5,0.47,0.45000000000000007,0.46321525885558584,1395.25,78.0,1,ok,2026-08-07
238,8474612,Travis Hamonic,DET,20252026,5on5,0.4600000000000001,0.4600000000000001,0.3918918918918919,326.85,26.0,1,ok,2026-08-07
239,8481607,Albert Johansson,DET,20252026,5on5,0.46,0.4699999999999999,0.45017182130584193,1150.05,82.0,1,ok,2026-08-07
240,8481542,Moritz Seider,DET,20252026,5on5,0.53,0.55,0.3448275862068966,1612.1166666666666,82.0,1,ok,2026-08-07
241,8482703,Colton Dach,EDM,20252026,5on5,0.47,0.44,0.4533333333333333,646.1166666666667,61.0,1,ok,2026-08-07
242,8477450,Jason Dickinson,EDM,20252026,5on5,0.48,0.48,0.2605633802816901,823.1666666666666,63.0,1,ok,2026-08-07
243,8477934,Leon Draisaitl,EDM,20252026,5on5,0.53,0.54,0.6063492063492063,1065.6833333333334,65.0,1,ok,2026-08-07
244,8479365,Trent Frederic,EDM,20252026,5on5,0.47,0.51,0.47161572052401746,804.4333333333333,74.0,1,ok,2026-08-07
245,8474641,Adam Henrique,EDM,20252026,5on5,0.48,0.49,0.37083333333333335,702.7666666666667,65.0,1,ok,2026-08-07
246,8475786,Zach Hyman,EDM,20252026,5on5,0.52,0.56,0.6666666666666666,893.5833333333334,58.0,1,ok,2026-08-07
247,8477406,Mattias Janmark,EDM,20252026,5on5,0.46,0.4799999999999999,0.3620689655172414,439.8,43.0,1,ok,2026-08-07
248,8479368,Max Jones,EDM,20252026,5on5,0.53,0.58,0.4897959183673469,175.05,21.0,1,ok,2026-08-07
249,8477953,Kasperi Kapanen,EDM,20252026,5on5,0.46,0.47,0.5483870967741935,539.3333333333334,41.0,1,ok,2026-08-07
250,8477508,Curtis Lazar,EDM,20252026,5on5,0.46,0.49000000000000005,0.3150684931506849,375.31666666666666,45.0,1,ok,2026-08-07
251,8478402,Connor McDavid,EDM,20252026,5on5,0.54,0.56,0.65,1419.2666666666667,82.0,1,ok,2026-08-07
252,8476454,Ryan Nugent-Hopkins,EDM,20252026,5on5,0.49,0.53,0.6035087719298246,965.6833333333333,72.0,1,ok,2026-08-07
253,8481617,Vasily Podkolzin,EDM,20252026,5on5,0.53,0.52,0.6262626262626263,1148.3833333333334,82.0,1,ok,2026-08-07
254,8478458,Jack Roslovic,EDM,20252026,5on5,0.53,0.5,0.5888501742160279,983.2,69.0,1,ok,2026-08-07
255,8484509,Josh Samanski,EDM,20252026,5on5,0.5,0.55,0.5507246376811594,241.35,24.0,1,ok,2026-08-07
256,8483512,Matt Savoie,EDM,20252026,5on5,0.5,0.49,0.6452830188679245,998.2333333333333,82.0,1,ok,2026-08-07
257,8480803,Evan Bouchard,EDM,20252026,5on5,0.55,0.56,0.5924764890282131,1496.6166666666666,82.0,1,ok,2026-08-07
258,8475218,Mattias Ekholm,EDM,20252026,5on5,0.56,0.57,0.589171974522293,1436.8333333333333,82.0,1,ok,2026-08-07
259,8480834,Ty Emberson,EDM,20252026,5on5,0.46,0.49,0.3418803418803419,1017.8,72.0,1,ok,2026-08-07
260,8476473,Connor Murphy,EDM,20252026,5on5,0.45,0.47000000000000003,0.3382899628252788,1162.5333333333333,80.0,1,ok,2026-08-07
261,8477498,Darnell Nurse,EDM,20252026,5on5,0.48,0.5,0.5253164556962026,1544.95,82.0,1,ok,2026-08-07
262,8481056,Spencer Stastney,EDM,20252026,5on5,0.51,0.49,0.49321266968325794,906.45,66.0,1,ok,2026-08-07
263,8478013,Jake Walman,EDM,20252026,5on5,0.48,0.45,0.5305164319248826,880.25,53.0,1,ok,2026-08-07
264,8477493,Aleksander Barkov,FLA,20252026,5on5,,,,,,0,missing,2026-08-07
265,8477935,Sam Bennett,FLA,20252026,5on5,0.53,0.5,0.5724381625441696,1029.9,76.0,1,ok,2026-08-07
266,8480003,Jesper Boqvist,FLA,20252026,5on5,0.48,0.47,0.5627705627705628,770.55,73.0,1,ok,2026-08-07
267,8479981,Jonah Gadjovich,FLA,20252026,5on5,,,,78.8,10.0,1,thin,2026-08-07
268,8478421,A.J. Greer,FLA,20252026,5on5,0.55,0.53,0.6197718631178707,907.15,78.0,1,ok,2026-08-07
269,8476994,Vinnie Hinostroza,FLA,20252026,5on5,0.44000000000000006,0.37,0.445859872611465,669.85,65.0,1,ok,2026-08-07
270,8479316,Luke Kunin,FLA,20252026,5on5,0.45,0.44,0.56875,533.3,62.0,1,ok,2026-08-07
271,8482113,Anton Lundell,FLA,20252026,5on5,0.52,0.49,0.4791666666666667,858.3666666666667,64.0,1,ok,2026-08-07
272,8480185,Eetu Luostarinen,FLA,20252026,5on5,0.53,0.52,0.4788273615635179,959.4666666666667,73.0,1,ok,2026-08-07
273,8473419,Brad Marchand,FLA,20252026,5on5,0.5,0.48,0.5132275132275133,630.9,52.0,1,ok,2026-08-07
274,8477931,Tomas Nosek,FLA,20252026,5on5,0.48,0.36,0.5211267605633803,246.13333333333333,21.0,1,ok,2026-08-07
275,8481133,Cole Reinhardt,FLA,20252026,5on5,0.43999999999999995,0.43,0.48951048951048953,616.45,59.0,1,ok,2026-08-07
276,8477933,Sam Reinhart,FLA,20252026,5on5,0.51,0.51,0.5048543689320388,897.5666666666667,64.0,1,ok,2026-08-07
277,8478542,Evan Rodrigues,FLA,20252026,5on5,0.55,0.53,0.5478927203065134,918.7333333333333,69.0,1,ok,2026-08-07
278,8482713,Mackie Samoskevich,FLA,20252026,5on5,0.57,0.54,0.5581395348837209,930.25,77.0,1,ok,2026-08-07
279,8481655,Cole Schwindt,FLA,20252026,5on5,0.49,0.56,0.6133333333333333,258.9166666666667,29.0,1,ok,2026-08-07
280,8479314,Matthew Tkachuk,FLA,20252026,5on5,0.56,0.54,0.5,421.2,31.0,1,ok,2026-08-07
281,8477409,Carter Verhaeghe,FLA,20252026,5on5,0.55,0.51,0.5775075987841946,1091.1666666666667,77.0,1,ok,2026-08-07
282,8484304,Uvis Balinskis,FLA,20252026,5on5,0.51,0.45,0.61,769.2166666666667,54.0,1,ok,2026-08-07
283,8477932,Aaron Ekblad,FLA,20252026,5on5,0.52,0.5,0.4775641025641026,1202.7833333333333,72.0,1,ok,2026-08-07
284,8478055,Gustav Forsling,FLA,20252026,5on5,0.53,0.52,0.45058139534883723,1458.8333333333333,80.0,1,ok,2026-08-07
285,8477495,Seth Jones,FLA,20252026,5on5,0.51,0.5,0.44534412955465585,877.6166666666667,52.0,1,ok,2026-08-07
286,8475179,Dmitry Kulikov,FLA,20252026,5on5,0.52,0.45,0.4827586206896552,304.28333333333336,19.0,1,ok,2026-08-07
287,8478859,Niko Mikkola,FLA,20252026,5on5,0.52,0.49000000000000005,0.4750830564784053,1174.3666666666666,68.0,1,ok,2026-08-07
288,8482131,Donovan Sebrango,FLA,20252026,5on5,0.49,0.44999999999999996,0.5144927536231884,598.5166666666667,42.0,1,ok,2026-08-07
289,8476469,Joel Armia,LA,20252026,5on5,0.49,0.49,0.4774774774774775,783.9666666666667,67.0,1,ok,2026-08-07
290,8482124,Quinton Byfield,LA,20252026,5on5,0.53,0.53,0.41228070175438597,1194.0166666666667,79.0,1,ok,2026-08-07
291,8477942,Kevin Fiala,LA,20252026,5on5,0.54,0.54,0.5534883720930233,839.2666666666667,56.0,1,ok,2026-08-07
292,8482726,Samuel Helenius,LA,20252026,5on5,0.48,0.53,0.4262295081967213,419.45,53.0,1,ok,2026-08-07
293,8478472,Mathieu Joseph,LA,20252026,5on5,0.49000000000000005,0.5,0.46621621621621623,566.1166666666667,51.0,1,ok,2026-08-07
294,8477960,Adrian Kempe,LA,20252026,5on5,0.52,0.4799999999999999,0.6522911051212938,1199.85,81.0,1,ok,2026-08-07
295,8471685,Anze Kopitar,LA,20252026,5on5,0.52,0.51,0.6288343558282209,975.5166666666667,67.0,1,ok,2026-08-07
296,8483808,Andrei Kuzmenko,LA,20252026,5on5,0.53,0.54,0.5616438356164384,606.65,52.0,1,ok,2026-08-07
297,8482155,Alex Laferriere,LA,20252026,5on5,0.54,0.52,0.459214501510574,1183.0333333333333,82.0,1,ok,2026-08-07
298,8476872,Scott Laughton,LA,20252026,5on5,0.44,0.5,0.1450381679389313,740.45,64.0,1,ok,2026-08-07
299,8482408,Jeff Malott,LA,20252026,5on5,0.53,0.56,0.5054945054945055,505.43333333333334,58.0,1,ok,2026-08-07
300,8479675,Trevor Moore,LA,20252026,5on5,0.55,0.54,0.4197952218430034,953.25,69.0,1,ok,2026-08-07
301,8478550,Artemi Panarin,LA,20252026,5on5,0.54,0.52,0.6951219512195121,1293.6333333333334,78.0,1,ok,2026-08-07
302,8481532,Alex Turcotte,LA,20252026,5on5,0.55,0.57,0.5870967741935483,643.9333333333333,62.0,1,ok,2026-08-07
303,8483406,Taylor Ward,LA,20252026,5on5,0.5,0.53,0.375,318.21666666666664,36.0,1,ok,2026-08-07
304,8483756,Jared Wright,LA,20252026,5on5,0.51,0.61,0.19736842105263158,260.28333333333336,23.0,1,ok,2026-08-07
305,8479998,Mikey Anderson,LA,20252026,5on5,0.5,0.52,0.36728395061728397,1418.5,80.0,1,ok,2026-08-07
306,8476879,Cody Ceci,LA,20252026,5on5,0.51,0.51,0.3283582089552239,1245.5666666666666,82.0,1,ok,2026-08-07
307,8482730,Brandt Clarke,LA,20252026,5on5,0.54,0.54,0.6623711340206185,1389.45,82.0,1,ok,2026-08-07
308,8474563,Drew Doughty,LA,20252026,5on5,0.54,0.55,0.42153846153846153,1382.55,72.0,1,ok,2026-08-07
309,8475208,Brian Dumoulin,LA,20252026,5on5,0.51,0.5,0.3767605633802817,1304.4666666666667,82.0,1,ok,2026-08-07
310,8476441,Joel Edmundson,LA,20252026,5on5,0.51,0.5,0.6270270270270271,1261.6333333333334,82.0,1,ok,2026-08-07
311,8479421,Jacob Moverare,LA,20252026,5on5,,,,131.33333333333334,15.0,1,thin,2026-08-07
312,8477979,Nicolas Aube-Kubel,MIN,20252026,5on5,,,,66.53333333333333,6.0,1,thin,2026-08-07
313,8481557,Matt Boldy,MIN,20252026,5on5,0.51,0.52,0.49146757679180886,1078.1166666666666,76.0,1,ok,2026-08-07
314,8481553,Bobby Brink,MIN,20252026,5on5,0.49,0.51,0.5671641791044776,876.0,68.0,1,ok,2026-08-07
315,8478493,Joel Eriksson Ek,MIN,20252026,5on5,0.5,0.51,0.4548736462093863,924.2,70.0,1,ok,2026-08-07
316,8477952,Robby Fabbri,MIN,20252026,5on5,0.45,0.47000000000000003,0.41379310344827586,237.0,21.0,1,ok,2026-08-07
317,8475220,Marcus Foligno,MIN,20252026,5on5,0.49,0.53,0.33557046979865773,623.0166666666667,56.0,1,ok,2026-08-07
318,8473422,Nick Foligno,MIN,20252026,5on5,0.48000000000000004,0.5,0.3223684210526316,542.1833333333333,53.0,1,ok,2026-08-07
319,8483452,Hunter Haight,MIN,20252026,5on5,,,,92.46666666666667,9.0,1,thin,2026-08-07
320,8477451,Ryan Hartman,MIN,20252026,5on5,0.5,0.54,0.48854961832061067,1105.0333333333333,76.0,1,ok,2026-08-07
321,8475149,Marcus Johansson,MIN,20252026,5on5,0.5,0.54,0.47692307692307695,978.5833333333334,75.0,1,ok,2026-08-07
322,8480259,Ben Jones,MIN,20252026,5on5,0.39,0.42,0.17307692307692307,234.03333333333333,28.0,1,ok,2026-08-07
323,8478864,Kirill Kaprizov,MIN,20252026,5on5,0.51,0.54,0.6694915254237288,1344.9833333333333,78.0,1,ok,2026-08-07
324,8477446,Michael McCarron,MIN,20252026,5on5,0.48,0.5,0.23605150214592274,897.5166666666667,79.0,1,ok,2026-08-07
325,8481477,Nico Sturm,MIN,20252026,5on5,0.43999999999999995,0.51,0.20168067226890757,443.0,49.0,1,ok,2026-08-07
326,8475765,Vladimir Tarasenko,MIN,20252026,5on5,0.44,0.49,0.46946564885496184,913.0666666666667,75.0,1,ok,2026-08-07
327,8478508,Yakov Trenin,MIN,20252026,5on5,0.45,0.51,0.3611111111111111,958.7,82.0,1,ok,2026-08-07
328,8483525,Danila Yurov,MIN,20252026,5on5,0.4699999999999999,0.48999999999999994,0.5678391959798995,897.2,73.0,1,ok,2026-08-07
329,8475692,Mats Zuccarello,MIN,20252026,5on5,0.5,0.54,0.6422413793103449,860.7333333333333,59.0,1,ok,2026-08-07
330,8474567,Zach Bogosian,MIN,20252026,5on5,0.46,0.47,0.4939759036144578,555.9666666666667,41.0,1,ok,2026-08-07
331,8476463,Jonas Brodin,MIN,20252026,5on5,0.49,0.55,0.36492890995260663,1099.1166666666666,62.0,1,ok,2026-08-07
332,8482122,Brock Faber,MIN,20252026,5on5,0.5,0.53,0.4,1630.3666666666666,80.0,1,ok,2026-08-07
333,8486166,Viking Gustafsson Nyberg,MIN,20252026,5on5,,,,33.233333333333334,2.0,1,thin,2026-08-07
334,8480800,Quinn Hughes,MIN,20252026,5on5,0.53,0.53,0.49333333333333335,1646.0333333333333,74.0,1,ok,2026-08-07
335,8482094,Daemon Hunt,MIN,20252026,5on5,0.38,0.42000000000000004,0.4050632911392405,355.05,32.0,1,ok,2026-08-07
336,8482641,Matt Kiersted,MIN,20252026,5on5,,,,80.33333333333333,6.0,1,thin,2026-08-07
337,8482781,Carson Lambos,MIN,20252026,5on5,,,,9.033333333333333,1.0,1,thin,2026-08-07
338,8478136,Jake Middleton,MIN,20252026,5on5,0.46,0.51,0.3872340425531915,1137.0666666666666,75.0,1,ok,2026-08-07
339,8473507,Jeff Petry,MIN,20252026,5on5,0.52,0.53,0.6062176165803109,881.0833333333334,67.0,1,ok,2026-08-07
340,8483766,David Spacek,MIN,20252026,5on5,,,,21.2,2.0,1,thin,2026-08-07
341,8474716,Jared Spurgeon,MIN,20252026,5on5,0.48000000000000004,0.52,0.38144329896907214,1261.2666666666667,79.0,1,ok,2026-08-07
342,8476981,Josh Anderson,MON,20252026,5on5,0.48,0.44,0.3568281938325991,812.55,72.0,1,ok,2026-08-07
343,8483424,Owen Beck,MON,20252026,5on5,,,,137.78333333333333,15.0,1,thin,2026-08-07
344,8482737,Zachary Bolduc,MON,20252026,5on5,0.49,0.5,0.5134099616858238,921.8333333333334,78.0,1,ok,2026-08-07
345,8481540,Cole Caufield,MON,20252026,5on5,0.53,0.54,0.616822429906542,1122.2333333333333,81.0,1,ok,2026-08-07
346,8481523,Kirby Dach,MON,20252026,5on5,0.47,0.45,0.5263157894736842,444.53333333333336,37.0,1,ok,2026-08-07
347,8476479,Phillip Danault,MON,20252026,5on5,0.5,0.45,0.40963855421686746,931.1,75.0,1,ok,2026-08-07
348,8484984,Ivan Demidov,MON,20252026,5on5,0.45,0.47,0.7142857142857143,955.6833333333333,82.0,1,ok,2026-08-07
349,8478133,Jake Evans,MON,20252026,5on5,0.46,0.46,0.28085106382978725,806.2,68.0,1,ok,2026-08-07
350,8475848,Brendan Gallagher,MON,20252026,5on5,0.51,0.49,0.5206611570247934,827.3833333333333,77.0,1,ok,2026-08-07
351,8482775,Oliver Kapanen,MON,20252026,5on5,0.43,0.43,0.6764705882352942,946.9666666666667,82.0,1,ok,2026-08-07
352,8479339,Patrik Laine,MON,20252026,5on5,,,,49.38333333333333,5.0,1,thin,2026-08-07
353,8481618,Alex Newhook,MON,20252026,5on5,0.44,0.43,0.6791044776119403,502.8666666666667,42.0,1,ok,2026-08-07
354,8483515,Juraj Slafkovský,MON,20252026,5on5,0.49,0.48,0.5963855421686747,1158.6,82.0,1,ok,2026-08-07
355,8480018,Nick Suzuki,MON,20252026,5on5,0.53,0.53,0.5441595441595442,1248.4,82.0,1,ok,2026-08-07
356,8480074,Alexandre Texier,MON,20252026,5on5,0.52,0.5,0.4965986394557823,622.2166666666667,51.0,1,ok,2026-08-07
357,8480813,Joe Veleno,MON,20252026,5on5,0.48000000000000004,0.46,0.5025125628140703,622.5833333333334,61.0,1,ok,2026-08-07
358,8484403,Florian Xhekaj,MON,20252026,5on5,,,,47.983333333333334,5.0,1,thin,2026-08-07
359,8478851,Alexandre Carrier,MON,20252026,5on5,0.48000000000000004,0.48999999999999994,0.3562231759656652,1123.5166666666667,73.0,1,ok,2026-08-07
360,8480865,Noah Dobson,MON,20252026,5on5,0.47000000000000003,0.46,0.5040650406504065,1422.3,80.0,1,ok,2026-08-07
361,8483686,Adam Engstrom,MON,20252026,5on5,0.51,0.47,0.6904761904761905,188.53333333333333,15.0,1,ok,2026-08-07
362,8482087,Kaiden Guhle,MON,20252026,5on5,0.45,0.4600000000000001,0.31343283582089554,662.7333333333333,39.0,1,ok,2026-08-07
363,8483457,Lane Hutson,MON,20252026,5on5,0.53,0.54,0.6282051282051282,1547.0666666666666,82.0,1,ok,2026-08-07
364,8476875,Mike Matheson,MON,20252026,5on5,0.46,0.45,0.35097493036211697,1471.0666666666666,78.0,1,ok,2026-08-07
365,8484220,David Reinbacher,MON,20252026,5on5,,,,24.583333333333332,2.0,1,thin,2026-08-07
366,8481593,Jayden Struble,MON,20252026,5on5,0.5,0.4799999999999999,0.6277372262773723,800.3166666666667,59.0,1,ok,2026-08-07
367,8482964,Arber Xhekaj,MON,20252026,5on5,0.47,0.43000000000000005,0.5871559633027523,716.2333333333333,65.0,1,ok,2026-08-07
369,8482146,Luke Evangelista,NAS,20252026,5on5,0.57,0.55,0.5476190476190477,1127.8,81.0,1,ok,2026-08-07
370,8476887,Filip Forsberg,NAS,20252026,5on5,0.52,0.4799999999999999,0.574468085106383,1210.7333333333333,82.0,1,ok,2026-08-07
371,8475287,Erik Haula,NAS,20252026,5on5,0.49,0.47,0.5277777777777778,1014.2333333333333,81.0,1,ok,2026-08-07
372,8479370,Tyson Jost,NAS,20252026,5on5,0.49,0.45,0.4472049689440994,751.1,69.0,1,ok,2026-08-07
373,8476539,Jonathan Marchessault,NAS,20252026,5on5,0.46,0.43,0.5919282511210763,821.8666666666667,62.0,1,ok,2026-08-07
374,8475158,Ryan O'Reilly,NAS,20252026,5on5,0.52,0.52,0.490625,1183.6666666666667,81.0,1,ok,2026-08-07
375,8474564,Steven Stamkos,NAS,20252026,5on5,0.5,0.53,0.5451895043731778,1117.8166666666666,82.0,1,ok,2026-08-07
376,8482768,Fedor Svechkov,NAS,20252026,5on5,0.5,0.49,0.6428571428571429,783.9,70.0,1,ok,2026-08-07
377,8482103,Ozzy Wiesblatt,NAS,20252026,5on5,0.48,0.4600000000000001,0.31958762886597936,377.53333333333336,40.0,1,ok,2026-08-07
378,8484241,Matthew Wood,NAS,20252026,5on5,0.49,0.47,0.7247191011235955,748.85,71.0,1,ok,2026-08-07
379,8482111,Justin Barron,NAS,20252026,5on5,0.51,0.5,0.4791666666666667,696.4166666666666,52.0,1,ok,2026-08-07
380,8479980,Nicolas Hague,NAS,20252026,5on5,0.5,0.49000000000000005,0.465,1053.1666666666667,62.0,1,ok,2026-08-07
381,8474600,Roman Josi,NAS,20252026,5on5,0.5,0.49000000000000005,0.5382165605095541,1304.1666666666667,68.0,1,ok,2026-08-07
382,8480246,Nick Perbix,NAS,20252026,5on5,0.48,0.4600000000000001,0.47368421052631576,1237.2,79.0,1,ok,2026-08-07
383,8476869,Brady Skjei,NAS,20252026,5on5,0.48,0.49,0.3778409090909091,1457.6,82.0,1,ok,2026-08-07
384,8482482,Adam Wilsby,NAS,20252026,5on5,0.51,0.48,0.398989898989899,898.2,58.0,1,ok,2026-08-07
385,8475760,Nick Bjugstad,NJ,20252026,5on5,0.45000000000000007,0.47,0.4368421052631579,611.8166666666667,61.0,1,ok,2026-08-07
386,8479407,Jesper Bratt,NJ,20252026,5on5,0.56,0.55,0.6420454545454546,1161.8666666666666,82.0,1,ok,2026-08-07
387,8477015,Connor Brown,NJ,20252026,5on5,0.51,0.48,0.5502008032128514,1027.5666666666666,75.0,1,ok,2026-08-07
388,8481032,Paul Cotter,NJ,20252026,5on5,0.44,0.41,0.6009389671361502,820.2833333333333,79.0,1,ok,2026-08-07
389,8474149,Evgenii Dadonov,NJ,20252026,5on5,0.42,0.34,0.6212121212121212,237.26666666666668,24.0,1,ok,2026-08-07
390,8479996,Cody Glass,NJ,20252026,5on5,0.52,0.49,0.4601226993865031,850.25,70.0,1,ok,2026-08-07
391,8481721,Arseny Gritsyuk,NJ,20252026,5on5,0.58,0.53,0.47346938775510206,898.0166666666667,66.0,1,ok,2026-08-07
392,8480002,Nico Hischier,NJ,20252026,5on5,0.54,0.55,0.46284501061571126,1227.9166666666667,82.0,1,ok,2026-08-07
393,8481559,Jack Hughes,NJ,20252026,5on5,0.56,0.54,0.7937219730941704,1038.3666666666666,61.0,1,ok,2026-08-07
394,8479772,Zack MacEwen,NJ,20252026,5on5,,,,18.8,3.0,1,thin,2026-08-07
395,8478414,Timo Meier,NJ,20252026,5on5,0.54,0.54,0.456,1192.5833333333333,77.0,1,ok,2026-08-07
396,8482110,Dawson Mercer,NJ,20252026,5on5,0.53,0.53,0.4626038781163435,1171.8166666666666,82.0,1,ok,2026-08-07
397,8476474,Stefan Noesen,NJ,20252026,5on5,0.47,0.44,0.4752475247524752,375.6166666666667,38.0,1,ok,2026-08-07
398,8484958,Maxim Tsyplakov,NJ,20252026,5on5,0.5,0.48,0.5754716981132075,436.21666666666664,49.0,1,ok,2026-08-07
399,8479395,Dennis Cholowski,NJ,20252026,5on5,0.44999999999999996,0.44,0.46,243.96666666666667,17.0,1,ok,2026-08-07
400,8475455,Brenden Dillon,NJ,20252026,5on5,0.5,0.5,0.4575757575757576,1261.7666666666667,82.0,1,ok,2026-08-07
401,8476462,Dougie Hamilton,NJ,20252026,5on5,0.54,0.53,0.4796511627906977,1321.7166666666667,77.0,1,ok,2026-08-07
402,8482684,Luke Hughes,NJ,20252026,5on5,0.54,0.5,0.4987146529562982,1303.3166666666666,68.0,1,ok,2026-08-07
403,8480192,Johnathan Kovacevic,NJ,20252026,5on5,0.51,0.49,0.3673469387755102,543.7,34.0,1,ok,2026-08-07
404,8483495,Simon Nemec,NJ,20252026,5on5,0.5,0.47,0.5102739726027398,1199.5,68.0,1,ok,2026-08-07
405,8477488,Brett Pesce,NJ,20252026,5on5,0.52,0.49,0.5425531914893617,632.5,37.0,1,ok,2026-08-07
406,8478399,Jonas Siegenthaler,NJ,20252026,5on5,0.5,0.49,0.4136986301369863,1407.2666666666667,82.0,1,ok,2026-08-07
407,8478445,Mathew Barzal,NYI,20252026,5on5,0.52,0.52,0.6170886075949367,1273.3333333333333,81.0,1,ok,2026-08-07
408,8475231,Casey Cizikas,NYI,20252026,5on5,0.49,0.51,0.4805194805194805,816.8833333333333,81.0,1,ok,2026-08-07
409,8477407,Anthony Duclair,NYI,20252026,5on5,0.44,0.41,0.6169154228855721,720.6333333333333,62.0,1,ok,2026-08-07
410,8483553,Marc Gatcomb,NYI,20252026,5on5,0.49,0.54,0.5038759689922481,489.6333333333333,49.0,1,ok,2026-08-07
411,8482476,Emil Heineman,NYI,20252026,5on5,0.5,0.46,0.540625,1113.75,82.0,1,ok,2026-08-07
412,8481601,Simon Holmstrom,NYI,20252026,5on5,0.49,0.48,0.5234899328859061,986.9666666666667,79.0,1,ok,2026-08-07
413,8477500,Bo Horvat,NYI,20252026,5on5,0.53,0.49,0.5017182130584192,937.6166666666667,68.0,1,ok,2026-08-07
414,8475314,Anders Lee,NYI,20252026,5on5,0.52,0.51,0.5746031746031746,1055.0166666666667,82.0,1,ok,2026-08-07
415,8481237,Kyle MacLean,NYI,20252026,5on5,0.47,0.48999999999999994,0.5032679738562091,605.7333333333333,59.0,1,ok,2026-08-07
416,8476419,Jean-Gabriel Pageau,NYI,20252026,5on5,0.46,0.46,0.47157190635451507,900.0333333333333,74.0,1,ok,2026-08-07
417,8476292,Ondrej Palat,NYI,20252026,5on5,0.49,0.48,0.4931506849315068,922.0833333333334,80.0,1,ok,2026-08-07
418,8475151,Kyle Palmieri,NYI,20252026,5on5,0.5,0.45,0.5943396226415094,320.8833333333333,25.0,1,ok,2026-08-07
419,8475170,Brayden Schenn,NYI,20252026,5on5,0.47,0.49,0.5601092896174863,1095.9166666666667,80.0,1,ok,2026-08-07
420,8485702,Max Shabanov,NYI,20252026,5on5,0.44,0.42,0.5555555555555556,514.0,44.0,1,ok,2026-08-07
421,8480871,Adam Boqvist,NYI,20252026,5on5,0.42000000000000004,0.44,0.6103896103896104,341.95,28.0,1,ok,2026-08-07
422,8477950,Tony DeAngelo,NYI,20252026,5on5,0.52,0.4699999999999999,0.4684385382059801,1280.4833333333333,76.0,1,ok,2026-08-07
423,8476429,Scott Mayfield,NYI,20252026,5on5,0.45,0.45999999999999996,0.522633744855967,1164.8333333333333,80.0,1,ok,2026-08-07
424,8476917,Adam Pelech,NYI,20252026,5on5,0.53,0.53,0.39226519337016574,1441.6166666666666,82.0,1,ok,2026-08-07
425,8477506,Ryan Pulock,NYI,20252026,5on5,0.47,0.47,0.45045045045045046,1299.45,76.0,1,ok,2026-08-07
426,8481014,Alexander Romanov,NYI,20252026,5on5,0.42,0.33,0.5957446808510638,247.01666666666668,15.0,1,ok,2026-08-07
427,8485366,Matthew Schaefer,NYI,20252026,5on5,0.5,0.51,0.4985507246376812,1538.4333333333334,82.0,1,ok,2026-08-07
428,8477369,Carson Soucy,NYI,20252026,5on5,0.46,0.46,0.41379310344827586,1118.9166666666667,76.0,1,ok,2026-08-07
429,8477380,Jonny Brodzinski,NYR,20252026,5on5,0.4699999999999999,0.4699999999999999,0.48872180451127817,576.6333333333333,55.0,1,ok,2026-08-07
430,8482877,Jaroslav Chmelar,NYR,20252026,5on5,0.47,0.52,0.5555555555555556,253.61666666666667,28.0,1,ok,2026-08-07
431,8482157,Will Cuylle,NYR,20252026,5on5,0.48999999999999994,0.47,0.5173410404624278,1085.1333333333334,82.0,1,ok,2026-08-07
432,8481726,Adam Edstrom,NYR,20252026,5on5,0.47,0.46,0.3780487804878049,326.98333333333335,35.0,1,ok,2026-08-07
433,8481789,Tye Kartye,NYR,20252026,5on5,0.48,0.44,0.3389830508474576,670.6333333333333,64.0,1,ok,2026-08-07
434,8483690,Noah Laba,NYR,20252026,5on5,0.46,0.46,0.46445497630331756,858.5,74.0,1,ok,2026-08-07
435,8482109,Alexis Lafrenière,NYR,20252026,5on5,0.52,0.53,0.6070381231671554,1189.6333333333334,82.0,1,ok,2026-08-07
436,8476468,J.T. Miller,NYR,20252026,5on5,0.49,0.52,0.4913294797687861,975.0833333333334,68.0,1,ok,2026-08-07
437,8484210,Gabe Perreault,NYR,20252026,5on5,0.48,0.48,0.5833333333333334,704.3833333333333,49.0,1,ok,2026-08-07
438,8479390,Taylor Raddysh,NYR,20252026,5on5,0.47,0.45,0.4,720.1833333333333,68.0,1,ok,2026-08-07
439,8482460,Matt Rempe,NYR,20252026,5on5,0.51,0.51,0.42857142857142855,214.18333333333334,26.0,1,ok,2026-08-07
440,8477839,Conor Sheary,NYR,20252026,5on5,0.5,0.51,0.5283842794759825,780.6666666666666,62.0,1,ok,2026-08-07
441,8483669,Adam Sykora,NYR,20252026,5on5,,,,120.63333333333334,11.0,1,thin,2026-08-07
442,8476389,Vincent Trocheck,NYR,20252026,5on5,0.5,0.43,0.49498327759197325,981.7166666666667,67.0,1,ok,2026-08-07
443,8476459,Mika Zibanejad,NYR,20252026,5on5,0.48999999999999994,0.51,0.5809768637532133,1197.85,81.0,1,ok,2026-08-07
444,8478840,Will Borgen,NYR,20252026,5on5,0.4600000000000001,0.4600000000000001,0.33687943262411346,1166.05,75.0,1,ok,2026-08-07
445,8484169,Drew Fortescue,NYR,20252026,5on5,,,,131.23333333333332,9.0,1,thin,2026-08-07
446,8479323,Adam Fox,NYR,20252026,5on5,0.56,0.58,0.5254237288135594,1025.8833333333334,55.0,1,ok,2026-08-07
447,8478882,Vladislav Gavrikov,NYR,20252026,5on5,0.5,0.5,0.5257985257985258,1605.35,82.0,1,ok,2026-08-07
448,8482861,Vincent Iorio,NYR,20252026,5on5,0.45,0.42000000000000004,0.5121951219512195,383.6666666666667,27.0,1,ok,2026-08-07
449,8481525,Matthew Robertson,NYR,20252026,5on5,0.49,0.49,0.3548387096774194,1122.7166666666667,72.0,1,ok,2026-08-07
450,8482073,Braden Schneider,NYR,20252026,5on5,0.46,0.44,0.3594306049822064,1421.6166666666666,82.0,1,ok,2026-08-07
451,8480001,Urho Vaakanainen,NYR,20252026,5on5,0.5,0.47,0.25,449.18333333333334,34.0,1,ok,2026-08-07
452,8478020,Michael Amadio,OTT,20252026,5on5,0.51,0.55,0.34285714285714286,1158.35,81.0,1,ok,2026-08-07
453,8480208,Drake Batherson,OTT,20252026,5on5,0.55,0.56,0.7598870056497176,1053.0166666666667,79.0,1,ok,2026-08-07
454,8481578,Graeme Clarke,OTT,20252026,5on5,,,,,,0,missing,2026-08-07
455,8476393,Nick Cousins,OTT,20252026,5on5,0.52,0.56,0.5771144278606966,915.9833333333333,81.0,1,ok,2026-08-07
456,8481528,Dylan Cozens,OTT,20252026,5on5,0.57,0.61,0.6014150943396226,1068.85,82.0,1,ok,2026-08-07
457,8474189,Lars Eller,OTT,20252026,5on5,0.47000000000000003,0.4799999999999999,0.42379182156133827,680.45,68.0,1,ok,2026-08-07
458,8477998,Warren Foegele,OTT,20252026,5on5,0.48000000000000004,0.51,0.4956140350877193,811.1166666666667,68.0,1,ok,2026-08-07
459,8473512,Claude Giroux,OTT,20252026,5on5,0.54,0.58,0.494949494949495,986.7833333333333,82.0,1,ok,2026-08-07
460,8482092,Ridly Greig,OTT,20252026,5on5,0.52,0.54,0.4525,1008.6333333333333,77.0,1,ok,2026-08-07
461,8483676,Stephen Halliday,OTT,20252026,5on5,0.57,0.55,0.7,196.2,30.0,1,ok,2026-08-07
462,8478173,Hayden Hodgson,OTT,20252026,5on5,,,,69.8,10.0,1,thin,2026-08-07
463,8481560,Arthur Kaliyev,OTT,20252026,5on5,,,,18.9,2.0,1,thin,2026-08-07
464,8477073,Kurtis MacDermid,OTT,20252026,5on5,,,,79.2,19.0,1,thin,2026-08-07
465,8481596,Shane Pinto,OTT,20252026,5on5,0.5,0.57,0.32848837209302323,982.2,72.0,1,ok,2026-08-07
466,8482116,Tim Stützle,OTT,20252026,5on5,0.54,0.53,0.7906976744186046,1110.1,80.0,1,ok,2026-08-07
467,8480801,Brady Tkachuk,OTT,20252026,5on5,0.58,0.62,0.6842105263157895,759.1666666666666,60.0,1,ok,2026-08-07
468,8480188,Fabian Zetterlund,OTT,20252026,5on5,0.53,0.55,0.6818181818181818,940.9833333333333,82.0,1,ok,2026-08-07
469,8478469,Thomas Chabot,OTT,20252026,5on5,0.52,0.54,0.5291479820627802,1008.2666666666667,57.0,1,ok,2026-08-07
470,8480075,Cameron Crotty,OTT,20252026,5on5,,,,81.08333333333333,6.0,1,thin,2026-08-07
471,8478502,Dennis Gilbert,OTT,20252026,5on5,,,,99.36666666666666,8.0,1,thin,2026-08-07
472,8475324,Nick Jensen,OTT,20252026,5on5,0.48,0.51,0.48205128205128206,958.7666666666667,61.0,1,ok,2026-08-07
473,8482095,Tyler Kleven,OTT,20252026,5on5,0.53,0.54,0.5872340425531914,1074.0166666666667,70.0,1,ok,2026-08-07
474,8484321,Nikolas Matinpalo,OTT,20252026,5on5,0.46,0.54,0.4632352941176471,699.7333333333333,50.0,1,ok,2026-08-07
475,8482105,Jake Sanderson,OTT,20252026,5on5,0.56,0.58,0.4806201550387597,1165.0833333333333,67.0,1,ok,2026-08-07
476,8481606,Jordan Spence,OTT,20252026,5on5,0.6,0.62,0.6875,1219.4833333333333,73.0,1,ok,2026-08-07
477,8481575,Lassi Thomson,OTT,20252026,5on5,,,,141.16666666666666,11.0,1,thin,2026-08-07
478,8484759,Carter Yakemchuk,OTT,20252026,5on5,,,,50.53333333333333,4.0,1,thin,2026-08-07
479,8482245,Artem Zub,OTT,20252026,5on5,0.51,0.54,0.3268156424581006,1377.8333333333333,81.0,1,ok,2026-08-07
480,8479022,Rodrigo Abols,PHI,20252026,5on5,0.44,0.4,0.38271604938271603,408.65,42.0,1,ok,2026-08-07
481,8484142,Denver Barkey,PHI,20252026,5on5,0.49,0.54,0.46938775510204084,500.8333333333333,43.0,1,ok,2026-08-07
482,8483731,Alex Bump,PHI,20252026,5on5,0.44999999999999996,0.44,0.6666666666666666,195.83333333333334,17.0,1,ok,2026-08-07
483,8480220,Noah Cates,PHI,20252026,5on5,0.48,0.51,0.583916083916084,993.4666666666667,82.0,1,ok,2026-08-07
484,8476461,Sean Couturier,PHI,20252026,5on5,0.5,0.54,0.3898305084745763,1012.1333333333333,78.0,1,ok,2026-08-07
485,8477989,Christian Dvorak,PHI,20252026,5on5,0.46,0.48000000000000004,0.5221238938053098,1124.6333333333334,80.0,1,ok,2026-08-07
486,8482159,Tyson Foerster,PHI,20252026,5on5,0.46,0.53,0.47619047619047616,391.35,29.0,1,ok,2026-08-07
487,8481848,Jacob Gaucher,PHI,20252026,5on5,,,,33.56666666666667,4.0,1,thin,2026-08-07
488,8476822,Luke Glendening,PHI,20252026,5on5,0.41,0.39,0.41825095057034223,609.45,70.0,1,ok,2026-08-07
489,8483733,Nikita Grebenkin,PHI,20252026,5on5,0.4799999999999999,0.44999999999999996,0.5072463768115942,600.9,55.0,1,ok,2026-08-07
490,8479336,Carl Grundstrom,PHI,20252026,5on5,0.46,0.47,0.4846153846153846,514.5166666666667,47.0,1,ok,2026-08-07
491,8477903,Garnet Hathaway,PHI,20252026,5on5,0.45000000000000007,0.48,0.4034090909090909,603.1,66.0,1,ok,2026-08-07
492,8478439,Travis Konecny,PHI,20252026,5on5,0.47,0.48,0.5393939393939394,1117.6166666666666,77.0,1,ok,2026-08-07
493,8484779,Jett Luchanko,PHI,20252026,5on5,,,,35.46666666666667,4.0,1,thin,2026-08-07
494,8485406,Porter Martone,PHI,20252026,5on5,,,,128.35,9.0,1,thin,2026-08-07
495,8484387,Matvei Michkov,PHI,20252026,5on5,0.5,0.53,0.7411347517730497,990.05,81.0,1,ok,2026-08-07
496,8480015,Owen Tippett,PHI,20252026,5on5,0.5,0.55,0.4523076923076923,1089.15,81.0,1,ok,2026-08-07
497,8475253,Garrett Wilson,PHI,20252026,5on5,,,,26.033333333333335,3.0,1,thin,2026-08-07
498,8481533,Trevor Zegras,PHI,20252026,5on5,0.5,0.55,0.5733788395904437,1216.1333333333334,81.0,1,ok,2026-08-07
499,8482126,Emil Andrae,PHI,20252026,5on5,0.5,0.53,0.5977653631284916,885.8666666666667,61.0,1,ok,2026-08-07
501,8484148,Oliver Bonk,PHI,20252026,5on5,,,,12.733333333333333,1.0,1,thin,2026-08-07
502,8482142,Jamie Drysdale,PHI,20252026,5on5,0.48,0.51,0.4965034965034965,1433.1,78.0,1,ok,2026-08-07
503,8482169,Helge Grans,PHI,20252026,5on5,,,,,,0,missing,2026-08-07
504,8483460,David Jiricek,PHI,20252026,5on5,0.45999999999999996,0.43,0.3611111111111111,297.65,26.0,1,ok,2026-08-07
505,8478454,Noah Juulsen,PHI,20252026,5on5,0.45,0.47,0.6068965517241379,636.45,52.0,1,ok,2026-08-07
506,8483760,Hunter McDonald,PHI,20252026,5on5,,,,12.6,1.0,1,thin,2026-08-07
507,8477499,Rasmus Ristolainen,PHI,20252026,5on5,0.4799999999999999,0.51,0.38219895287958117,773.0,44.0,1,ok,2026-08-07
508,8477948,Travis Sanheim,PHI,20252026,5on5,0.48000000000000004,0.52,0.37566137566137564,1543.4666666666667,81.0,1,ok,2026-08-07
509,8476372,Nick Seeler,PHI,20252026,5on5,0.48,0.51,0.44672131147540983,1219.7833333333333,80.0,1,ok,2026-08-07
510,8481546,Cam York,PHI,20252026,5on5,0.4600000000000001,0.4799999999999999,0.440625,1285.8166666666666,74.0,1,ok,2026-08-07
511,8478569,Noel Acciari,PIT,20252026,5on5,0.49000000000000005,0.52,0.11267605633802817,723.4833333333333,67.0,1,ok,2026-08-07
512,8479638,Justin Brazeau,PIT,20252026,5on5,0.49,0.51,0.675,733.2,64.0,1,ok,2026-08-07
513,8482475,Egor Chinakhov,PIT,20252026,5on5,0.49,0.5,0.6490384615384616,855.05,72.0,1,ok,2026-08-07
514,8471675,Sidney Crosby,PIT,20252026,5on5,0.5,0.5,0.6633986928104575,1032.1333333333334,68.0,1,ok,2026-08-07
515,8480980,Connor Dewar,PIT,20252026,5on5,0.51,0.51,0.11974110032362459,858.35,78.0,1,ok,2026-08-07
516,8480842,Filip Hallander,PIT,20252026,5on5,0.48000000000000004,0.5,0.55,153.03333333333333,13.0,1,ok,2026-08-07
517,8475763,Kevin Hayes,PIT,20252026,5on5,0.52,0.55,0.48863636363636365,314.01666666666665,28.0,1,ok,2026-08-07
518,8485414,Ben Kindel,PIT,20252026,5on5,0.52,0.51,0.5676855895196506,935.9833333333333,77.0,1,ok,2026-08-07
519,8482758,Ville Koivunen,PIT,20252026,5on5,0.57,0.56,0.67,451.45,39.0,1,ok,2026-08-07
520,8481481,Blake Lizotte,PIT,20252026,5on5,0.53,0.52,0.06572769953051644,610.1666666666666,55.0,1,ok,2026-08-07
521,8471215,Evgeni Malkin,PIT,20252026,5on5,0.48000000000000004,0.5,0.7674418604651163,769.25,56.0,1,ok,2026-08-07
522,8477511,Anthony Mantha,PIT,20252026,5on5,0.48,0.5,0.7311827956989247,1007.8333333333334,81.0,1,ok,2026-08-07
523,8478438,Tommy Novak,PIT,20252026,5on5,0.51,0.55,0.6570247933884298,1046.4,82.0,1,ok,2026-08-07
524,8476483,Rickard Rakell,PIT,20252026,5on5,0.5,0.49,0.6563706563706564,852.5666666666667,60.0,1,ok,2026-08-07
525,8475810,Bryan Rust,PIT,20252026,5on5,0.49,0.48,0.6308139534883721,1033.0333333333333,72.0,1,ok,2026-08-07
526,8481725,Elmer Soderblom,PIT,20252026,5on5,0.48,0.51,0.39893617021276595,633.9,59.0,1,ok,2026-08-07
527,8477365,Connor Clifton,PIT,20252026,5on5,0.48,0.56,0.3119266055045872,729.5,50.0,1,ok,2026-08-07
528,8479398,Samuel Girard,PIT,20252026,5on5,0.54,0.55,0.41517857142857145,1010.3666666666667,60.0,1,ok,2026-08-07
529,8477435,Ryan Graves,PIT,20252026,5on5,0.52,0.53,0.3137254901960784,322.81666666666666,22.0,1,ok,2026-08-07
530,8474578,Erik Karlsson,PIT,20252026,5on5,0.54,0.51,0.5260115606936416,1307.5833333333333,75.0,1,ok,2026-08-07
531,8471724,Kris Letang,PIT,20252026,5on5,0.49,0.49,0.6194029850746269,1336.2666666666667,74.0,1,ok,2026-08-07
532,8486169,Jake Livanavage,PIT,20252026,5on5,,,,20.033333333333335,1.0,1,thin,2026-08-07
533,8478854,Ryan Shea,PIT,20252026,5on5,0.49,0.52,0.4585152838427948,1276.1666666666667,80.0,1,ok,2026-08-07
534,8482470,Ilya Solovyov,PIT,20252026,5on5,0.55,0.59,0.463768115942029,373.18333333333334,30.0,1,ok,2026-08-07
535,8481030,Jack St. Ivany,PIT,20252026,5on5,0.48000000000000004,0.49,0.35555555555555557,297.55,20.0,1,ok,2026-08-07
536,8478450,Parker Wotherspoon,PIT,20252026,5on5,0.52,0.5,0.4560810810810811,1388.1666666666667,80.0,1,ok,2026-08-07
537,8484801,Macklin Celebrini,SJ,20252026,5on5,0.49,0.5,0.6769662921348315,1346.5833333333333,82.0,1,ok,2026-08-07
538,8480848,Ty Dellandrea,SJ,20252026,5on5,0.39,0.38,0.36423841059602646,517.3,46.0,1,ok,2026-08-07
539,8482667,William Eklund,SJ,20252026,5on5,0.5,0.49,0.4542483660130719,1132.0833333333333,78.0,1,ok,2026-08-07
540,8478874,Adam Gaudette,SJ,20252026,5on5,0.44,0.47000000000000003,0.3811881188118812,683.4166666666666,66.0,1,ok,2026-08-07
541,8476624,Barclay Goodrow,SJ,20252026,5on5,0.42,0.45,0.39436619718309857,756.6666666666666,82.0,1,ok,2026-08-07
542,8484911,Collin Graf,SJ,20252026,5on5,0.44,0.5,0.5743944636678201,1054.1666666666667,81.0,1,ok,2026-08-07
543,8480798,Philipp Kurashev,SJ,20252026,5on5,0.46,0.44,0.3828125,549.7833333333333,43.0,1,ok,2026-08-07
544,8485402,Michael Misa,SJ,20252026,5on5,0.5,0.5,0.5555555555555556,514.7166666666667,45.0,1,ok,2026-08-07
545,8482859,Zack Ostapchuk,SJ,20252026,5on5,0.44,0.46,0.38461538461538464,519.1166666666667,59.0,1,ok,2026-08-07
546,8471817,Ryan Reaves,SJ,20252026,5on5,0.43,0.45,0.5102040816326531,388.01666666666665,50.0,1,ok,2026-08-07
547,8483630,Pavol Regenda,SJ,20252026,5on5,0.5,0.5,0.3888888888888889,275.81666666666666,24.0,1,ok,2026-08-07
548,8480748,Kiefer Sherwood,SJ,20252026,5on5,0.54,0.49,0.4962121212121212,969.45,72.0,1,ok,2026-08-07
549,8484227,Will Smith,SJ,20252026,5on5,0.49,0.48,0.6801470588235294,982.1666666666666,69.0,1,ok,2026-08-07
550,8475726,Tyler Toffoli,SJ,20252026,5on5,0.4699999999999999,0.49,0.5403508771929825,918.1166666666667,79.0,1,ok,2026-08-07
551,8477505,Alexander Wennberg,SJ,20252026,5on5,0.48,0.47,0.40668523676880225,1127.0166666666667,80.0,1,ok,2026-08-07
552,8479576,Vincent Desharnais,SJ,20252026,5on5,0.48000000000000004,0.5,0.33516483516483514,764.9666666666667,53.0,1,ok,2026-08-07
553,8484806,Sam Dickinson,SJ,20252026,5on5,0.4799999999999999,0.4799999999999999,0.453781512605042,1093.15,72.0,1,ok,2026-08-07
554,8479983,Mario Ferraro,SJ,20252026,5on5,0.45,0.46,0.36,1403.25,82.0,1,ok,2026-08-07
555,8475906,John Klingberg,SJ,20252026,5on5,0.49,0.49,0.5022026431718062,942.3833333333333,56.0,1,ok,2026-08-07
556,8475181,Nick Leddy,SJ,20252026,5on5,0.45,0.43,0.5984251968503937,520.3833333333333,32.0,1,ok,2026-08-07
557,8482166,Shakir Mukhamadullin,SJ,20252026,5on5,0.45,0.46,0.43452380952380953,772.5833333333334,50.0,1,ok,2026-08-07
558,8475200,Dmitry Orlov,SJ,20252026,5on5,0.51,0.51,0.41954022988505746,1426.2833333333333,82.0,1,ok,2026-08-07
559,8482665,Matty Beniers,SEA,20252026,5on5,0.47,0.47,0.5739348370927319,1244.0166666666667,82.0,1,ok,2026-08-07
560,8484800,Berkly Catton,SEA,20252026,5on5,0.47,0.49000000000000005,0.8169642857142857,785.65,66.0,1,ok,2026-08-07
561,8474586,Jordan Eberle,SEA,20252026,5on5,0.48,0.48,0.584,1185.5166666666667,80.0,1,ok,2026-08-07
562,8477919,Frederick Gaudreau,SEA,20252026,5on5,0.41,0.4,0.23697916666666666,916.7333333333333,68.0,1,ok,2026-08-07
563,8481554,Kaapo Kakko,SEA,20252026,5on5,0.47,0.48,0.697841726618705,819.45,65.0,1,ok,2026-08-07
564,8477955,Jared McCann,SEA,20252026,5on5,0.49,0.54,0.6478260869565218,661.45,52.0,1,ok,2026-08-07
565,8482259,Bobby McMann,SEA,20252026,5on5,0.47,0.45,0.49854227405247814,1116.0166666666667,78.0,1,ok,2026-08-07
566,8483570,Ben Meyers,SEA,20252026,5on5,0.45,0.52,0.1864406779661017,531.8833333333333,52.0,1,ok,2026-08-07
567,8475768,Jaden Schwartz,SEA,20252026,5on5,0.45000000000000007,0.43000000000000005,0.5,658.0666666666667,50.0,1,ok,2026-08-07
568,8476905,Chandler Stephenson,SEA,20252026,5on5,0.4,0.36,0.329004329004329,1123.65,80.0,1,ok,2026-08-07
569,8480009,Eeli Tolvanen,SEA,20252026,5on5,0.43,0.4,0.4011142061281337,995.95,78.0,1,ok,2026-08-07
570,8482751,Ryan Winterton,SEA,20252026,5on5,0.44000000000000006,0.5,0.39826839826839827,744.3666666666667,68.0,1,ok,2026-08-07
571,8483524,Shane Wright,SEA,20252026,5on5,0.4600000000000001,0.53,0.7735849056603774,881.5166666666667,74.0,1,ok,2026-08-07
572,8478407,Vince Dunn,SEA,20252026,5on5,0.45999999999999996,0.45,0.47453703703703703,1459.35,81.0,1,ok,2026-08-07
573,8482858,Ryker Evans,SEA,20252026,5on5,0.45,0.49,0.46296296296296297,1071.3666666666666,67.0,1,ok,2026-08-07
574,8479985,Cale Fleury,SEA,20252026,5on5,0.41000000000000003,0.45,0.3225806451612903,346.98333333333335,23.0,1,ok,2026-08-07
575,8476457,Adam Larsson,SEA,20252026,5on5,0.45,0.44000000000000006,0.4,1493.4666666666667,82.0,1,ok,2026-08-07
576,8479324,Ryan Lindgren,SEA,20252026,5on5,0.45,0.43,0.391304347826087,1169.6166666666666,76.0,1,ok,2026-08-07
577,8479372,Joshua Mahura,SEA,20252026,5on5,0.41000000000000003,0.43,0.4375,319.9,23.0,1,ok,2026-08-07
578,8477986,Brandon Montour,SEA,20252026,5on5,0.48000000000000004,0.48999999999999994,0.48863636363636365,1235.0666666666666,64.0,1,ok,2026-08-07
579,8476467,Jamie Oleksiak,SEA,20252026,5on5,0.46,0.47,0.40654205607476634,1177.2166666666667,78.0,1,ok,2026-08-07
580,8481013,Jonatan Berggren,STL,20252026,5on5,0.52,0.49,0.5585106382978723,633.6833333333333,51.0,1,ok,2026-08-07
581,8477402,Pavel Buchnevich,STL,20252026,5on5,0.5,0.49000000000000005,0.5306122448979592,1069.5166666666667,81.0,1,ok,2026-08-07
582,8477494,Jonathan Drouin,STL,20252026,5on5,0.51,0.46,0.5578512396694215,848.9,64.0,1,ok,2026-08-07
583,8484164,Dalibor Dvorsky,STL,20252026,5on5,0.47,0.45000000000000007,0.6127819548872181,865.7666666666667,71.0,1,ok,2026-08-07
584,8482090,Jack Finley,STL,20252026,5on5,0.48,0.48,0.3254437869822485,383.28333333333336,44.0,1,ok,2026-08-07
585,8482077,Dylan Holloway,STL,20252026,5on5,0.5,0.54,0.6185185185185185,881.95,59.0,1,ok,2026-08-07
586,8479385,Jordan Kyrou,STL,20252026,5on5,0.55,0.59,0.6814516129032258,940.5,72.0,1,ok,2026-08-07
587,8482089,Jake Neighbours,STL,20252026,5on5,0.49,0.52,0.5508771929824562,873.1666666666666,69.0,1,ok,2026-08-07
588,8483516,Jimmy Snuggerud,STL,20252026,5on5,0.48,0.49,0.5692307692307692,976.65,70.0,1,ok,2026-08-07
589,8476897,Oskar Sundqvist,STL,20252026,5on5,0.38,0.38,0.2983425414364641,530.1,52.0,1,ok,2026-08-07
590,8480459,Pius Suter,STL,20252026,5on5,0.49,0.5,0.44782608695652176,811.4333333333333,64.0,1,ok,2026-08-07
591,8480023,Robert Thomas,STL,20252026,5on5,0.52,0.55,0.5401662049861495,917.4,64.0,1,ok,2026-08-07
592,8480281,Alexey Toropchenko,STL,20252026,5on5,0.41000000000000003,0.41000000000000003,0.2815533980582524,659.75,65.0,1,ok,2026-08-07
593,8477573,Nathan Walker,STL,20252026,5on5,0.45,0.46,0.35555555555555557,494.76666666666665,46.0,1,ok,2026-08-07
594,8481598,Philip Broberg,STL,20252026,5on5,0.47,0.5,0.4250614250614251,1518.8,81.0,1,ok,2026-08-07
595,8475764,Cam Fowler,STL,20252026,5on5,0.49000000000000005,0.48,0.5107398568019093,1448.25,82.0,1,ok,2026-08-07
596,8475718,Justin Holl,STL,20252026,5on5,,,,134.93333333333334,9.0,1,thin,2026-08-07
597,8482516,Matthew Kessel,STL,20252026,5on5,0.46,0.45,0.6172839506172839,346.4166666666667,29.0,1,ok,2026-08-07
598,8482733,Logan Mailloux,STL,20252026,5on5,0.48,0.46,0.5697211155378487,1006.95,67.0,1,ok,2026-08-07
599,8476892,Colton Parayko,STL,20252026,5on5,0.47000000000000003,0.52,0.4119106699751861,1450.35,77.0,1,ok,2026-08-07
600,8481006,Tyler Tucker,STL,20252026,5on5,0.51,0.51,0.4717948717948718,908.15,69.0,1,ok,2026-08-07
601,8477416,Oliver Bjorkstrand,TB,20252026,5on5,0.5,0.5,0.592741935483871,822.1666666666666,80.0,1,ok,2026-08-07
602,8478519,Anthony Cirelli,TB,20252026,5on5,0.56,0.56,0.5585284280936454,891.2666666666667,71.0,1,ok,2026-08-07
603,8483447,Conor Geekie,TB,20252026,5on5,,,,133.2,14.0,1,thin,2026-08-07
604,8476878,Zemgus Girgensons,TB,20252026,5on5,0.5,0.5,0.3967741935483871,931.9833333333333,74.0,1,ok,2026-08-07
605,8482201,Gage Goncalves,TB,20252026,5on5,0.53,0.57,0.6639344262295082,862.25,74.0,1,ok,2026-08-07
606,8476826,Yanni Gourde,TB,20252026,5on5,0.52,0.53,0.39285714285714285,1131.6166666666666,82.0,1,ok,2026-08-07
607,8477404,Jake Guentzel,TB,20252026,5on5,0.53,0.53,0.6285714285714286,1132.25,81.0,1,ok,2026-08-07
608,8479542,Brandon Hagel,TB,20252026,5on5,0.58,0.6,0.5882352941176471,1008.9333333333333,71.0,1,ok,2026-08-07
609,8480995,Pontus Holmberg,TB,20252026,5on5,0.54,0.5700000000000001,0.41836734693877553,898.7333333333333,70.0,1,ok,2026-08-07
610,8483752,Dominic James,TB,20252026,5on5,0.54,0.53,0.6153846153846154,479.73333333333335,43.0,1,ok,2026-08-07
611,8476453,Nikita Kucherov,TB,20252026,5on5,0.56,0.56,0.6696696696696697,1137.9333333333334,76.0,1,ok,2026-08-07
612,8477426,Nick Paul,TB,20252026,5on5,0.51,0.5,0.5204081632653061,588.3666666666667,51.0,1,ok,2026-08-07
613,8470621,Corey Perry,TB,20252026,5on5,0.5,0.5,0.6914285714285714,779.6166666666667,72.0,1,ok,2026-08-07
614,8478010,Brayden Point,TB,20252026,5on5,0.52,0.51,0.6989966555183946,862.3,63.0,1,ok,2026-08-07
615,8477149,Scott Sabourin,TB,20252026,5on5,0.46,0.54,0.4878048780487805,206.3,26.0,1,ok,2026-08-07
616,8483398,Declan Carlile,TB,20252026,5on5,0.49000000000000005,0.49000000000000005,0.5603448275862069,564.8333333333334,42.0,1,ok,2026-08-07
617,8478416,Erik Cernak,TB,20252026,5on5,0.49,0.54,0.38114754098360654,878.3833333333333,61.0,1,ok,2026-08-07
618,8481719,Max Crozier,TB,20252026,5on5,0.54,0.54,0.5865384615384616,506.6333333333333,35.0,1,ok,2026-08-07
619,8480426,Charle-Edouard D'Astous,TB,20252026,5on5,0.53,0.55,0.5095057034220533,1159.0333333333333,70.0,1,ok,2026-08-07
620,8475167,Victor Hedman,TB,20252026,5on5,0.51,0.48,0.4888888888888889,457.76666666666665,33.0,1,ok,2026-08-07
621,8482929,Emil Lilleberg,TB,20252026,5on5,0.52,0.51,0.5217391304347826,761.8666666666667,50.0,1,ok,2026-08-07
622,8474151,Ryan McDonagh,TB,20252026,5on5,0.5,0.55,0.42408376963350786,738.1333333333333,48.0,1,ok,2026-08-07
623,8482655,J.J. Moser,TB,20252026,5on5,0.57,0.56,0.4896142433234421,1432.15,79.0,1,ok,2026-08-07
624,8478178,Darren Raddysh,TB,20252026,5on5,0.57,0.56,0.49158249158249157,1248.85,73.0,1,ok,2026-08-07
625,8477503,Max Domi,TOR,20252026,5on5,0.45,0.44,0.5391849529780565,1037.85,80.0,1,ok,2026-08-07
626,8480870,Bo Groulx,TOR,20252026,5on5,0.33,0.3,0.29411764705882354,155.98333333333332,13.0,1,ok,2026-08-07
627,8485467,Luke Haymes,TOR,20252026,5on5,,,,47.416666666666664,4.0,1,thin,2026-08-07
628,8475714,Calle Jarnkrok,TOR,20252026,5on5,0.4,0.41,0.20567375886524822,522.75,56.0,1,ok,2026-08-07
629,8478057,Dakota Joshua,TOR,20252026,5on5,0.44,0.46,0.23841059602649006,619.6833333333333,55.0,1,ok,2026-08-07
630,8482720,Matthew Knies,TOR,20252026,5on5,0.42,0.43,0.5668789808917197,1112.5,79.0,1,ok,2026-08-07
631,8478904,Steven Lorentz,TOR,20252026,5on5,0.43,0.47,0.21714285714285714,677.05,71.0,1,ok,2026-08-07
632,8481711,Matias Maccelli,TOR,20252026,5on5,0.47000000000000003,0.49,0.5973451327433629,884.2166666666667,71.0,1,ok,2026-08-07
633,8479318,Auston Matthews,TOR,20252026,5on5,0.46,0.47,0.5855263157894737,950.8,60.0,1,ok,2026-08-07
634,8477939,William Nylander,TOR,20252026,5on5,0.48,0.48,0.654320987654321,1000.3333333333334,65.0,1,ok,2026-08-07
635,8481582,Nicholas Robertson,TOR,20252026,5on5,0.44,0.45,0.5067873303167421,881.6,78.0,1,ok,2026-08-07
636,8475166,John Tavares,TOR,20252026,5on5,0.4799999999999999,0.5,0.5614035087719298,1183.75,82.0,1,ok,2026-08-07
638,8481122,Simon Benoit,TOR,20252026,5on5,0.4,0.41,0.19784172661870503,1109.55,73.0,1,ok,2026-08-07
639,8478443,Brandon Carlo,TOR,20252026,5on5,0.43,0.45,0.4396551724137931,881.8,55.0,1,ok,2026-08-07
640,8475171,Oliver Ekman-Larsson,TOR,20252026,5on5,0.47000000000000003,0.46,0.5610766045548654,1387.9833333333333,78.0,1,ok,2026-08-07
641,8476931,Jake McCabe,TOR,20252026,5on5,0.44,0.46,0.29285714285714287,1481.1666666666667,80.0,1,ok,2026-08-07
642,8479026,Philippe Myers,TOR,20252026,5on5,0.42,0.42,0.42063492063492064,523.15,39.0,1,ok,2026-08-07
643,8476853,Morgan Rielly,TOR,20252026,5on5,0.48000000000000004,0.49,0.6666666666666666,1361.35,78.0,1,ok,2026-08-07
644,8479442,Troy Stecher,TOR,20252026,5on5,0.45,0.45,0.3786008230452675,1071.0166666666667,64.0,1,ok,2026-08-07
645,8475690,Chris Tanev,TOR,20252026,5on5,0.46,0.46,0.3170731707317073,165.03333333333333,11.0,1,ok,2026-08-07
646,8475461,Andrew Agozzino,UTA,20252026,5on5,,,,11.933333333333334,2.0,1,thin,2026-08-07
647,8484388,Daniil But,UTA,20252026,5on5,0.55,0.6,0.5697674418604651,319.3,29.0,1,ok,2026-08-07
648,8479619,Michael Carcone,UTA,20252026,5on5,0.5799999999999998,0.56,0.4924812030075188,917.3666666666667,79.0,1,ok,2026-08-07
649,8483431,Logan Cooley,UTA,20252026,5on5,0.51,0.53,0.5803571428571429,742.25,54.0,1,ok,2026-08-07
650,8478474,Lawson Crouse,UTA,20252026,5on5,0.53,0.52,0.5388888888888889,1007.9333333333333,81.0,1,ok,2026-08-07
651,8482699,Dylan Guenther,UTA,20252026,5on5,0.53,0.52,0.5178571428571429,1040.5833333333333,79.0,1,ok,2026-08-07
652,8480849,Barrett Hayton,UTA,20252026,5on5,0.54,0.57,0.4879725085910653,838.35,67.0,1,ok,2026-08-07
653,8479343,Clayton Keller,UTA,20252026,5on5,0.56,0.56,0.6975,1225.4166666666667,82.0,1,ok,2026-08-07
654,8477021,Alexander Kerfoot,UTA,20252026,5on5,0.52,0.48999999999999994,0.4453125,359.1166666666667,34.0,1,ok,2026-08-07
655,8480855,Jack McBain,UTA,20252026,5on5,0.53,0.53,0.46875,878.2333333333333,75.0,1,ok,2026-08-07
656,8481827,Ben McCartney,UTA,20252026,5on5,,,,,,0,missing,2026-08-07
657,8477070,Liam O'Brien,UTA,20252026,5on5,0.48,0.45,0.5660377358490566,343.6333333333333,38.0,1,ok,2026-08-07
658,8482175,JJ Peterka,UTA,20252026,5on5,0.53,0.53,0.653125,1124.05,82.0,1,ok,2026-08-07
659,8479291,Kevin Rooney,UTA,20252026,5on5,,,,9.733333333333333,1.0,1,thin,2026-08-07
660,8477951,Nick Schmaltz,UTA,20252026,5on5,0.56,0.54,0.6496519721577726,1175.6,82.0,1,ok,2026-08-07
661,8478831,Kevin Stenlund,UTA,20252026,5on5,0.47,0.42,0.32558139534883723,874.9166666666666,80.0,1,ok,2026-08-07
662,8479293,Brandon Tanev,UTA,20252026,5on5,0.48,0.44,0.47058823529411764,508.8666666666667,56.0,1,ok,2026-08-07
663,8479977,Kailer Yamamoto,UTA,20252026,5on5,0.53,0.55,0.5106382978723404,661.0833333333334,59.0,1,ok,2026-08-07
664,8474013,Ian Cole,UTA,20252026,5on5,0.5,0.53,0.4461538461538462,1213.7666666666667,82.0,1,ok,2026-08-07
665,8480084,Nick DeSimone,UTA,20252026,5on5,0.54,0.55,0.4596774193548387,554.05,40.0,1,ok,2026-08-07
666,8480434,Sean Durzi,UTA,20252026,5on5,0.54,0.52,0.5209790209790209,1025.0333333333333,60.0,1,ok,2026-08-07
667,8483472,Maveric Lamoureux,UTA,20252026,5on5,,,,73.2,5.0,1,thin,2026-08-07
668,8478507,John Marino,UTA,20252026,5on5,0.54,0.54,0.48704663212435234,1431.2666666666667,80.0,1,ok,2026-08-07
669,8481059,Scott Perunovich,UTA,20252026,5on5,,,,,,0,missing,2026-08-07
670,8477220,Nate Schmidt,UTA,20252026,5on5,0.55,0.56,0.5095367847411444,1367.4833333333333,82.0,1,ok,2026-08-07
671,8479410,Mikhail Sergachev,UTA,20252026,5on5,0.53,0.5,0.46774193548387094,1352.25,78.0,1,ok,2026-08-07
672,8484386,Dmitri Simashev,UTA,20252026,5on5,0.47,0.47,0.53,408.43333333333334,28.0,1,ok,2026-08-07
673,8483763,Maksymilian Szuber,UTA,20252026,5on5,,,,,,0,missing,2026-08-07
674,8477346,MacKenzie Weegar,UTA,20252026,5on5,0.52,0.47,0.44075829383886256,1413.55,79.0,1,ok,2026-08-07
675,8482496,Nils Aman,VAN,20252026,5on5,,,,17.316666666666666,2.0,1,thin,2026-08-07
676,8476927,Teddy Blueger,VAN,20252026,5on5,0.44,0.4,0.29927007299270075,497.31666666666666,35.0,1,ok,2026-08-07
677,8478444,Brock Boeser,VAN,20252026,5on5,0.44,0.41,0.547752808988764,1039.55,75.0,1,ok,2026-08-07
678,8480078,Filip Chytil,VAN,20252026,5on5,0.48,0.5,0.6545454545454545,154.35,12.0,1,ok,2026-08-07
679,8478498,Jake DeBrusk,VAN,20252026,5on5,0.44999999999999996,0.46,0.5105820105820106,994.6833333333333,81.0,1,ok,2026-08-07
680,8480876,Curtis Douglas,VAN,20252026,5on5,0.51,0.58,0.7307692307692307,288.3333333333333,43.0,1,ok,2026-08-07
681,8481535,Nils Hoglander,VAN,20252026,5on5,0.5,0.45999999999999996,0.6578947368421053,421.75,38.0,1,ok,2026-08-07
682,8475169,Evander Kane,VAN,20252026,5on5,0.47,0.45,0.5745341614906833,1013.6833333333333,71.0,1,ok,2026-08-07
683,8481024,Linus Karlsson,VAN,20252026,5on5,0.5,0.5,0.5407725321888412,852.9833333333333,79.0,1,ok,2026-08-07
684,8482055,Drew O'Connor,VAN,20252026,5on5,0.48,0.47,0.5645756457564576,1048.9333333333334,82.0,1,ok,2026-08-07
685,8483499,Liam Ohgren,VAN,20252026,5on5,0.42,0.36,0.5769230769230769,837.0333333333333,69.0,1,ok,2026-08-07
686,8480012,Elias Pettersson,VAN,20252026,5on5,0.45,0.45,0.5508021390374331,1016.6666666666666,74.0,1,ok,2026-08-07
687,8482691,Aatu Räty,VAN,20252026,5on5,0.48,0.44000000000000006,0.3612040133779264,716.9666666666667,66.0,1,ok,2026-08-07
688,8482079,Marco Rossi,VAN,20252026,5on5,0.46,0.44000000000000006,0.671957671957672,688.6833333333333,50.0,1,ok,2026-08-07
689,8484136,Max Sasson,VAN,20252026,5on5,0.49,0.43,0.6171875,722.8833333333333,66.0,1,ok,2026-08-07
690,8484798,Zeev Buium,VAN,20252026,5on5,0.47,0.44999999999999996,0.6203389830508474,1254.6,76.0,1,ok,2026-08-07
691,8475762,Derek Forbort,VAN,20252026,5on5,,,,21.55,2.0,1,thin,2026-08-07
692,8479425,Filip Hronek,VAN,20252026,5on5,0.5,0.47,0.477751756440281,1613.5666666666666,82.0,1,ok,2026-08-07
693,8480058,Pierre-Olivier Joseph,VAN,20252026,5on5,0.49000000000000005,0.5,0.5616438356164384,391.5833333333333,31.0,1,ok,2026-08-07
694,8483768,Victor Mancini,VAN,20252026,5on5,0.38,0.36,0.5866666666666667,316.1,24.0,1,ok,2026-08-07
695,8483678,Elias Pettersson,VAN,20252026,5on5,0.43,0.4,0.4152542372881356,956.4833333333333,70.0,1,ok,2026-08-07
696,8477969,Marcus Pettersson,VAN,20252026,5on5,0.44000000000000006,0.44000000000000006,0.3398876404494382,1476.7166666666667,82.0,1,ok,2026-08-07
697,8484240,Tom Willander,VAN,20252026,5on5,0.43,0.4,0.4602510460251046,1041.1,70.0,1,ok,2026-08-07
698,8477964,Ivan Barbashev,VEG,20252026,5on5,0.52,0.56,0.6666666666666666,1226.9833333333333,82.0,1,ok,2026-08-07
699,8483890,Braeden Bowman,VEG,20252026,5on5,0.5,0.54,0.6280193236714976,680.8333333333334,54.0,1,ok,2026-08-07
700,8481604,Pavel Dorofeyev,VEG,20252026,5on5,0.56,0.56,0.6276923076923077,1111.2666666666667,82.0,1,ok,2026-08-07
701,8475343,Nic Dowd,VEG,20252026,5on5,0.49,0.46,0.24820143884892087,899.0166666666667,75.0,1,ok,2026-08-07
702,8478403,Jack Eichel,VEG,20252026,5on5,0.54,0.58,0.667621776504298,1125.2,74.0,1,ok,2026-08-07
703,8476881,Tomas Hertl,VEG,20252026,5on5,0.56,0.57,0.6047745358090185,1038.9166666666667,82.0,1,ok,2026-08-07
704,8482125,Alexander Holtz,VEG,20252026,5on5,0.46,0.5,0.5897435897435898,305.8833333333333,28.0,1,ok,2026-08-07
705,8479353,Brett Howden,VEG,20252026,5on5,0.5,0.53,0.4786729857819905,749.55,58.0,1,ok,2026-08-07
706,8476448,William Karlsson,VEG,20252026,5on5,0.51,0.5,0.3888888888888889,168.78333333333333,14.0,1,ok,2026-08-07
707,8478434,Keegan Kolesar,VEG,20252026,5on5,0.49,0.49,0.4008097165991903,884.1666666666666,82.0,1,ok,2026-08-07
708,8479550,Tanner Laczynski,VEG,20252026,5on5,,,,100.43333333333334,10.0,1,thin,2026-08-07
709,8481534,Raphael Lavoie,VEG,20252026,5on5,,,,8.566666666666666,1.0,1,thin,2026-08-07
710,8478483,Mitch Marner,VEG,20252026,5on5,0.55,0.56,0.6598837209302325,1145.65,81.0,1,ok,2026-08-07
711,8480007,Jonas Rondbjerg,VEG,20252026,5on5,,,,46.666666666666664,4.0,1,thin,2026-08-07
712,8476438,Brandon Saad,VEG,20252026,5on5,0.52,0.55,0.5548780487804879,602.0166666666667,49.0,1,ok,2026-08-07
713,8476925,Colton Sissons,VEG,20252026,5on5,0.48000000000000004,0.52,0.3756345177664975,686.8833333333333,66.0,1,ok,2026-08-07
714,8482062,Cole Smith,VEG,20252026,5on5,0.52,0.51,0.27692307692307694,697.8833333333333,63.0,1,ok,2026-08-07
715,8475191,Reilly Smith,VEG,20252026,5on5,0.51,0.49,0.5130890052356021,838.3666666666667,69.0,1,ok,2026-08-07
716,8475913,Mark Stone,VEG,20252026,5on5,0.56,0.59,0.6271186440677966,826.6833333333333,60.0,1,ok,2026-08-07
717,8485251,Kai Uchacz,VEG,20252026,5on5,,,,34.55,3.0,1,thin,2026-08-07
718,8478397,Rasmus Andersson,VEG,20252026,5on5,0.5,0.5,0.5060483870967742,1456.85,81.0,1,ok,2026-08-07
719,8479639,Dylan Coghlan,VEG,20252026,5on5,,,,43.983333333333334,3.0,1,thin,2026-08-07
720,8479602,Jeremy Davies,VEG,20252026,5on5,,,,,,0,missing,2026-08-07
721,8478396,Noah Hanifin,VEG,20252026,5on5,0.54,0.56,0.6132315521628499,1382.6833333333334,71.0,1,ok,2026-08-07
722,8477018,Ben Hutton,VEG,20252026,5on5,0.5,0.54,0.6555555555555556,782.0166666666667,55.0,1,ok,2026-08-07
723,8481527,Kaedan Korczak,VEG,20252026,5on5,0.52,0.55,0.5203252032520326,1192.35,78.0,1,ok,2026-08-07
724,8478468,Jeremy Lauzon,VEG,20252026,5on5,0.5,0.53,0.4541984732824427,1022.65,68.0,1,ok,2026-08-07
725,8475188,Brayden McNabb,VEG,20252026,5on5,0.53,0.55,0.4984520123839009,1093.4833333333333,63.0,1,ok,2026-08-07
726,8477034,Jaycob Megna,VEG,20252026,5on5,,,,41.483333333333334,4.0,1,thin,2026-08-07
727,8477447,Shea Theodore,VEG,20252026,5on5,0.54,0.56,0.4790575916230366,1322.3666666666666,70.0,1,ok,2026-08-07
728,8478463,Anthony Beauvillier,WAS,20252026,5on5,0.49,0.5,0.5737179487179487,1132.3166666666666,82.0,1,ok,2026-08-07
729,8479400,Pierre-Luc Dubois,WAS,20252026,5on5,0.47,0.5,0.5074626865671642,385.76666666666665,29.0,1,ok,2026-08-07
730,8479520,Brandon Duhaime,WAS,20252026,5on5,0.4600000000000001,0.49,0.18729096989966554,804.4666666666667,82.0,1,ok,2026-08-07
731,8483573,Ethen Frank,WAS,20252026,5on5,0.4699999999999999,0.51,0.3125,659.7166666666667,62.0,1,ok,2026-08-07
732,8480144,David Kampf,WAS,20252026,5on5,0.49,0.47,0.3763440860215054,515.75,40.0,1,ok,2026-08-07
733,8482148,Hendrix Lapierre,WAS,20252026,5on5,0.54,0.55,0.5,637.95,74.0,1,ok,2026-08-07
734,8484186,Ryan Leonard,WAS,20252026,5on5,0.46,0.45,0.4579831932773109,883.25,75.0,1,ok,2026-08-07
735,8481580,Connor McMichael,WAS,20252026,5on5,0.47,0.47,0.49523809523809526,993.1666666666666,78.0,1,ok,2026-08-07
736,8483491,Ivan Miroshnichenko,WAS,20252026,5on5,,,,125.28333333333333,13.0,1,thin,2026-08-07
737,8471214,Alex Ovechkin,WAS,20252026,5on5,0.5,0.51,0.9807073954983923,1006.0,82.0,1,ok,2026-08-07
738,8481656,Aliaksei Protas,WAS,20252026,5on5,0.54,0.5,0.5184135977337111,1134.9833333333333,76.0,1,ok,2026-08-07
739,8484999,Ilya Protas,WAS,20252026,5on5,,,,51.916666666666664,4.0,1,thin,2026-08-07
740,8482088,Justin Sourdif,WAS,20252026,5on5,0.51,0.53,0.39672131147540984,1028.9666666666667,78.0,1,ok,2026-08-07
741,8478440,Dylan Strome,WAS,20252026,5on5,0.48999999999999994,0.5,0.7435233160621761,1114.8666666666666,80.0,1,ok,2026-08-07
742,8476880,Tom Wilson,WAS,20252026,5on5,0.54,0.54,0.4627831715210356,977.0333333333333,72.0,1,ok,2026-08-07
743,8480990,Declan Chisholm,WAS,20252026,5on5,0.48,0.43,0.35185185185185186,341.73333333333335,26.0,1,ok,2026-08-07
744,8479345,Jakob Chychrun,WAS,20252026,5on5,0.52,0.52,0.6018518518518519,1505.8833333333334,80.0,1,ok,2026-08-07
745,8480796,Martin Fehérváry,WAS,20252026,5on5,0.4699999999999999,0.48000000000000004,0.2669172932330827,1282.5833333333333,81.0,1,ok,2026-08-07
746,8484873,Cole Hutson,WAS,20252026,5on5,0.48,0.48999999999999994,0.47368421052631576,203.83333333333334,14.0,1,ok,2026-08-07
747,8480043,Timothy Liljegren,WAS,20252026,5on5,0.42999999999999994,0.48,0.35353535353535354,772.2,47.0,1,ok,2026-08-07
748,8475795,Dylan McIlrath,WAS,20252026,5on5,,,,118.41666666666667,13.0,1,thin,2026-08-07
749,8478911,Matt Roy,WAS,20252026,5on5,0.5,0.5,0.36693548387096775,1369.2333333333333,79.0,1,ok,2026-08-07
750,8480873,Rasmus Sandin,WAS,20252026,5on5,0.4799999999999999,0.49,0.44086021505376344,1194.7166666666667,73.0,1,ok,2026-08-07
751,8477845,Trevor van Riemsdyk,WAS,20252026,5on5,0.48,0.51,0.35051546391752575,969.4833333333333,68.0,1,ok,2026-08-07
752,8480289,Morgan Barron,WPG,20252026,5on5,0.47,0.48000000000000004,0.27876106194690264,685.25,65.0,1,ok,2026-08-07
753,8482787,Nikita Chibrikov,WPG,20252026,5on5,,,,99.33333333333333,11.0,1,thin,2026-08-07
754,8478398,Kyle Connor,WPG,20252026,5on5,0.49,0.4799999999999999,0.7128205128205128,1325.6333333333334,82.0,1,ok,2026-08-07
755,8480113,Alex Iafallo,WPG,20252026,5on5,0.49,0.45,0.5718954248366013,1010.3333333333334,79.0,1,ok,2026-08-07
756,8481043,Cole Koepke,WPG,20252026,5on5,0.47,0.44,0.3885350318471338,561.5,66.0,1,ok,2026-08-07
757,8476392,Adam Lowry,WPG,20252026,5on5,0.51,0.4799999999999999,0.34124629080118696,879.6833333333333,70.0,1,ok,2026-08-07
758,8476480,Vladislav Namestnikov,WPG,20252026,5on5,0.5,0.5,0.5678391959798995,678.5166666666667,60.0,1,ok,2026-08-07
759,8475799,Nino Niederreiter,WPG,20252026,5on5,0.51,0.51,0.4106280193236715,731.05,61.0,1,ok,2026-08-07
760,8474679,Gustav Nyquist,WPG,20252026,5on5,0.47,0.46,0.6388888888888888,507.48333333333335,51.0,1,ok,2026-08-07
761,8482149,Cole Perfetti,WPG,20252026,5on5,0.53,0.52,0.5608856088560885,859.7833333333333,68.0,1,ok,2026-08-07
762,8482765,Isak Rosen,WPG,20252026,5on5,0.44,0.46,0.6145833333333334,361.6166666666667,37.0,1,ok,2026-08-07
763,8476460,Mark Scheifele,WPG,20252026,5on5,0.49000000000000005,0.48,0.6976744186046512,1374.3166666666666,82.0,1,ok,2026-08-07
764,8473604,Jonathan Toews,WPG,20252026,5on5,0.4799999999999999,0.47,0.6043613707165109,965.05,82.0,1,ok,2026-08-07
765,8480014,Gabriel Vilardi,WPG,20252026,5on5,0.49000000000000005,0.49000000000000005,0.654054054054054,1208.35,82.0,1,ok,2026-08-07
766,8480196,Jacob Bryson,WPG,20252026,5on5,0.47,0.5,0.38596491228070173,525.75,50.0,1,ok,2026-08-07
767,8476331,Dylan DeMelo,WPG,20252026,5on5,0.5,0.51,0.5352798053527981,1496.5166666666667,82.0,1,ok,2026-08-07
768,8477938,Haydn Fleury,WPG,20252026,5on5,0.42,0.38,0.5061728395061729,445.8,38.0,1,ok,2026-08-07
769,8481572,Ville Heinola,WPG,20252026,5on5,,,,63.8,5.0,1,thin,2026-08-07
770,8476525,Colin Miller,WPG,20252026,5on5,0.46,0.4,0.3673469387755102,235.5,18.0,1,ok,2026-08-07
771,8477504,Josh Morrissey,WPG,20252026,5on5,0.5,0.51,0.6175771971496437,1528.0,77.0,1,ok,2026-08-07
772,8480145,Neal Pionk,WPG,20252026,5on5,0.49,0.46,0.48826291079812206,909.1,51.0,1,ok,2026-08-07
773,8483510,Elias Salomonsson,WPG,20252026,5on5,0.51,0.51,0.36134453781512604,501.03333333333336,32.0,1,ok,2026-08-07
774,8480049,Dylan Samberg,WPG,20252026,5on5,0.51,0.5,0.35106382978723405,1216.5833333333333,66.0,1,ok,2026-08-07
775,8480008,Adam Ruzicka,UTA,20252026,5on5,,,,,,0,missing,2026-08-07
776,8480851,Akil Thomas,LA,20252026,5on5,,,,,,0,missing,2026-08-07
777,8474166,Alec Martinez,CHI,20252026,5on5,,,,,,0,missing,2026-08-07
778,8480831,Alec Regula,EDM,20252026,5on5,0.47,0.51,0.5068493150684932,391.76666666666665,29.0,1,ok,2026-08-07
779,8479718,Alex Barr-Boulet,TB,20252026,5on5,,,,13.9,2.0,1,thin,2026-08-07
780,8471274,Alex Goligoski,MIN,20252026,5on5,,,,,,0,missing,2026-08-07
781,8474565,Alex Pietrangelo,VEG,20252026,5on5,,,,,,0,missing,2026-08-07
782,8480823,Alexander Alexeyev,WAS,20252026,5on5,,,,,,0,missing,2026-08-07
783,8482222,Alexander Barabanov,SJ,20252026,5on5,,,,,,0,missing,2026-08-07
784,8479423,Alexander Nylander,CBJ,20252026,5on5,,,,,,0,missing,2026-08-07
785,8476960,Andreas Athanasiou,CHI,20252026,5on5,,,,,,0,missing,2026-08-07
786,8477971,Andreas Englund,NAS,20252026,5on5,,,,26.4,3.0,1,thin,2026-08-07
787,8471699,Andrew Cogliano,COL,20252026,5on5,,,,,,0,missing,2026-08-07
788,8483395,Arshdeep Bains,VAN,20252026,5on5,0.48,0.5,0.75,242.63333333333333,28.0,1,ok,2026-08-07
789,8478512,Austin Czarnik,DET,20252026,5on5,,,,,,0,missing,2026-08-07
790,8475766,Austin Watson,TB,20252026,5on5,,,,,,0,missing,2026-08-07
791,8479536,Axel Jonsson-Fjallby,WPG,20252026,5on5,,,,,,0,missing,2026-08-07
792,8484223,Axel Sandin-Pellikka,DET,20252026,5on5,0.5,0.46,0.5076923076923077,939.2166666666667,68.0,1,ok,2026-08-07
793,8471218,Blake Wheeler,NYR,20252026,5on5,,,,,,0,missing,2026-08-07
794,8479383,Boris Katchouk,OTT,20252026,5on5,,,,31.283333333333335,3.0,1,thin,2026-08-07
795,8483471,Brad Lambert,WPG,20252026,5on5,0.46,0.44,0.66,235.16666666666666,25.0,1,ok,2026-08-07
796,8476867,Brendan Gaunce,CBJ,20252026,5on5,0.5,0.44999999999999996,0.35802469135802467,248.01666666666668,25.0,1,ok,2026-08-07
797,8477962,Brendan Lemieux,CAR,20252026,5on5,,,,,,0,missing,2026-08-07
798,8482747,Brennan Othmann,NYR,20252026,5on5,0.4,0.39000000000000007,0.5,182.45,19.0,1,ok,2026-08-07
799,8482132,Brett Berard,NYR,20252026,5on5,,,,136.66666666666666,13.0,1,thin,2026-08-07
800,8481517,Brett Leason,ANA,20252026,5on5,,,,49.5,6.0,1,thin,2026-08-07
801,8476934,Brock McGinn,ANA,20252026,5on5,,,,,,0,missing,2026-08-07
802,8473504,Cal Clutterbuck,NYI,20252026,5on5,,,,,,0,missing,2026-08-07
803,8478452,Caleb Jones,COL,20252026,5on5,,,,107.0,7.0,1,thin,2026-08-07
804,8480884,Calen Addison,SJ,20252026,5on5,,,,,,0,missing,2026-08-07
805,8484221,Calum Ritchie,NYI,20252026,5on5,0.45000000000000007,0.43999999999999995,0.6737967914438503,696.9,65.0,1,ok,2026-08-07
806,8475177,Calvin de Haan,NYR,20252026,5on5,,,,,,0,missing,2026-08-07
807,8474715,Cam Atkinson,TB,20252026,5on5,,,,,,0,missing,2026-08-07
808,8477244,Chad Ruhwedel,NYR,20252026,5on5,,,,,,0,missing,2026-08-07
809,8476919,Chris Tierney,NJ,20252026,5on5,,,,,,0,missing,2026-08-07
810,8475780,Chris Wagner,COL,20252026,5on5,,,,,,0,missing,2026-08-07
811,8478432,Christian Fischer,CBJ,20252026,5on5,,,,,,0,missing,2026-08-07
812,8480252,Cole Guttman,CHI,20252026,5on5,,,,,,0,missing,2026-08-07
813,8478400,Colin White,MON,20252026,5on5,,,,,,0,missing,2026-08-07
814,8478841,Colton White,NJ,20252026,5on5,0.4699999999999999,0.48,0.4375,278.21666666666664,23.0,1,ok,2026-08-07
815,8475225,Craig Smith,DET,20252026,5on5,,,,,,0,missing,2026-08-07
816,8477541,Dakota Mermis,MIN,20252026,5on5,,,,135.75,11.0,1,thin,2026-08-07
817,8478466,Daniel Sprong,NJ,20252026,5on5,,,,,,0,missing,2026-08-07
818,8482624,Daniil Miromanov,CGY,20252026,5on5,,,,16.266666666666666,1.0,1,thin,2026-08-07
819,8481019,David Gustafsson,WPG,20252026,5on5,,,,,,0,missing,2026-08-07
820,8475233,David Savard,MON,20252026,5on5,,,,,,0,missing,2026-08-07
821,8485493,David Tomasek,EDM,20252026,5on5,0.47,0.45,0.6,195.93333333333334,22.0,1,ok,2026-08-07
822,8478585,Derek Ryan,EDM,20252026,5on5,,,,,,0,missing,2026-08-07
823,8476913,Devin Shore,MIN,20252026,5on5,,,,,,0,missing,2026-08-07
824,8479346,Dillon Dube,CGY,20252026,5on5,,,,,,0,missing,2026-08-07
825,8477330,Dominik Kubalik,OTT,20252026,5on5,,,,,,0,missing,2026-08-07
826,8478211,Dryden Hunt,CGY,20252026,5on5,,,,26.8,3.0,1,thin,2026-08-07
827,8484158,Easton Cowan,TOR,20252026,5on5,0.45,0.45,0.5736040609137056,844.1666666666666,66.0,1,ok,2026-08-07
828,8480205,Emil Bemstrom,PIT,20252026,5on5,,,,,,0,missing,2026-08-07
829,8480073,Erik Brannstrom,VAN,20252026,5on5,,,,,,0,missing,2026-08-07
830,8476979,Erik Gustafsson,DET,20252026,5on5,,,,31.466666666666665,2.0,1,thin,2026-08-07
831,8473446,Erik Johnson,COL,20252026,5on5,,,,,,0,missing,2026-08-07
832,8478451,Ethan Bear,WAS,20252026,5on5,,,,,,0,missing,2026-08-07
833,8475744,Evgeny Kuznetsov,CAR,20252026,5on5,,,,,,0,missing,2026-08-07
834,8480821,Filip Zadina,SJ,20252026,5on5,,,,,,0,missing,2026-08-07
835,8478028,Fredrik Olofsson,COL,20252026,5on5,,,,,,0,missing,2026-08-07
836,8484149,Gavin Brindley,COL,20252026,5on5,0.54,0.48,0.5801526717557252,472.7,56.0,1,ok,2026-08-07
837,8479379,Givani Smith,SJ,20252026,5on5,,,,,,0,missing,2026-08-07
838,8480184,Gustav Lindstrom,ANA,20252026,5on5,,,,,,0,missing,2026-08-07
839,8481567,Henry Thrun,SJ,20252026,5on5,,,,57.61666666666667,4.0,1,thin,2026-08-07
840,8477392,Hudson Fasching,NYI,20252026,5on5,,,,,,0,missing,2026-08-07
841,8484994,Igor Chernyshov,SJ,20252026,5on5,0.52,0.52,0.7272727272727273,385.1166666666667,28.0,1,ok,2026-08-07
842,8483455,Isaac Howard,EDM,20252026,5on5,0.44,0.44,0.7076923076923077,284.56666666666666,29.0,1,ok,2026-08-07
843,8482192,Isaak Phillips,CHI,20252026,5on5,,,,28.433333333333334,3.0,1,thin,2026-08-07
844,8483448,Isaiah George,NYI,20252026,5on5,,,,51.15,4.0,1,thin,2026-08-07
845,8483930,Ivan Ivan,COL,20252026,5on5,,,,66.06666666666666,9.0,1,thin,2026-08-07
846,8471677,Jack Johnson,CBJ,20252026,5on5,,,,,,0,missing,2026-08-07
847,8480021,Jack Studnicka,SJ,20252026,5on5,,,,130.9,19.0,1,thin,2026-08-07
848,8482144,Jack Thompson,SJ,20252026,5on5,,,,,,0,missing,2026-08-07
849,8481422,Jacob Lucchini,MIN,20252026,5on5,,,,,,0,missing,2026-08-07
850,8479439,Jacob MacDonald,SJ,20252026,5on5,,,,,,0,missing,2026-08-07
851,8482874,Jacob Melanson,SEA,20252026,5on5,0.49,0.52,0.328125,336.6666666666667,36.0,1,ok,2026-08-07
852,8484901,Jacob Quillan,TOR,20252026,5on5,0.39,0.37,0.20588235294117646,200.86666666666667,23.0,1,ok,2026-08-07
853,8481592,Jakob Pelletier,PHI,20252026,5on5,,,,43.483333333333334,5.0,1,thin,2026-08-07
854,8475164,Jakob Silfverberg,ANA,20252026,5on5,,,,,,0,missing,2026-08-07
855,8480880,Jakub Lauko,BOS,20252026,5on5,,,,,,0,missing,2026-08-07
856,8477944,Jakub Vrana,NAS,20252026,5on5,,,,,,0,missing,2026-08-07
857,8480468,James Hamblin,EDM,20252026,5on5,,,,,,0,missing,2026-08-07
858,8480172,Jan Rutta,SJ,20252026,5on5,,,,,,0,missing,2026-08-07
859,8475825,Jani Hakanp,DAL,20252026,5on5,,,,,,0,missing,2026-08-07
860,8483497,Jani Nyman,SEA,20252026,5on5,0.46,0.48999999999999994,0.8026315789473685,269.21666666666664,28.0,1,ok,2026-08-07
861,8479994,Jaret Anderson-Dolan,NAS,20252026,5on5,,,,,,0,missing,2026-08-07
862,8475797,Jarred Tinordi,CHI,20252026,5on5,,,,,,0,missing,2026-08-07
863,8470604,Jeff Carter,PIT,20252026,5on5,,,,,,0,missing,2026-08-07
864,8475784,Jeff Skinner,SJ,20252026,5on5,0.44,0.45,0.4158415841584158,334.4166666666667,32.0,1,ok,2026-08-07
865,8475855,Jesper Fast,CAR,20252026,5on5,,,,,,0,missing,2026-08-07
866,8479344,Jesse Puljujarvi,FLA,20252026,5on5,,,,,,0,missing,2026-08-07
867,8481058,Jesse Ylnen,MON,20252026,5on5,,,,,,0,missing,2026-08-07
868,8476918,Jimmy Vesey,COL,20252026,5on5,,,,,,0,missing,2026-08-07
869,8484314,Jiri Smejkal,OTT,20252026,5on5,,,,,,0,missing,2026-08-07
870,8470794,Joe Pavelski,DAL,20252026,5on5,,,,,,0,missing,2026-08-07
871,8482911,Joel Nystrom,CAR,20252026,5on5,0.6,0.61,0.6927710843373494,524.25,38.0,1,ok,2026-08-07
872,8479315,Joey Anderson,CHI,20252026,5on5,,,,,,0,missing,2026-08-07
873,8477401,John Hayden,SEA,20252026,5on5,,,,27.016666666666666,3.0,1,thin,2026-08-07
874,8481206,John Ludvig,PIT,20252026,5on5,,,,,,0,missing,2026-08-07
875,8476346,Johnny Gaudreau,CBJ,20252026,5on5,,,,,,0,missing,2026-08-07
876,8475750,Jon Merrill,MIN,20252026,5on5,,,,,,0,missing,2026-08-07
877,8483476,Jonathan Lekkerimki,VAN,20252026,5on5,,,,127.23333333333333,13.0,1,thin,2026-08-07
878,8477851,Jordan Oesterle,NAS,20252026,5on5,,,,14.083333333333334,1.0,1,thin,2026-08-07
879,8477384,Josh Brown,UTA,20252026,5on5,,,,,,0,missing,2026-08-07
880,8482749,Joshua Roy,MON,20252026,5on5,,,,29.016666666666666,3.0,1,thin,2026-08-07
881,8477996,Juho Lammikko,NJ,20252026,5on5,0.42,0.41,0.47540983606557374,234.28333333333333,24.0,1,ok,2026-08-07
882,8479328,Julien Gauthier,NYI,20252026,5on5,,,,,,0,missing,2026-08-07
883,8477473,Justin Bailey,SJ,20252026,5on5,,,,,,0,missing,2026-08-07
884,8475413,Justin Dowling,NJ,20252026,5on5,,,,14.383333333333333,2.0,1,thin,2026-08-07
885,8477993,Justin Kirkland,CGY,20252026,5on5,0.51,0.53,0.26666666666666666,164.31666666666666,20.0,1,ok,2026-08-07
886,8474602,Justin Schultz,SEA,20252026,5on5,,,,,,0,missing,2026-08-07
887,8481704,Juuso Parssinen,NYR,20252026,5on5,0.43,0.39999999999999997,0.6216216216216216,175.43333333333334,20.0,1,ok,2026-08-07
888,8479976,Juuso Vlimki,UTA,20252026,5on5,,,,,,0,missing,2026-08-07
889,8479387,Keaton Middleton,COL,20252026,5on5,,,,31.35,3.0,1,thin,2026-08-07
890,8478099,Kevin Labanc,CBJ,20252026,5on5,,,,,,0,missing,2026-08-07
891,8474031,Kevin Shattenkirk,BOS,20252026,5on5,,,,,,0,missing,2026-08-07
892,8480011,Klim Kostin,SJ,20252026,5on5,,,,,,0,missing,2026-08-07
893,8477335,Kyle Burroughs,LA,20252026,5on5,,,,,,0,missing,2026-08-07
894,8473449,Kyle Okposo,FLA,20252026,5on5,,,,,,0,missing,2026-08-07
895,8484177,Lenni Hameenaho,NJ,20252026,5on5,0.49000000000000005,0.48,0.41843971631205673,380.3666666666667,33.0,1,ok,2026-08-07
896,8480025,MacKenzie Entwistle,CHI,20252026,5on5,,,,,,0,missing,2026-08-07
897,8481743,Marc Del Gaizo,NAS,20252026,5on5,,,,,,0,missing,2026-08-07
898,8471686,Marc Staal,PHI,20252026,5on5,,,,,,0,missing,2026-08-07
899,8471709,Marc-Edouard Vlasic,SJ,20252026,5on5,,,,,,0,missing,2026-08-07
900,8474618,Marco Scandella,STL,20252026,5on5,,,,,,0,missing,2026-08-07
901,8478017,Mark Friedman,VAN,20252026,5on5,,,,,,0,missing,2026-08-07
902,8470966,Mark Giordano,TOR,20252026,5on5,,,,,,0,missing,2026-08-07
903,8479972,Mason Shaw,MIN,20252026,5on5,,,,,,0,missing,2026-08-07
904,8476856,Mathew Dumba,DAL,20252026,5on5,0.46,0.45000000000000007,0.2857142857142857,161.75,11.0,1,ok,2026-08-07
905,8474709,Matt Martin,NYI,20252026,5on5,,,,,,0,missing,2026-08-07
906,8476442,Matt Nieto,PIT,20252026,5on5,,,,,,0,missing,2026-08-07
907,8478146,Matthew Highmore,OTT,20252026,5on5,,,,,,0,missing,2026-08-07
908,8479547,Matthew Phillips,WAS,20252026,5on5,,,,,,0,missing,2026-08-07
909,8483505,Matthew Poitras,BOS,20252026,5on5,,,,33.81666666666667,3.0,1,thin,2026-08-07
910,8474157,Max Pacioretty,TOR,20252026,5on5,,,,,,0,missing,2026-08-07
911,8479415,Michael McLeod,NJ,20252026,5on5,,,,,,0,missing,2026-08-07
912,8479543,Michael Pezzetta,MON,20252026,5on5,,,,57.61666666666667,9.0,1,thin,2026-08-07
913,8475958,Michael Sgarbossa,WAS,20252026,5on5,,,,,,0,missing,2026-08-07
914,8482451,Mikael Pyyhtia,CBJ,20252026,5on5,,,,49.4,5.0,1,thin,2026-08-07
915,8474884,Mike Hoffman,SJ,20252026,5on5,,,,,,0,missing,2026-08-07
916,8482070,Mitchell Chaffee,TB,20252026,5on5,,,,95.5,11.0,1,thin,2026-08-07
917,8478477,Mitchell Stephens,SEA,20252026,5on5,,,,,,0,missing,2026-08-07
918,8484160,Nate Danielson,DET,20252026,5on5,0.48,0.48999999999999994,0.5,267.25,28.0,1,ok,2026-08-07
919,8474009,Nick Bonino,NYR,20252026,5on5,,,,,,0,missing,2026-08-07
920,8481543,Nikita Alexandrov,STL,20252026,5on5,,,,,,0,missing,2026-08-07
921,8481754,Nikita Nesterenko,ANA,20252026,5on5,0.49,0.54,0.411214953271028,322.26666666666665,29.0,1,ok,2026-08-07
922,8481537,Nikita Okhotiuk,CGY,20252026,5on5,,,,,,0,missing,2026-08-07
923,8479458,Nikita Zaitsev,CHI,20252026,5on5,,,,,,0,missing,2026-08-07
924,8481042,Nikolai Kovalenko,SJ,20252026,5on5,,,,,,0,missing,2026-08-07
925,8479393,Noah Gregor,FLA,20252026,5on5,0.45999999999999996,0.4000000000000001,0.5631067961165048,330.18333333333334,37.0,1,ok,2026-08-07
926,8482700,Nolan Allan,CHI,20252026,5on5,,,,,,0,missing,2026-08-07
927,8478430,Oliver Kylington,CGY,20252026,5on5,,,,,,0,missing,2026-08-07
928,8480789,Oliver Wahlstrom,BOS,20252026,5on5,,,,,,0,missing,2026-08-07
929,8479546,Oskar Steen,BOS,20252026,5on5,,,,,,0,missing,2026-08-07
930,8484230,Otto Stenberg,STL,20252026,5on5,0.47,0.4600000000000001,0.46774193548387094,387.3333333333333,32.0,1,ok,2026-08-07
931,8483503,Owen Pickering,PIT,20252026,5on5,,,,48.21666666666667,4.0,1,thin,2026-08-07
932,8474034,Patrick Maroon,CHI,20252026,5on5,,,,,,0,missing,2026-08-07
933,8481577,Philip Tomasino,PIT,20252026,5on5,,,,106.33333333333333,9.0,1,thin,2026-08-07
934,8476858,Phillip Di Giuseppe,VAN,20252026,5on5,,,,,,0,missing,2026-08-07
935,8478115,Pierre Engvall,NYI,20252026,5on5,,,,,,0,missing,2026-08-07
936,8477930,Pierre-Edouard Bellemare,SEA,20252026,5on5,,,,,,0,missing,2026-08-07
937,8482241,Radim Zohorna,PIT,20252026,5on5,,,,,,0,missing,2026-08-07
938,8481093,Rafael Harvey-Pinard,MON,20252026,5on5,,,,11.016666666666667,1.0,1,thin,2026-08-07
939,8480845,Rasmus Kupari,WPG,20252026,5on5,,,,,,0,missing,2026-08-07
940,8481147,Reese Johnson,CHI,20252026,5on5,,,,,,0,missing,2026-08-07
941,8483513,Reid Schaefer,NAS,20252026,5on5,0.43000000000000005,0.42,0.43478260869565216,446.03333333333336,47.0,1,ok,2026-08-07
942,8474145,Robert Bortuzzo,NYI,20252026,5on5,,,,,,0,missing,2026-08-07
943,8478078,Rourke Chartier,OTT,20252026,5on5,,,,,,0,missing,2026-08-07
944,8483487,Rutger McGroarty,PIT,20252026,5on5,0.57,0.54,0.576271186440678,271.85,24.0,1,ok,2026-08-07
945,8477846,Ryan Carpenter,SJ,20252026,5on5,,,,,,0,missing,2026-08-07
946,8475793,Ryan Johansen,COL,20252026,5on5,,,,,,0,missing,2026-08-07
947,8470600,Ryan Suter,STL,20252026,5on5,,,,,,0,missing,2026-08-07
948,8482118,Sam Colangelo,ANA,20252026,5on5,,,,85.43333333333334,9.0,1,thin,2026-08-07
949,8474040,Sam Gagner,EDM,20252026,5on5,,,,,,0,missing,2026-08-07
950,8478104,Sammy Blais,MON,20252026,5on5,0.4799999999999999,0.52,0.55,175.1,21.0,1,ok,2026-08-07
951,8481541,Samuel Bolduc,NYI,20252026,5on5,,,,,,0,missing,2026-08-07
952,8482666,Scott Morrow,NYR,20252026,5on5,0.51,0.4799999999999999,0.5113636363636364,407.65,29.0,1,ok,2026-08-07
953,8480222,Sebastian Aho,NYI,20252026,5on5,,,,,,0,missing,2026-08-07
954,8477947,Sonny Milano,WAS,20252026,5on5,0.52,0.53,0.6122448979591837,242.66666666666666,31.0,1,ok,2026-08-07
955,8471698,T.J. Oshie,WAS,20252026,5on5,,,,,,0,missing,2026-08-07
956,8474673,TJ Brodie,CHI,20252026,5on5,,,,,,0,missing,2026-08-07
957,8482133,Thomas Bordeleau,SJ,20252026,5on5,,,,,,0,missing,2026-08-07
958,8475193,Tomas Tatar,NJ,20252026,5on5,,,,,,0,missing,2026-08-07
959,8476792,Torey Krug,STL,20252026,5on5,,,,,,0,missing,2026-08-07
960,8478408,Travis Dermott,UTA,20252026,5on5,,,,,,0,missing,2026-08-07
961,8473453,Trevor Lewis,LA,20252026,5on5,,,,,,0,missing,2026-08-07
962,8474870,Tyler Johnson,CHI,20252026,5on5,,,,,,0,missing,2026-08-07
963,8477353,Tyler Motte,DET,20252026,5on5,,,,,,0,missing,2026-08-07
964,8475752,Tyler Pitlick,MIN,20252026,5on5,0.4,0.46,0.2807017543859649,246.81666666666666,32.0,1,ok,2026-08-07
965,8475197,Tyson Barrie,NAS,20252026,5on5,,,,,,0,missing,2026-08-07
966,8481703,Valtteri Puustinen,PIT,20252026,5on5,,,,,,0,missing,2026-08-07
967,8479968,Vinni Lettieri,BOS,20252026,5on5,,,,,,0,missing,2026-08-07
968,8481609,Vladislav Kolyachonok,PIT,20252026,5on5,0.48,0.54,0.46875,158.73333333333332,13.0,1,ok,2026-08-07
969,8482652,Walker Duehr,SJ,20252026,5on5,,,,18.416666666666668,3.0,1,thin,2026-08-07
970,8478021,William Lagesson,ANA,20252026,5on5,,,,,,0,missing,2026-08-07
971,8479367,William Lockwood,FLA,20252026,5on5,,,,,,0,missing,2026-08-07
972,8481708,Zac Jones,NYR,20252026,5on5,,,,,,0,missing,2026-08-07
973,8470610,Zach Parise,COL,20252026,5on5,,,,,,0,missing,2026-08-07
974,8479944,Zachary Aston-Reese,CBJ,20252026,5on5,0.46,0.46,0.3225806451612903,243.23333333333332,27.0,1,ok,2026-08-07
975,8482742,Zachary L'Heureux,NAS,20252026,5on5,0.47,0.51,0.3698630136986301,276.35,25.0,1,ok,2026-08-07
976,8477482,Zachary Sanford,CHI,20252026,5on5,,,,,,0,missing,2026-08-07
