player_id,full_name,wikidata_qid,editions_available,editions_fetched,wiki_intl_12mo,per_edition_json,window_start,window_end,fetch_date,intl_match,n_redirect_titles,redirect_views_12mo,redirect_share
1,Leo Carlsson,Q115703445,cs|fi|fr|ru|sv,cs|fi|fr|ru|sv,41414.0,"{""cs"": 3761, ""fi"": 4867, ""fr"": 4516, ""ru"": 14484, ""sv"": 43799}",20250418,20260417,2026-08-07,ok,0,0,0.0
2,Nathan Gaucher,Q112967545,fr|sv,fr|sv,2246.0,"{""fr"": 4017, ""sv"": 79}",20250418,20260417,2026-08-07,ok,1,15,0.003662
3,Cutter Gauthier,Q81903054,cs|fi|fr|ru|sv,cs|fi|fr|ru|sv,18865.0,"{""cs"": 89, ""fi"": 3868, ""fr"": 23218, ""ru"": 4609, ""sv"": 4763}",20250418,20260417,2026-08-07,ok,1,140,0.003831
4,Mikael Granlund,Q520141,cs|de|fi|fr|ru|sk|sv,cs|de|fi|fr|ru|sk|sv,117416.0,"{""cs"": 6529, ""de"": 10690, ""fi"": 158392, ""fr"": 5807, ""ru"": 26806, ""sk"": 4772, ""sv"": 11860}",20250418,20260417,2026-08-07,ok,5,688,0.00306
5,Jansen Harkins,Q20066440,fi|fr|sv,fi|fr|sv,1102.0,"{""fi"": 1222, ""fr"": 988, ""sv"": 660}",20250418,20260417,2026-08-07,ok,0,0,0.0
6,Ross Johnston,Q24006114,de|fi|fr|sv,de|fi|fr|sv,1594.0,"{""de"": 1287, ""fi"": 744, ""fr"": 1052, ""sv"": 557}",20250418,20260417,2026-08-07,ok,0,0,0.0
7,Alex Killorn,Q4719307,de|fi|fr|ru|sv,de|fi|fr|ru|sv,6755.0,"{""de"": 2865, ""fi"": 3126, ""fr"": 3635, ""ru"": 8832, ""sv"": 1081}",20250418,20260417,2026-08-07,ok,8,1295,0.066278
8,Chris Kreider,Q465017,de|fi|fr|ru|sv,de|fi|fr|ru|sv,11950.0,"{""de"": 5381, ""fi"": 3326, ""fr"": 4767, ""ru"": 15382, ""sv"": 1752}",20250418,20260417,2026-08-07,ok,3,1653,0.054005
9,Mason McTavish,Q107684199,cs|de|fi|fr|ru|sv,de|fi|fr|ru|sv,12462.0,"{""cs"": 0, ""de"": 4306, ""fi"": 3241, ""fr"": 8134, ""ru"": 9748, ""sv"": 1260}",20250418,20260417,2026-08-07,ok,3,160,0.005995
10,Ryan Poehling,Q30538929,de|fi|fr|sv,de|fi|fr|sv,4974.0,"{""de"": 1759, ""fi"": 2253, ""fr"": 6348, ""sv"": 865}",20250418,20260417,2026-08-07,ok,1,79,0.007038
11,Beckett Sennecke,Q126930004,cs|fi|fr|ru|sv,fi|fr|ru|sv,5192.0,"{""cs"": 0, ""fi"": 1504, ""fr"": 1225, ""ru"": 2666, ""sv"": 446}",20250418,20260417,2026-08-07,ok,1,507,0.0868
12,Troy Terry,Q21600096,de|fi|fr|ru|sv,de|fi|fr|sv,4749.0,"{""de"": 1736, ""fi"": 1704, ""fr"": 1631, ""ru"": 5942, ""sv"": 775}",20250418,20260417,2026-08-07,ok,2,267,0.02265
13,Frank Vatrano,Q21484331,de|fi|fr|ru|sv,de|fi|fr|ru|sv,4015.0,"{""de"": 2311, ""fi"": 1848, ""fr"": 2015, ""ru"": 5732, ""sv"": 994}",20250418,20260417,2026-08-07,ok,4,413,0.032016
14,Jeffrey Viel,Q106291776,de|fr|sv,de|fr|sv,3212.0,"{""de"": 1058, ""fr"": 4002, ""sv"": 425}",20250418,20260417,2026-08-07,ok,8,563,0.102644
15,Tim Washe,Q133885139,sv,sv,244.0,"{""sv"": 313}",20250418,20260417,2026-08-07,ok,2,62,0.198083
16,John Carlson,Q1364621,cs|de|fi|fr|ru|sv,cs|de|fi|fr|ru|sv,23540.0,"{""cs"": 3859, ""de"": 3318, ""fi"": 2690, ""fr"": 3761, ""ru"": 35648, ""sv"": 2253}",20250418,20260417,2026-08-07,ok,4,733,0.014225
17,Radko Gudas,Q3501342,cs|de|fi|fr|ru|sk|sv,cs|de|fi|fr|ru|sk|sv,139570.0,"{""cs"": 367805, ""de"": 14294, ""fi"": 14665, ""fr"": 7307, ""ru"": 17044, ""sk"": 3788, ""sv"": 4550}",20250418,20260417,2026-08-07,ok,5,642,0.001495
18,Drew Helleson,Q110553837,fi|sv,fi|sv,565.0,"{""fi"": 713, ""sv"": 672}",20250418,20260417,2026-08-07,ok,0,0,0.0
20,Jackson LaCombe,Q108556047,cs|de|fi|fr|ru|sv,cs|de|fi|fr|ru|sv,11256.0,"{""cs"": 362, ""de"": 913, ""fi"": 5393, ""fr"": 4085, ""ru"": 3753, ""sv"": 783}",20250418,20260417,2026-08-07,ok,2,74,0.00484
21,Pavel Mintyukov,Q112967556,fi|fr|ru|sv,fi|fr|ru|sv,13739.0,"{""fi"": 1125, ""fr"": 1497, ""ru"": 33629, ""sv"": 4393}",20250418,20260417,2026-08-07,ok,2,247,0.006077
22,Ian Moore,Q133869438,fi|sv,fi|sv,1711.0,"{""fi"": 124, ""sv"": 1615}",20250418,20260417,2026-08-07,ok,0,0,0.0
23,Jacob Trouba,Q3133586,cs|de|fi|fr|ru|sv,cs|de|fi|fr|ru|sv,12740.0,"{""cs"": 12379, ""de"": 6502, ""fi"": 4361, ""fr"": 5904, ""ru"": 19976, ""sv"": 2220}",20250418,20260417,2026-08-07,ok,3,1175,0.022886
24,Olen Zellweger,Q124350295,cs|fi|fr|sv,fi|fr|sv,1864.0,"{""cs"": 0, ""fi"": 2046, ""fr"": 2212, ""sv"": 958}",20250418,20260417,2026-08-07,ok,0,0,0.0
25,Viktor Arvidsson,Q2645491,cs|de|fi|fr|ru|sv,cs|de|fi|fr|ru|sv,12074.0,"{""cs"": 1984, ""de"": 4331, ""fi"": 2438, ""fr"": 1853, ""ru"": 6446, ""sv"": 8447}",20250418,20260417,2026-08-07,ok,2,284,0.011138
26,Michael Eyssimont,Q111588813,cs|fi|fr|ru|sv,cs|fi|fr|ru|sv,4495.0,"{""cs"": 71, ""fi"": 964, ""fr"": 1601, ""ru"": 2425, ""sv"": 688}",20250418,20260417,2026-08-07,ok,6,791,0.137589
27,Morgan Geekie,Q87355712,cs|de|fi|fr|sv,cs|de|fi|fr|sv,6205.0,"{""cs"": 2777, ""de"": 2534, ""fi"": 2137, ""fr"": 3738, ""sv"": 991}",20250418,20260417,2026-08-07,ok,1,116,0.009526
28,James Hagens,Q124303296,fi|sv,fi|sv,1247.0,"{""fi"": 2579, ""sv"": 31}",20250418,20260417,2026-08-07,ok,0,0,0.0
29,Tanner Jeannot,Q105741085,fi|fr|ru|sv,fi|fr|ru|sv,4762.0,"{""fi"": 1168, ""fr"": 3126, ""ru"": 5180, ""sv"": 752}",20250418,20260417,2026-08-07,ok,2,125,0.012224
30,Mark Kastelic,Q110751049,fi|sv,fi|sv,479.0,"{""fi"": 108, ""sv"": 966}",20250418,20260417,2026-08-07,ok,0,0,0.0
31,Marat Khusnutdinov,Q100166282,fi|fr|ru|sv,fi|fr|ru|sv,37553.0,"{""fi"": 1599, ""fr"": 1665, ""ru"": 73760, ""sv"": 595}",20250418,20260417,2026-08-07,ok,5,806,0.010384
32,Sean Kuraly,Q27702898,de|fi|fr|ru|sv,de|fi|fr|ru|sv,3157.0,"{""de"": 1669, ""fi"": 1243, ""fr"": 1101, ""ru"": 2436, ""sv"": 944}",20250418,20260417,2026-08-07,ok,1,82,0.011092
33,Elias Lindholm,Q3050933,cs|de|fi|fr|ru|sv,cs|de|fi|fr|ru|sv,31638.0,"{""cs"": 5412, ""de"": 5654, ""fi"": 4410, ""fr"": 4157, ""ru"": 14770, ""sv"": 30256}",20250418,20260417,2026-08-07,ok,3,488,0.007547
34,Fraser Minten,Q115176275,de|fi|ru|sv,de|fi|sv,3343.0,"{""de"": 876, ""fi"": 4471, ""ru"": 0, ""sv"": 911}",20250418,20260417,2026-08-07,ok,0,0,0.0
35,Casey Mittelstadt,Q28154979,de|fi|fr|ru|sv,de|fi|fr|ru|sv,5855.0,"{""de"": 4048, ""fi"": 2570, ""fr"": 2708, ""ru"": 6789, ""sv"": 1288}",20250418,20260417,2026-08-07,ok,2,324,0.018617
36,David Pastrnak,Q16224594,cs|de|fi|fr|ru|sk|sv,cs|de|fi|fr|ru|sk|sv,228043.0,"{""cs"": 547394, ""de"": 44553, ""fi"": 18567, ""fr"": 17312, ""ru"": 72673, ""sk"": 3351, ""sv"": 22856}",20250418,20260417,2026-08-07,ok,9,6720,0.009247
37,Lukas Reichel,Q70006257,de|fi|fr|ru|sv,de|fi|fr|ru|sv,44253.0,"{""de"": 64167, ""fi"": 2289, ""fr"": 2409, ""ru"": 2990, ""sv"": 1500}",20250418,20260417,2026-08-07,ok,1,262,0.003572
38,Alex Steeves,Q109984157,fi|sv,sv,360.0,"{""fi"": 0, ""sv"": 830}",20250418,20260417,2026-08-07,ok,0,0,0.0
39,Pavel Zacha,Q16225756,cs|de|fi|fr|ru|sk|sv,cs|de|fi|fr|ru|sk|sv,23531.0,"{""cs"": 79023, ""de"": 4577, ""fi"": 2123, ""fr"": 3168, ""ru"": 8901, ""sk"": 500, ""sv"": 837}",20250418,20260417,2026-08-07,ok,3,562,0.005669
40,Jonathan Aspirot,Q90428177,fr|sv,fr|sv,5034.0,"{""fr"": 5688, ""sv"": 158}",20250418,20260417,2026-08-07,ok,1,19,0.00325
41,Jordan Harris,Q111473583,fi|fr|sv,fi|fr|sv,2527.0,"{""fi"": 634, ""fr"": 6694, ""sv"": 554}",20250418,20260417,2026-08-07,ok,0,0,0.0
42,Henri Jokiharju,Q24827212,cs|de|fi|fr|ru|sv,cs|de|fi|fr|ru|sv,13008.0,"{""cs"": 1824, ""de"": 2469, ""fi"": 19008, ""fr"": 1860, ""ru"": 3774, ""sv"": 1473}",20250418,20260417,2026-08-07,ok,0,0,0.0
43,Hampus Lindholm,Q3077684,cs|de|fi|fr|ru|sv,cs|de|fi|fr|ru|sv,12850.0,"{""cs"": 2897, ""de"": 3410, ""fi"": 2577, ""fr"": 2003, ""ru"": 5432, ""sv"": 15809}",20250418,20260417,2026-08-07,ok,2,327,0.010178
44,Mason Lohrei,Q112150988,cs|fi|fr|ru|sv,cs|fi|fr|ru|sv,3665.0,"{""cs"": 79, ""fi"": 1027, ""fr"": 1568, ""ru"": 1816, ""sv"": 965}",20250418,20260417,2026-08-07,ok,2,787,0.144271
45,Charlie McAvoy,Q23926004,cs|de|fi|fr|ru|sv,cs|de|fi|fr|ru|sv,15085.0,"{""cs"": 700, ""de"": 5243, ""fi"": 3901, ""fr"": 5651, ""ru"": 10964, ""sv"": 1846}",20250418,20260417,2026-08-07,ok,7,2389,0.084402
46,Andrew Peeke,Q77579782,cs|de|fi|fr|ru|sv,cs|de|fi|fr|ru|sv,3889.0,"{""cs"": 74, ""de"": 1664, ""fi"": 1047, ""fr"": 1101, ""ru"": 3588, ""sv"": 777}",20250418,20260417,2026-08-07,ok,3,212,0.025694
47,Nikita Zadorov,Q3341513,de|fi|fr|ru|sv,de|fi|fr|ru|sv,55237.0,"{""de"": 4537, ""fi"": 4247, ""fr"": 4631, ""ru"": 193122, ""sv"": 2215}",20250418,20260417,2026-08-07,ok,9,1254,0.006007
48,Zach Benson,Q120015681,cs|fi|fr|ru|sv,fi|fr|ru|sv,3222.0,"{""cs"": 0, ""fi"": 1187, ""fr"": 1989, ""ru"": 2245, ""sv"": 2006}",20250418,20260417,2026-08-07,ok,3,232,0.031237
49,Sam Carrick,Q18448664,de|fi|fr|sv,de|fi|fr|sv,1967.0,"{""de"": 2078, ""fi"": 1121, ""fr"": 1608, ""sv"": 605}",20250418,20260417,2026-08-07,ok,1,412,0.076127
50,Justin Danforth,Q16228493,de|fi|fr|ru|sv,de|fi|fr|ru|sv,4154.0,"{""de"": 1116, ""fi"": 3449, ""fr"": 849, ""ru"": 4306, ""sv"": 492}",20250418,20260417,2026-08-07,ok,1,58,0.00568
51,Josh Doan,Q107637219,cs|fi|ru|sv,cs|fi|ru|sv,5726.0,"{""cs"": 730, ""fi"": 1515, ""ru"": 3272, ""sv"": 991}",20250418,20260417,2026-08-07,ok,0,0,0.0
52,Josh Dunne,Q106518567,sv,sv,266.0,"{""sv"": 535}",20250418,20260417,2026-08-07,ok,1,36,0.06729
53,Jordan Greenway,Q20066659,de|fi|fr|ru|sv,de|fi|fr|ru|sv,2813.0,"{""de"": 1302, ""fi"": 1237, ""fr"": 1332, ""ru"": 2980, ""sv"": 989}",20250418,20260417,2026-08-07,ok,1,83,0.010587
54,Konsta Helenius,Q115777734,cs|fi|ru|sv,cs|fi|ru|sv,28290.0,"{""cs"": 2035, ""fi"": 103775, ""ru"": 6296, ""sv"": 444}",20250418,20260417,2026-08-07,ok,1,1429,0.012697
55,Tyson Kozak,Q131397916,sv,sv,200.0,"{""sv"": 292}",20250418,20260417,2026-08-07,ok,0,0,0.0
56,Peyton Krebs,Q64781760,de|fi|fr|ru|sv,de|fi|fr|ru|sv,3239.0,"{""de"": 1907, ""fi"": 1339, ""fr"": 1422, ""ru"": 2448, ""sv"": 605}",20250418,20260417,2026-08-07,ok,1,110,0.014247
57,Jiri Kulich,Q110281931,cs|fi|fr|sv,cs|fi|fr|sv,10810.0,"{""cs"": 36632, ""fi"": 1641, ""fr"": 1630, ""sv"": 1093}",20250418,20260417,2026-08-07,ok,3,212,0.005171
58,Beck Malenstyn,Q75842732,sv,sv,335.0,"{""sv"": 665}",20250418,20260417,2026-08-07,ok,0,0,0.0
59,Ryan McLeod,Q106627447,de|fi|fr|ru|sv,de|fi|fr|ru|sv,6707.0,"{""de"": 2295, ""fi"": 1684, ""fr"": 2003, ""ru"": 5985, ""sv"": 776}",20250418,20260417,2026-08-07,ok,1,30,0.002354
60,Josh Norris,Q30542583,de|fi|fr|sv,de|fi|fr|sv,3399.0,"{""de"": 2969, ""fi"": 2005, ""fr"": 2626, ""sv"": 1040}",20250418,20260417,2026-08-07,ok,4,724,0.083796
61,Noah Ostlund,Q112967549,fi|fr|sv,fi|fr|sv,6220.0,"{""fi"": 1965, ""fr"": 924, ""sv"": 10933}",20250418,20260417,2026-08-07,ok,0,0,0.0
62,Tanner Pearson,Q3515234,de|fi|fr|ru|sv,de|fi|fr|ru|sv,4121.0,"{""de"": 2020, ""fi"": 1441, ""fr"": 5007, ""ru"": 4003, ""sv"": 700}",20250418,20260417,2026-08-07,ok,2,359,0.027257
63,Jack Quinn,Q100149533,cs|de|fi|fr|ru|sv,de|fi|fr|ru|sv,4954.0,"{""cs"": 0, ""de"": 1953, ""fi"": 1807, ""fr"": 2432, ""ru"": 4805, ""sv"": 847}",20250418,20260417,2026-08-07,ok,0,0,0.0
64,Tage Thompson,Q24805735,cs|de|fi|fr|ru|sv,cs|de|fi|fr|ru|sv,59466.0,"{""cs"": 8458, ""de"": 19066, ""fi"": 8447, ""fr"": 10543, ""ru"": 21894, ""sv"": 11168}",20250418,20260417,2026-08-07,ok,2,508,0.006384
65,Alex Tuch,Q17181019,cs|de|fi|fr|ru|sv,cs|de|fi|fr|ru|sv,9625.0,"{""cs"": 2803, ""de"": 4394, ""fi"": 2496, ""fr"": 3378, ""ru"": 7463, ""sv"": 1913}",20250418,20260417,2026-08-07,ok,3,671,0.029893
66,Jason Zucker,Q1684008,de|fi|fr|ru|sv,de|fi|fr|ru|sv,4484.0,"{""de"": 2901, ""fi"": 1867, ""fr"": 1781, ""ru"": 5193, ""sv"": 820}",20250418,20260417,2026-08-07,ok,3,766,0.060978
67,Bowen Byram,Q64736735,cs|de|fi|fr|ru|sv,cs|de|fi|fr|ru|sv,7016.0,"{""cs"": 2378, ""de"": 2925, ""fi"": 2496, ""fr"": 3542, ""ru"": 7802, ""sv"": 1119}",20250418,20260417,2026-08-07,ok,4,7362,0.36334
68,Rasmus Dahlin,Q27839454,cs|de|fi|fr|ru|sk|sv,cs|de|fi|fr|ru|sk|sv,59378.0,"{""cs"": 6678, ""de"": 10610, ""fi"": 9446, ""fr"": 6232, ""ru"": 26184, ""sk"": 105, ""sv"": 63706}",20250418,20260417,2026-08-07,ok,2,173,0.001407
70,Michael Kesselring,Q116977379,cs|ru|sv,cs|ru|sv,2980.0,"{""cs"": 75, ""ru"": 4018, ""sv"": 1388}",20250418,20260417,2026-08-07,ok,1,37,0.006751
71,Zach Metsa,Q111547990,sv,sv,224.0,"{""sv"": 224}",20250418,20260417,2026-08-07,ok,0,0,0.0
72,Owen Power,Q102226150,cs|de|fi|fr|ru|sv,cs|de|fi|fr|ru|sv,14865.0,"{""cs"": 4971, ""de"": 6516, ""fi"": 4397, ""fr"": 5334, ""ru"": 20022, ""sv"": 1988}",20250418,20260417,2026-08-07,ok,2,328,0.007588
73,Mattias Samuelsson,Q56301360,de|fi|fr|sv,de|fi|fr|sv,7118.0,"{""de"": 1605, ""fi"": 1856, ""fr"": 1282, ""sv"": 8486}",20250418,20260417,2026-08-07,ok,0,0,0.0
74,Luke Schenn,Q1390315,cs|de|fi|fr|ru|sv,cs|de|fi|fr|ru|sv,9209.0,"{""cs"": 1918, ""de"": 3171, ""fi"": 3088, ""fr"": 3633, ""ru"": 9475, ""sv"": 1023}",20250418,20260417,2026-08-07,ok,4,511,0.022907
75,Logan Stanley,Q24804710,de|fi|fr|ru|sv,de|fi|fr|ru|sv,4602.0,"{""de"": 1825, ""fi"": 1424, ""fr"": 1851, ""ru"": 2567, ""sv"": 671}",20250418,20260417,2026-08-07,ok,1,319,0.038259
76,Conor Timmins,Q69818578,de|fi|fr|sv,de|fi|fr|sv,1658.0,"{""de"": 824, ""fi"": 1135, ""fr"": 1317, ""sv"": 569}",20250418,20260417,2026-08-07,ok,0,0,0.0
77,Mikael Backlund,Q1286038,cs|de|fi|fr|ru|sv,cs|de|fi|fr|ru|sv,18586.0,"{""cs"": 3726, ""de"": 4382, ""fi"": 3982, ""fr"": 2123, ""ru"": 9845, ""sv"": 15063}",20250418,20260417,2026-08-07,ok,3,420,0.010736
78,John Beecher,Q65030545,fi|fr|sv,fi|fr|sv,1574.0,"{""fi"": 989, ""fr"": 1497, ""sv"": 975}",20250418,20260417,2026-08-07,ok,1,120,0.034672
79,Blake Coleman,Q8840022,de|fi|fr|ru|sv,de|fi|fr|ru|sv,4971.0,"{""de"": 2201, ""fi"": 1136, ""fr"": 2096, ""ru"": 3980, ""sv"": 978}",20250418,20260417,2026-08-07,ok,1,131,0.012607
80,Matt Coronato,Q107630709,fi|fr|ru|sv,fi|fr|ru|sv,2202.0,"{""fi"": 702, ""fr"": 1543, ""ru"": 816, ""sv"": 642}",20250418,20260417,2026-08-07,ok,2,135,0.036457
81,Joel Farabee,Q55176953,de|fi|fr|ru|sv,de|fi|fr|ru|sv,3200.0,"{""de"": 1526, ""fi"": 1423, ""fr"": 1345, ""ru"": 3978, ""sv"": 769}",20250418,20260417,2026-08-07,ok,3,225,0.024887
82,Morgan Frost,Q30572123,fi|fr|sv,fi|fr|sv,1357.0,"{""fi"": 1609, ""fr"": 1416, ""sv"": 924}",20250418,20260417,2026-08-07,ok,0,0,0.0
83,Matvei Gridin,Q126932921,fi|fr|ru|sv,fi|fr|ru,9872.0,"{""fi"": 239, ""fr"": 1157, ""ru"": 8819, ""sv"": 13}",20250418,20260417,2026-08-07,ok,3,128,0.012515
84,Tyson Gross,Q138774598,sv,sv,147.0,"{""sv"": 147}",20250418,20260417,2026-08-07,ok,0,0,0.0
85,Samuel Honzek,Q110276609,cs|fi|fr|ru|sk|sv,cs|fi|fr|ru|sk|sv,6954.0,"{""cs"": 2715, ""fi"": 206, ""fr"": 242, ""ru"": 1773, ""sk"": 7829, ""sv"": 334}",20250418,20260417,2026-08-07,ok,0,0,0.0
86,Jonathan Huberdeau,Q984221,cs|de|fi|fr|ru|sv,cs|de|fi|fr|ru|sv,19526.0,"{""cs"": 3621, ""de"": 4681, ""fi"": 5091, ""fr"": 12105, ""ru"": 21466, ""sv"": 2928}",20250418,20260417,2026-08-07,ok,3,611,0.012246
87,Rory Kerins,Q122477016,sv,sv,1676.0,"{""sv"": 2008}",20250418,20260417,2026-08-07,ok,0,0,0.0
88,Adam Klapka,Q118247936,cs|ru|sv,cs|ru|sv,35966.0,"{""cs"": 41075, ""ru"": 2287, ""sv"": 799}",20250418,20260417,2026-08-07,ok,0,0,0.0
89,Ryan Lomberg,Q47505541,de|fi|fr|ru|sv,de|fi|fr|ru|sv,3387.0,"{""de"": 860, ""fi"": 1575, ""fr"": 2200, ""ru"": 2608, ""sv"": 1166}",20250418,20260417,2026-08-07,ok,0,0,0.0
90,Victor Olofsson,Q16224490,de|fi|fr|ru|sv,de|fi|fr|ru|sv,9580.0,"{""de"": 2856, ""fi"": 1951, ""fr"": 1948, ""ru"": 4249, ""sv"": 9924}",20250418,20260417,2026-08-07,ok,2,74,0.003536
91,Martin Pospisil,Q98605613,cs|de|fi|ru|sk|sv,cs|de|fi|ru|sk|sv,17520.0,"{""cs"": 1500, ""de"": 3622, ""fi"": 3410, ""ru"": 4144, ""sk"": 30741, ""sv"": 5132}",20250418,20260417,2026-08-07,ok,4,144,0.002966
92,Yegor Sharangovich,Q29788539,de|fi|fr|ru|sv,de|fi|fr|ru|sv,22516.0,"{""de"": 2016, ""fi"": 1854, ""fr"": 1575, ""ru"": 72009, ""sv"": 1092}",20250418,20260417,2026-08-07,ok,12,1076,0.013699
93,Ryan Strome,Q984027,de|fi|fr|ru|sv,de|fi|fr|ru|sv,7517.0,"{""de"": 2534, ""fi"": 1425, ""fr"": 1895, ""ru"": 11714, ""sv"": 1106}",20250418,20260417,2026-08-07,ok,2,284,0.015208
94,Aydar Suniev,Q133895581,ru|sv,ru|sv,5477.0,"{""ru"": 5237, ""sv"": 240}",20250418,20260417,2026-08-07,ok,2,127,0.023188
95,Connor Zary,Q100150920,fi|fr|ru|sv,fi|fr|ru|sv,2101.0,"{""fi"": 953, ""fr"": 1382, ""ru"": 1693, ""sv"": 575}",20250418,20260417,2026-08-07,ok,0,0,0.0
96,Kevin Bahl,Q79885347,fi|fr|sv,fi|fr|sv,1280.0,"{""fi"": 963, ""fr"": 1153, ""sv"": 693}",20250418,20260417,2026-08-07,ok,0,0,0.0
97,Jake Bean,Q23880275,de|fi|fr|ru|sv,de|fi|fr|ru|sv,2590.0,"{""de"": 1273, ""fi"": 1428, ""fr"": 1329, ""ru"": 2680, ""sv"": 997}",20250418,20260417,2026-08-07,ok,1,194,0.025172
98,Hunter Brzustewicz,Q81902087,sv,sv,212.0,"{""sv"": 212}",20250418,20260417,2026-08-07,ok,0,0,0.0
99,Joel Hanley,Q23728749,de|fi|fr|sv,de|fi|fr|sv,1378.0,"{""de"": 1077, ""fi"": 888, ""fr"": 1050, ""sv"": 679}",20250418,20260417,2026-08-07,ok,0,0,0.0
100,Yan Kuznetsov,Q122477025,ru|sv,ru|sv,10125.0,"{""ru"": 15367, ""sv"": 3983}",20250418,20260417,2026-08-07,ok,2,177,0.009147
101,Olli Maatta,Q3351500,cs|de|fi|fr|ru|sv,cs|de|fi|fr|ru|sv,32121.0,"{""cs"": 2604, ""de"": 6801, ""fi"": 52968, ""fr"": 2215, ""ru"": 9788, ""sv"": 2172}",20250418,20260417,2026-08-07,ok,5,1339,0.017492
102,Brayden Pachal,Q110810885,de|fr|sv,de|fr|sv,971.0,"{""de"": 735, ""fr"": 861, ""sv"": 473}",20250418,20260417,2026-08-07,ok,1,49,0.023683
103,Zayne Parekh,Q124809440,cs|fi|sv,cs|fi|sv,4657.0,"{""cs"": 388, ""fi"": 2868, ""sv"": 1401}",20250418,20260417,2026-08-07,ok,0,0,0.0
104,Zach Whitecloud,Q51954829,de|fi|fr|ru|sv,de|fi|fr|ru|sv,4152.0,"{""de"": 1824, ""fi"": 1684, ""fr"": 2203, ""ru"": 3201, ""sv"": 994}",20250418,20260417,2026-08-07,ok,2,467,0.047143
106,Sebastian Aho,Q16158994,cs|de|fi|fr|ru|sk|sv,cs|de|fi|fr|ru|sk|sv,73913.0,"{""cs"": 5089, ""de"": 7821, ""fi"": 102293, ""fr"": 6803, ""ru"": 26740, ""sk"": 2196, ""sv"": 7124}",20250418,20260417,2026-08-07,ok,5,1548,0.009793
107,Jackson Blake,Q125102952,cs|fi|ru|sv,fi|ru|sv,2755.0,"{""cs"": 0, ""fi"": 1365, ""ru"": 1707, ""sv"": 548}",20250418,20260417,2026-08-07,ok,0,0,0.0
108,William Carrier,Q16200683,de|fi|fr|ru|sv,de|fi|fr|ru|sv,6872.0,"{""de"": 1320, ""fi"": 1124, ""fr"": 8632, ""ru"": 3137, ""sv"": 545}",20250418,20260417,2026-08-07,ok,2,432,0.029272
109,Nicolas Deslauriers,Q15964625,de|fi|fr|ru|sv,de|fi|fr|ru|sv,9831.0,"{""de"": 2489, ""fi"": 1904, ""fr"": 11895, ""ru"": 3962, ""sv"": 2404}",20250418,20260417,2026-08-07,ok,1,182,0.008034
110,Nikolaj Ehlers,Q15823679,cs|de|fi|fr|ru|sv,cs|de|fi|fr|ru|sv,44941.0,"{""cs"": 3637, ""de"": 26764, ""fi"": 5622, ""fr"": 5949, ""ru"": 12547, ""sv"": 6708}",20250418,20260417,2026-08-07,ok,2,414,0.006762
111,Taylor Hall,Q721993,cs|de|fi|fr|ru|sk|sv,cs|de|fi|fr|ru|sk|sv,23921.0,"{""cs"": 6967, ""de"": 11224, ""fi"": 8502, ""fr"": 8685, ""ru"": 29340, ""sk"": 2868, ""sv"": 2710}",20250418,20260417,2026-08-07,ok,4,3072,0.043701
112,Mark Jankowski,Q59402,cs|de|fi|fr|sv,de|fi|fr|sv,2052.0,"{""cs"": 0, ""de"": 1672, ""fi"": 1556, ""fr"": 1278, ""sv"": 680}",20250418,20260417,2026-08-07,ok,0,0,0.0
113,Seth Jarvis,Q100149493,cs|de|fi|fr|ru|sv,cs|de|fi|fr|ru|sv,13892.0,"{""cs"": 247, ""de"": 1238, ""fi"": 5650, ""fr"": 8428, ""ru"": 8656, ""sv"": 1141}",20250418,20260417,2026-08-07,ok,1,136,0.005363
114,Jesperi Kotkaniemi,Q39400296,de|fi|fr|ru|sv,de|fi|fr|ru|sv,21258.0,"{""de"": 3116, ""fi"": 23559, ""fr"": 16148, ""ru"": 7062, ""sv"": 1337}",20250418,20260417,2026-08-07,ok,2,92,0.001796
115,Jordan Martinook,Q16229653,cs|de|fi|fr|ru|sv,cs|de|fi|fr|ru|sv,3906.0,"{""cs"": 3, ""de"": 1338, ""fi"": 1274, ""fr"": 1095, ""ru"": 5435, ""sv"": 853}",20250418,20260417,2026-08-07,ok,1,79,0.007902
116,Eric Robinson,Q52702779,de|fi|fr|sv,de|fi|fr|sv,1621.0,"{""de"": 1288, ""fi"": 892, ""fr"": 1082, ""sv"": 806}",20250418,20260417,2026-08-07,ok,0,0,0.0
117,Jordan Staal,Q447270,cs|de|fi|fr|ru|sv,cs|de|fi|fr|ru|sv,21246.0,"{""cs"": 4014, ""de"": 5334, ""fi"": 6773, ""fr"": 7110, ""ru"": 27436, ""sv"": 1974}",20250418,20260417,2026-08-07,ok,4,979,0.018598
118,Logan Stankoven,Q112801080,cs|fi|fr|ru|sv,cs|fi|fr|ru|sv,8475.0,"{""cs"": 3916, ""fi"": 4349, ""fr"": 3133, ""ru"": 4786, ""sv"": 857}",20250418,20260417,2026-08-07,ok,0,0,0.0
119,Andrei Svechnikov,Q34489864,cs|de|fi|fr|ru|sv,cs|de|fi|fr|ru,72053.0,"{""cs"": 1, ""de"": 6842, ""fi"": 4498, ""fr"": 4589, ""ru"": 158187, ""sv"": 1514}",20250418,20260417,2026-08-07,ok,8,1564,0.008905
120,Jalen Chatfield,Q104975388,cs|fi|fr|ru|sv,fi|fr|ru|sv,1608.0,"{""cs"": 0, ""fi"": 1298, ""fr"": 1605, ""ru"": 1, ""sv"": 840}",20250418,20260417,2026-08-07,ok,1,0,0.0
121,Shayne Gostisbehere,Q16228901,cs|de|fi|fr|ru|sv,cs|de|fi|fr|ru|sv,6759.0,"{""cs"": 1930, ""de"": 2853, ""fi"": 2710, ""fr"": 4132, ""ru"": 5131, ""sv"": 1061}",20250418,20260417,2026-08-07,ok,4,421,0.023629
122,K'Andre Miller,Q55183451,de|fi|fr|ru|sv,de|fi|fr|ru|sv,4814.0,"{""de"": 2456, ""fi"": 1863, ""fr"": 2159, ""ru"": 1494, ""sv"": 911}",20250418,20260417,2026-08-07,ok,2,161,0.018125
123,Alexander Nikishin,Q89889168,fi|fr|ru|sv,fi|fr|ru|sv,41732.0,"{""fi"": 1051, ""fr"": 1916, ""ru"": 114170, ""sv"": 364}",20250418,20260417,2026-08-07,ok,4,238,0.002026
124,Mike Reilly,Q16224772,de|fi|fr|ru|sv,de|fi|fr|ru|sv,3274.0,"{""de"": 1581, ""fi"": 1373, ""fr"": 1781, ""ru"": 2795, ""sv"": 667}",20250418,20260417,2026-08-07,ok,2,315,0.038429
125,Jaccob Slavin,Q21045691,cs|de|fi|fr|ru|sv,cs|de|fi|fr|ru|sv,11321.0,"{""cs"": 293, ""de"": 3176, ""fi"": 3050, ""fr"": 3475, ""ru"": 10992, ""sv"": 1214}",20250418,20260417,2026-08-07,ok,4,605,0.027252
126,Sean Walker,Q57758280,de|fi|fr|sv,de|fi|fr|sv,2132.0,"{""de"": 2143, ""fi"": 1472, ""fr"": 1859, ""sv"": 625}",20250418,20260417,2026-08-07,ok,0,0,0.0
127,Connor Bedard,Q102425753,cs|de|fi|fr|ru|sk|sv,cs|de|fi|fr|ru|sk|sv,74857.0,"{""cs"": 36082, ""de"": 40072, ""fi"": 24646, ""fr"": 75166, ""ru"": 97076, ""sk"": 11091, ""sv"": 20090}",20250418,20260417,2026-08-07,ok,0,0,0.0
128,Tyler Bertuzzi,Q24006730,de|fi|fr|ru|sv,de|fi|fr|ru|sv,10732.0,"{""de"": 6103, ""fi"": 5050, ""fr"": 6546, ""ru"": 12960, ""sv"": 2819}",20250418,20260417,2026-08-07,ok,2,285,0.008513
129,Sacha Boisvert,Q126934335,fi|sv,fi|sv,208.0,"{""fi"": 89, ""sv"": 119}",20250418,20260417,2026-08-07,ok,0,0,0.0
130,Andre Burakovsky,Q13581457,cs|de|fi|fr|ru|sv,cs|de|fi|fr|ru|sv,22890.0,"{""cs"": 6943, ""de"": 5876, ""fi"": 4632, ""fr"": 2273, ""ru"": 19384, ""sv"": 29285}",20250418,20260417,2026-08-07,ok,9,2668,0.03901
131,Ryan Donato,Q17385847,cs|de|fi|fr|sv,cs|de|fi|fr|sv,3651.0,"{""cs"": 1772, ""de"": 3255, ""fi"": 2077, ""fr"": 1963, ""sv"": 1002}",20250418,20260417,2026-08-07,ok,0,0,0.0
132,Anton Frondell,Q125964662,cs|fi|sv,cs|fi|sv,17208.0,"{""cs"": 130, ""fi"": 1137, ""sv"": 15941}",20250418,20260417,2026-08-07,ok,0,0,0.0
133,Ryan Greene,Q133892630,sv,sv,262.0,"{""sv"": 287}",20250418,20260417,2026-08-07,ok,0,0,0.0
134,Sam Lafferty,Q70098297,de|fi|fr|sv,de|fi|fr|sv,1752.0,"{""de"": 1558, ""fi"": 1740, ""fr"": 1073, ""sv"": 771}",20250418,20260417,2026-08-07,ok,0,0,0.0
135,Nick Lardis,Q137381676,fi|sv,fi|sv,341.0,"{""fi"": 200, ""sv"": 141}",20250418,20260417,2026-08-07,ok,0,0,0.0
136,Andrew Mangiapane,Q20745013,cs|de|fi|fr|ru|sv,cs|de|fi|fr|ru|sv,13739.0,"{""cs"": 2084, ""de"": 5079, ""fi"": 1880, ""fr"": 3833, ""ru"": 17391, ""sv"": 922}",20250418,20260417,2026-08-07,ok,2,218,0.00699
137,Ilya Mikheyev,Q25388037,de|fi|fr|ru|sv,de|fi|fr|ru|sv,18292.0,"{""de"": 2235, ""fi"": 1389, ""fr"": 1444, ""ru"": 48983, ""sv"": 1034}",20250418,20260417,2026-08-07,ok,9,815,0.014795
138,Oliver Moore,Q120015682,fi|fr|sv,fi|fr|sv,2663.0,"{""fi"": 2019, ""fr"": 1018, ""sv"": 356}",20250418,20260417,2026-08-07,ok,0,0,0.0
139,Frank Nazar,Q81905716,cs|fi|fr|ru|sv,cs|fi|fr|ru|sv,9972.0,"{""cs"": 150, ""fi"": 1870, ""fr"": 3741, ""ru"": 5314, ""sv"": 1089}",20250418,20260417,2026-08-07,ok,1,160,0.013154
140,Landon Slaggert,Q124823562,sv,sv,295.0,"{""sv"": 838}",20250418,20260417,2026-08-07,ok,0,0,0.0
141,Teuvo Teravainen,Q3519286,cs|de|fi|fr|ru|sv,cs|de|fi|fr|ru|sv,36887.0,"{""cs"": 3133, ""de"": 3643, ""fi"": 52799, ""fr"": 2552, ""ru"": 12718, ""sv"": 2673}",20250418,20260417,2026-08-07,ok,5,1732,0.022343
142,Dominic Toninato,Q43349759,de|fi|fr|sv,de|fi|fr|sv,1151.0,"{""de"": 936, ""fi"": 817, ""fr"": 677, ""sv"": 423}",20250418,20260417,2026-08-07,ok,1,75,0.026288
143,Louis Crevier,Q123671144,ru|sv,ru|sv,1033.0,"{""ru"": 775, ""sv"": 483}",20250418,20260417,2026-08-07,ok,1,108,0.085851
144,Ethan Del Mastro,Q125462680,cs|sv,sv,334.0,"{""cs"": 0, ""sv"": 592}",20250418,20260417,2026-08-07,ok,0,0,0.0
145,Matt Grzelcyk,Q19564299,de|fi|fr|sv,de|fi|fr|sv,2273.0,"{""de"": 2008, ""fi"": 1264, ""fr"": 1244, ""sv"": 917}",20250418,20260417,2026-08-07,ok,3,164,0.030186
146,Wyatt Kaiser,Q117215047,fi|sv,fi|sv,778.0,"{""fi"": 854, ""sv"": 825}",20250418,20260417,2026-08-07,ok,0,0,0.0
147,Kevin Korchinski,Q112967557,fi|fr|sv,fi|fr|sv,2723.0,"{""fi"": 5165, ""fr"": 1784, ""sv"": 646}",20250418,20260417,2026-08-07,ok,0,0,0.0
148,Artyom Levshunov,Q122980144,fi|fr|ru|sv,fi|fr|ru|sv,23168.0,"{""fi"": 1059, ""fr"": 3903, ""ru"": 57020, ""sv"": 620}",20250418,20260417,2026-08-07,ok,9,2585,0.041293
149,Sam Rinzel,Q112967559,fi|fr|sv,fi|fr|sv,2806.0,"{""fi"": 2046, ""fr"": 1078, ""sv"": 338}",20250418,20260417,2026-08-07,ok,0,0,0.0
150,Alex Vlasic,Q111310415,cs|fi|ru|sv,cs|fi|ru|sv,4355.0,"{""cs"": 78, ""fi"": 1416, ""ru"": 2762, ""sv"": 1149}",20250418,20260417,2026-08-07,ok,2,890,0.164662
151,Zakhar Bardakov,Q105437939,fr|ru|sv,fr|ru|sv,17660.0,"{""fr"": 1109, ""ru"": 32636, ""sv"": 159}",20250418,20260417,2026-08-07,ok,6,505,0.014895
152,Ross Colton,Q105672753,de|fi|fr|ru|sv,de|fi|fr|ru|sv,3303.0,"{""de"": 1548, ""fi"": 1450, ""fr"": 1419, ""ru"": 4535, ""sv"": 710}",20250418,20260417,2026-08-07,ok,0,0,0.0
153,Jack Drury,Q88018838,fi|fr|sv,fi|fr|sv,2149.0,"{""fi"": 2109, ""fr"": 2608, ""sv"": 1185}",20250418,20260417,2026-08-07,ok,0,0,0.0
154,Nazem Kadri,Q1852981,cs|de|fi|fr|ru|sv,cs|de|fi|fr|ru|sv,22828.0,"{""cs"": 3830, ""de"": 5162, ""fi"": 5372, ""fr"": 13234, ""ru"": 14853, ""sv"": 2339}",20250418,20260417,2026-08-07,ok,1,980,0.02188
155,Parker Kelly,Q106824020,fi|fr|ru|sv,fi|fr|ru|sv,2064.0,"{""fi"": 304, ""fr"": 1015, ""ru"": 1002, ""sv"": 740}",20250418,20260417,2026-08-07,ok,0,0,0.0
156,Joel Kiviranta,Q16299903,cs|de|fi|fr|ru|sv,cs|de|fi|fr|ru|sv,16514.0,"{""cs"": 230, ""de"": 2210, ""fi"": 24724, ""fr"": 1412, ""ru"": 4161, ""sv"": 1280}",20250418,20260417,2026-08-07,ok,4,341,0.010024
157,Gabriel Landeskog,Q715421,cs|de|fi|fr|ru|sk|sv,cs|de|fi|fr|ru|sk|sv,77322.0,"{""cs"": 8478, ""de"": 17716, ""fi"": 21241, ""fr"": 10783, ""ru"": 35194, ""sk"": 2892, ""sv"": 53090}",20250418,20260417,2026-08-07,ok,11,2030,0.013588
158,Artturi Lehkonen,Q2365562,cs|de|fi|fr|ru|sv,cs|de|fi|fr|ru|sv,50461.0,"{""cs"": 2188, ""de"": 3254, ""fi"": 60327, ""fr"": 7816, ""ru"": 7062, ""sv"": 3101}",20250418,20260417,2026-08-07,ok,2,176,0.002102
159,Nathan MacKinnon,Q1966594,cs|de|fi|fr|ru|sk|sv,cs|de|fi|fr|ru|sk|sv,177587.0,"{""cs"": 22038, ""de"": 36893, ""fi"": 27739, ""fr"": 43756, ""ru"": 190750, ""sk"": 7063, ""sv"": 10075}",20250418,20260417,2026-08-07,ok,8,4116,0.012166
160,Martin Necas,Q28057077,cs|de|fi|fr|ru|sv,cs|de|fi|fr|ru|sv,103155.0,"{""cs"": 207586, ""de"": 9241, ""fi"": 7801, ""fr"": 6399, ""ru"": 19907, ""sv"": 2392}",20250418,20260417,2026-08-07,ok,6,1472,0.005811
161,Brock Nelson,Q2925902,cs|de|fi|fr|ru|sv,cs|de|fi|fr|ru|sv,17088.0,"{""cs"": 706, ""de"": 5190, ""fi"": 4310, ""fr"": 4702, ""ru"": 11890, ""sv"": 1918}",20250418,20260417,2026-08-07,ok,2,439,0.015288
162,Valeri Nichushkin,Q2365750,cs|de|fi|fr|ru|sv,cs|de|fi|fr|ru|sv,43125.0,"{""cs"": 3076, ""de"": 4855, ""fi"": 5297, ""fr"": 3826, ""ru"": 127559, ""sv"": 1364}",20250418,20260417,2026-08-07,ok,10,2050,0.014043
163,Logan O'Connor,Q60823183,de|fi|fr|ru|sv,de|fi|fr|ru|sv,2992.0,"{""de"": 1442, ""fi"": 1089, ""fr"": 1124, ""ru"": 3047, ""sv"": 677}",20250418,20260417,2026-08-07,ok,3,189,0.025613
164,Nicolas Roy,Q16224877,cs|de|fi|fr|ru|sv,cs|de|fi|fr|ru|sv,13583.0,"{""cs"": 2191, ""de"": 2556, ""fi"": 1706, ""fr"": 9427, ""ru"": 7100, ""sv"": 892}",20250418,20260417,2026-08-07,ok,1,260,0.010891
165,Jack Ahcan,Q106034953,sv,sv,180.0,"{""sv"": 421}",20250418,20260417,2026-08-07,ok,0,0,0.0
166,Nick Blankenburg,Q111598719,fi|sv,fi|sv,829.0,"{""fi"": 1182, ""sv"": 586}",20250418,20260417,2026-08-07,ok,0,0,0.0
167,Brent Burns,Q909711,cs|de|fi|fr|ru|sv,cs|de|fi|fr|ru|sv,50814.0,"{""cs"": 9530, ""de"": 12209, ""fi"": 12184, ""fr"": 11137, ""ru"": 50543, ""sv"": 3560}",20250418,20260417,2026-08-07,ok,3,3898,0.039309
168,Brett Kulak,Q16229397,de|fi|fr|sv,de|fi|fr|sv,5351.0,"{""de"": 3528, ""fi"": 1995, ""fr"": 4040, ""sv"": 849}",20250418,20260417,2026-08-07,ok,0,0,0.0
169,Cale Makar,Q29342308,cs|de|fi|fr|ru|sk|sv,cs|de|fi|fr|ru|sk|sv,83728.0,"{""cs"": 17966, ""de"": 20710, ""fi"": 20468, ""fr"": 29675, ""ru"": 70010, ""sk"": 1499, ""sv"": 7220}",20250418,20260417,2026-08-07,ok,2,1125,0.006714
170,Sam Malinski,Q117787535,fi|fr|sv,fi|fr|sv,1236.0,"{""fi"": 499, ""fr"": 1020, ""sv"": 523}",20250418,20260417,2026-08-07,ok,1,110,0.053869
171,Josh Manson,Q16229630,de|fi|fr|ru|sv,de|fi|fr|ru|sv,4576.0,"{""de"": 1668, ""fi"": 1544, ""fr"": 1802, ""ru"": 3525, ""sv"": 1117}",20250418,20260417,2026-08-07,ok,3,846,0.087614
172,Devon Toews,Q60063280,cs|de|fi|fr|ru|sv,cs|de|fi|fr|ru|sv,14656.0,"{""cs"": 315, ""de"": 4731, ""fi"": 3087, ""fr"": 6016, ""ru"": 10285, ""sv"": 1441}",20250418,20260417,2026-08-07,ok,1,188,0.007266
173,Charlie Coyle,Q547607,cs|de|fi|fr|ru|sv,cs|de|fi|fr|ru|sv,7024.0,"{""cs"": 3142, ""de"": 2775, ""fi"": 2250, ""fr"": 3187, ""ru"": 5346, ""sv"": 1011}",20250418,20260417,2026-08-07,ok,6,1021,0.057648
174,Adam Fantilli,Q114924131,cs|de|fi|fr|ru|sv,cs|de|fi|fr|ru|sv,11887.0,"{""cs"": 3439, ""de"": 5255, ""fi"": 2935, ""fr"": 5329, ""ru"": 11666, ""sv"": 5345}",20250418,20260417,2026-08-07,ok,4,402,0.011834
175,Conor Garland,Q20090755,cs|de|fi|fr|ru|sv,cs|de|fi|fr|ru|sv,13693.0,"{""cs"": 4233, ""de"": 5337, ""fi"": 2774, ""fr"": 3007, ""ru"": 6358, ""sv"": 1283}",20250418,20260417,2026-08-07,ok,2,218,0.009482
176,Danton Heinen,Q27282857,de|fi|fr|sv,de|fi|fr|sv,2239.0,"{""de"": 2078, ""fi"": 1821, ""fr"": 1524, ""sv"": 1101}",20250418,20260417,2026-08-07,ok,0,0,0.0
177,Boone Jenner,Q4943642,de|fi|fr|ru|sv,de|fi|fr|ru|sv,6044.0,"{""de"": 2696, ""fi"": 2223, ""fr"": 3268, ""ru"": 7544, ""sv"": 972}",20250418,20260417,2026-08-07,ok,1,223,0.013351
178,Kent Johnson,Q107980587,cs|de|fi|fr|ru|sv,cs|de|fi|fr|ru|sv,5743.0,"{""cs"": 1, ""de"": 1256, ""fi"": 1695, ""fr"": 2518, ""ru"": 5176, ""sv"": 1892}",20250418,20260417,2026-08-07,ok,0,0,0.0
179,Isac Lundeström,Q23869474,cs|de|fi|fr|ru|sv,cs|de|fi|fr|ru|sv,8394.0,"{""cs"": 1931, ""de"": 2075, ""fi"": 1715, ""fr"": 934, ""ru"": 1003, ""sv"": 10326}",20250418,20260417,2026-08-07,ok,8,463,0.025745
180,Kirill Marchenko,Q56651259,fi|fr|ru|sv,fi|fr|ru|sv,32231.0,"{""fi"": 1692, ""fr"": 2083, ""ru"": 79754, ""sv"": 744}",20250418,20260417,2026-08-07,ok,6,1033,0.012258
181,Mason Marchment,Q80720760,de|fi|fr|ru|sv,de|fi|fr|ru|sv,9173.0,"{""de"": 2833, ""fi"": 2696, ""fr"": 2839, ""ru"": 4252, ""sv"": 1103}",20250418,20260417,2026-08-07,ok,2,1566,0.114115
182,Sean Monahan,Q13581433,cs|de|fi|fr|ru|sv,cs|de|fi|fr|ru|sv,10408.0,"{""cs"": 2004, ""de"": 4006, ""fi"": 2528, ""fr"": 14202, ""ru"": 9814, ""sv"": 1269}",20250418,20260417,2026-08-07,ok,2,590,0.017444
183,Mathieu Olivier,Q60485104,fr|ru|sv,fr|ru|sv,13806.0,"{""fr"": 25507, ""ru"": 3307, ""sv"": 899}",20250418,20260417,2026-08-07,ok,3,123,0.00414
184,Cole Sillinger,Q102077303,cs|de|fi|fr|ru|sv,cs|de|fi|fr|ru|sv,12868.0,"{""cs"": 2361, ""de"": 2514, ""fi"": 2075, ""fr"": 27395, ""ru"": 4043, ""sv"": 4023}",20250418,20260417,2026-08-07,ok,1,85,0.002004
185,Dmitri Voronkov,Q64853164,fi|fr|ru|sv,fi|fr|ru|sv,29507.0,"{""fi"": 1044, ""fr"": 1694, ""ru"": 91916, ""sv"": 871}",20250418,20260417,2026-08-07,ok,5,7695,0.080555
186,Miles Wood,Q23809781,de|fi|fr|ru|sv,de|fi|fr|ru|sv,3769.0,"{""de"": 1943, ""fi"": 1608, ""fr"": 1112, ""ru"": 3287, ""sv"": 872}",20250418,20260417,2026-08-07,ok,1,116,0.013149
187,Jake Christiansen,Q110460125,fr|sv,fr|sv,530.0,"{""fr"": 528, ""sv"": 813}",20250418,20260417,2026-08-07,ok,1,79,0.058911
188,Dante Fabbro,Q22005702,de|fi|fr|ru|sv,de|fi|fr|ru|sv,6413.0,"{""de"": 1507, ""fi"": 1314, ""fr"": 4891, ""ru"": 2701, ""sv"": 560}",20250418,20260417,2026-08-07,ok,2,366,0.033355
189,Erik Gudbranson,Q1353957,cs|de|fi|fr|ru|sv,cs|de|fi|fr|ru|sv,4531.0,"{""cs"": 1368, ""de"": 2045, ""fi"": 2962, ""fr"": 1676, ""ru"": 4328, ""sv"": 2050}",20250418,20260417,2026-08-07,ok,3,313,0.021692
190,Denton Mateychuk,Q81905280,cs|fi|fr|sv,cs|fi|fr|sv,1108.0,"{""cs"": 2, ""fi"": 468, ""fr"": 1254, ""sv"": 278}",20250418,20260417,2026-08-07,ok,0,0,0.0
191,Ivan Provorov,Q19972647,cs|de|fi|fr|ru|sv,cs|de|fi|fr|ru|sv,25880.0,"{""cs"": 1776, ""de"": 3697, ""fi"": 2582, ""fr"": 2167, ""ru"": 64358, ""sv"": 1190}",20250418,20260417,2026-08-07,ok,7,743,0.009806
192,Damon Severson,Q18247523,de|fi|fr|ru|sv,de|fi|fr|ru|sv,2668.0,"{""de"": 1530, ""fi"": 1113, ""fr"": 1137, ""ru"": 3291, ""sv"": 919}",20250418,20260417,2026-08-07,ok,0,0,0.0
193,Brendan Smith,Q2907301,cs|de|fi|fr|ru|sv,cs|de|fi|fr|ru|sv,4127.0,"{""cs"": 1208, ""de"": 1822, ""fi"": 2154, ""fr"": 1189, ""ru"": 4045, ""sv"": 1117}",20250418,20260417,2026-08-07,ok,2,373,0.032336
194,Zach Werenski,Q19662630,cs|de|fi|fr|ru|sv,cs|de|fi|fr|ru|sv,22880.0,"{""cs"": 623, ""de"": 7772, ""fi"": 4136, ""fr"": 4759, ""ru"": 17148, ""sv"": 1396}",20250418,20260417,2026-08-07,ok,11,2255,0.062929
195,Egor Zamula,Q105062111,fi|fr|ru|sv,fi|fr|ru|sv,14338.0,"{""fi"": 773, ""fr"": 982, ""ru"": 35924, ""sv"": 837}",20250418,20260417,2026-08-07,ok,5,883,0.022926
196,Nathan Bastian,Q60706036,de|fr|sv,de|fr|sv,1334.0,"{""de"": 1414, ""fr"": 1253, ""sv"": 659}",20250418,20260417,2026-08-07,ok,0,0,0.0
197,Jamie Benn,Q1064791,cs|de|fi|fr|ru|sv,cs|de|fi|fr|ru|sv,24058.0,"{""cs"": 4432, ""de"": 8006, ""fi"": 9333, ""fr"": 6972, ""ru"": 24879, ""sv"": 3901}",20250418,20260417,2026-08-07,ok,8,2741,0.047651
198,Colin Blackwell,Q60823259,de|fi|fr|sv,de|fi|fr|sv,1725.0,"{""de"": 1344, ""fi"": 1164, ""fr"": 1206, ""sv"": 745}",20250418,20260417,2026-08-07,ok,0,0,0.0
199,Mavrik Bourque,Q100166499,cs|fi|fr|sv,fi|fr|sv,9323.0,"{""cs"": 0, ""fi"": 5565, ""fr"": 13759, ""sv"": 774}",20250418,20260417,2026-08-07,ok,0,0,0.0
200,Michael Bunting,Q59696575,cs|de|fi|fr|ru|sv,cs|de|fi|fr|ru|sv,4851.0,"{""cs"": 1976, ""de"": 3021, ""fi"": 2132, ""fr"": 1989, ""ru"": 5661, ""sv"": 816}",20250418,20260417,2026-08-07,ok,1,202,0.012953
201,Oskar Bäck,Q60404235,fi|sv,fi|sv,2410.0,"{""fi"": 1977, ""sv"": 3170}",20250418,20260417,2026-08-07,ok,1,350,0.068001
202,Matt Duchene,Q717078,cs|de|fi|fr|ru|sv,cs|de|fi|fr|ru|sv,18642.0,"{""cs"": 5360, ""de"": 6702, ""fi"": 7272, ""fr"": 9948, ""ru"": 21309, ""sv"": 2825}",20250418,20260417,2026-08-07,ok,6,3866,0.072375
203,Adam Erne,Q28122508,de|fi|fr|ru|sv,de|fi|fr|ru|sv,2624.0,"{""de"": 1929, ""fi"": 1300, ""fr"": 1554, ""ru"": 2386, ""sv"": 770}",20250418,20260417,2026-08-07,ok,0,0,0.0
204,Radek Faksa,Q3416408,cs|de|fi|fr|ru|sv,cs|de|fi|fr|ru|sv,15998.0,"{""cs"": 21789, ""de"": 2463, ""fi"": 1976, ""fr"": 1594, ""ru"": 4129, ""sv"": 1020}",20250418,20260417,2026-08-07,ok,4,803,0.024355
205,Roope Hintz,Q16229047,cs|de|fi|fr|ru|sv,cs|de|fi|fr|ru|sv,35114.0,"{""cs"": 2167, ""de"": 4720, ""fi"": 50310, ""fr"": 2519, ""ru"": 8205, ""sv"": 3409}",20250418,20260417,2026-08-07,ok,2,322,0.004514
206,Justin Hryckowian,Q131598130,fi|sv,fi|sv,415.0,"{""fi"": 142, ""sv"": 345}",20250418,20260417,2026-08-07,ok,0,0,0.0
207,Arttu Hyry,Q101184366,fi|fr|ru|sv,fi|fr|ru|sv,8413.0,"{""fi"": 26315, ""fr"": 764, ""ru"": 912, ""sv"": 502}",20250418,20260417,2026-08-07,ok,0,0,0.0
208,Wyatt Johnston,Q107677619,cs|de|fi|fr|ru|sv,cs|de|fi|fr|ru|sv,8226.0,"{""cs"": 2, ""de"": 2216, ""fi"": 2631, ""fr"": 6262, ""ru"": 5913, ""sv"": 805}",20250418,20260417,2026-08-07,ok,0,0,0.0
209,Mikko Rantanen,Q11882784,cs|de|fi|fr|ru|sk|sv,cs|de|fi|fr|ru|sk|sv,111130.0,"{""cs"": 11112, ""de"": 16799, ""fi"": 127888, ""fr"": 12269, ""ru"": 49878, ""sk"": 434, ""sv"": 8904}",20250418,20260417,2026-08-07,ok,2,2706,0.011906
210,Jason Robertson,Q83617451,cs|de|fi|fr|ru|sv,cs|de|fi|fr|ru|sv,21784.0,"{""cs"": 3422, ""de"": 5441, ""fi"": 8719, ""fr"": 12787, ""ru"": 15018, ""sv"": 1943}",20250418,20260417,2026-08-07,ok,2,749,0.015825
211,Tyler Seguin,Q772640,cs|de|fi|fr|ru|sk|sv,cs|de|fi|fr|ru|sk|sv,24287.0,"{""cs"": 4250, ""de"": 9012, ""fi"": 5974, ""fr"": 11868, ""ru"": 25162, ""sk"": 1864, ""sv"": 2017}",20250418,20260417,2026-08-07,ok,5,2912,0.048415
212,Sam Steel,Q24805711,de|fi|fr|ru|sv,de|fi|fr|ru|sv,3524.0,"{""de"": 1907, ""fi"": 1603, ""fr"": 1525, ""ru"": 3453, ""sv"": 676}",20250418,20260417,2026-08-07,ok,2,300,0.032737
213,Lian Bichsel,Q81901906,de|fi|fr|ru|sv,de|fi|fr|sv,17667.0,"{""de"": 22745, ""fi"": 2154, ""fr"": 4753, ""ru"": 0, ""sv"": 1135}",20250418,20260417,2026-08-07,ok,0,0,0.0
214,Kyle Capobianco,Q21706800,fi|fr|sv,fi|fr|sv,992.0,"{""fi"": 628, ""fr"": 870, ""sv"": 823}",20250418,20260417,2026-08-07,ok,0,0,0.0
215,Thomas Harley,Q65030543,cs|de|fi|fr|ru|sv,cs|de|fi|fr|ru|sv,10410.0,"{""cs"": 182, ""de"": 1318, ""fi"": 3091, ""fr"": 5474, ""ru"": 3277, ""sv"": 954}",20250418,20260417,2026-08-07,ok,0,0,0.0
216,Miro Heiskanen,Q24827214,cs|de|fi|fr|ru|sv,cs|de|fi|fr|ru|sv,40761.0,"{""cs"": 2529, ""de"": 6015, ""fi"": 56085, ""fr"": 3148, ""ru"": 10982, ""sv"": 2952}",20250418,20260417,2026-08-07,ok,2,517,0.006327
217,Esa Lindell,Q11858583,cs|de|fi|fr|ru|sk|sv,cs|de|fi|fr|ru|sk|sv,19729.0,"{""cs"": 1556, ""de"": 2909, ""fi"": 25931, ""fr"": 1477, ""ru"": 6180, ""sk"": 1159, ""sv"": 1889}",20250418,20260417,2026-08-07,ok,5,1563,0.038028
218,Nils Lundkvist,Q52482603,de|fi|fr|sv,de|fi|fr|sv,3682.0,"{""de"": 1577, ""fi"": 1412, ""fr"": 1249, ""sv"": 4419}",20250418,20260417,2026-08-07,ok,1,0,0.0
219,Ilya Lyubushkin,Q16229578,de|fi|fr|ru|sv,de|fi|fr|ru|sv,13855.0,"{""de"": 2046, ""fi"": 2249, ""fr"": 1272, ""ru"": 33673, ""sv"": 894}",20250418,20260417,2026-08-07,ok,8,636,0.015847
220,Tyler Myers,Q1365229,cs|de|fi|fr|ru|sv,cs|de|fi|fr|ru|sv,9224.0,"{""cs"": 2367, ""de"": 4617, ""fi"": 2994, ""fr"": 3922, ""ru"": 9086, ""sv"": 1433}",20250418,20260417,2026-08-07,ok,2,346,0.014169
221,Alexander Petrovic,Q4717623,de|fi|fr|ru|sv,de|fi|fr|ru|sv,8861.0,"{""de"": 7971, ""fi"": 2415, ""fr"": 1238, ""ru"": 3176, ""sv"": 1304}",20250418,20260417,2026-08-07,ok,6,940,0.058371
222,Mason Appleton,Q51883528,de|fi|fr|ru|sv,de|fi|fr|ru|sv,3741.0,"{""de"": 1896, ""fi"": 1079, ""fr"": 1273, ""ru"": 1655, ""sv"": 784}",20250418,20260417,2026-08-07,ok,1,122,0.018244
223,J.T. Compher,Q16728159,cs|de|fi|fr|ru|sv,cs|de|fi|fr|ru|sv,4213.0,"{""cs"": 1301, ""de"": 2150, ""fi"": 2330, ""fr"": 1633, ""ru"": 4711, ""sv"": 1070}",20250418,20260417,2026-08-07,ok,11,1892,0.143388
224,Andrew Copp,Q19800096,cs|de|fi|fr|ru|sv,cs|de|fi|fr|ru|sv,3377.0,"{""cs"": 1434, ""de"": 1905, ""fi"": 1207, ""fr"": 1277, ""ru"": 3119, ""sv"": 646}",20250418,20260417,2026-08-07,ok,2,196,0.020442
225,Alex DeBrincat,Q21621150,cs|de|fi|fr|ru|sv,cs|de|fi|fr|ru|sv,10091.0,"{""cs"": 2637, ""de"": 5003, ""fi"": 3720, ""fr"": 5345, ""ru"": 12675, ""sv"": 2287}",20250418,20260417,2026-08-07,ok,8,971,0.030663
226,Emmitt Finnie,Q136463467,fi|sv,fi|sv,713.0,"{""fi"": 389, ""sv"": 324}",20250418,20260417,2026-08-07,ok,0,0,0.0
227,Patrick Kane,Q335876,cs|de|fi|fr|ru|sk|sv,cs|de|fi|fr|ru|sk|sv,108385.0,"{""cs"": 19758, ""de"": 43559, ""fi"": 30044, ""fr"": 27934, ""ru"": 156772, ""sk"": 6276, ""sv"": 14851}",20250418,20260417,2026-08-07,ok,4,9162,0.030622
228,Marco Kasper,Q110273344,cs|de|fi|fr|ru|sv,cs|de|fi|fr|ru|sv,20401.0,"{""cs"": 837, ""de"": 23610, ""fi"": 2541, ""fr"": 1949, ""ru"": 5481, ""sv"": 3376}",20250418,20260417,2026-08-07,ok,0,0,0.0
229,Dylan Larkin,Q17180725,cs|de|fi|fr|ru|sv,cs|de|fi|fr|ru|sv,35874.0,"{""cs"": 6915, ""de"": 11671, ""fi"": 5930, ""fr"": 5219, ""ru"": 35421, ""sv"": 4868}",20250418,20260417,2026-08-07,ok,1,1192,0.017023
230,David Perron,Q354570,cs|de|fi|fr|ru|sv,cs|de|fi|fr|ru|sv,11712.0,"{""cs"": 1533, ""de"": 2720, ""fi"": 2602, ""fr"": 14120, ""ru"": 8405, ""sv"": 1080}",20250418,20260417,2026-08-07,ok,4,1377,0.045207
231,Michael Rasmussen,Q27922520,de|fi|fr|ru|sv,de|fi|fr|ru|sv,3554.0,"{""de"": 1690, ""fi"": 1745, ""fr"": 1262, ""ru"": 3620, ""sv"": 2173}",20250418,20260417,2026-08-07,ok,1,876,0.083508
232,Lucas Raymond,Q60248316,cs|de|fi|fr|ru|sv,cs|de|fi|fr|ru|sv,59168.0,"{""cs"": 5238, ""de"": 7452, ""fi"": 7077, ""fr"": 6685, ""ru"": 9058, ""sv"": 62262}",20250418,20260417,2026-08-07,ok,2,259,0.002649
233,James van Riemsdyk,Q27502,cs|de|fi|fr|ru|sv,cs|de|fi|fr|ru|sv,11891.0,"{""cs"": 2776, ""de"": 7356, ""fi"": 3169, ""fr"": 4338, ""ru"": 13497, ""sv"": 1340}",20250418,20260417,2026-08-07,ok,11,2110,0.064971
234,Jacob Bernard-Docker,Q55183457,de|fi|fr|sv,de|fi|fr|sv,2360.0,"{""de"": 1046, ""fi"": 1312, ""fr"": 1574, ""sv"": 701}",20250418,20260417,2026-08-07,ok,2,92,0.019858
235,Ben Chiarot,Q15131093,de|fi|fr|ru|sv,de|fi|fr|ru|sv,4070.0,"{""de"": 1758, ""fi"": 1483, ""fr"": 3438, ""ru"": 2825, ""sv"": 772}",20250418,20260417,2026-08-07,ok,1,75,0.007299
236,Simon Edvinsson,Q104451267,fi|fr|ru|sv,fi|fr|ru|sv,14248.0,"{""fi"": 3482, ""fr"": 1519, ""ru"": 3609, ""sv"": 13645}",20250418,20260417,2026-08-07,ok,1,57,0.002561
237,Justin Faulk,Q187535,de|fi|fr|ru|sv,de|fi|fr|ru|sv,5153.0,"{""de"": 2050, ""fi"": 2363, ""fr"": 1708, ""ru"": 4619, ""sv"": 723}",20250418,20260417,2026-08-07,ok,4,305,0.026607
238,Travis Hamonic,Q762612,de|fi|fr|ru|sv,de|fi|fr|ru|sv,3558.0,"{""de"": 1706, ""fi"": 1136, ""fr"": 1813, ""ru"": 3006, ""sv"": 695}",20250418,20260417,2026-08-07,ok,3,490,0.05864
239,Albert Johansson,Q64808406,fi|sv,fi|sv,2454.0,"{""fi"": 1043, ""sv"": 4279}",20250418,20260417,2026-08-07,ok,0,0,0.0
240,Moritz Seider,Q61037528,cs|de|fi|fr|ru|sv,cs|de|fi|fr|ru|sv,137830.0,"{""cs"": 3927, ""de"": 169783, ""fi"": 4146, ""fr"": 4510, ""ru"": 15777, ""sv"": 4409}",20250418,20260417,2026-08-07,ok,3,472,0.00233
241,Colton Dach,Q120638015,cs|fi|sv,fi|sv,750.0,"{""cs"": 0, ""fi"": 522, ""sv"": 464}",20250418,20260417,2026-08-07,ok,0,0,0.0
242,Jason Dickinson,Q13581459,de|fi|fr|ru|sv,de|fi|fr|ru|sv,4028.0,"{""de"": 1847, ""fi"": 1333, ""fr"": 1209, ""ru"": 2411, ""sv"": 1103}",20250418,20260417,2026-08-07,ok,1,69,0.008731
243,Leon Draisaitl,Q15012236,cs|de|fi|fr|ru|sk|sv,cs|de|fi|fr|ru|sk|sv,468328.0,"{""cs"": 28247, ""de"": 542573, ""fi"": 22010, ""fr"": 26266, ""ru"": 174102, ""sk"": 12100, ""sv"": 12341}",20250418,20260417,2026-08-07,ok,3,8142,0.009958
244,Trent Frederic,Q24804873,fi|fr|ru|sv,fi|fr|ru|sv,4378.0,"{""fi"": 1878, ""fr"": 1889, ""ru"": 5473, ""sv"": 1038}",20250418,20260417,2026-08-07,ok,0,0,0.0
245,Adam Henrique,Q324136,de|fi|fr|ru|sv,de|fi|fr|ru|sv,6795.0,"{""de"": 5263, ""fi"": 2091, ""fr"": 3258, ""ru"": 7642, ""sv"": 1197}",20250418,20260417,2026-08-07,ok,3,438,0.022518
246,Zach Hyman,Q19878924,de|fi|fr|ru|sk|sv,de|fi|fr|ru|sk|sv,14563.0,"{""de"": 12159, ""fi"": 3685, ""fr"": 6299, ""ru"": 18254, ""sk"": 2691, ""sv"": 1475}",20250418,20260417,2026-08-07,ok,4,1183,0.026547
247,Mattias Janmark,Q6791770,cs|de|fi|fr|ru|sv,cs|de|fi|fr|ru|sv,7927.0,"{""cs"": 534, ""de"": 3898, ""fi"": 3069, ""fr"": 1678, ""ru"": 4938, ""sv"": 7505}",20250418,20260417,2026-08-07,ok,12,1866,0.086301
248,Max Jones,Q21621612,de|fi|fr|sv,de|fi|fr|sv,2412.0,"{""de"": 2206, ""fi"": 1295, ""fr"": 1277, ""sv"": 605}",20250418,20260417,2026-08-07,ok,0,0,0.0
249,Kasperi Kapanen,Q11870266,de|fi|fr|ru|sv,de|fi|fr|ru|sv,48805.0,"{""de"": 7866, ""fi"": 70045, ""fr"": 7294, ""ru"": 10358, ""sv"": 5388}",20250418,20260417,2026-08-07,ok,3,1542,0.015275
250,Curtis Lazar,Q5195806,cs|de|fi|fr|ru|sv,cs|de|fi|fr|ru|sv,5024.0,"{""cs"": 1740, ""de"": 2375, ""fi"": 1341, ""fr"": 1660, ""ru"": 3021, ""sv"": 874}",20250418,20260417,2026-08-07,ok,4,158,0.014349
251,Connor McDavid,Q2806736,cs|de|fi|fr|ru|sk|sv,cs|de|fi|fr|ru|sk|sv,372671.0,"{""cs"": 49504, ""de"": 119137, ""fi"": 65536, ""fr"": 114672, ""ru"": 474200, ""sk"": 21206, ""sv"": 31588}",20250418,20260417,2026-08-07,ok,3,17766,0.020284
252,Ryan Nugent-Hopkins,Q715578,cs|de|fi|fr|ru|sv,cs|de|fi|fr|ru|sv,23369.0,"{""cs"": 4731, ""de"": 10613, ""fi"": 5439, ""fr"": 6972, ""ru"": 23909, ""sv"": 2464}",20250418,20260417,2026-08-07,ok,10,15849,0.292806
253,Vasily Podkolzin,Q58755513,fi|fr|ru|sv,fi|fr|ru|sv,46446.0,"{""fi"": 2034, ""fr"": 2033, ""ru"": 80193, ""sv"": 983}",20250418,20260417,2026-08-07,ok,4,899,0.010546
254,Jack Roslovic,Q20727776,de|fi|fr|ru|sv,de|fi|fr|ru|sv,10070.0,"{""de"": 4628, ""fi"": 3092, ""fr"": 2472, ""ru"": 8230, ""sv"": 1337}",20250418,20260417,2026-08-07,ok,3,389,0.019687
255,Josh Samanski,Q115593838,de|fi|sv,de|fi|sv,43864.0,"{""de"": 56355, ""fi"": 165, ""sv"": 329}",20250418,20260417,2026-08-07,ok,2,382,0.00672
257,Evan Bouchard,Q50347957,de|fi|fr|ru|sv,de|fi|fr|ru|sv,26038.0,"{""de"": 9168, ""fi"": 4218, ""fr"": 27312, ""ru"": 15108, ""sv"": 1658}",20250418,20260417,2026-08-07,ok,1,484,0.008423
258,Mattias Ekholm,Q3062859,cs|de|fi|fr|ru|sv,cs|de|fi|fr|ru|sv,18294.0,"{""cs"": 1905, ""de"": 6986, ""fi"": 3348, ""fr"": 3571, ""ru"": 9096, ""sv"": 17599}",20250418,20260417,2026-08-07,ok,3,198,0.004658
259,Ty Emberson,Q123003338,sv,sv,164.0,"{""sv"": 416}",20250418,20260417,2026-08-07,ok,0,0,0.0
260,Connor Murphy,Q2993498,de|fi|fr|ru|sv,de|fi|fr|ru|sv,8358.0,"{""de"": 2013, ""fi"": 1627, ""fr"": 6446, ""ru"": 6325, ""sv"": 1470}",20250418,20260417,2026-08-07,ok,4,915,0.051172
261,Darnell Nurse,Q13486477,cs|de|fi|fr|ru|sv,cs|de|fi|fr|ru|sv,11475.0,"{""cs"": 5, ""de"": 5699, ""fi"": 3790, ""fr"": 5147, ""ru"": 10463, ""sv"": 1481}",20250418,20260417,2026-08-07,ok,1,357,0.013429
262,Spencer Stastney,Q117379235,sv,sv,308.0,"{""sv"": 604}",20250418,20260417,2026-08-07,ok,0,0,0.0
263,Jake Walman,Q81066813,fi|fr|ru|sv,fi|fr|ru|sv,4135.0,"{""fi"": 1656, ""fr"": 1754, ""ru"": 3928, ""sv"": 951}",20250418,20260417,2026-08-07,ok,1,285,0.034383
264,Aleksander Barkov,Q620356,cs|de|fi|fr|ru|sk|sv,cs|de|fi|fr|ru|sk|sv,207567.0,"{""cs"": 26804, ""de"": 26483, ""fi"": 220639, ""fr"": 22627, ""ru"": 229447, ""sk"": 6962, ""sv"": 20516}",20250418,20260417,2026-08-07,ok,21,22219,0.040144
265,Sam Bennett,Q16212438,cs|de|fi|fr|ru|sv,cs|de|fi|fr|ru|sv,28432.0,"{""cs"": 325, ""de"": 10729, ""fi"": 9124, ""fr"": 14996, ""ru"": 5101, ""sv"": 2427}",20250418,20260417,2026-08-07,ok,7,2388,0.055922
266,Jesper Boqvist,Q29359317,de|fi|fr|sv,de|fi|fr|sv,7609.0,"{""de"": 2267, ""fi"": 2281, ""fr"": 1172, ""sv"": 8221}",20250418,20260417,2026-08-07,ok,1,76,0.005452
267,Jonah Gadjovich,Q106879987,de|fr|sv,de|fr|sv,2289.0,"{""de"": 2071, ""fr"": 1621, ""sv"": 1056}",20250418,20260417,2026-08-07,ok,1,68,0.014322
268,A.J. Greer,Q27841034,de|fi|fr|sv,de|fi|fr,14955.0,"{""de"": 2236, ""fi"": 1721, ""fr"": 15079, ""sv"": 871}",20250418,20260417,2026-08-07,ok,6,609,0.030592
269,Vinnie Hinostroza,Q20090912,cs|de|fi|fr|ru|sv,cs|de|fi|fr|ru|sv,4414.0,"{""cs"": 1092, ""de"": 2111, ""fi"": 1706, ""fr"": 1421, ""ru"": 3456, ""sv"": 871}",20250418,20260417,2026-08-07,ok,8,1326,0.124425
270,Luke Kunin,Q24797868,de|fi|fr|ru|sv,de|fi|fr|ru|sv,5537.0,"{""de"": 1967, ""fi"": 1344, ""fr"": 1174, ""ru"": 7030, ""sv"": 1153}",20250418,20260417,2026-08-07,ok,4,1189,0.093859
271,Anton Lundell,Q56402315,cs|de|fi|fr|ru|sv,cs|de|fi|fr|ru|sv,37830.0,"{""cs"": 870, ""de"": 4115, ""fi"": 48128, ""fr"": 2464, ""ru"": 13070, ""sv"": 6025}",20250418,20260417,2026-08-07,ok,2,189,0.002531
272,Eetu Luostarinen,Q28028703,cs|de|fi|fr|ru|sv,cs|de|fi|fr|ru|sv,24043.0,"{""cs"": 269, ""de"": 2626, ""fi"": 36471, ""fr"": 1658, ""ru"": 6245, ""sv"": 1415}",20250418,20260417,2026-08-07,ok,1,88,0.001808
273,Brad Marchand,Q80733,cs|de|fi|fr|ru|sv,cs|de|fi|fr|ru|sv,215751.0,"{""cs"": 32639, ""de"": 41185, ""fi"": 34468, ""fr"": 102196, ""ru"": 121261, ""sv"": 10590}",20250418,20260417,2026-08-07,ok,3,3626,0.010592
274,Tomas Nosek,Q7820627,cs|de|fi|fr|ru|sv,cs|de|fi|fr|ru|sv,24675.0,"{""cs"": 29144, ""de"": 2557, ""fi"": 2791, ""fr"": 1295, ""ru"": 4914, ""sv"": 1303}",20250418,20260417,2026-08-07,ok,6,952,0.022665
275,Cole Reinhardt,Q111536206,de|sv,de|sv,819.0,"{""de"": 965, ""sv"": 425}",20250418,20260417,2026-08-07,ok,0,0,0.0
276,Sam Reinhart,Q15952002,cs|de|fi|fr|ru|sv,cs|de|fi|fr|ru|sv,40443.0,"{""cs"": 5698, ""de"": 16578, ""fi"": 10963, ""fr"": 12346, ""ru"": 34634, ""sv"": 2556}",20250418,20260417,2026-08-07,ok,5,3003,0.036279
277,Evan Rodrigues,Q21622571,de|fi|fr|ru|sv,de|fi|fr|ru|sv,8059.0,"{""de"": 3066, ""fi"": 3519, ""fr"": 4200, ""ru"": 8134, ""sv"": 930}",20250418,20260417,2026-08-07,ok,1,255,0.012847
278,Mackie Samoskevich,Q107629892,fi|fr|ru|sv,fi|fr|ru|sv,4294.0,"{""fi"": 1631, ""fr"": 1344, ""ru"": 1080, ""sv"": 4676}",20250418,20260417,2026-08-07,ok,3,1805,0.206735
279,Cole Schwindt,Q110160733,fi|sv,fi|sv,844.0,"{""fi"": 952, ""sv"": 621}",20250418,20260417,2026-08-07,ok,0,0,0.0
280,Matthew Tkachuk,Q21064031,cs|de|fi|fr|ru|sk|sv,cs|de|fi|fr|ru|sk|sv,187151.0,"{""cs"": 54922, ""de"": 66989, ""fi"": 28387, ""fr"": 36996, ""ru"": 178282, ""sk"": 3858, ""sv"": 17424}",20250418,20260417,2026-08-07,ok,5,121545,0.314185
281,Carter Verhaeghe,Q63248066,de|fi|fr|ru|sv,de|fi|fr|ru|sv,13499.0,"{""de"": 4486, ""fi"": 4005, ""fr"": 4543, ""ru"": 14967, ""sv"": 1107}",20250418,20260417,2026-08-07,ok,1,132,0.004535
282,Uvis Balinskis,Q29913994,cs|fi|fr|ru|sv,cs|fi|fr|ru|sv,10417.0,"{""cs"": 858, ""fi"": 1716, ""fr"": 1320, ""ru"": 10151, ""sv"": 5242}",20250418,20260417,2026-08-07,ok,5,4395,0.227874
283,Aaron Ekblad,Q4661992,cs|de|fi|fr|ru|sk|sv,cs|de|fi|fr|ru|sk|sv,32338.0,"{""cs"": 5598, ""de"": 11974, ""fi"": 10267, ""fr"": 8534, ""ru"": 27219, ""sk"": 100, ""sv"": 11872}",20250418,20260417,2026-08-07,ok,2,8186,0.108332
284,Gustav Forsling,Q18238939,de|fi|fr|ru|sv,de|fi|fr|ru|sv,21247.0,"{""de"": 3676, ""fi"": 3898, ""fr"": 2787, ""ru"": 6833, ""sv"": 27464}",20250418,20260417,2026-08-07,ok,0,0,0.0
285,Seth Jones,Q4014741,cs|de|fi|fr|ru|sv,cs|de|fi|fr|ru|sv,18752.0,"{""cs"": 4363, ""de"": 4727, ""fi"": 5516, ""fr"": 7397, ""ru"": 17252, ""sv"": 1621}",20250418,20260417,2026-08-07,ok,2,161,0.003939
286,Dmitry Kulikov,Q977337,cs|de|fi|fr|ru|sv,cs|de|fi|fr|ru|sv,44862.0,"{""cs"": 2555, ""de"": 3672, ""fi"": 3862, ""fr"": 3254, ""ru"": 101894, ""sv"": 1451}",20250418,20260417,2026-08-07,ok,10,895,0.00767
287,Niko Mikkola,Q5493915,cs|de|fi|fr|ru|sv,cs|de|fi|fr|ru|sv,35164.0,"{""cs"": 408, ""de"": 3002, ""fi"": 62484, ""fr"": 2770, ""ru"": 1526, ""sv"": 2366}",20250418,20260417,2026-08-07,ok,0,0,0.0
288,Donovan Sebrango,Q113945974,sv,sv,208.0,"{""sv"": 293}",20250418,20260417,2026-08-07,ok,0,0,0.0
289,Joel Armia,Q979188,cs|de|fi|fr|ru|sv,cs|de|fi|fr|ru|sv,30558.0,"{""cs"": 2191, ""de"": 3260, ""fi"": 29833, ""fr"": 11714, ""ru"": 7107, ""sv"": 3041}",20250418,20260417,2026-08-07,ok,5,508,0.00889
290,Quinton Byfield,Q66472667,cs|de|fi|fr|ru|sv,cs|de|fi|fr|ru|sv,8222.0,"{""cs"": 94, ""de"": 3865, ""fi"": 1896, ""fr"": 4095, ""ru"": 8064, ""sv"": 1079}",20250418,20260417,2026-08-07,ok,2,144,0.007542
291,Kevin Fiala,Q15989104,cs|de|fi|fr|ru|sv,cs|de|fi|fr|ru|sv,114251.0,"{""cs"": 173980, ""de"": 120154, ""fi"": 11045, ""fr"": 20657, ""ru"": 23503, ""sv"": 17882}",20250418,20260417,2026-08-07,ok,2,62,0.000169
292,Samuel Helenius,Q100775889,fi|sv,fi|sv,13287.0,"{""fi"": 34546, ""sv"": 1567}",20250418,20260417,2026-08-07,ok,0,0,0.0
293,Mathieu Joseph,Q56876976,de|fi|fr|ru|sv,de|fi|fr|ru|sv,5481.0,"{""de"": 1814, ""fi"": 1284, ""fr"": 12293, ""ru"": 3554, ""sv"": 665}",20250418,20260417,2026-08-07,ok,2,613,0.03126
294,Adrian Kempe,Q15619153,cs|de|fi|fr|ru|sv,cs|de|fi|fr|ru|sv,33325.0,"{""cs"": 3773, ""de"": 6991, ""fi"": 7726, ""fr"": 3776, ""ru"": 12980, ""sv"": 34339}",20250418,20260417,2026-08-07,ok,2,1135,0.016311
295,Anze Kopitar,Q375787,cs|de|fi|fr|ru|sk|sv,cs|de|fi|fr|ru|sk|sv,83795.0,"{""cs"": 16910, ""de"": 18773, ""fi"": 17859, ""fr"": 12561, ""ru"": 91215, ""sk"": 8034, ""sv"": 11816}",20250418,20260417,2026-08-07,ok,13,5696,0.03215
296,Andrei Kuzmenko,Q20744952,fi|fr|ru|sv,fi|fr|ru|sv,25195.0,"{""fi"": 1979, ""fr"": 2566, ""ru"": 66163, ""sv"": 1341}",20250418,20260417,2026-08-07,ok,4,346,0.004802
297,Alex Laferriere,Q123022909,fi|fr|ru|sv,fi|fr|ru|sv,7384.0,"{""fi"": 960, ""fr"": 5192, ""ru"": 2015, ""sv"": 4933}",20250418,20260417,2026-08-07,ok,1,418,0.031908
298,Scott Laughton,Q3476249,de|fi|fr|sv,de|fi|fr|sv,2603.0,"{""de"": 2004, ""fi"": 1372, ""fr"": 1779, ""sv"": 879}",20250418,20260417,2026-08-07,ok,0,0,0.0
299,Jeff Malott,Q111320459,sv,sv,251.0,"{""sv"": 429}",20250418,20260417,2026-08-07,ok,0,0,0.0
300,Trevor Moore,Q60194335,de|fi|fr|sv,de|fi|fr|sv,2044.0,"{""de"": 1845, ""fi"": 1118, ""fr"": 1360, ""sv"": 584}",20250418,20260417,2026-08-07,ok,0,0,0.0
301,Artemi Panarin,Q593699,cs|de|fi|fr|ru|sk|sv,cs|de|fi|fr|ru|sk|sv,208370.0,"{""cs"": 8873, ""de"": 14624, ""fi"": 12401, ""fr"": 13400, ""ru"": 457352, ""sk"": 4649, ""sv"": 5884}",20250418,20260417,2026-08-07,ok,13,9346,0.018071
302,Alex Turcotte,Q61748311,fi|fr|sv,fi|fr|sv,2391.0,"{""fi"": 1807, ""fr"": 4006, ""sv"": 903}",20250418,20260417,2026-08-07,ok,0,0,0.0
303,Taylor Ward,Q133896106,sv,sv,299.0,"{""sv"": 299}",20250418,20260417,2026-08-07,ok,0,0,0.0
304,Jared Wright,Q138565548,sv,sv,91.0,"{""sv"": 91}",20250418,20260417,2026-08-07,ok,0,0,0.0
305,Mikey Anderson,Q86746353,fi|fr|sv,fi|fr|sv,1213.0,"{""fi"": 854, ""fr"": 1105, ""sv"": 951}",20250418,20260417,2026-08-07,ok,2,198,0.068041
306,Cody Ceci,Q2981716,cs|de|fi|fr|ru|sv,cs|de|fi|fr|ru|sv,6723.0,"{""cs"": 1425, ""de"": 3860, ""fi"": 2630, ""fr"": 3931, ""ru"": 5421, ""sv"": 954}",20250418,20260417,2026-08-07,ok,1,169,0.009275
307,Brandt Clarke,Q107638205,cs|fi|fr|sv,fi|fr|sv,2859.0,"{""cs"": 0, ""fi"": 3299, ""fr"": 1707, ""sv"": 752}",20250418,20260417,2026-08-07,ok,0,0,0.0
308,Drew Doughty,Q706924,cs|de|fi|fr|ru|sv,cs|de|fi|fr|ru|sv,24616.0,"{""cs"": 4989, ""de"": 7485, ""fi"": 5449, ""fr"": 6963, ""ru"": 23848, ""sv"": 2207}",20250418,20260417,2026-08-07,ok,7,1986,0.038986
309,Brian Dumoulin,Q4963628,de|fi|fr|ru|sv,de|fi|fr|ru|sv,4610.0,"{""de"": 1959, ""fi"": 1527, ""fr"": 2511, ""ru"": 4144, ""sv"": 724}",20250418,20260417,2026-08-07,ok,1,83,0.007639
310,Joel Edmundson,Q21079893,cs|de|fi|fr|ru|sv,cs|de|fi|fr|ru|sv,4780.0,"{""cs"": 1216, ""de"": 1903, ""fi"": 1591, ""fr"": 3879, ""ru"": 4324, ""sv"": 1333}",20250418,20260417,2026-08-07,ok,1,129,0.009055
311,Jacob Moverare,Q22279303,fi|sv,fi|sv,2363.0,"{""fi"": 2984, ""sv"": 3278}",20250418,20260417,2026-08-07,ok,0,0,0.0
312,Nicolas Aube-Kubel,Q57990345,de|fi|fr|ru|sv,de|fi|fr|sv,4515.0,"{""de"": 1766, ""fi"": 1538, ""fr"": 6866, ""ru"": 0, ""sv"": 637}",20250418,20260417,2026-08-07,ok,4,228,0.021097
313,Matt Boldy,Q64781754,cs|de|fi|fr|ru|sv,cs|de|fi|fr|ru|sv,20217.0,"{""cs"": 713, ""de"": 6586, ""fi"": 3607, ""fr"": 4210, ""ru"": 18769, ""sv"": 1533}",20250418,20260417,2026-08-07,ok,5,1187,0.033514
314,Bobby Brink,Q111526026,fi|fr|sv,fi|fr|sv,1282.0,"{""fi"": 378, ""fr"": 1068, ""sv"": 852}",20250418,20260417,2026-08-07,ok,0,0,0.0
315,Joel Eriksson Ek,Q19957723,cs|de|fi|fr|ru|sv,cs|de|fi|fr|ru|sv,15784.0,"{""cs"": 3582, ""de"": 3597, ""fi"": 4145, ""fr"": 2149, ""ru"": 8528, ""sv"": 22297}",20250418,20260417,2026-08-07,ok,6,860,0.019414
316,Robby Fabbri,Q16864070,de|fi|fr|ru|sv,de|fi|fr|ru|sv,5533.0,"{""de"": 2363, ""fi"": 1426, ""fr"": 1470, ""ru"": 5375, ""sv"": 809}",20250418,20260417,2026-08-07,ok,1,169,0.014769
317,Marcus Foligno,Q246404,de|fi|fr|ru|sv,de|fi|fr|ru|sv,8035.0,"{""de"": 3851, ""fi"": 2004, ""fr"": 3006, ""ru"": 8537, ""sv"": 1418}",20250418,20260417,2026-08-07,ok,2,298,0.015838
318,Nick Foligno,Q943363,cs|de|fi|fr|ru|sv,cs|de|fi|fr|ru|sv,13932.0,"{""cs"": 3069, ""de"": 6193, ""fi"": 3933, ""fr"": 6235, ""ru"": 16058, ""sv"": 1915}",20250418,20260417,2026-08-07,ok,4,1782,0.047643
319,Hunter Haight,Q136470517,sv,sv,745.0,"{""sv"": 745}",20250418,20260417,2026-08-07,ok,0,0,0.0
320,Ryan Hartman,Q13581452,de|fi|fr|ru|sv,de|fi|fr|ru|sv,4732.0,"{""de"": 2033, ""fi"": 2684, ""fr"": 1597, ""ru"": 5350, ""sv"": 954}",20250418,20260417,2026-08-07,ok,1,243,0.019258
322,Ben Jones,Q109660586,sv,sv,277.0,"{""sv"": 532}",20250418,20260417,2026-08-07,ok,1,22,0.041353
323,Kirill Kaprizov,Q20164618,cs|de|fi|fr|ru|sv,cs|de|fi|fr|ru|sv,227055.0,"{""cs"": 7436, ""de"": 14231, ""fi"": 9488, ""fr"": 10597, ""ru"": 432340, ""sv"": 4115}",20250418,20260417,2026-08-07,ok,13,3327,0.006957
324,Michael McCarron,Q13580957,cs|de|fi|fr|ru|sv,cs|de|fi|fr|ru|sv,9275.0,"{""cs"": 47, ""de"": 3208, ""fi"": 1932, ""fr"": 5494, ""ru"": 3622, ""sv"": 1217}",20250418,20260417,2026-08-07,ok,4,540,0.034794
325,Nico Sturm,Q62794466,cs|de|fi|fr|sv,cs|de|fi|fr|sv,64644.0,"{""cs"": 2942, ""de"": 88303, ""fi"": 3556, ""fr"": 2008, ""sv"": 1171}",20250418,20260417,2026-08-07,ok,0,0,0.0
326,Vladimir Tarasenko,Q715587,cs|de|fi|fr|ru|sk|sv,cs|de|fi|fr|ru|sk|sv,93217.0,"{""cs"": 5991, ""de"": 9633, ""fi"": 10072, ""fr"": 7198, ""ru"": 265014, ""sk"": 2600, ""sv"": 3166}",20250418,20260417,2026-08-07,ok,11,3078,0.010136
327,Yakov Trenin,Q24352194,de|fi|fr|ru|sv,de|fi|fr|ru|sv,18173.0,"{""de"": 1972, ""fi"": 1273, ""fr"": 1085, ""ru"": 40858, ""sv"": 667}",20250418,20260417,2026-08-07,ok,9,1560,0.03402
328,Danila Yurov,Q110282106,fi|fr|ru|sv,fi|fr|ru|sv,24797.0,"{""fi"": 806, ""fr"": 1148, ""ru"": 45731, ""sv"": 302}",20250418,20260417,2026-08-07,ok,4,565,0.011774
329,Mats Zuccarello,Q252043,cs|de|fi|fr|ru|sk|sv,cs|de|fi|fr|ru|sk|sv,25412.0,"{""cs"": 7790, ""de"": 7968, ""fi"": 7550, ""fr"": 4469, ""ru"": 24312, ""sk"": 2853, ""sv"": 13215}",20250418,20260417,2026-08-07,ok,13,4575,0.067124
330,Zach Bogosian,Q139302,de|fi|fr|ru|sk|sv,de|fi|fr|ru|sk|sv,11688.0,"{""de"": 3184, ""fi"": 2040, ""fr"": 2548, ""ru"": 19927, ""sk"": 2024, ""sv"": 1262}",20250418,20260417,2026-08-07,ok,4,506,0.01633
331,Jonas Brodin,Q1702919,cs|de|fi|fr|ru|sv,cs|de|fi|fr|ru|sv,14797.0,"{""cs"": 2426, ""de"": 3047, ""fi"": 2320, ""fr"": 1610, ""ru"": 6219, ""sv"": 13728}",20250418,20260417,2026-08-07,ok,3,773,0.026337
332,Brock Faber,Q110973348,cs|de|fi|fr|ru|sv,cs|de|fi|fr|ru|sv,9886.0,"{""cs"": 318, ""de"": 4230, ""fi"": 2177, ""fr"": 2841, ""ru"": 4398, ""sv"": 1215}",20250418,20260417,2026-08-07,ok,1,34,0.00224
333,Viking Gustafsson Nyberg,Q135893027,sv,sv,409.0,"{""sv"": 409}",20250418,20260417,2026-08-07,ok,1,0,0.0
334,Quinn Hughes,Q47492979,cs|de|fi|fr|ru|sk|sv,cs|de|fi|fr|ru|sk|sv,95300.0,"{""cs"": 11722, ""de"": 32922, ""fi"": 18204, ""fr"": 24750, ""ru"": 50757, ""sk"": 1509, ""sv"": 12064}",20250418,20260417,2026-08-07,ok,7,1848,0.012164
335,Daemon Hunt,Q123231079,sv,sv,255.0,"{""sv"": 531}",20250418,20260417,2026-08-07,ok,0,0,0.0
336,Matt Kiersted,Q106364527,ru|sv,ru|sv,1230.0,"{""ru"": 1932, ""sv"": 556}",20250418,20260417,2026-08-07,ok,2,63,0.025322
337,Carson Lambos,Q105293487,fi|fr|sv,fi|fr|sv,601.0,"{""fi"": 782, ""fr"": 595, ""sv"": 85}",20250418,20260417,2026-08-07,ok,0,0,0.0
338,Jake Middleton,Q60463976,de|fi|fr|sv,de|fi|fr|sv,2012.0,"{""de"": 1942, ""fi"": 1063, ""fr"": 1256, ""sv"": 682}",20250418,20260417,2026-08-07,ok,1,90,0.018208
339,Jeff Petry,Q550890,de|fi|fr|ru|sv,de|fi|fr|ru|sv,7985.0,"{""de"": 2269, ""fi"": 1917, ""fr"": 7047, ""ru"": 4666, ""sv"": 811}",20250418,20260417,2026-08-07,ok,2,1554,0.092998
340,David Spacek,Q114350612,cs|ru|sv,cs|ru|sv,35180.0,"{""cs"": 98300, ""ru"": 2094, ""sv"": 266}",20250418,20260417,2026-08-07,ok,3,61,0.000606
341,Jared Spurgeon,Q550849,de|fi|fr|ru|sk|sv,de|fi|fr|ru|sk|sv,10966.0,"{""de"": 4661, ""fi"": 1889, ""fr"": 2390, ""ru"": 11927, ""sk"": 444, ""sv"": 1247}",20250418,20260417,2026-08-07,ok,1,739,0.03276
342,Josh Anderson,Q18921336,de|fi|fr|ru|sv,de|fi|fr|ru|sv,14888.0,"{""de"": 1632, ""fi"": 1734, ""fr"": 11145, ""ru"": 4213, ""sv"": 1085}",20250418,20260417,2026-08-07,ok,3,183,0.009238
343,Owen Beck,Q114056232,fi|fr|sv,fi|fr|sv,3522.0,"{""fi"": 680, ""fr"": 2816, ""sv"": 703}",20250418,20260417,2026-08-07,ok,0,0,0.0
344,Zachary Bolduc,Q107671161,fi|fr|sv,fi|fr|sv,60026.0,"{""fi"": 954, ""fr"": 63102, ""sv"": 692}",20250418,20260417,2026-08-07,ok,2,139,0.002147
345,Cole Caufield,Q62287650,cs|de|fi|fr|ru|sk|sv,cs|de|fi|fr|ru|sk|sv,82608.0,"{""cs"": 2462, ""de"": 5586, ""fi"": 5491, ""fr"": 113888, ""ru"": 15125, ""sk"": 2457, ""sv"": 1711}",20250418,20260417,2026-08-07,ok,1,170,0.001159
346,Kirby Dach,Q61755215,cs|de|fi|fr|ru|sv,de|fi|fr|ru|sv,14840.0,"{""cs"": 0, ""de"": 3748, ""fi"": 3594, ""fr"": 22304, ""ru"": 6085, ""sv"": 1011}",20250418,20260417,2026-08-07,ok,2,137,0.003729
347,Phillip Danault,Q3381073,de|fi|fr|ru|sv,de|fi|fr|ru|sv,25034.0,"{""de"": 2125, ""fi"": 1503, ""fr"": 27243, ""ru"": 4616, ""sv"": 706}",20250418,20260417,2026-08-07,ok,3,563,0.015555
348,Ivan Demidov,Q115325153,cs|fi|fr|ru|sk|sv,cs|fi|fr|ru|sk|sv,105342.0,"{""cs"": 5607, ""fi"": 8002, ""fr"": 64306, ""ru"": 167154, ""sk"": 1829, ""sv"": 862}",20250418,20260417,2026-08-07,ok,2,3208,0.012948
349,Jake Evans,Q84527727,fi|fr|ru|sk|sv,fi|fr|ru|sv,11920.0,"{""fi"": 1889, ""fr"": 18873, ""ru"": 7325, ""sk"": 0, ""sv"": 949}",20250418,20260417,2026-08-07,ok,1,354,0.012192
350,Brendan Gallagher,Q2924426,cs|de|fi|fr|ru|sv,de|fi|fr|ru|sv,39587.0,"{""cs"": 0, ""de"": 2827, ""fi"": 2190, ""fr"": 71218, ""ru"": 6159, ""sv"": 1128}",20250418,20260417,2026-08-07,ok,4,436,0.00522
351,Oliver Kapanen,Q108586045,cs|fi|fr|ru|sk|sv,cs|fi|fr|ru|sk|sv,60923.0,"{""cs"": 244, ""fi"": 110592, ""fr"": 13405, ""ru"": 5131, ""sk"": 1003, ""sv"": 4957}",20250418,20260417,2026-08-07,ok,1,91,0.000672
352,Patrik Laine,Q17382085,cs|de|fi|fr|ru|sv,cs|de|fi|fr|ru|sv,78274.0,"{""cs"": 9334, ""de"": 10703, ""fi"": 102774, ""fr"": 65182, ""ru"": 39639, ""sv"": 11119}",20250418,20260417,2026-08-07,ok,3,2812,0.011778
353,Alex Newhook,Q64781759,cs|de|fi|fr|sv,cs|de|fi|fr|sv,10387.0,"{""cs"": 1, ""de"": 1882, ""fi"": 1488, ""fr"": 18549, ""sv"": 1110}",20250418,20260417,2026-08-07,ok,0,0,0.0
354,Juraj Slafkovský,Q107074729,cs|de|fi|fr|ru|sk|sv,cs|de|fi|fr|ru|sk|sv,165975.0,"{""cs"": 49615, ""de"": 22867, ""fi"": 19609, ""fr"": 60329, ""ru"": 54008, ""sk"": 130229, ""sv"": 4403}",20250418,20260417,2026-08-07,ok,10,1186,0.003477
355,Nick Suzuki,Q29287706,cs|de|fi|fr|ru|sk|sv,cs|de|fi|fr|ru|sk|sv,129871.0,"{""cs"": 14363, ""de"": 13073, ""fi"": 10756, ""fr"": 136430, ""ru"": 37943, ""sk"": 5598, ""sv"": 3260}",20250418,20260417,2026-08-07,ok,5,5427,0.02451
356,Alexandre Texier,Q30729474,de|fi|fr|ru|sk|sv,de|fi|fr|ru|sk|sv,121447.0,"{""de"": 5791, ""fi"": 4664, ""fr"": 123738, ""ru"": 7537, ""sk"": 838, ""sv"": 1427}",20250418,20260417,2026-08-07,ok,2,101,0.000701
357,Joe Veleno,Q20973749,cs|de|fi|fr|ru|sv,cs|de|fi|fr|ru|sv,30907.0,"{""cs"": 1606, ""de"": 2927, ""fi"": 2337, ""fr"": 29444, ""ru"": 3754, ""sv"": 1022}",20250418,20260417,2026-08-07,ok,5,890,0.02166
358,Florian Xhekaj,Q120129774,fr|sv,fr|sv,14245.0,"{""fr"": 13580, ""sv"": 665}",20250418,20260417,2026-08-07,ok,0,0,0.0
359,Alexandre Carrier,Q28466396,de|fi|fr|ru|sk|sv,de|fi|fr|ru|sk|sv,29684.0,"{""de"": 1941, ""fi"": 1029, ""fr"": 47097, ""ru"": 4392, ""sk"": 204, ""sv"": 873}",20250418,20260417,2026-08-07,ok,3,239,0.004304
360,Noah Dobson,Q52063145,de|fi|fr|ru|sk|sv,de|fi|fr|ru|sk|sv,49475.0,"{""de"": 2827, ""fi"": 2653, ""fr"": 44417, ""ru"": 4301, ""sk"": 290, ""sv"": 1066}",20250418,20260417,2026-08-07,ok,1,93,0.001674
361,Adam Engstrom,Q135438271,fr|sk|sv,fr|sv,2753.0,"{""fr"": 2375, ""sk"": 0, ""sv"": 378}",20250418,20260417,2026-08-07,ok,0,0,0.0
362,Kaiden Guhle,Q99744351,cs|fi|fr|sv,fi|fr|sv,11815.0,"{""cs"": 0, ""fi"": 1460, ""fr"": 24198, ""sv"": 661}",20250418,20260417,2026-08-07,ok,0,0,0.0
363,Lane Hutson,Q81903752,cs|de|fi|fr|ru|sk|sv,cs|de|fi|fr|ru|sk|sv,65664.0,"{""cs"": 2300, ""de"": 2513, ""fi"": 6380, ""fr"": 86322, ""ru"": 11783, ""sk"": 1595, ""sv"": 1601}",20250418,20260417,2026-08-07,ok,1,126,0.00112
364,Mike Matheson,Q3313431,cs|de|fi|fr|ru|sk|sv,cs|de|fi|fr|ru|sk|sv,32506.0,"{""cs"": 2143, ""de"": 3046, ""fi"": 2699, ""fr"": 43373, ""ru"": 4647, ""sk"": 292, ""sv"": 1328}",20250418,20260417,2026-08-07,ok,8,4598,0.079926
365,David Reinbacher,Q116769129,cs|de|fi|fr|ru|sk|sv,cs|de|fi|fr|ru|sv,18745.0,"{""cs"": 1580, ""de"": 10164, ""fi"": 1638, ""fr"": 16053, ""ru"": 7117, ""sk"": 0, ""sv"": 29}",20250418,20260417,2026-08-07,ok,0,0,0.0
366,Jayden Struble,Q123527598,fr|sk|sv,fr|sk|sv,11806.0,"{""fr"": 15995, ""sk"": 43, ""sv"": 4173}",20250418,20260417,2026-08-07,ok,0,0,0.0
367,Arber Xhekaj,Q114631109,cs|fi|fr|sk|sv,cs|fi|fr|sk|sv,83818.0,"{""cs"": 9054, ""fi"": 6047, ""fr"": 129354, ""sk"": 6984, ""sv"": 3386}",20250418,20260417,2026-08-07,ok,0,0,0.0
369,Luke Evangelista,Q116947087,fi|fr|ru|sv,fi|fr|ru|sv,3776.0,"{""fi"": 1557, ""fr"": 1698, ""ru"": 3114, ""sv"": 1295}",20250418,20260417,2026-08-07,ok,0,0,0.0
370,Filip Forsberg,Q1413527,cs|de|fi|fr|ru|sv,cs|de|fi|fr|ru|sv,79973.0,"{""cs"": 10463, ""de"": 12190, ""fi"": 13802, ""fr"": 7765, ""ru"": 21599, ""sv"": 65971}",20250418,20260417,2026-08-07,ok,5,2057,0.015608
371,Erik Haula,Q11858149,cs|de|fi|fr|ru|sv,cs|de|fi|fr|ru|sv,36003.0,"{""cs"": 2352, ""de"": 3714, ""fi"": 44618, ""fr"": 2153, ""ru"": 5869, ""sv"": 2697}",20250418,20260417,2026-08-07,ok,3,349,0.005684
372,Tyson Jost,Q22005703,cs|de|fi|fr|ru|sv,cs|de|fi|fr|ru|sv,4885.0,"{""cs"": 1357, ""de"": 2002, ""fi"": 1628, ""fr"": 1424, ""ru"": 4332, ""sv"": 1128}",20250418,20260417,2026-08-07,ok,0,0,0.0
373,Jonathan Marchessault,Q3183311,cs|de|fi|fr|ru|sv,cs|de|fi|fr|ru|sv,18887.0,"{""cs"": 3147, ""de"": 6307, ""fi"": 4383, ""fr"": 17542, ""ru"": 25777, ""sv"": 1995}",20250418,20260417,2026-08-07,ok,7,1051,0.017768
374,Ryan O'Reilly,Q861211,cs|de|fi|fr|ru|sv,cs|de|fi|fr|ru|sv,24797.0,"{""cs"": 4938, ""de"": 8457, ""fi"": 6965, ""fr"": 6479, ""ru"": 27102, ""sv"": 2650}",20250418,20260417,2026-08-07,ok,10,3954,0.06987
375,Steven Stamkos,Q520397,cs|de|fi|fr|ru|sk|sv,cs|de|fi|fr|ru|sk|sv,98188.0,"{""cs"": 11215, ""de"": 15411, ""fi"": 15329, ""fr"": 18300, ""ru"": 249371, ""sk"": 3600, ""sv"": 7179}",20250418,20260417,2026-08-07,ok,9,9597,0.029953
376,Fedor Svechkov,Q107640761,fi|fr|ru|sv,fi|fr|ru|sv,10124.0,"{""fi"": 719, ""fr"": 984, ""ru"": 22086, ""sv"": 361}",20250418,20260417,2026-08-07,ok,9,627,0.025963
377,Ozzy Wiesblatt,Q100189128,de|fi|fr|sv,de|fi|fr|sv,2933.0,"{""de"": 1143, ""fi"": 625, ""fr"": 1652, ""sv"": 503}",20250418,20260417,2026-08-07,ok,2,101,0.025746
378,Matthew Wood,Q120064321,fi|fr|ru|sv,fi|fr|ru|sv,1632.0,"{""fi"": 548, ""fr"": 242, ""ru"": 608, ""sv"": 337}",20250418,20260417,2026-08-07,ok,0,0,0.0
379,Justin Barron,Q100166662,de|fi|fr|sv,de|fi|fr|sv,3764.0,"{""de"": 1625, ""fi"": 1165, ""fr"": 10012, ""sv"": 526}",20250418,20260417,2026-08-07,ok,0,0,0.0
380,Nicolas Hague,Q28090632,de|fi|fr|sv,de|fi|fr|sv,2690.0,"{""de"": 1730, ""fi"": 980, ""fr"": 1799, ""sv"": 670}",20250418,20260417,2026-08-07,ok,3,149,0.02877
381,Roman Josi,Q440285,cs|de|fi|fr|ru|sk|sv,cs|de|fi|fr|ru|sk|sv,53525.0,"{""cs"": 19567, ""de"": 72074, ""fi"": 9744, ""fr"": 18564, ""ru"": 26646, ""sk"": 3879, ""sv"": 2874}",20250418,20260417,2026-08-07,ok,3,1482,0.009664
382,Nick Perbix,Q110810900,fi|fr|sk|sv,fi|fr|sk|sv,1500.0,"{""fi"": 938, ""fr"": 1011, ""sk"": 850, ""sv"": 469}",20250418,20260417,2026-08-07,ok,2,138,0.042228
383,Brady Skjei,Q2923509,cs|de|fi|fr|ru|sv,cs|de|fi|fr|ru|sv,7251.0,"{""cs"": 80, ""de"": 3329, ""fi"": 2591, ""fr"": 2107, ""ru"": 5668, ""sv"": 1737}",20250418,20260417,2026-08-07,ok,3,268,0.017277
384,Adam Wilsby,Q67558595,fi|sv,fi|sv,2475.0,"{""fi"": 1015, ""sv"": 3385}",20250418,20260417,2026-08-07,ok,0,0,0.0
385,Nick Bjugstad,Q3047621,cs|de|fi|fr|ru|sv,cs|de|fi|fr|ru|sv,4675.0,"{""cs"": 1580, ""de"": 2127, ""fi"": 1530, ""fr"": 2519, ""ru"": 4089, ""sv"": 1277}",20250418,20260417,2026-08-07,ok,2,1418,0.108063
386,Jesper Bratt,Q30229860,cs|de|fi|fr|ru|sv,cs|de|fi|fr|ru|sv,18332.0,"{""cs"": 2, ""de"": 2866, ""fi"": 3391, ""fr"": 2529, ""ru"": 6437, ""sv"": 25475}",20250418,20260417,2026-08-07,ok,2,476,0.011695
387,Connor Brown,Q16209503,de|fi|fr|ru|sv,de|fi|fr|ru|sv,6455.0,"{""de"": 4316, ""fi"": 1722, ""fr"": 1740, ""ru"": 7442, ""sv"": 616}",20250418,20260417,2026-08-07,ok,2,247,0.015597
388,Paul Cotter,Q109521040,de|fi|fr|sv,de|fi|fr|sv,1575.0,"{""de"": 803, ""fi"": 994, ""fr"": 1192, ""sv"": 632}",20250418,20260417,2026-08-07,ok,0,0,0.0
389,Evgenii Dadonov,Q209947,cs|de|fi|fr|ru|sk|sv,cs|de|fi|fr|ru|sk|sv,45491.0,"{""cs"": 1987, ""de"": 3558, ""fi"": 3848, ""fr"": 3997, ""ru"": 96367, ""sk"": 2179, ""sv"": 1444}",20250418,20260417,2026-08-07,ok,17,2721,0.023999
390,Cody Glass,Q28869018,cs|de|fi|fr|ru|sv,cs|de|fi|fr|ru|sv,5456.0,"{""cs"": 1478, ""de"": 2484, ""fi"": 1898, ""fr"": 2378, ""ru"": 4964, ""sv"": 1303}",20250418,20260417,2026-08-07,ok,2,151,0.01041
391,Arseny Gritsyuk,Q110279142,fi|fr|ru|sv,fi|fr|ru|sv,32448.0,"{""fi"": 462, ""fr"": 1537, ""ru"": 78968, ""sv"": 299}",20250418,20260417,2026-08-07,ok,7,862,0.010607
392,Nico Hischier,Q23817773,cs|de|fi|fr|ru|sk|sv,cs|de|fi|fr|ru|sk|sv,54271.0,"{""cs"": 8937, ""de"": 62802, ""fi"": 5627, ""fr"": 20535, ""ru"": 27540, ""sk"": 214, ""sv"": 2546}",20250418,20260417,2026-08-07,ok,3,220,0.001716
393,Jack Hughes,Q55614777,cs|de|fi|fr|ru|sk|sv,cs|de|fi|fr|ru|sk|sv,103397.0,"{""cs"": 17944, ""de"": 40777, ""fi"": 24067, ""fr"": 32362, ""ru"": 19232, ""sk"": 502, ""sv"": 14960}",20250418,20260417,2026-08-07,ok,0,0,0.0
394,Zack MacEwen,Q61699318,fi|fr|sv,fi|fr|sv,1340.0,"{""fi"": 935, ""fr"": 1198, ""sv"": 769}",20250418,20260417,2026-08-07,ok,1,11,0.00379
395,Timo Meier,Q20392160,cs|de|fi|fr|ru|sv,cs|de|fi|fr|ru|sv,31396.0,"{""cs"": 2, ""de"": 32962, ""fi"": 5836, ""fr"": 6756, ""ru"": 11232, ""sv"": 1767}",20250418,20260417,2026-08-07,ok,2,435,0.007429
396,Dawson Mercer,Q99744349,cs|de|fi|fr|ru|sv,cs|de|fi|fr|ru|sv,4584.0,"{""cs"": 2, ""de"": 2111, ""fi"": 1287, ""fr"": 3912, ""ru"": 4361, ""sv"": 819}",20250418,20260417,2026-08-07,ok,1,461,0.036904
397,Stefan Noesen,Q524005,de|fi|fr|sv,de|fi|fr|sv,1886.0,"{""de"": 2341, ""fi"": 1670, ""fr"": 1124, ""sv"": 838}",20250418,20260417,2026-08-07,ok,1,152,0.025448
398,Maxim Tsyplakov,Q108923123,fi|fr|ru|sv,fi|fr|ru|sv,21553.0,"{""fi"": 806, ""fr"": 860, ""ru"": 69946, ""sv"": 474}",20250418,20260417,2026-08-07,ok,4,463,0.006423
399,Dennis Cholowski,Q24790832,de|fi|fr|sv,de|fi|fr|sv,1524.0,"{""de"": 1228, ""fi"": 692, ""fr"": 874, ""sv"": 993}",20250418,20260417,2026-08-07,ok,2,78,0.020597
400,Brenden Dillon,Q4558770,de|fi|fr|ru|sv,de|fi|fr|ru|sv,3871.0,"{""de"": 1815, ""fi"": 1100, ""fr"": 1659, ""ru"": 3245, ""sv"": 1126}",20250418,20260417,2026-08-07,ok,1,192,0.021465
401,Dougie Hamilton,Q522687,de|fi|fr|ru|sv,de|fi|fr|ru|sv,7289.0,"{""de"": 2467, ""fi"": 2018, ""fr"": 3539, ""ru"": 7879, ""sv"": 2861}",20250418,20260417,2026-08-07,ok,3,2463,0.131262
402,Luke Hughes,Q107636885,de|fi|fr|ru|sv,de|fi|fr|ru|sv,35230.0,"{""de"": 13871, ""fi"": 7410, ""fr"": 11894, ""ru"": 17755, ""sv"": 6508}",20250418,20260417,2026-08-07,ok,1,211,0.003674
403,Johnathan Kovacevic,Q110726950,fr|sv,fr|sv,1225.0,"{""fr"": 4327, ""sv"": 600}",20250418,20260417,2026-08-07,ok,1,25,0.005074
404,Simon Nemec,Q106943350,cs|de|fi|fr|ru|sk|sv,cs|de|fi|fr|ru|sk|sv,30743.0,"{""cs"": 9262, ""de"": 5725, ""fi"": 3696, ""fr"": 5120, ""ru"": 12116, ""sk"": 30276, ""sv"": 1045}",20250418,20260417,2026-08-07,ok,5,679,0.010098
405,Brett Pesce,Q21278883,de|fi|fr|sv,de|fi|fr|sv,1723.0,"{""de"": 1568, ""fi"": 1154, ""fr"": 1063, ""sv"": 731}",20250418,20260417,2026-08-07,ok,0,0,0.0
406,Jonas Siegenthaler,Q16990473,cs|de|fi|fr|ru|sv,cs|de|fi|fr|ru|sv,20754.0,"{""cs"": 4014, ""de"": 26726, ""fi"": 2466, ""fr"": 5054, ""ru"": 4936, ""sv"": 870}",20250418,20260417,2026-08-07,ok,2,380,0.008623
407,Mathew Barzal,Q17385625,cs|de|fi|fr|ru|sv,cs|de|fi|fr|ru|sv,16141.0,"{""cs"": 2662, ""de"": 6081, ""fi"": 4201, ""fr"": 9570, ""ru"": 15072, ""sv"": 2224}",20250418,20260417,2026-08-07,ok,9,1166,0.029289
408,Casey Cizikas,Q2940973,de|fi|fr|ru|sv,de|fi|fr|ru|sv,3307.0,"{""de"": 1586, ""fi"": 1275, ""fr"": 1468, ""ru"": 3260, ""sv"": 679}",20250418,20260417,2026-08-07,ok,3,178,0.021529
409,Anthony Duclair,Q16228616,cs|de|fi|fr|ru|sv,cs|de|fi|fr|ru|sv,8378.0,"{""cs"": 2170, ""de"": 2675, ""fi"": 3086, ""fr"": 10429, ""ru"": 8257, ""sv"": 1205}",20250418,20260417,2026-08-07,ok,2,523,0.018798
410,Marc Gatcomb,Q131764819,sv,sv,227.0,"{""sv"": 322}",20250418,20260417,2026-08-07,ok,0,0,0.0
411,Emil Heineman,Q100159282,fi|fr|ru|sv,fi|fr|ru|sv,14203.0,"{""fi"": 1590, ""fr"": 11319, ""ru"": 1887, ""sv"": 8841}",20250418,20260417,2026-08-07,ok,0,0,0.0
412,Simon Holmstrom,Q57293781,fi|fr|sv,fi|fr|sv,3869.0,"{""fi"": 1238, ""fr"": 1350, ""sv"": 6016}",20250418,20260417,2026-08-07,ok,1,197,0.022896
413,Bo Horvat,Q13581453,cs|de|fi|fr|ru|sv,cs|de|fi|fr|ru|sv,42143.0,"{""cs"": 20599, ""de"": 8275, ""fi"": 4973, ""fr"": 7379, ""ru"": 12812, ""sv"": 3148}",20250418,20260417,2026-08-07,ok,3,915,0.016
414,Anders Lee,Q4753855,cs|de|fi|fr|ru|sv,cs|de|fi|fr|ru|sv,8875.0,"{""cs"": 2518, ""de"": 3328, ""fi"": 2046, ""fr"": 2894, ""ru"": 9775, ""sv"": 2354}",20250418,20260417,2026-08-07,ok,5,515,0.022474
415,Kyle MacLean,Q124322319,ru|sv,ru|sv,868.0,"{""ru"": 1235, ""sv"": 583}",20250418,20260417,2026-08-07,ok,2,74,0.040704
416,Jean-Gabriel Pageau,Q12860187,cs|de|fi|fr|ru|sv,cs|de|fi|fr|ru|sv,6361.0,"{""cs"": 1203, ""de"": 1732, ""fi"": 1203, ""fr"": 6136, ""ru"": 4064, ""sv"": 974}",20250418,20260417,2026-08-07,ok,3,243,0.01587
417,Ondrej Palat,Q6381284,cs|de|fi|fr|ru|sv,cs|de|fi|fr|ru|sv,33081.0,"{""cs"": 75585, ""de"": 5042, ""fi"": 2949, ""fr"": 3323, ""ru"": 15590, ""sv"": 1354}",20250418,20260417,2026-08-07,ok,6,1790,0.017238
418,Kyle Palmieri,Q526935,cs|de|fi|fr|ru|sv,cs|de|fi|fr|ru|sv,5290.0,"{""cs"": 2651, ""de"": 2088, ""fi"": 1931, ""fr"": 1826, ""ru"": 4926, ""sv"": 917}",20250418,20260417,2026-08-07,ok,2,418,0.029151
419,Brayden Schenn,Q902941,cs|de|fi|fr|ru|sv,cs|de|fi|fr|ru|sv,15420.0,"{""cs"": 3123, ""de"": 3808, ""fi"": 3133, ""fr"": 4200, ""ru"": 17543, ""sv"": 1236}",20250418,20260417,2026-08-07,ok,3,1077,0.032594
420,Max Shabanov,Q123035720,fi|fr|ru|sv,fi|fr|ru|sv,84412.0,"{""fi"": 267, ""fr"": 994, ""ru"": 138352, ""sv"": 222}",20250418,20260417,2026-08-07,ok,4,718,0.005135
421,Adam Boqvist,Q40592571,cs|de|fi|fr|ru|sv,cs|de|fi|fr|ru|sv,7654.0,"{""cs"": 1438, ""de"": 2238, ""fi"": 2899, ""fr"": 1759, ""ru"": 4663, ""sv"": 7155}",20250418,20260417,2026-08-07,ok,1,66,0.003275
422,Tony DeAngelo,Q16228519,de|fi|fr|ru|sv,de|fi|fr|ru|sv,10717.0,"{""de"": 3114, ""fi"": 3009, ""fr"": 3562, ""ru"": 59872, ""sv"": 1343}",20250418,20260417,2026-08-07,ok,14,22025,0.310649
423,Scott Mayfield,Q6380406,de|fi|fr|sv,de|fi|fr|sv,1756.0,"{""de"": 1276, ""fi"": 1315, ""fr"": 1020, ""sv"": 836}",20250418,20260417,2026-08-07,ok,0,0,0.0
424,Adam Pelech,Q16229469,de|fi|fr|ru|sv,de|fi|fr|ru|sv,2666.0,"{""de"": 1406, ""fi"": 1309, ""fr"": 1275, ""ru"": 2472, ""sv"": 662}",20250418,20260417,2026-08-07,ok,2,114,0.016002
425,Ryan Pulock,Q7384450,de|fi|fr|ru|sv,de|fi|fr|ru|sv,2763.0,"{""de"": 1350, ""fi"": 938, ""fr"": 1199, ""ru"": 2352, ""sv"": 605}",20250418,20260417,2026-08-07,ok,3,225,0.034916
427,Matthew Schaefer,Q130416868,cs|de|fi|fr|ru|sk|sv,cs|de|fi|fr|ru|sk|sv,34368.0,"{""cs"": 1809, ""de"": 7322, ""fi"": 4052, ""fr"": 7395, ""ru"": 11971, ""sk"": 246, ""sv"": 1574}",20250418,20260417,2026-08-07,ok,0,0,0.0
428,Carson Soucy,Q51403345,de|fi|fr|ru|sv,de|fi|fr|ru|sv,3608.0,"{""de"": 1676, ""fi"": 1258, ""fr"": 2439, ""ru"": 3257, ""sv"": 808}",20250418,20260417,2026-08-07,ok,1,122,0.012926
429,Jonny Brodzinski,Q20087670,de|fi|fr|sv,de|fi|fr|sv,1661.0,"{""de"": 1490, ""fi"": 1285, ""fr"": 953, ""sv"": 629}",20250418,20260417,2026-08-07,ok,0,0,0.0
431,Will Cuylle,Q112133947,fi|fr|sv,fi|fr|sv,1960.0,"{""fi"": 1064, ""fr"": 1667, ""sv"": 759}",20250418,20260417,2026-08-07,ok,3,330,0.094556
432,Adam Edstrom,Q64853087,fi|sv,fi|sv,1977.0,"{""fi"": 501, ""sv"": 5218}",20250418,20260417,2026-08-07,ok,0,0,0.0
433,Tye Kartye,Q117865206,fi|fr|sv,fi|fr|sv,1069.0,"{""fi"": 817, ""fr"": 1066, ""sv"": 498}",20250418,20260417,2026-08-07,ok,0,0,0.0
434,Noah Laba,Q125521759,fi|fr|sv,fi|sv,526.0,"{""fi"": 303, ""fr"": 0, ""sv"": 223}",20250418,20260417,2026-08-07,ok,0,0,0.0
435,Alexis Lafrenière,Q52012798,cs|de|fi|fr|ru|sv,cs|de|fi|fr|ru|sv,24435.0,"{""cs"": 6353, ""de"": 8436, ""fi"": 5090, ""fr"": 23141, ""ru"": 28630, ""sv"": 2620}",20250418,20260417,2026-08-07,ok,9,1571,0.021153
436,J.T. Miller,Q540422,cs|de|fi|fr|ru|sv,cs|fi|fr|ru|sv,19372.0,"{""cs"": 381, ""de"": 6695, ""fi"": 6460, ""fr"": 8742, ""ru"": 21473, ""sv"": 4314}",20250418,20260417,2026-08-07,ok,19,3287,0.068387
437,Gabe Perreault,Q120073173,fi|fr|sv,fi|fr|sv,6225.0,"{""fi"": 2130, ""fr"": 12766, ""sv"": 538}",20250418,20260417,2026-08-07,ok,2,361,0.02339
438,Taylor Raddysh,Q28160427,cs|de|fi|fr|sv,cs|de|fi|fr|sv,2704.0,"{""cs"": 2, ""de"": 1589, ""fi"": 1722, ""fr"": 1729, ""sv"": 688}",20250418,20260417,2026-08-07,ok,0,0,0.0
439,Matt Rempe,Q124515704,fi|fr|sv,fi|fr|sv,7565.0,"{""fi"": 9602, ""fr"": 10887, ""sv"": 6813}",20250418,20260417,2026-08-07,ok,1,105,0.003846
440,Conor Sheary,Q21774096,de|fi|fr|ru|sv,de|fi|fr|ru|sv,4288.0,"{""de"": 1699, ""fi"": 1184, ""fr"": 1389, ""ru"": 5277, ""sv"": 713}",20250418,20260417,2026-08-07,ok,2,232,0.022608
441,Adam Sykora,Q81907417,cs|de|fi|fr|ru|sk|sv,cs|de|fi|fr|ru|sk|sv,15548.0,"{""cs"": 2450, ""de"": 1518, ""fi"": 2401, ""fr"": 1161, ""ru"": 2850, ""sk"": 14074, ""sv"": 121}",20250418,20260417,2026-08-07,ok,3,229,0.009318
442,Vincent Trocheck,Q7932086,cs|de|fi|fr|ru|sv,cs|de|fi|fr|ru|sv,13111.0,"{""cs"": 3531, ""de"": 4376, ""fi"": 2851, ""fr"": 4065, ""ru"": 12692, ""sv"": 1449}",20250418,20260417,2026-08-07,ok,3,432,0.014915
443,Mika Zibanejad,Q1859388,cs|de|fi|fr|ru|sv,cs|de|fi|fr|ru|sv,188124.0,"{""cs"": 25345, ""de"": 18169, ""fi"": 51736, ""fr"": 19862, ""ru"": 39670, ""sv"": 146698}",20250418,20260417,2026-08-07,ok,4,1404,0.004657
444,Will Borgen,Q47067563,de|fi|fr|ru|sv,de|fi|fr|ru|sv,3049.0,"{""de"": 1804, ""fi"": 2428, ""fr"": 1074, ""ru"": 1086, ""sv"": 998}",20250418,20260417,2026-08-07,ok,5,591,0.079973
445,Drew Fortescue,Q124098758,sv,sv,73.0,"{""sv"": 73}",20250418,20260417,2026-08-07,ok,1,16,0.219178
446,Adam Fox,Q60735944,de|fi|fr|ru|sv,de|fi|fr|ru|sv,9657.0,"{""de"": 5695, ""fi"": 3862, ""fr"": 4512, ""ru"": 11989, ""sv"": 1985}",20250418,20260417,2026-08-07,ok,2,169,0.006026
447,Vladislav Gavrikov,Q20066382,cs|de|fi|fr|ru|sv,cs|de|fi|fr|ru|sv,28778.0,"{""cs"": 1753, ""de"": 2340, ""fi"": 2135, ""fr"": 1389, ""ru"": 52626, ""sv"": 1251}",20250418,20260417,2026-08-07,ok,5,1207,0.019628
448,Vincent Iorio,Q116972089,sv,sv,282.0,"{""sv"": 712}",20250418,20260417,2026-08-07,ok,0,0,0.0
449,Matthew Robertson,Q114586313,fi|fr|sv,fi|sv,331.0,"{""fi"": 102, ""fr"": 0, ""sv"": 252}",20250418,20260417,2026-08-07,ok,0,0,0.0
450,Braden Schneider,Q99744350,cs|de|fi|fr|sv,cs|de|fi|fr|sv,3151.0,"{""cs"": 1860, ""de"": 2770, ""fi"": 1986, ""fr"": 2705, ""sv"": 1037}",20250418,20260417,2026-08-07,ok,0,0,0.0
451,Urho Vaakanainen,Q22917015,fi|fr|ru|sv,fi|fr|ru|sv,8746.0,"{""fi"": 20657, ""fr"": 1293, ""ru"": 4739, ""sv"": 1344}",20250418,20260417,2026-08-07,ok,3,144,0.005137
452,Michael Amadio,Q42422430,de|fi|fr|sv,de|fi|fr|sv,1817.0,"{""de"": 1600, ""fi"": 984, ""fr"": 1702, ""sv"": 534}",20250418,20260417,2026-08-07,ok,3,397,0.082365
453,Drake Batherson,Q58767012,cs|de|fi|fr|ru|sv,cs|de|fi|fr|ru|sv,5301.0,"{""cs"": 1545, ""de"": 2641, ""fi"": 1272, ""fr"": 2719, ""ru"": 4108, ""sv"": 659}",20250418,20260417,2026-08-07,ok,2,133,0.010275
454,Graeme Clarke,Q123352915,sv,sv,203.0,"{""sv"": 401}",20250418,20260417,2026-08-07,ok,0,0,0.0
455,Nick Cousins,Q19611265,de|fi|fr|ru|sv,de|fi|fr|ru|sv,7335.0,"{""de"": 2516, ""fi"": 2650, ""fr"": 5792, ""ru"": 5810, ""sv"": 830}",20250418,20260417,2026-08-07,ok,2,405,0.023014
456,Dylan Cozens,Q65030083,cs|de|fi|fr|ru|sv,cs|de|fi|fr|ru|sv,9527.0,"{""cs"": 6709, ""de"": 6104, ""fi"": 2971, ""fr"": 5232, ""ru"": 10609, ""sv"": 1958}",20250418,20260417,2026-08-07,ok,2,197,0.005866
457,Lars Eller,Q427363,cs|de|fi|fr|ru|sv,cs|de|fi|fr|ru|sv,18145.0,"{""cs"": 3250, ""de"": 4725, ""fi"": 3453, ""fr"": 14833, ""ru"": 16338, ""sv"": 4054}",20250418,20260417,2026-08-07,ok,4,550,0.011789
458,Warren Foegele,Q51010020,de|fi|fr|sv,de|fi|fr|sv,2681.0,"{""de"": 3850, ""fi"": 1194, ""fr"": 1792, ""sv"": 747}",20250418,20260417,2026-08-07,ok,1,137,0.018067
459,Claude Giroux,Q940193,cs|de|fi|fr|ru|sk|sv,cs|de|fi|fr|ru|sk|sv,34153.0,"{""cs"": 6001, ""de"": 8127, ""fi"": 6408, ""fr"": 18126, ""ru"": 42216, ""sk"": 2935, ""sv"": 2879}",20250418,20260417,2026-08-07,ok,3,2340,0.026992
460,Ridly Greig,Q100177658,fi|fr|sv,fi|fr|sv,1346.0,"{""fi"": 713, ""fr"": 1863, ""sv"": 768}",20250418,20260417,2026-08-07,ok,0,0,0.0
461,Stephen Halliday,Q134294475,sv,sv,94.0,"{""sv"": 94}",20250418,20260417,2026-08-07,ok,0,0,0.0
462,Hayden Hodgson,Q111362302,sv,sv,138.0,"{""sv"": 455}",20250418,20260417,2026-08-07,ok,0,0,0.0
463,Arthur Kaliyev,Q64781802,de|fi|fr|ru|sv,de|fi|fr|ru|sv,10790.0,"{""de"": 2682, ""fi"": 1822, ""fr"": 2013, ""ru"": 24320, ""sv"": 1066}",20250418,20260417,2026-08-07,ok,5,605,0.018964
464,Kurtis MacDermid,Q41719374,de|fi|fr|sv,de|fi|fr|sv,3599.0,"{""de"": 2061, ""fi"": 2097, ""fr"": 3260, ""sv"": 878}",20250418,20260417,2026-08-07,ok,0,0,0.0
465,Shane Pinto,Q64853340,cs|de|fi|fr|ru|sv,cs|de|fi|fr|ru|sv,8260.0,"{""cs"": 81, ""de"": 2712, ""fi"": 2852, ""fr"": 3958, ""ru"": 3714, ""sv"": 1264}",20250418,20260417,2026-08-07,ok,0,0,0.0
466,Tim Stützle,Q70008386,cs|de|fi|fr|ru|sv,cs|de|fi|fr|ru|sv,114324.0,"{""cs"": 3716, ""de"": 148390, ""fi"": 3716, ""fr"": 5969, ""ru"": 12509, ""sv"": 2015}",20250418,20260417,2026-08-07,ok,7,664,0.003766
467,Brady Tkachuk,Q47091197,cs|de|fi|fr|ru|sv,cs|de|fi|fr|ru|sv,118759.0,"{""cs"": 48121, ""de"": 45910, ""fi"": 17662, ""fr"": 28552, ""ru"": 101288, ""sv"": 12568}",20250418,20260417,2026-08-07,ok,4,74356,0.292624
468,Fabian Zetterlund,Q27049206,fi|fr|sv,fi|fr|sv,4522.0,"{""fi"": 2310, ""fr"": 1691, ""sv"": 7572}",20250418,20260417,2026-08-07,ok,0,0,0.0
469,Thomas Chabot,Q20070752,cs|de|fi|fr|ru|sv,cs|de|fi|fr|ru|sv,8409.0,"{""cs"": 4, ""de"": 2186, ""fi"": 1814, ""fr"": 8628, ""ru"": 6046, ""sv"": 1015}",20250418,20260417,2026-08-07,ok,3,437,0.022191
470,Cameron Crotty,Q125141169,sv,sv,1448.0,"{""sv"": 2987}",20250418,20260417,2026-08-07,ok,0,0,0.0
471,Dennis Gilbert,Q20676428,fr|sv,fr|sv,620.0,"{""fr"": 977, ""sv"": 503}",20250418,20260417,2026-08-07,ok,0,0,0.0
472,Nick Jensen,Q16229145,de|fi|fr|ru|sv,de|fi|fr|ru|sv,3407.0,"{""de"": 1742, ""fi"": 2316, ""fr"": 1478, ""ru"": 4776, ""sv"": 915}",20250418,20260417,2026-08-07,ok,1,123,0.010956
473,Tyler Kleven,Q117349974,fi|fr|sv,fi|fr|sv,829.0,"{""fi"": 369, ""fr"": 841, ""sv"": 414}",20250418,20260417,2026-08-07,ok,0,0,0.0
474,Nikolas Matinpalo,Q61103628,cs|fi|fr|ru|sv,cs|fi|fr|ru|sv,12740.0,"{""cs"": 156, ""fi"": 21833, ""fr"": 1488, ""ru"": 371, ""sv"": 1140}",20250418,20260417,2026-08-07,ok,1,19,0.00076
475,Jake Sanderson,Q99744353,cs|de|fi|fr|ru|sv,cs|de|fi|fr|ru|sv,8446.0,"{""cs"": 315, ""de"": 2742, ""fi"": 2294, ""fr"": 3502, ""ru"": 5911, ""sv"": 869}",20250418,20260417,2026-08-07,ok,2,2297,0.146933
476,Jordan Spence,Q104591119,fi|sv,fi|sv,803.0,"{""fi"": 513, ""sv"": 613}",20250418,20260417,2026-08-07,ok,0,0,0.0
477,Lassi Thomson,Q64781761,fi|fr|sv,fi|fr|sv,5258.0,"{""fi"": 8312, ""fr"": 883, ""sv"": 2428}",20250418,20260417,2026-08-07,ok,0,0,0.0
478,Carter Yakemchuk,Q126936261,fi|sv,fi|sv,127.0,"{""fi"": 71, ""sv"": 56}",20250418,20260417,2026-08-07,ok,0,0,0.0
479,Artem Zub,Q29788672,de|fi|fr|ru|sv,de|fi|fr|ru|sv,18422.0,"{""de"": 2357, ""fi"": 1542, ""fr"": 1733, ""ru"": 40682, ""sv"": 737}",20250418,20260417,2026-08-07,ok,15,2038,0.043315
480,Rodrigo Abols,Q19356871,cs|de|fi|fr|sv,cs|de|fi|fr|sv,7037.0,"{""cs"": 3209, ""de"": 1513, ""fi"": 2471, ""fr"": 1249, ""sv"": 9952}",20250418,20260417,2026-08-07,ok,4,1000,0.054366
481,Denver Barkey,Q130548141,cs|fi|sv,fi|sv,312.0,"{""cs"": 0, ""fi"": 159, ""sv"": 153}",20250418,20260417,2026-08-07,ok,0,0,0.0
482,Alex Bump,Q133500284,sv,sv,90.0,"{""sv"": 90}",20250418,20260417,2026-08-07,ok,0,0,0.0
483,Noah Cates,Q110552680,fi|fr|sv,fi|fr|sv,868.0,"{""fi"": 217, ""fr"": 774, ""sv"": 933}",20250418,20260417,2026-08-07,ok,0,0,0.0
484,Sean Couturier,Q1860056,cs|de|fi|fr|ru|sv,cs|de|fi|fr|ru|sv,13133.0,"{""cs"": 2693, ""de"": 3153, ""fi"": 2930, ""fr"": 12829, ""ru"": 13168, ""sv"": 1170}",20250418,20260417,2026-08-07,ok,2,569,0.015831
485,Christian Dvorak,Q22681273,de|fi|fr|ru|sv,de|fi|fr|ru|sv,8359.0,"{""de"": 1995, ""fi"": 1769, ""fr"": 11309, ""ru"": 4612, ""sv"": 760}",20250418,20260417,2026-08-07,ok,2,97,0.004744
486,Tyson Foerster,Q100187048,cs|fi|fr|ru|sv,fi|fr|ru|sv,2433.0,"{""cs"": 0, ""fi"": 898, ""fr"": 1511, ""ru"": 692, ""sv"": 687}",20250418,20260417,2026-08-07,ok,0,0,0.0
487,Jacob Gaucher,Q132126484,sv,sv,1691.0,"{""sv"": 2005}",20250418,20260417,2026-08-07,ok,0,0,0.0
488,Luke Glendening,Q15081068,de|fi|fr|ru|sv,de|fi|fr|ru|sv,3395.0,"{""de"": 1643, ""fi"": 1838, ""fr"": 979, ""ru"": 1362, ""sv"": 612}",20250418,20260417,2026-08-07,ok,2,0,0.0
489,Nikita Grebenkin,Q120920350,fr|ru|sv,fr|ru|sv,22828.0,"{""fr"": 2029, ""ru"": 55399, ""sv"": 619}",20250418,20260417,2026-08-07,ok,4,635,0.010939
490,Carl Grundstrom,Q20631146,fi|fr|sv,fi|fr|sv,3288.0,"{""fi"": 1287, ""fr"": 1120, ""sv"": 7746}",20250418,20260417,2026-08-07,ok,1,141,0.013888
491,Garnet Hathaway,Q20656991,de|fi|fr|ru|sv,de|fi|fr|ru|sv,3125.0,"{""de"": 2026, ""fi"": 1041, ""fr"": 1056, ""ru"": 4659, ""sv"": 585}",20250418,20260417,2026-08-07,ok,0,0,0.0
492,Travis Konecny,Q16229347,cs|de|fi|fr|ru|sv,cs|de|fi|fr|ru|sv,10266.0,"{""cs"": 3, ""de"": 3345, ""fi"": 2386, ""fr"": 3744, ""ru"": 11262, ""sv"": 2202}",20250418,20260417,2026-08-07,ok,4,868,0.037835
493,Jett Luchanko,Q126932754,fi|sv,fi|sv,696.0,"{""fi"": 690, ""sv"": 450}",20250418,20260417,2026-08-07,ok,0,0,0.0
494,Porter Martone,Q130211542,cs|fi|fr|sv,cs|fi|sv,258.0,"{""cs"": 1, ""fi"": 158, ""fr"": 0, ""sv"": 99}",20250418,20260417,2026-08-07,ok,0,0,0.0
495,Matvei Michkov,Q81905428,cs|fi|fr|ru|sv,cs|fi|fr|ru|sv,52652.0,"{""cs"": 5469, ""fi"": 4265, ""fr"": 8106, ""ru"": 178033, ""sv"": 1034}",20250418,20260417,2026-08-07,ok,6,2492,0.012656
496,Owen Tippett,Q26207541,cs|de|fi|fr|sv,cs|de|fi|fr|sv,3031.0,"{""cs"": 2, ""de"": 1915, ""fi"": 1729, ""fr"": 3794, ""sv"": 1094}",20250418,20260417,2026-08-07,ok,0,0,0.0
497,Garrett Wilson,Q16089798,de|fi|fr|sv,de|fi|fr|sv,1748.0,"{""de"": 812, ""fi"": 1234, ""fr"": 693, ""sv"": 657}",20250418,20260417,2026-08-07,ok,0,0,0.0
498,Trevor Zegras,Q64781751,cs|de|fi|fr|ru|sv,de|fi|fr|ru|sv,22282.0,"{""cs"": 0, ""de"": 10048, ""fi"": 6111, ""fr"": 11987, ""ru"": 21637, ""sv"": 2554}",20250418,20260417,2026-08-07,ok,4,705,0.01347
499,Emil Andrae,Q88670439,fi|sv,fi|sv,2577.0,"{""fi"": 1295, ""sv"": 4500}",20250418,20260417,2026-08-07,ok,0,0,0.0
501,Oliver Bonk,Q120068593,cs|fi|sv,cs|sv,1822.0,"{""cs"": 7193, ""fi"": 0, ""sv"": 32}",20250418,20260417,2026-08-07,ok,0,0,0.0
502,Jamie Drysdale,Q80677472,cs|de|fi|fr|ru|sv,de|fi|fr|ru|sv,4568.0,"{""cs"": 0, ""de"": 2482, ""fi"": 2129, ""fr"": 2800, ""ru"": 5200, ""sv"": 847}",20250418,20260417,2026-08-07,ok,0,0,0.0
503,Helge Grans,Q85989235,fi|sv,fi|sv,1273.0,"{""fi"": 1371, ""sv"": 2026}",20250418,20260417,2026-08-07,ok,0,0,0.0
504,David Jiricek,Q101429563,cs|de|fi|fr|ru|sv,cs|de|fi|fr|ru|sv,18018.0,"{""cs"": 28942, ""de"": 2378, ""fi"": 2387, ""fr"": 2025, ""ru"": 5294, ""sv"": 910}",20250418,20260417,2026-08-07,ok,4,592,0.014117
505,Noah Juulsen,Q20652530,de|fi|fr|ru|sv,de|fi|fr|ru|sv,3373.0,"{""de"": 1401, ""fi"": 1292, ""fr"": 3266, ""ru"": 1481, ""sv"": 683}",20250418,20260417,2026-08-07,ok,1,64,0.007879
506,Hunter McDonald,Q137829787,sv,sv,67.0,"{""sv"": 67}",20250418,20260417,2026-08-07,ok,1,12,0.179104
507,Rasmus Ristolainen,Q3077970,cs|de|fi|fr|ru|sv,cs|de|fr|ru|sv,7047.0,"{""cs"": 2311, ""de"": 2838, ""fi"": 0, ""fr"": 1902, ""ru"": 6437, ""sv"": 2074}",20250418,20260417,2026-08-07,ok,4,292,0.018764
508,Travis Sanheim,Q17180909,cs|de|fi|fr|ru|sv,cs|de|fi|fr|ru|sv,8872.0,"{""cs"": 237, ""de"": 2995, ""fi"": 2253, ""fr"": 2519, ""ru"": 5888, ""sv"": 931}",20250418,20260417,2026-08-07,ok,3,409,0.027592
509,Nick Seeler,Q49139375,de|fi|fr|sv,de|fi|fr|sv,1412.0,"{""de"": 1348, ""fi"": 985, ""fr"": 907, ""sv"": 573}",20250418,20260417,2026-08-07,ok,0,0,0.0
510,Cam York,Q64781756,de|fi|fr|sv,de|fi|fr|sv,2033.0,"{""de"": 1300, ""fi"": 1743, ""fr"": 1593, ""sv"": 631}",20250418,20260417,2026-08-07,ok,4,829,0.157395
511,Noel Acciari,Q20675813,de|fi|fr|sv,de|fi|fr|sv,1721.0,"{""de"": 1419, ""fi"": 1101, ""fr"": 1325, ""sv"": 605}",20250418,20260417,2026-08-07,ok,0,0,0.0
512,Justin Brazeau,Q124622990,fr|sv,fr|sv,2462.0,"{""fr"": 5807, ""sv"": 684}",20250418,20260417,2026-08-07,ok,0,0,0.0
513,Egor Chinakhov,Q100150011,fi|fr|ru|sv,fi|fr|ru|sv,29441.0,"{""fi"": 1844, ""fr"": 1444, ""ru"": 62563, ""sv"": 685}",20250418,20260417,2026-08-07,ok,3,498,0.007485
514,Sidney Crosby,Q311280,cs|de|fi|fr|ru|sk|sv,cs|de|fi|fr|ru|sk|sv,496614.0,"{""cs"": 94650, ""de"": 140620, ""fi"": 77813, ""fr"": 205718, ""ru"": 564706, ""sk"": 28792, ""sv"": 42178}",20250418,20260417,2026-08-07,ok,15,29730,0.025752
515,Connor Dewar,Q89882950,fi|fr|sv,fi|fr|sv,1230.0,"{""fi"": 1193, ""fr"": 1401, ""sv"": 860}",20250418,20260417,2026-08-07,ok,0,0,0.0
516,Filip Hallander,Q53912891,fi|sv,fi|sv,2675.0,"{""fi"": 1016, ""sv"": 6446}",20250418,20260417,2026-08-07,ok,0,0,0.0
517,Kevin Hayes,Q3195713,de|fi|fr|ru|sv,de|fi|fr|ru|sv,10518.0,"{""de"": 7336, ""fi"": 2165, ""fr"": 5604, ""ru"": 6071, ""sv"": 4138}",20250418,20260417,2026-08-07,ok,3,281,0.011101
518,Ben Kindel,Q135106803,fi|fr|ru|sv,fi|ru|sv,2468.0,"{""fi"": 783, ""fr"": 0, ""ru"": 1222, ""sv"": 463}",20250418,20260417,2026-08-07,ok,2,35,0.014182
519,Ville Koivunen,Q108114408,fi|sv,fi|sv,7683.0,"{""fi"": 19121, ""sv"": 556}",20250418,20260417,2026-08-07,ok,0,0,0.0
520,Blake Lizotte,Q62932839,de|fi|fr|sv,de|fi|fr|sv,1929.0,"{""de"": 1677, ""fi"": 1339, ""fr"": 1424, ""sv"": 620}",20250418,20260417,2026-08-07,ok,0,0,0.0
521,Evgeni Malkin,Q314433,cs|de|fi|fr|ru|sk|sv,cs|de|fi|fr|ru|sk|sv,288917.0,"{""cs"": 28878, ""de"": 25231, ""fi"": 26180, ""fr"": 17303, ""ru"": 745470, ""sk"": 8983, ""sv"": 12220}",20250418,20260417,2026-08-07,ok,20,23474,0.027161
522,Anthony Mantha,Q13580947,cs|de|fi|fr|ru|sv,cs|de|fi|fr|ru|sv,12915.0,"{""cs"": 2361, ""de"": 2904, ""fi"": 2666, ""fr"": 9871, ""ru"": 11333, ""sv"": 1100}",20250418,20260417,2026-08-07,ok,2,415,0.013726
523,Tommy Novak,Q20707370,fi|fr|ru|sv,fi|fr|ru|sv,3175.0,"{""fi"": 1454, ""fr"": 1382, ""ru"": 3889, ""sv"": 711}",20250418,20260417,2026-08-07,ok,4,407,0.054734
524,Rickard Rakell,Q1731789,cs|de|fi|fr|ru|sv,cs|de|fi|fr|ru|sv,16259.0,"{""cs"": 1906, ""de"": 2399, ""fi"": 1877, ""fr"": 1764, ""ru"": 7206, ""sv"": 16760}",20250418,20260417,2026-08-07,ok,4,399,0.012503
525,Bryan Rust,Q18637940,de|fi|fr|ru|sv,de|fi|fr|ru|sv,5077.0,"{""de"": 2120, ""fi"": 1782, ""fr"": 1950, ""ru"": 5842, ""sv"": 761}",20250418,20260417,2026-08-07,ok,3,670,0.053794
526,Elmer Soderblom,Q104179563,fi|sv,fi|sv,5127.0,"{""fi"": 1418, ""sv"": 7669}",20250418,20260417,2026-08-07,ok,0,0,0.0
527,Connor Clifton,Q58837108,de|fi|fr|sv,de|fi|fr|sv,1622.0,"{""de"": 1578, ""fi"": 745, ""fr"": 879, ""sv"": 561}",20250418,20260417,2026-08-07,ok,0,0,0.0
528,Samuel Girard,Q41874508,de|fi|fr|ru|sv,fi|fr|ru|sv,6965.0,"{""de"": 0, ""fi"": 1911, ""fr"": 7659, ""ru"": 4152, ""sv"": 1302}",20250418,20260417,2026-08-07,ok,3,149,0.009917
529,Ryan Graves,Q50365958,cs|de|fi|fr|ru|sv,cs|de|fi|fr|ru|sv,4741.0,"{""cs"": 1682, ""de"": 2230, ""fi"": 1961, ""fr"": 2062, ""ru"": 4003, ""sv"": 752}",20250418,20260417,2026-08-07,ok,1,268,0.021119
530,Erik Karlsson,Q929159,cs|de|fi|fr|ru|sv,cs|de|fi|fr|ru|sv,66849.0,"{""cs"": 12224, ""de"": 16030, ""fi"": 26644, ""fr"": 9540, ""ru"": 5712, ""sv"": 97710}",20250418,20260417,2026-08-07,ok,0,0,0.0
531,Kris Letang,Q1376409,cs|de|fi|fr|ru|sk|sv,cs|de|fi|fr|ru|sk|sv,33065.0,"{""cs"": 5202, ""de"": 5888, ""fi"": 5294, ""fr"": 22933, ""ru"": 36817, ""sk"": 2270, ""sv"": 2787}",20250418,20260417,2026-08-07,ok,10,4172,0.051385
532,Jake Livanavage,Q133930914,sv,sv,24.0,"{""sv"": 24}",20250418,20260417,2026-08-07,ok,0,0,0.0
533,Ryan Shea,Q108301337,fi|sv,fi|sv,1968.0,"{""fi"": 392, ""sv"": 4116}",20250418,20260417,2026-08-07,ok,0,0,0.0
534,Ilya Solovyov,Q107136932,de|fi|fr|sv,de|fi|fr|sv,2138.0,"{""de"": 1634, ""fi"": 804, ""fr"": 1225, ""sv"": 677}",20250418,20260417,2026-08-07,ok,12,968,0.223041
535,Jack St. Ivany,Q125116639,fi|fr|sv,fi|fr|sv,1955.0,"{""fi"": 2, ""fr"": 254, ""sv"": 3760}",20250418,20260417,2026-08-07,ok,2,102,0.025398
536,Parker Wotherspoon,Q21683687,fi|fr|sv,fr|sv,726.0,"{""fi"": 0, ""fr"": 928, ""sv"": 483}",20250418,20260417,2026-08-07,ok,0,0,0.0
537,Macklin Celebrini,Q116369841,cs|de|fi|fr|ru|sk|sv,cs|de|fi|fr|ru|sk|sv,189155.0,"{""cs"": 19008, ""de"": 46509, ""fi"": 20627, ""fr"": 53262, ""ru"": 92091, ""sk"": 4535, ""sv"": 9708}",20250418,20260417,2026-08-07,ok,1,6520,0.026532
538,Ty Dellandrea,Q55183445,de|fi|fr|sv,de|fi|fr|sv,2028.0,"{""de"": 1442, ""fi"": 1683, ""fr"": 1195, ""sv"": 685}",20250418,20260417,2026-08-07,ok,1,85,0.016983
539,William Eklund,Q104473429,fi|fr|ru|sv,fi|fr|ru|sv,24433.0,"{""fi"": 2489, ""fr"": 2535, ""ru"": 2627, ""sv"": 31470}",20250418,20260417,2026-08-07,ok,1,980,0.02505
540,Adam Gaudette,Q28935407,de|fi|fr|ru|sv,de|fi|fr|ru|sv,4453.0,"{""de"": 2228, ""fi"": 1748, ""fr"": 2697, ""ru"": 3022, ""sv"": 741}",20250418,20260417,2026-08-07,ok,2,310,0.029705
541,Barclay Goodrow,Q18391246,de|fi|fr|ru|sv,de|fi|fr|ru|sv,5154.0,"{""de"": 2863, ""fi"": 1361, ""fr"": 1772, ""ru"": 8424, ""sv"": 851}",20250418,20260417,2026-08-07,ok,1,181,0.011853
542,Collin Graf,Q117468322,de|sv,de|sv,880.0,"{""de"": 469, ""sv"": 646}",20250418,20260417,2026-08-07,ok,0,0,0.0
543,Philipp Kurashev,Q60284256,cs|de|fi|fr|ru|sv,cs|de|fi|fr|ru|sv,25780.0,"{""cs"": 689, ""de"": 19924, ""fi"": 2241, ""fr"": 4846, ""ru"": 35203, ""sv"": 1361}",20250418,20260417,2026-08-07,ok,6,989,0.01539
544,Michael Misa,Q120143115,cs|de|fi|fr|ru|sv,cs|de|fi|fr|sv,3381.0,"{""cs"": 100, ""de"": 514, ""fi"": 853, ""fr"": 1375, ""ru"": 0, ""sv"": 540}",20250418,20260417,2026-08-07,ok,0,0,0.0
545,Zack Ostapchuk,Q124828144,sv,sv,1793.0,"{""sv"": 3872}",20250418,20260417,2026-08-07,ok,0,0,0.0
546,Ryan Reaves,Q2178104,de|fi|fr|ru|sv,de|fi|fr|ru|sv,15437.0,"{""de"": 17429, ""fi"": 5090, ""fr"": 10412, ""ru"": 11034, ""sv"": 2060}",20250418,20260417,2026-08-07,ok,1,564,0.012254
547,Pavol Regenda,Q110933819,cs|de|fi|fr|ru|sk|sv,cs|de|fi|fr|ru|sk|sv,38898.0,"{""cs"": 9755, ""de"": 3325, ""fi"": 1885, ""fr"": 1405, ""ru"": 4294, ""sk"": 38472, ""sv"": 933}",20250418,20260417,2026-08-07,ok,2,222,0.003696
548,Kiefer Sherwood,Q56876110,de|fi|fr|ru|sv,de|fi|fr|ru|sv,5872.0,"{""de"": 2471, ""fi"": 464, ""fr"": 1959, ""ru"": 3048, ""sv"": 871}",20250418,20260417,2026-08-07,ok,0,0,0.0
549,Will Smith,Q120015664,cs|de|fi|fr|ru|sv,cs|de|fi|fr|ru|sv,20025.0,"{""cs"": 160, ""de"": 3207, ""fi"": 3522, ""fr"": 6666, ""ru"": 8744, ""sv"": 1659}",20250418,20260417,2026-08-07,ok,1,20,0.000835
550,Tyler Toffoli,Q3546040,cs|de|fi|fr|ru|sv,cs|de|fi|fr|ru|sv,11304.0,"{""cs"": 5092, ""de"": 4932, ""fi"": 3064, ""fr"": 9285, ""ru"": 12403, ""sv"": 1195}",20250418,20260417,2026-08-07,ok,2,535,0.014873
551,Alexander Wennberg,Q4720354,cs|de|fi|fr|ru|sv,cs|de|fi|fr|ru|sv,16233.0,"{""cs"": 1978, ""de"": 4797, ""fi"": 2664, ""fr"": 1995, ""ru"": 5671, ""sv"": 13244}",20250418,20260417,2026-08-07,ok,4,830,0.027349
552,Vincent Desharnais,Q116178534,ru|sv,sv,400.0,"{""ru"": 1, ""sv"": 940}",20250418,20260417,2026-08-07,ok,1,1,0.001063
553,Sam Dickinson,Q124634454,fi|ru|sv,fi|ru|sv,2185.0,"{""fi"": 280, ""ru"": 1672, ""sv"": 233}",20250418,20260417,2026-08-07,ok,1,59,0.027002
554,Mario Ferraro,Q69524804,de|fi|fr|ru|sv,de|fi|fr|ru|sv,3919.0,"{""de"": 1781, ""fi"": 1364, ""fr"": 1851, ""ru"": 3058, ""sv"": 791}",20250418,20260417,2026-08-07,ok,0,0,0.0
555,John Klingberg,Q527382,cs|de|fi|fr|ru|sv,cs|de|fi|fr|ru|sv,17024.0,"{""cs"": 2404, ""de"": 5873, ""fi"": 6568, ""fr"": 2366, ""ru"": 8700, ""sv"": 14747}",20250418,20260417,2026-08-07,ok,4,1803,0.044346
556,Nick Leddy,Q1985505,cs|de|fi|fr|ru|sv,cs|de|fi|fr|ru|sv,5465.0,"{""cs"": 1626, ""de"": 1966, ""fi"": 1327, ""fr"": 1688, ""ru"": 4441, ""sv"": 781}",20250418,20260417,2026-08-07,ok,5,1078,0.091132
557,Shakir Mukhamadullin,Q98961212,fi|fr|ru|sv,fi|fr|ru|sv,17089.0,"{""fi"": 1940, ""fr"": 2630, ""ru"": 38765, ""sv"": 1173}",20250418,20260417,2026-08-07,ok,6,877,0.019704
558,Dmitry Orlov,Q1232790,cs|de|fi|fr|ru|sv,cs|de|fi|fr|ru|sv,42489.0,"{""cs"": 3653, ""de"": 4025, ""fi"": 2522, ""fr"": 1956, ""ru"": 108123, ""sv"": 1472}",20250418,20260417,2026-08-07,ok,6,417,0.003425
559,Matty Beniers,Q107035397,cs|de|fi|fr|ru|sv,cs|de|fi|fr|ru|sv,11616.0,"{""cs"": 118, ""de"": 5179, ""fi"": 2659, ""fr"": 4957, ""ru"": 14022, ""sv"": 1905}",20250418,20260417,2026-08-07,ok,7,3634,0.126006
560,Berkly Catton,Q124260524,fi|ru|sv,fi|ru|sv,794.0,"{""fi"": 308, ""ru"": 287, ""sv"": 199}",20250418,20260417,2026-08-07,ok,0,0,0.0
561,Jordan Eberle,Q975074,cs|de|fi|fr|ru|sk|sv,cs|de|fi|fr|ru|sk|sv,13808.0,"{""cs"": 3805, ""de"": 5352, ""fi"": 2942, ""fr"": 4395, ""ru"": 13694, ""sk"": 2465, ""sv"": 1499}",20250418,20260417,2026-08-07,ok,2,638,0.018681
562,Frederick Gaudreau,Q27530137,de|fi|fr|ru|sv,de|fi|fr|ru|sv,7719.0,"{""de"": 3244, ""fi"": 3717, ""fr"": 5670, ""ru"": 5630, ""sv"": 1179}",20250418,20260417,2026-08-07,ok,5,496,0.025514
563,Kaapo Kakko,Q45835153,cs|de|fi|fr|ru|sk|sv,cs|de|fi|fr|ru|sk|sv,50337.0,"{""cs"": 5897, ""de"": 8895, ""fi"": 59035, ""fr"": 6125, ""ru"": 18513, ""sk"": 4929, ""sv"": 4416}",20250418,20260417,2026-08-07,ok,2,243,0.002254
564,Jared McCann,Q16229703,cs|de|fi|fr|ru|sv,cs|de|fi|fr|ru|sv,5959.0,"{""cs"": 2108, ""de"": 2285, ""fi"": 1540, ""fr"": 2705, ""ru"": 5749, ""sv"": 842}",20250418,20260417,2026-08-07,ok,1,269,0.017664
565,Bobby McMann,Q116176450,fi|fr|sv,fi|fr|sv,1652.0,"{""fi"": 597, ""fr"": 1439, ""sv"": 579}",20250418,20260417,2026-08-07,ok,2,250,0.095602
566,Ben Meyers,Q110932966,fr|sv,fr|sv,477.0,"{""fr"": 285, ""sv"": 434}",20250418,20260417,2026-08-07,ok,0,0,0.0
567,Jaden Schwartz,Q3160420,de|fi|fr|ru|sv,de|fi|fr|ru|sv,3730.0,"{""de"": 2224, ""fi"": 1490, ""fr"": 1603, ""ru"": 3965, ""sv"": 710}",20250418,20260417,2026-08-07,ok,2,197,0.019716
568,Chandler Stephenson,Q21192284,de|fi|fr|ru|sv,de|fi|fr|ru|sv,1874.0,"{""de"": 1714, ""fi"": 1373, ""fr"": 1498, ""ru"": 1, ""sv"": 782}",20250418,20260417,2026-08-07,ok,0,0,0.0
569,Eeli Tolvanen,Q23906048,cs|de|fi|fr|ru|sv,cs|de|fi|fr|ru|sv,45335.0,"{""cs"": 1042, ""de"": 4612, ""fi"": 46128, ""fr"": 1787, ""ru"": 12055, ""sv"": 2236}",20250418,20260417,2026-08-07,ok,5,711,0.010477
570,Ryan Winterton,Q123394071,fr|sv,fr|sv,686.0,"{""fr"": 475, ""sv"": 454}",20250418,20260417,2026-08-07,ok,0,0,0.0
571,Shane Wright,Q105731667,cs|de|fi|fr|ru|sv,cs|de|fi|fr|ru|sv,9172.0,"{""cs"": 4590, ""de"": 3798, ""fi"": 2965, ""fr"": 11358, ""ru"": 452, ""sv"": 862}",20250418,20260417,2026-08-07,ok,1,21,0.000874
572,Vince Dunn,Q41611395,cs|de|fi|fr|ru|sv,cs|de|fi|fr|ru|sv,6125.0,"{""cs"": 1927, ""de"": 4489, ""fi"": 1928, ""fr"": 4171, ""ru"": 6362, ""sv"": 994}",20250418,20260417,2026-08-07,ok,1,374,0.018821
573,Ryker Evans,Q112144287,fi|fr|ru|sv,fi|fr|ru|sv,2140.0,"{""fi"": 633, ""fr"": 1416, ""ru"": 836, ""sv"": 466}",20250418,20260417,2026-08-07,ok,1,97,0.028947
574,Cale Fleury,Q69412866,de|fi|fr|sv,de|fi|fr|sv,2759.0,"{""de"": 1326, ""fi"": 1104, ""fr"": 2662, ""sv"": 770}",20250418,20260417,2026-08-07,ok,0,0,0.0
575,Adam Larsson,Q350284,cs|de|fi|fr|ru|sv,cs|de|fi|fr|ru|sv,11095.0,"{""cs"": 2123, ""de"": 3162, ""fi"": 2825, ""fr"": 2087, ""ru"": 789, ""sv"": 11426}",20250418,20260417,2026-08-07,ok,2,31,0.001383
576,Ryan Lindgren,Q24827237,de|fi|fr|sv,de|fi|fr|sv,2993.0,"{""de"": 2122, ""fi"": 2266, ""fr"": 1572, ""sv"": 4400}",20250418,20260417,2026-08-07,ok,0,0,0.0
577,Joshua Mahura,Q58883801,de|fi|fr|ru|sv,de|fi|fr|ru|sv,2594.0,"{""de"": 993, ""fi"": 1182, ""fr"": 1180, ""ru"": 2554, ""sv"": 510}",20250418,20260417,2026-08-07,ok,5,1094,0.170432
578,Brandon Montour,Q23799452,de|fi|fr|ru|sv,de|fi|fr|ru|sv,9007.0,"{""de"": 3570, ""fi"": 3024, ""fr"": 6739, ""ru"": 9642, ""sv"": 963}",20250418,20260417,2026-08-07,ok,1,237,0.009901
579,Jamie Oleksiak,Q3161564,cs|de|fi|fr|ru|sv,cs|de|fi|fr|ru|sv,6650.0,"{""cs"": 4132, ""de"": 2434, ""fi"": 1981, ""fr"": 4400, ""ru"": 6615, ""sv"": 1186}",20250418,20260417,2026-08-07,ok,3,590,0.028436
580,Jonatan Berggren,Q52154379,fi|fr|sv,fi|fr|sv,3223.0,"{""fi"": 1543, ""fr"": 1080, ""sv"": 4416}",20250418,20260417,2026-08-07,ok,1,117,0.016622
581,Pavel Buchnevich,Q3372929,cs|de|fi|fr|ru|sv,de|fi|fr|ru|sv,24701.0,"{""cs"": 0, ""de"": 2265, ""fi"": 2079, ""fr"": 1567, ""ru"": 57361, ""sv"": 812}",20250418,20260417,2026-08-07,ok,11,1131,0.017649
582,Jonathan Drouin,Q1572118,cs|de|fi|fr|ru|sv,cs|de|fi|fr|ru|sv,16451.0,"{""cs"": 2372, ""de"": 3517, ""fi"": 4852, ""fr"": 18797, ""ru"": 12004, ""sv"": 1700}",20250418,20260417,2026-08-07,ok,3,1086,0.025114
583,Dalibor Dvorsky,Q109335919,cs|de|fi|fr|ru|sk|sv,cs|de|fi|fr|ru|sk|sv,38889.0,"{""cs"": 9163, ""de"": 3996, ""fi"": 2693, ""fr"": 2212, ""ru"": 769, ""sk"": 41188, ""sv"": 8191}",20250418,20260417,2026-08-07,ok,2,514,0.007535
584,Jack Finley,Q120401898,sv,sv,198.0,"{""sv"": 270}",20250418,20260417,2026-08-07,ok,0,0,0.0
585,Dylan Holloway,Q100166692,cs|fi|fr|ru|sv,fi|fr|ru|sv,2965.0,"{""cs"": 0, ""fi"": 1696, ""fr"": 2310, ""ru"": 2520, ""sv"": 786}",20250418,20260417,2026-08-07,ok,0,0,0.0
586,Jordan Kyrou,Q47088002,cs|de|fi|fr|ru|sv,cs|de|fi|fr|ru|sv,9791.0,"{""cs"": 1112, ""de"": 1818, ""fi"": 2453, ""fr"": 6525, ""ru"": 5207, ""sv"": 957}",20250418,20260417,2026-08-07,ok,2,402,0.022244
587,Jake Neighbours,Q100166664,cs|de|fi|fr|sv,de|fi|fr|sv,1969.0,"{""cs"": 0, ""de"": 1518, ""fi"": 1196, ""fr"": 1496, ""sv"": 848}",20250418,20260417,2026-08-07,ok,0,0,0.0
588,Jimmy Snuggerud,Q81907130,fi|fr|ru|sv,fi|fr|ru|sv,4147.0,"{""fi"": 2190, ""fr"": 1704, ""ru"": 151, ""sv"": 1071}",20250418,20260417,2026-08-07,ok,0,0,0.0
589,Oskar Sundqvist,Q6381123,cs|de|fi|fr|ru|sv,cs|de|fi|fr|ru|sv,7430.0,"{""cs"": 1347, ""de"": 1972, ""fi"": 1299, ""fr"": 1262, ""ru"": 3551, ""sv"": 12455}",20250418,20260417,2026-08-07,ok,1,400,0.018277
590,Pius Suter,Q17305227,cs|de|fi|fr|ru|sv,cs|de|fi|fr|ru|sv,13539.0,"{""cs"": 348, ""de"": 17534, ""fi"": 1570, ""fr"": 4339, ""ru"": 4250, ""sv"": 805}",20250418,20260417,2026-08-07,ok,0,0,0.0
591,Robert Thomas,Q30689603,cs|de|fi|fr|ru|sv,cs|de|fi|fr|ru|sv,9153.0,"{""cs"": 2330, ""de"": 1884, ""fi"": 2311, ""fr"": 4628, ""ru"": 6082, ""sv"": 1355}",20250418,20260417,2026-08-07,ok,1,260,0.013986
592,Alexey Toropchenko,Q99761947,fi|fr|ru|sv,fi|fr|ru|sv,10915.0,"{""fi"": 780, ""fr"": 956, ""ru"": 20835, ""sv"": 539}",20250418,20260417,2026-08-07,ok,5,419,0.018131
593,Nathan Walker,Q984365,cs|de|fi|fr|ru|sv,cs|de|fi|fr|ru|sv,7401.0,"{""cs"": 2698, ""de"": 2272, ""fi"": 3140, ""fr"": 1868, ""ru"": 6562, ""sv"": 1027}",20250418,20260417,2026-08-07,ok,2,651,0.037058
594,Philip Broberg,Q64764843,cs|de|fi|fr|sv,cs|de|fi|fr|sv,7967.0,"{""cs"": 1304, ""de"": 520, ""fi"": 1597, ""fr"": 1862, ""sv"": 8797}",20250418,20260417,2026-08-07,ok,0,0,0.0
595,Cam Fowler,Q1027905,cs|de|fi|fr|ru|sv,cs|de|fi|fr|ru|sv,6518.0,"{""cs"": 1457, ""de"": 2529, ""fi"": 2239, ""fr"": 2811, ""ru"": 5551, ""sv"": 2281}",20250418,20260417,2026-08-07,ok,5,1247,0.073927
596,Justin Holl,Q47527934,de|fi|fr|ru|sv,de|fi|fr|ru|sv,2615.0,"{""de"": 1512, ""fi"": 924, ""fr"": 970, ""ru"": 2983, ""sv"": 602}",20250418,20260417,2026-08-07,ok,1,276,0.039479
597,Matthew Kessel,Q124391190,ru|sv,ru|sv,1091.0,"{""ru"": 1896, ""sv"": 596}",20250418,20260417,2026-08-07,ok,1,86,0.03451
598,Logan Mailloux,Q107632114,fi|fr|sv,fi|fr|sv,11795.0,"{""fi"": 926, ""fr"": 27441, ""sv"": 709}",20250418,20260417,2026-08-07,ok,0,0,0.0
599,Colton Parayko,Q16204018,cs|de|fi|fr|ru|sv,cs|de|fi|fr|ru|sv,19196.0,"{""cs"": 6690, ""de"": 4172, ""fi"": 3750, ""fr"": 5593, ""ru"": 14245, ""sv"": 1508}",20250418,20260417,2026-08-07,ok,7,703,0.019551
600,Tyler Tucker,Q115249555,fi|sv,fi|sv,645.0,"{""fi"": 472, ""sv"": 398}",20250418,20260417,2026-08-07,ok,0,0,0.0
601,Oliver Bjorkstrand,Q1439741,cs|de|fi|fr|ru|sv,cs|de|fi|fr|ru|sv,7634.0,"{""cs"": 1918, ""de"": 2562, ""fi"": 2734, ""fr"": 1848, ""ru"": 5430, ""sv"": 3017}",20250418,20260417,2026-08-07,ok,2,100,0.005711
602,Anthony Cirelli,Q50300676,cs|de|fi|fr|ru|sv,cs|de|fi|fr|ru|sv,8189.0,"{""cs"": 710, ""de"": 2324, ""fi"": 2322, ""fr"": 3618, ""ru"": 7480, ""sv"": 775}",20250418,20260417,2026-08-07,ok,2,120,0.006965
603,Conor Geekie,Q81903067,fi|fr|sk|sv,fi|fr|sk|sv,2551.0,"{""fi"": 988, ""fr"": 2964, ""sk"": 886, ""sv"": 510}",20250418,20260417,2026-08-07,ok,0,0,0.0
604,Zemgus Girgensons,Q3078663,cs|de|fi|fr|ru|sv,cs|de|fi|fr|ru|sv,8702.0,"{""cs"": 1902, ""de"": 2712, ""fi"": 1891, ""fr"": 1413, ""ru"": 11113, ""sv"": 1032}",20250418,20260417,2026-08-07,ok,5,1020,0.05084
605,Gage Goncalves,Q124258303,fi|sv,fi|sv,695.0,"{""fi"": 564, ""sv"": 481}",20250418,20260417,2026-08-07,ok,0,0,0.0
606,Yanni Gourde,Q3571720,de|fi|fr|ru|sk|sv,de|fi|fr|ru|sk|sv,9965.0,"{""de"": 2248, ""fi"": 1414, ""fr"": 9477, ""ru"": 7724, ""sk"": 1523, ""sv"": 911}",20250418,20260417,2026-08-07,ok,2,330,0.014165
607,Jake Guentzel,Q27902006,cs|de|fi|fr|ru|sv,cs|de|fi|fr|ru|sv,19342.0,"{""cs"": 374, ""de"": 9056, ""fi"": 5630, ""fr"": 6294, ""ru"": 28776, ""sv"": 2107}",20250418,20260417,2026-08-07,ok,5,901,0.017248
608,Brandon Hagel,Q87544687,cs|de|fi|fr|ru|sk|sv,cs|de|fi|fr|ru|sk|sv,15204.0,"{""cs"": 283, ""de"": 5668, ""fi"": 2986, ""fr"": 5596, ""ru"": 7898, ""sk"": 1848, ""sv"": 1388}",20250418,20260417,2026-08-07,ok,0,0,0.0
609,Pontus Holmberg,Q53869727,fi|fr|sv,fi|fr|sv,5150.0,"{""fi"": 1542, ""fr"": 131, ""sv"": 7938}",20250418,20260417,2026-08-07,ok,0,0,0.0
610,Dominic James,Q136746484,fi,fi,95.0,"{""fi"": 95}",20250418,20260417,2026-08-07,ok,0,0,0.0
611,Nikita Kucherov,Q1693680,cs|de|fi|fr|ru|sk|sv,cs|de|fi|fr|ru|sk|sv,264940.0,"{""cs"": 14047, ""de"": 22670, ""fi"": 17579, ""fr"": 20299, ""ru"": 618845, ""sk"": 4488, ""sv"": 6089}",20250418,20260417,2026-08-07,ok,12,7713,0.010956
612,Nick Paul,Q22891534,de|fi|fr|ru|sv,de|fi|fr|ru|sv,4891.0,"{""de"": 2364, ""fi"": 1947, ""fr"": 2092, ""ru"": 6459, ""sv"": 2122}",20250418,20260417,2026-08-07,ok,4,855,0.057061
613,Corey Perry,Q948963,cs|de|fi|fr|ru|sv,cs|de|fi|fr|ru|sv,96617.0,"{""cs"": 16370, ""de"": 27349, ""fi"": 27391, ""fr"": 42756, ""ru"": 98102, ""sv"": 7773}",20250418,20260417,2026-08-07,ok,4,6146,0.027969
614,Brayden Point,Q17183570,cs|de|fi|fr|ru|sv,cs|de|fi|fr|ru|sv,14226.0,"{""cs"": 2, ""de"": 2961, ""fi"": 3429, ""fr"": 4812, ""ru"": 28321, ""sv"": 1269}",20250418,20260417,2026-08-07,ok,3,1654,0.040545
615,Scott Sabourin,Q16224923,fi|sv,fi|sv,977.0,"{""fi"": 993, ""sv"": 796}",20250418,20260417,2026-08-07,ok,0,0,0.0
616,Declan Carlile,Q124151607,fi|sv,fi|sv,240.0,"{""fi"": 76, ""sv"": 400}",20250418,20260417,2026-08-07,ok,0,0,0.0
617,Erik Cernak,Q15613791,cs|de|fi|fr|ru|sk|sv,cs|de|fi|fr|ru|sk|sv,27344.0,"{""cs"": 6000, ""de"": 2838, ""fi"": 1994, ""fr"": 1743, ""ru"": 6809, ""sk"": 25305, ""sv"": 1061}",20250418,20260417,2026-08-07,ok,5,679,0.014842
618,Max Crozier,Q124285797,fi|fr|sv,fi|fr|sv,821.0,"{""fi"": 248, ""fr"": 825, ""sv"": 459}",20250418,20260417,2026-08-07,ok,3,175,0.11423
619,Charle-Edouard D'Astous,Q116942773,fi|fr|sk|sv,fi|fr|sk|sv,12874.0,"{""fi"": 5751, ""fr"": 8373, ""sk"": 191, ""sv"": 6788}",20250418,20260417,2026-08-07,ok,8,1335,0.063261
620,Victor Hedman,Q728924,cs|de|fi|fr|ru|sk|sv,cs|de|fi|fr|ru|sk|sv,48870.0,"{""cs"": 8582, ""de"": 9064, ""fi"": 11039, ""fr"": 5556, ""ru"": 38032, ""sk"": 2756, ""sv"": 65804}",20250418,20260417,2026-08-07,ok,4,2659,0.018881
621,Emil Lilleberg,Q90910550,fi|fr|ru|sv,fi|fr|ru|sv,4056.0,"{""fi"": 1505, ""fr"": 952, ""ru"": 228, ""sv"": 5905}",20250418,20260417,2026-08-07,ok,4,333,0.038766
622,Ryan McDonagh,Q2094838,cs|de|fi|fr|ru|sv,cs|fi|fr|ru|sv,8801.0,"{""cs"": 2712, ""de"": 0, ""fi"": 2011, ""fr"": 5049, ""ru"": 14731, ""sv"": 1168}",20250418,20260417,2026-08-07,ok,5,1053,0.041019
623,J.J. Moser,Q63457572,de|fi|fr|ru|sv,de|fi|fr|ru|sv,19195.0,"{""de"": 20220, ""fi"": 2272, ""fr"": 5074, ""ru"": 831, ""sv"": 1607}",20250418,20260417,2026-08-07,ok,10,2293,0.076423
624,Darren Raddysh,Q98755073,cs|fi|fr|ru|sv,cs|fi|fr|sv,1810.0,"{""cs"": 2, ""fi"": 616, ""fr"": 1439, ""ru"": 0, ""sv"": 747}",20250418,20260417,2026-08-07,ok,0,0,0.0
625,Max Domi,Q13581451,de|fi|fr|ru|sv,de|fi|fr|ru|sv,18838.0,"{""de"": 7258, ""fi"": 6757, ""fr"": 13486, ""ru"": 12001, ""sv"": 4314}",20250418,20260417,2026-08-07,ok,3,2153,0.049137
628,Calle Jarnkrok,Q961358,cs|de|fi|fr|ru|sv,cs|de|fi|fr|ru|sv,12519.0,"{""cs"": 1466, ""de"": 2051, ""fi"": 1523, ""fr"": 1437, ""ru"": 3908, ""sv"": 19512}",20250418,20260417,2026-08-07,ok,6,503,0.016824
629,Dakota Joshua,Q19519917,fi|fr|sv,fi|fr|sv,1653.0,"{""fi"": 1392, ""fr"": 1848, ""sv"": 721}",20250418,20260417,2026-08-07,ok,0,0,0.0
630,Matthew Knies,Q110984252,fi|fr|ru|sv,fi|fr|ru|sv,6470.0,"{""fi"": 2133, ""fr"": 4144, ""ru"": 2217, ""sv"": 1170}",20250418,20260417,2026-08-07,ok,0,0,0.0
631,Steven Lorentz,Q105104970,de|fi|fr|sv,de|fi|fr|sv,1887.0,"{""de"": 1735, ""fi"": 1285, ""fr"": 1473, ""sv"": 638}",20250418,20260417,2026-08-07,ok,0,0,0.0
632,Matias Maccelli,Q70335829,de|fi|fr|sv,de|fi|fr|sv,15089.0,"{""de"": 2262, ""fi"": 28141, ""fr"": 1934, ""sv"": 1604}",20250418,20260417,2026-08-07,ok,0,0,0.0
633,Auston Matthews,Q20090644,cs|de|fi|fr|ru|sk|sv,cs|de|fi|fr|ru|sk|sv,138895.0,"{""cs"": 17300, ""de"": 45733, ""fi"": 24578, ""fr"": 39271, ""ru"": 310379, ""sk"": 1010, ""sv"": 9347}",20250418,20260417,2026-08-07,ok,2,14692,0.032823
634,William Nylander,Q14614517,cs|de|fi|fr|ru|sv,cs|de|fi|fr|ru|sv,91825.0,"{""cs"": 10721, ""de"": 19991, ""fi"": 16989, ""fr"": 15837, ""ru"": 32575, ""sv"": 105823}",20250418,20260417,2026-08-07,ok,11,10014,0.04959
635,Nicholas Robertson,Q98066183,fi|fr|sv,fi|fr|sv,3018.0,"{""fi"": 2905, ""fr"": 3224, ""sv"": 1307}",20250418,20260417,2026-08-07,ok,1,34,0.004572
636,John Tavares,Q537353,cs|de|fi|fr|ru|sk|sv,cs|de|fi|fr|ru|sk|sv,76760.0,"{""cs"": 15063, ""de"": 30002, ""fi"": 12090, ""fr"": 19759, ""ru"": 101284, ""sk"": 4044, ""sv"": 7689}",20250418,20260417,2026-08-07,ok,3,4907,0.025836
638,Simon Benoit,Q90828989,fi|fr|sv,fi|fr|sv,5482.0,"{""fi"": 1016, ""fr"": 9337, ""sv"": 883}",20250418,20260417,2026-08-07,ok,1,35,0.003115
639,Brandon Carlo,Q20067419,de|fi|fr|ru|sv,de|fi|fr|ru|sv,3969.0,"{""de"": 2078, ""fi"": 1283, ""fr"": 2046, ""ru"": 3470, ""sv"": 830}",20250418,20260417,2026-08-07,ok,2,90,0.009272
640,Oliver Ekman-Larsson,Q1390668,cs|de|fi|fr|ru|sv,cs|de|fi|fr|ru|sv,27099.0,"{""cs"": 5114, ""de"": 5945, ""fi"": 5095, ""fr"": 3667, ""ru"": 13362, ""sv"": 39544}",20250418,20260417,2026-08-07,ok,11,4200,0.05775
641,Jake McCabe,Q16054878,de|fi|fr|ru|sv,de|fi|fr|ru|sv,4947.0,"{""de"": 2349, ""fi"": 2911, ""fr"": 1744, ""ru"": 3062, ""sv"": 2288}",20250418,20260417,2026-08-07,ok,2,194,0.015703
642,Philippe Myers,Q56658449,de|fi|fr|ru|sv,de|fi|fr|ru|sv,2780.0,"{""de"": 1125, ""fi"": 946, ""fr"": 1833, ""ru"": 2945, ""sv"": 673}",20250418,20260417,2026-08-07,ok,0,0,0.0
643,Morgan Rielly,Q552306,cs|de|fi|fr|ru|sv,cs|de|fi|fr|ru|sv,9248.0,"{""cs"": 3356, ""de"": 4269, ""fi"": 2226, ""fr"": 8740, ""ru"": 8918, ""sv"": 1348}",20250418,20260417,2026-08-07,ok,2,1413,0.048966
644,Troy Stecher,Q27571839,de|fi|fr|ru|sv,de|fi|fr|ru|sv,4388.0,"{""de"": 3649, ""fi"": 1648, ""fr"": 1474, ""ru"": 2978, ""sv"": 706}",20250418,20260417,2026-08-07,ok,0,0,0.0
645,Chris Tanev,Q1086998,de|fi|fr|ru|sv,de|fi|fr|ru|sv,8651.0,"{""de"": 4777, ""fi"": 3960, ""fr"": 4202, ""ru"": 11182, ""sv"": 1603}",20250418,20260417,2026-08-07,ok,9,1655,0.064337
646,Andrew Agozzino,Q4756183,de|ru|sv,de|sv,809.0,"{""de"": 1220, ""ru"": 0, ""sv"": 709}",20250418,20260417,2026-08-07,ok,1,79,0.040954
647,Daniil But,Q120067880,fi|fr|ru|sv,fi|fr|ru|sv,25828.0,"{""fi"": 440, ""fr"": 1214, ""ru"": 50755, ""sv"": 135}",20250418,20260417,2026-08-07,ok,2,534,0.010163
648,Michael Carcone,Q110304604,de|fr|sv,de|fr|sv,1253.0,"{""de"": 1472, ""fr"": 1129, ""sv"": 592}",20250418,20260417,2026-08-07,ok,2,87,0.027247
649,Logan Cooley,Q112967578,cs|de|fi|fr|ru|sv,cs|de|fi|fr|ru|sv,15640.0,"{""cs"": 3915, ""de"": 1013, ""fi"": 2453, ""fr"": 7910, ""ru"": 5329, ""sv"": 5170}",20250418,20260417,2026-08-07,ok,1,97,0.003761
650,Lawson Crouse,Q18763985,cs|de|fi|fr|ru|sv,cs|de|fi|fr|ru,4162.0,"{""cs"": 3, ""de"": 2076, ""fi"": 1614, ""fr"": 1611, ""ru"": 5693, ""sv"": 0}",20250418,20260417,2026-08-07,ok,5,699,0.063563
651,Dylan Guenther,Q108030630,cs|fi|fr|ru|sv,cs|fi|fr|ru|sv,5360.0,"{""cs"": 2706, ""fi"": 1536, ""fr"": 2706, ""ru"": 2635, ""sv"": 999}",20250418,20260417,2026-08-07,ok,1,67,0.006332
652,Barrett Hayton,Q51777580,de|fi|fr|ru|sv,de|fi|fr|ru|sv,5271.0,"{""de"": 2025, ""fi"": 1975, ""fr"": 2454, ""ru"": 5941, ""sv"": 761}",20250418,20260417,2026-08-07,ok,1,142,0.010794
653,Clayton Keller,Q22278556,cs|de|fi|fr|ru|sv,cs|de|fi|fr|ru|sv,21281.0,"{""cs"": 410, ""de"": 8509, ""fi"": 3971, ""fr"": 4681, ""ru"": 21520, ""sv"": 2149}",20250418,20260417,2026-08-07,ok,2,137,0.003322
654,Alexander Kerfoot,Q41455254,de|fi|fr|ru|sv,de|fi|fr|ru|sv,3434.0,"{""de"": 2765, ""fi"": 1573, ""fr"": 1460, ""ru"": 3531, ""sv"": 871}",20250418,20260417,2026-08-07,ok,5,289,0.028333
655,Jack McBain,Q110876482,cs|de|fi|ru|sv,cs|de|fi|ru|sv,2816.0,"{""cs"": 2073, ""de"": 1941, ""fi"": 944, ""ru"": 771, ""sv"": 794}",20250418,20260417,2026-08-07,ok,2,98,0.015024
656,Ben McCartney,Q109448153,sv,sv,191.0,"{""sv"": 591}",20250418,20260417,2026-08-07,ok,1,51,0.086294
657,Liam O'Brien,Q18228540,de|fi|fr|sv,de|fi|fr|sv,1874.0,"{""de"": 1736, ""fi"": 1541, ""fr"": 1355, ""sv"": 705}",20250418,20260417,2026-08-07,ok,1,160,0.029979
658,JJ Peterka,Q80808677,cs|de|fi|fr|ru|sv,cs|de|fi|fr|ru|sv,74738.0,"{""cs"": 15295, ""de"": 117726, ""fi"": 3875, ""fr"": 3348, ""ru"": 11933, ""sv"": 2349}",20250418,20260417,2026-08-07,ok,12,3501,0.022656
659,Kevin Rooney,Q28865575,de|fi|fr|ru|sv,de|fi|fr|ru|sv,3751.0,"{""de"": 1101, ""fi"": 1549, ""fr"": 1009, ""ru"": 7642, ""sv"": 535}",20250418,20260417,2026-08-07,ok,0,0,0.0
660,Nick Schmaltz,Q17180924,de|fi|fr|ru|sv,de|fi|fr|ru|sv,6246.0,"{""de"": 3115, ""fi"": 1682, ""fr"": 2005, ""ru"": 6972, ""sv"": 1143}",20250418,20260417,2026-08-07,ok,2,95,0.006369
661,Kevin Stenlund,Q20709999,de|fi|fr|sv,de|fi|fr|sv,4260.0,"{""de"": 905, ""fi"": 1338, ""fr"": 977, ""sv"": 9279}",20250418,20260417,2026-08-07,ok,0,0,0.0
662,Brandon Tanev,Q23918693,de|fi|fr|ru|sv,de|fi|fr|ru|sv,7627.0,"{""de"": 5247, ""fi"": 3505, ""fr"": 3674, ""ru"": 10187, ""sv"": 1353}",20250418,20260417,2026-08-07,ok,1,172,0.007177
663,Kailer Yamamoto,Q24827223,cs|de|fi|fr|ru|sv,cs|de|fi|fr|ru|sv,9640.0,"{""cs"": 1731, ""de"": 4916, ""fi"": 3013, ""fr"": 4829, ""ru"": 9054, ""sv"": 1278}",20250418,20260417,2026-08-07,ok,2,126,0.005076
664,Ian Cole,Q1655486,cs|de|fi|fr|ru|sv,cs|de|fi|fr|ru|sv,5005.0,"{""cs"": 3355, ""de"": 2233, ""fi"": 1551, ""fr"": 1863, ""ru"": 5396, ""sv"": 996}",20250418,20260417,2026-08-07,ok,1,137,0.0089
665,Nick DeSimone,Q115133336,sv,sv,273.0,"{""sv"": 555}",20250418,20260417,2026-08-07,ok,1,25,0.045045
666,Sean Durzi,Q109735832,fi|fr|sv,fi|fr|sv,1247.0,"{""fi"": 1105, ""fr"": 1346, ""sv"": 933}",20250418,20260417,2026-08-07,ok,0,0,0.0
667,Maveric Lamoureux,Q112967564,fi|fr|sv,fi|fr|sv,3537.0,"{""fi"": 509, ""fr"": 8002, ""sv"": 334}",20250418,20260417,2026-08-07,ok,0,0,0.0
668,John Marino,Q70152038,de|fi|fr|sv,de|fi|fr|sv,2058.0,"{""de"": 2558, ""fi"": 1049, ""fr"": 1298, ""sv"": 773}",20250418,20260417,2026-08-07,ok,0,0,0.0
669,Scott Perunovich,Q62082495,cs|fi|fr|sv,cs|fi|fr|sv,1520.0,"{""cs"": 1242, ""fi"": 1076, ""fr"": 1070, ""sv"": 425}",20250418,20260417,2026-08-07,ok,0,0,0.0
670,Nate Schmidt,Q15142783,de|fi|fr|ru|sv,de|fi|fr|ru|sv,9328.0,"{""de"": 3547, ""fi"": 2914, ""fr"": 2044, ""ru"": 6923, ""sv"": 826}",20250418,20260417,2026-08-07,ok,3,573,0.035253
671,Mikhail Sergachev,Q21622801,cs|de|fi|fr|ru|sv,de|fi|fr|ru|sv,56282.0,"{""cs"": 0, ""de"": 4271, ""fi"": 2451, ""fr"": 7168, ""ru"": 127344, ""sv"": 1475}",20250418,20260417,2026-08-07,ok,21,1656,0.011604
672,Dmitri Simashev,Q120067858,fi|fr|ru|sv,fi|fr|ru|sv,21631.0,"{""fi"": 516, ""fr"": 1868, ""ru"": 37253, ""sv"": 207}",20250418,20260417,2026-08-07,ok,5,385,0.009663
673,Maksymilian Szuber,Q111901366,de|ru|sv,de|ru|sv,8074.0,"{""de"": 15921, ""ru"": 813, ""sv"": 513}",20250418,20260417,2026-08-07,ok,4,547,0.031716
674,MacKenzie Weegar,Q29246743,cs|de|fi|fr|ru|sv,cs|de|fi|fr|ru|sv,7017.0,"{""cs"": 1824, ""de"": 2794, ""fi"": 2203, ""fr"": 2873, ""ru"": 5531, ""sv"": 1139}",20250418,20260417,2026-08-07,ok,5,531,0.032449
675,Nils Aman,Q100251382,fr|sv,fr|sv,1249.0,"{""fr"": 876, ""sv"": 2452}",20250418,20260417,2026-08-07,ok,1,126,0.037861
676,Teddy Blueger,Q15407916,cs|de|fi|fr|ru|sv,cs|de|fi|fr|ru|sv,7880.0,"{""cs"": 1816, ""de"": 2836, ""fi"": 2354, ""fr"": 1585, ""ru"": 10100, ""sv"": 1259}",20250418,20260417,2026-08-07,ok,18,10504,0.526516
677,Brock Boeser,Q20090315,de|fi|fr|ru|sv,de|fi|fr|ru|sv,7349.0,"{""de"": 4602, ""fi"": 2280, ""fr"": 3480, ""ru"": 9135, ""sv"": 1303}",20250418,20260417,2026-08-07,ok,3,305,0.014663
678,Filip Chytil,Q30582528,cs|de|fi|fr|ru|sv,cs|de|fi|fr|ru|sv,12300.0,"{""cs"": 19214, ""de"": 2615, ""fi"": 2284, ""fr"": 1540, ""ru"": 6216, ""sv"": 1047}",20250418,20260417,2026-08-07,ok,3,240,0.007291
679,Jake DeBrusk,Q20536540,cs|de|fi|fr|ru|sv,cs|de|fi|fr|ru|sv,5742.0,"{""cs"": 2381, ""de"": 3648, ""fi"": 1624, ""fr"": 3152, ""ru"": 5803, ""sv"": 1121}",20250418,20260417,2026-08-07,ok,4,432,0.024367
680,Curtis Douglas,Q136470461,sv,sv,317.0,"{""sv"": 317}",20250418,20260417,2026-08-07,ok,0,0,0.0
681,Nils Hoglander,Q54828774,de|fi|fr|sv,de|fi|fr|sv,4462.0,"{""de"": 1973, ""fi"": 1464, ""fr"": 967, ""sv"": 9683}",20250418,20260417,2026-08-07,ok,3,214,0.015191
682,Evander Kane,Q976515,cs|de|fi|fr|ru|sv,cs|de|fi|fr|ru|sv,26870.0,"{""cs"": 3668, ""de"": 14147, ""fi"": 6883, ""fr"": 11252, ""ru"": 17242, ""sv"": 3188}",20250418,20260417,2026-08-07,ok,2,1062,0.018836
683,Linus Karlsson,Q55364020,sv,sv,2171.0,"{""sv"": 4194}",20250418,20260417,2026-08-07,ok,0,0,0.0
684,Drew O'Connor,Q105083026,cs|fi|fr|sv,cs|fi|fr|sv,1619.0,"{""cs"": 81, ""fi"": 908, ""fr"": 1184, ""sv"": 597}",20250418,20260417,2026-08-07,ok,1,266,0.096029
685,Liam Ohgren,Q112960703,fi|fr|sv,fi|fr|sv,4646.0,"{""fi"": 718, ""fr"": 1491, ""sv"": 12255}",20250418,20260417,2026-08-07,ok,1,1093,0.075567
686,Elias Pettersson,Q28057083,cs|de|fi|fr|ru|sv,cs|de|fi|fr|ru|sv,36948.0,"{""cs"": 3511, ""de"": 7661, ""fi"": 9693, ""fr"": 6975, ""ru"": 20818, ""sv"": 45649}",20250418,20260417,2026-08-07,ok,6,19883,0.210833
687,Aatu Räty,Q70335876,fi|sv,fi|sv,7698.0,"{""fi"": 15337, ""sv"": 870}",20250418,20260417,2026-08-07,ok,0,0,0.0
688,Marco Rossi,Q44086008,de|fi|fr|ru|sv,de|fi|fr|ru|sv,20577.0,"{""de"": 34960, ""fi"": 3112, ""fr"": 3053, ""ru"": 3759, ""sv"": 1375}",20250418,20260417,2026-08-07,ok,0,0,0.0
689,Max Sasson,Q131316613,fi|sv,sv,222.0,"{""fi"": 0, ""sv"": 379}",20250418,20260417,2026-08-07,ok,0,0,0.0
690,Zeev Buium,Q124098765,cs|fi|fr|ru|sv,cs|fi|fr|ru|sv,6896.0,"{""cs"": 83, ""fi"": 1734, ""fr"": 3981, ""ru"": 1193, ""sv"": 989}",20250418,20260417,2026-08-07,ok,3,284,0.035589
691,Derek Forbort,Q3023724,de|fi|fr|sv,de|fi|fr|sv,1510.0,"{""de"": 1462, ""fi"": 823, ""fr"": 1179, ""sv"": 617}",20250418,20260417,2026-08-07,ok,1,66,0.016173
692,Filip Hronek,Q20057354,cs|de|fi|fr|ru|sv,cs|de|fi|fr|ru|sv,23769.0,"{""cs"": 32999, ""de"": 3118, ""fi"": 1729, ""fr"": 1646, ""ru"": 6064, ""sv"": 1102}",20250418,20260417,2026-08-07,ok,2,382,0.008187
693,Pierre-Olivier Joseph,Q30596054,de|fi|fr|ru|sv,de|fi|fr|ru|sv,5227.0,"{""de"": 1736, ""fi"": 912, ""fr"": 9625, ""ru"": 3676, ""sv"": 913}",20250418,20260417,2026-08-07,ok,0,0,0.0
694,Victor Mancini,Q130470301,fi|sv,fi|sv,729.0,"{""fi"": 766, ""sv"": 459}",20250418,20260417,2026-08-07,ok,0,0,0.0
695,Elias Pettersson,Q28057083,cs|de|fi|fr|ru|sv,cs|de|fi|fr|ru|sv,36948.0,"{""cs"": 3511, ""de"": 7661, ""fi"": 9693, ""fr"": 6975, ""ru"": 20818, ""sv"": 45649}",20250418,20260417,2026-08-07,ok,6,19883,0.210833
696,Marcus Pettersson,Q16224651,de|fi|fr|ru|sv,de|fi|fr|ru|sv,7296.0,"{""de"": 2916, ""fi"": 1921, ""fr"": 1601, ""ru"": 1929, ""sv"": 8395}",20250418,20260417,2026-08-07,ok,2,294,0.01754
697,Tom Willander,Q119997633,cs|fi|fr|sv,fi|fr|sv,2040.0,"{""cs"": 0, ""fi"": 302, ""fr"": 302, ""sv"": 1436}",20250418,20260417,2026-08-07,ok,0,0,0.0
698,Ivan Barbashev,Q16147074,cs|de|fi|fr|ru|sv,cs|de|fi|fr|ru|sv,28290.0,"{""cs"": 2404, ""de"": 2953, ""fi"": 2129, ""fr"": 2071, ""ru"": 74490, ""sv"": 1085}",20250418,20260417,2026-08-07,ok,18,4310,0.050627
699,Braeden Bowman,Q136785645,fi|sv,fi|sv,239.0,"{""fi"": 85, ""sv"": 154}",20250418,20260417,2026-08-07,ok,0,0,0.0
700,Pavel Dorofeyev,Q60677539,fi|fr|ru|sv,fi|fr|ru|sv,40293.0,"{""fi"": 1898, ""fr"": 1559, ""ru"": 73180, ""sv"": 663}",20250418,20260417,2026-08-07,ok,3,311,0.004023
701,Nic Dowd,Q16228586,de|fi|fr|ru|sv,de|fi|fr|ru|sv,5200.0,"{""de"": 1441, ""fi"": 1086, ""fr"": 1281, ""ru"": 7718, ""sv"": 621}",20250418,20260417,2026-08-07,ok,2,257,0.021157
702,Jack Eichel,Q17285387,cs|de|fi|fr|ru|sv,cs|de|fi|fr|ru|sv,39763.0,"{""cs"": 6384, ""de"": 18526, ""fi"": 8823, ""fr"": 9688, ""ru"": 31742, ""sv"": 3683}",20250418,20260417,2026-08-07,ok,9,4692,0.059508
703,Tomas Hertl,Q2257856,cs|de|fi|fr|ru|sv,cs|de|fi|fr|ru|sv,34636.0,"{""cs"": 56493, ""de"": 5537, ""fi"": 3475, ""fr"": 3215, ""ru"": 10877, ""sv"": 1663}",20250418,20260417,2026-08-07,ok,9,2661,0.032747
704,Alexander Holtz,Q63375795,fi|fr|sv,fi|fr|sv,11690.0,"{""fi"": 2094, ""fr"": 1614, ""sv"": 25694}",20250418,20260417,2026-08-07,ok,0,0,0.0
705,Brett Howden,Q24805730,cs|de|fi|fr|sv,cs|de|fi|fr|sv,2290.0,"{""cs"": 1, ""de"": 1425, ""fi"": 1575, ""fr"": 1552, ""sv"": 652}",20250418,20260417,2026-08-07,ok,0,0,0.0
706,William Karlsson,Q2577203,cs|de|fi|fr|ru|sv,cs|de|fi|fr|ru|sv,23018.0,"{""cs"": 2929, ""de"": 3846, ""fi"": 3408, ""fr"": 2503, ""ru"": 9558, ""sv"": 26722}",20250418,20260417,2026-08-07,ok,3,517,0.010558
707,Keegan Kolesar,Q81764726,de|fi|fr|sv,de|fi|fr|sv,1935.0,"{""de"": 1273, ""fi"": 1103, ""fr"": 1385, ""sv"": 874}",20250418,20260417,2026-08-07,ok,0,0,0.0
708,Tanner Laczynski,Q106359276,sv,sv,188.0,"{""sv"": 397}",20250418,20260417,2026-08-07,ok,0,0,0.0
709,Raphael Lavoie,Q98744669,fi|sv,fi|sv,2245.0,"{""fi"": 1649, ""sv"": 4562}",20250418,20260417,2026-08-07,ok,2,525,0.084527
710,Mitch Marner,Q19896071,cs|de|fi|fr|ru|sv,cs|de|fi|fr|ru|sv,55456.0,"{""cs"": 567, ""de"": 14862, ""fi"": 9099, ""fr"": 23327, ""ru"": 37698, ""sv"": 5176}",20250418,20260417,2026-08-07,ok,10,4934,0.054382
711,Jonas Rondbjerg,Q23845870,fi|ru|sv,fi|ru|sv,2329.0,"{""fi"": 1046, ""ru"": 2695, ""sv"": 929}",20250418,20260417,2026-08-07,ok,6,173,0.037045
712,Brandon Saad,Q389490,cs|de|fi|fr|ru|sv,cs|de|fi|fr|ru|sv,7682.0,"{""cs"": 3581, ""de"": 2683, ""fi"": 2622, ""fr"": 3208, ""ru"": 8903, ""sv"": 1077}",20250418,20260417,2026-08-07,ok,1,763,0.034566
713,Colton Sissons,Q15705565,de|fi|fr|ru|sv,de|fi|fr|ru|sv,3078.0,"{""de"": 1594, ""fi"": 1968, ""fr"": 1190, ""ru"": 2877, ""sv"": 1170}",20250418,20260417,2026-08-07,ok,3,218,0.024776
714,Cole Smith,Q104828654,ru|sv,ru|sv,1056.0,"{""ru"": 1936, ""sv"": 650}",20250418,20260417,2026-08-07,ok,2,117,0.045244
715,Reilly Smith,Q4588453,de|fi|fr|ru|sv,de|fi|fr|ru|sv,9508.0,"{""de"": 4732, ""fi"": 1898, ""fr"": 2679, ""ru"": 10812, ""sv"": 1137}",20250418,20260417,2026-08-07,ok,5,1403,0.065999
716,Mark Stone,Q473524,cs|de|fi|fr|ru|sv,cs|de|fi|fr|ru|sv,21370.0,"{""cs"": 6465, ""de"": 7639, ""fi"": 7495, ""fr"": 6777, ""ru"": 6131, ""sv"": 2632}",20250418,20260417,2026-08-07,ok,0,0,0.0
717,Kai Uchacz,Q138013097,sv,sv,128.0,"{""sv"": 128}",20250418,20260417,2026-08-07,ok,0,0,0.0
718,Rasmus Andersson,Q16150336,de|fi|fr|ru|sv,de|fi|fr|ru|sv,21228.0,"{""de"": 3072, ""fi"": 3099, ""fr"": 2528, ""ru"": 1360, ""sv"": 20680}",20250418,20260417,2026-08-07,ok,1,16440,0.534825
719,Dylan Coghlan,Q105332801,fi|fr|sv,fi|fr|sv,686.0,"{""fi"": 1038, ""fr"": 682, ""sv"": 320}",20250418,20260417,2026-08-07,ok,0,0,0.0
720,Jeremy Davies,Q105844188,ru|sv,ru|sv,818.0,"{""ru"": 1553, ""sv"": 521}",20250418,20260417,2026-08-07,ok,4,430,0.207329
721,Noah Hanifin,Q17386014,cs|de|fi|fr|ru|sv,cs|de|fi|fr|ru|sv,10543.0,"{""cs"": 1807, ""de"": 4045, ""fi"": 2706, ""fr"": 3186, ""ru"": 9551, ""sv"": 1601}",20250418,20260417,2026-08-07,ok,4,230,0.010045
722,Ben Hutton,Q16229096,de|fi|fr|ru|sv,de|fi|fr|ru|sv,2338.0,"{""de"": 1435, ""fi"": 917, ""fr"": 1164, ""ru"": 1972, ""sv"": 583}",20250418,20260417,2026-08-07,ok,1,139,0.022896
723,Kaedan Korczak,Q104591090,fi|fr|sv,fi|fr|sv,604.0,"{""fi"": 97, ""fr"": 672, ""sv"": 421}",20250418,20260417,2026-08-07,ok,0,0,0.0
724,Jeremy Lauzon,Q58002269,de|fi|fr|sv,de|fi|fr|sv,3466.0,"{""de"": 1393, ""fi"": 1499, ""fr"": 4636, ""sv"": 777}",20250418,20260417,2026-08-07,ok,4,797,0.095966
725,Brayden McNabb,Q944469,de|fi|fr|ru|sv,de|fi|fr|ru|sv,3942.0,"{""de"": 1535, ""fi"": 1419, ""fr"": 1150, ""ru"": 5112, ""sv"": 770}",20250418,20260417,2026-08-07,ok,6,500,0.05007
726,Jaycob Megna,Q16229748,cs|de|fi|fr|sv,cs|de|fi|fr|sv,1939.0,"{""cs"": 1015, ""de"": 1327, ""fi"": 1163, ""fr"": 843, ""sv"": 822}",20250418,20260417,2026-08-07,ok,0,0,0.0
727,Shea Theodore,Q13581460,cs|de|fi|fr|ru|sv,cs|de|fi|fr|ru|sv,13017.0,"{""cs"": 2441, ""de"": 3469, ""fi"": 2997, ""fr"": 4972, ""ru"": 9074, ""sv"": 1129}",20250418,20260417,2026-08-07,ok,3,734,0.030479
728,Anthony Beauvillier,Q20065960,de|fi|fr|ru|sv,de|fi|fr|ru|sv,15644.0,"{""de"": 2607, ""fi"": 1788, ""fr"": 15377, ""ru"": 7621, ""sv"": 894}",20250418,20260417,2026-08-07,ok,4,247,0.008732
729,Pierre-Luc Dubois,Q21621212,cs|de|fi|fr|ru|sv,cs|de|fi|fr|ru|sv,23196.0,"{""cs"": 4221, ""de"": 6162, ""fi"": 5452, ""fr"": 20483, ""ru"": 28809, ""sv"": 1579}",20250418,20260417,2026-08-07,ok,2,179,0.002683
730,Brandon Duhaime,Q108913705,fi|fr|ru|sv,fi|fr|sv,5335.0,"{""fi"": 1340, ""fr"": 6367, ""ru"": 0, ""sv"": 917}",20250418,20260417,2026-08-07,ok,1,0,0.0
731,Ethen Frank,Q113415535,fi|ru|sv,fi|sv,435.0,"{""fi"": 115, ""ru"": 0, ""sv"": 433}",20250418,20260417,2026-08-07,ok,0,0,0.0
732,David Kampf,Q16229225,cs|de|fi|fr|ru|sv,cs|de|fi|fr|ru|sv,26600.0,"{""cs"": 44070, ""de"": 8132, ""fi"": 1546, ""fr"": 1963, ""ru"": 5439, ""sv"": 1352}",20250418,20260417,2026-08-07,ok,6,5558,0.088925
733,Hendrix Lapierre,Q100150917,fi|fr|sv,fi|fr|sv,2353.0,"{""fi"": 808, ""fr"": 5692, ""sv"": 532}",20250418,20260417,2026-08-07,ok,0,0,0.0
734,Ryan Leonard,Q120056851,fi|fr|ru|sv,fi|fr|ru|sv,12079.0,"{""fi"": 2573, ""fr"": 3947, ""ru"": 15023, ""sv"": 530}",20250418,20260417,2026-08-07,ok,1,279,0.01264
735,Connor McMichael,Q64781753,fi|fr|ru|sv,fi|fr|ru|sv,5120.0,"{""fi"": 1300, ""fr"": 1688, ""ru"": 11339, ""sv"": 594}",20250418,20260417,2026-08-07,ok,1,41,0.002748
736,Ivan Miroshnichenko,Q81905462,cs|fi|fr|ru|sv,cs|fi|fr|ru|sv,21844.0,"{""cs"": 555, ""fi"": 707, ""fr"": 1381, ""ru"": 65370, ""sv"": 568}",20250418,20260417,2026-08-07,ok,2,93,0.001356
737,Alex Ovechkin,Q311374,cs|de|fi|fr|ru|sk|sv,cs|de|fi|fr|ru|sk|sv,1348305.0,"{""cs"": 127753, ""de"": 219998, ""fi"": 95055, ""fr"": 141202, ""ru"": 4438033, ""sk"": 54754, ""sv"": 62715}",20250418,20260417,2026-08-07,ok,40,69875,0.013596
738,Aliaksei Protas,Q105949105,de|fi|ru|sv,de|fi|ru|sv,53455.0,"{""de"": 3407, ""fi"": 2717, ""ru"": 141377, ""sv"": 1198}",20250418,20260417,2026-08-07,ok,7,460,0.003093
739,Ilya Protas,Q126951602,fi|ru|sv,fi|ru|sv,790.0,"{""fi"": 110, ""ru"": 575, ""sv"": 105}",20250418,20260417,2026-08-07,ok,2,12,0.01519
740,Justin Sourdif,Q123091694,fi|ru|sv,fi|sv,1903.0,"{""fi"": 75, ""ru"": 0, ""sv"": 4462}",20250418,20260417,2026-08-07,ok,0,0,0.0
741,Dylan Strome,Q17388804,cs|de|fi|fr|ru|sv,cs|de|fi|fr|ru|sv,16280.0,"{""cs"": 2283, ""de"": 4136, ""fi"": 2819, ""fr"": 4534, ""ru"": 31202, ""sv"": 1047}",20250418,20260417,2026-08-07,ok,2,3576,0.077704
742,Tom Wilson,Q542781,cs|de|fi|fr|ru|sv,cs|de|fi|fr|ru|sv,55350.0,"{""cs"": 5564, ""de"": 8961, ""fi"": 7409, ""fr"": 22743, ""ru"": 42013, ""sv"": 2903}",20250418,20260417,2026-08-07,ok,3,1197,0.01336
743,Declan Chisholm,Q110552291,fr|sv,fr|sv,564.0,"{""fr"": 698, ""sv"": 478}",20250418,20260417,2026-08-07,ok,0,0,0.0
744,Jakob Chychrun,Q16240150,de|fi|fr|ru|sv,de|fi|fr|ru|sv,14108.0,"{""de"": 4119, ""fi"": 2422, ""fr"": 5256, ""ru"": 19724, ""sv"": 1497}",20250418,20260417,2026-08-07,ok,1,140,0.00424
745,Martin Fehérváry,Q22116861,cs|de|fi|fr|ru|sk|sv,cs|de|fi|fr|ru|sk|sv,22407.0,"{""cs"": 6549, ""de"": 831, ""fi"": 1582, ""fr"": 1326, ""ru"": 9568, ""sk"": 26670, ""sv"": 1241}",20250418,20260417,2026-08-07,ok,1,22,0.000461
746,Cole Hutson,Q126855093,fi|ru|sv,fi|sv,302.0,"{""fi"": 213, ""ru"": 0, ""sv"": 89}",20250418,20260417,2026-08-07,ok,1,0,0.0
747,Timothy Liljegren,Q22959336,de|fi|fr|ru|sv,de|fi|fr|ru|sv,7062.0,"{""de"": 2959, ""fi"": 1464, ""fr"": 1477, ""ru"": 3740, ""sv"": 8110}",20250418,20260417,2026-08-07,ok,3,184,0.010366
748,Dylan McIlrath,Q980125,de|fi|fr|ru|sv,de|fi|fr|sv,1592.0,"{""de"": 1529, ""fi"": 1083, ""fr"": 1540, ""ru"": 0, ""sv"": 1046}",20250418,20260417,2026-08-07,ok,0,0,0.0
749,Matt Roy,Q61750232,de|fi|fr|ru|sv,de|fi|fr|ru|sv,4986.0,"{""de"": 1296, ""fi"": 937, ""fr"": 2547, ""ru"": 7115, ""sv"": 579}",20250418,20260417,2026-08-07,ok,2,502,0.040244
750,Rasmus Sandin,Q43177791,cs|de|fi|fr|ru|sv,cs|de|fi|fr|sv,10529.0,"{""cs"": 1643, ""de"": 1781, ""fi"": 2202, ""fr"": 1619, ""ru"": 0, ""sv"": 11822}",20250418,20260417,2026-08-07,ok,1,0,0.0
751,Trevor van Riemsdyk,Q16225498,cs|de|fi|fr|ru|sv,cs|de|fi|fr|ru|sv,6008.0,"{""cs"": 1791, ""de"": 1875, ""fi"": 2539, ""fr"": 1904, ""ru"": 8793, ""sv"": 905}",20250418,20260417,2026-08-07,ok,6,672,0.037738
752,Morgan Barron,Q98099029,fi|fr|sv,fi|fr|sv,1346.0,"{""fi"": 931, ""fr"": 2764, ""sv"": 530}",20250418,20260417,2026-08-07,ok,0,0,0.0
753,Nikita Chibrikov,Q107691526,fr|ru|sv,fr|ru|sv,7631.0,"{""fr"": 630, ""ru"": 23773, ""sv"": 384}",20250418,20260417,2026-08-07,ok,4,399,0.016097
754,Kyle Connor,Q20067704,cs|de|fi|fr|ru|sv,cs|de|fi|fr|ru|sv,13665.0,"{""cs"": 2836, ""de"": 4112, ""fi"": 2998, ""fr"": 4435, ""ru"": 12076, ""sv"": 1250}",20250418,20260417,2026-08-07,ok,2,286,0.010322
755,Alex Iafallo,Q41719381,de|fi|fr|ru|sv,de|fi|fr|ru|sv,3122.0,"{""de"": 1626, ""fi"": 1170, ""fr"": 1357, ""ru"": 3135, ""sv"": 648}",20250418,20260417,2026-08-07,ok,5,329,0.041457
756,Cole Koepke,Q108527818,sv,sv,256.0,"{""sv"": 562}",20250418,20260417,2026-08-07,ok,0,0,0.0
757,Adam Lowry,Q4679424,de|fi|fr|ru|sv,de|fi|fr|ru|sv,7335.0,"{""de"": 4748, ""fi"": 2084, ""fr"": 2918, ""ru"": 7099, ""sv"": 958}",20250418,20260417,2026-08-07,ok,1,167,0.009378
758,Vladislav Namestnikov,Q1339462,cs|de|fi|fr|ru|sv,cs|de|fi|fr|ru|sv,20729.0,"{""cs"": 1785, ""de"": 2891, ""fi"": 1771, ""fr"": 1891, ""ru"": 49381, ""sv"": 842}",20250418,20260417,2026-08-07,ok,6,1136,0.019399
759,Nino Niederreiter,Q688768,cs|de|fi|fr|ru|sk|sv,cs|de|fi|fr|ru|sk|sv,47585.0,"{""cs"": 8834, ""de"": 53599, ""fi"": 5982, ""fr"": 9250, ""ru"": 13635, ""sk"": 2038, ""sv"": 1904}",20250418,20260417,2026-08-07,ok,2,418,0.004389
760,Gustav Nyquist,Q128328,cs|de|fi|fr|ru|sk|sv,cs|de|fi|fr|ru|sk|sv,9634.0,"{""cs"": 2023, ""de"": 3023, ""fi"": 3018, ""fr"": 2311, ""ru"": 7730, ""sk"": 1179, ""sv"": 7156}",20250418,20260417,2026-08-07,ok,3,476,0.018003
761,Cole Perfetti,Q99744352,cs|de|fi|fr|ru|sv,de|fi|fr|ru|sv,4537.0,"{""cs"": 0, ""de"": 1758, ""fi"": 1274, ""fr"": 2482, ""ru"": 2174, ""sv"": 748}",20250418,20260417,2026-08-07,ok,0,0,0.0
762,Isak Rosen,Q107629898,fi|fr|sv,fi|fr|sv,2160.0,"{""fi"": 512, ""fr"": 770, ""sv"": 2501}",20250418,20260417,2026-08-07,ok,0,0,0.0
763,Mark Scheifele,Q982252,cs|de|fi|fr|ru|sv,cs|de|fi|fr|ru|sv,20352.0,"{""cs"": 2748, ""de"": 8729, ""fi"": 4164, ""fr"": 7467, ""ru"": 15227, ""sv"": 1637}",20250418,20260417,2026-08-07,ok,3,528,0.013209
764,Jonathan Toews,Q528240,cs|de|fi|fr|ru|sk|sv,cs|de|fi|fr|ru|sk|sv,71708.0,"{""cs"": 10445, ""de"": 21973, ""fi"": 16227, ""fr"": 35187, ""ru"": 55973, ""sk"": 5748, ""sv"": 6558}",20250418,20260417,2026-08-07,ok,4,4770,0.031359
765,Gabriel Vilardi,Q26251709,cs|de|fi|fr|ru|sv,cs|de|fi|fr|ru|sv,4476.0,"{""cs"": 1, ""de"": 2066, ""fi"": 2145, ""fr"": 2115, ""ru"": 5009, ""sv"": 774}",20250418,20260417,2026-08-07,ok,4,533,0.044013
766,Jacob Bryson,Q105659049,fi|fr|sv,fi|fr|sv,918.0,"{""fi"": 766, ""fr"": 780, ""sv"": 470}",20250418,20260417,2026-08-07,ok,0,0,0.0
767,Dylan DeMelo,Q15727578,de|fi|fr|ru|sv,de|fi|fr|ru|sv,2861.0,"{""de"": 1190, ""fi"": 1105, ""fr"": 1521, ""ru"": 2648, ""sv"": 793}",20250418,20260417,2026-08-07,ok,3,224,0.030867
768,Haydn Fleury,Q16228754,cs|de|fi|fr|ru|sv,cs|de|fi|fr|ru|sv,6925.0,"{""cs"": 1602, ""de"": 2462, ""fi"": 2135, ""fr"": 3185, ""ru"": 4787, ""sv"": 1361}",20250418,20260417,2026-08-07,ok,4,332,0.021375
769,Ville Heinola,Q56402321,cs|fi|fr|sv,cs|fi|fr|sv,5544.0,"{""cs"": 1170, ""fi"": 10812, ""fr"": 963, ""sv"": 619}",20250418,20260417,2026-08-07,ok,0,0,0.0
771,Josh Morrissey,Q13581454,cs|de|fi|fr|ru|sv,cs|de|fi|fr|ru|sv,7806.0,"{""cs"": 218, ""de"": 3042, ""fi"": 2244, ""fr"": 2899, ""ru"": 6361, ""sv"": 861}",20250418,20260417,2026-08-07,ok,6,552,0.035328
772,Neal Pionk,Q48568980,de|fi|fr|ru|sv,de|fi|fr|ru|sv,3193.0,"{""de"": 1363, ""fi"": 1247, ""fr"": 1258, ""ru"": 2833, ""sv"": 783}",20250418,20260417,2026-08-07,ok,3,295,0.039417
773,Elias Salomonsson,Q112998981,fi|sv,fi|sv,1144.0,"{""fi"": 150, ""sv"": 4757}",20250418,20260417,2026-08-07,ok,0,0,0.0
774,Dylan Samberg,Q110552007,fi|fr|ru|sv,fi|fr|ru|sv,1983.0,"{""fi"": 1016, ""fr"": 842, ""ru"": 1283, ""sv"": 721}",20250418,20260417,2026-08-07,ok,1,70,0.018125
775,Adam Ruzicka,Q28057079,cs|de|fi|fr|ru|sk|sv,cs|de|fi|fr|ru|sk|sv,46637.0,"{""cs"": 184, ""de"": 2000, ""fi"": 2857, ""fr"": 1695, ""ru"": 57919, ""sk"": 28388, ""sv"": 1111}",20250418,20260417,2026-08-07,ok,7,906,0.009623
776,Akil Thomas,Q47493126,fi|ru|sv,fi|ru|sv,1906.0,"{""fi"": 1469, ""ru"": 3128, ""sv"": 376}",20250418,20260417,2026-08-07,ok,2,80,0.016087
777,Alec Martinez,Q503722,cs|de|fi|fr|ru|sv,cs|de|fi|fr|ru|sv,5646.0,"{""cs"": 2011, ""de"": 2676, ""fi"": 2820, ""fr"": 1991, ""ru"": 7638, ""sv"": 1054}",20250418,20260417,2026-08-07,ok,2,319,0.017537
778,Alec Regula,Q106759489,fi|sv,fi|sv,613.0,"{""fi"": 1052, ""sv"": 410}",20250418,20260417,2026-08-07,ok,0,0,0.0
779,Alex Barré-Boulet,Q63248063,fr|sv,fr|sv,3066.0,"{""fr"": 9736, ""sv"": 579}",20250418,20260417,2026-08-07,ok,1,30,0.002908
780,Alex Goligoski,Q1390408,de|fi|fr|ru|sv,de|fi|fr|ru|sv,2773.0,"{""de"": 1693, ""fi"": 1220, ""fr"": 1545, ""ru"": 3940, ""sv"": 731}",20250418,20260417,2026-08-07,ok,4,849,0.093
781,Alex Pietrangelo,Q860744,cs|de|fi|fr|ru|sv,cs|de|fi|fr|ru|sv,13145.0,"{""cs"": 3368, ""de"": 4026, ""fi"": 3594, ""fr"": 4858, ""ru"": 16114, ""sv"": 1828}",20250418,20260417,2026-08-07,ok,8,4233,0.125281
782,Alexander Alexeyev,Q55215490,fi|fr|ru|sv,fi|fr|ru|sv,20265.0,"{""fi"": 984, ""fr"": 1480, ""ru"": 48036, ""sv"": 993}",20250418,20260417,2026-08-07,ok,4,346,0.006719
783,Alexander Barabanov,Q16273208,cs|de|fi|fr|ru|sv,cs|de|fi|fr|ru|sv,27181.0,"{""cs"": 1923, ""de"": 1648, ""fi"": 1688, ""fr"": 1265, ""ru"": 74422, ""sv"": 680}",20250418,20260417,2026-08-07,ok,6,448,0.005488
784,Alex Nylander,Q21622248,cs|de|fi|fr|sv,cs|de|fi|fr|sv,24629.0,"{""cs"": 5299, ""de"": 6849, ""fi"": 6116, ""fr"": 5354, ""sv"": 33929}",20250418,20260417,2026-08-07,ok,4,393,0.006829
785,Andreas Athanasiou,Q4755367,de|fi|fr|ru|sv,de|fi|fr|ru|sv,4341.0,"{""de"": 2463, ""fi"": 1231, ""fr"": 2108, ""ru"": 4746, ""sv"": 882}",20250418,20260417,2026-08-07,ok,2,347,0.030359
786,Andreas Englund,Q18352180,de|fi|sv,de|fi|sv,2570.0,"{""de"": 1475, ""fi"": 1406, ""sv"": 4649}",20250418,20260417,2026-08-07,ok,0,0,0.0
787,Andrew Cogliano,Q504116,de|fi|fr|ru|sv,de|fi|fr|ru|sv,3546.0,"{""de"": 2017, ""fi"": 1825, ""fr"": 1881, ""ru"": 5063, ""sv"": 1147}",20250418,20260417,2026-08-07,ok,4,326,0.027319
788,Arshdeep Bains,Q112078060,sv,sv,289.0,"{""sv"": 600}",20250418,20260417,2026-08-07,ok,0,0,0.0
789,Austin Czarnik,Q16228484,de|fi|fr|sv,de|fi|fr|sv,6249.0,"{""de"": 6854, ""fi"": 1171, ""fr"": 4084, ""sv"": 607}",20250418,20260417,2026-08-07,ok,0,0,0.0
790,Austin Watson,Q522998,de|fi|fr|ru|sv,de|fi|fr|ru|sv,2862.0,"{""de"": 1888, ""fi"": 1818, ""fr"": 1187, ""ru"": 3251, ""sv"": 958}",20250418,20260417,2026-08-07,ok,1,258,0.028345
791,Axel Jonsson-Fjallby,Q28059246,fi|fr|sv,fi|fr|sv,8786.0,"{""fi"": 1155, ""fr"": 640, ""sv"": 11103}",20250418,20260417,2026-08-07,ok,1,326,0.025275
792,Axel Sandin-Pellikka,Q116206132,fi|fr|ru|sv,fi|fr|ru|sv,20176.0,"{""fi"": 36422, ""fr"": 1899, ""ru"": 784, ""sv"": 59058}",20250418,20260417,2026-08-07,ok,2,138,0.001406
793,Blake Wheeler,Q881297,cs|de|fi|fr|ru|sv,cs|de|fi|fr|ru|sv,8089.0,"{""cs"": 2601, ""de"": 5291, ""fi"": 5014, ""fr"": 3206, ""ru"": 9313, ""sv"": 1709}",20250418,20260417,2026-08-07,ok,2,373,0.013747
794,Boris Katchouk,Q61103575,de|fi|fr|sv,de|fi|fr|sv,1939.0,"{""de"": 1505, ""fi"": 1554, ""fr"": 1623, ""sv"": 778}",20250418,20260417,2026-08-07,ok,1,67,0.012271
795,Brad Lambert,Q65230066,fi|fr|sv,fi|fr|sv,9477.0,"{""fi"": 16939, ""fr"": 2111, ""sv"": 878}",20250418,20260417,2026-08-07,ok,0,0,0.0
796,Brendan Gaunce,Q2924423,de|fi|fr|sv,de|fi|fr|sv,1800.0,"{""de"": 1036, ""fi"": 2596, ""fr"": 982, ""sv"": 507}",20250418,20260417,2026-08-07,ok,0,0,0.0
797,Brendan Lemieux,Q17180731,cs|de|fi|fr|sv,cs|de|fi|fr|sv,19296.0,"{""cs"": 3280, ""de"": 21740, ""fi"": 3178, ""fr"": 9165, ""sv"": 1864}",20250418,20260417,2026-08-07,ok,0,0,0.0
798,Brennan Othmann,Q107650055,fi|fr|sv,fi|fr|sv,2669.0,"{""fi"": 554, ""fr"": 1504, ""sv"": 3958}",20250418,20260417,2026-08-07,ok,0,0,0.0
799,Brett Berard,Q130526958,fi|fr|sv,fi|sv,701.0,"{""fi"": 740, ""fr"": 0, ""sv"": 443}",20250418,20260417,2026-08-07,ok,0,0,0.0
800,Brett Leason,Q109335498,fi|sv,fi|sv,707.0,"{""fi"": 922, ""sv"": 803}",20250418,20260417,2026-08-07,ok,0,0,0.0
801,Brock McGinn,Q21162285,de|fi|fr|sv,de|fi|fr|sv,1505.0,"{""de"": 1253, ""fi"": 1304, ""fr"": 886, ""sv"": 522}",20250418,20260417,2026-08-07,ok,0,0,0.0
802,Cal Clutterbuck,Q942250,cs|de|fi|fr|ru|sv,cs|de|fi|fr|ru|sv,5931.0,"{""cs"": 1639, ""de"": 3212, ""fi"": 1709, ""fr"": 2041, ""ru"": 8460, ""sv"": 765}",20250418,20260417,2026-08-07,ok,3,343,0.019242
803,Caleb Jones,Q21683921,de|fi|fr|sv,de|fi|fr|sv,2643.0,"{""de"": 1712, ""fi"": 1626, ""fr"": 1896, ""sv"": 691}",20250418,20260417,2026-08-07,ok,0,0,0.0
804,Calen Addison,Q80674290,fi|sv,fi|sv,521.0,"{""fi"": 832, ""sv"": 718}",20250418,20260417,2026-08-07,ok,0,0,0.0
805,Calum Ritchie,Q120068849,fi|sv,fi|sv,706.0,"{""fi"": 788, ""sv"": 405}",20250418,20260417,2026-08-07,ok,0,0,0.0
806,Calvin de Haan,Q542445,cs|de|fi|fr|ru|sv,cs|de|fi|fr|ru|sv,7996.0,"{""cs"": 1310, ""de"": 2086, ""fi"": 2135, ""fr"": 1933, ""ru"": 2860, ""sv"": 5218}",20250418,20260417,2026-08-07,ok,5,894,0.057522
807,Cam Atkinson,Q1027900,de|fi|fr|ru|sv,de|fi|fr|ru|sv,4691.0,"{""de"": 2992, ""fi"": 1651, ""fr"": 1862, ""ru"": 6667, ""sv"": 1058}",20250418,20260417,2026-08-07,ok,9,798,0.056079
808,Chad Ruhwedel,Q13583619,de|fi|fr|ru|sv,de|fi|fr|ru|sv,2053.0,"{""de"": 1394, ""fi"": 1379, ""fr"": 950, ""ru"": 2182, ""sv"": 963}",20250418,20260417,2026-08-07,ok,0,0,0.0
809,Chris Tierney,Q18341327,de|fi|fr|ru|sv,de|fi|fr|ru|sv,6508.0,"{""de"": 1860, ""fi"": 812, ""fr"": 1108, ""ru"": 13108, ""sv"": 587}",20250418,20260417,2026-08-07,ok,0,0,0.0
810,Chris Wagner,Q18397353,de|fi|fr|sv,de|fi|fr|sv,1595.0,"{""de"": 1056, ""fi"": 797, ""fr"": 1372, ""sv"": 913}",20250418,20260417,2026-08-07,ok,2,335,0.080957
811,Christian Fischer,Q21599453,de|fi|fr|ru|sv,de|fi|fr|ru|sv,3272.0,"{""de"": 2397, ""fi"": 1614, ""fr"": 1100, ""ru"": 2386, ""sv"": 709}",20250418,20260417,2026-08-07,ok,0,0,0.0
812,Cole Guttman,Q116788796,sv,sv,162.0,"{""sv"": 406}",20250418,20260417,2026-08-07,ok,0,0,0.0
814,Colton White,Q62060836,sv,sv,221.0,"{""sv"": 452}",20250418,20260417,2026-08-07,ok,0,0,0.0
815,Craig Smith,Q1138675,de|fi|fr|ru|sv,de|fi|fr|ru|sv,3404.0,"{""de"": 1736, ""fi"": 2058, ""fr"": 1095, ""ru"": 3914, ""sv"": 906}",20250418,20260417,2026-08-07,ok,2,246,0.025337
816,Dakota Mermis,Q42581125,sv,sv,256.0,"{""sv"": 824}",20250418,20260417,2026-08-07,ok,0,0,0.0
817,Daniel Sprong,Q20473413,de|fi|fr|ru|sv,de|fi|fr|ru|sv,58440.0,"{""de"": 4385, ""fi"": 4048, ""fr"": 3682, ""ru"": 60911, ""sv"": 1831}",20250418,20260417,2026-08-07,ok,5,5849,0.078136
818,Daniil Miromanov,Q109246303,de|ru|sv,de|ru|sv,6494.0,"{""de"": 855, ""ru"": 20388, ""sv"": 448}",20250418,20260417,2026-08-07,ok,6,371,0.017104
819,David Gustafsson,Q45835854,fi|fr|sv,fi|fr|sv,1901.0,"{""fi"": 1372, ""fr"": 685, ""sv"": 2856}",20250418,20260417,2026-08-07,ok,0,0,0.0
820,David Savard,Q3018760,cs|de|fi|fr|ru|sk|sv,cs|de|fi|fr|ru|sk|sv,30689.0,"{""cs"": 1884, ""de"": 1879, ""fi"": 1734, ""fr"": 53899, ""ru"": 6225, ""sk"": 576, ""sv"": 860}",20250418,20260417,2026-08-07,ok,2,87,0.001297
821,David Tomasek,Q26837654,cs|fi|ru|sv,cs|fi|ru|sv,23269.0,"{""cs"": 38481, ""fi"": 2996, ""ru"": 3094, ""sv"": 11307}",20250418,20260417,2026-08-07,ok,6,1109,0.019847
822,Derek Ryan,Q15626910,de|fi|fr|ru|sv,de|fi|fr|ru|sv,3714.0,"{""de"": 3826, ""fi"": 1218, ""fr"": 1361, ""ru"": 3343, ""sv"": 1655}",20250418,20260417,2026-08-07,ok,2,190,0.016662
823,Devin Shore,Q16225084,cs|de|fi|fr|sv,cs|de|fi|fr|sv,2737.0,"{""cs"": 766, ""de"": 1607, ""fi"": 1012, ""fr"": 1249, ""sv"": 721}",20250418,20260417,2026-08-07,ok,0,0,0.0
824,Dillon Dube,Q47090883,cs|de|fi|fr|ru|sv,cs|de|fi|fr|ru|sv,15364.0,"{""cs"": 1592, ""de"": 4070, ""fi"": 2622, ""fr"": 7129, ""ru"": 21044, ""sv"": 1105}",20250418,20260417,2026-08-07,ok,3,507,0.013498
825,Dominik Kubalik,Q11819629,cs|de|fi|fr|ru|sv,cs|de|fi|fr|ru|sv,30471.0,"{""cs"": 77565, ""de"": 12208, ""fi"": 3370, ""fr"": 2873, ""ru"": 9804, ""sv"": 1304}",20250418,20260417,2026-08-07,ok,6,2497,0.023309
826,Dryden Hunt,Q42970098,de|fi|fr|sv,de|fi|fr|sv,1059.0,"{""de"": 818, ""fi"": 759, ""fr"": 796, ""sv"": 597}",20250418,20260417,2026-08-07,ok,0,0,0.0
827,Easton Cowan,Q120084181,fi|ru|sv,fi|ru|sv,751.0,"{""fi"": 300, ""ru"": 226, ""sv"": 225}",20250418,20260417,2026-08-07,ok,0,0,0.0
828,Emil Bemstrom,Q31146116,de|fi|fr|sv,de|fi|fr|sv,4780.0,"{""de"": 3362, ""fi"": 2013, ""fr"": 1171, ""sv"": 3953}",20250418,20260417,2026-08-07,ok,3,313,0.029812
829,Erik Brannstrom,Q23869482,de|fi|fr|ru|sv,de|fi|fr|ru|sv,12362.0,"{""de"": 4519, ""fi"": 2262, ""fr"": 3897, ""ru"": 4460, ""sv"": 10287}",20250418,20260417,2026-08-07,ok,8,738,0.029027
831,Erik Johnson,Q960577,cs|de|fi|fr|ru|sk|sv,cs|de|fi|fr|ru|sk|sv,13125.0,"{""cs"": 3895, ""de"": 4815, ""fi"": 4989, ""fr"": 4040, ""ru"": 15136, ""sk"": 1520, ""sv"": 2894}",20250418,20260417,2026-08-07,ok,4,2795,0.074955
832,Ethan Bear,Q50310049,cs|de|fi|fr|sv,cs|de|fi|fr|sv,2728.0,"{""cs"": 1413, ""de"": 2054, ""fi"": 1538, ""fr"": 2115, ""sv"": 811}",20250418,20260417,2026-08-07,ok,0,0,0.0
833,Evgeny Kuznetsov,Q928121,cs|de|fi|fr|ru|sv,cs|de|fi|fr|ru|sv,230284.0,"{""cs"": 6485, ""de"": 8411, ""fi"": 7312, ""fr"": 6791, ""ru"": 538697, ""sv"": 3385}",20250418,20260417,2026-08-07,ok,8,1117,0.001956
834,Filip Zadina,Q23869480,cs|de|fi|fr|ru|sv,cs|de|fi|fr|ru|sv,27633.0,"{""cs"": 30131, ""de"": 12018, ""fi"": 1890, ""fr"": 4911, ""ru"": 7420, ""sv"": 969}",20250418,20260417,2026-08-07,ok,2,287,0.005005
835,Fredrik Olofsson,Q64955774,fi|fr|sv,fi|fr|sv,4962.0,"{""fi"": 817, ""fr"": 699, ""sv"": 5529}",20250418,20260417,2026-08-07,ok,0,0,0.0
836,Gavin Brindley,Q81902037,sv,sv,295.0,"{""sv"": 503}",20250418,20260417,2026-08-07,ok,0,0,0.0
837,Givani Smith,Q72328939,fi|fr|ru|sv,fi|fr|ru|sv,2066.0,"{""fi"": 1446, ""fr"": 914, ""ru"": 3381, ""sv"": 535}",20250418,20260417,2026-08-07,ok,1,443,0.070586
839,Henry Thrun,Q111745664,fr|sv,fr|sv,654.0,"{""fr"": 828, ""sv"": 514}",20250418,20260417,2026-08-07,ok,0,0,0.0
840,Hudson Fasching,Q22959096,de|fi|fr|sv,de|fi|fr|sv,1610.0,"{""de"": 1485, ""fi"": 1184, ""fr"": 868, ""sv"": 835}",20250418,20260417,2026-08-07,ok,0,0,0.0
841,Igor Chernyshov,Q124307078,fi|ru|sv,fi|ru|sv,13545.0,"{""fi"": 592, ""ru"": 22921, ""sv"": 254}",20250418,20260417,2026-08-07,ok,1,22,0.000926
842,Isaac Howard,Q81903706,cs|fi|fr|ru|sv,cs|fi|fr|ru|sv,3918.0,"{""cs"": 69, ""fi"": 253, ""fr"": 2002, ""ru"": 1914, ""sv"": 305}",20250418,20260417,2026-08-07,ok,1,21,0.004622
843,Isaak Phillips,Q109335503,sv,sv,173.0,"{""sv"": 392}",20250418,20260417,2026-08-07,ok,0,0,0.0
844,Isaiah George,Q130979545,sv,sv,197.0,"{""sv"": 368}",20250418,20260417,2026-08-07,ok,0,0,0.0
845,Ivan Ivan,Q110419427,cs|fi|fr|ru|sv,cs|fi|fr|ru|sv,11764.0,"{""cs"": 14880, ""fi"": 1040, ""fr"": 1078, ""ru"": 7761, ""sv"": 849}",20250418,20260417,2026-08-07,ok,0,0,0.0
846,Jack Johnson,Q1390184,cs|de|fi|fr|ru|sv,cs|de|fi|fr|ru|sv,8159.0,"{""cs"": 2770, ""de"": 3281, ""fi"": 2957, ""fr"": 2800, ""ru"": 9376, ""sv"": 1046}",20250418,20260417,2026-08-07,ok,5,626,0.02816
847,Jack Studnicka,Q55614791,fi|fr|sv,fi|fr|sv,966.0,"{""fi"": 1286, ""fr"": 988, ""sv"": 492}",20250418,20260417,2026-08-07,ok,0,0,0.0
848,Jack Thompson,Q124172680,sv,sv,326.0,"{""sv"": 908}",20250418,20260417,2026-08-07,ok,0,0,0.0
849,Jake Lucchini,Q90616900,fr|sv,fr|sv,430.0,"{""fr"": 566, ""sv"": 474}",20250418,20260417,2026-08-07,ok,1,36,0.034615
850,Jacob MacDonald,Q57061848,sv,sv,198.0,"{""sv"": 476}",20250418,20260417,2026-08-07,ok,0,0,0.0
851,Jacob Melanson,Q124547239,fr|sv,fr|sv,725.0,"{""fr"": 541, ""sv"": 243}",20250418,20260417,2026-08-07,ok,0,0,0.0
852,Jacob Quillan,Q117475069,sv,sv,177.0,"{""sv"": 239}",20250418,20260417,2026-08-07,ok,0,0,0.0
853,Jakob Pelletier,Q64781766,fi|fr|sv,fi|fr|sv,3149.0,"{""fi"": 965, ""fr"": 5518, ""sv"": 870}",20250418,20260417,2026-08-07,ok,0,0,0.0
854,Jakob Silfverberg,Q525338,cs|de|fi|fr|ru|sv,cs|de|fi|fr|ru|sv,22478.0,"{""cs"": 1606, ""de"": 2267, ""fi"": 3304, ""fr"": 1727, ""ru"": 4691, ""sv"": 51129}",20250418,20260417,2026-08-07,ok,3,647,0.009996
855,Jakub Lauko,Q47088181,cs|fi|fr|sv,cs|fi|fr|sv,33126.0,"{""cs"": 40902, ""fi"": 1475, ""fr"": 1438, ""sv"": 594}",20250418,20260417,2026-08-07,ok,0,0,0.0
856,Jakub Vrana,Q15076214,cs|de|fi|fr|ru|sv,cs|de|fi|fr|ru|sv,33780.0,"{""cs"": 49298, ""de"": 3185, ""fi"": 2514, ""fr"": 1885, ""ru"": 17633, ""sv"": 8489}",20250418,20260417,2026-08-07,ok,6,2292,0.027613
857,James Hamblin,Q115524249,sv,sv,243.0,"{""sv"": 578}",20250418,20260417,2026-08-07,ok,0,0,0.0
858,Jan Rutta,Q15733918,cs|de|fi|fr|ru|sv,cs|de|fi|fr|ru|sv,19036.0,"{""cs"": 39527, ""de"": 3252, ""fi"": 2572, ""fr"": 2163, ""ru"": 4771, ""sv"": 851}",20250418,20260417,2026-08-07,ok,4,214,0.004027
859,Jani Hakanpää,Q6381222,de|fi|fr|sv,de|fi|fr|sv,15764.0,"{""de"": 2176, ""fi"": 30406, ""fr"": 1185, ""sv"": 1244}",20250418,20260417,2026-08-07,ok,4,376,0.010739
860,Jani Nyman,Q81905870,fi|fr|sv,fi|fr|sv,6005.0,"{""fi"": 24213, ""fr"": 415, ""sv"": 603}",20250418,20260417,2026-08-07,ok,0,0,0.0
861,Jaret Anderson-Dolan,Q29355469,de|fi|fr|ru|sv,de|fi|fr|ru|sv,2276.0,"{""de"": 1047, ""fi"": 1483, ""fr"": 1293, ""ru"": 2437, ""sv"": 398}",20250418,20260417,2026-08-07,ok,4,377,0.056624
862,Jarred Tinordi,Q3047594,cs|de|fi|fr|ru|sv,cs|de|fi|fr|ru|sv,3857.0,"{""cs"": 1383, ""de"": 1351, ""fi"": 1224, ""fr"": 3384, ""ru"": 2863, ""sv"": 729}",20250418,20260417,2026-08-07,ok,3,198,0.018109
863,Jeff Carter,Q943565,cs|de|fi|fr|ru|sk|sv,cs|de|fi|fr|ru|sk|sv,8654.0,"{""cs"": 2895, ""de"": 2784, ""fi"": 3286, ""fr"": 4456, ""ru"": 11882, ""sk"": 1723, ""sv"": 1099}",20250418,20260417,2026-08-07,ok,5,2508,0.089173
864,Jeff Skinner,Q553283,cs|de|fi|fr|ru|sv,cs|de|fi|fr|ru|sv,22699.0,"{""cs"": 3670, ""de"": 9328, ""fi"": 7929, ""fr"": 7117, ""ru"": 20388, ""sv"": 2204}",20250418,20260417,2026-08-07,ok,3,1786,0.035271
865,Jesper Fast,Q3077346,de|fi|fr|ru|sv,de|fi|fr|ru|sv,6802.0,"{""de"": 1479, ""fi"": 2608, ""fr"": 1218, ""ru"": 5150, ""sv"": 5351}",20250418,20260417,2026-08-07,ok,6,1065,0.067379
866,Jesse Puljujarvi,Q18633590,cs|de|fi|fr|ru|sv,cs|de|fi|fr|ru|sv,47245.0,"{""cs"": 3770, ""de"": 7471, ""fi"": 91818, ""fr"": 6152, ""ru"": 16089, ""sv"": 6753}",20250418,20260417,2026-08-07,ok,11,2833,0.021454
867,Jesse Ylonen,Q47542097,fi|fr|sv,fi|fr|sv,5249.0,"{""fi"": 8757, ""fr"": 4537, ""sv"": 2231}",20250418,20260417,2026-08-07,ok,1,48,0.003092
868,Jimmy Vesey,Q11866464,de|fi|fr|ru|sv,de|fi|fr|ru|sv,7662.0,"{""de"": 4009, ""fi"": 1628, ""fr"": 4120, ""ru"": 4790, ""sv"": 1042}",20250418,20260417,2026-08-07,ok,4,1758,0.112772
870,Joe Pavelski,Q1339283,cs|de|fi|fr|ru|sv,cs|de|fi|fr|ru|sv,15519.0,"{""cs"": 4692, ""de"": 5449, ""fi"": 5833, ""fr"": 5516, ""ru"": 36260, ""sv"": 1805}",20250418,20260417,2026-08-07,ok,6,3897,0.065435
871,Joel Nystrom,Q106560022,fi|sv,fi|sv,3363.0,"{""fi"": 2041, ""sv"": 3658}",20250418,20260417,2026-08-07,ok,0,0,0.0
872,Joey Anderson,Q24827257,fi|fr|sv,fi|fr|sv,948.0,"{""fi"": 926, ""fr"": 870, ""sv"": 743}",20250418,20260417,2026-08-07,ok,1,25,0.009846
873,John Hayden,Q28960320,de|fi|fr|sv,de|fi|fr|sv,1766.0,"{""de"": 1507, ""fi"": 1406, ""fr"": 1104, ""sv"": 660}",20250418,20260417,2026-08-07,ok,0,0,0.0
874,John Ludvig,Q107310842,cs|sv,cs|sv,679.0,"{""cs"": 349, ""sv"": 907}",20250418,20260417,2026-08-07,ok,0,0,0.0
875,Johnny Gaudreau,Q94064,cs|de|fi|fr|ru|sk|sv,cs|de|fi|fr|ru|sk|sv,541911.0,"{""cs"": 110429, ""de"": 277036, ""fi"": 82626, ""fr"": 181531, ""ru"": 169102, ""sk"": 64302, ""sv"": 61807}",20250418,20260417,2026-08-07,ok,11,4029,0.004255
876,Jon Merrill,Q15139859,de|fi|fr|ru|sv,de|fi|fr|ru|sv,3172.0,"{""de"": 1510, ""fi"": 895, ""fr"": 1538, ""ru"": 2859, ""sv"": 787}",20250418,20260417,2026-08-07,ok,4,691,0.091053
877,Jonathan Lekkerimäki,Q111943443,fi|fr|ru|sv,fi|fr|ru|sv,8534.0,"{""fi"": 33246, ""fr"": 1320, ""ru"": 3683, ""sv"": 34131}",20250418,20260417,2026-08-07,ok,2,166,0.002293
878,Jordan Oesterle,Q19666575,cs|de|fi|fr|ru|sv,cs|de|fi|fr|ru|sv,2533.0,"{""cs"": 1451, ""de"": 1425, ""fi"": 1050, ""fr"": 1019, ""ru"": 1877, ""sv"": 1020}",20250418,20260417,2026-08-07,ok,1,116,0.014792
879,Joshua Brown,Q60737418,de|fi|fr|sv,de|fi|fr|sv,1527.0,"{""de"": 1601, ""fi"": 1035, ""fr"": 1000, ""sv"": 637}",20250418,20260417,2026-08-07,ok,2,128,0.029956
880,Joshua Roy,Q123153944,fr|sv,fr|sv,5284.0,"{""fr"": 14793, ""sv"": 558}",20250418,20260417,2026-08-07,ok,0,0,0.0
881,Juho Lammikko,Q15936031,cs|de|fi|fr|sv,cs|de|fi|fr|sv,17842.0,"{""cs"": 1145, ""de"": 6888, ""fi"": 18379, ""fr"": 1586, ""sv"": 759}",20250418,20260417,2026-08-07,ok,1,230,0.007998
882,Julien Gauthier,Q21621344,de|fi|fr|ru|sv,de|fi|fr|ru|sv,4894.0,"{""de"": 1421, ""fi"": 2145, ""fr"": 7571, ""ru"": 3347, ""sv"": 696}",20250418,20260417,2026-08-07,ok,1,76,0.005007
883,Justin Bailey,Q16146182,de|fr|ru|sv,de|sv,777.0,"{""de"": 1220, ""fr"": 0, ""ru"": 0, ""sv"": 578}",20250418,20260417,2026-08-07,ok,1,0,0.0
884,Justin Dowling,Q16228590,de|fi|fr|sv,de|fi|fr|sv,1263.0,"{""de"": 1016, ""fi"": 713, ""fr"": 596, ""sv"": 707}",20250418,20260417,2026-08-07,ok,0,0,0.0
885,Justin Kirkland,Q99815499,sv,sv,196.0,"{""sv"": 417}",20250418,20260417,2026-08-07,ok,0,0,0.0
886,Justin Schultz,Q557451,cs|de|fi|fr|ru|sv,cs|de|fi|fr|ru|sv,3764.0,"{""cs"": 1183, ""de"": 2871, ""fi"": 1523, ""fr"": 1825, ""ru"": 3483, ""sv"": 966}",20250418,20260417,2026-08-07,ok,2,346,0.029196
887,Juuso Parssinen,Q61103950,fi|fr|ru|sv,fi|fr|ru|sv,23336.0,"{""fi"": 31792, ""fr"": 1306, ""ru"": 3880, ""sv"": 2139}",20250418,20260417,2026-08-07,ok,4,557,0.014239
888,Juuso Välimäki,Q22916795,de|fi|fr|sv,de|fi|fr|sv,9440.0,"{""de"": 1670, ""fi"": 21276, ""fr"": 1386, ""sv"": 1337}",20250418,20260417,2026-08-07,ok,1,163,0.00635
889,Keaton Middleton,Q106453609,sv,sv,238.0,"{""sv"": 490}",20250418,20260417,2026-08-07,ok,0,0,0.0
890,Kevin Labanc,Q27213317,cs|de|fi|fr|ru|sv,cs|de|fi|fr|ru|sv,15164.0,"{""cs"": 3009, ""de"": 1652, ""fi"": 1464, ""fr"": 1229, ""ru"": 14549, ""sv"": 617}",20250418,20260417,2026-08-07,ok,3,623,0.027664
891,Kevin Shattenkirk,Q1398820,cs|de|fi|fr|ru|sv,cs|de|fi|fr|ru|sv,4052.0,"{""cs"": 1617, ""de"": 2318, ""fi"": 1853, ""fr"": 2216, ""ru"": 5999, ""sv"": 954}",20250418,20260417,2026-08-07,ok,5,871,0.058234
892,Klim Kostin,Q28091156,fi|fr|ru|sv,fi|fr|ru|sv,42869.0,"{""fi"": 1921, ""fr"": 1583, ""ru"": 80908, ""sv"": 779}",20250418,20260417,2026-08-07,ok,4,989,0.011609
893,Kyle Burroughs,Q60567402,fr|sv,sv,318.0,"{""fr"": 0, ""sv"": 620}",20250418,20260417,2026-08-07,ok,0,0,0.0
894,Kyle Okposo,Q128225,de|fi|fr|ru|sv,de|fi|fr|ru|sv,4957.0,"{""de"": 4608, ""fi"": 4468, ""fr"": 3633, ""ru"": 9656, ""sv"": 1519}",20250418,20260417,2026-08-07,ok,7,548,0.022944
895,Lenni Hameenaho,Q115777717,fi|ru|sv,ru|sv,11829.0,"{""fi"": 20890, ""ru"": 641, ""sv"": 200}",20250418,20260417,2026-08-07,ok,1,26,0.001196
896,MacKenzie Entwistle,Q106144372,fr|sv,fr|sv,613.0,"{""fr"": 939, ""sv"": 622}",20250418,20260417,2026-08-07,ok,2,317,0.203075
897,Marc Del Gaizo,Q123346127,fr|sv,fr|sv,3280.0,"{""fr"": 1801, ""sv"": 3668}",20250418,20260417,2026-08-07,ok,0,0,0.0
898,Marc Staal,Q960003,cs|de|fi|fr|ru|sv,cs|de|fi|fr|ru|sv,9321.0,"{""cs"": 3774, ""de"": 3113, ""fi"": 3345, ""fr"": 3723, ""ru"": 13161, ""sv"": 1426}",20250418,20260417,2026-08-07,ok,4,575,0.020146
899,Marc-Edouard Vlasic,Q1389704,cs|de|fi|fr|ru|sv,cs|de|fi|fr|ru|sv,17097.0,"{""cs"": 3140, ""de"": 3092, ""fi"": 3276, ""fr"": 21927, ""ru"": 12625, ""sv"": 1460}",20250418,20260417,2026-08-07,ok,15,2805,0.061621
900,Marco Scandella,Q1339839,de|fi|fr|ru|sv,de|fi|fr|ru|sv,3221.0,"{""de"": 2099, ""fi"": 1506, ""fr"": 3181, ""ru"": 2076, ""sv"": 693}",20250418,20260417,2026-08-07,ok,3,171,0.017896
901,Mark Friedman,Q55622211,fi|fr|sv,fi|fr|sv,2476.0,"{""fi"": 803, ""fr"": 942, ""sv"": 2130}",20250418,20260417,2026-08-07,ok,0,0,0.0
902,Mark Giordano,Q1387968,de|fi|fr|ru|sk|sv,de|fi|fr|ru|sk|sv,7747.0,"{""de"": 4293, ""fi"": 3700, ""fr"": 3111, ""ru"": 9954, ""sk"": 2043, ""sv"": 1323}",20250418,20260417,2026-08-07,ok,3,1495,0.06121
903,Mason Shaw,Q110042994,sv,sv,232.0,"{""sv"": 579}",20250418,20260417,2026-08-07,ok,0,0,0.0
904,Mathew Dumba,Q3298541,de|fi|fr|ru|sv,de|fi|fr|ru|sv,7005.0,"{""de"": 2979, ""fi"": 2889, ""fr"": 2770, ""ru"": 9125, ""sv"": 1538}",20250418,20260417,2026-08-07,ok,9,1686,0.087353
906,Matt Nieto,Q6381188,de|fi|fr|ru|sv,de|fi|fr|ru|sv,2630.0,"{""de"": 1898, ""fi"": 1588, ""fr"": 1378, ""ru"": 2280, ""sv"": 621}",20250418,20260417,2026-08-07,ok,4,705,0.090792
907,Matthew Highmore,Q47493112,de|fi|fr|sv,de|fi|fr|sv,1114.0,"{""de"": 963, ""fi"": 627, ""fr"": 724, ""sv"": 423}",20250418,20260417,2026-08-07,ok,0,0,0.0
908,Matthew Phillips,Q60734071,sv,sv,293.0,"{""sv"": 808}",20250418,20260417,2026-08-07,ok,0,0,0.0
909,Matthew Poitras,Q119084399,fi|sv,fi|sv,658.0,"{""fi"": 1292, ""sv"": 741}",20250418,20260417,2026-08-07,ok,1,99,0.048697
910,Max Pacioretty,Q1913226,cs|de|fi|fr|ru|sv,cs|de|fi|fr|ru|sv,29708.0,"{""cs"": 4284, ""de"": 5245, ""fi"": 4519, ""fr"": 25688, ""ru"": 30800, ""sv"": 1576}",20250418,20260417,2026-08-07,ok,6,5159,0.071541
911,Michael McLeod,Q16732367,de|fi|fr|ru|sv,de|fi|fr|ru|sv,35077.0,"{""de"": 5576, ""fi"": 2954, ""fr"": 5442, ""ru"": 53203, ""sv"": 1820}",20250418,20260417,2026-08-07,ok,1,102,0.001478
912,Michael Pezzetta,Q90625021,fr|sv,fr|sv,3845.0,"{""fr"": 9337, ""sv"": 489}",20250418,20260417,2026-08-07,ok,0,0,0.0
913,Michael Sgarbossa,Q64488,de|sv,de|sv,2988.0,"{""de"": 3406, ""sv"": 502}",20250418,20260417,2026-08-07,ok,2,261,0.066786
914,Mikael Pyyhtia,Q80797935,fi|ru|sv,fi|ru|sv,8217.0,"{""fi"": 12862, ""ru"": 678, ""sv"": 631}",20250418,20260417,2026-08-07,ok,1,40,0.002823
916,Mitchell Chaffee,Q88812899,fi|fr|sv,fi|fr|sv,650.0,"{""fi"": 353, ""fr"": 574, ""sv"": 424}",20250418,20260417,2026-08-07,ok,0,0,0.0
917,Mitchell Stephens,Q20710006,de|fi|fr|sv,de|fi|fr|sv,1334.0,"{""de"": 1018, ""fi"": 781, ""fr"": 2247, ""sv"": 584}",20250418,20260417,2026-08-07,ok,0,0,0.0
918,Nate Danielson,Q81902494,fi|fr|sv,fi|fr|sv,924.0,"{""fi"": 193, ""fr"": 1312, ""sv"": 248}",20250418,20260417,2026-08-07,ok,0,0,0.0
919,Nick Bonino,Q459545,de|fi|fr|ru|sv,de|fi|fr|ru|sv,4974.0,"{""de"": 3733, ""fi"": 2062, ""fr"": 1879, ""ru"": 5120, ""sv"": 1012}",20250418,20260417,2026-08-07,ok,7,565,0.040924
920,Nikita Alexandrov,Q104621345,fi|fr|ru|sv,fi|fr|ru|sv,6771.0,"{""fi"": 1455, ""fr"": 896, ""ru"": 14510, ""sv"": 632}",20250418,20260417,2026-08-07,ok,5,442,0.025267
921,Nikita Nesterenko,Q117249773,sv,sv,280.0,"{""sv"": 555}",20250418,20260417,2026-08-07,ok,0,0,0.0
922,Nikita Okhotiuk,Q111685957,fr|ru|sv,fr|ru|sv,5102.0,"{""fr"": 811, ""ru"": 17863, ""sv"": 733}",20250418,20260417,2026-08-07,ok,5,371,0.019117
923,Nikita Zaitsev,Q968323,de|fi|fr|ru|sv,de|fi|fr|ru|sv,17365.0,"{""de"": 2179, ""fi"": 1984, ""fr"": 1093, ""ru"": 55778, ""sv"": 700}",20250418,20260417,2026-08-07,ok,6,440,0.007127
924,Nikolai Kovalenko,Q60048704,fi|fr|ru|sv,fi|fr|ru|sv,27196.0,"{""fi"": 1666, ""fr"": 2612, ""ru"": 75091, ""sv"": 656}",20250418,20260417,2026-08-07,ok,3,342,0.004274
925,Noah Gregor,Q71625596,de|fi|fr|sv,de|fi|fr|sv,1669.0,"{""de"": 1658, ""fi"": 1116, ""fr"": 951, ""sv"": 549}",20250418,20260417,2026-08-07,ok,0,0,0.0
926,Nolan Allan,Q107690034,fi|fr|sv,fi|fr|sv,2448.0,"{""fi"": 2894, ""fr"": 924, ""sv"": 365}",20250418,20260417,2026-08-07,ok,0,0,0.0
927,Oliver Kylington,Q16229418,de|fi|fr|ru|sv,de|fi|fr|ru|sv,20812.0,"{""de"": 2211, ""fi"": 2538, ""fr"": 1624, ""ru"": 2560, ""sv"": 27841}",20250418,20260417,2026-08-07,ok,3,176,0.004786
928,Oliver Wahlstrom,Q50364884,de|fi|fr|sv,de|fi|fr|sv,2644.0,"{""de"": 1875, ""fi"": 2112, ""fr"": 1528, ""sv"": 3295}",20250418,20260417,2026-08-07,ok,2,118,0.013394
929,Oskar Steen,Q23917629,fi|sv,fi|sv,8967.0,"{""fi"": 1047, ""sv"": 26436}",20250418,20260417,2026-08-07,ok,0,0,0.0
930,Otto Stenberg,Q113870028,fi|fr|sv,fi|fr|sv,18203.0,"{""fi"": 3902, ""fr"": 959, ""sv"": 26968}",20250418,20260417,2026-08-07,ok,1,59,0.001854
931,Owen Pickering,Q112967565,fi|fr|sv,fi|fr|sv,857.0,"{""fi"": 403, ""fr"": 949, ""sv"": 338}",20250418,20260417,2026-08-07,ok,0,0,0.0
932,Patrick Maroon,Q1575172,cs|de|fi|fr|ru|sv,cs|de|fi|fr|ru|sv,8444.0,"{""cs"": 3907, ""de"": 5104, ""fi"": 5371, ""fr"": 5944, ""ru"": 12092, ""sv"": 1661}",20250418,20260417,2026-08-07,ok,3,523,0.015347
933,Philip Tomasino,Q64781763,fi|fr|ru|sv,fi|fr|ru|sv,2633.0,"{""fi"": 964, ""fr"": 1449, ""ru"": 3448, ""sv"": 471}",20250418,20260417,2026-08-07,ok,3,138,0.021794
934,Phillip Di Giuseppe,Q20127365,de|fi|fr|sv,de|fi|fr|sv,1280.0,"{""de"": 1067, ""fi"": 870, ""fr"": 1101, ""sv"": 810}",20250418,20260417,2026-08-07,ok,7,392,0.101871
935,Pierre Engvall,Q18637349,de|fi|fr|sv,de|fi|fr|sv,3176.0,"{""de"": 1248, ""fi"": 1205, ""fr"": 1246, ""sv"": 5953}",20250418,20260417,2026-08-07,ok,0,0,0.0
936,Pierre-Edouard Bellemare,Q1390472,cs|de|fi|fr|ru|sk|sv,cs|de|fi|fr|ru|sk|sv,60805.0,"{""cs"": 4025, ""de"": 7830, ""fi"": 5122, ""fr"": 60289, ""ru"": 8643, ""sk"": 2435, ""sv"": 16214}",20250418,20260417,2026-08-07,ok,14,3304,0.0316
937,Radim Zohorna,Q26131950,cs|de|fr|ru|sv,cs|de|fr|ru|sv,13996.0,"{""cs"": 30480, ""de"": 1751, ""fr"": 791, ""ru"": 2992, ""sv"": 3595}",20250418,20260417,2026-08-07,ok,2,74,0.001868
938,Rafael Harvey-Pinard,Q108597267,fr|sv,fr|sv,11884.0,"{""fr"": 22284, ""sv"": 676}",20250418,20260417,2026-08-07,ok,2,320,0.013937
939,Rasmus Kupari,Q40039433,fi|fr|sv,fi|fr|sv,5698.0,"{""fi"": 13066, ""fr"": 1205, ""sv"": 765}",20250418,20260417,2026-08-07,ok,0,0,0.0
940,Reese Johnson,Q105190398,sv,sv,219.0,"{""sv"": 659}",20250418,20260417,2026-08-07,ok,0,0,0.0
941,Reid Schaefer,Q112967561,fi|fr|sv,fi|fr|sv,1079.0,"{""fi"": 257, ""fr"": 1290, ""sv"": 151}",20250418,20260417,2026-08-07,ok,0,0,0.0
942,Robert Bortuzzo,Q3301965,de|fi|fr|ru|sv,de|fi|fr|ru|sv,3009.0,"{""de"": 2129, ""fi"": 1319, ""fr"": 1473, ""ru"": 3538, ""sv"": 1028}",20250418,20260417,2026-08-07,ok,4,432,0.045536
943,Rourke Chartier,Q20090425,de|sv,de|sv,1777.0,"{""de"": 2332, ""sv"": 358}",20250418,20260417,2026-08-07,ok,0,0,0.0
944,Rutger McGroarty,Q81905340,fi|fr|sv,fi|fr|sv,1802.0,"{""fi"": 903, ""fr"": 4098, ""sv"": 1115}",20250418,20260417,2026-08-07,ok,1,62,0.010137
945,Ryan Carpenter,Q21729835,de|fi|fr|ru|sv,de|fi|fr|ru|sv,1800.0,"{""de"": 1226, ""fi"": 975, ""fr"": 900, ""ru"": 1993, ""sv"": 441}",20250418,20260417,2026-08-07,ok,3,325,0.058717
946,Ryan Johansen,Q984230,de|fi|fr|ru|sv,de|fi|fr|ru|sv,5485.0,"{""de"": 2656, ""fi"": 2766, ""fr"": 2442, ""ru"": 8880, ""sv"": 1477}",20250418,20260417,2026-08-07,ok,4,437,0.023983
947,Ryan Suter,Q722707,cs|de|fi|fr|ru|sk|sv,cs|de|fi|fr|ru|sk|sv,16691.0,"{""cs"": 3198, ""de"": 4195, ""fi"": 4571, ""fr"": 3464, ""ru"": 24603, ""sk"": 1891, ""sv"": 1427}",20250418,20260417,2026-08-07,ok,3,2204,0.050843
948,Sam Colangelo,Q100270883,sv,sv,289.0,"{""sv"": 492}",20250418,20260417,2026-08-07,ok,0,0,0.0
949,Sam Gagner,Q86705,de|fi|fr|ru|sv,de|fi|fr|ru|sv,6671.0,"{""de"": 4704, ""fi"": 2318, ""fr"": 3078, ""ru"": 13435, ""sv"": 1546}",20250418,20260417,2026-08-07,ok,3,666,0.026554
950,Sammy Blais,Q42765134,de|fi|fr|sv,de|fi|fr|sv,21876.0,"{""de"": 2287, ""fi"": 1357, ""fr"": 22465, ""sv"": 1057}",20250418,20260417,2026-08-07,ok,4,1072,0.039461
951,Samuel Bolduc,Q116389555,sv,sv,169.0,"{""sv"": 412}",20250418,20260417,2026-08-07,ok,0,0,0.0
953,Sebastian Aho,Q16158994,cs|de|fi|fr|ru|sk|sv,cs|de|fi|fr|ru|sk|sv,73913.0,"{""cs"": 5089, ""de"": 7821, ""fi"": 102293, ""fr"": 6803, ""ru"": 26740, ""sk"": 2196, ""sv"": 7124}",20250418,20260417,2026-08-07,ok,5,1548,0.009793
954,Sonny Milano,Q16229770,de|fi|fr|ru|sv,de|fi|fr|ru|sv,6705.0,"{""de"": 1963, ""fi"": 1788, ""fr"": 1557, ""ru"": 13476, ""sv"": 803}",20250418,20260417,2026-08-07,ok,1,206,0.010517
955,T.J. Oshie,Q983953,cs|de|fi|fr|ru|sv,cs|de|fi|fr|ru|sv,32751.0,"{""cs"": 5781, ""de"": 8844, ""fi"": 5233, ""fr"": 6331, ""ru"": 74044, ""sv"": 2523}",20250418,20260417,2026-08-07,ok,14,4346,0.042294
956,TJ Brodie,Q636969,de|fi|fr|ru|sv,de|fi|fr|ru|sv,3287.0,"{""de"": 1725, ""fi"": 1615, ""fr"": 2240, ""ru"": 3817, ""sv"": 841}",20250418,20260417,2026-08-07,ok,9,1325,0.12942
957,Thomas Bordeleau,Q106464209,fr|sv,fr|sv,2557.0,"{""fr"": 5783, ""sv"": 874}",20250418,20260417,2026-08-07,ok,0,0,0.0
958,Tomas Tatar,Q166374,cs|de|fi|fr|ru|sk|sv,cs|de|fi|fr|ru|sk|sv,60856.0,"{""cs"": 20430, ""de"": 11327, ""fi"": 5947, ""fr"": 9304, ""ru"": 15591, ""sk"": 60758, ""sv"": 1804}",20250418,20260417,2026-08-07,ok,6,2578,0.020597
959,Torey Krug,Q6378866,cs|de|fi|fr|ru|sv,cs|de|fi|fr|ru|sv,6206.0,"{""cs"": 2798, ""de"": 2551, ""fi"": 2111, ""fr"": 1925, ""ru"": 4819, ""sv"": 811}",20250418,20260417,2026-08-07,ok,2,433,0.028838
960,Travis Dermott,Q20630924,de|fi|fr|ru|sv,de|fi|fr|ru|sv,2778.0,"{""de"": 2549, ""fi"": 1126, ""fr"": 1453, ""ru"": 3480, ""sv"": 810}",20250418,20260417,2026-08-07,ok,4,579,0.061478
961,Trevor Lewis,Q450681,de|fi|fr|ru|sv,de|fi|fr|ru|sv,3335.0,"{""de"": 1800, ""fi"": 1386, ""fr"": 1138, ""ru"": 3663, ""sv"": 1972}",20250418,20260417,2026-08-07,ok,2,323,0.032433
962,Tyler Johnson,Q7585450,de|fi|fr|ru|sv,de|fi|fr|ru|sv,6055.0,"{""de"": 1152, ""fi"": 2224, ""fr"": 2882, ""ru"": 9687, ""sv"": 1135}",20250418,20260417,2026-08-07,ok,1,68,0.003981
963,Tyler Motte,Q23799569,de|fi|fr|sv,de|fi|fr|sv,1846.0,"{""de"": 1930, ""fi"": 1357, ""fr"": 1247, ""sv"": 955}",20250418,20260417,2026-08-07,ok,0,0,0.0
964,Tyler Pitlick,Q15117160,de|fi|fr|sv,de|fi|fr|sv,2088.0,"{""de"": 1655, ""fi"": 1430, ""fr"": 1595, ""sv"": 772}",20250418,20260417,2026-08-07,ok,1,73,0.01339
965,Tyson Barrie,Q582730,de|fi|fr|ru|sv,de|fi|fr|ru|sv,5323.0,"{""de"": 3246, ""fi"": 2814, ""fr"": 2240, ""ru"": 5977, ""sv"": 872}",20250418,20260417,2026-08-07,ok,2,340,0.022444
966,Valtteri Puustinen,Q61102969,fi|sv,fi|sv,3375.0,"{""fi"": 19710, ""sv"": 1049}",20250418,20260417,2026-08-07,ok,0,0,0.0
967,Vinni Lettieri,Q47004354,de|fi|fr|sv,de|fi|fr|sv,1274.0,"{""de"": 1183, ""fi"": 851, ""fr"": 919, ""sv"": 639}",20250418,20260417,2026-08-07,ok,0,0,0.0
968,Vladislav Kolyachonok,Q108936100,fi|ru|sv,fi|ru|sv,12842.0,"{""fi"": 1748, ""ru"": 21178, ""sv"": 709}",20250418,20260417,2026-08-07,ok,5,86,0.003639
969,Walker Duehr,Q109588888,sv,sv,228.0,"{""sv"": 515}",20250418,20260417,2026-08-07,ok,0,0,0.0
970,William Lagesson,Q29288954,fi|sv,fi|sv,1820.0,"{""fi"": 1404, ""sv"": 4180}",20250418,20260417,2026-08-07,ok,0,0,0.0
971,William Lockwood,Q48743005,sv,sv,281.0,"{""sv"": 826}",20250418,20260417,2026-08-07,ok,0,0,0.0
972,Zac Jones,Q106596317,fi|fr|sv,fi|sv,738.0,"{""fi"": 652, ""fr"": 0, ""sv"": 648}",20250418,20260417,2026-08-07,ok,2,161,0.123846
973,Zach Parise,Q139368,cs|de|fi|fr|ru|sk|sv,cs|de|fi|fr|ru|sk|sv,13179.0,"{""cs"": 3819, ""de"": 4377, ""fi"": 7233, ""fr"": 5502, ""ru"": 18705, ""sk"": 1623, ""sv"": 1930}",20250418,20260417,2026-08-07,ok,10,3261,0.075505
974,Zachary Aston-Reese,Q28967881,de|fi|fr|sv,de|fi|fr|sv,2260.0,"{""de"": 1844, ""fi"": 1274, ""fr"": 1706, ""sv"": 927}",20250418,20260417,2026-08-07,ok,5,332,0.057729
975,Zachary L'Heureux,Q107671281,fi|fr|sv,fi|fr|sv,2947.0,"{""fi"": 538, ""fr"": 4567, ""sv"": 409}",20250418,20260417,2026-08-07,ok,3,95,0.017229
976,Zachary Sanford,Q16236508,de|fi|fr|ru|sv,de|fi|fr|ru|sv,4913.0,"{""de"": 2681, ""fi"": 1625, ""fr"": 1102, ""ru"": 3789, ""sv"": 488}",20250418,20260417,2026-08-07,ok,6,1198,0.123696
