player_id,full_name,n_days,daily_views
1,Leo Carlsson,365,157|171|103|95|94|93|90|94|81|49|76|71|72|101|79|123|120|167|211|136|157|332|193|132|485|176|210|167|176|102|86|112|172|100|780|229|214|263|112|96|97|100|74|73|75|80|71|87|106|73|76|75|75|72|124|97|87|46|51|75|71|97|71|84|67|89|176|152|101|140|194|329|146|155|148|110|133|101|89|87|100|78|85|106|98|79|66|226|93|79|77|81|66|75|75|62|48|47|54|33|31|40|29|63|48|43|46|42|44|51|41|54|51|43|21|53|36|41|34|39|31|31|42|54|54|56|41|44|46|46|41|34|48|57|34|45|46|58|56|64|55|37|42|63|78|52|49|59|48|55|57|56|66|56|49|56|57|77|76|87|103|75|78|61|94|109|65|102|121|111|113|99|134|140|103|171|123|316|192|140|300|233|324|140|176|218|127|223|147|203|128|100|115|115|253|133|121|788|225|286|209|534|432|705|537|1654|2651|1292|2335|1163|753|406|360|283|381|446|637|472|263|384|288|261|249|385|349|482|457|519|462|347|365|238|385|174|498|260|343|217|356|297|184|136|275|275|199|176|188|216|158|249|194|156|205|188|214|179|248|204|170|249|319|185|299|346|274|265|240|176|184|123|199|304|188|167|256|161|149|208|147|207|156|193|174|252|219|144|134|151|124|134|197|149|210|159|135|138|141|115|140|250|175|186|155|173|157|217|389|188|210|171|286|303|214|191|400|242|330|220|384|201|211|242|862|492|236|194|150|156|186|190|221|194|504|165|144|207|107|139|111|178|111|180|124|138|211|107|115|513|207|337|115|180|150|104|120|112|98|420|151|161|229|345|422|176|257
2,Nathan Gaucher,365,12|15|44|25|17|24|26|33|15|22|28|19|15|18|17|18|16|25|26|31|28|18|17|24|21|10|17|18|20|15|18|23|16|14|21|29|16|18|23|23|19|18|19|15|14|23|11|15|7|14|15|18|15|15|52|18|10|13|9|10|15|21|14|8|14|30|31|24|17|33|32|57|29|20|46|34|24|25|15|29|28|13|27|16|13|9|14|12|16|8|8|24|15|11|10|6|21|17|11|14|9|8|6|9|12|7|11|13|10|7|7|11|9|10|10|9|6|10|7|13|8|9|13|13|11|11|13|12|6|9|10|9|9|13|13|5|4|9|8|10|8|8|8|8|15|6|12|12|12|6|14|16|15|16|19|10|20|9|23|13|8|29|20|35|23|14|23|33|23|17|16|16|16|15|18|24|12|23|17|22|21|20|28|10|22|14|12|14|20|26|14|17|14|11|20|18|18|40|20|33|18|66|32|40|15|29|32|35|26|22|19|14|18|14|15|27|24|22|22|34|19|18|14|10|15|13|18|12|26|12|25|14|17|14|33|32|16|11|13|23|25|18|20|23|16|27|30|17|24|20|17|82|77|39|22|21|18|19|18|29|31|21|33|18|32|21|17|23|14|9|14|23|17|14|11|22|25|32|12|17|7|20|19|17|20|24|17|19|10|19|22|13|19|9|10|10|14|4|10|9|27|3|12|11|10|12|21|16|20|13|31|26|11|20|19|14|14|15|16|18|21|24|19|30|25|20|17|19|19|10|12|28|32|11|12|13|14|17|24|21|16|50|354|139|47|44|39|41|183|287|71|111|46|54|44|36|19|24|17|9|35|32|55|20|22
3,Cutter Gauthier,365,300|217|150|152|195|135|180|146|157|109|140|105|132|116|141|154|136|257|281|204|188|530|313|681|587|264|390|216|169|194|170|156|237|161|309|203|1208|851|650|217|168|191|155|156|136|119|107|117|118|109|143|99|134|191|190|244|418|127|115|96|123|202|170|145|125|83|647|475|255|207|265|582|256|217|242|218|167|147|132|153|160|145|212|204|296|154|94|118|86|114|99|122|91|91|155|202|206|154|105|74|94|86|96|93|72|60|76|79|89|78|62|70|123|72|91|109|97|124|64|70|47|62|66|100|91|93|72|48|53|56|58|81|62|59|66|54|79|69|65|49|71|77|53|59|66|73|46|60|87|56|81|73|89|98|75|81|84|91|103|87|114|98|119|116|109|162|97|165|116|156|104|154|178|155|170|216|128|435|190|285|804|271|298|143|198|202|237|430|277|534|292|251|219|240|480|222|430|424|199|689|414|4484|1604|3148|1326|1256|1485|781|1074|728|817|517|383|229|418|378|577|491|297|1000|390|452|368|573|342|351|633|479|429|271|510|238|690|287|465|292|556|330|337|353|246|267|1383|510|295|320|295|267|2332|1681|874|553|478|552|475|463|547|681|318|584|620|367|405|829|5983|1152|660|358|350|315|336|326|186|254|381|349|277|726|270|600|320|522|251|380|467|262|266|450|311|222|849|393|779|299|225|173|168|163|167|223|228|192|217|228|253|207|320|224|328|285|1082|705|714|446|1345|513|579|394|1670|506|669|2301|839|2138|596|499|320|535|1002|1219|630|524|1578|372|355|1501|487|694|486|471|498|985|731|458|521|540|454|1051|421|400|369|309|464|337|284|454|277|366|240|292|1717|872|602|424|834
4,Mikael Granlund,365,117|161|316|210|415|156|393|139|117|196|138|324|137|116|662|172|822|245|195|184|620|243|163|325|407|230|17511|1353|784|347|953|380|320|297|2018|476|1008|525|221|198|581|180|441|169|146|134|91|116|128|141|100|99|93|147|144|160|138|120|122|92|102|134|165|168|120|140|151|171|147|172|215|200|231|746|3240|1437|423|254|225|228|194|161|152|139|126|106|123|99|97|114|91|62|64|68|69|47|58|61|63|57|51|58|73|43|58|77|61|64|86|59|70|79|85|73|77|73|76|54|56|57|77|64|62|71|53|51|72|58|67|65|65|63|60|57|65|39|77|93|88|64|62|82|72|73|82|54|60|73|66|61|75|76|75|90|98|89|95|93|139|107|136|129|114|90|104|145|111|114|88|131|127|116|139|153|141|218|156|269|124|146|278|132|129|114|116|130|97|165|98|472|148|125|99|130|124|94|126|120|87|106|109|186|115|176|136|176|162|116|164|127|183|127|149|102|105|132|146|111|111|141|94|99|115|120|77|136|109|135|113|147|129|148|201|93|145|123|156|104|103|195|138|138|164|212|89|132|244|278|115|222|179|77|122|115|170|157|240|194|133|298|692|243|183|221|174|156|212|179|150|140|120|228|99|90|165|310|121|146|128|140|120|135|128|260|969|183|193|303|130|154|199|165|225|205|191|242|484|404|376|1360|679|1262|1850|685|404|394|1858|828|3225|2294|1951|715|421|341|317|230|198|177|197|167|159|136|180|180|132|168|81|114|127|160|173|123|108|131|106|119|101|120|139|350|151|325|110|1115|234|113|117|176|107|204|107|118|125|86|90|127|83|162|98|99|137|110|470|127|191
5,Jansen Harkins,365,45|32|29|28|23|41|16|30|20|14|20|20|27|33|35|31|30|48|20|27|22|22|31|26|22|33|26|19|28|22|27|22|22|20|23|21|17|16|15|8|15|21|42|25|32|15|25|18|21|20|27|23|23|30|26|25|28|22|26|22|25|28|12|25|28|22|23|19|27|21|23|30|20|16|35|37|40|24|25|22|40|21|37|28|29|23|24|21|20|20|18|19|28|23|25|36|42|26|23|21|17|16|20|19|15|19|20|17|23|16|17|11|28|16|24|29|17|19|16|18|20|15|33|14|23|22|22|20|20|12|16|27|23|24|24|22|13|20|18|20|25|24|23|22|22|18|20|21|21|17|24|20|27|21|22|22|28|22|32|21|20|25|28|32|24|21|22|36|27|28|28|31|29|26|27|43|32|45|29|27|44|33|27|30|29|20|24|34|21|39|25|20|28|45|27|17|22|40|27|44|32|116|92|51|41|160|113|63|104|68|57|54|58|53|63|66|249|53|38|59|27|23|26|64|32|36|43|35|39|30|39|17|37|34|38|24|36|25|37|29|23|24|47|29|23|20|17|35|28|76|48|22|45|41|25|28|45|55|48|28|47|39|31|34|60|38|37|34|42|29|26|50|34|25|54|40|29|28|27|60|39|95|49|65|150|36|31|98|23|20|61|35|91|45|28|35|28|21|32|29|35|16|29|20|17|13|28|24|25|25|36|41|33|33|56|32|75|36|60|28|23|42|51|70|41|33|25|119|42|38|34|36|58|23|19|66|39|47|35|38|23|62|30|30|31|24|24|35|36|31|17|14|28|29|46|22|21|31|26|25|24|24|13|15|33
6,Ross Johnston,365,38|31|29|21|18|30|25|28|25|30|21|24|17|21|29|20|28|19|34|13|31|20|19|19|27|22|21|22|14|24|19|20|28|23|25|20|39|39|50|51|55|60|67|55|44|25|27|44|38|24|36|26|24|23|34|23|17|20|26|26|16|19|21|26|28|21|25|25|12|28|23|31|33|21|39|36|33|24|35|27|40|27|36|41|61|74|99|89|46|28|30|33|23|14|34|21|14|22|18|34|18|19|24|18|13|36|30|12|22|14|14|19|28|20|16|26|16|15|12|22|18|15|52|41|30|25|32|30|18|16|21|32|24|36|24|17|23|20|32|21|21|16|22|24|22|12|30|29|24|32|39|29|27|30|41|23|21|23|48|19|29|26|24|34|35|27|32|38|34|29|35|38|45|31|32|51|34|310|124|61|93|61|41|42|50|42|48|520|136|449|96|72|81|58|114|104|75|57|37|70|41|88|47|77|28|70|99|107|87|49|187|62|41|46|245|148|130|81|61|70|59|45|30|90|39|32|87|47|40|52|90|49|217|59|73|29|71|74|96|79|48|28|166|83|35|38|57|40|36|143|84|34|41|39|43|75|47|70|37|43|54|47|48|120|524|151|63|68|53|46|33|55|46|50|73|45|77|59|44|57|43|51|39|50|94|32|34|54|28|37|44|28|129|44|41|47|37|25|43|26|50|22|33|42|34|31|50|48|35|40|41|51|41|48|57|22|119|26|80|50|63|92|66|130|67|202|62|65|82|41|63|44|38|35|40|51|28|38|50|43|28|38|25|29|31|24|51|62|24|37|38|27|33|27|36|28|22|36|13|30|44|34|30|28|45
7,Alex Killorn,365,99|66|62|96|63|93|64|49|70|62|75|78|63|108|68|68|51|54|45|72|69|69|57|53|57|79|51|52|35|44|57|49|82|55|53|66|58|63|46|84|57|75|74|61|42|72|102|62|73|70|101|68|61|60|81|74|90|53|62|44|53|82|84|79|64|64|74|85|62|51|61|51|55|111|76|80|72|72|166|181|168|188|161|158|161|151|135|145|168|143|163|156|140|136|134|146|142|34|32|31|43|33|47|37|54|34|38|34|31|31|33|31|32|33|37|34|39|42|26|37|46|31|37|46|38|31|33|37|27|48|43|55|50|44|48|41|40|54|74|50|63|56|63|51|51|29|44|33|43|98|48|64|56|46|39|38|32|43|43|41|34|43|58|56|45|103|92|64|89|56|62|137|100|66|71|103|50|150|97|71|126|63|107|57|56|55|158|179|110|128|205|88|60|58|73|50|41|91|64|76|60|99|54|130|69|105|161|80|189|78|75|58|67|48|80|69|99|78|55|94|72|47|68|82|61|57|87|64|83|73|247|114|120|63|162|79|107|60|75|112|48|38|110|80|59|59|60|53|58|82|102|64|48|50|72|55|88|145|81|105|159|86|68|147|171|58|85|70|92|50|68|107|61|64|83|85|66|159|139|648|183|176|77|166|199|68|76|80|100|67|375|101|178|87|77|65|67|75|63|70|80|43|58|56|42|63|73|66|51|53|97|74|62|84|204|96|92|104|103|66|89|80|92|332|87|98|63|167|93|144|112|181|172|64|68|83|70|151|69|83|62|157|76|60|82|49|103|116|75|168|59|63|69|47|52|69|50|100|92|70|70|78|82|66|155
8,Chris Kreider,365,633|287|212|239|245|183|158|131|160|163|143|141|251|189|202|150|114|141|140|135|146|145|136|131|180|156|102|132|137|148|108|155|130|128|155|129|129|194|303|262|223|267|230|147|233|263|179|169|130|115|153|103|117|126|3457|9664|3998|1519|996|693|525|501|369|330|232|218|344|305|204|238|209|282|198|182|226|337|211|145|119|146|142|141|137|133|127|139|123|99|115|122|163|129|116|108|128|265|223|150|143|148|118|94|133|89|113|109|110|101|114|101|105|128|117|85|89|96|94|79|84|95|99|98|109|177|157|88|92|86|100|123|98|96|91|101|91|95|113|135|132|93|124|267|203|144|139|98|116|109|114|85|119|413|189|225|173|130|178|164|284|277|333|315|211|185|198|399|209|205|209|223|215|201|359|1059|362|492|251|912|420|274|2252|915|656|341|517|315|272|285|297|389|186|149|237|191|246|303|480|464|195|422|160|459|234|874|482|531|460|361|391|339|343|192|316|249|297|250|341|323|187|314|187|214|133|257|293|270|262|172|246|205|250|189|337|141|313|159|314|252|329|266|281|547|2904|656|277|214|272|229|234|208|217|157|227|153|228|145|206|205|123|300|614|185|153|321|256|147|197|233|174|111|174|274|214|180|277|205|155|271|172|155|141|223|121|294|317|117|160|203|154|127|539|155|293|260|231|171|143|93|128|102|131|148|135|174|127|108|191|145|168|245|666|445|287|181|222|258|581|213|218|174|158|196|188|660|192|192|161|168|184|274|158|133|172|103|98|137|122|105|110|395|283|157|109|142|164|122|112|152|141|210|152|205|186|151|151|118|116|212|137|108|169|131|168|122|163
9,Mason McTavish,365,194|229|168|179|184|143|132|91|121|122|101|95|124|115|119|101|131|169|240|178|209|233|179|165|166|198|227|376|269|210|170|204|257|197|200|161|162|202|204|146|146|175|196|170|136|166|139|162|120|115|129|100|132|125|187|184|164|128|126|98|81|115|103|128|113|111|268|255|157|146|160|289|183|270|350|401|994|857|478|499|465|501|554|409|235|226|233|262|318|474|589|868|624|444|467|348|578|706|512|339|282|281|313|306|258|243|180|199|302|286|554|1000|688|426|318|368|352|258|166|245|205|167|374|366|260|270|250|188|260|239|193|148|114|237|130|171|196|236|174|129|188|209|203|230|212|158|130|120|90|146|200|247|166|1262|870|389|229|300|346|260|238|176|2180|1441|420|406|246|256|189|184|132|122|156|163|134|287|143|300|171|172|409|182|246|139|196|610|174|224|260|338|192|122|122|127|327|167|146|616|106|220|142|326|184|394|172|308|423|237|450|196|340|181|219|105|209|198|681|313|139|231|139|131|144|499|211|403|775|1269|771|318|384|175|502|176|612|208|288|170|247|267|149|145|366|200|176|141|215|218|164|237|162|245|219|252|356|206|442|393|373|240|404|218|348|336|423|170|208|101|293|100|146|247|130|152|508|403|163|436|159|182|131|159|125|184|282|113|120|210|115|130|316|132|202|143|124|145|151|110|121|130|218|168|173|199|178|111|183|158|204|230|387|327|243|158|792|207|303|197|893|337|248|338|225|324|186|213|132|165|214|261|326|213|556|280|362|415|280|287|223|380|181|515|158|232|359|143|116|223|154|366|121|285|298|99|125|139|92|184|130|120|216|163|396|138|294
10,Ryan Poehling,365,107|75|130|63|74|63|55|71|66|64|50|63|48|59|65|39|63|62|55|47|58|38|44|55|45|39|48|42|55|54|68|47|60|50|42|82|65|55|68|70|48|51|87|46|43|40|37|48|65|68|49|37|58|66|48|41|83|51|39|46|60|60|74|63|33|40|6945|2436|608|294|222|285|176|151|164|174|110|109|76|90|108|74|82|173|92|69|66|54|68|76|86|70|66|66|55|58|58|61|75|59|56|45|54|51|57|50|68|49|59|43|69|54|35|51|47|73|67|77|49|48|70|42|67|59|53|62|65|37|51|50|62|47|43|32|38|90|45|47|55|65|62|52|43|48|39|35|48|55|44|49|40|53|53|95|110|60|71|88|95|108|107|56|119|141|97|134|167|125|112|90|74|98|96|115|93|186|69|157|109|334|205|114|120|67|95|130|88|100|130|141|367|234|110|144|249|115|686|228|232|152|109|389|180|365|208|189|193|113|200|159|107|348|162|88|90|72|130|102|66|161|70|75|79|98|141|241|237|103|154|101|250|93|134|108|113|72|153|97|197|98|101|139|155|275|94|120|211|151|104|168|179|136|122|176|146|119|137|162|106|121|387|146|126|209|1430|271|254|85|116|70|114|109|94|103|88|72|62|106|82|140|85|258|89|150|151|63|71|102|81|82|201|81|143|70|98|50|53|41|58|67|65|54|56|73|56|56|78|66|69|68|157|138|113|93|147|116|403|111|137|189|131|179|787|433|198|114|90|240|154|139|115|95|201|77|94|177|120|240|81|91|73|155|70|88|70|62|116|122|67|249|79|216|121|74|130|221|88|102|87|71|115|317|252|95|127
11,Beckett Sennecke,365,221|140|187|229|166|105|117|97|96|107|213|116|130|87|159|121|96|166|257|145|182|162|91|155|144|207|166|132|179|126|109|129|164|112|114|113|97|111|94|94|100|97|111|73|73|122|129|83|124|92|112|83|73|104|122|124|90|78|51|74|64|113|120|93|84|96|206|181|136|199|1192|1222|412|285|180|195|282|164|111|97|118|102|93|103|77|90|68|80|102|158|117|88|71|100|89|58|53|66|45|49|70|70|53|82|51|45|45|44|36|59|43|62|61|50|37|46|37|39|42|46|49|37|40|34|48|48|45|43|39|44|41|42|50|48|34|30|48|54|57|45|69|62|61|56|51|59|48|58|93|130|103|69|80|89|74|58|72|89|197|63|70|96|80|89|75|130|93|216|112|115|121|145|216|186|214|2230|532|1089|455|447|953|339|398|192|260|223|169|424|322|243|196|269|206|160|170|117|112|261|195|882|286|393|304|377|268|431|1930|431|455|235|378|192|212|167|434|312|392|425|203|387|255|229|212|433|302|270|361|325|366|276|331|183|1542|373|1370|483|1672|669|495|484|279|327|363|285|253|237|418|328|314|230|209|235|213|318|246|250|368|334|296|290|705|219|336|623|265|319|199|185|229|122|172|461|282|216|595|510|275|325|209|241|152|238|154|4018|2766|487|503|514|249|235|465|193|496|238|155|162|166|125|110|125|181|229|173|198|189|174|233|171|180|182|426|384|335|284|694|381|897|355|895|303|392|1674|526|539|308|388|291|407|835|1314|357|343|368|185|180|239|186|268|199|656|577|596|261|277|427|293|199|409|282|440|203|310|580|197|185|194|199|384|233|232|393|263|252|182|341
12,Troy Terry,365,66|65|56|58|65|55|51|58|34|59|39|43|42|33|66|55|59|46|59|83|72|87|63|83|96|61|55|85|64|70|45|73|53|64|43|36|62|63|44|68|54|62|55|60|43|32|44|55|58|50|59|45|43|55|52|59|46|33|43|42|441|281|153|67|57|68|167|138|97|86|49|108|82|66|97|73|66|131|244|202|210|169|171|177|155|157|154|177|155|147|163|151|148|129|144|141|140|46|40|42|36|34|33|38|38|60|49|37|38|40|29|32|43|25|37|35|26|32|38|30|30|63|28|37|31|32|51|41|63|143|54|54|38|37|60|39|50|40|35|29|44|40|41|33|43|83|69|49|51|24|38|25|39|50|40|35|46|48|59|42|31|54|52|41|44|61|60|56|87|67|27|50|81|65|63|74|42|89|48|65|161|70|66|47|62|60|34|93|63|149|77|92|38|57|98|43|87|314|88|121|70|155|94|152|75|131|214|131|365|98|130|80|74|49|146|95|127|79|65|153|219|64|72|114|94|88|104|97|80|85|88|55|175|64|113|65|129|71|75|102|61|58|117|65|34|53|92|83|61|77|75|85|107|82|77|68|130|97|61|110|136|60|75|105|119|52|47|66|62|52|56|48|45|43|83|59|87|91|71|89|82|79|85|109|82|56|57|47|50|52|119|62|107|66|59|61|65|88|89|61|74|59|60|110|71|69|81|92|82|101|175|174|112|89|127|77|93|78|108|93|99|79|65|95|60|91|62|112|66|59|82|82|209|63|64|125|67|71|68|510|96|112|65|83|189|207|227|206|95|142|78|95|94|79|66|61|57|188|90|153|207|134|123|90|238
13,Frank Vatrano,365,72|38|33|35|46|49|41|42|37|45|45|39|42|55|42|45|96|69|49|55|72|82|46|56|49|49|65|69|42|36|50|58|55|63|54|59|70|68|51|73|37|82|69|46|45|59|43|64|52|40|69|47|44|54|102|158|121|51|58|60|67|115|61|76|69|60|71|57|38|49|56|92|64|67|57|95|52|51|44|54|51|44|33|48|46|42|22|33|32|46|73|51|32|23|36|34|32|49|63|31|26|26|32|36|33|51|28|22|40|37|35|54|41|31|28|29|28|31|39|26|32|45|34|27|40|33|38|32|33|39|36|45|24|36|42|37|42|34|23|69|56|59|69|33|44|30|49|40|36|38|33|44|50|35|40|32|41|43|66|28|66|48|48|42|49|87|59|70|84|58|50|134|123|81|76|100|37|98|73|79|130|73|91|64|73|84|36|98|153|183|64|59|46|65|76|48|69|88|43|162|75|107|75|80|44|189|113|74|104|69|84|64|67|43|70|56|224|72|63|105|81|70|67|78|56|56|71|58|72|63|59|66|98|67|140|35|102|52|80|79|48|67|237|67|71|52|456|274|116|114|91|53|73|108|68|49|59|68|74|69|87|101|65|79|67|47|43|71|58|58|46|70|60|50|86|66|64|56|59|75|51|60|53|76|65|60|63|73|74|41|99|60|79|76|45|59|46|32|59|59|82|64|71|68|49|65|104|102|130|131|177|139|96|72|75|69|83|55|73|51|104|210|104|153|96|56|60|60|65|65|93|62|74|51|39|46|62|50|42|62|47|54|35|48|59|55|61|40|68|85|54|72|50|40|56|66|44|97|52|31|45|37|49|45|67
14,Jeffrey Viel,365,16|10|11|10|9|5|8|16|16|14|13|13|12|16|6|14|15|12|11|11|16|12|14|13|17|11|10|10|11|17|11|14|10|4|6|8|11|13|7|12|14|16|12|10|10|16|6|11|5|7|13|10|13|13|18|20|10|10|12|8|9|11|29|5|12|10|7|12|10|12|9|15|10|8|14|11|15|7|8|7|6|7|9|5|3|8|6|2|13|4|9|8|3|8|14|11|6|5|8|5|16|4|3|8|5|5|8|12|6|14|4|10|3|14|9|13|19|15|10|9|13|3|7|9|8|8|13|4|9|5|11|11|8|13|7|4|7|6|3|8|8|13|11|6|10|7|3|7|17|11|10|17|9|12|4|8|91|34|24|17|19|17|123|207|48|44|14|19|21|25|98|179|135|84|52|45|26|38|33|26|23|59|279|39|40|31|37|375|84|101|35|30|19|14|19|15|28|28|25|14|13|19|15|19|22|80|22|35|328|43|81|42|289|44|40|31|150|57|44|19|29|20|24|27|27|10|53|13|26|15|18|22|22|19|20|13|24|17|31|16|16|15|11|22|19|21|25|64|24|12|66|24|33|16|9|20|22|19|16|32|20|21|20|29|25|22|21|36|35|25|28|23|24|1372|507|628|297|464|126|376|100|185|77|92|75|42|38|60|22|32|35|38|50|28|24|29|28|25|39|17|34|27|15|25|14|30|24|25|22|15|22|20|34|21|41|28|82|20|52|28|36|61|65|170|48|43|33|73|100|305|89|357|1359|346|78|108|40|160|55|49|18|48|28|26|57|29|36|106|34|188|54|161|34|35|49|47|32|50|30|35|186|47|63|51|57
15,Tim Washe,365,21|33|12|14|15|7|17|11|18|20|19|20|24|15|23|27|14|19|24|18|24|32|17|24|28|20|66|31|21|8|16|27|19|24|24|16|8|16|21|9|10|10|11|8|9|14|18|6|12|12|11|22|6|22|15|14|11|11|16|15|12|17|32|9|11|7|10|16|11|11|10|19|37|27|27|32|21|14|18|26|16|14|34|18|9|4|6|5|4|8|3|12|7|13|10|10|7|10|12|10|5|14|8|11|14|16|15|18|23|59|33|8|10|13|5|12|12|8|14|57|8|11|11|11|10|9|7|8|6|12|18|14|12|16|16|17|8|6|17|12|16|8|9|10|16|15|11|10|25|20|22|22|13|9|17|19|16|18|19|15|28|15|19|13|16|29|15|34|30|19|22|29|31|33|42|50|41|22|13|19|23|20|26|16|24|22|16|18|14|15|20|22|15|21|9|17|14|13|12|14|16|12|14|18|27|28|12|17|34|14|19|31|19|13|13|20|22|13|13|15|11|10|8|9|9|21|4|16|11|12|8|13|22|10|18|15|15|15|22|17|24|16|18|13|12|9|15|4|12|7|10|12|9|11|25|27|19|13|12|16|10|14|5|20|57|88|74|34|44|22|22|73|31|36|577|114|50|67|48|64|19|82|15|58|47|29|26|59|26|15|72|27|92|34|27|23|19|15|20|33|27|15|28|26|14|15|15|19|15|24|28|28|28|25|35|27|66|29|47|27|28|50|50|63|44|58|24|145|58|45|32|43|81|21|31|65|27|60|25|75|19|54|26|39|45|26|18|60|15|100|22|34|32|16|35|33|24|49|28|25|34|23|19|26|39
16,John Carlson,365,251|155|186|385|534|233|345|185|285|294|477|113|219|754|154|142|142|188|229|455|182|4470|445|383|223|278|139|184|393|130|120|118|99|95|106|84|106|85|96|90|131|215|115|115|117|166|109|108|107|79|114|70|153|189|106|100|117|49|78|89|86|113|84|76|71|78|77|97|73|107|95|113|68|68|97|106|83|93|61|83|71|78|79|63|119|60|48|66|87|67|70|56|66|81|71|58|67|81|59|50|50|53|70|52|66|52|57|53|65|41|59|107|90|57|49|43|58|47|50|62|55|54|48|73|85|66|73|60|63|66|52|125|66|67|56|62|61|58|94|69|111|176|84|88|99|75|93|70|87|110|101|118|74|122|117|120|127|83|82|96|133|126|101|108|94|90|93|107|290|107|104|92|119|156|282|81|95|134|153|146|153|77|114|156|162|80|87|118|88|82|204|114|80|83|130|87|80|137|111|107|91|92|344|173|108|186|125|72|169|84|82|85|144|111|248|73|203|147|136|126|99|193|93|224|109|152|162|117|110|129|157|104|123|133|134|189|135|148|183|151|134|200|121|127|92|238|135|135|125|141|302|125|152|218|247|166|226|273|174|194|208|175|139|246|308|182|187|251|148|140|109|246|117|194|128|179|160|126|106|156|130|175|129|101|101|120|92|174|141|132|116|177|188|114|213|116|101|118|101|145|162|124|139|195|136|123|254|154|272|196|523|309|221|165|217|151|196|150|132|125|184|193|16851|7623|1985|1133|673|479|520|352|404|570|923|317|239|382|199|508|382|379|191|399|192|274|244|185|154|517|214|278|125|220|200|145|133|154|127|1101|349|270|265|255|284|148|347
17,Radko Gudas,365,293|179|120|198|210|169|161|130|119|116|112|110|116|129|218|145|145|175|220|183|219|296|242|270|369|173|174|241|654|521|226|365|268|209|295|242|184|251|139|147|153|190|179|125|90|105|120|125|326|95|281|90|186|232|123|176|140|86|156|204|151|372|189|112|117|148|159|118|94|96|129|169|123|116|145|155|102|107|99|99|96|97|79|92|91|78|50|57|58|53|84|58|61|54|61|80|65|61|49|50|44|41|47|38|56|76|64|75|84|75|101|57|94|88|49|81|94|58|52|73|36|73|67|58|62|65|63|48|56|48|68|65|69|54|49|64|52|71|77|76|81|82|120|64|73|52|79|63|71|53|80|85|93|66|93|90|68|93|128|111|113|102|103|92|100|191|95|84|96|104|102|108|139|120|150|233|106|186|114|139|327|140|245|114|122|174|107|186|130|158|163|117|95|165|169|139|122|136|100|180|114|217|134|206|140|251|303|194|288|123|189|124|123|126|269|132|768|266|149|278|129|119|142|219|164|145|218|137|217|120|215|102|469|127|189|103|240|131|137|195|115|127|261|109|92|91|216|212|118|316|151|108|109|118|163|130|164|178|125|143|234|178|163|363|1471|250|264|141|196|133|118|280|157|111|218|205|95|223|143|199|127|188|125|307|370|110|136|238|102|155|326|141|308|235|247|239|202|204|262|391|3081|1217|384|693|341|1387|13120|7037|2409|1253|2710|1291|652|1383|1311|576|491|321|477|280|348|258|312|869|342|357|190|180|225|9888|16458|5557|2884|2089|1278|794|721|463|431|419|339|757|457|394|381|656|1586|6664|1336|676|445|420|298|231|192|216|182|587|449|289|570|377|285|250|393
18,Drew Helleson,365,46|31|17|17|14|17|13|8|9|22|17|15|14|12|36|16|27|21|22|11|19|11|9|12|14|10|8|24|7|18|21|18|9|7|15|9|17|23|14|16|15|15|13|12|11|12|9|5|21|11|17|10|12|54|32|31|16|17|14|22|9|40|14|14|16|16|29|24|22|30|18|34|22|15|21|30|29|17|27|36|22|19|8|37|34|25|22|16|21|21|7|116|48|30|33|19|12|9|20|24|12|9|15|11|20|15|19|20|4|17|15|19|11|13|10|17|8|10|13|9|10|12|17|11|8|7|10|12|4|12|8|11|17|25|18|19|14|7|13|17|10|15|14|12|14|13|16|12|16|8|18|10|16|30|19|21|19|9|66|22|19|16|12|14|22|13|15|30|39|25|21|17|36|23|22|53|18|51|21|20|136|49|44|24|25|19|13|35|72|94|38|28|16|32|23|20|17|40|23|47|26|83|100|78|41|139|92|78|191|40|78|92|80|78|80|53|111|40|27|61|34|22|33|75|35|34|41|45|20|26|37|20|53|27|32|18|48|25|27|53|28|33|52|35|28|23|37|37|37|37|47|23|24|24|46|26|61|38|25|47|68|30|25|47|50|31|43|25|42|27|33|40|23|23|49|30|29|30|37|57|24|42|27|42|54|26|21|34|21|28|49|26|42|32|26|22|44|29|45|47|61|27|45|53|37|36|47|43|50|65|133|117|68|46|61|26|51|30|55|51|39|38|70|41|36|43|25|38|24|23|29|22|29|36|10|26|18|23|20|28|9|20|35|24|28|15|16|25|10|74|20|38|19|31|24|26|17|22|14|17|20|24|50|31|34
19,Tyson Hinds,0,
20,Jackson LaCombe,365,63|41|30|32|24|34|46|44|21|21|21|17|28|42|28|50|54|66|59|68|60|107|85|80|69|36|67|51|37|88|133|83|176|50|100|43|753|844|465|159|124|80|52|46|31|32|20|38|34|18|25|19|22|28|56|43|28|20|22|31|21|30|28|34|27|30|24|50|13|33|27|56|31|37|32|46|40|23|37|45|52|92|39|49|55|29|20|32|29|68|47|49|39|51|27|25|15|25|23|25|34|29|34|21|25|21|21|24|24|24|24|25|29|21|29|25|18|16|21|20|24|18|24|152|116|47|43|28|35|36|33|37|36|36|29|41|26|34|32|31|41|37|36|42|32|28|40|21|18|18|35|44|33|28|38|30|36|34|66|59|49|32|37|58|54|77|65|4439|2174|569|266|394|370|268|196|182|88|137|185|112|219|89|138|64|74|88|81|94|78|115|82|61|43|59|75|53|52|116|63|102|72|148|110|127|65|126|204|107|315|72|133|129|206|60|278|73|160|80|60|258|66|72|54|213|78|72|81|71|66|60|94|53|122|72|133|61|181|95|82|96|62|44|261|163|74|78|79|73|88|108|74|51|51|45|59|56|80|101|58|137|323|72|74|88|99|75|65|75|77|41|37|73|54|44|76|53|41|82|2391|1616|525|279|220|212|662|155|146|186|162|154|314|231|625|386|398|592|448|443|452|545|1044|647|850|959|447|286|808|593|1157|819|10618|5260|5509|7696|2393|1055|687|516|534|315|294|237|301|612|258|223|120|205|136|298|213|239|188|117|132|177|121|114|104|283|110|194|121|168|177|93|78|161|78|138|108|127|105|86|122|106|62|127|100|99|125|126|243|82|202
21,Pavel Mintyukov,365,53|46|26|40|44|25|35|31|35|35|31|24|20|18|21|35|24|31|62|38|39|37|28|36|23|37|36|36|26|24|25|30|31|32|39|24|27|24|34|34|28|25|29|20|18|26|27|32|30|11|32|30|19|32|50|46|28|18|20|26|33|25|32|24|36|37|59|29|35|45|53|91|43|50|43|58|52|34|28|105|55|38|72|66|52|30|24|32|33|54|44|35|27|55|39|17|30|36|24|23|12|28|16|29|25|16|17|17|19|13|32|27|17|19|22|25|14|21|29|13|15|21|17|30|17|19|23|14|17|15|24|18|25|23|17|19|14|21|23|19|17|16|17|15|27|21|25|21|17|18|21|24|25|33|22|28|29|33|23|34|53|28|29|32|30|28|33|65|40|32|37|40|54|40|45|45|39|65|53|47|109|59|63|38|32|41|45|59|32|49|43|37|43|39|54|52|26|68|26|67|47|103|61|105|58|70|112|83|92|45|47|47|47|31|70|45|490|402|195|246|207|162|132|99|84|55|67|53|176|78|67|45|70|43|66|73|49|57|67|70|49|40|90|51|38|57|53|122|45|55|37|47|37|31|49|32|87|46|45|53|64|50|67|76|51|55|42|42|47|38|53|59|35|44|55|79|54|58|40|37|44|114|65|87|78|45|40|61|39|37|91|29|69|57|46|53|43|40|46|44|45|26|44|42|37|41|62|43|45|53|64|55|57|64|94|47|138|56|83|53|71|149|146|75|53|67|25|51|48|84|70|33|48|34|26|242|72|55|44|57|31|65|40|66|39|31|25|167|42|52|33|31|33|27|42|44|25|67|36|31|61|49|45|33|59
22,Ian Moore,365,14|12|2|8|8|4|6|6|7|42|6|7|7|4|11|16|5|9|10|7|5|10|9|10|3|6|5|10|8|12|3|15|15|8|7|7|6|11|23|15|8|4|6|10|6|17|8|7|9|10|11|11|22|7|13|13|6|4|7|10|11|13|14|2|8|9|9|14|7|10|10|14|12|21|9|18|10|16|9|13|16|14|6|11|15|10|9|6|11|8|5|5|8|8|12|8|7|5|6|9|4|11|7|12|6|8|6|9|5|9|3|7|7|7|5|6|7|8|7|9|7|5|8|2|22|6|9|3|5|6|7|14|8|6|12|7|9|11|7|6|5|10|12|6|17|1|16|4|18|9|8|19|10|9|14|15|21|10|12|7|13|10|13|10|12|24|8|25|25|28|14|21|20|19|29|23|23|13|14|8|15|19|28|30|61|103|32|40|58|50|36|22|17|42|46|19|15|43|17|72|44|94|30|325|65|78|91|40|119|37|49|28|52|29|263|53|474|126|43|50|31|40|22|24|29|28|33|24|44|32|47|24|29|28|26|22|32|24|22|47|25|20|71|40|13|19|50|40|29|33|36|21|21|19|43|15|30|40|23|22|70|20|32|51|43|28|19|23|35|25|23|55|20|15|81|56|27|36|22|45|20|60|19|39|51|20|18|52|14|23|57|21|49|33|18|26|29|31|37|61|30|20|28|18|21|18|21|39|15|17|20|23|21|33|137|28|80|22|50|26|46|47|122|95|44|61|19|44|94|105|43|39|46|25|21|33|28|127|28|44|23|42|18|32|36|19|16|78|27|29|11|41|32|18|31|30|21|42|36|22|28|23|35|27|55
23,Jacob Trouba,365,276|231|231|209|271|235|243|204|325|632|408|142|216|221|282|157|406|516|421|197|229|246|219|387|631|153|129|157|154|255|327|826|158|414|197|485|209|172|172|192|182|293|175|136|105|139|139|129|359|131|394|138|182|144|325|561|317|146|134|111|127|437|209|166|133|147|151|141|135|116|120|156|113|149|241|238|149|123|87|84|239|116|129|119|101|78|91|104|129|125|96|104|78|87|93|83|73|89|104|101|80|73|103|77|76|72|65|82|94|77|71|103|93|84|110|87|79|81|67|79|61|71|74|56|71|66|67|72|62|62|73|85|70|94|78|86|87|64|76|70|73|121|98|87|101|76|83|98|90|92|90|524|237|165|138|126|103|91|125|108|142|108|105|92|136|151|96|141|133|151|131|152|232|429|177|246|182|247|224|172|338|202|279|182|274|195|151|159|181|360|213|116|216|209|234|117|167|300|158|208|126|361|196|309|237|605|486|247|377|204|300|165|151|150|193|219|250|199|173|264|147|145|134|166|147|143|164|119|148|158|210|144|1083|457|597|223|215|199|252|243|263|279|904|279|154|148|168|211|130|187|174|129|131|125|160|162|238|187|145|198|315|206|187|497|267|138|191|190|234|148|172|219|225|200|266|168|174|307|213|192|126|165|179|199|331|159|159|243|143|157|235|132|464|332|195|145|142|113|101|103|149|143|115|161|135|154|194|163|153|166|475|526|608|801|598|308|572|201|273|192|213|186|274|308|184|258|172|372|252|293|214|153|166|157|136|146|94|181|122|156|150|129|107|108|154|123|109|144|105|171|99|165|124|106|128|116|93|116|100|101|126|110|121|102|155
24,Olen Zellweger,365,75|73|73|67|60|64|54|48|41|55|44|34|36|38|42|39|40|65|56|80|60|60|56|51|43|36|47|45|48|33|54|39|44|63|48|39|60|78|38|65|35|50|55|45|39|44|26|41|25|25|42|51|30|32|77|46|50|29|34|42|29|34|40|29|29|22|79|79|42|69|75|84|54|44|66|55|37|40|37|43|53|63|54|45|53|32|46|45|27|77|124|202|155|130|85|50|32|51|29|50|31|29|26|25|36|19|24|36|17|28|33|37|34|31|37|32|30|35|18|29|25|28|28|23|27|20|35|28|26|18|28|29|26|38|28|28|21|22|23|17|32|24|28|27|31|39|48|39|27|33|27|41|34|31|29|31|33|33|63|38|38|40|45|37|40|72|41|91|60|60|48|41|57|55|55|166|52|126|64|65|139|63|109|37|72|96|48|77|39|85|77|47|45|38|76|67|37|140|35|92|45|149|119|308|67|402|269|130|285|104|120|83|104|57|529|158|208|179|72|251|80|61|78|232|174|136|289|178|149|97|106|61|153|80|189|109|152|50|75|107|68|52|172|74|77|57|92|92|53|158|82|93|78|104|90|58|116|149|88|77|257|68|307|297|129|67|92|131|244|80|49|129|58|41|160|104|51|94|59|87|50|144|91|273|429|79|50|175|43|60|115|35|96|62|37|48|69|46|58|55|57|48|46|48|29|39|40|53|36|40|83|1647|1519|1212|471|168|377|155|189|84|88|150|118|164|91|93|76|123|94|129|139|142|136|60|43|109|123|102|75|121|55|85|58|102|314|111|69|115|66|131|61|104|98|43|58|317|196|136|104|57|68|72|61|51|78
25,Viktor Arvidsson,365,89|71|78|77|348|99|503|84|308|57|303|70|326|87|429|84|75|55|68|235|58|628|207|296|107|215|93|188|91|62|80|92|109|104|131|63|117|158|153|236|725|177|926|175|142|150|146|123|2029|393|1282|183|168|409|99|127|319|176|358|77|99|324|198|129|103|73|207|179|202|210|129|115|120|120|5057|1177|395|215|144|163|174|156|135|111|108|104|115|87|64|70|95|75|55|52|74|55|51|57|47|56|61|73|51|56|45|45|63|51|48|41|54|64|53|65|53|46|74|60|36|34|46|26|49|59|75|43|50|31|43|63|56|57|56|108|83|60|63|59|78|65|52|60|44|49|61|43|52|54|57|74|59|53|89|85|92|84|139|111|80|89|108|63|73|75|97|133|63|80|59|134|102|106|156|285|700|307|204|222|274|103|80|70|145|64|105|118|78|323|82|162|293|170|129|197|100|47|132|293|121|76|67|203|78|99|78|483|92|90|173|83|116|59|941|121|161|63|66|62|67|73|69|50|52|42|58|48|87|73|81|142|63|323|98|142|61|47|108|70|100|75|84|50|51|64|80|111|67|67|64|56|211|79|50|53|85|63|87|59|312|92|72|138|49|66|92|58|64|219|276|256|72|249|61|307|122|265|79|74|113|49|114|79|282|70|145|180|60|220|75|87|741|103|79|146|70|59|58|58|58|79|75|68|70|54|55|62|88|63|81|62|80|103|95|75|94|360|138|85|77|76|128|88|205|557|371|136|119|141|108|73|126|57|76|76|141|85|213|73|150|62|68|109|354|62|276|287|534|257|1365|302|149|152|207|66|106|147|68|73|135|88|61|76|151|82|102
26,Michael Eyssimont,365,44|49|73|48|46|56|48|37|53|39|36|31|45|66|46|29|31|89|86|49|89|133|71|61|91|55|77|34|52|60|74|62|132|70|92|63|489|526|347|100|53|63|50|40|35|90|60|105|90|94|97|95|83|74|87|84|47|28|18|27|35|44|59|67|58|61|29|33|26|71|71|52|46|43|1398|790|252|104|108|95|83|77|86|90|65|38|44|55|59|53|47|28|27|35|47|45|30|37|30|43|74|36|47|43|24|37|30|33|46|40|32|30|38|28|21|23|17|24|19|25|23|26|24|18|32|34|34|20|40|36|36|31|30|31|18|21|29|22|28|32|21|43|107|61|100|37|31|35|30|34|26|38|34|48|49|71|56|52|79|2137|409|183|170|121|75|84|47|49|50|129|94|111|134|298|537|396|114|159|218|115|71|37|308|79|230|59|72|355|70|73|319|121|76|161|364|66|224|112|51|39|41|141|42|162|58|372|65|60|171|59|78|46|171|47|90|45|223|64|93|56|154|53|41|76|78|44|70|46|42|120|29|112|53|83|55|51|49|49|71|46|59|191|42|604|63|106|41|111|76|55|101|33|32|31|57|38|57|39|62|73|54|73|48|64|70|45|48|65|74|64|39|73|37|51|34|57|43|43|42|37|53|34|63|36|76|96|39|81|61|74|439|79|81|1466|119|69|169|163|82|59|65|80|66|67|56|55|42|37|58|44|141|123|98|60|61|152|107|56|66|77|130|83|82|69|102|67|37|62|30|30|102|51|56|66|114|40|38|47|65|29|51|45|39|27|41|48|56|33|53|45|32|138|57|35|58|54|48|44|79|110|90|40|138|56|45
27,Morgan Geekie,365,150|126|106|106|91|376|217|276|437|117|95|84|90|483|104|79|65|121|89|89|92|63|61|70|76|75|101|88|71|67|59|85|83|60|67|82|76|116|77|109|70|114|86|63|76|54|62|67|76|82|100|108|72|106|55|52|57|63|105|58|39|123|88|87|83|57|76|77|87|98|113|191|129|2492|432|228|121|88|69|62|65|70|52|59|63|53|80|41|58|44|31|37|37|64|48|46|46|42|36|44|44|39|37|34|26|42|41|32|25|45|39|34|43|33|48|36|43|23|23|34|43|28|28|31|76|175|148|45|60|40|75|55|74|76|56|55|43|36|37|41|44|58|30|58|46|41|36|38|43|54|56|49|50|58|64|64|130|102|119|83|68|66|64|123|94|203|87|70|314|146|160|154|153|209|646|266|146|214|1375|299|278|102|150|150|168|96|120|499|136|317|360|266|324|531|549|880|801|431|198|120|145|204|159|671|228|1314|261|277|871|293|464|212|653|258|376|185|919|389|3834|1092|1875|594|551|663|1241|536|4253|1349|1144|770|668|1493|1352|1892|1559|2125|1921|1277|2296|608|489|352|261|2266|1284|1088|404|1927|482|421|620|263|324|611|473|429|782|731|842|548|695|911|253|242|570|221|243|2610|1483|513|808|1154|319|382|201|267|156|200|345|191|295|150|1438|289|748|1017|315|532|337|692|3978|291|305|382|260|153|140|145|133|223|211|130|135|163|117|122|123|111|156|167|335|270|180|177|208|717|617|219|150|182|466|164|487|640|529|386|279|251|165|161|387|140|232|309|215|139|171|109|407|104|137|256|260|95|123|201|114|110|206|143|144|201|633|211|467|892|207|144|1477|283|362|443|353|137|159
28,James Hagens,365,417|203|157|193|110|135|166|147|120|98|121|127|121|129|161|197|184|3068|7271|1853|905|477|313|295|270|214|213|222|179|140|137|184|194|161|181|177|200|222|184|264|253|267|235|213|212|223|204|236|363|339|492|315|334|358|210|213|177|138|154|152|163|355|327|321|374|312|846|1548|1510|1791|5520|34256|5640|3454|1781|966|801|589|419|408|428|464|388|309|184|179|188|249|201|198|225|151|142|125|124|120|148|113|144|113|114|157|164|147|174|122|87|109|120|147|114|121|135|179|100|113|85|96|91|114|94|100|129|93|89|85|98|91|79|83|103|89|78|82|108|70|71|97|98|99|100|101|72|94|102|95|96|117|91|81|106|142|132|135|157|117|198|215|153|240|143|142|160|150|154|154|138|134|245|255|155|181|284|399|474|454|248|402|261|207|201|208|258|296|250|184|174|432|174|310|228|176|158|259|175|158|242|160|119|189|143|198|195|254|254|270|157|178|259|180|155|411|263|198|166|201|195|189|353|218|183|149|114|188|270|359|204|228|363|141|143|148|176|253|171|162|209|153|149|176|169|148|165|175|165|145|147|148|331|197|291|266|710|925|569|356|1901|441|460|369|910|349|370|294|193|171|157|194|177|124|129|188|137|175|345|165|109|153|150|138|150|244|153|149|182|169|160|239|253|188|463|443|243|232|188|147|128|121|1111|361|208|167|165|195|179|225|206|191|184|459|655|613|473|370|273|389|299|348|502|319|284|374|368|372|347|213|164|197|238|362|404|249|239|197|186|178|303|975|737|751|3920|1547|886|397|367|910|373|282|291|218|254|212|340|403|202|1624|3638|2055|1353|2409|2838|977|1436|564|558
29,Tanner Jeannot,365,76|70|61|58|196|110|133|84|106|45|176|74|68|97|138|75|44|57|79|65|50|48|49|39|46|47|63|57|71|65|36|61|59|49|53|52|43|54|70|82|56|65|80|61|55|56|27|40|59|38|47|38|42|56|49|50|37|34|29|34|63|77|71|149|255|137|134|99|105|123|175|184|97|309|6743|2561|930|402|273|215|303|325|234|117|109|73|160|117|102|68|122|118|67|54|71|65|78|70|68|56|51|56|51|79|80|77|71|59|70|77|60|66|62|45|50|55|44|71|32|33|45|38|39|32|40|48|33|36|34|35|65|30|41|48|26|41|52|41|49|38|29|48|49|45|58|59|35|37|47|46|37|73|89|48|77|81|140|82|63|96|78|69|63|68|79|146|91|62|74|126|90|92|134|924|754|1129|191|201|260|89|89|64|328|71|144|137|81|125|66|503|126|100|85|109|106|51|96|84|49|53|55|88|66|127|61|279|58|82|212|69|257|92|1154|245|221|101|126|97|164|69|109|63|34|354|106|67|136|83|67|101|71|72|59|81|67|54|110|60|102|56|61|67|44|71|59|103|76|200|130|50|796|170|90|74|86|65|69|64|64|75|54|76|65|54|136|64|96|125|113|70|69|121|68|96|84|84|60|82|162|57|182|77|150|72|166|152|60|188|68|79|569|64|100|699|141|88|72|59|48|48|59|43|36|52|47|54|57|53|45|44|67|75|61|54|75|90|784|855|278|165|157|124|274|190|126|87|112|135|91|109|110|69|63|136|140|56|144|55|105|64|70|181|92|53|56|182|186|117|88|75|101|142|84|55|75|54|53|57|213|73|69|113|149|125|73
30,Mark Kastelic,365,45|36|46|60|45|31|31|48|49|41|28|33|51|36|65|54|40|37|42|48|44|39|53|52|46|38|56|46|40|40|27|37|31|17|33|21|42|58|57|56|29|19|43|27|31|24|38|24|24|25|28|25|23|21|35|21|29|28|43|39|23|32|28|22|20|26|42|22|24|33|26|38|43|31|68|66|45|33|43|44|27|25|39|29|20|23|25|20|19|28|26|18|18|20|49|18|19|26|27|20|23|15|19|29|13|18|25|36|30|19|15|22|25|30|28|21|26|20|15|21|22|24|26|23|12|18|24|21|23|17|24|24|29|34|22|16|26|21|23|35|22|30|21|34|23|22|26|27|22|27|30|35|34|22|28|33|52|26|45|60|34|29|45|39|30|33|33|39|51|153|107|55|61|92|210|115|90|565|142|59|57|46|122|56|142|140|84|125|69|97|82|69|69|104|77|34|187|207|59|63|50|76|37|195|42|250|31|52|331|83|259|59|307|83|92|66|91|61|193|54|90|48|59|87|91|66|1863|312|212|231|73|108|74|125|73|63|411|99|213|85|79|120|48|88|62|108|48|193|165|127|116|61|95|60|90|63|183|54|133|61|48|113|48|52|78|61|169|566|332|229|148|265|72|346|94|153|59|101|145|68|162|93|145|75|160|93|66|165|71|78|607|109|103|164|57|51|45|46|58|43|63|44|57|45|50|32|31|38|60|50|110|79|52|55|58|94|75|53|39|54|86|33|62|74|123|43|74|158|94|69|385|69|159|499|80|59|131|53|213|61|91|94|88|43|217|338|329|133|146|125|136|89|112|59|87|72|45|50|65|83|296|274|456|103|93
31,Marat Khusnutdinov,365,58|50|54|70|51|50|43|46|64|43|31|31|48|50|78|40|25|33|49|26|33|22|25|38|33|29|25|27|58|47|24|59|42|28|30|29|34|40|55|62|36|30|32|35|32|23|24|24|38|27|27|31|25|22|64|42|44|49|39|37|33|40|33|34|23|24|46|36|36|49|47|64|203|196|126|74|61|36|41|42|42|33|43|27|26|35|27|37|46|40|49|58|41|39|31|30|22|51|30|72|58|37|32|43|21|33|25|27|31|27|20|25|20|27|23|25|24|23|22|27|20|31|26|13|22|23|17|20|14|24|20|20|25|24|17|12|25|29|24|27|24|34|23|17|16|24|26|21|24|18|25|31|27|20|34|23|41|48|38|218|50|45|53|49|60|55|37|43|66|82|53|70|96|270|355|228|101|140|85|64|68|47|62|39|61|168|51|76|33|50|51|40|69|94|93|129|1973|510|156|77|75|2411|360|389|131|422|125|115|288|83|154|76|1091|260|142|90|133|32|197|83|164|43|40|90|105|74|117|55|50|166|48|66|45|95|47|36|118|48|152|110|233|254|56|168|59|213|59|183|94|61|487|62|65|57|119|74|100|56|105|83|68|102|49|67|111|53|150|4125|3295|644|247|344|115|778|201|520|163|98|121|71|127|90|174|83|165|233|93|496|114|148|392|67|120|286|122|73|76|76|68|63|56|45|56|63|60|56|68|206|97|70|111|76|65|69|61|87|89|53|51|78|708|140|291|155|202|105|92|136|88|81|125|63|129|178|103|62|103|54|462|73|132|149|155|71|230|187|155|355|385|127|92|106|128|59|93|104|70|47|102|147|149|90|194|182|144
32,Sean Kuraly,365,147|70|46|56|36|31|36|37|51|36|39|27|30|33|34|20|44|27|23|45|19|28|33|33|38|38|22|23|14|28|27|26|27|38|26|28|60|75|52|42|34|36|37|41|28|33|36|37|38|31|44|30|33|38|35|24|25|20|21|19|42|35|78|62|38|39|32|22|27|34|77|53|37|72|2446|1665|521|183|154|122|108|174|140|91|69|42|70|208|117|76|43|46|35|33|41|42|37|36|42|38|43|27|38|50|39|55|44|38|46|51|44|43|42|51|42|42|30|31|23|34|30|38|58|39|28|42|21|32|27|23|29|33|45|36|37|39|33|25|31|37|58|53|53|48|261|141|467|202|110|78|60|66|84|163|135|82|125|69|48|84|64|46|123|127|91|356|54|55|54|103|83|75|113|265|735|354|122|539|312|153|103|77|187|49|143|90|85|249|157|158|158|175|177|165|150|121|170|176|143|153|125|147|91|595|195|259|111|130|246|105|114|98|167|84|225|67|126|82|202|97|130|66|66|119|109|92|116|65|74|104|62|103|73|113|64|70|311|97|486|94|72|99|54|117|123|136|89|106|135|95|284|58|61|100|451|76|102|56|108|104|70|81|59|70|123|76|388|237|166|143|125|132|85|208|86|155|73|86|122|86|151|73|113|89|113|114|82|142|75|82|354|70|81|124|125|86|140|75|65|54|67|57|61|49|62|41|55|45|57|65|104|127|81|80|127|811|262|85|83|87|95|54|85|107|93|62|56|81|118|127|89|52|67|125|64|75|77|60|106|54|45|104|95|51|53|486|144|99|109|69|68|76|123|44|77|70|68|52|78|200|400|116|126|52|68
33,Elias Lindholm,365,133|107|96|124|189|153|214|119|95|126|103|94|101|101|136|106|131|140|167|159|153|214|264|254|282|162|197|244|395|547|285|270|387|288|272|247|283|400|376|221|131|238|183|117|159|163|143|125|159|105|270|111|94|120|90|98|149|126|127|101|80|269|162|139|101|110|144|119|100|109|109|179|123|157|207|191|133|139|214|217|204|196|214|219|202|181|172|168|200|180|186|178|171|176|168|172|162|73|67|51|58|63|67|78|87|56|53|48|72|73|66|66|71|59|65|62|45|45|48|47|52|43|61|57|150|67|72|51|53|57|57|46|71|68|61|59|61|65|61|57|62|95|62|76|67|57|58|50|70|60|52|59|74|58|71|71|74|60|83|87|70|85|78|72|109|140|61|78|67|143|104|103|126|240|770|502|223|228|241|136|112|99|156|86|199|108|121|281|132|150|125|130|120|129|234|117|460|177|133|125|127|124|130|127|130|220|137|94|182|102|98|77|190|196|139|95|147|109|148|113|310|120|100|129|184|122|212|132|152|189|120|164|118|162|91|116|200|119|273|197|208|183|106|191|115|213|104|320|119|106|194|110|96|90|150|115|282|123|391|233|199|383|165|183|175|145|234|225|195|176|139|151|131|138|119|218|165|192|183|157|206|144|206|155|405|320|157|230|129|138|305|117|157|198|238|229|183|179|199|599|347|366|391|255|200|438|1025|323|228|212|431|323|214|173|164|206|208|137|127|127|189|136|214|324|258|166|124|152|96|161|159|108|141|151|171|127|157|98|272|109|155|159|164|68|143|222|125|114|199|115|113|118|189|84|152|185|99|79|139|108|107|87|132|106|130
34,Fraser Minten,365,103|96|100|117|102|140|94|82|80|100|95|73|95|71|101|56|78|96|107|88|135|100|121|109|86|106|81|88|109|92|80|397|153|107|116|125|129|145|131|112|84|90|87|70|62|212|75|61|84|60|48|54|57|53|53|74|62|54|41|48|41|51|67|52|37|42|62|80|67|60|87|187|137|138|186|189|214|171|105|113|84|104|157|105|61|45|55|41|51|46|70|59|44|64|46|53|37|36|43|52|45|37|43|22|40|30|36|28|38|40|42|36|48|42|42|26|30|27|31|37|33|30|39|17|25|31|29|25|40|44|38|34|27|45|51|49|41|36|42|41|29|54|49|42|44|62|183|229|123|131|109|62|71|49|65|89|130|92|112|138|112|116|98|80|113|134|65|63|92|305|264|283|329|498|455|7510|924|610|426|186|189|152|155|102|201|163|109|128|111|160|128|149|139|283|323|122|281|234|109|92|90|261|148|274|200|4024|597|390|567|216|203|132|319|141|279|203|182|94|177|168|265|173|104|490|341|175|443|157|119|159|74|152|104|816|102|121|1373|277|208|154|148|126|104|177|110|194|104|256|167|135|210|116|128|148|143|115|247|215|235|168|138|6544|824|435|483|302|251|1245|641|233|293|1028|314|292|290|353|160|176|281|168|277|209|1651|404|520|492|563|2933|1209|1656|2545|559|428|533|220|178|158|155|163|136|134|129|132|150|121|116|113|112|199|242|260|255|174|254|365|327|368|347|537|461|525|393|351|346|419|229|245|271|275|353|1018|729|345|497|246|204|328|225|480|316|851|523|473|258|290|455|431|471|407|458|415|314|349|206|176|192|195|200|313|223|324|458|779|298|237
35,Casey Mittelstadt,365,109|136|269|142|188|131|174|94|108|156|94|144|107|103|175|103|295|186|146|126|114|107|97|95|115|101|145|215|95|91|98|319|189|191|136|146|113|133|134|129|83|110|142|99|96|74|96|112|127|78|82|75|88|124|120|102|81|65|72|83|106|148|154|124|88|74|124|124|97|181|267|275|152|194|262|238|224|242|148|150|191|134|152|113|78|45|73|99|279|118|102|70|58|106|78|49|65|61|82|57|73|46|63|80|67|53|70|56|70|63|60|66|63|57|75|188|174|121|76|73|82|75|99|83|97|106|71|63|47|56|61|49|53|50|42|60|51|48|69|70|62|74|52|60|65|64|75|73|75|95|56|92|86|85|103|68|68|62|152|221|89|106|86|73|114|165|92|75|102|201|143|102|145|306|752|815|326|311|490|209|114|136|161|165|322|159|338|839|367|291|297|184|123|145|115|98|245|333|185|95|79|230|87|135|97|240|91|71|132|86|166|101|131|86|103|71|95|110|254|158|116|81|69|117|329|152|507|107|150|149|77|200|166|239|85|88|165|93|242|121|331|379|149|345|114|149|80|214|122|111|248|100|109|244|349|124|185|140|285|165|193|264|183|173|181|106|268|321|232|130|109|231|134|182|156|179|114|92|158|110|163|118|315|93|139|146|122|472|252|243|697|118|116|469|123|115|115|77|88|85|94|107|113|115|80|72|115|97|112|106|257|231|153|122|143|225|241|130|132|150|527|202|286|379|401|258|160|168|116|343|399|138|181|250|229|147|188|129|301|97|106|235|984|135|365|274|138|128|185|108|88|307|228|114|92|120|103|124|181|103|127|120|156|284|289
36,David Pastrnak,365,581|421|331|376|391|434|464|275|316|247|358|367|325|384|395|281|345|429|545|472|500|795|598|863|1166|813|700|1239|832|734|510|1321|1390|856|1940|1142|757|1455|1094|513|434|450|466|323|269|273|579|364|625|340|878|385|351|639|265|302|508|251|643|436|379|880|405|385|296|261|309|259|280|307|576|832|451|448|476|363|345|269|240|214|197|230|176|184|145|165|126|153|220|180|167|194|133|159|178|151|152|165|149|144|203|171|138|136|165|139|169|182|161|141|190|142|147|147|136|131|171|167|124|159|134|133|135|144|150|136|137|134|127|157|134|146|166|148|134|127|127|153|189|160|174|201|127|154|159|164|129|164|138|142|159|177|197|184|201|210|219|225|237|255|191|182|191|229|224|365|205|216|282|501|394|309|421|551|1238|537|357|445|468|384|316|303|422|282|469|539|348|827|325|466|431|274|311|401|417|357|488|385|262|220|204|447|287|375|290|1049|307|316|3598|773|625|336|801|350|355|294|464|358|416|270|443|244|240|295|410|321|356|235|245|283|223|325|379|372|232|269|457|299|635|304|328|301|264|456|421|442|306|451|371|290|580|392|302|385|570|374|459|430|771|499|571|644|456|515|798|407|521|1540|1093|548|490|781|442|904|524|735|456|392|656|422|739|450|1206|408|1362|932|543|914|752|1219|2141|602|640|957|1757|3041|782|676|722|911|3456|1982|1098|1760|832|2391|9105|2029|1485|992|1729|1120|791|727|646|762|942|571|387|371|479|335|383|699|687|369|325|406|876|738|761|398|816|1285|598|395|585|315|1273|375|456|533|1133|325|454|475|353|325|425|369|347|359|561|260|292|420|317|301|569|451|360|434|692|448|533
37,Lukas Reichel,365,97|66|74|64|71|59|58|81|68|53|52|50|58|90|85|62|68|101|94|68|89|104|552|641|239|509|288|266|134|186|125|288|187|93|54|75|70|95|72|86|58|62|49|48|56|60|50|53|70|50|52|39|60|85|71|58|47|38|48|211|99|97|66|71|206|109|76|60|71|102|96|136|106|84|50|76|64|71|48|71|62|56|53|33|33|35|33|48|38|53|43|31|40|28|31|33|58|53|65|36|51|29|30|48|26|25|21|28|24|35|39|40|31|35|33|30|35|31|44|43|56|25|29|34|25|42|64|44|40|30|31|36|31|40|42|50|40|30|37|29|31|39|50|51|40|42|66|70|41|132|126|118|64|61|54|59|36|46|63|118|132|59|47|62|271|267|918|500|244|225|182|135|179|146|83|103|102|104|96|103|75|1067|206|144|84|108|83|92|82|7579|4800|1358|1689|466|817|345|288|133|143|161|277|234|371|133|160|285|201|131|206|137|124|151|176|147|162|114|104|292|528|178|141|105|101|98|85|90|97|106|109|101|74|92|106|96|88|109|92|141|101|1416|1278|552|343|220|169|104|157|113|100|114|107|66|88|120|109|114|114|154|144|203|204|166|136|157|332|241|143|140|122|102|97|80|121|76|66|115|102|126|94|108|125|99|98|110|119|112|87|103|76|120|109|121|106|148|175|190|148|132|180|238|519|410|865|1743|341|988|3150|341|188|132|195|185|126|99|98|113|118|90|70|71|96|94|4593|2127|564|220|179|120|324|215|131|113|130|134|244|1663|5118|681|1033|280|294|326|382|121|262|316|169|117|359|154|119|121|199|100|124|105|106|131|156|199|225|129|137|109|83
38,Alex Steeves,365,28|23|27|28|35|35|19|24|34|33|18|35|34|16|36|16|21|29|62|38|46|31|34|15|36|24|31|42|29|70|43|107|38|44|40|31|43|36|52|32|25|31|34|24|29|19|45|74|42|18|18|26|30|38|18|18|18|32|20|19|14|19|17|28|19|27|23|26|20|17|19|24|19|33|686|733|294|120|117|109|97|75|91|62|53|63|93|72|83|95|64|50|35|40|50|43|34|23|34|20|33|26|25|27|24|28|28|24|28|40|24|25|28|30|19|33|23|29|27|18|17|30|26|18|39|18|22|13|18|25|21|20|29|22|26|22|20|34|29|39|19|20|76|103|38|29|20|24|23|42|26|35|51|48|46|55|324|122|73|101|44|47|26|38|161|144|45|55|77|62|71|52|63|83|69|32|31|90|43|28|24|28|15|37|29|30|25|25|20|24|24|20|20|19|21|29|31|16|89|26|22|19|24|32|378|718|68|96|4051|267|227|90|203|96|327|60|181|48|191|77|109|44|51|2784|616|146|465|79|91|738|145|2848|567|603|177|147|315|203|850|193|164|452|100|192|99|107|72|94|102|96|954|107|121|87|134|77|79|64|97|60|51|164|61|76|98|49|89|311|185|98|72|124|56|200|61|133|52|63|398|520|297|100|131|49|104|120|74|120|80|76|1453|97|102|133|84|72|56|45|47|44|59|40|18|33|33|41|31|35|48|53|56|54|52|48|44|64|77|51|75|69|61|53|71|124|88|36|47|66|60|54|42|53|63|381|60|35|45|29|71|28|46|51|41|36|34|34|37|32|41|32|57|100|58|35|64|56|42|36|33|73|90|56|48|31|34
39,Pavel Zacha,365,93|98|96|92|83|117|90|74|55|53|69|64|60|62|84|55|120|86|117|166|148|134|68|117|117|86|105|86|83|106|82|236|155|121|91|68|86|109|107|162|132|128|110|158|90|64|77|65|107|90|86|57|56|82|53|69|73|58|68|139|111|121|116|75|57|41|64|78|75|73|110|190|109|138|179|131|161|82|102|74|82|73|71|65|40|32|61|66|60|37|40|46|45|53|49|36|35|64|137|108|70|55|52|62|66|43|57|42|40|48|50|60|58|56|46|48|70|61|49|46|32|49|52|50|63|75|61|43|46|50|33|34|39|40|49|48|47|37|64|40|43|54|78|49|49|32|340|263|129|75|77|46|52|61|58|45|33|45|59|76|63|60|56|51|81|96|68|55|46|92|68|56|87|112|179|112|163|200|131|96|69|74|94|56|84|92|80|241|126|281|430|863|433|292|176|131|122|93|86|104|143|188|93|218|81|165|82|79|216|89|73|57|130|56|77|60|95|67|106|66|91|60|72|60|84|49|113|67|64|77|84|217|88|229|54|62|97|66|82|44|99|60|76|92|57|249|86|145|79|67|112|61|50|61|78|65|107|89|135|122|101|128|92|128|143|102|91|1199|418|146|94|419|154|156|98|120|85|88|119|87|100|98|108|79|112|112|72|203|103|103|129|60|95|107|119|226|180|102|107|114|217|123|110|127|91|114|219|137|166|121|163|135|114|92|90|94|114|99|78|78|97|69|70|169|781|324|94|98|80|63|89|58|155|168|329|95|200|76|124|61|54|86|304|88|204|349|594|227|176|147|132|101|271|114|122|224|100|79|94|81|68|89|430|215|162
40,Jonathan Aspirot,170,109|62|118|72|50|45|204|48|133|38|135|34|33|39|28|34|88|463|51|63|27|59|17|85|43|81|20|32|109|65|27|141|28|24|490|103|160|30|177|33|22|82|38|98|34|32|26|35|43|27|12|12|27|21|22|44|19|16|21|17|28|217|42|534|80|45|85|29|37|92|33|121|122|449|383|179|180|53|118|46|242|148|175|251|59|164|119|468|56|140|95|36|120|48|90|198|38|54|112|40|32|27|31|34|35|31|21|25|30|23|16|33|141|78|42|52|33|38|30|64|156|91|38|27|48|108|51|66|101|163|66|36|105|39|46|84|28|46|150|196|33|195|36|229|38|51|57|104|14|38|64|61|39|152|40|49|46|95|18|54|69|36|35|236|83|83|127|120|60|103
41,Jordan Harris,365,96|70|57|74|95|53|136|69|98|69|70|42|60|59|73|56|50|70|61|62|45|55|52|56|48|89|57|80|38|49|70|60|47|58|56|51|77|80|50|72|40|54|51|73|64|77|68|66|63|40|76|59|52|77|45|59|87|44|48|44|43|66|49|58|64|48|52|46|52|49|55|81|60|139|2274|1272|324|145|139|144|281|251|133|76|72|79|73|80|73|74|81|125|154|145|81|57|41|44|77|69|79|59|58|70|44|55|56|46|52|62|82|111|77|117|82|88|64|76|90|71|68|67|93|97|92|104|107|118|131|86|77|63|77|66|88|80|80|82|89|131|105|58|135|122|116|89|85|81|74|83|103|78|86|86|74|65|60|67|180|185|117|64|148|112|78|80|165|144|99|91|98|161|192|169|233|281|1965|3498|2936|1282|654|361|318|163|225|141|208|558|160|146|155|110|80|93|100|102|158|123|100|114|96|78|106|200|94|143|133|133|146|76|81|103|126|104|113|78|90|56|64|75|77|70|55|63|60|71|92|73|73|90|66|84|88|144|87|63|124|76|61|68|215|153|113|117|55|104|335|203|102|81|76|65|70|57|79|86|117|79|65|84|91|81|88|109|96|88|114|121|112|79|167|130|103|124|135|134|99|178|131|126|122|130|157|112|127|108|115|125|74|111|150|140|119|115|68|52|93|71|53|61|67|54|68|89|80|92|82|82|120|94|158|181|119|99|136|114|67|79|94|139|200|218|615|130|153|87|72|99|101|99|84|51|64|68|73|84|80|70|90|63|54|64|119|81|74|88|86|77|85|67|65|294|174|52|79|80|65|133|105|226|290|79|74|68|76
42,Henri Jokiharju,365,52|31|43|53|43|46|38|33|26|40|30|39|24|28|48|33|52|35|46|37|37|40|31|36|48|37|33|28|37|46|95|79|49|37|46|29|49|41|50|49|36|43|43|36|31|33|65|55|52|45|44|31|36|32|47|38|37|34|35|26|99|59|59|43|31|26|47|40|53|99|80|75|77|608|232|97|64|52|59|51|48|40|63|80|40|34|36|28|31|23|29|22|26|29|17|22|24|29|23|20|39|19|24|14|20|19|31|16|26|23|20|28|18|21|20|13|20|19|18|21|23|29|30|16|17|50|28|18|17|24|26|23|20|39|20|21|28|19|20|16|26|27|23|21|27|28|27|30|21|31|23|26|26|25|26|34|21|13|41|56|36|27|37|35|32|36|26|22|35|51|59|49|66|97|344|261|150|137|106|42|36|49|106|30|68|95|45|129|43|82|59|40|28|83|57|55|140|57|44|35|38|199|36|91|41|195|40|23|89|55|83|22|72|69|95|50|56|34|65|38|147|35|31|65|75|56|49|27|37|52|38|42|43|36|37|25|49|44|47|39|30|33|34|43|27|37|30|29|37|27|86|24|45|40|51|52|64|44|67|169|182|93|81|75|126|45|90|195|153|124|59|151|43|86|57|153|75|77|58|44|82|77|98|70|159|96|58|94|45|51|87|77|65|77|92|95|98|87|84|308|198|204|249|189|135|113|228|175|708|428|606|275|125|85|84|132|122|79|64|56|72|40|66|51|47|41|26|55|47|44|54|37|53|125|42|39|48|41|64|26|55|125|63|34|44|59|72|67|1014|142|71|54|61|35|47|29|118|57|63|199|162|80|67|47|58
43,Hampus Lindholm,365,62|58|50|89|67|78|71|54|52|73|55|36|57|54|61|56|47|55|79|60|46|82|60|64|72|47|78|48|70|71|69|64|77|57|84|70|94|78|79|97|87|65|84|63|45|50|42|43|69|47|65|52|37|68|53|39|52|41|57|67|32|94|78|52|47|69|67|73|76|69|64|80|54|92|109|97|66|90|155|140|158|152|138|144|152|144|140|134|130|146|140|132|137|129|145|149|132|33|34|30|33|32|31|35|39|37|38|28|33|34|38|31|26|45|53|39|33|40|29|44|25|34|40|30|161|42|44|44|45|73|61|28|33|26|39|39|37|33|40|41|35|52|33|32|48|45|53|35|43|46|41|47|38|50|51|42|50|46|50|68|53|46|54|68|80|101|61|46|43|82|63|69|80|263|462|481|209|205|185|84|91|99|140|56|142|84|88|209|150|142|90|141|114|128|198|211|443|157|93|158|112|166|68|133|91|208|122|86|297|90|93|107|206|96|154|135|240|78|144|69|161|49|206|125|151|98|193|66|83|145|102|108|99|134|72|70|142|56|245|109|99|89|88|121|105|123|80|166|78|96|187|88|68|56|94|66|136|73|275|182|137|180|76|143|122|91|84|142|135|85|62|105|80|110|98|176|98|167|139|83|147|81|160|122|311|353|126|186|108|132|347|95|116|137|151|153|161|137|178|472|280|231|263|191|150|327|1015|256|144|144|217|172|135|105|114|126|174|84|68|81|116|70|105|234|147|69|59|103|78|75|141|68|100|102|102|87|71|50|191|76|88|126|122|56|120|114|77|71|127|84|87|87|176|58|99|107|74|53|111|84|51|68|116|84|87
44,Mason Lohrei,365,90|64|52|54|66|70|95|74|57|68|63|44|42|57|64|62|75|97|97|81|70|194|138|127|95|62|91|66|71|79|58|102|123|80|79|93|159|294|329|120|84|67|84|93|87|53|56|51|61|50|67|58|49|92|60|58|55|32|40|61|41|43|55|62|58|42|510|286|123|100|80|134|103|120|72|86|71|79|65|57|58|39|57|64|74|59|52|60|38|58|49|27|43|48|53|52|35|42|44|47|49|33|55|34|41|35|40|57|41|32|54|110|84|57|44|41|32|297|334|96|382|336|76|49|35|38|40|29|32|27|27|23|43|41|44|37|53|36|37|35|42|45|26|34|29|24|38|33|37|35|37|36|37|46|36|51|69|59|37|57|35|48|44|56|64|56|57|55|70|66|71|64|71|100|204|184|96|156|164|78|64|49|74|33|101|54|48|421|130|261|259|157|102|128|80|64|75|113|105|70|67|107|102|191|109|323|89|86|175|79|97|59|359|104|133|79|116|50|104|62|89|47|40|82|102|56|153|48|57|88|47|121|90|98|72|65|165|64|95|187|70|61|68|91|70|117|61|100|80|93|236|77|102|111|121|153|152|138|170|185|142|146|95|111|192|76|354|352|180|150|112|287|247|297|1170|2567|445|236|245|137|265|189|244|101|207|172|100|240|87|91|299|97|92|141|84|84|56|68|80|72|60|88|77|51|78|87|86|62|82|93|211|179|131|87|91|139|163|92|102|94|385|83|92|103|115|66|222|265|148|122|292|110|100|177|116|59|93|55|372|113|121|146|354|76|90|120|79|127|99|67|69|65|119|70|63|64|71|77|95|64|73|76|125|70|82
45,Charlie McAvoy,365,1206|565|508|434|235|206|195|146|148|142|530|395|278|208|296|172|203|224|252|164|178|201|199|139|122|152|146|152|204|197|169|184|171|141|120|133|126|153|177|150|127|131|141|102|119|107|115|127|174|132|223|168|123|164|132|106|145|106|146|447|465|314|179|165|152|103|140|118|325|378|263|703|210|216|229|188|143|179|229|226|230|232|214|210|314|391|286|209|185|206|223|220|190|207|213|183|190|82|92|92|93|94|97|103|120|100|116|90|93|95|98|93|91|87|92|64|70|80|108|66|79|84|101|120|102|83|105|68|70|99|87|97|131|97|118|95|81|101|102|110|96|90|90|109|122|120|147|113|111|92|112|122|127|144|122|100|188|195|165|182|127|109|133|121|132|153|123|120|144|235|158|178|226|410|443|383|187|523|288|152|154|143|234|150|325|227|321|476|184|401|449|376|241|405|281|208|266|233|171|165|144|387|161|281|198|505|200|196|470|200|168|145|2063|1422|853|607|948|525|348|244|789|563|255|286|578|468|577|488|289|313|240|412|529|361|325|260|278|316|531|227|223|225|230|471|234|328|239|485|419|246|567|205|221|217|302|206|332|344|440|780|654|526|266|293|358|266|387|1839|627|355|272|437|271|560|318|570|234|241|370|276|2635|971|1187|511|1109|509|280|447|538|539|1740|472|428|2046|2050|2366|2027|1186|873|837|3676|2080|7751|3629|1284|831|6355|2707|8491|2884|29903|11959|5754|4155|2571|2664|1861|1021|779|562|1659|634|599|826|848|369|306|1453|858|633|1201|590|544|749|434|363|335|315|624|301|500|497|567|351|399|520|435|293|315|219|245|247|603|262|222|309|238|242|377|322|254|199|254|279|303
46,Andrew Peeke,365,34|37|24|21|21|29|65|52|37|46|49|27|32|32|38|44|37|50|47|55|49|114|74|57|75|34|50|32|37|79|48|60|150|76|80|54|177|332|343|128|80|80|50|52|47|60|46|31|31|46|35|35|47|57|41|38|36|23|32|26|27|39|39|35|25|25|42|17|15|26|28|44|35|57|62|49|40|34|46|37|37|35|35|21|19|38|19|100|46|31|18|17|24|20|28|133|25|37|28|18|23|10|27|23|33|25|20|23|18|8|17|24|17|22|26|21|25|17|22|12|32|21|27|14|26|26|14|25|19|16|23|15|22|21|21|27|27|20|34|22|13|28|25|39|26|26|27|28|38|24|25|24|39|29|28|40|34|31|28|22|34|28|33|33|47|40|18|26|34|43|22|21|50|54|129|110|49|98|94|36|28|38|36|27|38|33|42|326|53|55|46|33|36|44|51|27|53|42|41|38|30|70|30|156|35|84|48|35|92|41|44|26|79|47|72|17|43|21|54|44|51|34|26|58|48|31|95|38|48|63|18|91|28|142|71|51|74|34|84|44|51|77|45|99|29|89|34|165|40|42|89|43|44|33|60|44|165|61|50|64|81|65|40|40|59|45|47|96|84|75|59|89|55|59|67|103|60|71|82|50|68|48|125|44|113|63|37|94|65|138|309|43|57|135|51|25|33|30|58|33|49|34|38|30|30|34|44|66|72|65|177|133|85|69|68|88|52|70|65|76|119|63|78|74|76|31|44|38|29|50|63|26|43|67|127|31|43|32|82|23|22|30|40|21|154|113|45|32|58|62|69|61|98|39|46|56|39|24|59|67|64|29|57|37|44
47,Nikita Zadorov,365,217|142|160|157|163|166|155|137|144|126|150|136|142|98|146|86|115|111|173|124|113|123|118|97|104|78|105|86|104|106|102|133|98|91|103|137|134|135|112|153|109|224|182|144|126|144|150|153|196|87|125|96|97|121|82|101|102|89|95|120|73|146|121|100|88|59|92|93|140|127|116|131|123|118|146|145|100|88|116|79|114|85|73|71|67|64|52|67|108|65|83|63|71|67|80|65|60|63|112|68|54|70|56|51|56|61|62|45|76|61|60|56|57|66|45|55|58|47|55|55|53|55|54|55|47|52|41|56|37|52|52|54|56|59|49|52|50|96|112|108|58|65|60|64|55|55|68|66|54|46|71|66|83|72|76|80|98|92|115|730|223|128|106|77|84|165|63|87|106|212|183|109|113|180|356|448|268|375|329|133|156|140|246|143|549|233|110|303|126|196|194|152|267|244|164|142|443|329|183|113|105|1349|468|295|204|1606|420|374|2772|879|476|234|2329|435|411|217|390|227|451|193|296|174|200|664|431|177|359|165|186|356|166|177|854|637|273|253|476|240|245|225|267|268|232|315|152|346|240|398|579|647|2183|592|303|272|403|255|479|275|342|216|241|491|209|312|364|215|259|672|383|257|167|363|198|393|283|369|228|252|350|196|362|206|867|215|252|220|185|267|206|205|668|158|302|417|227|176|163|136|168|148|213|150|172|175|175|172|200|168|182|207|332|279|276|250|256|247|317|171|151|209|235|170|223|263|249|176|170|309|232|231|298|190|204|294|335|463|244|168|579|198|175|964|597|242|388|307|257|217|197|166|179|201|323|153|158|347|153|178|271|186|193|179|359|313|367
48,Zach Benson,365,75|31|46|51|61|47|41|55|59|69|35|28|42|38|37|39|55|62|68|53|55|50|50|77|151|77|50|37|42|45|52|51|39|42|57|45|47|59|50|39|57|46|52|55|28|50|48|38|49|44|40|29|42|52|43|32|44|36|35|34|64|69|44|46|56|44|43|47|42|108|73|131|67|71|80|73|80|35|52|57|71|65|49|46|75|51|35|33|45|31|40|47|35|49|102|34|52|30|24|31|39|32|25|30|30|37|27|27|37|25|33|23|37|45|30|40|29|33|23|30|32|28|37|20|25|32|40|33|24|26|22|37|33|22|30|25|22|47|25|91|61|56|62|52|53|67|39|50|42|29|40|44|31|49|38|26|57|45|52|96|58|37|60|45|33|46|59|77|55|57|50|52|68|88|108|114|54|64|73|92|161|492|187|344|192|236|365|177|200|122|281|81|69|71|65|69|69|90|55|46|70|79|47|56|43|80|64|61|41|60|73|45|58|66|72|63|77|57|396|114|80|76|116|70|67|56|57|60|144|73|137|50|102|58|50|68|152|76|323|59|72|113|82|87|72|130|66|70|186|74|130|45|43|70|83|44|286|73|137|86|84|73|297|961|436|367|2793|815|415|215|283|143|308|387|192|107|120|99|213|121|323|494|203|349|303|342|134|324|179|357|120|443|171|102|122|75|72|55|55|111|74|63|59|76|71|74|77|78|61|69|113|124|102|77|120|109|126|138|93|132|190|78|179|105|165|187|154|601|159|102|113|199|77|64|169|92|133|186|192|262|122|115|553|126|165|257|80|96|209|147|87|78|113|107|287|451|862|289|130|117|64|144|100|545|233
49,Sam Carrick,365,100|69|60|48|39|44|51|97|43|56|49|37|51|49|65|43|36|45|37|65|54|50|54|60|50|66|44|69|39|47|54|76|75|38|48|28|47|73|58|78|81|59|106|52|92|36|45|56|84|39|55|46|46|42|50|49|58|54|57|43|52|69|51|45|52|46|40|65|42|35|43|33|25|34|51|52|42|32|33|43|38|40|52|39|24|38|27|30|28|28|38|33|21|32|24|21|33|29|32|26|22|34|23|25|25|19|30|28|23|31|19|22|32|27|22|22|39|26|27|28|35|28|23|30|24|24|20|29|24|24|27|35|31|25|28|26|30|25|36|29|28|22|31|37|33|28|35|36|25|30|34|47|31|29|29|27|39|31|44|244|47|56|27|27|50|34|45|31|29|32|38|44|85|97|63|48|57|186|84|124|888|174|217|69|712|172|109|50|53|62|42|71|100|34|256|77|239|58|69|43|41|86|39|38|73|80|40|70|49|69|37|40|623|169|67|58|48|101|46|58|41|49|45|43|50|47|37|41|42|96|49|66|97|51|144|54|52|88|60|41|155|41|148|56|34|55|61|50|53|95|126|88|111|86|56|127|75|287|144|251|219|73|63|71|65|59|52|259|141|58|187|58|77|63|80|61|56|68|45|40|37|102|43|43|70|78|63|52|77|61|45|48|80|81|48|44|41|27|41|40|46|32|38|42|25|31|49|35|45|36|52|41|30|45|42|240|95|50|51|62|44|119|6549|1038|2240|2348|709|446|490|358|173|437|159|94|192|95|621|866|884|365|157|150|170|84|133|134|86|63|757|249|138|100|84|101|154|85|107|113|73|75|74|98|82|132|122
50,Justin Danforth,365,31|20|40|24|19|15|24|15|33|19|12|19|9|19|46|15|26|14|22|17|27|28|27|26|18|22|10|22|17|16|21|15|24|27|20|28|38|28|32|44|23|25|20|22|14|18|16|23|23|13|16|20|26|20|14|21|27|17|9|13|22|20|22|16|29|19|15|21|20|22|21|17|20|26|970|819|305|94|74|73|49|49|60|31|29|35|31|30|46|44|54|36|32|42|65|52|38|29|24|16|23|28|33|35|19|29|26|16|39|24|27|25|39|31|28|25|18|31|21|20|21|34|19|21|17|16|22|15|17|16|18|26|15|27|21|21|30|20|11|32|25|20|35|24|22|19|11|23|26|32|28|24|45|60|23|46|32|53|91|43|33|30|25|28|23|24|41|66|28|44|29|56|85|46|141|248|142|96|88|64|72|99|56|54|45|42|31|33|42|33|48|16|30|46|38|52|31|27|49|31|25|21|21|22|25|21|21|23|30|37|30|14|33|33|66|14|17|37|39|28|30|19|21|51|20|41|16|22|39|23|22|22|22|20|11|9|20|27|22|31|19|16|17|35|27|25|28|27|24|31|80|37|47|51|45|29|46|30|50|44|45|37|123|33|141|39|38|31|25|26|106|38|38|33|41|40|30|22|32|31|39|35|30|51|47|53|54|52|39|41|51|58|56|36|43|33|33|31|42|58|34|32|41|40|32|27|33|28|28|22|50|41|35|28|32|34|48|34|41|49|40|33|88|63|65|78|65|54|43|32|42|54|44|23|37|37|28|47|48|35|35|32|42|35|28|27|16|24|40|36|10|29|120|34|44|39|33|42|30|34|31|28|33|59|35
51,Josh Doan,365,75|55|70|74|57|72|46|85|56|51|52|50|128|106|142|91|139|171|169|261|221|307|202|199|190|114|158|95|117|196|116|134|581|162|160|111|236|384|412|182|88|85|92|58|69|45|39|48|63|66|90|60|68|64|45|44|58|53|58|39|48|79|53|50|54|49|51|72|49|9991|1904|662|309|332|231|194|155|109|111|145|161|104|109|82|103|112|85|73|92|101|88|75|72|99|121|111|76|66|69|41|76|65|65|43|49|47|54|61|46|52|37|43|38|51|39|50|57|34|41|54|49|80|43|49|49|54|37|41|44|32|59|57|68|48|62|41|50|58|54|69|53|52|52|58|91|75|120|71|82|72|78|64|75|98|84|108|109|218|320|147|161|315|120|98|76|88|124|173|102|147|119|180|234|304|296|431|156|223|209|171|219|1172|230|3149|1467|770|648|466|2066|1033|1119|323|365|275|594|264|676|190|225|169|177|376|174|250|134|133|104|84|105|233|143|104|293|108|331|157|209|101|1829|292|171|124|151|171|132|88|306|111|510|151|401|110|145|95|131|278|2131|265|369|309|386|256|158|113|128|162|148|153|232|143|226|119|99|140|252|125|314|137|636|259|373|167|129|226|487|191|742|195|769|266|274|174|1293|2055|623|235|234|172|1661|4665|1437|532|371|259|311|1560|366|363|333|450|180|569|461|147|305|113|114|106|98|91|117|89|106|175|88|107|116|125|139|120|276|259|194|221|366|230|318|233|138|160|229|165|418|148|765|2694|538|424|306|231|250|606|185|178|758|209|252|236|185|489|118|205|357|118|137|114|81|114|144|134|175|111|144|127|170|184|582|2304|364|207|129|277|300|387|222
52,Josh Dunne,365,28|20|27|13|22|17|18|19|18|39|20|14|24|22|30|25|21|15|19|28|17|20|23|12|16|21|14|48|19|24|30|18|17|13|22|21|190|58|23|35|16|18|34|16|15|11|16|17|12|17|12|9|16|28|18|16|18|21|19|13|16|18|12|14|12|12|15|28|23|22|20|20|19|23|19|21|22|15|17|16|11|19|11|10|7|9|13|6|13|13|16|13|13|24|8|17|15|13|8|16|10|6|9|11|10|11|10|9|14|18|11|15|23|17|12|17|17|19|16|14|18|20|18|17|24|14|17|16|23|11|15|13|16|11|13|23|19|16|15|10|11|20|14|26|26|10|23|27|35|17|22|11|21|12|25|14|26|144|351|49|37|39|24|32|25|17|19|33|19|24|54|56|35|23|13|120|83|39|97|48|31|37|35|35|39|53|69|48|35|21|217|46|36|64|1783|194|78|51|83|51|67|58|199|1481|165|639|151|67|109|104|48|41|53|29|94|36|60|43|50|101|50|33|32|53|27|24|82|32|38|35|133|34|41|35|85|30|43|34|24|13|45|47|29|55|15|38|62|94|968|124|307|97|64|54|151|108|1259|71|149|130|148|64|48|51|59|40|56|45|74|69|350|100|90|62|69|38|39|38|45|55|52|44|32|34|34|41|43|55|36|39|65|55|56|487|318|505|137|387|674|433|258|171|145|67|286|142|233|1284|882|307|192|190|151|109|163|52|103|85|59|55|66|53|263|64|65|86|64|70|34|48|41|46|36|24|41|34|67|63|114|57|30|30|41|18|32|27|37|46|64|146|134|46|43|95|156|69|52|66|55|46|21|46|49|80|38
53,Jordan Greenway,365,62|66|58|101|60|98|61|76|78|76|55|60|73|58|92|49|68|56|37|70|49|63|47|41|41|48|37|38|27|33|40|66|63|42|57|44|36|54|57|53|41|63|51|29|37|20|34|34|42|37|61|27|41|60|30|48|55|34|35|29|17|42|34|28|19|23|41|30|43|75|43|50|38|47|47|43|52|41|25|28|34|23|40|21|31|27|23|40|31|42|49|25|61|44|29|29|38|20|18|21|23|34|21|46|31|28|24|33|41|34|31|35|37|36|22|21|17|19|29|19|27|36|29|22|19|28|25|21|30|24|17|16|30|19|24|23|26|21|23|35|32|30|39|25|22|14|21|28|26|31|37|31|35|30|31|29|24|30|30|38|26|27|33|26|36|35|37|35|30|47|28|46|60|56|71|92|57|60|46|86|74|72|43|49|59|44|61|54|84|45|59|45|45|55|53|144|300|150|194|57|43|82|62|69|50|60|46|41|45|61|114|36|137|44|87|35|117|42|118|59|46|42|36|59|67|89|205|36|84|54|58|56|100|30|55|90|67|37|76|45|53|97|115|81|57|96|87|74|61|53|204|50|76|62|138|54|107|91|259|152|158|96|67|101|133|65|119|58|104|63|97|65|98|462|243|90|84|83|180|68|137|87|146|76|92|107|89|119|63|107|87|115|102|117|104|78|86|98|139|172|150|79|82|113|157|111|126|116|150|118|338|272|168|128|136|105|82|102|79|61|105|62|116|73|93|123|83|110|64|61|58|56|59|68|73|66|80|74|68|68|87|95|87|74|52|57|43|120|511|79|147|86|91|91|177|96|97|113|53|46|62|135|107|183|79
54,Konsta Helenius,365,96|39|51|58|68|56|48|37|42|35|83|42|262|63|236|28|45|66|76|77|58|61|70|210|79|53|49|79|39|42|35|43|38|40|38|35|71|65|36|43|37|29|50|39|42|38|32|41|44|31|38|33|46|51|65|123|69|42|23|47|34|46|39|39|34|48|60|42|48|84|239|226|74|71|64|60|60|38|32|44|38|24|36|34|33|25|21|30|26|32|34|30|25|29|32|26|26|31|31|22|22|20|24|27|18|28|15|24|21|30|30|17|30|21|25|23|25|16|21|16|17|22|11|18|18|25|29|21|20|22|20|24|15|22|24|18|27|25|22|37|32|44|21|37|30|30|33|25|25|32|35|33|29|18|23|27|29|34|137|105|54|44|43|42|32|29|27|32|30|33|24|28|33|43|39|36|49|35|31|48|58|46|34|40|48|30|34|26|52|38|95|33|55|52|45|29|30|28|35|44|31|36|47|32|35|41|47|36|31|36|29|41|36|29|52|51|46|38|46|42|47|61|22|32|26|38|29|29|47|47|37|24|47|43|37|69|41|33|48|69|108|73|96|61|54|143|117|60|77|76|67|63|137|123|109|110|114|69|131|98|157|161|177|116|78|70|62|51|104|31|56|45|248|329|192|195|609|252|4101|591|815|315|214|133|112|293|187|612|118|210|105|91|115|69|108|53|44|41|50|166|80|68|50|76|46|40|89|60|71|108|114|83|92|65|89|81|62|90|94|448|539|180|205|103|139|99|63|142|54|80|102|76|46|70|64|62|80|102|83|95|68|59|49|44|46|64|59|42|57|71|39|44|127|37|72|50|86|99|54|42|62|129|82|59|102
55,Tyson Kozak,365,23|24|20|15|14|16|18|15|14|12|10|8|8|8|16|10|4|12|13|13|6|19|8|9|11|9|7|9|2|9|9|9|9|9|17|11|18|21|14|13|13|29|16|15|11|9|13|8|6|7|6|11|9|6|6|13|10|11|10|9|6|9|24|9|24|8|9|9|14|19|21|14|27|32|155|103|31|28|37|23|26|17|20|14|10|15|22|14|12|11|13|16|13|42|20|16|8|13|6|8|16|9|17|14|11|9|11|12|11|9|8|5|4|6|8|12|11|9|11|9|7|9|6|6|9|7|8|15|19|14|11|13|8|10|12|11|7|8|12|14|18|18|23|5|10|7|6|8|11|18|24|13|13|14|14|11|7|13|37|12|11|18|21|13|9|7|19|13|12|21|11|21|34|18|26|48|48|35|53|37|43|85|55|68|49|64|309|71|1073|133|129|46|51|36|31|27|22|24|25|11|13|30|39|74|14|20|22|17|18|34|48|19|42|25|182|37|51|12|113|72|35|16|19|35|18|10|64|33|39|36|24|29|104|26|17|42|66|26|54|23|17|50|10|18|17|54|26|19|21|16|33|17|24|30|35|38|40|15|48|25|31|16|18|31|45|25|31|24|40|15|26|20|83|96|47|16|41|21|34|31|29|65|37|21|35|122|34|77|21|88|26|65|61|17|47|24|22|23|22|19|17|18|12|20|24|32|20|17|20|8|22|21|24|34|51|24|69|71|24|20|49|32|79|33|37|43|35|58|23|26|33|37|25|21|112|18|33|19|39|20|25|27|39|27|33|37|13|17|28|30|26|28|51|25|39|27|71|72|20|20|12|108|28|64|53
56,Peyton Krebs,365,99|57|49|71|52|65|50|49|55|34|42|44|60|39|56|37|46|64|56|76|56|128|69|50|66|64|37|73|38|48|64|70|43|44|36|45|47|54|52|56|36|54|55|37|28|47|26|35|45|35|30|30|31|30|35|37|52|30|29|37|33|94|52|49|40|63|94|61|34|95|64|97|78|66|87|96|78|64|64|47|79|51|58|42|37|26|33|42|55|41|47|38|27|39|33|25|31|20|43|25|28|27|27|21|20|20|32|22|33|24|19|30|19|24|23|21|25|22|24|20|25|23|22|19|24|30|22|26|37|33|45|28|29|41|35|28|21|27|28|24|23|25|29|26|30|27|28|27|30|32|37|28|27|41|37|28|25|35|33|30|27|28|18|28|28|35|38|43|35|37|37|35|39|92|102|73|40|103|67|70|86|78|66|82|88|58|98|49|77|53|105|54|43|52|63|45|120|35|46|34|48|70|51|51|27|53|27|30|33|53|45|29|76|42|290|77|126|42|68|65|59|37|48|52|50|35|68|30|82|59|59|27|74|42|51|264|163|42|82|77|45|97|90|77|44|81|54|54|131|54|113|37|43|42|159|42|111|60|145|72|109|137|67|71|115|59|145|53|111|54|52|41|92|124|122|67|95|55|127|72|161|120|59|63|70|115|49|114|35|117|53|359|119|51|156|45|46|45|32|49|62|50|45|48|43|36|57|49|72|45|126|73|181|109|359|82|245|121|72|87|121|82|150|103|131|310|129|137|85|61|58|78|68|73|127|67|88|99|91|100|62|57|104|50|95|129|114|261|423|131|105|97|77|57|145|80|219|266|78|55|73|116|71|134|81
57,Jiri Kulich,365,66|41|42|27|28|34|39|28|21|33|44|42|24|45|39|25|47|35|34|27|23|29|26|38|38|34|37|35|19|71|33|41|40|44|43|45|49|57|63|60|40|48|36|41|17|25|46|23|37|20|36|21|27|66|36|37|49|19|27|49|41|437|100|100|65|38|62|42|52|101|78|122|53|50|59|89|79|38|41|51|34|29|46|33|104|58|36|36|51|40|28|39|22|33|38|36|42|39|32|25|21|17|30|24|23|23|30|37|33|19|20|22|16|19|14|29|16|26|17|18|14|20|19|29|18|37|42|44|41|24|14|18|28|24|24|18|18|19|20|10|21|21|20|26|27|24|17|29|27|22|29|29|29|16|16|18|20|26|31|25|22|18|20|27|13|29|41|40|21|73|28|26|43|65|42|66|58|69|51|62|46|101|40|54|43|48|196|52|100|101|198|60|44|28|57|50|24|34|41|31|30|42|38|40|30|34|79|67|48|48|39|19|23|29|51|34|29|26|37|30|27|35|31|24|24|16|41|24|50|61|45|27|37|24|28|34|40|33|36|31|42|45|96|60|46|65|47|47|43|54|112|52|69|107|72|68|131|64|104|108|127|58|167|165|103|67|84|61|53|39|48|38|60|61|57|32|46|32|77|37|60|80|56|59|51|71|48|69|37|48|43|74|63|50|37|33|40|31|30|44|48|50|35|49|27|52|73|48|66|35|62|67|52|43|50|36|59|53|63|84|92|69|146|118|86|107|42|81|41|32|25|51|36|33|52|27|73|42|44|51|44|54|55|27|24|31|36|31|48|53|33|31|45|39|65|42|71|64|44|67|45|93|58|72|83
58,Beck Malenstyn,365,23|22|36|30|32|19|20|25|14|18|25|13|11|16|14|11|15|20|11|13|24|24|14|16|11|17|17|23|28|9|23|21|12|20|33|31|28|34|25|35|9|20|23|18|21|16|17|19|7|15|8|14|17|16|9|7|18|11|10|22|10|19|10|27|14|10|20|14|17|57|53|33|16|13|33|42|28|7|16|13|16|16|19|17|14|11|11|20|18|12|18|8|13|19|16|13|20|6|9|6|10|13|14|14|15|9|13|7|11|19|12|14|5|8|12|10|15|13|8|6|9|11|11|7|21|14|8|10|15|9|19|11|15|17|15|20|15|11|9|19|9|16|14|10|13|6|5|10|12|7|23|11|15|20|9|7|20|19|41|11|9|13|13|13|13|12|17|22|16|23|16|26|23|29|26|27|22|24|25|18|42|45|15|37|30|50|28|50|75|39|92|29|25|37|41|27|23|51|58|15|19|23|21|41|15|14|22|18|9|23|26|26|30|31|256|32|55|29|41|413|335|79|54|47|32|19|125|38|88|70|52|17|28|27|27|78|45|24|96|44|20|27|24|18|12|37|40|31|71|21|51|23|21|25|60|22|71|26|115|51|39|18|20|30|98|99|58|28|72|17|39|14|59|155|53|32|47|34|102|41|770|233|44|23|39|158|45|99|29|120|34|78|119|34|64|26|29|28|23|24|28|15|30|27|16|19|26|21|25|22|33|28|29|31|52|22|514|133|37|39|66|48|140|72|185|543|194|1664|296|356|334|282|152|77|154|88|182|131|84|106|51|71|88|35|66|52|22|150|107|73|60|144|123|49|107|57|182|135|59|46|42|168|76|228|131
59,Ryan McLeod,365,360|212|132|191|390|817|764|521|239|129|206|243|409|642|500|489|229|1407|1169|744|427|377|209|166|244|256|244|344|403|339|218|214|194|309|282|187|187|195|173|199|310|255|302|209|172|154|164|149|189|111|142|103|101|161|150|189|192|135|130|90|108|193|146|136|107|82|98|101|90|196|129|133|102|135|729|677|241|143|157|129|133|114|155|62|70|58|52|49|67|76|69|52|54|66|86|34|139|779|589|209|126|99|107|125|86|69|73|94|67|74|51|76|43|45|46|37|30|44|34|44|39|35|35|30|24|34|52|25|30|35|31|26|36|41|43|51|41|25|37|49|47|42|45|52|46|42|57|104|75|57|69|73|63|136|130|60|61|56|50|56|77|67|55|64|50|62|52|74|60|80|76|55|71|66|221|135|71|130|93|71|116|853|170|197|129|92|146|96|172|134|169|90|74|85|124|114|140|61|106|67|81|84|71|60|50|102|73|54|72|134|154|69|128|114|273|60|77|67|142|150|80|56|69|56|115|57|100|101|117|139|107|128|85|109|60|142|379|86|134|81|80|93|71|89|64|144|56|60|139|62|135|46|50|61|269|77|177|92|95|82|119|64|65|69|247|56|252|85|125|56|102|75|181|162|166|78|124|53|113|77|162|133|115|59|90|153|84|119|76|301|81|162|164|101|98|57|55|47|53|77|80|44|41|38|41|91|77|45|59|63|80|68|57|82|188|83|123|86|96|121|165|108|1190|165|201|255|123|383|160|96|93|210|152|114|163|95|142|99|104|125|71|107|138|154|154|111|72|82|113|79|156|87|117|91|120|249|285|144|107|100|78|189|96|120|623
60,Josh Norris,365,185|163|213|240|121|203|139|164|103|175|90|82|196|148|204|167|103|185|109|104|101|81|78|85|61|74|97|82|82|69|78|92|98|71|88|89|79|76|94|91|80|80|97|84|92|74|85|69|54|59|77|74|176|208|100|85|77|70|58|85|65|94|133|110|86|96|116|91|86|226|171|207|129|148|203|209|142|84|67|76|94|79|81|74|73|73|65|54|102|74|82|64|65|66|57|55|66|74|57|47|49|89|101|56|64|51|44|67|74|56|61|65|53|65|64|62|52|54|35|39|52|60|36|65|43|61|58|48|56|54|59|51|73|50|37|63|50|87|74|181|115|81|154|132|68|65|68|64|64|77|59|76|77|72|71|73|81|73|89|104|90|83|115|115|98|73|173|506|151|187|119|125|149|154|261|708|1042|426|398|400|291|227|127|112|92|115|83|93|132|83|125|108|91|115|75|76|92|69|51|69|61|50|51|66|75|68|69|70|83|80|85|76|76|79|100|84|90|77|95|123|104|100|117|83|69|79|79|203|2132|392|221|129|125|70|94|128|137|101|97|124|104|128|138|85|89|254|141|266|433|347|844|158|128|126|212|119|196|119|185|143|184|96|77|140|190|107|171|91|194|100|104|92|322|208|118|161|113|86|101|79|119|113|139|119|125|140|73|111|111|122|104|137|126|106|105|65|72|66|91|48|74|72|67|63|71|65|103|105|100|101|223|175|146|121|235|130|168|635|159|180|260|149|399|162|229|254|164|190|163|124|128|196|103|107|181|92|152|117|126|132|95|125|174|133|125|87|64|60|247|109|219|90|97|168|208|114|152|157|54|91|72|267|176|221|102
61,Noah Ostlund,365,36|37|21|15|23|12|12|18|24|15|22|9|16|20|14|16|12|17|23|31|20|24|16|23|15|25|18|21|21|18|24|19|18|18|20|18|26|17|22|32|14|21|17|18|7|10|12|14|18|11|16|16|11|16|12|16|23|15|17|22|10|38|37|17|16|17|13|17|21|41|56|91|41|22|27|38|35|15|17|27|19|15|43|16|21|9|9|14|18|17|9|11|8|9|16|6|13|13|7|10|9|21|5|6|12|9|13|10|8|6|8|10|8|9|12|6|10|9|7|5|8|13|13|6|8|9|8|16|12|15|9|10|10|5|12|6|8|11|4|8|7|8|10|11|7|10|10|16|27|22|20|17|17|6|11|4|11|14|22|13|18|28|15|10|18|12|10|22|15|26|12|15|27|30|25|20|26|24|23|32|14|38|17|30|44|58|28|86|92|48|84|26|28|27|44|45|19|22|29|19|47|227|44|34|10|34|16|9|18|52|22|18|46|20|870|78|45|18|51|46|42|31|28|26|22|21|188|37|66|58|34|22|21|61|68|32|25|23|31|96|122|186|63|75|50|179|45|57|61|47|194|49|32|51|107|44|243|43|184|105|88|53|66|60|82|50|62|39|55|33|37|39|89|164|79|42|61|34|591|79|99|126|49|34|43|75|63|80|36|473|46|70|62|37|44|20|47|30|39|42|44|34|27|19|28|31|59|29|35|28|44|39|39|32|46|36|55|269|125|137|115|53|122|63|93|133|65|142|75|62|51|103|53|29|99|40|181|80|80|111|47|46|58|40|26|34|34|38|44|43|26|32|46|35|73|31|53|57|51|41|37|54|53|70|61
62,Tanner Pearson,365,71|52|59|83|81|75|67|48|132|62|80|41|195|79|121|59|56|64|47|302|58|397|55|299|74|171|60|151|75|42|76|60|44|42|53|35|51|59|58|49|43|45|86|38|64|41|24|48|41|35|34|35|47|64|56|52|36|24|35|35|32|37|33|40|43|48|38|44|35|36|53|58|36|79|1463|629|225|134|86|80|93|65|61|54|45|54|44|57|36|37|50|33|41|48|56|44|36|38|35|64|44|47|38|33|77|49|35|46|52|49|42|49|36|47|77|75|47|29|40|38|47|33|28|50|35|44|27|38|25|32|34|137|49|36|30|28|28|53|48|50|57|32|49|39|35|42|41|20|32|42|36|42|54|45|105|67|61|61|57|228|50|39|82|39|43|48|63|39|51|302|69|51|60|73|113|265|282|113|848|213|81|114|306|137|163|48|78|44|42|106|76|41|47|39|63|31|103|102|43|41|49|218|50|50|65|37|68|51|166|51|100|44|220|48|66|144|34|67|42|40|56|31|41|44|36|49|71|53|76|52|147|53|440|78|54|50|44|33|34|56|46|44|42|38|44|37|92|51|74|50|52|38|48|46|80|38|138|40|71|146|66|59|55|56|112|82|226|116|212|121|68|80|83|217|60|96|61|90|106|57|57|56|59|46|55|68|46|50|46|47|44|40|43|76|45|27|51|33|32|30|43|45|42|41|38|58|68|37|45|54|76|60|48|42|80|52|75|63|45|54|55|39|3631|1846|500|401|250|227|740|460|111|115|98|89|101|67|79|77|84|70|50|55|60|93|106|76|47|53|65|78|61|56|186|68|106|122|182|70|59|73|83|95|134|217|83
63,Jack Quinn,365,126|84|85|74|82|57|70|45|60|73|57|64|63|60|97|71|38|169|96|85|79|70|57|58|47|63|62|36|67|49|76|78|64|65|88|81|55|64|71|76|63|86|70|84|47|53|49|58|62|38|43|33|55|48|42|60|64|77|45|57|50|104|79|52|66|69|73|91|61|237|536|355|115|128|95|93|70|63|41|54|46|62|47|33|47|54|42|44|53|60|64|64|59|39|66|48|47|35|32|31|31|25|42|32|23|39|31|31|44|46|27|29|29|41|36|38|32|40|25|22|36|37|20|24|48|37|35|39|24|32|33|30|33|29|31|30|32|28|34|44|42|33|36|43|30|29|33|35|32|25|41|55|38|42|68|71|56|73|100|42|47|62|39|30|46|44|60|55|57|48|58|55|62|86|93|113|85|105|105|109|284|607|99|91|99|78|159|88|931|191|195|68|80|65|69|111|75|66|81|46|46|97|55|79|57|70|60|50|35|99|94|36|73|74|97|61|62|63|221|221|114|50|60|215|73|68|117|79|93|61|65|78|73|44|52|73|130|65|132|173|82|150|99|99|109|224|105|198|132|91|157|41|58|86|178|58|174|86|149|99|130|75|54|106|141|78|137|105|394|80|119|102|350|174|376|107|134|84|105|80|189|145|138|80|103|469|97|179|96|199|105|163|127|76|137|70|66|63|62|67|93|72|79|94|67|81|141|135|174|117|736|515|353|215|271|135|196|290|167|536|797|176|299|182|358|367|341|2890|370|157|147|1582|191|125|173|116|206|141|132|251|84|163|238|96|146|477|118|233|379|172|207|116|138|144|366|117|183|326|108|137|85|167|142|434|239
64,Tage Thompson,365,308|188|205|229|209|248|246|232|177|213|150|156|159|205|232|219|277|369|333|321|342|549|346|322|283|197|623|306|222|444|307|279|379|264|410|206|415|6205|6395|1628|654|511|493|445|328|300|253|262|235|169|197|165|208|213|161|137|187|114|163|184|235|322|233|274|262|189|304|286|213|357|369|450|208|219|235|216|230|186|134|138|135|181|186|136|116|118|130|276|139|119|127|130|79|101|97|134|124|86|91|92|72|74|106|107|76|103|112|85|164|76|86|94|89|106|94|92|61|92|69|74|74|104|97|242|389|255|138|134|149|112|102|125|151|156|183|110|97|103|230|94|114|114|103|112|180|161|88|115|112|86|107|98|94|101|125|102|131|127|188|153|149|121|185|161|167|148|149|175|199|241|153|185|243|232|358|335|295|485|590|722|678|829|279|430|319|417|620|402|791|435|1346|377|226|318|312|401|362|233|327|156|182|272|199|387|182|273|163|161|434|613|504|320|1065|451|774|329|526|261|544|367|394|563|323|316|357|505|462|222|406|252|493|250|246|152|226|398|622|244|443|297|217|456|478|518|485|576|457|485|365|245|378|180|189|228|649|318|630|579|1676|1824|1864|606|567|1621|1580|794|931|559|678|384|569|488|850|3898|1212|437|922|461|639|392|695|862|554|349|571|1521|477|759|1911|1865|607|1093|793|634|2389|1332|901|721|794|915|6332|4868|2988|7053|2339|1023|4988|1502|21437|6552|38600|12634|5106|7488|22116|7566|3672|2445|1370|1530|3757|1285|1907|844|1838|1839|1010|1370|808|1361|860|1012|507|422|586|495|655|871|887|663|455|762|1875|473|799|633|371|582|1186|458|456|499|606|609|576|604|904|605|394|331|345|1380|626|1656|610
65,Alex Tuch,365,304|128|103|178|110|110|105|87|110|123|95|79|125|101|176|65|106|120|130|144|87|192|183|146|141|129|91|140|106|165|104|96|74|108|127|98|119|134|110|95|77|172|213|126|111|118|132|87|130|98|118|81|113|226|177|128|138|97|96|93|143|217|151|121|99|142|224|129|100|180|166|176|125|129|131|184|141|171|213|263|224|228|207|221|201|182|187|178|190|219|181|177|182|175|178|149|169|45|62|60|64|89|60|51|62|53|48|41|55|41|50|61|56|46|57|66|62|53|40|34|52|50|38|83|97|72|65|56|71|63|76|51|48|63|49|41|49|44|42|50|62|78|77|51|61|74|38|61|72|93|79|75|75|91|102|62|56|82|115|144|124|152|92|116|89|101|100|130|108|124|93|144|180|277|306|258|394|299|330|282|355|424|239|309|289|195|291|270|374|227|513|299|202|229|178|125|342|194|219|107|158|186|147|140|92|188|107|120|119|146|141|84|212|211|210|179|228|150|382|266|162|141|174|145|122|131|430|95|191|138|186|87|170|78|94|126|450|174|221|244|160|284|380|466|374|460|326|242|197|172|265|109|120|187|376|153|410|178|273|279|297|183|176|167|411|189|394|161|245|126|180|153|370|799|483|183|200|180|207|244|321|269|248|472|744|549|191|1265|473|576|224|354|429|233|279|144|147|123|114|105|181|126|177|184|128|112|172|113|257|276|448|427|282|279|509|236|609|447|206|260|572|315|1489|244|521|960|653|659|361|366|262|892|213|182|307|196|283|283|242|355|143|225|277|165|221|189|155|189|352|214|202|275|226|329|748|365|841|752|539|322|236|852|418|1150|416
66,Jason Zucker,365,203|109|140|160|126|164|103|117|104|95|79|105|207|102|161|108|100|94|82|94|82|84|71|100|133|114|122|87|80|67|66|96|69|104|102|72|95|108|94|90|157|93|91|62|74|63|77|90|76|60|76|58|73|94|77|66|101|80|101|91|48|113|77|62|62|57|77|49|84|135|115|110|64|130|102|210|577|406|223|162|158|101|117|76|89|64|83|95|109|88|73|113|54|62|53|63|59|52|58|41|52|50|50|54|58|53|33|75|61|39|136|51|63|53|35|45|34|83|39|42|39|45|43|51|109|50|54|54|49|48|44|155|76|62|56|65|76|81|67|68|54|61|55|58|54|176|73|56|50|63|69|96|211|100|59|67|66|62|61|101|85|66|58|65|73|67|83|123|103|203|64|462|158|193|158|265|105|284|117|115|108|458|122|147|106|136|139|332|464|123|180|102|69|94|107|95|194|73|108|94|92|99|74|106|89|107|63|84|152|102|111|90|97|113|91|77|93|82|389|125|87|93|75|213|137|118|600|88|165|92|243|113|218|89|130|104|96|91|80|117|87|119|79|108|60|118|75|86|86|60|117|59|79|75|119|89|116|85|104|94|111|86|76|140|187|68|273|99|122|83|99|112|244|332|424|137|119|116|236|99|404|478|299|119|127|209|128|149|140|212|85|268|355|129|802|131|91|107|132|80|72|67|84|105|59|76|96|92|80|87|236|206|162|123|337|153|160|142|86|110|401|137|442|141|462|1429|336|915|225|135|141|162|108|110|333|121|260|144|179|178|99|90|2183|210|176|148|94|194|170|140|171|151|123|134|517|217|1334|410|215|198|129|208|147|186|124
67,Bowen Byram,365,92|95|156|113|133|98|144|81|89|114|115|103|97|74|126|77|160|138|163|140|122|114|166|165|178|163|108|114|72|98|121|123|100|788|470|402|236|354|370|258|208|171|188|153|113|137|199|228|168|140|119|142|157|125|231|261|213|100|92|155|725|545|282|240|263|312|358|379|274|809|967|620|341|402|1145|937|954|1168|614|580|808|389|305|286|133|89|100|96|1094|303|184|114|168|99|88|86|89|76|72|73|71|44|55|92|62|45|47|48|99|95|76|98|90|66|82|66|39|47|41|48|44|60|53|40|38|64|63|44|44|49|64|48|38|43|52|77|45|46|32|65|51|54|52|41|44|35|37|41|39|42|44|38|50|37|46|53|43|61|99|43|53|56|58|57|62|52|88|76|57|63|57|65|109|108|99|98|100|120|183|123|126|132|106|134|109|105|134|90|142|93|261|130|73|69|113|53|126|64|134|58|55|86|47|68|67|76|79|59|84|115|382|81|79|94|155|78|86|75|181|97|80|82|84|80|82|75|102|63|132|75|111|69|106|80|73|90|89|71|158|130|89|111|120|154|79|124|92|103|113|104|566|104|90|114|159|79|152|97|390|157|156|89|122|157|334|210|256|120|186|102|137|110|186|185|167|92|114|86|113|93|169|102|112|105|90|186|124|120|74|211|116|137|137|87|141|72|74|70|75|72|89|83|67|74|87|67|113|81|84|124|275|271|189|125|158|110|142|135|114|178|233|213|318|160|198|351|137|196|127|175|101|206|204|108|165|104|126|154|172|138|127|118|154|75|132|93|75|94|186|125|145|104|138|112|225|90|167|258|189|166|119|298|122|207|162
68,Rasmus Dahlin,365,198|170|172|193|209|193|193|160|190|177|175|136|177|133|202|182|140|232|368|223|187|237|230|142|182|175|175|172|211|131|171|222|231|221|278|161|207|265|214|162|132|204|392|194|107|147|155|128|186|136|168|99|136|174|145|152|173|86|116|183|127|251|167|166|138|125|175|170|157|292|387|738|242|259|250|166|150|149|114|116|163|183|127|99|117|71|67|80|109|115|109|87|71|86|73|75|73|78|105|83|83|89|70|106|71|60|78|97|91|93|93|81|66|66|66|85|64|70|111|69|69|79|89|77|78|62|85|130|100|98|119|80|82|77|71|80|72|67|66|68|88|72|80|105|75|99|82|110|104|90|67|97|95|102|1683|952|336|207|165|150|119|141|140|116|139|139|100|183|140|160|134|155|203|237|230|218|199|245|362|334|349|325|164|858|1602|655|507|266|413|258|352|174|161|165|189|171|393|116|185|122|142|182|153|967|941|401|280|219|190|237|218|306|385|210|297|213|280|178|250|193|202|147|169|152|151|161|191|149|181|157|496|162|178|151|133|204|215|155|268|461|331|406|320|263|254|305|243|312|272|201|237|131|169|312|537|275|361|297|486|414|383|292|319|340|390|322|338|270|291|212|282|201|1204|617|388|244|493|234|262|253|363|300|277|838|1263|2277|558|490|248|856|272|337|568|268|442|287|293|250|250|977|657|1126|958|535|374|721|1787|684|640|517|1013|838|558|403|469|372|375|528|288|279|411|327|1329|576|521|2325|1114|1143|593|441|432|610|280|308|418|263|452|369|307|342|386|714|1670|619|500|385|205|238|254|252|265|317|342|262|378|289|478|372|240|340|515|665|386|427|384
69,Ryan Johnson,365,24|21|34|32|43|37|24|28|33|33|33|24|27|26|28|26|33|39|43|47|52|31|30|32|31|17|30|12|18|21|31|26|20|24|28|24|32|37|32|38|27|24|46|33|28|28|18|28|30|19|35|20|35|45|26|31|26|21|23|25|27|41|54|20|21|18|37|69|47|46|44|103|46|42|267|103|53|35|35|30|31|25|19|25|27|21|19|32|22|25|21|29|52|32|26|18|46|118|53|24|19|16|20|28|15|21|10|19|15|27|18|19|52|22|17|11|14|13|11|10|12|13|12|22|27|18|12|9|17|18|16|18|18|29|19|21|14|14|19|14|17|21|24|13|26|13|18|11|17|24|16|24|22|11|10|19|11|18|28|16|21|27|27|31|29|57|43|59|29|24|17|21|61|47|47|62|43|31|56|47|54|64|55|30|26|22|32|38|40|34|46|32|23|36|42|18|31|25|25|22|25|31|23|23|26|42|26|28|22|32|38|33|44|45|71|38|40|28|35|30|29|31|39|24|26|29|44|33|36|36|41|15|24|27|24|22|27|17|33|31|26|44|41|29|32|28|37|31|23|32|42|26|29|36|66|33|34|35|50|45|38|29|29|29|48|28|36|26|35|19|33|29|34|60|43|32|33|27|50|40|29|58|51|31|37|45|33|30|32|32|24|32|56|38|55|25|24|12|26|24|26|30|31|38|25|30|42|42|42|30|94|84|48|37|67|45|54|45|40|48|47|57|72|51|50|67|35|63|44|38|39|33|39|28|46|38|45|36|44|36|29|24|24|19|34|34|34|19|38|30|43|26|25|26|27|66|59|88|49|49|30|43|27|49|48
70,Michael Kesselring,365,59|49|37|48|37|52|81|65|50|46|40|39|46|39|62|66|73|79|74|137|130|210|155|99|129|73|122|74|86|261|119|110|124|67|292|86|353|2195|493|154|89|102|96|75|43|45|44|36|39|54|52|35|40|47|60|37|46|49|41|39|38|56|67|39|43|37|47|40|50|9103|1819|582|282|190|179|139|127|82|100|128|107|96|79|93|103|85|66|52|84|57|63|48|55|42|85|85|51|49|33|29|48|61|57|48|35|48|35|51|46|46|30|45|41|39|43|37|35|46|29|35|48|49|43|33|29|52|39|33|31|46|58|47|81|54|57|44|35|45|39|53|43|29|41|28|33|46|61|40|40|39|43|36|52|44|78|56|63|105|155|55|78|100|64|40|49|59|89|88|86|78|59|73|102|95|137|120|131|102|67|116|88|290|87|282|218|165|109|114|287|183|191|88|246|509|469|230|303|79|119|85|194|305|94|88|60|123|52|55|74|217|97|63|93|56|84|105|58|48|92|84|46|52|68|58|43|60|70|48|90|64|104|55|56|65|51|36|120|53|45|110|101|73|66|94|101|88|72|96|124|73|161|56|48|86|339|59|212|61|177|115|136|66|46|67|126|60|139|92|139|89|77|60|142|200|534|150|106|65|141|300|427|172|122|91|127|345|149|430|145|111|109|170|109|100|132|55|59|52|74|68|77|75|62|82|44|79|73|72|67|56|144|127|96|104|107|77|153|123|79|79|218|174|272|149|208|381|158|201|135|73|76|131|69|64|83|67|126|88|78|127|72|97|162|84|75|65|79|70|64|74|66|38|80|96|118|174|199|229|95|78|59|68|67|145|100
71,Zach Metsa,365,11|11|6|7|3|11|8|5|5|13|9|6|10|5|9|6|10|11|15|10|3|4|5|3|6|4|4|7|4|7|6|6|4|6|5|3|8|9|9|20|6|7|7|6|3|2|4|3|2|6|12|9|4|13|4|2|4|10|4|4|5|7|5|6|6|5|3|12|6|7|7|10|15|4|20|131|42|14|19|16|3|4|8|7|6|5|16|4|11|5|9|4|7|3|3|2|6|1|6|4|4|3|15|7|9|4|5|8|6|5|4|7|8|10|5|8|3|5|3|4|5|7|5|1|3|6|4|11|3|3|5|11|3|4|1|6|3|3|2|7|13|3|3|5|4|7|6|7|9|4|11|13|8|6|6|5|5|10|10|9|16|25|8|8|9|5|8|19|19|24|10|7|8|11|33|21|27|11|9|14|10|104|322|243|99|493|1083|146|280|139|222|59|54|29|24|29|16|21|14|17|16|22|19|13|23|21|23|6|19|11|8|26|27|49|49|26|24|20|39|41|18|18|14|27|14|22|30|22|30|25|36|25|16|31|69|13|16|17|17|15|14|22|22|28|17|36|124|108|161|45|214|32|28|35|482|48|259|35|249|61|97|42|35|54|3007|275|353|68|184|88|111|50|181|183|183|42|234|55|135|79|71|180|70|59|50|95|58|119|61|120|45|120|82|43|61|43|30|15|16|19|19|19|11|17|22|16|16|18|32|25|50|36|21|36|102|38|82|1254|440|189|288|126|214|126|265|156|69|107|36|60|97|529|246|119|558|148|529|333|161|300|239|177|187|204|133|148|152|302|489|155|205|82|88|59|62|67|72|89|43|39|43|58|65|84|49
72,Owen Power,365,192|174|240|205|208|171|183|146|170|176|173|157|179|172|211|189|212|305|717|346|283|276|206|217|178|210|185|175|191|163|174|270|254|248|208|169|161|203|200|210|166|263|314|369|205|177|189|155|204|149|203|121|153|196|120|125|187|116|127|140|129|279|210|165|217|187|180|219|184|440|818|1366|451|303|380|269|257|196|249|271|401|306|297|266|238|226|335|256|267|285|225|249|424|448|283|274|263|98|105|94|92|86|109|89|91|86|88|81|115|94|91|101|69|69|75|51|60|60|80|76|88|78|67|73|74|107|80|72|75|85|63|61|57|69|62|50|63|70|78|71|61|65|68|90|81|98|75|83|120|168|93|87|67|99|118|75|97|125|151|81|112|122|111|89|118|119|117|160|171|187|121|195|238|223|213|218|210|271|311|206|241|323|165|351|259|286|247|212|321|262|361|200|174|182|405|200|227|128|147|135|183|160|165|227|232|310|210|165|172|265|242|164|217|166|245|328|321|240|372|264|237|184|200|217|199|173|201|444|448|324|277|185|216|165|188|291|263|200|231|285|253|380|329|321|359|395|271|263|270|226|332|157|199|260|375|264|343|316|438|360|414|334|324|344|413|309|369|252|336|223|343|312|454|527|331|221|281|223|209|262|401|307|232|209|207|555|194|322|196|918|215|306|337|236|292|223|195|139|168|232|321|284|310|384|374|306|464|372|635|551|1305|1058|711|482|573|498|531|488|349|662|1271|512|1094|386|415|520|329|401|271|310|392|664|238|309|286|196|297|245|267|337|194|229|254|192|306|244|155|183|220|300|340|201|198|188|250|218|293|330|197|198|210|283|217|277|279
73,Mattias Samuelsson,365,63|66|45|58|30|23|33|34|25|36|38|37|36|40|36|19|31|44|36|31|22|43|27|37|35|39|49|34|23|26|46|26|29|34|44|32|28|44|28|37|35|66|50|47|33|16|24|26|26|27|41|26|43|25|23|29|31|23|18|33|38|50|32|61|188|146|94|57|85|131|79|148|70|62|53|42|46|31|32|35|38|34|31|22|32|25|18|17|49|31|28|26|23|43|34|54|40|22|38|28|21|29|24|29|20|18|29|30|20|11|19|17|13|23|24|27|33|23|23|23|15|18|40|30|35|18|25|15|26|23|24|18|15|12|33|28|25|34|14|20|15|24|18|27|27|13|17|34|27|23|42|27|25|21|25|21|20|35|25|27|29|29|18|17|25|26|24|30|32|37|22|33|34|52|63|66|42|94|51|47|54|50|47|160|46|115|123|34|111|100|947|85|65|71|101|73|73|40|53|52|42|65|32|63|29|36|40|40|32|52|37|26|392|71|102|47|227|49|335|175|170|69|105|225|99|67|87|54|107|34|196|35|86|39|61|61|84|78|83|88|36|90|64|70|65|133|48|69|86|57|96|47|48|47|994|155|331|173|201|165|173|53|180|265|192|140|766|170|194|84|100|75|952|247|289|103|170|82|155|82|185|210|118|70|83|407|119|393|135|198|91|135|1350|260|223|62|64|72|78|79|87|86|79|74|79|68|162|76|89|67|129|117|102|73|180|89|234|231|114|94|177|151|594|185|211|262|222|233|107|95|87|101|86|83|138|92|133|370|132|116|73|91|164|58|79|65|41|68|109|71|185|70|93|89|144|141|137|122|75|61|65|178|103|227|321
74,Luke Schenn,365,356|3967|4319|868|3346|609|372|1826|256|1389|403|181|226|1992|634|5665|2480|20941|1739|682|989|368|459|316|253|251|517|234|1287|313|1956|307|388|308|222|205|200|185|175|201|149|150|121|137|139|118|140|124|138|124|122|116|110|123|79|75|95|80|93|102|84|129|78|104|89|83|104|105|94|90|114|138|122|117|161|155|135|181|237|233|228|213|212|211|182|194|206|197|188|201|199|213|196|194|205|196|198|81|67|84|58|98|74|89|89|88|73|51|86|86|90|91|71|65|49|68|50|45|72|66|59|55|93|102|80|60|106|80|77|70|66|76|67|50|61|61|66|85|77|66|101|171|77|101|68|63|77|78|67|59|91|76|66|70|78|76|104|70|96|140|87|72|94|113|79|71|72|78|116|171|92|65|131|114|150|196|314|168|164|179|119|257|163|132|173|100|108|166|110|144|82|112|123|106|191|114|204|126|126|105|172|125|148|155|156|133|110|111|164|110|138|199|270|91|113|507|164|161|167|105|67|99|98|99|92|101|388|110|155|103|117|128|91|128|205|125|105|100|307|245|203|117|188|136|334|103|92|115|82|135|99|59|68|80|160|111|289|188|211|288|336|251|162|172|1015|355|516|357|261|176|158|282|174|336|254|380|241|243|357|264|203|149|215|194|139|192|123|217|147|124|164|263|245|359|153|155|308|209|168|135|86|101|88|87|88|77|107|108|103|126|172|143|125|135|219|155|286|162|188|175|186|231|8761|2074|1119|972|558|833|704|684|956|983|313|267|382|225|245|175|237|149|140|145|212|105|138|152|115|164|213|121|165|185|149|252|458|161|204|222|139|171|173|200|171|436|192
75,Logan Stanley,365,68|386|374|169|1390|190|124|678|92|141|59|61|54|1174|139|833|162|498|150|158|195|101|165|115|61|63|107|94|182|113|314|88|52|56|46|55|37|69|59|60|36|36|40|35|28|30|33|35|45|20|51|38|25|43|17|27|31|25|21|18|24|42|33|41|31|34|32|36|29|27|35|57|40|43|37|55|47|33|38|22|24|23|30|30|25|19|7|23|12|30|25|16|26|36|37|27|13|24|29|26|16|21|25|27|30|28|18|19|21|18|27|27|19|25|27|17|18|22|21|22|23|20|18|19|10|29|15|39|15|21|24|24|17|30|17|20|19|24|24|24|25|22|20|31|27|13|15|21|20|21|27|30|27|20|32|18|74|52|23|32|38|35|126|79|157|244|127|46|39|85|41|74|82|32|51|104|135|61|236|170|136|125|151|60|582|148|230|72|68|194|267|105|97|52|167|71|101|119|85|84|74|88|39|60|91|65|64|39|153|41|127|46|176|33|48|283|87|71|81|160|87|63|38|83|74|77|137|54|270|45|149|37|100|71|37|34|175|50|83|47|362|86|516|99|341|80|152|62|89|84|39|36|35|34|303|66|225|131|577|294|56|3025|1035|358|216|118|604|351|172|111|101|146|111|724|183|375|143|187|159|90|199|185|311|91|68|129|159|495|325|188|200|265|148|251|99|103|81|85|58|53|68|69|50|66|61|65|72|59|76|56|164|87|113|102|172|123|186|191|132|125|228|179|8221|1241|2107|1880|986|2176|607|378|348|393|170|102|203|116|240|196|142|137|70|140|230|150|289|197|105|101|182|268|1306|355|293|237|279|126|159|217|98|94|108|213|148|208|144
76,Conor Timmins,365,68|37|76|105|100|111|94|79|42|69|124|58|68|60|59|48|46|57|68|48|94|74|59|31|45|41|47|85|75|50|62|69|41|39|61|54|53|34|43|43|48|51|36|28|23|26|25|36|21|34|27|25|32|29|31|26|28|20|18|25|16|36|39|26|33|24|27|32|37|40|34|3391|1167|418|245|130|132|104|245|328|220|168|165|164|170|147|138|143|203|180|179|146|166|175|293|197|219|70|56|42|473|426|132|76|39|49|46|45|52|42|52|55|34|33|31|41|34|28|24|19|38|18|17|45|30|24|23|18|36|25|22|32|35|28|23|23|20|31|34|31|38|34|34|34|29|10|30|28|28|24|28|29|37|123|39|38|56|49|46|42|46|37|37|58|27|43|70|68|40|58|36|44|71|87|106|136|64|84|103|49|50|107|55|108|74|59|97|61|156|175|346|91|43|78|72|53|79|50|53|42|55|60|57|69|35|47|45|32|30|54|52|41|61|44|56|38|52|41|66|93|51|35|28|142|39|27|64|34|116|32|59|35|42|43|44|44|59|34|66|41|32|45|27|31|31|203|98|46|40|42|64|28|36|55|54|38|61|33|51|54|40|37|35|47|73|41|76|43|52|27|34|56|41|56|41|53|54|83|53|58|56|35|54|33|48|80|55|104|69|57|54|50|50|38|86|35|25|29|36|27|32|32|35|22|35|29|38|16|26|21|37|33|30|31|35|57|50|54|40|67|82|80|126|85|76|93|59|72|36|44|135|107|71|87|51|34|58|64|47|43|42|200|226|150|192|81|43|52|71|47|29|41|56|46|58|55|103|48|30|37|38|81|42|83|68
77,Mikael Backlund,365,222|107|111|79|129|93|100|63|65|84|84|58|70|67|99|83|101|101|96|118|135|317|300|119|206|112|124|115|115|110|80|93|170|107|204|114|144|513|176|90|71|100|94|74|71|107|71|77|89|79|93|71|66|59|62|55|86|51|78|49|49|142|89|84|81|86|75|54|54|73|53|72|65|55|71|90|57|57|50|49|64|73|101|95|72|74|58|52|37|48|48|52|47|43|39|46|48|49|36|51|33|32|35|60|65|40|52|56|84|55|61|71|82|50|69|43|57|37|45|51|35|24|46|95|43|62|48|35|61|63|51|119|80|61|39|60|42|53|44|47|37|45|47|56|56|41|63|57|64|45|49|56|327|351|116|90|86|70|53|72|44|68|56|46|44|59|47|80|57|76|65|67|71|106|259|202|183|83|61|66|195|107|54|70|113|82|97|90|309|91|117|62|114|96|90|72|88|75|62|142|77|72|143|77|111|64|102|53|71|63|114|53|126|69|73|111|117|66|63|128|122|67|68|81|88|72|90|69|79|98|69|98|80|100|74|138|89|90|54|84|130|76|68|165|79|162|87|247|78|84|194|100|78|83|188|102|167|91|191|192|161|152|98|152|107|165|119|156|72|95|102|114|79|320|215|118|157|132|85|122|76|122|82|121|64|120|79|110|108|87|73|122|88|121|81|80|91|87|80|101|98|99|86|103|99|88|152|86|148|133|524|361|187|138|138|173|97|103|111|83|110|123|145|125|158|102|112|104|84|200|150|127|122|144|95|100|64|93|90|156|78|96|65|115|61|113|73|88|41|63|132|87|101|84|80|83|68|76|80|79|111|83|97|56|156
78,John Beecher,365,43|36|40|36|42|47|46|33|40|26|41|42|31|27|32|38|38|23|35|28|35|37|26|22|35|30|21|32|31|39|50|37|24|30|22|39|41|46|43|47|30|25|64|28|40|34|39|16|47|33|41|21|33|68|49|36|30|25|31|20|16|40|41|23|33|27|34|39|34|38|70|122|78|203|104|66|56|30|35|22|36|38|37|25|23|25|24|18|22|21|19|19|26|27|30|32|19|25|25|24|24|21|44|25|31|28|14|26|23|14|20|28|27|34|26|19|23|18|20|21|39|25|38|15|33|26|28|16|16|21|25|28|37|25|19|24|25|15|23|19|12|35|16|28|19|20|20|24|32|29|23|29|36|19|28|29|31|39|41|48|28|51|102|72|38|47|16|32|47|45|49|51|52|81|116|88|62|84|83|56|38|44|54|40|267|74|64|120|44|44|54|39|35|38|52|32|47|70|39|33|24|54|31|60|28|54|33|44|73|29|26|32|67|935|2806|1691|906|263|201|203|223|94|89|126|125|116|119|91|63|71|51|116|79|124|67|75|69|91|52|50|69|43|55|79|80|85|39|121|41|46|90|51|45|61|60|68|225|65|120|52|50|502|356|80|82|71|102|73|57|61|43|49|40|50|72|53|50|42|58|33|54|46|62|32|43|49|25|47|53|39|110|48|55|53|32|38|38|22|29|26|37|24|37|38|27|26|42|29|36|48|102|68|48|42|49|79|54|85|120|42|69|42|57|86|85|39|39|44|177|919|133|75|38|59|36|40|36|40|52|48|41|60|50|42|45|48|36|59|40|36|41|44|67|29|52|24|55|77|35|33|42|35|32|40|62
79,Blake Coleman,365,108|90|100|86|64|62|52|55|87|72|70|70|78|72|62|80|67|59|68|52|59|70|59|57|51|62|78|85|74|76|108|55|89|97|79|61|69|77|77|98|74|67|67|73|65|53|59|72|55|55|85|65|62|76|57|73|100|55|80|60|58|106|93|66|82|39|68|68|49|50|50|63|61|86|76|85|71|64|61|40|46|44|44|36|39|35|36|31|37|27|32|48|32|29|29|38|42|224|1341|1213|408|111|93|64|62|46|44|48|97|143|92|88|134|108|130|73|44|40|45|37|39|34|44|59|60|27|42|47|55|31|38|48|42|56|43|51|66|63|81|63|45|53|47|39|43|42|56|65|43|44|43|46|59|38|39|57|29|61|64|57|28|48|57|42|40|49|54|62|48|127|89|41|65|85|225|123|128|75|65|59|243|190|94|63|93|89|77|59|116|51|91|75|250|106|91|71|77|46|59|77|62|72|134|77|83|48|68|56|106|117|230|89|139|95|85|101|103|81|69|228|195|80|95|147|129|106|80|104|74|109|128|152|90|74|79|69|69|104|65|81|200|55|81|201|64|108|81|109|70|93|105|57|55|89|217|165|295|227|101|82|100|160|111|169|153|787|618|288|289|354|214|147|188|149|116|115|226|213|199|149|103|97|63|79|97|150|142|130|110|77|106|95|121|96|66|59|75|86|139|191|85|53|54|54|53|72|73|137|375|181|183|155|143|136|119|162|120|130|185|205|391|312|366|205|175|102|148|76|68|108|55|72|58|75|49|84|36|95|97|166|55|76|76|75|67|99|46|59|34|47|111|43|69|67|98|321|152|213|67|70|91|67|199|92|168
80,Matt Coronato,365,77|42|38|30|16|32|23|19|23|18|30|22|31|17|26|1117|1030|294|130|80|49|63|61|34|41|38|30|33|22|38|25|35|21|31|21|35|27|25|28|35|31|27|22|26|43|46|18|22|20|25|31|22|27|34|26|20|43|24|37|21|22|37|36|33|26|20|31|27|31|48|46|78|47|46|50|46|53|23|29|20|20|19|14|26|27|29|23|19|27|35|64|56|33|30|33|23|26|20|19|42|24|26|26|23|25|24|29|18|27|26|40|42|18|18|9|20|30|12|17|39|29|15|22|31|22|38|34|30|25|30|38|17|32|42|17|24|22|27|19|27|24|19|25|29|50|43|22|29|33|14|23|10|38|25|38|26|28|40|28|68|30|19|30|37|22|39|35|52|48|71|62|62|73|58|187|93|531|187|60|66|89|105|41|48|49|39|56|34|136|38|57|143|203|96|81|41|47|35|45|38|19|37|41|43|87|42|75|33|95|30|110|42|212|36|44|186|138|35|46|728|351|99|79|85|65|42|47|45|40|48|64|75|44|54|42|50|58|81|33|41|109|34|32|41|35|101|32|50|36|35|105|30|30|33|79|43|104|40|57|40|53|65|40|62|45|102|78|146|76|36|38|45|37|59|359|76|54|47|45|56|36|37|37|130|58|51|51|68|49|53|48|112|42|73|22|36|29|35|33|38|29|17|45|28|25|29|45|36|36|24|62|32|46|47|52|64|44|52|73|57|39|41|65|57|68|54|163|233|65|76|185|317|52|99|26|59|24|107|22|52|37|59|27|85|23|139|32|51|27|31|41|21|45|14|42|45|23|36|26|30|134|32|33|22|97
81,Joel Farabee,365,132|109|85|74|86|81|95|49|58|59|67|50|49|50|63|58|66|60|83|68|77|68|66|65|73|47|57|49|50|47|46|49|41|55|48|54|58|61|65|53|47|79|62|52|43|38|48|50|65|34|78|41|50|48|42|56|33|38|55|66|40|64|70|40|54|49|113|93|72|70|76|134|80|76|108|105|142|86|70|56|77|56|53|51|39|42|44|45|61|41|42|43|55|45|45|43|34|37|36|40|32|29|39|41|39|60|45|35|37|35|49|59|59|35|35|28|29|42|43|31|35|34|39|39|41|34|32|48|41|43|32|45|41|50|39|36|54|41|44|35|45|34|38|28|30|26|36|37|35|38|37|47|45|34|49|39|31|57|48|44|105|56|42|34|48|76|78|86|49|77|64|42|72|104|152|93|143|68|66|110|98|126|129|66|101|73|103|67|115|64|88|46|65|106|112|67|110|75|75|216|59|60|63|79|155|68|55|62|50|49|64|46|66|45|44|81|400|64|51|97|104|70|57|100|57|99|76|53|54|74|65|58|50|61|41|78|82|112|61|74|112|64|54|95|54|61|54|128|50|62|98|46|54|50|124|43|84|80|193|69|61|73|53|140|101|210|91|92|52|56|63|55|61|98|72|51|41|80|56|72|48|72|56|61|56|56|52|67|102|68|79|123|69|70|57|41|46|44|50|36|61|47|41|69|51|42|81|49|78|68|138|110|89|60|76|81|67|66|216|64|82|74|99|91|350|161|153|95|48|82|41|56|47|38|31|105|60|123|53|50|67|71|37|66|36|128|55|68|45|53|76|52|114|66|82|134|63|53|48|67|74|127|136|73|169
82,Morgan Frost,365,101|120|88|87|97|59|94|57|52|56|50|44|53|56|61|55|55|75|66|74|58|38|50|52|44|63|82|63|57|44|57|92|57|49|60|54|59|78|43|63|43|73|55|48|54|40|43|55|63|48|53|35|73|57|45|50|98|47|36|44|40|57|48|36|44|43|86|96|63|76|51|97|59|95|107|234|341|186|63|66|58|52|35|41|45|34|44|29|38|36|38|54|53|30|31|33|30|29|65|32|23|19|39|28|24|28|31|36|23|34|39|51|30|28|31|32|27|25|22|33|24|23|29|23|27|25|34|18|34|22|37|49|51|35|74|33|36|30|29|36|36|35|29|32|30|25|26|30|16|36|25|37|39|46|46|37|26|130|50|51|42|30|40|44|38|57|78|68|41|71|63|55|49|76|211|152|235|81|78|87|90|105|56|56|79|52|92|64|148|49|73|48|79|442|183|78|105|60|110|172|52|58|114|74|80|55|55|44|53|39|50|41|100|37|52|77|146|42|62|120|140|55|46|60|73|82|140|87|52|69|60|62|65|51|49|67|46|60|32|49|683|111|68|105|64|69|51|67|52|61|76|50|60|69|95|50|103|89|177|54|64|70|84|91|101|114|86|74|63|38|55|61|88|48|77|45|41|63|35|64|38|132|61|77|65|53|51|90|130|161|79|293|71|74|51|39|43|31|40|37|42|37|39|52|33|40|58|43|43|44|66|66|70|40|49|69|52|65|102|96|111|70|89|77|232|100|68|75|49|53|54|39|70|71|51|70|37|205|43|129|69|99|57|70|35|153|56|107|55|60|123|64|213|79|91|107|64|47|40|70|94|123|80|45|176
83,Matvei Gridin,365,47|24|21|41|24|35|21|13|21|17|15|16|12|15|15|19|22|28|28|29|19|23|48|22|28|21|30|22|9|13|18|25|23|13|17|17|10|14|18|27|23|24|17|11|16|14|13|23|31|85|100|75|64|60|34|39|17|17|10|16|19|21|35|34|50|23|22|21|33|33|27|113|36|27|27|37|34|16|16|32|31|11|48|28|17|14|13|21|27|36|30|17|21|16|32|14|19|21|13|14|7|14|18|12|13|10|6|10|33|14|12|9|19|15|16|21|18|13|21|4|8|16|17|17|17|15|14|15|14|11|13|12|14|13|8|10|6|9|12|11|14|8|7|13|17|13|16|19|61|50|65|31|32|15|25|24|30|46|7|44|13|21|34|73|34|1037|327|156|73|631|151|379|479|246|3436|455|506|129|91|97|131|87|60|83|59|43|33|43|52|30|38|53|46|27|23|38|29|24|24|29|21|23|31|24|30|38|42|38|26|28|32|19|23|35|19|36|23|12|31|26|47|31|22|25|13|29|29|18|18|37|27|23|27|27|30|11|32|33|32|72|71|45|42|36|23|27|44|59|34|36|52|34|28|49|43|37|40|29|34|35|61|51|46|45|31|31|21|31|28|28|28|24|33|44|253|87|63|193|43|74|24|58|31|213|54|36|18|70|264|224|157|149|64|970|88|56|42|26|24|88|62|49|28|29|30|34|48|33|38|37|44|32|33|15|60|59|44|79|119|46|44|72|83|52|77|64|182|46|51|51|27|32|56|80|31|268|53|138|40|250|81|196|74|240|71|196|59|71|38|38|61|24|179|58|76|43|43|114|53|40|42|33|63|27|107
84,Tyson Gross,26,1|1|86|37|21|14|88|27|11|8|18|18|19|10|16|15|20|7|818|131|80|118|28|45|18|37
85,Samuel Honzek,365,52|15|26|17|19|20|18|29|13|41|48|15|21|17|24|17|22|25|37|39|102|131|80|104|132|67|72|54|39|62|80|39|48|42|35|28|26|37|41|41|33|26|24|33|17|16|17|12|13|16|17|14|21|25|18|22|15|8|7|24|40|28|20|13|19|10|22|14|26|33|22|74|43|30|44|28|32|25|19|17|23|15|17|18|16|8|11|11|21|14|12|16|21|21|22|22|19|14|11|17|13|11|18|12|13|12|23|11|17|20|15|13|9|8|16|22|17|7|19|11|14|16|8|16|6|15|9|13|4|7|8|10|12|4|13|9|8|9|15|10|14|14|12|8|21|16|39|59|43|29|35|26|19|22|18|9|24|18|10|37|24|19|17|28|19|30|27|21|15|16|15|19|40|29|60|38|77|40|38|26|88|74|34|24|42|28|51|23|61|27|56|26|103|46|264|56|49|42|56|36|28|21|82|37|44|30|44|43|47|36|91|31|70|50|35|29|37|120|61|159|38|31|20|22|23|31|26|22|31|24|25|21|19|30|18|26|25|24|19|31|24|23|30|24|16|23|19|21|23|24|36|26|31|34|27|37|47|25|37|50|51|38|38|52|30|47|36|47|31|29|24|31|29|32|25|24|24|28|22|26|16|23|19|25|33|13|15|22|21|21|19|23|30|49|38|29|36|34|35|121|45|30|35|49|33|26|85|43|65|69|63|39|30|16|28|25|33|19|27|28|23|35|31|33|38|25|31|19|18|19|17|21|21|17|16|26|18|14|30|22|17|25|23|36|25|24|25|10|18|26|20|17|25|20|33|18|14|23|20|15|19|24|12|14|32
86,Jonathan Huberdeau,365,219|145|123|138|117|201|258|169|151|191|146|159|164|240|242|135|133|196|219|181|175|171|182|162|297|142|135|252|216|239|200|576|281|371|251|562|288|473|354|338|239|1127|642|415|514|432|374|430|631|204|454|207|284|592|243|288|440|153|409|265|304|3126|955|786|533|367|327|316|329|353|367|292|212|168|245|187|183|156|124|150|194|190|198|204|138|130|110|98|101|104|118|89|64|69|79|319|215|253|95|99|66|87|106|98|166|154|120|116|120|102|94|131|127|95|143|112|89|84|71|50|62|66|90|77|64|78|62|62|69|63|66|61|67|58|57|58|59|67|60|59|71|61|62|69|56|73|68|47|47|53|65|76|90|89|82|84|92|149|105|148|83|107|105|50|86|102|86|212|128|121|103|118|150|168|286|195|252|168|104|164|184|166|156|177|340|127|155|125|308|119|137|117|170|178|150|130|113|127|102|387|113|129|196|122|140|104|182|110|159|136|119|75|207|82|125|212|151|147|112|348|180|109|113|158|153|121|113|113|86|127|109|227|99|115|86|149|99|169|77|157|222|90|111|134|106|210|125|153|120|86|225|122|99|103|243|140|245|129|220|176|196|175|128|192|132|403|168|185|151|117|107|124|121|189|153|211|247|167|148|165|153|198|142|258|155|114|112|185|161|160|129|178|139|598|353|139|106|96|92|121|138|118|104|164|140|103|173|110|213|186|406|320|222|206|202|235|174|153|197|195|213|316|246|230|242|178|163|155|137|159|209|152|132|110|121|116|101|198|122|144|90|137|128|102|104|119|105|181|112|98|130|107|130|113|130|170|88|101|99|118|143|114|116|97|173
87,Rory Kerins,365,12|7|11|13|10|17|10|11|15|18|5|4|3|6|6|3|6|10|8|9|1|4|5|7|4|13|2|3|6|9|6|5|5|6|1|7|11|5|7|7|12|4|10|8|9|6|4|4|6|7|6|7|4|6|5|7|6|2|4|4|4|8|6|11|6|5|11|11|10|5|5|13|6|5|13|7|8|11|8|7|2|6|11|7|7|5|7|22|7|7|23|36|11|8|10|5|6|3|6|6|3|4|2|5|4|6|5|4|10|8|6|8|8|5|3|7|8|2|7|6|3|3|6|7|8|4|8|6|4|5|12|9|8|6|5|3|5|4|8|5|7|8|10|9|5|6|2|14|3|8|9|6|7|6|4|3|5|14|14|127|46|25|13|28|21|32|21|102|90|29|28|22|9|11|9|10|9|7|10|9|14|14|10|10|23|9|19|7|13|9|12|9|5|9|5|3|16|12|7|6|10|9|8|11|11|4|11|11|12|63|118|17|90|21|26|17|15|7|10|13|22|9|7|11|10|7|16|14|13|14|12|10|13|9|15|5|8|10|35|8|16|14|10|10|5|13|11|7|6|5|14|13|14|11|13|18|9|10|14|9|10|18|10|13|15|8|7|16|13|14|10|8|10|7|9|15|15|13|4|8|11|13|15|8|12|5|5|8|7|7|17|16|5|20|15|11|7|11|4|4|12|7|5|15|8|15|10|10|12|10|15|9|18|10|7|10|17|24|10|14|4|14|11|14|9|11|11|10|11|12|8|15|10|12|9|9|11|9|7|6|14|5|21|13|3|14|7|5|14|11|15|12|23|19|22|14|12|8|11|15|6|26|71|25|29
88,Adam Klapka,365,277|69|44|36|38|37|49|44|36|80|27|99|68|82|55|170|140|54|88|79|64|90|50|102|75|67|132|313|145|407|122|136|475|104|127|57|31|46|29|18|26|26|21|12|21|31|26|21|20|18|17|22|23|86|142|42|21|16|12|17|12|18|15|15|22|17|17|14|13|13|20|27|24|19|16|25|24|9|36|21|11|21|16|15|15|9|7|16|16|14|10|14|13|11|7|17|10|18|10|11|13|11|13|14|15|20|18|12|41|32|14|11|11|23|13|7|12|27|59|32|55|68|26|28|19|31|23|23|23|19|14|33|18|7|12|12|9|12|12|8|13|20|16|16|15|14|14|30|4|18|15|15|9|16|19|16|38|84|30|65|18|18|13|86|23|84|18|31|16|97|31|26|43|66|783|241|322|92|38|31|224|425|46|32|471|52|142|36|1284|97|252|75|126|34|36|81|76|60|36|107|32|33|313|59|114|23|213|47|126|34|91|39|279|29|72|312|133|36|29|209|76|28|28|79|54|41|86|72|30|47|31|63|43|67|28|107|27|295|31|27|427|56|46|190|34|87|27|182|34|32|630|45|40|46|1943|187|187|97|212|65|33|240|53|422|95|848|154|186|99|31|46|92|37|100|361|102|59|117|44|105|43|554|128|134|55|38|24|190|94|53|35|107|118|384|59|79|54|46|48|41|53|52|31|61|38|38|69|54|45|40|56|54|49|28|25|163|38|229|105|36|119|50|107|47|134|78|104|65|54|71|37|47|34|39|26|88|11|217|31|72|36|98|28|117|24|1025|150|199|52|72|66|22|54|26|45|72|52|75|37|37|112|31|104|29|76
89,Ryan Lomberg,365,174|96|88|76|57|119|69|60|103|76|44|72|60|82|60|42|51|69|99|66|61|85|144|77|100|62|61|75|84|102|67|149|79|114|62|103|96|187|90|101|80|171|115|86|67|52|56|89|135|61|122|77|98|150|104|87|73|60|154|132|73|334|142|122|117|76|73|57|59|62|52|50|54|61|102|84|59|95|125|71|73|83|89|56|52|45|43|42|47|109|158|65|45|70|59|104|59|39|42|38|37|54|51|62|33|42|57|37|47|42|85|59|53|52|58|88|56|37|63|62|52|60|25|30|37|35|24|51|61|75|205|92|62|82|63|35|38|36|29|36|35|29|20|26|35|34|30|39|28|68|39|33|62|58|60|54|54|32|33|37|47|33|32|40|36|72|36|44|30|42|41|44|45|54|118|147|509|212|79|62|226|133|44|64|365|59|179|47|189|64|79|35|162|63|74|67|53|79|50|78|38|31|134|49|170|34|78|44|89|56|118|48|137|60|71|114|53|45|36|72|92|35|44|71|109|51|56|33|32|43|51|169|56|238|96|169|93|307|53|58|95|55|56|302|56|95|49|882|175|124|384|65|57|63|2358|271|412|146|215|91|95|449|132|200|147|528|160|103|73|40|57|115|93|126|389|127|101|162|77|209|121|170|92|68|69|62|67|65|158|79|70|111|82|750|182|79|45|76|55|63|48|43|55|45|57|41|90|57|64|76|96|57|91|59|68|191|193|126|350|65|94|72|179|93|137|86|98|51|61|51|64|48|61|68|35|64|37|136|57|101|47|115|55|67|37|96|39|41|44|46|57|32|61|25|55|46|31|59|40|83|84|29|65|34|181
90,Victor Olofsson,365,41|40|34|161|53|101|50|60|36|22|20|24|50|63|117|37|37|35|33|140|40|1476|125|171|70|134|53|118|60|27|24|46|33|28|59|43|39|49|33|32|31|40|46|49|43|40|29|30|41|40|38|38|21|32|31|17|37|32|28|28|22|45|37|28|23|26|29|29|28|72|66|58|44|70|171|182|127|106|160|82|138|108|50|65|62|88|64|71|66|72|99|68|56|41|72|53|59|43|39|34|36|30|25|33|28|47|40|25|29|26|28|43|39|38|24|19|23|36|20|20|36|20|13|28|1573|494|159|66|76|78|54|39|44|46|37|24|29|22|38|29|29|42|53|27|32|23|20|35|25|22|36|38|48|51|41|55|46|56|39|38|47|39|55|59|37|40|88|86|55|46|93|61|76|212|105|305|56|265|163|65|66|47|135|68|107|32|39|74|41|122|101|86|39|46|3381|415|247|103|48|51|48|1002|164|94|61|164|175|72|117|72|117|56|39|144|44|51|38|70|56|56|63|45|83|79|48|62|46|43|42|56|31|42|49|53|24|31|94|19|40|34|124|32|42|56|37|27|45|45|57|34|45|50|33|46|85|44|75|37|58|54|54|80|41|50|67|38|65|113|87|44|63|48|57|36|54|33|91|66|38|79|46|227|96|30|32|50|53|61|53|39|35|74|36|49|38|25|44|14|36|46|54|54|205|80|37|70|47|26|31|30|47|43|25|39|124|69|40|50|75|60|64|58|1845|1465|445|489|391|145|95|116|90|61|52|58|64|171|45|571|95|322|44|124|55|46|24|84|47|167|60|76|126|36|73|42|56|56|52|96|41|45|72|48|151|54|111
91,Martin Pospisil,365,52|39|49|30|44|50|28|28|26|18|24|7|28|13|18|26|22|26|26|25|31|32|24|31|40|19|33|21|27|38|29|35|30|21|13|27|37|36|31|26|16|10|25|14|16|19|15|15|15|15|18|23|17|15|19|11|18|8|17|83|57|41|26|19|25|22|27|30|17|23|25|21|16|19|45|81|30|20|24|22|19|24|15|27|19|10|9|19|25|13|20|13|17|17|31|33|20|22|16|15|24|64|20|137|156|55|29|28|28|26|23|22|17|14|21|9|15|10|10|30|9|13|20|13|20|14|17|16|13|11|17|21|21|22|15|16|21|17|10|27|26|13|19|8|20|17|20|18|20|17|9|18|24|15|14|17|20|18|20|15|35|16|12|17|20|119|206|154|38|34|32|23|28|28|49|34|42|20|31|20|37|39|25|18|32|20|43|23|55|26|27|19|34|29|25|25|28|26|16|28|18|16|35|21|35|22|19|25|26|19|33|18|36|23|29|37|42|22|21|28|39|19|43|20|24|19|12|25|20|26|24|36|20|26|17|36|28|25|15|21|55|28|26|32|20|41|25|37|17|36|38|23|36|29|53|44|56|39|54|77|86|70|64|92|70|147|82|67|41|40|67|55|48|41|70|31|49|99|89|317|43|77|37|98|47|25|35|96|91|38|57|81|63|154|88|93|92|108|110|1069|405|230|217|132|95|99|530|351|1452|444|195|106|91|49|48|49|35|38|36|38|31|39|193|46|53|26|25|23|36|27|7|23|55|92|31|73|24|35|28|33|27|32|30|20|19|25|21|19|27|28|36|15|35|24|34|32|20|24|18|25|44|19|17|17|45
92,Yegor Sharangovich,365,80|56|38|52|59|40|29|42|31|25|34|21|36|32|34|40|31|24|48|58|40|39|44|49|23|24|29|33|31|30|26|30|37|44|36|38|32|60|32|47|23|42|38|29|21|22|25|39|24|26|37|22|32|40|21|28|33|14|21|35|15|59|44|29|32|25|34|33|18|35|24|41|38|35|40|43|38|30|41|23|33|20|24|23|21|21|25|17|22|16|31|25|34|20|22|22|17|15|28|11|13|21|8|22|23|26|24|20|27|17|16|22|35|20|23|30|18|28|24|19|22|19|16|21|22|14|16|27|39|24|18|33|25|35|23|23|19|27|23|25|24|27|22|16|28|32|27|26|15|18|33|19|16|20|20|29|21|24|25|49|25|31|23|22|24|28|23|38|39|43|29|29|38|52|70|75|55|42|38|35|40|62|32|34|156|147|151|66|85|46|80|53|169|52|31|48|58|28|33|57|19|30|66|41|48|34|35|29|47|49|75|27|47|33|28|64|52|24|31|48|90|26|27|37|38|36|36|31|34|23|25|31|39|86|38|159|51|58|25|20|69|37|38|53|36|37|26|57|39|36|65|41|20|27|192|48|59|38|79|47|42|51|35|59|60|100|64|57|37|35|42|53|49|89|127|46|37|99|39|90|35|68|30|46|34|32|32|54|65|30|41|67|49|70|39|37|25|38|42|46|71|49|53|63|55|56|54|56|58|47|105|70|69|42|43|44|29|37|115|51|41|35|58|41|73|31|86|74|48|90|35|31|36|25|24|41|34|31|24|49|31|155|58|77|29|66|18|41|20|34|41|24|29|14|53|53|25|33|32|35|33|27|35|21|44
93,Ryan Strome,365,171|111|102|134|286|219|618|117|289|301|329|117|141|230|167|119|119|149|169|185|191|225|201|155|115|157|135|170|159|94|149|148|139|71|86|65|132|141|101|132|100|137|150|107|89|104|94|94|129|91|84|80|78|62|131|189|148|102|119|83|55|87|68|67|57|60|88|100|54|63|64|114|82|79|81|96|81|70|55|68|71|73|55|49|77|75|57|47|38|40|47|47|28|39|52|91|118|184|77|64|42|32|49|36|53|45|39|34|48|46|37|57|43|33|31|32|41|46|47|41|42|49|30|47|34|42|30|48|49|36|53|38|34|38|32|33|36|39|33|31|45|34|42|36|52|47|97|57|34|41|39|67|55|49|54|42|39|34|63|57|172|310|98|67|67|71|62|64|51|70|58|137|111|115|81|72|56|116|109|79|161|73|199|91|114|73|74|80|58|91|87|118|59|70|75|664|282|99|82|111|70|107|106|169|72|127|127|93|166|130|191|105|112|59|119|92|394|457|381|224|235|115|94|132|94|132|137|64|61|78|135|110|337|97|142|57|132|83|226|86|106|125|318|179|117|78|85|91|40|86|146|68|105|75|82|83|107|133|102|126|129|136|497|731|197|129|124|123|153|88|104|527|495|245|184|183|166|151|93|139|94|124|189|106|234|83|92|99|54|81|96|105|111|81|66|51|54|39|78|69|55|71|67|56|65|51|63|67|74|52|145|119|153|155|170|99|107|100|114|121|94|210|3154|2090|2577|724|791|369|154|142|169|141|153|96|93|169|123|268|119|799|146|191|158|425|101|661|118|190|97|83|86|104|566|168|123|212|228|142|86|120|153|106|97|95|166
94,Aydar Suniev,365,52|12|20|30|12|14|23|8|15|7|11|9|6|9|7|13|6|15|16|12|12|11|13|13|16|15|17|6|8|9|10|9|1|17|20|13|19|21|48|28|12|16|14|11|6|8|7|13|9|7|16|11|25|8|12|10|6|18|5|8|11|25|14|11|11|7|12|7|5|13|12|22|34|19|23|27|22|19|5|9|19|6|11|30|8|9|10|10|5|11|9|6|7|11|9|15|10|8|7|7|9|6|7|14|7|1|7|13|14|8|5|6|6|12|12|8|13|12|5|11|2|7|8|4|8|7|9|9|6|4|12|13|11|11|7|15|11|9|8|12|15|9|11|10|8|12|17|28|43|31|76|31|17|14|20|16|24|39|43|26|19|17|8|8|13|34|9|23|20|16|19|19|25|15|48|16|26|11|9|11|7|5|5|17|9|6|17|10|12|7|3|9|9|9|13|14|9|17|16|8|10|8|8|15|9|13|9|10|19|19|8|19|15|21|11|14|9|17|15|9|15|4|10|10|8|5|7|5|5|12|11|7|11|7|12|4|8|10|32|8|10|6|7|12|5|8|10|9|10|2|8|5|9|8|9|15|7|6|10|6|7|13|9|10|6|12|14|11|13|7|10|13|11|8|10|12|13|9|12|8|15|16|10|5|15|13|8|5|4|6|3|12|6|8|8|19|12|12|13|8|7|10|14|9|6|10|9|12|12|9|14|5|11|14|12|9|8|15|10|14|9|17|12|7|9|9|13|13|9|7|39|11|7|16|10|5|4|16|12|8|9|6|12|18|7|15|7|7|15|15|88|57|55|31|49|180|26|155|26|28|170|31|92|23|101
95,Connor Zary,365,45|54|23|36|30|27|31|32|43|26|14|21|25|29|29|39|19|54|42|33|34|20|28|20|26|31|25|20|28|28|14|16|21|25|26|23|25|29|33|42|28|33|41|38|31|30|22|29|28|25|27|30|19|20|24|23|24|20|21|25|26|38|37|31|26|34|27|44|44|64|30|61|29|32|74|112|62|37|34|38|54|22|26|34|35|27|28|33|29|32|40|53|33|45|29|32|61|28|26|18|21|24|31|32|22|57|33|16|24|28|20|36|35|35|36|40|27|25|25|21|23|13|20|29|36|29|26|27|38|26|25|30|34|28|28|24|41|41|38|31|115|167|79|63|50|25|17|24|19|22|11|24|31|34|30|47|33|47|33|38|60|30|31|32|28|28|29|51|25|38|43|32|32|38|410|160|98|44|37|29|67|37|37|30|48|26|76|25|62|33|41|28|61|50|44|38|32|14|27|37|30|25|41|33|40|21|35|40|34|31|46|32|65|24|39|47|56|28|28|51|138|37|28|33|24|32|25|26|30|31|32|50|29|322|32|40|30|45|18|33|127|20|35|53|22|32|24|69|32|26|95|21|29|41|82|47|165|50|83|34|39|52|40|58|59|57|81|121|72|31|28|52|33|51|61|32|55|67|35|42|31|56|41|33|35|28|32|41|34|41|42|61|39|110|54|25|32|31|61|31|32|16|16|22|31|42|32|33|16|19|31|56|37|27|31|88|35|44|63|35|44|45|41|47|56|34|40|38|31|22|20|24|30|35|24|147|28|264|147|173|76|56|28|28|23|38|18|21|32|37|48|23|36|22|32|38|16|24|20|29|90|24|50|22|60
96,Kevin Bahl,365,346|121|96|88|85|70|58|36|76|63|51|44|116|54|66|47|53|52|61|70|55|50|64|48|45|48|59|55|52|61|42|67|48|38|52|41|76|73|59|66|58|57|57|45|26|48|37|31|51|37|82|55|85|50|42|32|44|39|41|36|20|73|35|47|44|57|55|97|44|50|45|1055|713|302|127|112|102|69|44|58|56|43|48|48|37|31|23|27|44|22|33|26|27|32|30|31|30|43|30|36|21|23|26|31|29|22|30|27|22|25|21|54|20|39|33|27|26|28|111|72|30|38|37|38|26|23|36|27|24|23|34|33|31|26|28|21|34|47|35|29|34|32|28|49|45|70|47|37|35|41|38|34|35|31|38|43|27|48|52|108|33|41|27|48|32|53|29|117|40|79|49|47|47|51|191|289|179|92|40|180|194|149|63|80|128|53|104|62|171|53|76|56|254|75|85|67|286|226|60|81|69|43|82|58|56|30|84|34|56|52|85|44|185|47|51|87|93|38|48|112|233|51|53|72|81|60|71|58|44|49|48|71|46|81|41|70|64|94|55|46|111|46|66|80|45|79|55|101|35|47|652|76|56|142|519|123|161|93|151|89|102|146|105|146|99|112|75|153|67|44|64|83|59|113|108|89|82|182|54|107|53|114|59|100|74|57|45|56|152|88|60|136|62|173|48|71|43|45|56|49|55|51|46|54|60|46|100|71|73|64|174|133|98|49|45|75|56|64|133|64|85|72|95|65|119|58|91|74|77|149|39|55|59|81|38|86|51|82|60|65|48|126|118|156|72|195|72|69|57|49|80|38|65|54|69|74|50|53|34|61|61|51|46|46|82
97,Jake Bean,365,66|74|72|70|82|91|74|49|31|33|46|60|98|120|69|52|46|60|66|57|52|52|44|34|47|52|134|932|1153|354|122|82|107|100|74|76|64|69|54|81|84|217|146|57|40|42|39|36|51|39|32|41|42|43|55|85|97|49|34|22|29|58|36|34|37|40|82|50|91|81|42|51|43|40|39|55|45|40|53|27|35|35|42|24|21|22|13|18|33|17|23|26|19|25|50|37|30|59|62|41|29|38|43|32|22|36|28|26|35|26|25|31|31|24|25|25|32|21|24|26|28|25|19|19|31|22|22|29|21|17|18|25|19|24|15|18|27|20|20|22|20|20|16|37|23|27|30|30|23|25|29|31|35|24|39|31|38|45|26|30|61|35|31|31|23|63|25|32|50|64|30|44|36|89|168|113|80|37|33|37|40|46|41|47|48|50|65|36|96|44|49|41|71|43|33|46|86|62|45|42|34|39|51|43|38|39|39|24|38|55|55|34|158|30|32|83|41|39|35|41|48|18|21|34|27|72|88|38|45|41|44|51|84|90|45|44|56|39|52|50|41|35|33|42|80|76|23|40|37|27|61|31|43|50|39|40|44|38|62|33|38|53|50|51|54|56|47|43|43|41|48|43|35|56|29|46|53|34|43|48|40|43|46|37|48|37|33|46|27|53|36|38|29|32|43|28|47|29|28|29|36|34|25|25|38|27|54|31|41|28|56|46|60|40|55|32|49|27|45|50|43|31|40|44|57|41|40|44|36|37|47|38|34|36|37|27|31|34|31|44|44|49|30|28|41|36|29|25|32|33|30|28|33|25|45|30|71|44|20|38|36|22|34|29|54
98,Hunter Brzustewicz,365,899|119|43|44|22|31|20|20|15|35|28|13|15|15|19|28|12|26|42|25|14|25|20|15|16|19|21|15|18|19|16|17|15|19|26|31|31|49|49|33|43|18|25|54|35|54|19|24|18|21|25|15|23|17|19|21|27|13|16|9|12|27|15|24|16|22|23|32|39|45|52|1117|179|72|49|49|41|37|17|29|24|24|54|25|16|29|31|25|67|48|26|18|23|18|21|11|33|19|27|35|18|20|18|9|17|14|13|6|19|18|18|9|6|10|4|12|14|9|7|6|8|10|12|25|12|25|17|10|10|7|26|15|13|16|16|14|8|7|11|9|11|27|13|17|11|31|25|19|41|25|17|18|22|14|12|14|10|22|27|108|68|20|17|20|14|38|40|31|18|27|17|16|25|32|41|35|31|23|18|10|16|19|24|28|30|23|18|21|20|25|24|29|17|23|29|13|25|19|20|15|21|32|26|18|14|22|28|20|28|15|31|14|23|14|23|26|19|26|25|23|50|15|20|23|11|23|17|31|31|29|25|20|32|29|72|90|102|466|96|76|140|60|58|99|33|67|54|143|42|65|176|43|46|83|272|45|99|39|70|43|37|85|69|59|51|303|51|51|42|33|43|28|38|108|70|55|96|114|37|64|38|34|40|624|92|47|43|90|67|41|33|32|33|73|27|23|20|15|21|25|19|26|24|20|22|32|25|22|29|18|34|17|38|22|32|23|26|23|31|21|50|59|53|30|58|60|33|27|46|45|22|24|118|187|35|44|48|91|32|126|39|82|26|76|46|154|28|49|27|16|26|45|116|47|45|47|29|49|18|135|57|30|45|21|86
99,Joel Hanley,365,40|52|38|35|30|23|33|24|42|31|27|30|20|24|14|30|54|25|31|22|29|34|32|47|45|34|35|29|22|17|57|28|27|26|35|27|30|42|26|27|21|34|64|41|30|25|30|23|26|18|25|35|25|26|34|19|21|11|24|20|9|33|23|22|16|30|34|23|20|21|29|24|18|29|210|116|52|23|22|20|25|34|16|19|14|25|21|19|23|26|25|35|19|20|23|22|11|26|17|17|27|13|18|21|16|24|29|21|36|21|19|23|16|19|19|20|23|20|18|23|13|19|18|14|15|22|25|15|19|15|21|29|18|25|29|35|18|29|21|20|28|26|21|38|20|14|21|23|17|15|19|33|35|26|46|88|102|69|51|40|64|37|29|24|30|30|29|39|24|63|38|38|35|49|64|49|88|44|27|30|50|32|34|19|52|28|29|26|94|26|37|17|38|44|40|31|26|31|32|45|26|31|47|34|62|25|42|23|31|28|31|18|27|23|28|36|40|24|30|48|45|25|14|27|27|24|20|34|22|31|24|38|30|44|24|34|22|35|29|14|31|26|26|21|20|38|17|34|29|25|55|30|19|19|63|34|59|42|37|35|22|36|26|29|41|149|64|54|28|39|19|21|25|34|33|37|34|39|23|26|27|49|24|36|28|30|32|35|28|28|25|48|38|195|51|29|27|18|32|25|31|28|21|27|21|17|22|19|21|31|42|41|27|22|43|58|36|37|299|36|110|44|44|33|31|34|41|24|21|33|30|16|25|25|21|35|23|31|20|43|28|27|22|41|35|32|28|16|19|21|12|26|20|14|38|17|14|19|13|20|13|21|24|12|30
100,Yan Kuznetsov,365,17|10|11|10|17|20|25|11|11|21|8|5|5|10|12|6|12|14|16|15|9|5|7|4|5|10|12|7|15|8|11|9|12|6|14|7|10|25|21|23|7|16|16|10|14|15|5|11|7|4|15|7|8|12|11|15|9|10|9|9|6|6|8|7|3|11|5|13|10|6|8|17|14|8|15|19|9|13|10|14|33|11|3|8|11|4|6|12|4|3|65|72|27|16|19|17|8|9|16|7|26|7|5|9|5|10|10|5|10|6|3|9|11|12|9|11|13|5|9|7|4|4|8|14|21|9|14|8|8|4|7|14|4|7|5|10|6|4|5|3|8|6|15|13|10|5|12|10|4|16|9|9|5|13|14|6|7|42|7|43|21|8|17|48|12|74|33|17|23|19|11|14|16|10|8|16|16|24|16|11|18|9|10|9|17|13|14|13|13|10|15|13|7|13|10|4|6|9|13|19|68|73|308|55|179|34|87|22|64|18|90|20|93|12|31|168|89|21|21|174|145|51|33|115|342|284|160|96|56|59|32|114|35|95|55|277|54|144|36|29|116|24|33|91|34|60|19|174|30|37|206|36|24|31|279|35|79|15|93|35|38|267|66|131|45|268|92|146|56|28|34|50|32|77|194|98|48|90|38|99|40|591|71|109|41|29|30|83|62|46|40|116|29|126|41|30|28|20|29|44|30|17|16|28|25|27|36|29|18|27|35|33|32|23|24|79|24|83|97|24|70|28|92|30|141|134|295|37|34|34|31|68|26|23|17|18|17|18|13|23|15|23|19|22|21|22|23|24|21|21|43|14|53|33|30|59|20|53|31|37|35|27|35|24|46
101,Olli Maatta,365,65|62|53|58|64|41|56|60|62|59|47|59|67|70|63|48|64|61|69|173|124|122|109|82|126|124|96|152|104|71|78|105|84|74|80|58|75|73|81|90|65|45|75|54|81|72|67|45|99|63|72|37|38|72|65|46|64|36|51|37|43|105|90|65|45|49|57|66|67|79|65|90|52|59|56|80|55|95|151|147|137|149|146|151|150|153|146|136|130|143|128|134|135|148|147|130|128|64|26|38|36|52|24|60|54|44|36|23|33|37|41|30|48|39|28|39|39|44|51|51|38|22|32|37|50|63|122|52|37|38|36|50|30|43|28|37|39|42|39|36|32|42|31|25|38|31|28|47|40|47|39|36|43|47|44|49|41|56|56|44|47|81|54|72|61|59|52|46|67|98|70|67|59|104|87|118|175|118|62|100|75|126|69|87|96|111|53|144|70|120|58|93|100|116|153|77|80|70|105|57|163|113|184|92|80|112|56|53|63|66|75|75|70|72|66|74|69|55|52|72|75|55|54|85|59|81|70|57|83|54|64|59|78|59|49|67|52|75|48|100|254|93|84|127|108|54|53|50|71|66|45|89|53|50|66|63|68|73|77|243|230|126|113|103|90|116|157|118|100|97|97|133|80|77|100|108|82|90|79|94|103|80|77|91|99|83|74|159|210|254|153|152|158|204|155|188|185|134|167|547|343|404|545|267|232|166|451|291|1305|1185|969|425|190|143|143|116|215|142|110|101|485|4219|824|380|614|190|247|161|92|106|76|139|100|169|70|97|76|127|58|115|72|401|88|176|64|353|103|137|79|77|95|54|119|61|98|169|69|122|81|112|154|118|110|77|172
102,Brayden Pachal,365,85|44|35|47|28|30|21|26|20|21|37|20|32|24|34|27|28|35|48|43|20|36|24|24|16|25|31|19|26|25|18|21|23|26|24|27|29|36|37|30|27|34|26|35|45|27|35|38|42|23|21|28|30|35|31|28|24|31|25|26|14|29|51|26|30|28|25|36|19|26|26|34|24|19|34|25|39|34|28|21|29|25|53|44|19|17|16|18|14|30|22|24|23|22|16|23|20|20|18|12|7|8|21|21|17|13|20|23|16|43|13|25|21|46|37|18|29|16|32|29|16|13|14|10|10|7|22|17|10|19|20|13|25|16|11|20|20|20|9|22|26|25|16|20|22|9|18|21|21|19|11|25|29|24|20|19|19|13|20|22|16|18|16|32|15|31|17|53|23|73|28|30|27|31|49|116|89|35|19|33|56|73|22|16|43|35|39|18|32|22|26|21|37|28|27|40|34|38|27|53|25|27|47|17|39|31|63|32|36|15|35|37|54|22|24|53|65|20|38|47|69|27|29|34|28|28|23|30|24|42|20|23|28|41|18|35|24|30|22|29|28|16|33|20|13|16|23|31|24|24|61|17|23|31|46|25|40|29|33|29|29|25|28|63|37|33|37|52|92|32|22|34|26|30|24|26|80|83|28|49|42|112|39|33|23|24|37|22|29|32|22|45|39|39|35|28|21|20|25|27|29|16|43|24|34|31|25|30|19|21|30|41|22|18|23|29|28|38|67|28|31|35|72|36|77|26|32|23|18|33|17|18|17|15|17|17|13|15|29|25|15|18|15|26|14|46|16|36|38|16|51|20|19|23|35|24|17|35|11|22|242|29|39|21|38
103,Zayne Parekh,365,13893|2197|2154|2263|1196|823|660|469|411|361|347|210|271|287|286|243|247|291|335|283|236|215|193|169|140|155|182|146|160|156|163|195|128|160|150|106|155|162|196|118|134|116|154|173|215|186|135|99|305|160|256|110|153|136|118|104|118|79|104|100|74|145|96|118|147|212|135|190|119|152|212|437|215|228|170|197|402|317|131|124|151|110|135|123|194|113|97|172|168|130|100|96|100|181|120|171|154|105|107|105|95|97|185|268|119|70|50|70|83|106|79|87|90|82|94|102|61|71|279|149|101|116|99|84|105|91|67|51|66|86|78|85|92|72|75|75|76|77|115|246|247|190|88|101|147|172|119|91|99|100|122|95|130|169|220|167|161|911|294|498|205|178|150|335|242|207|212|468|236|438|249|456|696|412|697|473|2300|639|260|198|3919|864|228|186|685|172|628|192|3038|187|384|171|1021|966|1000|229|295|265|346|1011|287|217|241|150|1043|369|233|168|173|148|184|166|272|200|124|364|320|168|119|156|161|112|83|97|84|74|140|107|132|140|106|117|106|108|254|280|124|127|220|248|320|194|323|379|1006|319|162|405|233|165|246|318|651|59355|4325|1080|5446|924|17709|4776|8623|1922|23534|11722|2410|1188|716|474|430|290|315|353|272|286|246|322|340|275|232|186|188|258|177|275|419|407|244|232|356|384|259|1172|261|986|212|188|155|157|144|123|147|182|140|185|173|136|185|213|234|203|430|364|247|189|228|333|169|275|229|178|244|194|596|210|592|245|438|314|154|130|141|238|196|272|126|535|201|455|194|263|169|1111|498|595|221|1690|183|364|135|130|258|118|194|143|169|550|140|267|132|240|554|178|705|148|2183
104,Zach Whitecloud,365,59|42|69|1263|126|538|92|954|688|185|71|70|498|116|770|107|93|93|104|2471|158|2376|291|1471|162|1430|141|1557|158|98|65|62|43|72|59|60|62|71|48|82|59|76|76|67|44|74|47|58|75|49|61|47|42|52|53|54|43|41|48|49|40|74|41|40|33|49|44|51|48|31|30|74|52|76|109|74|56|47|32|45|57|43|46|36|40|37|31|43|72|36|47|33|47|30|36|19|24|27|36|35|30|21|38|38|26|24|30|49|25|39|30|44|49|39|27|41|29|32|41|33|43|31|34|32|25|44|50|30|39|32|33|34|43|41|65|33|22|33|41|34|40|43|30|18|43|32|26|28|30|28|39|32|46|35|31|40|41|40|56|78|43|45|32|27|37|40|49|102|84|65|52|44|66|43|167|113|47|289|93|71|173|69|182|42|313|45|140|49|53|61|81|139|45|58|80|39|156|63|39|47|41|126|54|81|38|80|53|76|39|50|84|41|178|238|39|201|43|57|38|88|41|75|50|88|306|127|123|46|107|155|47|43|218|58|293|45|372|39|741|52|110|68|54|44|181|92|113|212|518|89|109|59|42|71|176|57|282|116|60|125|87|76|151|67|459|60|146|57|105|351|57|48|194|444|80|3865|9768|8045|1414|2436|699|970|433|704|246|245|239|969|423|226|212|526|198|1300|181|135|129|83|94|93|102|92|192|110|116|185|135|98|178|119|169|186|216|119|216|493|175|346|447|290|565|1067|1281|367|710|267|202|125|81|103|98|256|137|181|89|271|52|258|100|494|159|294|98|391|84|258|126|293|91|137|1205|191|214|115|111|347|85|186|120|223|290|94|268|115|232
105,Abram Wiebe,0,
106,Sebastian Aho,364,6|3|13|14|16|13|4|15|30|18|7|10|44|9|21|14|19|28|27|44|21|30|12|14|4|20|17|16|10|5|6|18|14|32|11|21|15|31|12|34|9|111|7|10|21|7|5|6|8|7|8|4|5|6|5|2|6|4|1|7|6|9|7|6|13|6|7|4|6|8|7|6|4|10|2|5|12|9|7|6|6|4|6|3|8|7|5|6|4|3|3|8|3|2|6|8|6|8|11|12|5|4|3|5|5|5|6|4|6|5|5|2|5|9|5|4|4|4|6|5|11|4|2|8|4|4|6|12|6|7|6|8|5|5|5|8|8|9|7|1|8|5|6|5|10|9|2|7|3|16|7|4|5|2|7|7|4|8|7|8|3|9|3|11|4|11|4|13|27|7|5|16|6|12|10|10|7|10|5|4|7|9|3|6|9|8|17|6|4|6|8|7|4|3|8|8|8|6|4|10|3|13|6|6|13|11|14|6|6|6|5|14|10|3|13|8|7|9|6|5|11|7|2|10|9|4|3|2|4|3|6|7|6|4|3|4|7|3|6|9|7|7|3|7|7|5|12|5|3|7|8|8|15|11|9|11|9|7|22|8|23|8|13|11|5|19|12|22|9|10|14|6|4|7|13|17|13|12|6|11|6|7|6|5|2|6|18|8|17|14|9|16|8|12|6|7|11|13|21|6|19|42|12|6|16|45|23|50|59|31|9|26|18|18|19|10|13|14|12|12|12|13|10|11|11|3|1|4|4|8|6|5|10|7|7|17|11|8|11|5|5|9|9|2|12|2|5|2|1|8|5|18|3|6|6|3|8|9|5|7|5|6|7|10
107,Jackson Blake,365,96|79|731|226|508|368|77|88|359|308|131|103|1808|180|101|74|74|166|378|905|214|561|708|1904|267|428|186|199|681|99|109|143|154|1477|1934|843|159|2017|204|1085|158|847|98|106|71|78|129|64|53|45|53|49|44|75|46|44|49|30|47|43|35|40|43|38|39|28|61|39|48|47|61|84|54|47|79|74|93|90|46|53|51|49|78|70|36|23|29|50|29|48|33|26|29|59|46|40|36|33|3152|792|385|201|158|141|183|84|60|114|118|50|38|53|43|51|46|39|28|47|51|37|31|44|29|30|30|39|37|43|35|42|40|30|30|24|31|30|42|48|50|40|33|39|32|36|22|34|29|35|24|31|41|26|39|42|33|36|30|53|51|51|46|46|27|44|50|43|36|59|43|79|74|71|73|55|81|130|118|143|59|92|209|94|275|149|194|117|102|46|55|175|71|222|51|58|76|120|410|159|61|55|61|98|61|688|83|110|303|58|221|75|108|327|153|62|100|65|1608|243|183|128|76|59|56|123|98|63|69|182|72|70|114|226|61|509|182|138|119|57|73|116|270|136|82|92|300|90|142|134|70|82|98|53|47|55|262|106|922|175|87|128|72|111|82|64|118|92|183|68|102|45|256|94|51|64|122|131|72|56|57|82|311|107|99|63|46|56|53|106|78|118|80|61|94|68|72|49|53|48|66|47|51|43|51|59|57|49|63|56|58|81|137|102|100|63|71|110|63|297|77|103|77|92|95|482|204|78|53|190|83|74|77|61|45|56|85|687|114|161|116|56|65|85|50|45|93|115|45|41|185|67|73|72|361|72|58|102|75|132|78|63|90|596|135|80|76
108,William Carrier,365,83|52|154|141|183|138|138|86|201|143|249|74|319|93|73|62|49|55|119|252|83|179|88|141|66|290|67|71|167|57|36|82|60|433|102|137|55|316|54|218|63|1168|93|54|55|103|77|57|60|34|44|36|34|34|25|24|23|22|26|31|24|41|19|30|25|45|30|19|22|27|26|35|22|39|36|38|45|39|29|28|27|23|21|25|28|14|16|18|12|16|20|11|16|14|22|16|19|13|17|13|12|19|23|24|19|22|16|27|11|15|17|21|26|20|18|14|12|7|22|16|11|11|11|30|16|13|16|20|20|13|13|15|21|13|21|23|24|31|21|19|17|23|32|17|17|23|10|11|16|24|16|14|12|27|21|19|20|17|13|23|18|29|26|40|55|59|28|32|19|32|29|26|27|30|50|59|59|125|33|34|135|46|37|32|57|32|116|30|28|72|39|25|15|31|33|25|35|34|20|22|19|24|19|21|15|72|81|30|41|29|35|39|84|47|156|21|34|21|62|96|32|18|20|30|45|34|68|30|33|36|37|35|42|134|19|14|30|20|46|22|148|88|15|21|45|33|42|44|24|33|49|14|16|27|60|26|57|34|31|747|38|70|23|27|136|48|44|33|58|37|53|30|33|49|39|36|70|45|47|23|51|38|221|42|39|63|32|68|29|149|46|47|70|40|37|19|26|29|35|34|32|22|28|28|20|21|34|20|23|28|26|24|30|24|33|30|19|53|33|25|35|52|31|49|70|30|28|47|51|49|27|41|27|29|91|66|34|40|66|27|110|151|18|21|30|276|73|34|50|29|38|23|126|53|45|94|29|57|56|37|31|50|34|33|38
109,Nicolas Deslauriers,365,93|32|55|66|56|43|47|53|41|41|25|45|40|39|45|37|33|43|61|69|40|56|33|40|27|39|34|38|32|40|33|35|46|40|43|35|48|57|43|39|35|37|43|32|41|35|41|32|40|29|48|29|53|43|32|28|19|23|37|41|19|55|42|32|33|24|57|55|49|37|47|50|37|56|41|51|45|34|35|23|42|40|27|34|41|22|31|28|26|29|25|35|24|22|35|28|42|35|28|39|30|34|34|30|41|21|33|21|28|43|29|32|30|41|21|24|30|20|29|18|23|25|29|13|23|44|35|30|16|23|29|27|32|34|28|29|25|22|31|34|34|42|21|27|50|27|39|25|28|25|30|31|46|29|31|26|27|42|81|773|237|95|71|63|48|89|100|66|70|102|93|49|73|87|78|82|54|80|77|91|54|51|57|189|354|332|217|109|88|91|97|60|67|115|115|75|61|61|57|69|79|770|239|257|129|82|60|71|66|292|89|133|90|63|69|53|69|161|67|165|66|491|96|92|53|55|78|63|89|73|353|89|38|95|64|64|51|56|67|58|60|51|76|172|54|118|587|849|901|338|174|78|100|92|90|162|93|79|70|69|81|63|54|69|257|149|83|76|119|53|98|72|391|86|100|58|64|105|163|77|82|70|78|68|66|51|68|229|112|97|55|68|120|66|70|40|46|38|39|61|44|34|42|49|49|43|54|46|43|50|104|79|89|69|75|72|663|554|199|370|119|180|3340|1474|464|492|467|230|295|211|131|160|87|224|1178|234|178|113|149|86|155|118|94|81|105|182|161|89|100|103|74|74|247|84|116|432|83|372|108|85|351|370|131|72|86
110,Nikolaj Ehlers,365,225|253|301|183|268|168|203|235|130|243|155|125|140|249|383|582|267|2844|339|246|557|220|1419|435|242|189|1540|249|1734|545|1345|849|1603|947|2814|2754|1621|815|426|318|325|302|236|214|203|160|302|215|267|173|197|261|219|250|158|139|213|139|198|282|197|309|248|318|240|163|205|170|194|708|735|422|394|1101|4381|4100|8518|3076|1097|1081|821|426|270|230|177|148|123|165|130|160|100|121|124|107|93|113|89|87|108|100|59|54|69|151|94|83|66|64|91|67|90|81|92|92|73|67|68|85|80|79|73|80|62|134|104|81|83|82|71|59|64|68|69|53|52|67|93|140|108|90|99|70|62|78|67|60|97|82|58|63|88|94|98|125|151|108|125|140|108|263|360|137|124|99|117|132|151|133|104|169|149|167|194|211|326|527|268|263|180|140|246|160|255|168|309|126|252|133|113|250|120|198|102|106|143|114|198|165|128|142|97|637|173|346|137|124|390|184|236|118|148|280|369|122|165|153|156|225|1277|236|115|93|79|115|150|117|113|317|91|103|106|154|100|209|86|81|105|72|243|93|242|113|92|113|171|94|172|126|113|113|239|93|113|88|169|110|281|185|183|586|165|391|207|171|340|163|221|143|137|130|167|139|113|144|1505|305|216|166|152|104|174|128|160|105|102|107|98|157|134|180|123|147|215|178|333|245|190|256|205|281|923|626|2574|1428|397|1100|392|207|225|200|315|201|170|110|131|210|110|103|111|139|103|469|233|337|229|100|166|232|114|95|84|109|69|85|101|156|99|129|209|141|182|228|90|85|177|207|92|84|245|131|110|100|181|100|131|104|55|104|100|93|207|392|215|105|146
111,Taylor Hall,365,536|371|1783|768|872|581|640|337|1202|1066|522|407|4282|1438|971|451|1201|690|1141|2069|1040|2212|830|1212|740|6369|973|1061|1657|602|756|778|1577|3703|1610|1555|1268|2687|689|2678|1169|3090|1204|576|409|476|415|468|1013|434|976|533|416|533|294|339|969|341|488|295|284|695|405|362|308|283|304|257|301|426|532|454|313|303|312|313|288|281|356|295|321|311|367|328|354|318|274|271|282|270|276|246|283|258|264|258|238|129|141|130|156|154|128|155|162|147|144|162|122|126|161|168|140|134|154|134|128|141|104|495|158|151|209|160|173|168|153|136|110|167|149|114|119|135|138|141|141|125|132|98|116|132|120|156|148|112|105|139|143|123|126|152|145|137|176|291|306|307|218|219|184|147|168|170|185|185|206|204|227|217|207|189|286|320|568|881|373|585|290|290|468|344|405|360|369|234|282|385|233|373|294|625|263|228|275|373|527|435|225|237|218|503|201|298|255|383|1288|287|370|284|409|1124|997|286|1079|411|403|307|338|365|219|212|274|322|200|303|314|379|386|802|346|528|253|404|254|202|279|215|304|272|521|402|262|347|291|313|335|247|271|278|365|226|226|274|466|298|476|482|371|637|382|480|887|423|613|359|561|349|436|291|577|382|290|445|690|515|839|493|488|287|463|333|1044|490|387|331|298|475|322|507|369|350|414|353|329|251|240|191|218|243|343|329|339|392|334|326|498|335|554|449|1599|1084|679|532|543|720|397|1304|415|479|485|544|515|1147|556|387|272|471|319|314|317|345|350|344|381|659|462|852|616|269|261|409|220|224|326|524|313|372|365|439|461|311|686|422|508|802|379|501|319|288|383|587|355|314|457
112,Mark Jankowski,365,100|77|139|76|93|76|53|55|82|163|78|72|291|93|56|55|89|67|144|286|106|108|93|101|132|85|70|75|85|71|64|86|81|135|96|296|75|488|80|1132|115|1014|117|83|59|57|53|48|84|54|77|42|31|69|36|40|39|36|51|39|35|101|56|45|53|54|61|48|35|42|36|72|45|50|56|93|88|60|47|51|54|69|47|41|36|46|39|35|32|45|45|37|52|38|46|31|46|24|24|26|26|21|23|23|32|71|60|27|60|51|34|39|40|35|36|31|40|32|31|33|34|21|13|26|26|23|29|32|27|30|31|30|29|14|18|20|13|30|29|26|27|27|39|41|26|20|21|26|35|24|22|41|21|29|25|21|19|36|22|30|29|25|19|29|23|33|24|39|30|36|40|30|52|37|43|63|46|59|40|35|77|45|56|29|42|31|34|21|20|48|35|52|40|48|65|29|68|79|43|37|36|99|37|57|39|40|45|47|40|32|33|45|155|47|395|56|43|30|54|68|32|16|19|40|54|54|64|62|36|35|34|56|33|36|27|28|52|24|53|29|58|29|36|45|85|30|55|55|33|34|104|34|23|42|101|36|62|255|44|110|48|54|83|44|57|38|178|42|79|43|63|44|37|27|308|54|66|44|37|45|129|49|97|31|36|29|44|50|416|174|49|56|94|49|77|34|33|29|49|30|49|31|37|40|32|34|43|22|32|34|57|48|52|31|39|44|40|68|39|48|57|105|64|90|147|49|61|217|199|197|74|58|48|41|69|109|38|91|116|52|42|92|34|30|24|50|32|26|39|58|42|34|67|33|61|54|25|118|75|35|48|106|131|43|48
113,Seth Jarvis,365,170|177|1325|406|477|2209|250|197|600|414|245|262|1034|507|1125|2463|734|576|718|1301|642|658|1414|1083|644|1731|386|364|1865|315|348|580|832|1419|767|1007|333|912|393|1645|1945|5404|721|425|282|283|220|163|212|122|158|132|101|138|101|109|111|91|107|102|116|177|108|128|88|70|98|102|82|94|114|182|92|84|122|111|168|155|97|87|113|98|100|73|77|48|57|116|187|166|212|131|125|69|73|83|61|57|86|57|48|45|55|68|66|93|62|62|64|66|91|96|83|64|50|47|54|83|67|83|56|66|56|72|46|47|64|75|54|43|60|61|87|50|85|48|72|92|64|68|74|69|53|77|90|77|85|152|170|73|61|59|63|106|117|107|82|88|84|107|93|74|78|79|79|110|84|110|351|945|955|881|872|739|720|848|770|832|1176|2110|1394|908|1053|635|961|617|557|469|456|865|458|422|386|334|289|325|471|350|243|255|296|366|239|321|315|353|795|348|399|375|376|676|402|264|363|238|367|289|1223|426|240|190|214|678|397|1161|400|316|458|186|194|463|191|237|183|203|287|237|279|353|624|304|208|231|320|197|807|498|261|241|229|182|172|236|236|223|323|388|776|783|372|382|239|281|460|253|271|201|247|181|288|211|183|167|278|261|606|486|314|199|331|385|400|181|182|247|415|284|222|544|315|267|978|1815|4178|1551|1436|1526|1004|2124|2242|3421|1892|7808|3540|3143|4304|2650|2899|2619|9378|2351|1112|833|745|641|394|446|314|333|284|376|260|375|2924|488|284|503|300|280|261|325|204|240|370|353|254|408|415|276|297|474|224|169|217|449|216|177|185|160|222|214|531|185|229|382|248|255|204|131|192|217|210|172|316
114,Jesperi Kotkaniemi,365,154|118|423|177|205|174|173|130|223|198|211|89|415|325|293|140|149|149|209|470|189|178|163|207|143|342|145|141|344|142|102|172|170|321|217|364|207|574|141|553|175|1054|426|229|157|167|120|116|107|76|104|69|70|85|84|108|79|58|75|48|101|107|105|92|76|151|301|179|112|115|161|166|134|145|200|194|189|176|84|133|126|130|117|76|61|47|44|52|59|79|76|52|65|36|52|65|55|42|111|58|46|37|35|30|35|72|64|49|57|51|30|41|34|35|34|33|39|28|52|64|37|38|77|57|45|56|71|52|56|39|39|35|64|34|37|26|36|38|69|34|38|46|34|46|36|51|49|39|42|54|39|29|49|48|46|46|43|34|54|90|55|49|64|49|53|56|28|51|41|98|95|75|110|117|101|127|89|94|105|124|137|218|162|127|136|86|103|80|102|93|84|94|76|74|78|64|76|102|75|63|122|74|71|95|75|275|146|64|89|69|68|135|73|64|62|68|67|62|70|109|65|80|78|89|47|70|60|73|67|150|102|101|55|111|73|79|90|71|65|237|149|179|135|157|120|92|123|117|138|380|246|151|139|112|136|93|106|143|93|617|230|143|189|154|147|120|983|757|335|256|286|188|179|125|160|151|204|232|187|131|158|98|128|122|108|131|101|122|113|124|116|103|133|98|106|127|113|86|103|127|117|119|127|116|106|108|166|198|231|217|242|223|214|169|195|152|116|133|158|159|126|130|217|138|129|109|91|115|102|81|92|75|72|56|94|102|116|85|127|128|316|601|179|102|84|226|147|240|241|227|182|75|182|360|131|94|89|150|107|94|147|152|104|89|107
115,Jordan Martinook,365,43|48|143|70|375|618|102|89|141|303|95|87|251|83|56|55|64|70|85|206|109|161|106|347|225|193|83|99|333|143|83|137|155|305|83|236|81|255|187|330|91|313|90|61|73|52|39|32|49|40|45|22|43|32|30|25|27|29|40|29|36|37|32|28|39|27|33|25|31|29|32|26|26|38|36|38|37|54|25|26|37|55|69|30|26|26|17|22|21|24|26|24|29|20|40|25|28|21|61|78|23|15|18|24|18|25|20|35|23|23|16|24|23|25|19|24|38|31|16|14|22|9|12|28|27|18|34|23|22|23|28|15|20|23|12|89|48|24|35|13|19|51|30|27|23|20|11|25|24|18|20|14|20|19|20|56|13|20|27|36|35|17|17|27|36|17|18|29|55|31|28|26|37|38|42|61|33|65|31|37|75|45|51|33|47|25|42|15|29|81|29|36|43|25|136|48|85|40|29|36|40|63|44|50|38|55|77|31|41|27|37|133|98|51|48|36|48|26|114|42|40|13|18|57|53|149|55|60|25|26|27|35|31|105|45|42|46|35|72|33|60|54|22|31|51|38|29|19|25|18|40|28|31|30|124|34|169|71|37|79|42|40|64|25|47|28|50|35|93|33|84|27|34|41|97|72|68|35|52|27|54|31|74|25|43|28|39|72|42|129|77|55|54|37|50|33|21|30|44|33|35|23|33|30|20|28|33|24|34|48|45|57|47|42|62|53|31|49|34|61|43|55|64|242|134|46|39|56|46|41|34|363|60|27|100|129|48|58|62|33|37|61|40|28|53|69|38|40|89|111|79|59|72|51|72|88|46|52|57|44|46|53|41|47|68
116,Eric Robinson,365,32|41|213|67|61|77|39|78|141|86|60|79|198|64|49|38|49|35|66|211|55|68|52|1002|109|140|62|62|133|83|38|88|62|144|35|80|37|128|39|283|51|230|92|99|65|66|65|45|57|47|44|51|34|38|25|38|34|31|40|25|36|36|37|328|176|61|40|50|27|32|46|30|38|29|35|45|56|30|34|28|32|33|33|24|21|26|22|34|31|22|22|18|17|13|13|17|37|36|30|31|23|19|19|32|22|25|22|39|26|20|23|25|21|28|20|22|25|38|53|34|36|25|33|86|56|38|45|42|28|15|37|46|43|48|41|58|54|57|131|45|107|57|29|42|28|22|29|47|35|26|27|40|44|38|44|28|22|18|18|18|17|20|17|31|38|29|25|23|19|17|19|23|26|46|36|114|55|280|36|27|129|45|30|31|40|22|41|25|30|144|47|35|27|23|26|25|26|21|28|24|29|27|22|27|28|142|75|19|69|34|29|46|157|31|32|28|22|36|72|48|26|11|24|48|20|21|28|42|53|62|42|33|31|30|29|26|105|35|26|26|132|24|22|23|44|28|27|50|19|25|124|21|44|66|75|40|121|60|29|52|40|50|23|32|43|31|42|26|34|23|19|29|29|37|60|43|68|47|22|35|26|34|25|15|32|28|35|45|35|37|31|25|34|30|29|22|26|26|30|25|27|29|37|17|29|20|19|24|21|22|42|59|54|35|36|45|22|163|35|53|24|27|19|49|34|11|37|26|21|25|32|40|25|22|41|25|24|216|30|34|22|47|22|20|18|40|28|28|29|30|37|19|29|19|42|25|14|29|20|17|88|215|54|47|38
117,Jordan Staal,365,238|197|1117|440|710|741|285|257|727|728|285|247|1568|328|388|317|277|337|679|2556|1686|1965|1037|1094|666|1573|348|2110|4358|621|501|763|767|2819|459|1735|601|2746|549|3810|639|2718|621|306|245|241|218|232|291|204|242|143|169|210|168|161|181|132|164|162|123|244|163|277|217|126|159|145|157|148|179|200|123|111|155|152|206|167|345|225|244|229|253|210|244|201|239|189|241|225|227|207|248|232|205|175|197|89|76|70|60|100|92|108|82|94|83|73|77|85|87|80|103|79|79|99|89|115|106|130|109|92|109|115|130|58|110|96|73|90|73|82|95|69|72|63|82|74|114|96|87|76|77|102|111|160|105|94|82|69|103|102|106|112|148|82|98|91|124|121|920|2127|713|464|338|227|270|208|191|156|144|230|421|334|260|392|240|499|210|232|446|279|238|161|659|227|452|279|196|280|149|178|141|182|208|162|244|252|170|186|216|347|189|1129|352|445|529|199|298|134|248|527|739|161|639|207|369|204|1011|209|167|148|159|213|142|182|261|233|140|158|164|383|151|351|259|174|469|165|256|212|352|252|170|210|199|167|428|195|170|164|270|166|112|190|443|258|345|924|228|513|254|338|255|169|258|163|278|190|258|162|291|380|211|196|484|255|347|339|226|177|659|194|378|207|162|189|167|653|335|891|374|202|808|208|448|193|171|143|170|214|377|233|295|310|216|256|457|307|350|281|847|463|369|264|296|430|236|424|272|264|201|366|286|687|302|209|303|754|192|185|180|257|155|228|522|1021|260|949|519|226|386|493|171|174|250|445|177|156|294|377|433|317|339|271|221|388|193|283|301|303|327|274|271|306|361
118,Logan Stankoven,365,161|126|4550|2224|1343|693|551|209|302|355|154|312|572|178|274|131|1990|441|317|3298|1179|1161|400|610|375|496|397|325|990|243|416|372|343|1455|535|717|251|2151|284|6913|1218|1490|418|265|214|211|122|140|123|136|128|94|99|113|102|66|73|71|93|92|62|81|78|96|94|59|71|84|71|70|101|185|146|110|929|448|292|295|188|157|141|189|172|102|101|76|69|75|76|75|58|54|67|86|100|60|57|61|58|71|64|44|72|35|33|34|49|47|55|65|44|85|55|43|52|66|67|64|50|51|48|39|49|55|70|53|49|45|69|58|46|39|67|53|39|51|40|64|72|48|67|62|41|39|50|52|36|53|48|52|63|47|63|74|76|60|65|83|81|61|66|67|85|62|72|81|71|85|126|119|81|112|125|128|108|165|113|231|114|125|209|110|135|90|108|85|101|91|91|188|120|249|100|70|131|114|143|100|65|61|85|211|70|115|80|95|382|93|560|162|147|222|143|79|97|95|191|123|171|145|97|97|92|87|98|96|128|122|72|94|80|102|91|105|114|98|93|70|137|117|128|85|93|100|94|104|128|50|67|77|88|106|85|175|352|229|177|169|119|164|146|121|239|148|522|112|169|97|194|95|166|99|91|82|137|111|155|117|103|93|113|72|187|72|81|67|74|95|98|338|114|100|114|168|114|92|85|56|49|71|71|63|97|74|69|67|136|68|84|104|114|107|98|81|133|283|95|131|86|152|136|382|201|183|173|101|103|120|79|104|90|102|59|46|80|180|92|87|79|113|75|136|55|43|57|133|67|88|167|146|365|156|211|98|75|186|76|284|136|102|131|198|115|85|97
119,Andrei Svechnikov,365,286|338|610|376|491|380|206|198|257|836|714|381|965|395|302|273|258|318|454|788|598|515|1322|1070|460|742|295|357|3231|452|296|361|417|1409|329|486|237|546|220|546|230|668|213|188|175|148|128|109|194|120|173|93|110|106|103|101|106|113|81|62|119|138|110|295|111|105|141|112|96|124|184|218|119|132|129|146|167|167|210|197|214|187|183|200|187|195|210|191|187|193|207|150|192|164|196|163|179|69|147|85|80|68|61|77|52|57|63|55|57|55|55|68|67|97|95|61|71|75|86|69|82|67|57|70|49|59|85|40|62|75|65|64|70|64|60|74|71|104|109|59|68|69|70|63|60|66|55|48|55|54|67|80|95|74|129|92|59|84|78|101|99|79|69|70|103|105|78|101|88|101|211|124|103|123|145|146|100|154|124|144|238|194|220|145|243|191|190|148|138|198|172|195|146|244|164|124|246|138|90|96|112|152|125|149|109|253|178|121|158|126|117|497|201|129|133|121|166|169|194|542|398|297|207|200|180|174|164|183|143|153|156|165|178|203|139|157|167|153|122|534|432|351|245|220|270|221|227|229|186|191|265|157|150|246|815|350|452|252|205|483|512|431|363|336|387|278|275|243|299|221|557|234|207|232|501|585|477|260|248|242|340|187|284|201|203|201|190|307|285|279|213|180|275|265|264|230|225|159|156|187|243|226|271|229|232|233|314|313|313|274|483|451|429|285|251|328|212|239|239|197|160|268|192|174|213|178|303|287|167|197|209|250|179|171|451|409|262|181|217|153|170|181|248|148|130|292|157|144|169|139|223|154|223|152|152|202|153|170|172|167|131|182|158|196|202
120,Jalen Chatfield,365,63|49|5139|839|710|445|174|119|592|228|138|97|334|98|88|57|67|92|429|934|658|1313|1458|690|163|601|158|252|348|148|133|181|202|346|365|328|92|243|113|199|99|218|134|105|57|53|54|51|72|28|78|42|38|78|42|55|53|38|62|42|21|46|32|45|29|27|28|31|20|27|32|52|30|35|111|119|88|53|49|34|47|57|46|29|24|29|15|30|23|25|20|51|34|24|36|34|32|27|38|62|35|80|88|30|31|37|45|26|30|30|21|39|29|34|39|36|35|20|30|26|35|35|22|40|34|32|52|32|42|36|35|43|35|26|26|42|27|27|64|31|31|30|30|30|21|16|18|29|31|28|27|25|32|24|54|58|40|123|150|72|63|47|34|35|33|39|27|39|38|44|41|32|43|50|53|146|82|87|39|53|93|42|104|44|92|47|87|42|39|146|53|82|40|74|88|99|66|88|49|40|45|84|33|323|95|86|90|42|68|48|35|64|52|47|55|47|35|39|150|94|36|22|30|51|47|53|53|53|33|46|51|99|30|78|37|25|47|32|63|39|99|44|18|43|105|50|151|75|41|38|103|34|33|49|252|47|160|163|48|106|44|91|65|50|121|32|421|83|92|56|334|62|59|51|124|109|112|52|44|52|97|54|128|52|54|38|63|160|77|171|83|45|79|63|82|50|41|39|39|39|37|34|46|36|36|40|44|35|43|44|86|93|103|68|54|61|42|97|37|97|54|232|61|409|133|62|47|136|47|62|71|78|28|163|79|90|73|90|283|86|75|259|43|31|59|194|62|45|46|40|61|50|113|46|63|76|50|66|25|31|49|90|36|50|47
121,Shayne Gostisbehere,365,170|101|507|163|596|598|141|142|322|408|138|87|814|347|114|126|100|125|341|753|260|2287|493|545|758|1271|219|207|932|159|194|272|282|5830|1044|1229|315|1354|209|1491|181|1403|233|146|125|97|101|102|136|86|92|97|127|199|170|100|118|90|101|74|79|148|89|70|72|60|70|67|85|74|93|97|97|91|149|133|123|91|69|76|81|64|82|56|55|69|58|66|64|56|74|50|48|75|74|66|60|74|55|63|56|64|58|62|76|60|68|61|66|93|64|63|58|56|66|35|83|120|69|57|60|49|54|66|64|46|84|59|58|46|69|47|53|50|49|63|51|56|61|38|70|60|62|43|42|60|48|67|62|69|52|61|59|59|59|73|63|75|61|65|89|52|59|57|61|68|74|77|65|70|99|108|124|104|111|204|189|295|115|145|210|149|313|144|251|165|130|131|120|109|112|112|102|158|180|97|136|85|93|113|89|121|69|116|104|117|112|104|172|106|101|471|240|107|202|81|191|99|138|201|93|78|78|384|125|204|124|110|92|82|97|328|92|156|108|100|174|92|147|125|758|309|126|130|97|90|191|142|95|122|132|97|85|94|730|159|199|176|99|189|193|210|109|89|328|124|196|89|143|92|473|169|104|109|163|95|112|99|90|90|96|112|116|101|115|104|141|502|234|328|145|141|168|119|186|90|77|75|103|97|126|87|113|107|82|98|111|101|136|112|229|190|147|91|132|171|124|610|194|181|116|128|152|261|180|113|102|104|80|88|86|110|101|71|99|113|93|78|128|82|71|64|55|84|198|292|127|129|234|132|104|78|181|103|94|187|104|156|138|140|311|316|170|125|143
122,K'Andre Miller,365,145|107|132|107|98|110|102|82|78|76|86|64|98|86|101|90|97|97|108|112|101|130|96|69|90|97|91|125|100|66|98|100|89|75|83|102|85|106|81|112|233|201|155|86|91|103|98|139|169|253|169|106|365|261|189|206|223|120|148|96|156|196|117|127|123|113|149|130|184|144|293|278|193|749|6690|5925|2105|947|414|312|392|401|315|199|157|109|104|157|132|108|155|223|117|116|104|91|113|83|105|88|80|80|63|77|67|76|74|65|74|64|98|119|115|77|77|66|79|75|73|61|59|60|77|74|50|37|64|58|54|57|56|56|53|69|67|59|47|70|127|51|73|68|67|80|69|57|83|147|116|89|79|182|139|139|123|122|121|114|186|193|137|182|116|142|107|135|114|128|160|137|130|119|260|568|334|3431|898|704|293|271|437|215|316|166|369|218|329|149|127|228|117|111|147|116|147|102|198|123|141|97|197|360|207|501|215|272|336|172|230|175|132|394|247|174|238|165|446|139|237|157|135|114|150|410|133|127|167|180|98|117|108|129|97|143|106|72|115|108|162|130|213|142|129|127|138|122|213|129|110|114|243|84|94|114|163|126|396|246|113|301|266|219|135|154|1031|146|192|152|169|93|179|106|94|161|247|176|198|151|177|163|410|121|139|94|159|170|172|129|147|268|122|111|166|170|368|93|91|89|67|81|136|127|113|122|108|101|107|116|153|120|284|266|225|162|190|269|167|196|119|152|120|143|141|286|205|104|133|165|84|102|108|155|86|98|103|349|116|736|209|78|112|162|87|71|130|161|84|89|97|88|146|102|155|90|184|229|112|200|88|106|98|280|105|95|118
123,Alexander Nikishin,365,755|1561|818|307|189|152|136|529|316|199|148|112|134|145|111|74|82|86|133|131|64|123|110|108|178|231|225|1118|1907|302|140|154|158|185|99|140|79|484|114|1849|379|602|145|109|73|92|77|61|49|48|51|45|35|44|37|42|37|45|31|38|45|41|61|59|34|41|50|46|33|41|33|75|39|46|142|117|113|96|46|50|73|75|44|37|49|43|37|40|52|56|41|35|46|33|46|31|34|25|31|44|33|28|31|43|23|24|30|15|29|26|37|27|33|33|21|35|37|44|24|27|26|28|32|34|34|26|25|30|26|32|27|30|29|21|27|29|31|38|43|27|40|43|30|33|25|38|25|27|39|26|32|34|36|34|40|33|55|56|120|59|48|41|68|54|118|94|78|121|108|103|109|157|152|79|114|208|92|106|81|105|236|100|593|177|154|183|156|75|62|112|57|61|41|44|82|66|133|168|87|83|77|96|63|89|48|91|142|69|89|40|46|88|58|55|69|40|66|40|92|75|45|52|45|50|36|70|48|55|49|48|51|46|36|112|49|31|56|40|65|61|122|89|39|54|67|45|73|73|53|39|92|40|30|42|61|46|178|98|42|162|71|80|54|54|81|64|104|54|61|37|85|54|49|44|330|123|90|81|85|71|1369|450|223|87|124|92|87|85|81|132|121|74|86|69|94|85|95|94|77|84|86|59|77|52|67|71|70|83|96|125|227|123|82|52|67|87|52|81|72|74|63|63|77|102|102|61|53|259|108|80|49|64|51|41|52|50|43|220|93|59|59|71|79|51|77|79|51|43|41|70|99|63|79|25|60|56|35|83|47|52|39|109|69|67|54
124,Mike Reilly,365,36|27|49|77|48|59|37|33|32|56|45|36|53|29|58|42|27|46|70|44|51|41|73|35|56|24|35|29|30|36|56|53|19|34|22|29|35|33|33|42|27|35|34|28|48|25|34|25|41|24|34|21|30|50|52|44|24|14|28|24|23|50|28|25|31|19|37|25|32|45|33|68|31|39|583|432|174|89|82|63|67|58|58|70|33|34|40|24|31|43|55|25|28|28|22|30|26|32|28|38|29|43|88|38|30|39|25|20|23|30|27|31|28|33|36|33|30|24|13|18|30|22|24|32|27|27|19|24|16|24|23|23|38|17|14|20|24|28|47|26|23|29|20|31|33|26|29|31|34|24|26|31|25|23|35|28|37|31|17|43|61|45|33|23|28|46|43|46|33|50|34|97|101|53|90|79|61|55|57|72|250|55|111|57|127|50|71|45|43|96|45|56|36|41|45|181|305|110|45|30|52|136|49|340|84|93|98|55|62|29|41|76|76|52|142|56|313|65|73|43|30|42|20|28|63|36|60|37|34|35|24|60|31|55|42|32|27|22|26|21|45|49|34|36|45|33|37|31|25|33|47|31|33|39|67|39|92|117|49|130|41|46|30|44|42|25|48|37|42|42|33|37|35|42|97|33|38|65|44|47|46|53|48|29|60|66|59|41|53|47|38|44|48|48|37|30|27|39|41|48|31|35|29|28|56|28|31|29|25|30|63|53|60|36|42|52|48|33|50|36|30|22|141|145|108|49|90|160|88|63|74|71|67|28|68|80|70|51|58|34|65|64|38|30|32|27|26|25|33|38|33|26|47|30|47|39|34|72|40|28|46|94|62|38|23
125,Jaccob Slavin,365,126|149|649|203|391|250|119|123|204|535|324|222|461|159|150|119|119|158|402|2031|478|365|400|477|277|425|172|230|1124|315|299|274|294|897|282|418|156|554|159|2115|544|1077|290|168|186|130|146|118|156|83|106|127|106|91|99|138|151|79|102|167|126|148|98|120|82|77|87|91|84|81|74|112|72|90|169|143|166|142|99|84|84|91|77|70|77|62|60|144|61|81|52|44|41|57|55|55|43|46|51|56|47|43|54|53|74|65|79|108|61|60|56|66|70|56|54|42|48|31|69|92|70|51|70|128|104|61|54|57|51|55|94|70|58|68|58|54|51|108|374|142|83|90|51|66|65|47|60|74|51|34|50|46|81|72|82|78|81|180|258|133|108|103|92|66|106|109|98|102|55|75|79|82|114|137|106|171|118|154|104|103|152|90|114|79|98|72|86|70|79|102|68|86|64|96|74|98|131|90|62|83|62|127|66|105|59|119|133|72|202|78|59|121|127|67|108|68|105|89|87|84|73|69|62|106|91|84|64|78|76|71|112|102|102|101|84|67|100|79|133|101|177|271|144|129|179|113|158|90|110|95|99|70|107|94|112|132|132|164|125|814|433|258|157|145|154|124|202|136|367|125|179|138|89|103|228|142|191|141|128|113|394|132|166|123|134|144|175|187|162|264|216|190|315|321|554|540|643|405|371|382|1502|777|1320|1554|572|453|1964|1971|1843|927|14394|15444|3969|2462|1231|1020|525|512|300|279|294|259|210|256|275|167|165|198|229|208|150|250|123|320|218|200|146|146|171|127|139|126|212|125|130|163|128|98|122|103|120|128|137|120|149|435|170|522|527|317|176|126|107|89|138
126,Sean Walker,365,84|59|163|85|115|83|68|67|88|102|68|62|133|83|67|143|110|175|126|221|100|176|101|131|77|1385|157|137|298|113|97|120|124|374|112|349|111|171|61|119|92|139|104|100|65|59|69|42|81|41|43|37|54|63|54|51|57|35|42|37|39|48|60|59|44|46|55|41|66|60|60|84|37|33|92|86|85|68|50|54|51|41|39|33|30|33|37|29|46|35|53|31|40|28|29|29|27|38|40|48|43|21|24|49|39|35|21|29|25|25|26|39|30|37|40|54|44|57|33|40|26|21|23|37|22|20|30|21|57|24|30|38|26|30|36|33|30|33|45|46|41|54|32|38|47|31|28|24|33|37|33|39|43|47|38|50|48|38|32|22|43|33|26|25|52|54|40|35|44|53|48|32|47|50|60|61|58|71|44|60|173|76|78|52|115|62|77|50|40|104|56|41|58|53|63|58|49|71|49|39|51|160|48|271|78|81|420|83|93|65|72|176|66|49|68|54|80|69|67|45|45|45|30|51|44|59|56|76|63|79|51|92|53|55|39|38|47|26|33|38|153|78|37|48|47|63|79|58|43|48|77|31|41|52|70|54|85|64|46|72|50|97|58|74|63|58|62|61|54|57|78|60|58|53|86|55|68|71|41|50|54|53|76|60|54|45|47|70|55|105|67|57|50|43|68|42|42|52|48|52|55|56|29|41|31|36|27|40|77|40|50|57|75|55|46|42|32|46|49|65|44|94|43|66|66|41|41|61|42|70|50|93|61|60|60|257|121|116|75|38|50|85|26|25|44|75|62|64|31|30|39|45|62|39|61|61|34|64|66|52|80|200|58|58|34
127,Connor Bedard,365,1665|1110|1151|1094|1152|1126|1083|867|999|942|983|793|955|840|1047|732|911|1361|1919|1333|1160|1250|1048|1109|1072|1150|907|1194|995|1063|997|1336|1165|1025|1248|881|1046|1271|974|1247|1126|1023|1455|957|852|1054|801|859|1606|758|1651|705|825|1285|725|727|1222|678|948|730|748|1524|842|848|677|771|714|817|736|831|1393|2491|1170|1082|995|1105|865|739|608|588|778|1508|1991|985|956|627|591|828|742|709|1019|717|448|564|584|418|409|328|366|308|345|341|310|320|338|322|372|352|365|364|388|454|369|353|362|365|381|360|382|353|342|318|388|347|398|456|472|531|408|426|371|407|460|465|374|352|386|395|379|380|402|402|482|389|475|519|430|406|514|462|450|545|504|557|550|474|536|570|649|941|793|618|530|673|668|764|1001|901|770|1171|911|1001|3172|1751|1516|2026|1235|1940|1052|1081|1031|2313|1245|1811|1144|1261|860|924|989|1474|1055|1382|1309|954|4504|1850|1601|1109|2279|1011|1149|937|2569|1407|4342|2953|2657|1801|2180|3406|1653|1654|3889|1236|1073|6061|2729|2982|2324|2122|2515|1515|1306|2827|1489|1690|2119|2839|1922|4156|2404|2772|1822|1840|1640|1419|1560|4123|2023|3868|2697|1949|2017|2437|1891|1750|1432|1345|1275|1219|1558|1388|1885|3625|2699|2135|3947|4462|4195|3162|3640|2326|3448|2484|1842|2283|1834|2061|1775|1305|1740|1262|1156|1552|1289|2124|1243|2433|1686|1317|1707|2454|1229|1302|1154|1931|1315|2489|2604|1576|1521|3395|2097|4529|2529|1914|1513|1439|1263|1500|2876|2701|2439|3687|2822|2126|3728|2867|4393|3288|12823|7093|4078|2748|2559|2853|2078|2332|1808|1521|2033|1577|1718|1829|1461|1560|1542|1295|1076|1753|1328|1452|1145|1132|1540|1022|2114|1384|1472|1125|1062|1284|1090|1272|1145|1047|1083|1156|1206|1112|1462|953|1240|1118|2051|1147|1101|1130|933|1005|931|1246|1030|1671|1585
128,Tyler Bertuzzi,365,178|148|178|255|154|266|177|194|195|258|184|240|230|140|207|137|143|166|464|195|273|169|239|180|214|136|135|171|142|188|165|305|162|150|172|152|146|194|125|169|128|188|132|126|115|146|108|106|151|125|204|130|134|174|124|163|162|108|116|127|273|279|146|168|139|118|121|139|120|112|116|158|103|139|186|172|171|380|458|221|160|150|140|115|103|166|145|176|144|121|111|84|90|78|107|83|68|82|99|91|74|83|109|79|84|77|70|76|58|91|82|98|63|53|101|96|108|70|92|97|83|78|81|81|95|90|76|81|62|74|102|87|72|57|84|69|100|72|51|59|71|125|115|100|57|90|70|81|88|63|85|95|91|74|82|65|105|88|87|113|73|99|101|178|160|109|243|95|109|249|145|160|997|490|314|445|240|1404|210|300|184|928|193|3065|398|429|206|297|372|297|164|174|170|171|540|235|298|135|505|189|336|139|3702|534|2710|1762|862|405|379|1154|286|250|533|491|212|380|228|1365|1384|320|1155|246|215|782|200|370|530|332|222|1068|266|561|197|337|364|159|177|1596|312|503|602|143|274|1089|298|413|371|196|132|180|475|151|130|167|970|963|447|760|312|703|317|491|4037|723|443|638|332|453|636|309|1246|316|288|526|233|457|206|517|169|281|560|452|243|728|256|589|186|385|566|206|205|396|204|360|161|147|122|99|119|159|138|130|151|215|148|152|173|138|182|195|351|265|217|192|231|393|281|594|297|215|380|241|398|745|481|590|485|218|185|483|252|395|233|282|468|195|649|348|331|146|309|546|191|256|285|198|312|171|1559|233|1211|213|555|164|525|181|149|246|235|199|173|561|207|378|332
129,Sacha Boisvert,365,199|86|46|77|61|58|33|35|38|36|47|48|32|33|28|20|37|34|77|44|43|34|29|28|33|15|39|17|17|28|36|34|23|40|36|20|30|24|25|35|20|31|34|36|33|32|31|19|41|29|29|30|20|55|45|29|24|21|22|32|41|33|31|28|30|27|40|43|40|45|61|235|86|104|66|87|65|46|34|30|35|28|38|34|20|22|13|27|32|20|20|10|19|12|29|22|22|20|17|21|20|28|22|20|16|22|31|19|14|20|23|21|15|19|22|49|31|16|20|21|30|27|50|32|34|24|17|35|30|20|46|24|28|20|19|19|23|24|23|25|13|16|15|22|23|34|12|20|18|20|27|26|26|26|27|20|20|31|29|32|26|16|12|27|23|31|34|45|42|83|114|53|57|56|42|60|67|53|34|49|46|70|53|91|41|51|40|36|58|65|61|41|51|37|65|34|43|37|32|26|42|36|52|33|52|60|79|52|37|59|32|42|48|44|63|84|54|48|30|37|24|29|32|40|24|37|57|54|35|54|30|45|43|32|40|33|45|39|22|47|46|27|35|50|20|34|18|28|27|19|33|27|32|73|49|51|46|60|72|54|71|60|78|64|46|38|46|37|29|32|41|30|26|25|598|341|183|106|80|40|68|117|32|40|22|30|28|45|52|56|98|75|43|57|71|39|34|28|134|37|42|32|38|64|47|26|44|30|29|30|81|52|34|25|28|33|52|62|41|33|122|221|94|50|52|76|61|174|351|146|129|193|1400|1151|379|202|202|204|269|184|299|373|1387|1102|900|335|202|160|181|115|227|65|795|232|144|77|82|86|106|77|56|80|60|86|71
130,Andre Burakovsky,365,68|53|98|116|137|81|163|103|98|114|124|87|81|115|123|84|156|107|92|130|109|163|81|97|77|82|96|92|70|64|54|97|77|76|69|90|89|99|97|109|61|83|103|80|51|63|67|57|114|71|89|51|137|109|54|43|88|47|67|70|47|146|90|106|3678|1194|447|305|266|249|203|226|223|194|156|128|121|75|89|95|84|66|80|53|61|80|100|100|66|126|117|68|46|47|61|44|65|70|61|51|36|41|61|41|53|41|51|55|58|60|74|75|58|54|53|66|61|55|54|58|57|33|38|40|75|68|58|51|53|47|49|32|37|57|49|48|40|45|46|49|88|92|54|61|50|48|43|32|58|61|56|84|84|92|75|82|71|89|75|83|72|78|77|136|103|121|176|94|94|132|96|134|547|237|182|636|157|243|112|779|299|276|148|305|194|198|131|128|149|109|95|181|156|110|275|126|639|171|429|206|799|208|360|116|563|465|334|191|193|202|157|151|228|99|94|697|236|383|132|126|140|94|110|120|87|188|152|154|121|183|104|208|177|142|128|81|96|354|120|249|171|107|110|180|83|107|131|95|93|84|143|91|83|113|185|132|96|181|107|329|207|535|236|163|148|285|127|222|122|106|167|115|103|160|102|140|125|130|102|119|182|237|102|115|101|122|87|122|198|93|87|98|91|89|95|111|97|122|101|111|134|91|109|120|96|102|162|143|140|126|241|213|178|118|124|108|111|214|100|110|111|123|141|148|115|129|449|122|91|348|227|196|168|144|129|76|113|216|219|170|196|189|75|149|119|95|102|83|93|84|128|62|150|96|118|89|109|132|93|118|94|119|109|140|124
131,Ryan Donato,365,90|82|99|109|114|126|110|89|75|89|76|80|75|71|83|90|75|131|69|83|84|97|68|84|76|73|76|83|72|79|83|127|108|84|92|99|84|114|104|136|96|158|109|106|85|88|107|88|98|79|97|60|91|80|79|75|100|69|59|82|87|656|1059|264|172|99|97|119|137|106|99|123|99|152|105|112|95|76|56|67|79|74|55|75|46|43|52|67|80|52|62|44|55|47|74|63|76|53|43|53|47|43|63|47|68|63|46|33|41|49|39|93|66|56|34|35|32|33|30|50|33|32|33|57|45|54|56|35|38|77|47|41|29|31|47|34|38|31|39|20|78|34|54|36|58|27|44|25|44|32|30|50|63|58|60|48|46|56|78|89|72|36|62|114|148|73|98|65|113|160|87|103|565|190|247|415|111|190|76|120|92|298|112|401|111|549|145|91|130|1863|190|159|192|105|309|107|137|98|90|96|198|83|127|107|116|126|96|61|61|207|75|87|193|72|61|343|86|185|87|73|112|64|58|149|82|288|93|88|56|170|64|117|85|141|78|105|99|403|108|105|132|82|69|166|38|110|90|102|86|79|376|92|57|102|168|125|94|190|75|238|130|212|152|79|106|118|85|111|108|69|136|61|80|142|84|385|93|125|78|77|213|134|75|114|95|442|96|123|187|89|122|791|108|136|81|108|80|96|101|118|113|132|109|179|169|107|139|116|170|183|368|277|188|207|156|152|95|143|103|92|100|91|88|151|114|97|122|67|49|81|69|103|48|107|186|89|194|112|90|62|75|93|66|89|89|68|95|73|75|50|104|54|140|74|378|66|79|72|61|50|59|91|78|164|82
132,Anton Frondell,365,286|122|126|104|80|88|112|152|107|96|102|74|80|89|112|102|122|465|1083|291|167|125|83|74|109|114|120|102|74|76|76|91|114|109|124|77|79|86|76|79|87|101|90|98|90|80|91|103|108|106|110|145|157|167|166|127|144|96|73|93|95|171|176|148|199|260|489|551|436|635|4422|9249|1871|1075|545|362|336|232|165|174|215|195|204|155|100|107|133|146|377|366|144|103|83|80|101|90|88|56|90|61|49|74|85|78|69|65|61|45|78|107|46|44|70|65|55|76|108|85|60|52|49|39|49|49|51|71|75|56|72|41|66|56|63|49|47|50|46|57|87|84|63|78|52|74|70|71|79|77|113|73|81|78|85|112|98|82|80|124|141|141|117|126|114|124|123|126|133|255|247|296|191|167|505|288|187|300|189|247|172|201|200|461|256|234|148|229|162|184|232|283|159|128|158|139|305|183|181|125|147|170|167|106|176|137|242|197|227|161|161|182|172|186|221|122|131|309|202|182|209|164|155|189|108|157|121|114|114|141|124|174|113|168|127|107|111|92|97|144|98|145|122|103|96|115|167|111|113|119|104|130|165|162|1712|890|443|688|525|399|451|628|751|612|2315|2470|517|330|210|190|192|155|144|140|137|143|149|114|123|126|109|104|126|132|105|142|102|122|116|157|181|119|106|170|139|152|117|103|112|65|75|105|115|126|100|120|97|113|234|150|172|161|305|249|180|139|175|214|192|224|340|199|212|264|211|216|216|129|147|123|156|193|254|273|211|195|184|124|145|325|560|628|2701|4349|1240|890|501|310|517|352|1509|519|409|244|348|294|412|174|199|617|221|241|246|371|393|283|299
133,Ryan Greene,365,27|24|14|17|15|14|18|11|10|11|9|12|10|16|18|6|11|15|11|7|11|11|10|14|10|18|4|5|14|5|3|9|13|4|10|10|7|12|20|18|12|12|10|9|8|8|9|6|14|7|10|10|7|17|12|12|15|9|5|8|7|23|14|10|24|16|21|23|20|24|24|54|27|27|26|21|26|17|15|18|17|15|19|12|12|13|26|34|8|15|9|10|14|19|17|14|13|7|10|11|11|9|6|27|10|14|10|10|11|15|15|15|13|14|10|18|19|9|12|14|13|9|10|9|12|10|14|13|12|5|17|15|12|7|10|7|19|18|9|7|9|19|14|18|9|12|20|13|18|21|18|19|11|14|23|18|84|41|36|43|42|28|27|67|35|53|52|32|28|41|39|124|268|88|74|165|114|128|39|61|40|831|190|178|67|99|92|50|66|78|48|56|60|36|204|61|120|34|134|78|109|48|116|35|96|95|66|42|56|137|33|67|1368|77|63|405|125|148|95|61|168|53|76|73|61|237|345|359|172|198|82|70|71|103|89|39|46|133|41|75|86|28|45|86|43|91|73|109|46|73|90|63|28|45|38|76|35|77|49|94|52|92|96|59|66|130|63|139|97|54|72|41|37|113|169|339|74|126|41|58|89|656|87|68|48|63|62|92|97|44|41|76|73|65|47|54|41|32|28|32|43|22|35|38|12|28|47|26|41|38|71|63|55|49|109|88|53|64|48|44|150|69|61|85|81|50|78|59|43|68|36|46|35|40|134|46|51|66|67|67|197|141|90|85|63|37|36|111|156|123|99|47|45|40|60|34|33|36|73|61|48|176|54|141|44
134,Sam Lafferty,365,50|36|47|50|31|38|27|44|32|50|37|31|26|35|30|31|53|47|64|37|51|44|61|50|40|24|29|31|24|43|59|75|57|55|52|43|45|50|37|31|36|59|43|38|19|30|37|31|36|28|38|37|36|46|50|30|49|22|39|32|25|50|36|43|32|28|37|35|31|52|65|134|59|46|2183|587|212|128|110|76|72|102|89|49|103|56|48|69|70|52|48|33|38|51|66|46|37|41|40|46|27|30|38|34|35|28|29|41|60|46|60|43|29|33|31|23|33|39|83|34|38|28|17|46|27|30|32|25|26|27|28|21|40|38|36|32|41|70|71|36|62|25|40|28|23|14|35|40|40|22|21|37|33|50|32|37|52|66|59|66|35|45|47|77|54|40|51|48|42|91|63|59|146|117|53|64|49|77|37|63|41|90|49|77|65|73|50|52|70|67|73|59|73|48|103|41|60|35|39|60|42|20|58|34|59|90|53|35|33|948|163|85|210|56|50|105|45|65|73|59|55|49|34|68|26|40|51|44|43|42|40|51|36|49|38|29|41|91|56|69|66|46|66|90|63|80|57|32|45|37|78|58|28|45|52|158|61|55|37|104|59|41|36|35|74|49|69|57|50|46|52|32|39|58|46|35|42|54|36|49|45|69|41|49|35|47|50|110|83|44|35|50|46|39|35|31|31|48|32|27|40|31|23|25|33|29|48|48|46|33|70|57|47|47|40|36|59|59|54|54|72|66|130|84|52|51|73|93|52|66|26|67|38|31|60|39|32|43|39|31|40|61|49|36|50|74|59|54|83|44|48|19|54|34|45|41|29|44|61|59|58|55|29|114|59
135,Nick Lardis,126,87|17|154|130|189|44|67|212|258|97|88|181|67|49|57|622|183|69|727|85|115|64|196|103|56|50|516|86|160|284|90|244|55|74|83|41|58|34|72|29|37|616|278|68|121|90|91|35|38|35|34|35|24|32|38|19|35|19|22|19|55|251|129|44|34|52|34|39|30|27|22|24|27|27|26|29|59|37|35|27|41|40|48|33|85|107|68|65|64|43|73|34|60|64|34|49|47|66|74|138|71|178|465|140|126|160|66|52|40|80|32|241|40|77|44|76|43|40|71|30|25|52|55|38|162|64
136,Andrew Mangiapane,365,142|60|71|439|748|235|524|125|376|270|5298|227|257|373|124|91|85|113|204|311|158|254|216|357|130|228|83|96|412|114|92|117|101|124|87|91|87|106|99|75|60|74|38|99|78|58|69|59|109|74|92|36|65|54|48|53|72|68|48|142|123|114|67|74|155|312|250|172|132|281|213|144|140|314|1039|9638|1769|751|636|393|397|362|264|328|201|134|126|107|77|75|106|67|60|84|116|77|73|49|58|70|54|55|54|47|41|64|52|88|65|72|62|65|70|58|59|51|50|62|55|318|225|113|78|66|69|66|54|58|36|48|57|61|58|63|59|47|61|105|122|93|124|66|58|78|77|55|45|52|53|49|60|78|93|208|286|159|134|116|100|103|415|105|273|89|453|151|108|158|96|555|111|144|159|262|5267|360|174|4884|460|393|577|214|262|250|270|101|134|295|96|583|111|277|322|66|141|68|124|61|120|74|390|347|82|76|73|218|80|215|80|260|245|79|145|54|196|75|390|191|72|160|61|73|132|81|71|116|113|76|36|160|57|266|73|148|67|65|70|47|121|75|409|276|60|151|48|110|283|179|185|62|342|66|65|64|448|535|829|319|450|329|273|419|259|409|307|249|204|125|148|156|151|211|126|121|87|221|448|133|183|158|120|83|370|79|101|108|133|116|144|129|115|177|959|253|153|114|93|75|80|151|125|153|125|100|96|134|103|77|127|84|750|526|279|214|289|507|183|1221|1189|595|343|5315|1030|977|323|291|812|172|137|250|132|174|123|72|163|72|222|71|104|63|55|91|58|86|65|64|54|56|74|72|124|85|84|71|98|125|102|83|99|89|73|88|53|68|138
137,Ilya Mikheyev,365,52|36|31|43|51|50|47|37|37|39|43|31|39|31|42|57|49|49|51|41|38|33|35|52|39|39|37|51|25|29|52|58|33|26|34|38|37|47|40|40|34|31|40|32|35|51|47|38|42|19|37|21|42|22|22|24|23|27|27|28|20|46|37|29|38|26|44|40|31|38|34|43|41|47|84|57|31|37|51|21|35|33|34|24|27|27|24|18|28|26|30|48|31|45|54|31|36|33|37|32|26|40|39|44|28|26|16|21|29|51|57|79|111|109|61|61|53|61|51|54|48|47|50|40|53|51|51|34|48|37|41|34|32|59|152|205|64|139|140|57|31|66|30|49|46|27|20|25|15|13|26|36|31|22|21|21|38|27|23|38|29|20|39|41|26|27|40|33|32|47|32|40|131|59|34|105|53|53|37|463|96|367|93|204|67|105|68|57|86|131|120|82|99|53|73|36|31|28|54|39|41|63|185|97|75|69|67|70|70|142|94|145|376|163|121|142|90|114|114|91|261|170|67|202|85|79|128|127|101|81|241|296|207|196|262|249|243|252|159|234|199|120|186|260|174|159|286|156|264|137|170|154|142|124|236|391|203|260|73|720|258|199|304|276|127|227|101|264|142|110|118|93|207|134|76|98|90|144|82|88|252|140|133|134|97|164|51|125|181|102|62|210|104|139|99|77|89|72|37|59|120|82|103|84|92|43|78|60|46|51|94|42|100|85|92|74|91|67|133|131|118|90|109|167|65|58|101|33|18|36|33|36|34|33|42|33|62|24|44|27|62|159|55|49|43|51|49|56|90|40|50|31|66|35|64|37|37|43|68|90|36|104|42|63|42
138,Oliver Moore,365,72|56|48|58|57|39|57|43|34|43|46|55|29|37|36|38|36|57|82|55|58|49|43|31|38|40|33|32|40|30|41|38|45|36|47|38|36|41|43|53|34|43|42|28|29|38|43|36|52|30|30|27|23|45|40|29|42|28|29|28|29|43|29|37|31|29|41|44|47|63|86|313|96|74|74|64|45|37|41|35|45|50|49|70|33|35|20|47|40|44|30|32|29|31|29|36|48|27|33|32|27|25|24|35|43|20|20|28|25|33|27|31|19|27|39|41|20|21|25|20|23|16|13|27|24|30|33|26|20|13|30|23|29|33|27|26|30|15|32|35|51|44|31|27|36|27|24|30|36|54|37|46|29|23|35|53|31|42|76|87|36|32|37|136|82|47|84|44|40|83|90|61|154|100|54|93|90|89|106|108|54|184|87|201|121|108|53|71|70|219|124|81|61|58|139|84|58|69|61|407|558|112|206|86|156|350|363|101|89|227|79|77|253|87|74|500|130|160|81|82|113|61|74|346|45|124|110|79|86|299|83|161|71|68|64|67|57|163|64|104|66|51|64|91|70|73|73|78|54|64|107|60|67|58|67|80|42|209|75|136|116|97|102|72|60|501|87|210|97|66|105|61|88|106|45|87|47|169|56|70|2163|636|134|159|137|275|69|88|111|75|111|94|81|91|81|76|78|61|45|56|65|58|51|66|39|38|58|48|57|64|152|105|84|77|83|76|114|100|68|79|54|208|72|106|95|109|83|65|57|43|40|52|44|118|118|73|65|45|61|59|52|92|63|52|62|48|55|46|64|44|49|42|52|64|88|60|50|57|56|56|36|98|55|100|93
139,Frank Nazar,365,188|128|104|113|95|83|119|86|71|61|67|55|84|79|89|77|236|221|200|140|123|191|128|614|340|201|151|82|85|264|385|302|1453|479|443|270|701|3438|1140|385|210|298|207|122|119|144|126|116|105|84|96|84|130|93|85|93|125|82|78|73|76|84|104|88|102|85|91|116|103|113|211|351|157|187|133|125|100|84|104|89|135|109|92|76|71|71|54|112|103|77|86|59|55|66|82|65|67|75|67|52|46|30|45|38|58|72|45|47|65|74|107|104|67|51|56|43|130|105|73|66|53|53|48|205|141|2784|3554|2443|713|437|305|226|166|152|142|128|103|155|169|114|110|100|62|81|86|95|102|90|92|57|74|124|96|87|86|92|78|71|143|220|105|106|96|384|1136|330|458|326|172|647|187|245|3684|2232|685|742|498|1415|626|528|330|4295|1405|1250|519|2015|731|498|1054|1559|503|775|695|538|1183|547|519|277|381|279|302|192|350|323|745|469|323|263|206|305|176|199|669|235|214|485|238|436|215|190|326|220|136|326|125|232|354|255|181|300|202|371|200|215|213|165|204|470|181|247|414|184|271|438|233|582|195|380|192|130|209|150|159|192|198|187|141|228|159|353|239|191|182|144|143|193|134|140|149|99|134|133|155|152|105|119|149|182|124|307|523|676|219|598|185|396|159|280|498|141|172|242|136|155|84|110|118|105|94|120|147|124|124|120|108|101|156|111|168|183|382|412|297|235|243|282|177|219|151|126|202|171|183|342|168|182|837|163|158|307|163|190|142|157|509|161|185|212|219|155|160|361|152|164|142|158|394|119|200|106|195|94|168|128|419|175|117|127|149|168|162|213|112|237|135
140,Landon Slaggert,365,22|27|10|14|21|26|18|22|21|12|14|12|35|15|17|18|14|20|27|17|11|17|26|15|14|18|15|11|15|10|15|17|13|19|23|20|19|20|33|29|21|22|17|9|17|13|24|11|22|9|24|12|26|15|13|24|32|15|9|13|8|18|20|16|40|28|19|17|43|27|27|42|26|30|31|21|11|16|25|25|32|27|28|20|13|20|18|27|9|12|12|18|8|9|19|15|24|16|16|12|13|6|14|16|14|10|9|9|10|13|12|9|12|14|11|15|13|15|10|10|10|14|6|6|12|17|18|18|12|8|20|12|9|17|15|8|9|15|7|12|11|10|12|9|14|11|10|9|18|10|15|23|22|11|34|25|20|18|23|26|21|8|6|26|10|14|30|55|35|62|46|35|64|30|24|36|37|26|21|24|30|77|44|63|43|58|26|31|50|80|47|57|46|26|68|28|32|88|57|57|44|22|16|22|38|35|24|18|76|362|42|53|103|34|36|94|23|28|40|22|35|27|24|57|17|31|20|40|14|32|29|34|45|28|52|31|20|35|26|29|16|9|14|18|17|19|23|19|13|22|17|20|9|61|110|80|38|60|24|56|47|37|46|31|28|130|39|83|93|36|138|29|26|61|30|52|30|52|21|27|65|84|23|36|34|55|23|36|57|23|31|51|27|28|27|31|29|29|19|19|26|17|23|28|17|9|16|39|36|21|36|35|21|36|35|30|33|98|66|22|37|48|29|56|44|24|50|14|30|46|23|34|18|17|68|17|39|33|38|20|21|39|29|60|22|18|23|20|29|24|40|18|64|19|44|19|29|38|14|12|18|67|18|35|24
141,Teuvo Teravainen,365,91|70|100|72|98|81|65|62|93|70|61|81|139|68|76|42|75|101|149|181|148|294|171|348|275|180|146|391|322|213|161|367|264|175|262|181|158|185|130|134|79|187|135|57|67|84|104|113|99|63|69|50|48|67|52|45|70|44|65|56|64|88|79|85|96|57|61|63|67|77|69|112|81|60|71|82|67|71|47|38|42|52|42|52|43|40|72|67|73|49|44|46|42|50|39|56|27|49|40|33|32|29|27|43|30|53|45|36|48|53|31|50|52|45|43|21|35|32|35|24|30|27|42|41|39|47|44|40|38|32|29|29|42|41|41|36|43|56|48|37|38|45|33|34|33|39|111|84|47|39|39|84|66|31|48|56|46|48|45|59|40|48|38|58|88|49|104|48|39|133|57|62|725|440|153|168|77|181|99|161|96|372|126|170|94|153|67|64|121|362|91|110|169|74|227|122|337|74|86|61|99|55|102|65|118|255|159|91|80|291|70|79|825|106|110|175|68|458|101|111|135|72|67|138|51|185|131|99|68|127|112|292|112|132|120|60|73|202|75|141|109|65|63|107|86|100|75|65|56|50|129|63|82|73|154|131|94|256|91|337|188|240|162|99|96|141|91|112|90|58|122|93|64|124|110|345|150|168|130|144|165|104|88|79|108|238|87|135|157|87|109|205|135|133|117|173|134|115|151|399|336|273|314|214|128|106|359|270|731|620|980|395|212|148|158|189|116|254|217|133|211|102|110|128|92|104|119|63|67|85|53|87|61|78|75|86|77|66|80|56|81|94|55|80|61|62|66|54|83|55|90|55|142|57|129|58|52|127|77|58|56|80|45|64|73
142,Dominic Toninato,365,33|56|75|29|37|35|29|32|14|27|16|21|17|45|149|253|127|398|62|37|62|32|46|30|18|26|29|24|39|21|76|20|15|20|29|17|18|24|26|22|11|12|14|18|15|19|19|10|20|19|14|13|19|19|19|8|13|10|15|12|12|13|15|18|16|14|14|19|11|21|42|14|29|6|414|379|131|58|48|57|37|28|43|35|16|16|18|25|31|21|26|24|16|24|20|17|19|53|33|36|18|26|33|11|13|21|17|19|21|20|32|27|16|13|11|25|13|9|18|13|16|13|13|16|15|20|16|19|13|10|20|16|22|13|21|23|26|25|25|20|33|18|15|20|24|10|20|16|25|14|15|34|25|21|17|19|46|27|57|72|36|18|37|381|106|57|50|27|34|53|52|27|40|22|19|32|26|36|30|25|18|23|22|20|46|22|25|18|11|19|28|32|12|28|26|7|28|20|15|18|15|12|31|22|25|11|31|16|30|23|14|18|33|21|9|8|17|11|33|41|13|14|16|22|12|18|23|28|17|11|17|27|29|16|12|235|132|66|49|51|159|36|46|516|41|72|32|34|40|36|49|43|15|43|107|41|47|70|54|47|50|48|20|19|13|28|15|23|34|18|22|20|31|20|15|22|16|34|12|22|22|24|16|28|14|36|20|31|20|25|28|15|19|10|14|15|11|10|11|18|13|24|18|22|36|34|31|32|25|26|41|22|24|13|15|18|24|19|17|19|17|25|22|36|25|23|20|15|11|12|13|26|20|24|23|13|58|122|76|36|40|34|33|23|16|20|20|28|32|22|25|10|34|27|63|19|20|21|24|23|11|89|38|27|25
143,Louis Crevier,365,20|15|12|11|8|10|22|17|28|12|17|25|35|24|17|14|26|20|23|17|21|19|17|13|12|12|11|9|12|8|5|6|14|8|11|9|25|26|32|21|8|14|24|6|17|10|15|4|15|10|13|11|13|12|16|16|17|14|8|9|5|18|20|11|29|17|24|23|11|19|17|36|24|23|25|18|24|13|15|18|19|13|14|11|6|5|11|16|19|11|85|56|32|14|15|18|9|12|7|8|10|11|9|13|3|8|13|8|5|12|5|16|3|5|8|14|10|8|13|12|3|8|5|13|15|11|14|18|15|13|5|16|6|11|12|9|8|9|11|11|12|19|7|12|11|11|10|12|19|9|9|24|20|18|14|13|13|25|18|18|16|7|14|19|14|14|16|12|8|49|47|25|47|30|28|340|118|671|102|105|44|123|62|169|37|70|45|35|37|63|34|33|46|27|480|66|45|30|50|24|64|24|78|26|95|65|51|39|39|206|44|40|292|59|48|278|74|290|56|126|105|27|29|126|26|47|47|65|43|61|45|84|57|65|54|35|33|983|96|230|56|36|41|151|151|269|106|41|34|41|75|45|27|31|158|76|50|152|23|146|43|173|98|50|40|244|78|57|59|37|74|40|80|187|18|102|35|85|25|31|65|316|59|74|48|103|37|164|106|37|36|67|48|56|24|27|21|24|18|25|43|14|18|28|22|19|36|45|30|36|40|33|25|19|31|39|42|111|42|46|77|35|51|68|56|52|68|21|21|89|33|82|34|23|729|137|91|57|123|39|45|71|49|127|58|34|52|32|65|24|113|19|62|18|51|22|34|87|30|16|35|65|30|566|97
144,Ethan Del Mastro,365,19|18|16|11|10|14|16|12|17|9|11|16|10|10|15|14|20|11|28|19|17|22|12|14|14|8|10|5|4|12|13|12|14|16|21|15|15|7|19|12|15|22|26|25|12|16|18|4|10|11|2|11|13|12|22|19|20|11|17|13|11|11|31|5|11|18|12|16|18|30|21|61|28|16|24|21|15|20|11|10|10|10|8|15|4|14|8|11|10|5|8|8|16|31|15|16|14|15|12|4|8|8|10|8|12|3|11|12|11|15|12|16|9|14|8|5|17|8|9|9|12|6|14|16|16|3|11|12|12|10|8|11|13|10|8|7|12|10|12|19|4|15|9|14|18|12|8|19|15|13|9|8|5|14|14|12|16|21|31|30|10|13|17|30|22|8|32|25|17|24|48|23|137|58|31|83|30|29|22|21|15|18|19|17|29|24|22|20|18|21|23|16|16|10|19|13|13|16|16|15|20|9|22|12|24|15|21|17|20|26|21|17|29|10|15|30|10|15|15|17|13|12|7|20|8|19|18|11|15|31|22|18|16|18|34|35|29|26|16|15|20|82|60|319|39|23|44|20|15|38|23|62|37|70|40|53|46|32|37|33|58|30|49|41|51|56|54|39|36|19|11|15|13|9|17|11|20|11|11|6|17|17|13|14|17|21|15|11|15|20|19|14|8|18|10|25|8|8|8|11|16|18|3|19|18|13|16|12|18|16|22|12|17|9|12|13|12|16|20|93|105|27|43|65|30|24|19|20|20|33|15|64|31|19|51|57|66|45|33|36|53|58|32|61|41|35|43|33|69|16|110|29|53|44|52|28|30|56|21|28|19|60|27|69|17
145,Matt Grzelcyk,365,113|41|40|58|42|41|43|46|46|40|37|42|37|41|43|47|33|65|49|35|31|49|57|46|36|37|38|38|69|84|51|57|47|26|35|61|57|54|68|56|61|46|39|49|35|43|38|48|53|52|75|38|45|64|54|49|51|36|38|45|49|81|52|67|41|44|62|59|51|63|45|95|58|87|201|188|148|230|225|193|226|204|181|189|206|154|172|197|152|170|180|166|167|173|167|153|156|66|42|65|63|116|84|68|52|54|42|40|63|83|65|59|69|54|61|84|86|95|61|60|47|39|41|68|73|67|94|72|79|67|56|54|54|38|40|48|54|96|114|90|103|80|101|63|115|106|56|65|72|65|65|694|268|146|170|118|119|91|98|100|93|96|120|138|78|107|124|130|97|164|538|440|432|267|281|287|131|158|82|131|64|195|96|111|129|126|74|127|119|136|89|102|89|77|151|68|103|62|137|64|104|63|132|80|128|102|94|101|120|175|72|74|201|77|84|146|79|111|86|61|77|55|42|86|77|107|72|71|67|103|54|103|78|143|77|47|45|231|66|82|71|59|51|97|53|89|67|203|213|76|92|45|36|54|93|134|94|105|53|98|67|103|139|71|75|143|77|131|132|78|70|69|83|127|54|345|62|81|60|43|91|126|63|86|145|170|75|153|120|60|110|109|86|107|78|87|66|77|172|93|92|96|88|104|55|67|100|74|114|85|243|185|121|85|80|91|95|95|103|80|146|68|93|88|114|78|74|72|59|71|52|52|52|57|67|61|78|42|82|63|60|57|57|56|50|44|57|72|85|44|46|34|52|42|79|51|37|32|52|43|44|47|55|48|57
146,Wyatt Kaiser,365,30|22|29|11|21|21|17|22|14|18|15|17|18|13|19|14|15|20|14|23|16|18|26|15|11|14|16|15|12|12|14|17|20|8|19|20|19|19|29|31|21|20|18|13|31|7|18|13|21|22|21|25|35|27|27|20|29|19|23|17|14|40|19|24|29|18|19|29|23|24|34|37|26|32|28|23|33|30|24|13|32|18|34|22|10|14|9|19|13|27|19|20|12|24|23|34|37|38|20|17|25|15|27|23|27|26|14|17|36|34|15|15|15|16|13|19|40|45|23|25|18|13|13|20|19|21|14|20|19|16|18|18|14|15|24|11|17|34|30|30|32|22|15|29|13|12|15|9|20|24|18|54|37|250|71|35|35|38|37|97|34|25|25|48|57|37|35|39|36|235|49|45|180|86|56|84|46|130|42|181|86|201|79|120|48|156|55|79|100|226|68|53|78|22|166|68|74|31|47|25|36|25|103|55|71|57|59|42|27|98|25|47|114|42|67|144|48|57|44|65|63|22|30|168|35|50|36|51|32|56|33|199|87|57|43|45|50|95|37|165|41|38|35|282|35|50|54|45|33|34|65|41|29|36|52|74|29|60|25|40|35|50|44|35|37|70|33|68|50|32|70|27|35|35|28|204|48|54|35|45|69|108|39|107|43|301|47|65|73|24|31|42|56|87|38|47|74|40|35|38|28|13|18|21|27|26|32|29|26|32|47|46|31|26|29|29|39|47|31|40|43|30|64|56|45|44|47|33|33|61|26|23|25|26|139|50|206|195|49|29|31|49|31|58|39|31|30|20|65|35|70|15|55|25|47|19|37|35|28|38|46|45|31|51|24
147,Kevin Korchinski,365,63|53|60|47|52|40|68|36|94|47|49|35|32|49|41|36|60|69|115|89|56|47|49|62|43|41|38|41|40|49|37|44|42|46|54|40|38|56|54|70|48|45|29|29|24|32|56|27|48|48|43|42|36|48|45|34|38|42|42|45|74|53|46|39|66|48|45|50|52|68|83|202|107|95|84|60|65|37|34|51|54|41|49|39|51|34|28|46|48|54|27|31|42|37|20|33|34|41|38|26|27|20|32|31|34|26|23|26|22|22|34|36|27|29|26|30|29|27|34|23|26|32|30|32|36|50|58|37|28|35|31|38|19|22|24|22|24|32|32|27|21|16|30|26|21|24|26|25|25|26|29|28|36|31|37|25|35|40|37|53|65|76|45|49|42|98|139|61|52|73|84|79|190|98|82|99|65|96|87|80|56|172|83|103|105|82|57|60|72|125|65|85|80|64|184|84|88|64|83|61|58|62|63|60|96|85|128|73|64|110|59|49|159|117|66|130|107|100|75|64|69|63|70|81|39|68|65|68|59|76|68|72|58|83|74|78|61|96|61|101|89|53|78|61|40|63|68|50|62|77|60|59|44|69|66|71|77|83|58|68|108|79|95|70|61|103|105|208|178|59|84|76|61|74|50|69|74|52|51|52|77|86|59|78|46|77|40|65|63|50|53|53|55|53|50|47|42|32|33|90|109|43|40|49|45|40|68|60|76|56|96|81|65|86|90|77|67|105|99|150|129|197|177|108|97|91|67|54|66|61|68|66|56|47|50|67|55|55|78|57|81|91|52|68|63|123|100|51|99|64|151|66|120|70|74|73|97|93|64|69|81|92|78|120|60
148,Artyom Levshunov,365,300|198|180|225|169|129|227|137|114|102|201|104|127|110|123|102|119|249|436|182|147|171|168|115|110|121|128|108|109|95|75|165|160|116|167|99|77|105|81|105|117|108|102|96|112|135|106|101|141|92|111|75|106|102|99|101|104|71|70|69|68|177|107|72|123|77|124|142|124|190|417|835|280|172|143|165|160|91|66|96|110|101|138|86|82|66|59|119|123|91|84|65|58|73|58|56|49|58|55|49|50|50|60|60|56|52|43|54|50|49|63|62|75|44|42|34|42|39|42|55|41|30|36|48|79|83|76|45|48|43|30|56|39|46|34|43|50|48|48|45|46|38|55|55|59|87|62|65|71|113|88|77|67|64|54|56|73|96|99|147|86|90|52|87|88|110|154|107|93|173|157|132|650|331|170|293|169|221|143|252|311|428|197|312|163|221|136|134|277|290|163|326|296|176|370|175|209|103|164|185|162|210|245|186|506|368|502|273|304|335|147|156|668|230|206|616|304|284|190|181|220|158|131|1008|264|228|212|205|176|257|163|171|188|152|242|122|169|284|151|341|297|212|237|289|193|216|179|153|160|139|194|247|131|296|232|192|270|377|311|501|347|261|430|278|189|355|220|168|204|154|300|212|202|202|179|197|160|191|147|144|191|303|130|296|231|291|135|297|355|191|195|205|181|191|116|117|99|93|99|110|245|214|171|304|201|157|347|226|292|237|688|434|297|197|215|249|252|303|251|194|212|319|190|197|222|169|185|170|170|184|150|202|174|144|194|165|173|160|153|199|209|390|220|194|167|193|168|188|178|239|184|117|173|122|167|132|178|179|151|151|239|213|160|188|256
149,Sam Rinzel,365,84|38|37|47|62|34|36|39|33|36|37|26|24|33|40|21|26|40|62|45|35|36|38|38|34|32|29|33|31|27|20|34|39|32|46|52|27|47|47|51|36|46|39|18|31|21|32|28|28|23|36|30|28|41|39|27|29|22|24|20|24|46|31|32|46|44|43|50|41|66|56|333|135|73|72|73|67|49|29|73|121|61|71|50|44|33|23|96|82|66|57|38|32|30|28|22|57|48|31|43|28|22|26|28|34|27|25|22|27|38|29|46|35|36|29|20|26|20|26|33|19|18|16|21|35|40|40|44|45|44|26|41|36|22|27|34|32|30|34|39|38|34|29|46|31|93|51|49|71|80|69|46|60|52|42|60|46|69|87|148|71|51|53|97|123|96|139|72|122|352|141|194|722|294|170|232|124|856|189|194|100|349|125|189|93|204|75|94|126|222|86|85|70|50|224|78|88|54|64|61|82|57|70|61|102|73|69|44|52|124|38|98|142|56|46|205|74|107|89|63|74|49|52|269|44|87|60|48|53|73|43|57|42|40|115|206|48|91|39|91|43|40|34|62|43|44|29|48|33|53|38|35|27|45|49|47|25|49|43|53|48|39|47|37|32|48|26|31|51|28|42|33|34|44|29|41|29|21|36|32|52|61|30|34|33|95|33|104|185|36|57|168|63|88|45|37|21|18|19|23|28|20|27|30|35|24|44|53|28|35|54|42|43|37|40|65|37|40|35|45|67|74|65|82|116|79|92|46|47|65|44|43|32|47|148|68|86|77|42|37|38|66|28|74|38|27|33|37|50|31|48|31|56|28|48|28|31|32|62|37|37|51|32|110|27
150,Alex Vlasic,365,104|72|61|67|55|55|100|108|47|64|73|54|57|67|68|79|101|148|157|129|104|232|177|170|263|121|160|80|84|137|121|97|209|92|274|107|458|1425|653|218|101|119|93|42|60|48|69|180|194|193|143|103|95|68|64|109|106|49|38|43|29|61|87|40|87|47|56|53|51|309|201|145|102|80|76|78|63|81|47|53|46|57|72|57|68|60|48|78|80|80|72|73|55|46|46|51|67|44|35|41|60|32|36|53|36|30|33|35|35|48|34|50|31|51|37|35|36|24|39|99|59|36|41|252|124|107|54|50|48|54|50|37|55|36|42|44|40|56|64|41|67|76|137|93|51|33|36|56|50|33|56|211|89|75|77|66|69|49|54|73|59|72|43|69|86|71|114|62|66|86|86|105|224|129|186|296|254|411|135|206|103|500|111|302|113|285|89|102|128|363|76|138|187|72|322|90|300|149|237|75|175|77|203|74|412|193|124|87|79|389|82|75|673|84|98|429|159|298|357|96|252|84|235|265|89|196|292|233|108|192|106|173|103|196|217|138|103|400|103|167|180|121|107|221|80|392|195|140|91|79|307|96|67|104|281|242|87|290|122|254|139|175|264|90|121|224|123|217|139|71|240|85|71|158|64|165|81|276|106|69|370|586|103|182|91|160|105|205|306|83|95|386|103|136|81|98|92|74|74|59|95|71|47|93|100|93|155|91|87|85|273|338|138|104|107|118|88|150|110|121|232|176|228|252|172|112|306|86|81|125|76|124|79|62|189|97|158|103|178|80|81|129|83|106|125|77|119|62|132|80|206|58|122|81|373|72|69|144|129|96|74|143|61|259|87
151,Zakhar Bardakov,364,6|5|323|296|54|32|15|10|13|15|28|21|8|8|14|11|7|15|15|12|10|9|13|5|5|8|1|2|4|5|9|6|8|6|10|5|3|17|8|10|7|7|10|10|10|7|8|17|7|8|2|8|14|9|10|11|8|3|4|15|18|9|7|4|6|8|8|4|1|8|131|34|30|21|12|22|9|9|6|27|24|6|20|19|9|6|5|64|40|32|31|10|7|5|8|9|9|11|7|11|8|11|4|10|8|4|12|9|9|8|8|15|13|11|7|3|9|3|7|8|2|3|8|15|24|12|16|14|10|7|15|4|17|10|12|1|4|7|6|7|6|8|17|8|7|18|15|13|9|7|12|14|33|48|34|33|99|27|25|42|27|42|224|67|39|141|102|117|83|61|156|153|98|36|52|32|29|35|18|13|23|27|71|289|47|35|327|46|58|35|79|33|22|1061|94|51|60|27|16|23|34|35|20|20|125|80|45|90|90|67|34|28|50|37|36|35|31|21|40|61|12|42|102|57|83|40|32|31|72|42|36|40|34|30|16|34|23|47|25|28|21|20|34|23|23|16|23|40|21|32|38|22|27|32|29|54|44|91|49|33|105|32|32|90|40|69|82|53|27|62|41|85|44|96|28|37|46|16|53|21|76|67|28|33|25|36|136|46|35|32|27|37|53|24|28|29|24|25|16|31|20|32|29|25|17|27|22|31|31|68|50|39|49|49|30|30|35|28|54|53|39|79|71|93|61|26|64|20|49|26|15|29|22|18|65|30|26|62|32|32|73|23|18|9|14|19|17|13|32|8|17|23|44|41|32|20|36|22|31|15|43|42|24|50
152,Ross Colton,365,76|78|241|141|159|83|125|60|79|128|78|93|65|118|105|78|190|70|64|61|40|71|47|46|58|60|73|59|70|39|39|56|61|70|62|51|70|73|60|75|61|99|78|46|43|44|61|67|73|54|71|50|70|93|51|64|62|47|80|62|44|144|58|57|60|49|44|51|40|42|53|69|47|54|48|59|45|31|32|33|48|46|45|50|37|25|17|39|40|45|41|31|36|34|27|36|18|42|42|63|107|98|58|46|28|22|30|25|36|24|34|42|42|27|28|43|26|19|23|27|29|27|54|22|46|38|34|29|41|36|39|24|25|28|38|35|22|30|41|26|29|59|38|52|30|31|99|42|47|70|52|41|40|38|43|46|47|38|36|13|55|36|25|31|44|31|115|49|42|40|31|35|45|78|45|211|64|98|53|50|42|143|54|32|58|49|49|61|84|81|60|107|45|53|138|46|79|60|31|45|57|320|75|52|35|85|57|47|70|58|79|46|53|221|60|38|68|259|62|82|66|52|45|301|85|76|59|54|56|105|65|84|83|104|77|43|70|35|47|32|78|53|45|57|41|46|39|52|66|59|85|68|64|47|127|57|105|56|62|80|93|114|73|78|205|54|137|93|73|61|113|63|66|73|68|58|133|89|58|91|57|67|69|56|51|59|68|117|168|71|74|66|67|64|58|44|40|31|38|44|50|54|42|55|32|47|53|47|65|58|143|116|103|86|135|131|84|72|196|117|77|78|231|115|115|65|51|182|47|68|48|51|79|62|45|71|42|45|40|46|44|136|48|52|46|54|36|85|59|60|33|61|37|128|59|58|49|62|59|79|45|62|76|53|102
153,Jack Drury,365,90|146|1472|213|2490|373|1134|130|92|824|157|625|135|79|696|177|6676|486|250|172|457|177|143|152|139|127|113|88|113|52|94|120|81|138|103|103|65|113|80|120|76|136|82|57|68|65|61|65|58|57|77|42|50|70|53|54|68|46|65|74|51|80|73|40|49|30|69|48|46|66|55|69|52|57|79|65|80|74|46|61|55|49|58|66|42|49|39|41|50|54|46|41|41|52|35|47|40|29|28|24|30|24|47|38|34|35|42|37|35|40|26|48|44|45|40|56|49|64|68|62|63|51|36|48|41|52|42|48|55|60|41|42|37|36|38|37|34|58|46|32|48|39|40|43|32|41|33|48|61|46|64|55|62|81|49|50|61|56|47|54|42|38|42|42|42|46|422|76|71|46|47|45|66|302|87|293|118|186|228|95|69|62|94|61|377|74|89|618|103|332|251|174|71|67|161|130|236|195|72|71|64|205|89|59|52|931|404|117|288|82|258|81|87|134|65|79|72|327|77|277|151|68|88|174|160|192|117|123|83|150|93|114|293|190|89|59|110|61|193|100|412|77|106|168|60|53|149|85|235|86|113|68|68|67|189|98|590|121|143|156|170|503|123|85|171|55|184|148|100|79|318|91|118|159|216|88|170|120|79|195|87|151|814|328|165|110|194|286|263|109|96|245|118|315|116|95|76|62|74|54|77|79|85|86|75|77|94|96|113|93|240|189|139|127|180|291|138|157|116|129|119|138|163|284|239|110|93|118|83|130|65|55|58|586|90|200|77|157|117|56|79|103|62|349|99|67|62|464|84|154|45|866|137|197|81|84|66|143|81|230|88|153|123|75|262
154,Nazem Kadri,365,1466|388|585|513|499|439|517|435|379|578|308|348|373|352|570|273|628|447|827|611|665|503|552|917|1738|705|505|530|453|652|477|1388|1015|644|626|651|490|497|427|358|379|403|450|271|241|438|293|385|558|346|498|329|230|317|258|244|324|207|264|206|183|421|249|225|278|199|221|261|280|215|272|291|542|409|835|1256|946|711|739|636|600|415|388|312|335|269|319|367|668|729|580|411|445|377|344|360|312|214|178|227|211|186|264|222|256|156|322|209|197|136|144|182|209|179|122|145|143|216|159|355|334|231|186|142|142|130|137|112|103|156|156|158|135|134|137|103|162|136|133|140|138|142|121|127|134|128|104|123|96|124|134|141|150|163|161|150|156|192|161|164|157|177|168|154|165|172|178|311|191|437|250|325|312|364|1471|560|738|365|357|300|655|438|239|250|582|208|356|345|1554|398|527|470|867|988|853|614|645|353|332|477|334|795|8209|1925|1251|689|673|519|665|347|489|296|1907|361|333|482|427|281|298|944|625|361|346|460|340|365|389|347|312|374|372|387|285|382|242|422|336|594|271|308|605|283|289|487|258|618|315|369|296|267|712|273|183|383|766|365|480|291|490|439|372|401|400|375|402|1027|652|480|427|280|343|243|260|315|400|262|367|623|670|755|340|462|351|437|277|354|575|619|500|430|1000|1409|582|705|333|234|228|282|254|327|319|240|168|287|608|346|419|296|417|366|836|577|593|791|615|1333|1031|897|1368|853|957|1126|10648|10990|9772|5727|2193|2659|747|1352|779|624|460|1409|429|875|353|994|481|391|323|464|309|573|312|424|376|2158|389|486|348|403|312|800|300|452|462|415|261|349|283|402|669|327|513
155,Parker Kelly,365,48|39|185|52|127|37|175|35|33|417|70|175|57|31|79|54|247|35|66|23|30|30|32|37|26|28|44|53|44|32|22|19|27|30|35|87|23|45|37|48|37|35|46|38|42|37|51|21|51|28|30|25|34|14|22|28|23|16|25|33|14|30|23|46|46|25|28|27|9|23|30|31|19|25|259|77|48|36|20|42|25|27|22|18|22|18|22|31|27|17|20|21|14|26|36|22|18|29|19|16|46|56|16|23|24|15|16|33|24|21|15|19|14|20|20|27|12|12|24|12|23|19|16|20|23|24|22|15|12|11|22|32|13|15|18|18|18|18|13|23|27|18|21|22|20|15|13|26|19|18|20|41|41|38|25|33|41|40|40|25|38|26|33|27|15|28|25|35|24|22|28|34|43|87|40|62|36|42|44|41|31|31|35|22|41|27|26|39|18|64|26|33|31|26|160|32|42|37|36|26|21|32|35|25|26|1196|219|93|269|61|72|46|37|51|30|21|24|45|38|45|68|26|41|59|72|43|44|38|29|44|28|35|223|96|40|20|57|33|41|18|40|17|17|51|21|24|161|48|51|52|47|41|25|30|36|36|51|26|42|54|46|70|36|43|90|34|106|40|52|38|59|38|41|28|40|31|122|57|38|56|31|172|123|44|55|58|394|78|171|70|66|111|46|289|73|33|35|31|23|39|37|26|22|36|38|25|45|334|68|38|93|55|45|56|462|207|72|68|95|101|580|113|87|77|75|63|88|234|41|78|81|36|39|59|34|95|34|59|56|35|51|116|73|188|91|177|74|394|93|205|48|67|37|587|144|92|49|96|71|87|76|339|620|104|224
156,Joel Kiviranta,365,42|35|238|57|353|62|275|34|32|156|67|174|47|33|197|135|743|111|75|47|55|38|30|24|39|33|75|46|22|29|62|32|38|36|43|39|49|44|43|27|30|25|33|38|20|15|21|48|27|26|22|18|24|15|8|24|14|12|14|15|11|18|24|24|24|13|20|23|19|18|29|23|22|41|23|63|69|81|145|135|153|148|150|132|133|144|132|149|159|158|134|136|131|137|144|143|155|23|33|34|53|31|38|69|38|29|25|26|29|37|20|24|270|93|47|28|20|18|27|24|22|19|20|17|27|23|11|21|23|19|13|16|23|16|15|17|23|20|17|15|20|19|17|26|12|12|16|19|18|22|19|24|22|19|24|20|13|21|16|9|15|24|18|31|21|21|39|32|23|23|11|13|22|76|24|46|19|37|38|20|31|20|26|50|28|26|18|23|15|21|17|26|22|16|30|27|31|28|26|15|15|38|24|28|28|25|29|32|47|29|34|22|22|27|16|27|25|23|17|14|23|28|46|127|44|76|40|26|31|27|47|38|48|50|22|21|44|25|29|17|24|15|25|38|19|18|32|27|40|38|48|34|26|31|48|16|60|20|34|144|91|59|33|43|49|39|37|45|42|29|44|43|46|38|34|30|33|45|30|50|32|28|58|36|31|33|38|94|48|43|29|66|45|93|54|84|83|73|66|206|108|135|381|174|86|76|167|147|412|308|471|195|106|65|81|70|40|38|31|48|44|37|38|89|123|57|31|58|19|59|54|30|22|50|20|62|31|37|46|102|36|43|28|34|22|23|18|40|17|36|26|85|28|41|48|31|16|42|33|45|30|46|35|24|86
157,Gabriel Landeskog,365,1102|1462|4462|1885|8971|2307|38468|4235|2400|25598|3781|5137|1222|976|2342|1499|5041|1424|1542|847|625|528|478|438|421|428|395|407|510|601|395|375|345|287|500|314|509|498|299|461|315|419|426|277|274|317|329|302|406|250|281|256|734|913|449|388|334|260|242|420|258|473|311|321|275|215|205|274|215|257|287|224|258|217|218|213|193|196|257|324|304|275|395|515|403|325|446|408|330|407|721|390|844|369|246|269|303|250|163|124|135|129|155|160|135|129|118|148|113|123|168|203|158|115|129|138|130|177|127|126|113|109|126|126|174|128|118|96|123|161|160|148|161|136|116|139|131|116|148|89|97|160|104|139|107|118|92|114|109|121|130|120|276|327|255|194|170|461|402|207|196|189|225|200|185|215|715|382|296|230|257|318|559|2214|452|506|344|451|432|330|307|307|373|261|553|319|336|606|264|449|270|448|244|195|320|242|312|324|219|189|245|626|444|304|235|819|842|366|2306|856|679|402|424|554|300|289|248|522|285|470|503|243|309|474|469|1099|719|397|305|658|373|307|385|516|311|271|427|316|936|396|549|352|328|573|317|358|432|381|532|335|417|252|278|319|484|342|441|386|663|679|542|1287|1642|733|607|469|562|450|377|317|515|323|296|301|427|452|604|437|328|389|290|417|474|341|344|340|404|433|527|408|305|387|346|545|669|602|898|716|588|2116|1448|1330|1104|804|676|3034|3808|1355|961|770|1706|1377|790|704|715|733|470|521|442|660|483|355|392|638|739|641|420|506|306|325|361|313|232|558|281|303|201|337|570|498|366|324|224|336|239|308|241|372|229|514|385|604|378|468|255|348|247|527|314|595|260|408|358|278|426
158,Artturi Lehkonen,365,94|114|945|156|253|105|272|76|96|204|107|248|86|75|348|117|403|103|98|78|111|97|66|58|73|73|63|69|52|69|88|119|85|61|122|74|56|56|52|87|51|112|85|49|42|43|97|190|101|88|114|56|61|69|55|56|54|40|76|46|46|154|77|55|51|35|43|40|70|48|55|48|45|35|54|66|50|50|47|48|31|43|23|39|30|22|65|51|44|40|32|37|27|28|30|25|37|30|41|35|28|20|22|28|20|22|21|22|35|36|44|42|36|34|23|30|25|34|23|32|47|32|32|38|38|33|32|36|24|29|23|41|26|35|31|40|28|30|36|25|24|39|22|34|21|30|28|25|20|25|30|30|33|40|27|30|40|42|41|20|45|47|47|51|48|40|53|61|49|46|59|56|70|301|113|89|48|92|105|67|75|57|62|61|128|71|87|74|42|89|110|147|96|95|86|78|85|68|78|56|62|71|60|44|42|115|215|86|197|58|152|92|70|85|67|46|53|98|61|86|72|71|58|99|84|277|126|86|83|107|82|94|87|100|70|67|130|48|148|69|77|68|81|144|86|59|121|81|78|62|83|62|64|68|207|101|107|69|69|146|105|190|132|94|148|100|102|107|79|71|107|86|60|66|89|54|105|86|76|137|82|69|114|69|71|81|96|191|112|91|82|94|69|257|113|152|148|113|105|413|243|203|339|237|91|108|2651|1138|1247|799|821|401|188|173|237|190|135|102|87|162|93|95|122|152|132|99|79|103|56|59|77|48|48|94|84|64|66|74|87|74|81|80|85|93|55|65|66|103|67|104|77|100|103|91|68|77|69|103|64|80|48|73|94|73|108
159,Nathan MacKinnon,365,1313|1367|4226|2008|2984|1851|2427|1033|1002|3203|1237|1932|1070|1027|2502|1152|5661|2603|1681|1371|1585|1586|1676|1825|1457|1163|1006|1825|1298|1691|1387|2670|1779|1176|1435|939|942|1131|873|888|1032|995|1334|834|592|657|664|719|1418|626|1539|595|640|879|549|544|1209|531|788|685|688|1792|819|669|575|453|396|489|582|653|803|845|490|553|552|506|415|332|324|365|313|335|341|336|315|302|278|318|319|311|294|294|226|241|268|241|230|216|209|228|202|253|258|204|709|571|357|268|260|300|277|283|302|287|282|331|349|309|281|275|274|252|290|295|321|300|292|274|222|239|247|285|273|279|240|350|623|494|285|323|310|1074|303|287|286|274|268|280|254|223|289|500|358|346|363|302|374|319|380|336|315|316|289|307|328|342|392|437|568|536|467|645|791|2086|992|844|680|1092|1105|821|700|760|664|612|1212|560|547|817|560|665|651|688|501|839|832|557|655|602|514|622|630|716|598|661|718|1532|2395|1315|1750|1096|1170|781|812|884|650|825|866|1570|832|1115|1061|765|746|1086|922|1283|1123|1020|836|1647|1015|872|1529|1676|974|730|1301|820|1984|973|1358|843|833|1885|1040|902|964|797|1480|848|1131|713|681|867|1441|1082|1364|1750|2716|1803|1599|2309|1412|1230|1436|1097|1717|1331|1312|860|1559|1073|792|972|1081|1010|1394|1642|855|1096|819|1020|1344|761|952|919|1217|1196|2236|1524|988|1418|1085|1369|1352|1392|1624|2198|2249|2317|6065|7448|4698|7187|3983|2903|6850|4015|22245|13301|37887|26316|9250|4903|4003|3160|2202|1910|1877|1828|1523|1321|1341|1685|1957|1335|974|2239|1116|1224|1006|866|903|1338|796|993|787|945|1091|772|1096|1128|740|959|746|806|633|1019|733|1349|1191|1130|1092|1226|640|853|772|1365|841|1309|899|1306|1295|1125|2275
160,Martin Necas,365,164|183|655|185|541|156|620|156|139|318|157|387|210|153|819|177|2238|406|300|361|681|407|204|470|514|338|261|275|252|201|189|358|309|220|332|227|150|204|217|180|117|210|131|129|81|70|181|321|250|198|146|113|145|105|130|126|119|98|70|197|117|116|100|112|106|69|104|90|64|100|95|129|73|75|109|142|179|118|85|89|91|113|92|73|79|80|77|68|98|70|70|62|64|42|57|57|63|53|72|58|44|49|70|69|60|47|43|56|56|52|46|54|72|82|68|58|66|62|56|52|49|44|60|49|47|55|50|43|57|62|47|57|55|55|41|49|33|47|46|32|42|40|48|48|48|75|59|70|82|49|52|67|102|203|92|80|65|91|95|69|82|67|82|89|69|91|124|102|118|78|83|114|155|1006|316|345|160|472|414|295|222|167|207|154|356|137|138|390|149|389|175|166|102|130|242|1533|1369|773|254|198|182|267|160|109|99|182|194|96|320|117|849|219|160|334|131|154|125|408|193|221|169|121|122|245|199|321|241|172|164|167|126|159|245|269|159|122|219|131|231|207|206|126|152|326|172|158|334|199|338|168|182|135|87|144|544|171|350|204|301|277|270|508|238|280|310|174|307|250|193|181|817|217|229|177|345|106|405|416|252|246|173|224|310|130|171|154|183|161|151|109|126|163|152|172|215|228|159|155|153|262|932|580|290|764|446|1719|3430|1106|645|389|687|467|280|204|326|598|210|210|156|278|260|168|165|596|416|216|140|412|147|334|191|154|124|212|100|199|109|311|222|165|163|326|126|147|111|134|113|195|137|261|123|580|280|255|106|244|154|445|176|262|171|294|687|247|314
161,Brock Nelson,365,145|155|667|170|537|185|756|124|106|711|166|415|155|126|522|171|1013|268|320|215|222|156|127|106|136|134|138|141|146|116|159|193|249|206|215|149|141|144|177|128|298|545|349|147|148|118|137|1770|836|300|211|135|183|230|142|123|115|115|99|84|90|87|82|97|87|63|119|89|87|101|183|253|113|136|137|107|129|86|72|74|68|79|100|83|82|40|57|59|65|56|84|52|71|61|75|61|52|55|60|61|39|50|47|65|55|53|47|45|47|46|50|78|53|57|54|40|38|41|38|46|70|31|64|151|138|72|90|53|42|54|81|70|65|65|60|40|70|79|160|153|106|91|81|92|95|62|55|66|36|61|83|82|72|87|88|69|85|110|67|79|96|100|102|90|101|84|114|89|105|112|84|131|158|395|165|250|128|206|186|146|203|109|254|145|343|72|95|196|91|201|139|228|124|116|197|110|298|190|90|95|69|179|111|73|118|207|182|116|181|87|267|147|197|630|117|137|80|576|132|147|134|93|92|151|236|1165|701|182|123|506|413|1759|405|291|140|97|272|128|511|155|181|100|107|276|152|178|204|359|1202|243|219|179|122|102|237|128|922|357|410|3467|2712|2677|717|422|527|248|616|325|273|204|734|275|321|259|1318|215|612|329|193|473|173|267|2138|1014|442|374|421|630|663|471|354|530|519|742|614|665|534|508|582|560|23264|11745|7523|4800|1576|858|2207|1316|2783|3450|87598|28297|15409|14726|5731|3046|1729|1246|928|749|738|689|668|1068|1222|509|347|577|261|327|339|260|296|584|300|417|245|484|391|282|252|235|238|283|207|282|158|323|156|207|141|511|224|370|177|172|173|216|144|369|282|701|240|218|1634
162,Valeri Nichushkin,365,217|301|1029|204|652|202|5560|462|200|664|189|389|123|112|1695|385|1429|259|232|138|228|128|120|90|112|152|100|95|102|76|88|96|91|132|121|107|73|102|98|107|65|122|106|61|64|59|116|115|149|129|85|56|65|84|64|58|72|43|59|51|39|128|85|53|75|53|55|41|62|56|77|46|72|57|108|64|63|80|158|178|158|157|149|165|157|143|141|170|147|156|167|136|140|144|168|187|171|156|64|49|35|35|39|51|36|28|35|21|38|40|41|58|39|38|27|35|31|47|44|48|44|32|37|40|39|41|35|31|38|44|29|42|39|30|39|36|36|37|32|27|46|49|44|53|45|36|40|37|47|27|44|44|53|43|42|67|32|66|55|64|71|38|72|91|62|91|93|79|86|90|110|121|144|287|105|118|71|194|161|91|86|94|170|88|151|48|62|125|87|347|131|189|108|67|106|68|93|99|54|54|61|121|91|59|65|119|189|68|209|128|142|77|82|116|82|74|80|109|75|122|152|74|89|123|89|144|112|95|121|231|88|135|152|204|97|53|138|62|136|76|244|81|80|158|77|62|145|124|181|133|182|149|74|119|150|140|157|96|663|216|167|223|120|119|149|74|153|122|84|60|159|82|76|81|114|63|126|509|176|120|100|124|137|66|57|86|175|157|150|84|91|239|80|175|93|60|75|53|61|67|97|86|70|89|66|91|130|95|113|124|164|151|92|110|138|144|83|100|77|111|319|299|254|973|347|151|108|292|82|165|106|73|63|134|77|300|109|180|101|67|60|123|83|88|47|98|51|106|81|100|48|157|104|96|85|314|80|130|60|140|69|231|130|89|196
163,Logan O'Connor,365,105|81|274|100|1151|174|289|45|62|1575|230|216|57|52|172|82|1099|126|72|44|48|49|52|41|37|32|43|34|36|42|26|36|50|18|43|35|39|67|51|30|28|42|34|29|35|35|48|34|50|102|95|67|54|35|36|32|27|19|27|38|16|60|50|26|33|31|124|146|52|39|38|41|35|26|30|46|40|34|27|30|28|29|28|27|26|25|14|75|17|33|36|30|24|36|21|24|33|16|32|23|10|19|15|25|27|22|25|27|24|14|27|23|23|20|13|18|18|26|39|28|16|17|20|27|47|22|31|48|42|73|31|47|50|20|23|20|42|23|43|25|40|22|26|25|27|19|26|10|24|18|42|25|35|38|20|25|36|26|31|19|20|26|33|39|29|26|34|33|50|25|18|33|52|89|43|73|37|42|33|24|23|42|35|17|50|27|29|58|19|55|46|50|37|28|50|25|72|62|24|35|41|76|35|20|44|87|125|52|82|50|56|37|31|56|39|29|40|123|78|53|58|38|37|64|60|38|54|32|30|57|48|60|55|47|26|32|50|18|60|35|48|20|39|57|30|36|56|36|39|37|44|37|32|45|64|38|58|43|86|80|52|70|50|36|41|27|50|53|69|33|51|26|32|33|51|40|36|37|35|37|45|46|29|30|48|22|29|41|54|51|41|63|37|54|38|29|33|42|30|36|41|30|44|46|36|31|37|30|43|46|113|63|81|102|93|62|36|48|43|58|87|76|100|157|95|60|73|75|45|58|54|48|57|51|37|55|34|63|41|32|360|307|74|120|57|111|53|86|25|147|40|80|40|92|46|74|44|153|80|241|72|58|310|77|114
164,Nicolas Roy,365,53|56|60|491|93|193|85|183|1092|295|95|54|412|100|394|50|62|58|61|1006|108|5186|1432|2359|248|456|160|1071|195|79|63|50|59|46|54|37|35|60|28|47|54|72|70|71|44|64|47|43|43|39|35|34|49|32|32|32|29|35|34|28|20|75|47|35|16|27|42|35|40|47|50|6610|3365|18350|23045|5567|1990|1065|650|469|491|361|312|213|189|165|137|168|190|150|183|222|160|170|141|110|113|116|95|102|109|99|93|102|94|82|75|78|93|78|92|173|284|116|77|92|117|98|159|158|103|103|72|75|92|133|117|87|90|79|82|82|107|189|196|119|111|121|110|97|92|77|98|109|112|169|85|79|68|93|181|309|237|250|228|198|177|200|206|192|175|280|602|1375|158|130|164|190|309|186|175|181|264|890|1230|266|2214|1752|607|384|500|193|463|328|590|144|178|265|130|117|434|186|77|119|174|170|130|280|209|126|276|106|353|101|85|576|386|125|477|115|286|74|508|135|145|197|144|145|102|212|113|85|153|479|200|212|1026|119|78|739|127|310|127|571|123|241|114|97|186|115|302|81|80|140|122|190|97|584|234|195|165|84|89|91|314|397|148|1187|129|341|137|809|128|104|504|126|589|133|340|109|324|159|242|1448|143|220|111|261|99|831|208|551|265|131|111|206|99|145|81|389|161|138|289|99|71|127|133|103|101|70|120|80|87|96|71|55|494|308|140|105|240|129|125|102|170|145|121|179|114|481|359|13581|5729|3167|3402|1222|470|1007|234|1431|397|239|174|1106|141|323|111|254|703|292|121|133|127|100|92|123|114|255|131|128|97|118|123|182|107|171|109|287|75|409|123|386|248|166|362
165,Jack Ahcan,365,8|11|11|13|13|8|12|12|19|22|19|10|12|8|19|13|15|14|12|15|3|7|13|11|10|12|13|3|10|8|10|10|3|9|5|10|10|30|13|11|6|20|20|11|22|26|14|10|10|16|16|13|13|13|15|16|14|11|7|13|6|24|12|14|8|13|16|9|15|10|9|14|20|20|73|48|35|35|13|22|20|17|13|16|11|4|7|7|8|21|8|10|7|6|14|21|9|7|12|9|10|5|8|8|13|9|13|7|10|15|11|8|15|14|8|7|6|10|9|6|14|14|15|13|5|8|9|9|6|5|10|5|14|5|9|4|17|8|10|10|11|12|8|7|8|5|4|11|11|16|13|12|11|14|10|16|16|40|13|19|10|15|21|36|23|14|123|63|11|29|31|35|104|77|60|16|19|63|42|33|18|21|26|46|36|11|21|7|16|16|37|106|20|43|311|65|75|26|18|12|30|79|25|24|41|148|168|38|205|67|80|67|92|70|71|71|69|15|15|22|17|11|6|22|19|18|23|18|10|17|13|10|16|17|11|14|13|11|19|18|18|24|15|23|23|31|17|28|26|15|23|12|43|17|23|17|10|26|23|25|20|18|14|21|19|14|16|20|25|13|11|26|22|14|22|23|13|22|53|218|31|130|236|70|25|30|27|23|25|23|19|18|15|15|11|14|18|12|12|6|11|9|19|24|13|19|10|7|16|20|36|15|29|17|20|15|22|28|18|20|15|13|23|15|25|27|26|15|18|22|18|8|14|14|23|11|12|15|20|11|15|14|19|13|18|12|10|20|15|13|7|19|15|11|4|19|14|12|21|41|39|123|139|39|44
166,Nick Blankenburg,365,33|17|19|20|21|30|24|24|20|21|16|21|25|25|18|19|23|26|17|23|25|20|21|19|20|15|21|16|11|17|19|17|15|22|15|18|21|26|18|33|18|25|22|23|20|12|15|32|35|18|23|27|23|18|21|18|28|17|15|19|19|25|31|17|15|20|18|24|14|19|19|26|19|33|29|29|14|12|15|16|21|18|12|16|21|22|16|14|23|33|24|21|22|13|15|17|17|16|19|39|10|17|12|14|13|16|15|15|13|26|15|23|21|17|16|14|13|12|13|13|14|15|11|11|19|17|11|12|17|24|20|8|17|18|14|22|16|17|13|15|13|24|16|26|21|12|12|22|17|15|23|19|19|20|21|14|20|23|18|15|15|17|18|20|23|13|12|33|23|14|22|16|24|26|18|48|26|29|24|23|23|39|22|29|25|26|23|28|23|26|28|29|21|18|23|33|44|37|32|21|100|57|31|41|55|66|77|56|40|33|95|33|39|32|29|23|20|22|30|21|22|43|37|484|42|78|194|83|74|70|38|49|31|35|32|20|70|26|83|51|41|32|26|28|30|22|28|54|30|27|70|19|34|24|42|26|33|26|33|41|37|122|25|31|89|28|41|87|81|66|42|66|33|46|43|34|32|20|38|38|41|34|28|28|32|85|27|49|28|37|36|39|38|81|39|28|30|50|47|26|25|26|26|35|26|23|29|28|34|23|91|66|39|35|32|44|51|90|104|52|83|2238|423|238|203|97|110|82|58|150|86|56|34|114|40|54|41|56|45|35|32|36|44|35|37|36|40|51|52|148|26|137|69|196|49|125|44|142|41|635|63|162|113|53|650
167,Brent Burns,365,532|360|1349|615|910|956|561|378|1154|1073|482|409|1305|409|975|755|538|607|892|2803|841|1976|1400|1232|611|1436|414|611|2291|463|426|650|879|1788|447|1862|496|2484|504|3369|879|4612|818|605|412|396|513|454|402|287|394|224|215|285|198|195|264|214|298|174|208|324|260|253|242|219|347|241|259|286|285|299|236|323|859|736|10392|2622|1371|1203|1174|632|442|354|396|268|240|235|270|243|245|196|188|196|187|254|207|191|196|173|163|197|196|211|231|188|157|152|196|231|336|272|246|231|243|209|203|175|157|175|186|149|126|283|304|285|229|163|221|268|212|249|299|222|209|130|238|196|162|184|157|143|142|192|159|196|172|193|224|185|223|227|260|382|429|276|281|284|726|482|452|348|440|1085|389|359|383|560|2334|448|304|340|512|2812|618|1499|1236|3662|1265|639|919|464|688|346|1114|297|437|1010|417|2205|740|690|397|354|573|309|1160|1433|437|323|306|712|448|430|394|2277|1056|673|1260|567|618|461|513|1055|431|461|436|667|446|1424|877|408|369|1104|890|1444|879|320|353|660|396|485|617|1138|728|439|857|352|975|519|781|421|376|968|613|1114|956|739|1213|387|669|363|284|311|641|334|698|492|880|691|541|1365|514|403|681|394|988|965|974|487|1219|479|314|590|1017|385|821|527|369|502|389|522|1422|433|365|406|1092|876|1913|842|403|552|333|1355|543|320|300|251|262|292|387|353|344|356|321|272|454|312|388|377|875|517|458|365|594|992|415|567|372|580|489|351|486|693|1064|1012|1281|944|428|806|1541|1276|631|1454|425|726|351|558|743|364|372|541|303|416|284|489|296|544|288|1083|887|3151|2314|4708|1010|827|544|710|429|938|474|792|691|466|1136
168,Brett Kulak,365,53|56|108|284|1089|200|238|63|300|61|228|64|139|72|251|75|61|84|55|213|69|267|71|225|63|270|97|397|99|44|74|90|61|70|819|76|2865|662|322|190|476|157|680|151|128|76|142|192|871|230|1181|224|157|362|126|114|772|190|331|72|93|438|112|95|69|80|59|61|52|51|89|57|37|43|53|60|60|38|26|39|32|32|28|31|30|24|24|21|23|21|31|21|27|28|33|24|24|17|19|33|22|13|22|29|26|22|28|22|32|24|24|17|17|24|23|10|27|28|28|41|28|26|32|15|24|43|17|22|25|26|14|38|31|23|18|27|19|28|32|26|21|25|20|37|16|13|29|19|23|26|28|28|39|30|21|23|27|38|30|13|31|37|58|18|29|47|28|49|30|54|34|26|44|86|173|36|45|203|42|50|67|36|45|60|61|46|32|56|50|131|58|65|69|35|47|18|48|35|47|28|49|47|32|26|24|55|40|61|36|59|55|41|72|41|52|37|77|47|29|87|24|28|59|36|58|77|29|65|78|75|36|58|53|102|32|29|33|29|6030|2574|1305|499|492|891|209|201|113|222|227|286|148|80|85|86|69|93|79|229|80|150|152|103|62|129|136|122|171|98|109|64|72|107|66|123|70|129|276|308|109|161|694|157|89|116|93|82|79|110|106|102|88|65|109|48|51|50|47|40|38|41|51|35|32|44|38|28|40|35|57|56|67|74|6171|2274|1415|726|353|289|229|325|279|233|236|202|410|281|177|593|94|136|107|112|85|190|70|129|64|85|131|73|99|150|61|82|82|101|68|124|89|107|70|204|84|118|98|107|66|125|81|109|73|456|160|93|174
169,Cale Makar,365,806|752|2255|1063|1830|1014|1859|691|745|1735|838|1548|1000|913|1622|786|4353|1117|1054|778|835|755|713|822|765|657|687|779|624|517|654|846|614|518|614|507|466|521|486|478|504|492|597|448|398|389|477|459|743|400|697|411|488|644|2558|2002|1133|520|671|758|627|1357|578|550|440|348|460|443|365|437|508|826|521|527|549|433|558|385|373|325|339|370|533|424|309|259|234|242|211|254|286|227|188|205|195|217|206|235|238|209|218|218|208|208|243|221|196|191|245|260|256|264|354|309|282|264|232|225|313|225|247|232|226|290|261|238|268|213|233|327|301|247|279|275|207|262|217|208|214|245|248|322|244|282|229|248|207|238|235|261|249|403|354|308|301|253|280|317|301|283|288|317|300|358|437|416|461|435|400|439|416|496|571|1021|554|679|442|673|621|616|505|555|738|543|985|422|458|882|480|575|606|696|420|414|662|648|720|2064|1236|772|577|667|506|547|655|2066|1080|596|941|692|1215|691|696|1267|548|555|485|1105|684|739|1093|676|613|851|815|1119|685|660|682|821|537|526|878|778|481|475|875|533|738|1583|1067|885|731|1162|662|653|604|663|1195|656|760|476|525|725|772|676|865|1476|1676|1364|1402|1444|1182|1013|1353|814|1069|919|800|762|1662|773|640|665|750|608|774|771|956|973|637|1419|2033|667|603|651|1565|932|1118|717|623|1151|734|1103|885|980|2310|1826|1433|1639|4688|4276|2463|9490|2652|1657|4454|2574|6595|3767|66084|11033|4929|2874|2348|2483|1871|1725|1330|1155|1245|935|1035|1128|1222|1043|802|1156|715|865|826|728|721|946|643|1175|729|914|824|655|669|669|611|712|725|1506|1173|1076|700|806|603|736|702|743|495|570|540|846|687|824|606|824|903|640|990
170,Sam Malinski,365,32|42|62|26|41|33|345|37|37|174|45|190|35|22|139|34|581|40|38|24|13|33|15|13|20|23|22|25|10|12|23|18|32|22|26|24|15|15|15|28|12|19|22|25|10|22|20|28|32|26|20|28|26|22|25|21|25|13|15|30|15|26|22|19|22|12|12|20|17|24|15|32|26|102|89|44|44|21|29|31|23|19|20|25|26|7|15|19|18|20|14|17|17|27|14|28|14|23|14|23|22|16|20|23|29|21|18|11|17|12|16|41|17|16|15|10|26|12|14|14|12|9|12|19|15|18|16|14|13|14|14|15|13|13|12|17|6|21|24|7|13|17|18|22|18|5|7|15|16|10|16|18|21|17|21|26|20|22|21|7|10|24|13|18|22|30|81|44|34|24|16|18|34|809|76|88|36|138|53|32|31|28|90|27|74|30|25|37|32|54|46|55|24|26|86|71|103|94|37|39|36|78|43|30|25|64|76|24|103|55|72|94|81|122|39|33|30|132|89|60|76|57|49|361|216|169|64|56|51|252|44|82|165|143|42|32|54|28|314|77|196|56|80|134|39|47|81|66|250|78|57|45|31|41|368|108|197|71|111|78|59|128|42|54|104|51|76|92|64|44|89|34|60|59|83|27|106|60|51|167|92|105|144|46|635|446|333|288|271|114|115|137|73|210|64|58|38|38|41|39|69|58|48|35|38|67|55|53|59|63|132|82|109|125|130|123|75|104|55|78|81|66|54|79|124|83|46|113|35|70|54|41|35|93|31|81|39|181|96|47|131|160|53|74|58|91|49|206|95|433|80|207|109|354|89|115|54|139|136|153|44|409|167|71|170
171,Josh Manson,365,48|51|758|110|194|83|199|40|54|297|89|203|50|55|347|89|3191|166|85|83|72|75|52|78|84|88|68|68|48|49|43|46|35|40|54|50|63|39|57|62|51|31|66|55|22|56|37|55|46|33|60|35|58|58|35|43|45|54|30|39|25|52|51|37|70|63|40|32|37|41|37|48|36|27|61|50|58|37|37|34|27|33|26|160|298|78|60|52|29|32|37|34|36|26|37|24|31|20|28|17|24|26|22|28|20|30|30|20|33|217|216|121|93|83|45|43|27|29|26|30|17|27|37|27|31|23|28|23|29|26|19|33|13|18|30|31|23|17|25|26|25|32|18|36|31|15|23|19|27|30|34|41|50|31|43|48|34|49|35|30|35|33|32|39|124|29|41|40|39|26|24|20|54|794|157|166|61|96|65|51|47|38|76|47|335|75|54|66|40|70|73|52|28|21|54|40|79|87|40|44|38|582|87|79|61|130|115|46|129|34|85|33|92|266|96|52|47|58|42|58|242|60|52|224|96|71|66|53|39|61|75|83|83|89|63|38|78|47|78|76|81|42|47|259|102|59|428|103|88|75|135|68|66|60|96|99|94|60|148|90|99|124|80|75|96|70|2177|483|148|108|134|81|64|63|97|58|145|89|56|216|68|94|155|46|81|76|108|471|267|164|863|456|214|273|168|105|90|135|90|100|149|93|85|114|106|112|103|90|175|157|182|144|145|127|176|144|116|141|95|148|135|93|133|152|134|92|90|279|88|57|103|48|61|88|60|121|70|132|81|68|59|85|75|673|193|210|69|101|75|178|67|111|97|111|67|65|51|105|55|121|88|57|90|88|85
172,Devon Toews,365,143|139|2246|238|704|209|1032|138|120|661|180|454|129|121|771|175|1930|213|170|125|175|158|128|97|127|172|132|132|103|111|147|122|86|113|95|106|96|110|109|104|103|249|319|153|144|117|126|135|163|97|122|85|104|105|139|140|144|94|120|152|125|173|148|746|410|243|211|154|110|114|227|148|89|117|113|125|168|192|361|222|161|114|84|83|66|48|51|67|74|89|69|65|55|52|60|57|40|41|53|49|49|43|48|67|45|48|57|38|70|61|61|64|61|67|39|60|49|58|69|54|66|57|45|113|97|253|235|129|74|131|89|88|56|77|65|62|57|53|125|110|87|91|55|92|73|54|57|109|89|67|44|64|72|71|80|67|76|73|64|151|101|90|72|88|95|78|102|93|68|85|79|88|125|297|124|385|188|205|185|154|83|130|128|121|223|105|238|307|106|195|215|149|97|80|207|125|200|162|83|99|92|157|98|99|120|394|317|132|336|137|202|115|127|327|106|145|120|193|159|230|434|125|118|242|188|489|219|153|144|302|240|285|198|210|106|86|254|128|206|114|186|97|108|205|160|124|438|171|226|136|203|135|104|108|207|113|257|2200|3722|2031|878|674|407|272|347|226|276|254|210|153|177|198|128|205|152|184|191|525|197|186|213|204|215|150|194|154|162|304|246|212|243|495|302|470|488|685|747|810|737|825|2413|2149|1144|5830|1291|682|3205|1387|3970|1566|30410|7815|2386|1554|977|755|503|533|289|440|319|208|248|315|387|207|144|235|144|196|295|157|126|198|161|261|151|222|188|114|137|149|118|305|182|290|109|150|122|205|85|391|134|212|149|170|106|192|108|633|148|260|129|117|236
173,Charlie Coyle,365,251|263|1550|331|872|239|556|167|187|563|186|721|297|182|364|188|1469|221|213|128|155|153|171|130|167|113|114|84|134|88|176|159|116|140|127|113|135|161|128|129|107|133|133|108|83|99|109|129|172|155|236|152|160|118|127|135|143|122|133|113|99|137|217|201|145|121|138|136|145|174|3143|1695|480|415|383|297|304|204|184|202|216|190|150|111|136|127|122|168|185|138|103|96|102|160|110|96|83|78|88|127|132|111|77|95|109|94|99|100|105|119|96|113|119|82|105|100|93|84|79|94|62|75|58|93|117|102|98|85|83|72|74|89|97|111|102|121|111|91|112|122|67|94|65|79|82|90|76|88|76|70|95|107|489|607|504|241|194|214|193|238|201|135|102|145|118|190|200|161|151|150|130|145|230|511|477|447|194|830|350|358|178|202|209|118|748|159|198|530|152|200|546|312|124|152|281|667|203|207|277|191|112|162|140|160|127|294|357|361|493|181|634|139|346|176|418|217|154|354|233|158|148|160|112|365|194|397|214|103|280|177|110|231|225|187|143|93|196|101|220|161|369|256|121|399|203|724|149|245|131|161|174|133|105|299|345|171|251|176|249|190|255|215|132|164|269|141|202|367|200|189|144|367|152|558|160|419|157|129|187|662|2366|381|655|235|235|230|1219|426|1985|391|378|194|290|375|181|150|135|114|138|124|151|158|177|153|138|109|162|158|179|123|494|303|238|206|315|1345|316|212|276|373|317|229|329|201|333|255|179|242|156|190|167|153|228|200|563|192|285|209|167|196|201|187|192|180|224|902|586|158|190|152|126|129|175|122|121|180|122|133|203|760|376|188|285|194|211
174,Adam Fantilli,365,425|179|216|158|137|151|140|128|127|117|102|100|98|147|177|158|159|322|365|259|273|337|329|380|229|232|213|191|175|197|185|350|352|229|269|167|167|163|164|168|118|142|112|124|87|106|126|116|145|109|133|98|101|150|115|104|113|79|98|80|93|137|123|97|93|121|146|156|123|174|253|416|219|252|184|177|162|134|105|175|130|155|550|266|137|84|89|128|117|117|120|176|120|133|118|80|56|57|79|50|72|74|68|77|78|70|69|68|85|81|91|84|69|74|66|79|63|54|64|39|65|47|65|74|74|73|67|76|55|51|72|83|88|62|62|79|71|74|68|85|98|84|96|102|116|86|103|104|77|66|93|91|68|96|74|72|72|101|204|123|112|92|96|95|103|101|109|95|174|168|182|142|182|180|161|188|147|231|196|191|162|217|186|156|178|209|146|288|131|284|205|152|169|125|327|217|274|321|198|189|136|147|264|221|399|716|444|546|408|276|412|206|223|147|430|371|317|3698|658|278|271|219|202|1030|150|232|192|202|334|204|189|480|376|217|229|140|233|192|222|181|202|153|166|513|226|315|158|147|136|192|163|184|162|211|245|210|285|296|327|269|294|275|293|225|333|366|298|236|215|170|189|215|176|314|245|186|152|176|201|223|197|226|252|200|165|232|331|242|372|219|186|239|205|260|155|324|230|132|172|202|351|362|370|550|438|309|436|314|425|403|1235|874|497|336|345|627|312|463|411|431|378|244|301|204|243|206|164|211|217|329|272|296|190|163|183|189|284|194|548|206|151|180|187|359|213|436|255|167|201|248|214|178|207|150|213|512|218|1177|349|431|383|210|299|200|255
175,Conor Garland,365,95|110|93|86|100|112|137|148|160|91|120|230|151|112|117|96|109|142|150|217|212|242|135|201|177|146|225|111|126|319|276|157|341|128|730|218|749|1035|661|265|171|133|509|192|97|111|85|89|107|91|100|82|71|90|80|72|88|61|77|63|44|111|97|61|61|57|61|58|93|110|855|257|135|116|640|475|205|123|111|85|102|69|57|68|54|62|68|46|57|60|74|61|66|37|46|53|52|51|51|60|45|48|43|44|60|62|67|44|43|55|58|56|56|49|39|45|46|41|48|71|76|47|49|119|144|65|51|73|57|58|45|51|50|64|46|44|45|40|44|44|41|49|40|45|123|41|53|47|65|52|37|52|61|46|78|59|84|55|50|49|61|159|126|64|98|59|78|126|103|502|94|77|83|78|75|298|101|240|68|139|99|100|333|295|293|629|294|242|127|139|121|247|343|105|168|72|96|56|62|72|182|80|138|91|57|205|260|87|272|79|71|252|169|194|102|59|66|134|114|108|175|138|112|253|150|166|143|137|156|114|93|81|175|133|93|129|104|96|116|250|382|307|290|261|141|282|312|446|117|158|98|75|83|69|286|92|674|318|137|146|141|135|76|93|95|94|100|96|132|111|588|214|139|211|148|2033|526|293|124|230|115|140|113|139|100|176|121|164|144|311|112|299|204|175|100|71|92|94|91|70|220|93|76|82|82|92|107|104|103|107|288|244|165|177|208|148|120|188|171|889|1358|518|6675|1493|992|794|494|1203|323|202|161|256|133|95|191|156|269|168|141|114|106|175|127|111|96|328|159|99|99|116|116|97|123|102|131|166|101|130|102|183|130|101|196|100|193
176,Danton Heinen,365,192|64|45|53|40|32|58|35|47|50|54|31|37|30|47|35|29|42|36|179|115|71|49|49|55|49|50|44|29|32|28|26|32|32|43|48|54|68|72|65|54|45|46|43|29|19|35|29|50|34|37|45|46|39|41|40|32|34|45|34|31|46|38|33|34|13|52|56|44|59|57|86|57|49|42|73|64|36|63|47|48|35|37|22|29|27|25|39|29|31|37|37|22|21|35|36|24|26|27|41|27|20|19|29|32|26|35|16|27|31|17|25|34|31|23|29|18|31|32|32|26|21|24|24|32|26|14|30|24|21|19|32|23|31|18|21|23|25|32|26|23|18|22|23|26|15|24|23|24|33|37|29|31|39|37|31|39|61|61|47|39|24|58|42|31|59|39|232|176|92|51|33|68|102|89|88|58|89|31|42|31|32|45|58|90|56|75|96|72|63|63|81|78|78|99|83|66|57|57|30|67|126|75|163|74|97|57|36|55|62|65|46|113|58|43|62|53|45|64|57|34|34|37|117|27|46|77|43|39|31|34|34|25|47|30|51|79|36|57|59|39|38|39|155|54|72|52|50|29|42|26|36|50|28|135|1841|1343|310|149|145|234|176|115|83|81|52|51|78|93|64|77|61|41|137|48|298|72|72|70|103|121|74|189|69|44|56|30|127|49|70|55|95|156|289|58|42|38|50|64|45|42|54|35|39|42|30|30|26|38|36|38|45|66|53|50|118|53|90|75|76|67|47|76|55|80|72|49|71|56|40|39|76|39|56|273|58|66|143|102|63|64|50|46|91|39|73|41|65|104|48|67|52|78|46|81|93|41|119|52|101|130|52|97|43|41
177,Boone Jenner,365,193|97|129|92|100|98|169|97|95|144|104|74|79|72|95|86|92|111|113|96|79|111|67|104|80|88|67|66|70|116|96|78|88|103|112|100|105|115|139|93|77|123|103|87|73|71|75|84|95|97|94|83|110|87|65|58|102|58|97|70|46|80|70|66|67|62|63|60|49|67|57|110|63|74|94|73|75|69|72|82|72|53|41|52|79|60|58|43|52|53|52|52|54|38|45|53|47|51|61|43|53|31|46|53|36|49|42|46|52|63|44|38|74|73|84|64|67|50|60|50|56|37|34|41|38|47|42|28|41|46|43|55|34|64|51|61|54|53|64|41|55|54|42|80|71|41|45|55|47|45|55|61|43|51|58|72|57|78|73|78|84|88|123|87|58|98|106|74|136|201|439|158|189|175|147|174|128|244|244|268|149|152|156|128|143|90|86|196|84|114|159|138|62|100|139|168|74|86|142|114|70|77|139|87|74|162|84|295|139|113|153|97|128|72|139|165|153|204|130|116|118|89|73|199|84|114|69|89|116|92|80|87|83|77|63|60|76|88|142|72|115|88|81|178|106|138|87|143|79|130|92|86|74|120|146|146|288|102|147|142|175|215|170|169|209|197|267|232|166|129|147|387|186|233|123|143|241|158|193|130|191|120|209|119|108|104|182|149|205|170|114|143|201|183|100|332|135|158|247|117|167|100|264|142|214|108|123|318|193|131|884|655|257|186|170|228|128|181|123|210|168|110|267|108|175|115|92|133|91|112|111|137|63|85|130|95|279|138|127|116|101|103|132|263|113|395|180|88|111|89|82|83|174|74|96|132|126|119|251|405|142|134|614|271|128
178,Kent Johnson,365,85|57|71|45|50|51|51|54|60|56|64|55|55|79|92|71|93|161|161|155|145|161|196|1885|304|213|143|131|103|156|157|300|247|129|181|91|78|96|91|74|54|91|57|47|71|44|40|42|54|35|43|45|53|39|48|45|51|38|38|42|32|30|38|46|46|169|83|83|81|88|351|118|61|94|83|110|91|94|53|67|96|131|56|60|45|31|39|52|42|48|56|91|86|76|69|42|37|49|40|39|25|36|44|30|47|38|116|42|41|33|24|38|43|23|50|39|34|40|39|40|40|25|41|24|26|40|50|44|34|33|48|33|37|33|25|33|40|33|33|33|28|45|49|68|217|41|25|35|40|45|47|50|44|39|83|51|40|54|60|38|63|55|54|63|53|65|46|68|56|66|70|60|77|73|69|66|67|89|75|75|68|75|60|101|103|76|60|80|48|55|81|87|68|73|74|82|47|46|49|52|50|49|88|76|69|249|83|131|66|59|77|66|69|55|189|101|72|103|100|64|61|61|60|102|49|58|52|118|131|117|73|178|79|79|68|59|88|63|71|90|71|106|214|133|100|85|84|85|69|69|74|127|75|82|95|98|111|90|103|114|149|128|109|100|117|68|87|84|88|68|101|117|77|276|77|68|53|58|77|87|126|75|95|65|62|60|94|71|118|123|76|78|108|92|62|95|71|58|110|82|108|78|77|95|71|84|102|119|131|129|297|193|132|97|80|114|458|322|154|164|139|121|301|71|107|79|92|147|67|87|53|80|57|59|67|67|68|95|89|66|78|79|76|114|115|90|61|54|69|50|67|47|43|59|65|133|55|65|49|86|65|70|130|112|93
179,Isac Lundeström,365,45|23|17|25|28|26|15|18|42|24|23|16|20|19|13|47|34|49|36|38|38|71|85|44|67|26|59|40|46|51|28|29|46|23|90|38|46|76|38|22|17|18|21|13|9|8|18|12|10|14|17|19|17|14|18|16|27|17|16|9|13|18|21|21|26|21|34|18|24|30|20|40|33|98|653|328|92|73|40|38|47|52|41|27|18|31|24|23|43|54|27|30|21|16|29|41|11|28|16|15|15|25|16|28|14|19|31|18|18|20|28|11|16|16|18|30|14|16|12|18|17|10|15|15|6|15|10|13|13|11|15|18|13|14|19|15|20|15|20|15|13|12|10|17|21|17|19|10|12|8|16|20|18|18|21|25|22|50|49|23|25|20|24|33|29|41|25|32|21|27|25|59|69|47|52|79|26|64|42|51|34|39|38|33|38|23|21|51|22|35|34|31|14|33|65|65|26|45|56|43|21|50|45|61|35|33|55|41|53|16|43|29|20|39|64|31|36|28|39|24|29|26|34|40|21|41|29|22|37|21|33|26|64|43|38|24|34|21|29|32|43|23|35|47|21|27|21|59|27|19|16|26|26|25|28|26|33|33|22|34|25|38|34|41|31|20|21|34|29|24|35|28|23|28|16|15|21|21|37|36|41|29|50|26|23|26|30|33|44|108|47|32|70|82|49|36|34|26|35|30|44|21|25|13|19|32|63|36|19|24|46|37|38|30|31|27|60|38|37|28|17|43|40|41|32|38|27|31|17|24|19|37|19|23|30|77|75|46|46|34|39|41|20|29|18|29|16|19|21|33|18|30|38|18|33|24|15|46|16|50|41|25|56|24|25
180,Kirill Marchenko,365,134|90|80|60|53|38|56|42|33|36|51|40|34|34|38|38|53|38|42|53|45|24|32|41|32|47|42|30|40|37|40|32|27|36|32|38|58|51|44|56|40|43|39|34|38|40|47|35|44|27|34|22|40|34|30|54|28|30|30|34|24|48|44|42|36|58|56|47|34|39|53|67|57|83|68|64|69|36|45|55|50|57|43|35|36|26|48|34|43|39|52|37|39|38|41|31|27|36|34|28|25|22|19|19|34|39|28|45|46|36|25|55|45|55|49|28|36|35|26|28|29|34|24|21|25|24|36|29|24|22|87|53|36|41|43|43|37|27|36|36|34|29|41|33|34|33|42|30|34|29|39|37|32|35|38|24|50|56|47|45|35|43|58|62|64|71|76|69|55|95|80|79|101|69|79|106|66|682|203|556|108|137|117|72|185|63|61|122|62|65|104|96|47|94|150|136|45|69|99|44|39|53|177|45|38|289|67|233|119|58|147|71|231|66|559|142|69|185|126|58|54|48|53|67|51|57|52|51|65|31|52|288|138|61|71|63|53|46|89|52|56|52|50|82|63|93|43|58|51|120|44|81|34|39|107|213|125|74|86|55|75|114|78|82|102|71|75|82|56|65|66|74|76|276|47|173|52|41|68|69|92|42|89|53|38|49|162|60|121|91|72|44|88|73|49|47|40|44|42|38|57|36|39|49|47|35|44|43|27|37|102|83|57|53|47|160|42|80|54|399|101|73|95|56|99|150|106|145|67|38|84|435|105|69|65|50|87|109|127|76|79|210|161|85|68|148|103|71|114|66|64|46|60|35|49|122|54|70|63|220|76|70|164|348|99
181,Mason Marchment,365,73|64|965|104|788|219|780|126|115|1757|199|1090|194|159|354|118|836|196|142|147|697|111|652|833|943|317|973|199|1251|204|8845|958|379|347|3155|471|1394|1470|374|263|2955|726|1368|342|248|228|267|247|343|290|221|146|230|193|278|249|188|162|181|245|153|253|1122|6481|1044|649|669|634|498|419|327|281|240|227|161|134|146|115|74|93|83|82|86|73|61|59|49|70|63|68|69|70|74|51|62|53|61|76|57|50|45|52|58|51|49|43|40|49|51|58|58|55|57|75|63|52|43|110|171|81|87|67|45|60|45|59|50|53|55|63|74|82|142|99|55|50|47|51|48|64|53|50|44|38|45|35|36|49|43|38|52|33|40|79|76|72|84|60|60|211|105|106|93|84|83|173|55|169|68|91|84|105|152|92|105|1018|161|282|94|160|477|123|156|224|1251|236|177|132|75|702|266|550|148|123|198|82|70|62|119|82|163|114|156|76|60|160|582|130|204|83|275|92|285|80|111|212|80|139|86|392|138|83|99|273|89|672|509|171|113|151|131|117|101|147|107|175|174|290|123|562|214|294|197|616|211|409|4716|1764|536|1710|428|215|196|168|570|4609|1661|694|557|325|365|637|281|291|322|194|177|149|112|104|139|129|133|98|111|122|113|115|122|198|372|136|1755|214|179|186|345|208|261|239|141|105|174|257|106|91|85|60|65|62|113|64|64|107|77|100|189|79|87|88|137|122|129|116|189|192|108|251|126|180|129|127|293|156|278|230|146|143|107|187|101|137|92|149|172|114|133|226|150|107|74|342|129|321|157|339|105|74|222|281|1049|207|176|103|89|115|181|154|117|242|168|471|697|266|182
182,Sean Monahan,365,265|181|143|117|107|119|126|104|114|94|96|83|93|137|438|344|193|223|294|166|106|124|148|122|112|143|106|137|120|107|115|187|112|130|110|125|113|146|161|149|89|181|153|127|119|111|110|113|5789|4708|1331|624|401|365|235|637|474|198|190|166|157|297|189|175|155|126|133|122|116|130|234|325|145|147|139|141|158|141|125|93|124|88|110|89|71|76|117|79|84|95|67|51|60|68|63|67|64|66|55|64|64|60|60|91|76|59|45|62|60|67|56|68|80|50|79|67|55|104|105|90|93|73|72|83|68|93|71|72|93|90|80|69|92|82|96|85|96|85|77|63|69|76|96|69|70|68|74|66|72|68|65|58|88|90|92|63|67|75|99|88|82|62|77|67|85|84|101|98|301|698|537|436|410|309|307|299|261|352|356|242|237|216|221|206|232|165|139|225|200|150|176|141|152|123|183|195|137|120|188|127|122|126|403|129|119|202|118|594|176|125|178|127|163|124|309|178|130|236|165|121|121|96|114|239|108|185|114|103|215|119|86|104|150|129|118|93|115|97|120|108|120|83|102|123|81|113|116|130|124|132|101|95|104|133|121|158|191|136|115|122|145|144|122|139|128|130|131|109|94|107|163|266|143|121|110|135|115|133|226|113|110|112|145|93|103|112|213|142|186|112|109|113|150|191|129|101|120|79|134|128|132|104|112|148|123|108|143|150|198|222|2500|1736|698|402|323|309|190|389|219|216|204|154|188|131|164|150|119|123|227|395|329|200|163|145|136|114|140|142|126|138|98|123|182|252|102|141|114|115|109|142|132|140|157|100|100|225|144|158|151|332|128|107|143|88|111
183,Mathieu Olivier,365,125|110|95|88|75|73|69|84|92|80|73|57|39|50|48|58|63|81|92|67|46|71|56|64|100|121|105|64|54|63|77|86|46|45|55|38|70|74|58|52|37|50|48|58|34|28|46|57|55|54|59|40|34|71|37|49|63|39|22|35|49|64|60|42|46|46|39|26|50|41|58|86|46|77|47|67|38|43|31|35|36|51|42|31|182|86|47|52|44|34|39|53|40|39|32|56|47|40|27|17|25|45|43|36|27|29|31|31|33|29|26|17|31|21|33|35|31|36|27|35|26|39|32|33|32|32|33|26|29|21|40|41|51|46|38|35|22|29|47|35|40|48|53|35|36|38|185|98|43|37|39|30|34|38|41|51|49|59|59|118|62|44|43|59|40|54|94|75|103|72|93|54|161|79|54|191|61|96|118|107|86|83|80|117|460|122|98|123|101|194|166|120|110|75|113|403|88|132|242|101|69|133|147|65|65|417|125|1343|346|404|805|172|848|238|1226|233|156|367|154|134|108|114|76|107|58|92|71|90|163|88|116|106|85|94|77|67|96|79|78|129|81|95|104|98|77|91|99|96|77|110|99|91|70|60|160|256|288|145|235|112|202|152|110|84|7103|4643|1444|1041|477|369|263|360|181|229|186|215|156|163|249|124|241|145|1073|316|200|177|335|191|408|185|148|100|380|248|173|139|138|105|214|189|148|119|142|205|185|147|136|110|148|127|351|225|164|137|129|200|174|247|119|258|111|91|391|162|471|182|134|193|136|162|120|218|168|150|779|257|166|198|208|174|108|240|379|256|133|486|622|350|245|159|141|130|141|112|121|121|76|114|123|132|123|78|138|101|98
184,Cole Sillinger,365,1253|971|1024|764|687|733|703|610|615|660|549|523|514|524|591|595|627|624|644|762|646|696|599|672|636|565|625|587|800|970|896|843|791|900|796|705|816|2114|1146|961|1027|1058|1383|1299|1148|958|927|904|1000|914|883|827|779|764|692|707|665|688|657|655|643|662|617|688|671|958|908|1103|936|963|855|819|833|741|1084|1043|1377|1009|626|760|637|599|587|510|525|493|547|526|554|499|548|642|574|620|522|587|511|512|552|686|908|716|678|549|560|531|510|580|545|767|993|746|914|824|984|746|631|550|699|642|683|705|662|589|837|907|734|769|1081|680|559|665|681|992|624|567|616|507|474|585|640|611|796|4999|2656|1713|1071|928|876|903|810|758|785|618|615|557|650|535|459|484|626|1039|1031|1043|866|1011|1062|802|790|796|734|778|843|848|685|794|766|743|719|816|707|770|671|736|836|714|645|902|735|677|932|803|594|494|750|1259|588|529|723|644|517|557|605|519|646|1000|737|653|744|589|665|478|595|479|679|557|499|1186|3305|1923|1557|1798|1476|950|782|817|712|656|641|678|641|619|650|620|579|470|494|799|1295|933|713|622|683|651|563|1684|829|688|1732|2440|1157|734|697|704|922|806|728|975|957|704|689|684|610|609|702|600|670|696|613|512|568|669|601|626|562|606|528|466|510|450|527|531|599|411|538|511|529|472|573|529|787|596|1076|2904|2091|979|749|592|413|509|498|373|470|568|500|503|538|503|573|606|4873|5723|2483|1675|1514|1388|1039|888|724|612|765|2605|1138|691|687|557|484|449|361|409|434|459|484|544|484|406|375|489|478|413|318|335|321|401|416|748|658|413|437|347|338|353|333|319|370|372|359|361|311|535|378|361|642|428|282
185,Dmitri Voronkov,365,85|44|52|48|79|35|40|38|28|24|38|33|31|25|28|26|26|29|36|30|28|22|25|28|35|42|25|34|20|22|25|30|17|28|42|35|36|22|32|39|23|45|32|24|53|22|35|24|37|27|28|18|22|33|23|30|22|25|19|17|23|55|42|38|49|49|38|61|230|91|243|91|116|248|91|69|77|91|163|187|68|39|36|26|27|22|24|34|36|37|49|48|25|26|29|20|25|47|29|37|35|78|86|47|35|24|25|21|21|33|25|24|35|39|42|26|18|21|22|23|27|27|26|31|19|23|26|21|32|16|23|23|21|22|27|31|27|21|17|26|24|32|29|40|21|32|25|20|24|22|25|18|25|23|16|16|31|51|42|29|29|30|22|31|25|25|44|36|26|43|51|49|36|45|49|98|40|64|64|67|55|65|52|48|51|42|36|109|33|45|76|172|108|75|131|104|30|43|51|38|34|61|62|53|35|132|59|71|81|48|75|54|119|67|136|59|55|95|60|54|101|60|77|79|71|59|54|76|565|170|110|125|121|98|92|89|105|59|64|64|72|46|55|69|54|67|63|66|92|83|43|68|58|41|52|77|80|54|84|81|90|78|94|95|68|60|54|68|58|92|47|96|77|108|40|43|36|55|52|45|46|36|89|52|40|64|48|57|58|55|41|37|46|50|36|71|96|81|63|71|61|43|47|65|49|54|76|69|68|73|146|97|75|52|58|64|55|48|59|53|63|42|62|36|47|66|61|41|54|32|40|39|23|39|35|22|42|37|43|39|24|39|23|33|21|28|37|17|27|27|21|21|27|18|38|24|22|19|19|24|28|28|40|36|31
186,Miles Wood,365,49|73|131|53|236|74|121|25|50|99|54|87|83|52|83|71|195|59|68|51|59|48|48|44|42|34|25|35|27|31|28|38|56|104|95|82|51|48|40|63|42|41|53|46|38|35|36|30|49|37|47|33|83|74|57|38|48|75|87|57|42|53|45|59|47|42|46|39|32|28|1247|612|191|243|284|107|75|74|72|65|82|59|59|50|71|58|65|43|96|60|51|41|41|49|45|41|39|33|42|32|45|36|36|49|51|38|47|36|37|58|34|47|52|62|44|26|45|36|34|41|32|36|33|50|37|43|40|38|60|52|53|54|61|40|40|42|28|40|42|41|44|46|39|44|46|33|35|30|48|48|38|39|43|58|62|44|48|88|63|166|70|38|54|59|64|67|94|90|58|62|62|72|89|209|107|172|60|530|277|229|96|102|95|61|85|49|63|95|108|131|105|100|71|111|1261|259|98|90|278|187|56|72|95|68|65|100|250|246|141|83|186|86|237|74|106|425|84|115|150|102|76|72|67|153|57|118|67|84|323|100|56|78|108|104|74|50|105|37|88|74|117|63|62|78|53|89|69|48|49|65|54|44|55|51|73|74|85|69|122|77|79|69|74|67|78|53|61|93|91|64|81|82|76|80|97|57|63|65|71|61|65|80|65|50|43|88|145|79|111|95|79|51|157|80|52|44|49|38|60|44|52|38|50|84|44|55|55|35|41|58|117|103|80|83|92|213|76|118|68|84|67|51|131|77|95|65|62|96|48|82|62|76|55|68|57|59|57|57|57|51|48|63|69|184|65|105|82|48|41|47|50|24|46|39|55|54|109|68|52|105|60|41|114|54|52
187,Jake Christiansen,365,26|15|7|11|9|13|9|14|26|14|4|9|12|6|13|9|11|9|14|13|12|12|12|14|10|14|4|8|10|20|9|15|14|13|14|9|21|10|14|10|13|14|13|30|26|18|18|12|28|5|14|15|15|18|10|6|17|11|13|42|86|41|18|28|27|24|19|12|10|12|17|12|16|19|16|9|14|11|15|12|14|26|9|17|7|12|6|7|8|9|7|10|9|8|9|4|12|11|10|8|9|9|9|16|4|6|6|8|7|7|14|10|7|10|14|16|14|9|8|6|9|16|12|10|4|8|5|8|8|4|13|11|8|16|9|8|8|12|11|7|11|9|9|28|32|9|11|17|17|15|13|14|8|10|16|9|30|29|12|8|51|9|19|20|12|9|12|16|12|13|11|17|16|12|13|21|11|18|32|16|38|25|14|17|19|14|20|19|15|22|11|16|17|15|22|29|14|14|18|18|21|11|36|9|16|118|21|45|32|16|25|26|28|12|37|24|9|31|30|18|19|14|16|21|12|16|7|11|17|12|12|10|13|22|18|15|12|4|12|12|16|12|14|10|7|12|12|19|29|15|7|17|16|12|17|8|28|16|15|29|34|25|14|31|27|13|18|14|13|17|20|35|20|37|14|20|14|11|24|16|22|13|20|9|19|14|13|12|18|13|14|17|18|26|15|18|24|12|31|22|32|14|18|26|13|9|17|16|10|8|31|29|17|14|17|12|18|20|24|12|18|10|41|25|27|15|7|23|14|9|11|22|13|20|8|12|15|13|14|13|17|14|14|17|18|16|9|9|12|19|14|13|14|14|15|22|19|8|15|33|15|9|33|16|18
188,Dante Fabbro,365,105|62|53|56|87|77|78|52|66|54|134|114|118|95|92|100|79|98|106|114|67|61|62|39|49|60|72|108|146|103|83|101|45|61|68|64|49|46|83|98|97|456|396|307|151|115|125|150|108|66|89|74|147|108|114|125|122|166|149|249|210|121|68|95|70|77|91|74|64|80|85|103|446|337|128|89|71|60|26|42|52|32|33|98|53|63|66|57|78|33|34|23|21|29|41|21|29|69|45|32|43|19|29|38|20|37|29|18|30|35|21|37|33|31|21|59|84|54|39|31|27|41|30|40|16|29|32|26|24|31|43|26|22|23|34|43|35|28|36|36|32|25|37|27|29|20|30|23|24|26|34|37|38|44|27|33|38|54|37|29|44|35|28|34|18|36|53|39|35|53|34|30|45|36|60|161|63|84|54|56|44|50|45|43|40|26|32|42|25|56|56|35|34|36|53|104|59|53|53|65|39|37|56|35|50|249|44|89|51|30|51|42|44|24|62|53|35|84|56|46|37|37|39|45|21|44|47|34|43|50|25|47|36|36|35|37|48|35|51|45|44|42|32|39|26|42|28|34|32|34|22|47|29|44|71|50|90|38|45|42|55|56|53|74|65|34|47|32|43|41|48|76|33|71|29|41|40|26|37|35|30|32|31|34|34|27|27|26|27|42|33|28|108|54|30|26|35|27|42|28|44|24|31|62|32|31|51|45|43|32|59|51|39|46|33|51|35|44|46|42|67|36|45|25|46|51|41|52|40|37|31|35|30|26|26|28|22|47|22|33|34|35|42|51|26|57|38|22|30|27|30|28|32|22|42|33|48|30|30|63|37|26|44|34|34
189,Erik Gudbranson,365,93|63|83|77|73|62|66|90|76|58|62|71|92|50|102|96|57|88|86|85|53|83|78|74|86|103|97|83|92|73|75|80|72|66|103|90|127|116|115|80|69|106|106|88|78|105|117|98|133|78|103|115|190|113|75|75|79|66|103|63|45|156|102|94|89|71|86|74|55|66|94|120|92|77|104|94|61|67|55|60|61|46|60|49|52|40|50|43|34|60|44|39|53|73|55|51|62|65|84|60|60|50|43|100|56|45|52|38|53|33|55|44|36|58|53|42|38|50|53|60|71|42|46|46|58|73|39|40|56|72|53|50|43|48|43|51|42|41|48|47|42|40|38|35|47|62|34|37|30|37|53|40|37|41|37|38|48|52|45|63|45|39|70|72|43|47|125|79|78|82|115|87|86|72|77|111|67|198|91|80|52|58|53|60|59|54|62|49|66|91|105|146|68|53|90|87|69|71|56|55|48|37|80|69|48|90|71|59|76|46|82|45|60|53|88|64|68|63|49|66|58|43|56|66|39|57|52|63|65|76|69|70|70|65|52|36|68|60|59|53|63|70|53|57|49|64|79|57|46|57|58|55|43|71|79|72|111|121|68|91|86|90|67|93|130|64|73|66|54|130|103|526|214|269|88|223|83|61|173|88|123|66|133|100|71|84|231|99|149|117|69|68|101|94|55|45|48|57|70|59|85|60|67|61|59|74|51|41|76|89|614|371|159|120|103|123|79|107|74|119|161|78|155|88|120|107|80|62|60|53|75|87|75|69|81|84|76|96|107|90|69|103|76|126|85|251|168|90|99|89|72|90|73|62|83|65|62|72|117|141|98|127|164|105|84
190,Denton Mateychuk,365,90|32|44|31|38|25|47|38|41|31|21|16|30|35|33|40|30|35|34|36|76|42|46|51|36|24|37|25|38|43|22|27|32|24|17|23|37|36|46|68|25|40|27|40|29|43|26|16|25|26|42|22|23|37|28|62|252|64|52|41|31|56|31|36|46|30|37|61|41|42|54|93|53|63|56|51|52|31|26|31|38|30|34|24|25|33|24|37|27|35|18|31|20|36|35|20|46|32|35|20|14|24|26|15|17|17|17|17|16|18|27|21|19|15|24|26|18|21|23|29|23|16|24|21|28|38|20|31|32|13|19|22|15|37|23|21|23|22|19|34|21|31|24|18|31|36|33|35|32|34|33|24|42|36|32|31|24|43|44|31|29|33|23|33|36|25|31|46|32|41|63|35|59|39|55|50|40|80|47|56|46|49|62|41|58|47|34|243|47|57|165|68|73|47|94|97|41|73|78|110|57|53|55|41|39|90|74|304|108|48|314|49|83|53|151|953|113|113|86|55|42|148|43|64|25|64|37|39|128|44|52|49|73|36|60|29|39|34|36|46|37|29|29|63|39|56|35|54|48|54|24|52|20|52|81|121|202|65|51|63|166|177|169|145|98|57|55|59|56|60|40|64|27|49|36|45|41|51|51|42|45|38|57|39|43|83|82|64|85|80|52|41|69|59|40|32|44|26|46|53|63|34|39|52|59|30|48|47|40|33|73|68|88|52|57|47|45|40|47|84|99|55|62|50|70|107|49|42|42|75|29|44|27|38|80|46|52|51|55|41|28|72|42|61|92|85|37|36|43|35|60|121|248|31|59|58|52|38|32|79|53|38|81|41|49
191,Ivan Provorov,365,169|192|199|169|147|187|187|190|137|120|134|95|128|115|159|102|152|147|144|270|179|200|142|263|200|166|161|242|229|191|137|274|234|235|180|140|154|182|172|182|135|170|190|287|170|120|147|114|161|114|115|103|114|118|79|65|270|143|119|85|105|179|135|174|106|112|137|156|141|152|183|231|243|917|1181|526|319|241|245|492|358|733|365|539|318|230|259|369|234|356|205|199|186|175|201|179|190|90|57|65|114|143|72|75|80|90|92|102|78|78|86|60|70|51|57|52|43|44|32|55|46|28|64|57|48|47|51|52|61|61|70|50|50|50|44|58|60|55|49|45|68|82|66|67|61|69|59|71|61|84|84|95|92|83|183|140|78|79|120|80|94|109|81|96|100|76|134|109|98|104|93|109|111|148|117|140|83|129|112|408|207|143|213|125|105|94|125|99|84|87|129|181|73|70|112|279|108|68|101|81|140|120|106|87|88|112|78|220|88|138|146|139|92|77|189|156|96|123|133|93|73|98|50|89|73|105|167|121|144|114|124|182|174|132|117|102|94|84|108|116|154|94|89|108|86|94|94|137|137|171|114|120|101|107|104|413|148|128|137|165|237|174|118|129|198|145|163|136|151|183|231|195|159|142|149|185|157|158|181|159|155|176|191|151|132|140|316|137|141|134|96|97|139|202|99|91|112|87|92|56|114|133|114|99|94|99|200|483|235|223|444|434|289|205|165|192|149|155|142|226|261|152|474|146|136|145|100|146|114|230|165|327|113|125|113|102|128|92|135|113|119|147|101|116|133|192|329|141|131|137|118|178|181|141|120|159|106|102|177|220|162|192|255|159|154
192,Damon Severson,365,50|48|39|44|28|23|26|23|38|33|21|31|44|46|42|45|20|33|31|49|26|41|33|32|27|35|29|25|27|28|37|18|45|36|29|25|32|41|46|84|30|32|39|31|36|23|29|26|24|18|36|38|27|24|23|13|44|30|20|24|28|34|21|25|28|40|21|22|36|28|29|55|21|68|49|31|27|22|39|42|21|32|18|9|20|29|18|16|34|13|25|28|23|20|26|19|20|22|14|21|17|18|17|22|21|22|25|16|18|26|29|43|31|26|28|27|24|25|16|19|21|17|16|25|21|17|29|18|21|19|18|26|27|29|20|18|29|21|15|19|46|31|22|22|17|12|20|11|12|11|31|20|25|23|20|25|34|29|35|21|31|21|35|13|19|28|20|35|19|31|28|22|40|30|17|54|19|31|63|60|22|28|21|45|58|27|21|31|26|69|40|36|23|34|35|45|33|22|26|25|16|26|36|18|23|45|21|69|50|30|60|21|34|30|41|89|30|34|29|19|28|26|18|30|23|42|28|20|120|52|21|29|53|28|30|19|25|18|15|22|34|19|28|29|29|27|24|37|35|53|32|55|25|22|29|23|69|29|50|34|48|59|41|38|32|22|31|28|22|35|34|39|42|28|25|29|27|13|35|19|39|29|30|32|21|22|36|35|53|75|32|44|59|44|22|30|25|22|30|26|45|59|43|39|20|24|30|28|30|13|34|34|39|25|33|34|38|36|33|29|31|30|36|26|107|33|29|39|34|24|28|67|34|24|26|40|72|40|62|39|30|39|50|86|37|25|35|31|22|30|51|37|44|26|38|25|30|30|23|35|11|15|40|45|32
193,Brendan Smith,365,52|65|93|88|63|64|70|78|76|75|49|59|97|62|94|43|140|87|77|69|128|90|73|641|156|133|135|152|88|67|163|95|72|87|154|71|185|156|78|81|111|65|124|84|43|46|58|56|56|46|37|43|53|58|40|46|41|36|39|36|34|45|77|55|47|45|39|79|62|81|43|59|52|98|73|91|65|80|158|141|163|149|155|162|150|151|137|161|148|167|151|145|150|160|138|133|131|47|41|31|31|32|30|32|30|28|33|26|53|26|31|44|46|45|39|46|47|48|47|48|34|41|37|203|175|87|73|50|41|52|39|52|52|39|37|40|38|95|972|593|278|160|122|135|168|134|126|91|103|69|95|63|88|71|67|63|128|83|63|67|74|82|64|90|71|72|78|71|49|50|63|82|74|67|85|94|59|65|91|104|81|58|77|99|107|62|51|68|66|60|60|65|59|53|61|53|61|63|63|62|77|95|65|65|88|69|63|60|86|100|81|59|57|73|59|75|58|74|60|81|308|285|217|362|122|195|79|77|293|115|93|198|92|67|79|52|68|77|61|63|135|56|45|81|59|48|47|88|67|86|71|74|99|89|110|106|139|109|58|116|103|108|77|83|75|96|109|60|62|58|89|82|93|144|72|78|100|84|59|66|85|102|68|47|43|86|108|80|68|70|75|68|73|58|54|54|99|85|65|59|55|52|59|64|56|43|66|58|74|83|93|85|77|69|83|66|72|75|93|72|68|143|75|81|76|72|55|66|66|54|62|75|62|59|60|60|70|51|51|62|37|71|38|37|44|53|43|51|40|59|37|39|42|44|59|42|48|49|55|50|48|54|69|67|50
194,Zach Werenski,365,273|194|171|142|128|124|121|116|84|117|114|255|193|153|159|102|144|182|219|257|176|268|119|148|224|134|175|156|127|199|214|247|394|166|283|185|427|1244|1238|469|247|235|235|164|147|117|128|126|218|118|183|90|96|155|231|194|248|136|142|136|111|247|115|169|118|107|101|106|84|127|161|155|117|123|227|159|185|152|152|157|126|135|118|106|76|71|76|60|76|75|99|76|111|73|112|75|64|55|100|106|213|239|136|104|99|92|80|64|86|75|80|122|72|70|75|74|84|83|103|76|85|54|66|89|70|74|61|51|70|79|92|70|64|49|89|55|54|80|73|70|72|83|59|73|72|66|98|103|83|55|71|66|77|74|66|87|70|87|93|96|117|78|67|76|99|108|127|109|232|326|320|290|317|280|268|222|178|273|248|280|178|207|200|186|189|156|154|193|142|153|182|160|103|148|269|348|138|136|215|138|120|106|165|119|148|264|111|357|165|134|219|231|236|96|466|252|186|326|546|211|152|212|167|713|163|341|123|134|219|135|189|253|209|156|155|113|161|105|172|237|199|173|160|442|221|1533|279|427|302|231|194|170|187|165|201|210|247|252|248|714|650|466|299|265|367|280|254|261|215|259|239|363|232|384|189|267|234|248|296|288|493|302|441|262|265|249|838|393|642|469|305|472|613|1041|799|905|749|704|607|625|2798|1359|1798|7164|1589|651|1854|1555|5529|2336|38460|20551|9253|4732|2555|2615|1813|1571|1329|867|565|457|476|465|586|416|346|383|354|329|306|354|283|271|321|348|428|396|403|265|316|489|458|473|329|429|249|188|207|205|199|199|204|207|211|968|283|261|269|385|265|236|540|340|339
195,Egor Zamula,365,33|32|23|17|16|18|14|16|13|13|24|16|14|14|20|14|14|10|17|13|14|12|11|20|8|15|8|12|18|12|13|15|13|9|11|24|20|23|34|34|20|11|15|12|15|12|23|10|9|17|18|16|16|11|11|4|21|12|4|15|8|11|29|24|16|11|23|16|13|17|15|38|18|19|23|19|13|11|20|21|23|21|16|10|12|13|29|23|19|11|18|15|11|10|9|10|16|9|8|13|17|6|7|7|7|7|10|10|6|13|15|10|7|12|10|6|12|7|19|12|9|11|11|9|11|14|5|9|9|15|15|10|14|12|10|12|17|4|13|10|12|15|12|6|11|20|2|8|8|18|17|17|14|19|22|15|10|23|11|19|14|59|17|16|21|38|14|26|36|23|28|27|22|33|30|34|36|45|62|54|37|18|89|79|35|23|78|31|21|24|30|19|18|37|34|21|37|30|31|36|18|26|24|20|18|11|12|16|13|19|14|21|17|21|22|18|16|24|20|38|19|25|14|16|12|25|27|17|18|22|51|14|19|36|21|14|43|23|18|18|20|10|21|31|323|290|87|39|29|39|27|15|14|23|127|103|106|1874|1052|217|118|2371|1177|2110|791|348|258|163|123|121|101|166|78|87|70|163|56|81|78|58|102|77|87|49|45|50|210|68|48|110|38|43|68|50|38|55|32|37|49|21|21|23|24|19|23|17|20|13|16|29|27|23|35|29|35|47|35|34|54|72|102|51|158|54|65|44|21|28|19|21|43|137|25|20|12|24|23|30|26|24|30|23|21|25|26|53|31|28|45|29|23|19|37|25|39|38|27|21|26|45|46|52|70|32|42
196,Nathan Bastian,365,53|46|58|44|86|166|122|105|107|90|49|53|149|162|113|116|59|177|200|143|80|74|42|53|54|50|61|67|65|91|61|48|50|61|57|47|57|52|59|67|45|50|45|34|21|29|31|25|26|17|25|17|29|24|32|47|61|41|22|27|18|33|36|19|24|16|24|21|19|26|23|23|15|32|63|97|63|39|35|40|30|45|27|30|35|25|43|49|35|26|32|36|23|26|32|33|29|152|137|59|31|33|43|41|32|20|32|38|43|44|34|42|37|737|435|198|108|83|56|48|63|49|48|57|35|34|37|38|25|22|22|30|43|42|22|25|35|52|51|46|30|36|33|27|40|23|25|34|28|27|32|35|68|43|38|61|67|27|23|50|26|45|48|37|25|29|49|43|32|59|58|98|138|62|78|144|44|470|79|67|92|68|89|51|34|43|45|71|40|69|46|68|66|39|77|47|50|44|61|55|22|54|36|51|38|56|42|37|79|61|130|76|114|105|65|90|68|39|28|43|32|52|698|171|43|50|36|45|49|98|79|46|72|55|43|25|43|28|25|31|34|24|40|85|48|45|47|32|45|46|38|21|56|40|59|36|89|92|47|34|122|255|182|50|72|69|55|52|72|40|58|50|54|33|36|26|50|47|143|59|60|46|55|53|50|57|53|64|93|184|35|33|38|47|48|31|31|22|29|29|37|29|45|46|40|14|22|30|38|37|49|61|36|35|61|25|47|236|49|55|85|47|45|63|132|104|37|55|30|37|35|59|41|36|31|65|39|55|49|39|19|28|50|30|26|48|47|43|43|37|33|39|36|32|38|53|24|37|35|31|31|39|26|32|34
197,Jamie Benn,365,266|324|1532|572|1423|1306|1925|441|382|905|369|1265|390|325|747|403|3444|1238|645|459|2248|624|839|1356|793|619|2322|666|4710|1925|4651|1439|1217|5589|3626|1018|2034|1850|628|585|2491|812|4114|1043|849|617|429|323|324|401|399|239|243|254|187|189|183|134|213|153|137|249|274|250|174|149|191|239|215|1512|812|383|228|255|257|228|160|121|124|147|132|134|162|158|121|95|108|95|112|132|115|214|131|98|91|93|96|134|91|88|80|101|99|228|76|91|66|90|110|87|91|175|108|107|106|110|92|100|101|81|101|83|96|105|82|85|83|85|82|101|87|107|117|110|78|95|91|77|101|81|107|93|109|91|80|81|216|388|127|115|126|117|131|152|138|163|155|139|142|207|651|453|170|153|142|126|135|143|149|169|161|173|213|217|222|345|231|374|157|215|539|228|356|190|241|132|144|239|148|232|141|208|213|162|306|230|204|148|179|148|178|354|175|241|210|160|292|169|296|168|287|213|317|177|358|572|270|527|226|356|188|219|1259|362|196|373|358|628|237|585|346|208|267|293|377|231|244|143|261|179|449|224|322|226|191|272|219|183|469|258|531|195|232|172|305|220|184|257|310|331|204|501|507|276|254|260|199|221|180|227|380|325|211|187|208|307|215|185|357|206|168|227|189|145|146|262|196|250|180|221|186|269|216|648|217|221|210|175|188|196|277|239|228|270|213|166|308|220|344|383|826|579|387|307|440|261|243|339|309|485|568|344|260|468|268|259|222|503|398|1189|321|359|205|271|174|412|172|271|262|289|181|306|181|190|229|260|261|195|361|177|497|877|474|260|213|333|240|372|287|257|232|334|215|342|293
198,Colin Blackwell,365,29|47|85|34|4932|887|607|143|114|180|79|230|85|71|242|106|435|144|130|74|123|75|70|127|82|73|151|59|60|60|156|92|57|56|154|70|435|431|122|101|579|74|447|77|36|39|50|20|32|48|47|43|40|43|36|37|30|27|31|35|31|37|49|46|43|35|41|37|36|34|31|36|56|44|186|118|66|73|52|46|45|43|33|51|26|25|30|36|19|30|43|44|42|26|35|32|20|33|34|40|32|39|21|31|31|33|43|27|23|23|34|39|34|28|30|35|35|26|67|96|44|43|30|33|39|35|43|39|30|33|29|32|41|37|30|33|31|42|21|31|28|28|46|39|29|25|24|33|37|31|36|42|53|44|31|55|51|36|34|34|37|48|29|30|38|32|30|54|62|37|110|41|87|38|81|91|48|70|42|43|199|53|61|47|48|38|29|43|40|52|39|61|61|35|107|41|26|40|43|28|33|88|35|54|57|78|79|34|51|39|72|29|90|54|48|56|36|147|73|57|34|42|86|53|65|52|44|79|34|118|67|42|110|52|51|90|77|40|69|44|54|56|86|57|33|79|67|31|69|76|64|36|53|54|38|45|83|86|67|71|67|45|39|44|62|88|50|76|55|42|57|61|64|42|43|66|39|48|252|37|46|41|34|34|50|68|43|36|31|45|81|62|55|60|44|50|58|48|53|51|69|57|58|56|59|39|63|50|52|84|101|62|65|65|150|51|82|73|76|132|78|79|75|134|130|99|63|129|55|120|107|108|61|145|41|89|35|88|64|73|41|106|78|62|80|121|71|116|118|57|113|93|82|65|94|68|54|233|99|120|76|79|86|63|80
199,Mavrik Bourque,365,88|85|1385|130|200|98|137|107|95|902|91|182|115|78|107|70|285|148|106|101|193|95|101|91|79|91|282|104|122|57|318|119|117|102|271|117|180|181|135|206|183|174|6077|270|167|158|98|99|66|91|94|57|52|60|88|109|81|73|62|52|53|50|392|640|378|164|118|87|62|89|78|97|47|64|60|59|37|39|56|33|36|58|24|33|63|28|33|39|50|45|60|54|30|43|28|26|24|32|21|32|24|27|26|34|27|29|24|27|22|20|23|31|21|43|32|30|27|27|25|30|35|19|17|13|28|34|18|23|16|40|27|33|42|28|22|28|23|27|19|32|33|26|21|33|44|22|30|25|21|23|26|36|38|29|25|100|686|76|45|67|39|175|37|31|38|48|47|38|34|77|60|58|79|77|64|112|45|179|40|39|334|47|409|59|58|37|62|107|41|82|46|102|128|57|251|82|56|67|64|26|36|117|43|93|463|182|112|41|107|80|374|60|164|58|37|100|45|337|45|75|43|41|181|151|38|106|53|530|68|144|117|45|100|61|154|90|126|31|88|61|146|50|129|173|128|127|110|46|682|95|343|91|74|152|132|94|76|84|766|154|98|1416|416|156|152|263|74|109|76|49|90|99|94|76|43|163|84|34|2304|95|119|107|89|54|62|85|64|713|173|122|66|114|47|307|60|44|55|43|51|44|50|34|29|49|38|35|62|37|44|57|53|62|43|45|139|52|56|159|87|192|315|81|85|519|224|412|121|174|81|197|203|250|120|142|70|482|73|185|110|220|41|244|53|74|267|291|138|438|459|64|114|1524|174|56|186|143|62|128|113|81|70|4040|539|1296|139
200,Michael Bunting,365,112|85|101|113|94|87|85|125|83|110|88|76|79|110|122|104|97|152|210|117|134|95|87|79|132|63|76|114|74|101|80|172|83|69|84|78|71|90|86|113|71|82|71|124|65|61|52|45|70|53|62|49|57|121|69|60|73|67|67|95|42|75|70|69|64|55|63|73|78|68|64|72|69|101|92|106|75|67|53|54|57|69|139|113|55|49|51|57|46|47|63|62|46|56|49|47|43|49|52|40|33|46|29|36|32|32|45|33|36|38|56|46|38|37|34|36|47|42|40|31|54|29|44|32|39|41|35|32|47|34|36|49|38|45|40|26|39|44|37|34|35|38|27|31|41|29|27|39|30|35|38|45|143|66|54|56|81|59|48|67|49|62|75|73|57|70|32|66|94|90|60|79|90|151|86|383|85|84|105|186|391|90|89|59|130|47|63|127|54|87|69|75|74|77|69|63|82|125|91|57|188|75|67|83|97|65|102|95|77|48|131|70|193|45|59|55|71|50|51|86|53|79|61|173|60|127|146|47|78|109|71|138|105|154|63|83|74|58|89|68|57|41|101|71|62|49|49|486|87|67|66|43|142|75|77|60|62|134|67|87|81|238|64|80|102|58|95|39|81|59|49|110|54|68|110|72|57|57|53|90|80|98|75|65|67|110|53|98|97|81|102|122|105|104|107|37|70|32|49|30|51|33|48|62|44|43|44|44|60|38|74|61|76|64|77|77|62|101|451|98|84|2151|2415|483|309|275|134|152|87|136|69|433|88|113|60|126|66|133|85|95|73|81|56|36|120|88|86|63|42|85|68|55|54|57|75|72|51|59|65|72|127|191|62|74|65
201,Oskar Bäck,365,17|18|68|18|162|44|90|25|25|32|30|95|31|22|64|33|212|53|49|31|111|40|71|38|34|41|101|44|41|22|94|53|48|58|274|72|83|169|73|46|107|37|81|46|22|13|18|13|25|24|18|15|6|7|12|11|8|7|16|16|14|19|22|16|19|12|9|15|16|10|19|23|13|20|13|17|14|15|16|9|11|13|17|10|11|7|14|18|19|30|17|14|18|12|7|20|11|11|5|14|9|8|8|13|9|8|7|10|10|4|9|9|9|10|13|9|11|16|4|11|14|5|15|8|7|12|16|2|9|11|6|16|9|19|22|12|16|10|11|9|7|14|9|11|16|6|11|14|12|4|12|15|12|10|14|22|13|23|20|10|9|11|11|14|15|7|20|18|12|11|20|24|28|16|24|26|9|22|15|21|20|19|24|20|17|19|12|24|13|14|19|39|178|40|28|19|12|19|16|18|23|34|12|24|27|51|46|11|57|34|68|52|79|59|48|86|62|35|17|20|9|17|31|24|15|29|26|64|13|48|49|23|34|118|135|25|49|23|23|13|20|22|195|35|25|29|120|22|70|31|39|21|23|16|29|21|18|11|28|29|23|57|27|34|29|40|18|35|26|22|27|32|29|38|36|139|58|21|45|14|31|36|26|25|21|52|27|24|21|20|25|26|20|31|22|16|26|21|26|25|25|16|17|20|14|15|18|20|12|28|25|34|13|24|41|18|22|33|25|34|38|15|29|46|24|29|21|93|26|92|33|43|30|29|19|37|26|26|29|35|25|30|13|23|25|31|34|20|29|18|24|31|15|20|23|29|23|26|24|20|20|30|15|30|30
202,Matt Duchene,365,238|285|2226|378|1316|286|1842|228|191|1073|268|996|293|278|896|296|5441|759|606|370|868|325|422|780|320|302|756|308|1035|366|3393|574|378|409|4041|833|1460|1081|459|331|912|347|1213|371|387|356|223|221|210|208|200|165|182|188|189|154|181|128|154|155|144|195|1937|1059|430|279|223|191|187|167|233|152|147|201|135|136|133|113|94|94|114|103|199|93|78|90|80|67|50|81|58|73|86|58|81|58|63|90|80|70|72|78|74|92|75|57|78|72|67|50|70|67|64|83|56|72|73|72|75|76|72|66|69|99|72|93|89|88|76|99|103|86|80|73|72|90|77|96|67|82|73|88|74|81|53|75|55|63|83|60|65|93|95|64|87|88|81|93|90|113|73|94|73|104|88|94|100|101|120|100|108|119|154|129|140|203|110|376|151|128|528|239|256|172|181|177|195|152|118|115|100|132|139|74|141|131|136|104|80|113|91|159|149|151|145|162|181|112|178|123|188|117|148|116|136|137|131|161|110|164|134|101|147|145|137|147|126|142|125|196|153|106|138|216|237|117|241|143|210|140|216|115|359|268|172|153|190|134|180|143|207|114|149|125|235|117|127|174|188|242|166|344|189|174|203|400|286|148|173|130|176|188|150|252|185|256|145|132|321|196|168|282|131|148|153|359|157|235|113|195|149|216|151|199|141|130|162|108|151|125|156|167|160|173|145|129|236|159|213|235|417|304|233|235|388|196|146|321|183|282|382|193|290|594|285|275|196|170|135|1486|685|368|171|187|171|607|230|263|203|283|190|197|143|135|222|206|215|169|210|146|211|294|154|154|136|175|93|257|141|197|131|529|165|321|184
203,Adam Erne,365,12|13|19|22|15|19|14|15|23|37|22|20|18|24|18|24|17|19|19|17|17|22|30|18|21|19|23|22|16|19|14|25|16|23|18|17|31|35|29|59|31|34|43|27|33|28|21|25|33|28|28|20|26|27|23|35|30|18|24|12|14|23|29|56|35|28|44|39|29|22|29|30|60|69|38|50|20|22|15|20|23|16|17|18|20|28|14|12|15|25|15|14|22|11|11|28|27|15|26|18|15|17|17|18|23|17|18|10|15|17|12|18|12|11|21|12|18|17|22|18|12|20|12|9|23|20|13|13|16|20|46|19|21|17|13|16|18|18|24|7|15|13|21|8|9|92|75|37|25|29|15|21|18|20|26|58|137|45|36|94|48|60|34|50|43|17|35|32|26|94|129|87|357|201|103|82|46|58|48|52|86|94|147|87|66|38|23|194|43|75|21|126|101|36|107|69|651|66|56|53|50|128|34|53|96|135|73|27|69|53|38|34|40|53|44|34|48|23|21|35|27|24|49|37|29|24|21|37|17|71|40|36|41|48|33|33|47|36|28|22|20|30|36|40|40|67|313|53|45|78|208|36|55|27|37|27|50|40|52|43|36|86|44|37|71|39|21|39|40|21|31|42|37|40|37|36|26|18|44|25|16|30|33|31|42|35|36|83|32|40|40|127|46|72|24|27|36|23|29|20|30|26|28|24|19|36|39|27|40|35|30|33|30|29|201|43|37|55|42|263|86|48|55|80|62|48|27|51|26|86|36|27|28|83|26|115|24|32|31|25|19|51|32|31|26|49|120|80|82|27|161|128|36|21|30|48|26|62|57|35|24|21|26|61|32
204,Radek Faksa,365,46|152|135|80|103|48|57|275|49|117|67|93|72|412|175|521|274|2505|203|117|90|95|71|62|62|73|107|131|47|59|97|44|43|46|86|62|46|64|43|50|53|39|67|50|66|37|38|39|34|28|36|42|37|42|37|37|34|24|25|30|38|50|39|24|32|43|31|35|38|39|39|54|37|91|2052|988|268|124|101|58|78|80|59|64|44|48|42|39|28|96|58|40|39|35|33|37|28|40|41|40|30|35|27|37|31|42|46|32|32|32|31|47|31|45|62|38|37|45|40|29|39|36|27|39|43|21|24|34|30|40|35|35|84|82|47|43|41|35|46|30|32|37|41|39|36|32|31|29|25|26|27|29|43|49|39|136|239|52|65|55|42|52|34|43|58|44|191|71|48|76|62|52|86|53|91|163|46|64|46|57|319|60|106|63|76|39|25|62|31|47|30|64|54|35|113|32|58|29|30|27|35|39|32|53|45|69|46|33|43|22|115|42|60|50|43|60|33|42|35|54|35|41|108|45|29|61|47|43|41|80|49|37|69|49|62|40|72|84|49|39|68|34|87|46|44|57|113|68|79|54|61|35|36|28|62|24|42|37|79|44|67|207|76|138|177|313|126|96|56|45|65|52|53|57|44|76|57|52|59|47|41|76|30|35|53|76|44|66|56|69|67|93|61|105|92|110|97|73|97|158|542|275|165|180|100|209|575|146|161|143|172|138|76|77|84|48|46|58|44|47|67|60|68|74|89|79|49|55|47|66|54|59|41|39|29|50|26|48|54|39|35|35|24|37|29|55|34|30|40|28|35|42|33|32|44|34|34|58|52|133|99|65|55|66|32
205,Roope Hintz,365,82|90|861|111|219|103|229|66|73|212|80|459|126|84|923|193|759|282|176|140|604|157|163|402|381|214|930|371|435|180|519|196|217|257|697|228|2037|1175|515|469|1002|244|1076|359|317|166|163|116|140|141|108|67|67|79|69|67|52|46|50|87|47|76|102|71|57|42|37|64|62|79|61|83|44|54|70|74|58|50|46|43|72|48|48|40|33|35|41|31|32|52|38|37|31|39|29|31|36|42|41|34|29|32|26|44|35|42|37|41|42|116|62|52|53|46|38|35|35|35|36|34|33|30|40|41|35|49|53|56|34|46|32|56|47|42|52|41|51|48|39|30|37|35|30|28|32|32|22|40|55|35|34|45|41|40|46|44|54|56|47|51|56|39|51|37|52|49|31|61|82|76|59|90|106|94|64|125|59|105|58|69|188|73|100|72|55|52|39|77|57|94|51|148|80|74|88|84|63|62|48|58|64|102|77|115|114|109|87|49|160|52|116|51|155|92|75|75|70|89|61|111|59|74|187|125|66|104|69|110|71|114|90|70|77|65|94|58|132|62|138|93|72|55|100|60|73|125|127|59|95|77|216|52|91|79|76|55|64|58|101|183|122|197|88|102|135|166|65|107|95|67|79|116|63|77|46|109|67|65|108|65|65|89|46|70|88|75|68|108|57|84|60|99|94|97|117|120|104|94|148|558|241|854|535|222|145|136|527|287|779|1159|804|350|196|128|143|116|83|116|81|96|108|98|91|441|263|99|88|93|66|103|57|98|65|89|36|77|56|79|86|66|51|87|55|52|50|61|54|50|67|48|54|98|56|68|91|72|58|95|75|62|45|104|113|64|122
206,Justin Hryckowian,365,14|36|18|17|30|25|121|82|38|24|25|24|26|24|25|16|28|23|53|27|31|18|31|23|30|20|16|15|60|27|71|47|29|16|62|42|42|30|91|82|61|64|72|41|67|45|52|31|88|40|74|38|84|29|30|28|23|30|18|25|17|26|31|43|33|19|26|35|21|26|18|28|40|31|38|38|33|24|20|17|11|22|26|20|23|27|13|19|24|22|16|20|21|19|15|26|19|20|13|11|14|10|14|13|13|15|11|16|11|12|15|19|17|29|18|18|17|17|12|20|11|13|7|14|17|10|13|9|12|21|13|23|19|13|14|14|18|18|14|11|10|17|16|13|12|17|9|17|15|18|12|16|13|16|16|83|157|33|25|17|47|287|72|56|55|57|208|52|42|94|96|62|69|116|81|426|64|362|116|81|358|94|140|58|58|40|40|113|64|123|38|99|115|65|196|42|158|334|366|113|78|202|46|70|354|310|173|44|283|346|1345|183|268|88|89|140|58|141|65|133|40|33|478|207|42|130|56|91|55|161|183|44|150|90|88|44|230|49|60|34|152|68|209|131|64|358|124|63|385|83|193|49|67|39|416|62|58|65|111|102|58|164|78|46|212|285|126|355|176|59|81|56|46|67|52|158|81|77|766|73|167|124|44|45|53|63|42|88|56|97|43|314|84|125|61|56|45|41|48|29|46|35|32|33|36|36|19|26|39|49|47|55|42|41|280|72|38|160|46|80|83|46|130|927|181|443|98|143|80|3125|846|617|239|203|321|275|348|826|483|431|143|179|110|93|213|149|150|121|123|59|109|173|88|55|164|333|90|154|101|61|78|152|65|535|113
207,Arttu Hyry,365,4|5|6|9|19|7|5|9|8|8|9|6|10|5|6|4|11|8|16|10|9|16|7|7|7|16|13|13|5|5|13|19|8|5|11|7|16|12|30|11|7|10|25|7|15|6|23|7|11|4|16|7|18|4|5|7|7|9|3|6|2|6|23|14|5|6|5|7|5|3|7|11|8|8|5|15|7|11|2|5|12|5|5|8|2|3|5|8|5|5|8|5|8|4|4|3|7|4|8|3|7|2|2|4|5|5|7|4|6|4|4|2|2|6|3|5|13|4|4|2|7|3|5|2|4|5|3|7|4|4|6|7|13|5|3|3|10|3|5|5|5|8|4|6|8|3|10|4|3|3|4|4|6|4|6|20|28|8|8|8|12|21|15|27|13|9|6|11|6|89|96|19|13|19|21|24|16|35|4|2|8|5|11|11|8|5|12|10|7|6|9|6|5|6|6|8|12|7|8|9|10|6|9|12|12|8|7|9|7|10|12|6|12|7|3|9|3|8|5|13|6|9|9|6|4|8|11|7|9|6|10|5|12|6|15|9|6|7|15|8|9|13|5|8|9|12|6|11|6|2|11|17|7|8|9|8|9|5|14|10|8|12|4|8|9|11|8|10|5|7|5|12|3|3|5|9|7|9|10|7|8|6|3|3|6|6|7|9|5|7|4|6|3|5|6|9|9|6|3|9|2|14|6|7|6|4|7|3|1|10|9|10|7|63|182|32|20|112|14|87|137|32|41|18|44|34|22|170|26|250|46|127|100|144|32|28|13|8|45|41|11|46|32|31|83|67|1149|97|69|22|441|126|43|37|28|70|25|60|47|30|29|174|27|27|24
208,Wyatt Johnston,365,133|149|491|168|357|176|362|105|90|254|98|3098|263|205|304|189|5522|864|423|314|947|413|416|931|469|544|952|372|485|198|755|278|720|1355|1704|409|633|549|334|313|436|214|617|176|133|138|160|113|140|124|124|104|92|81|72|76|97|55|78|76|177|100|86|118|68|70|82|95|67|96|120|175|103|128|118|106|115|90|61|63|95|69|71|100|56|50|61|106|167|98|93|122|119|319|128|88|64|59|71|44|50|47|39|40|44|73|70|50|67|73|57|65|40|51|49|59|39|59|68|44|48|43|50|85|96|73|87|47|54|65|65|62|41|62|40|51|58|43|45|54|34|40|41|36|48|43|36|36|35|47|51|56|75|73|81|61|76|51|76|89|80|139|70|69|64|88|101|76|95|87|96|100|130|107|108|156|78|129|78|111|416|133|179|95|97|58|74|117|72|162|101|129|123|93|162|104|106|63|107|73|95|334|122|324|186|196|271|115|174|102|602|163|188|94|113|168|132|148|103|136|111|118|518|147|152|244|112|992|231|398|205|134|223|113|146|108|207|128|139|107|127|109|163|125|101|297|149|96|191|160|320|123|101|131|192|122|146|424|284|246|241|526|254|151|220|351|151|157|151|121|212|221|137|158|128|145|105|91|299|114|146|222|113|99|112|127|92|272|125|232|142|195|121|145|102|89|75|90|75|96|114|103|103|117|90|79|120|106|184|123|306|301|192|157|1131|354|157|359|208|198|231|144|202|373|181|166|102|159|130|327|137|318|147|261|143|443|193|186|240|344|172|453|204|135|144|199|219|221|236|129|197|240|148|112|122|480|190|684|209|178|314|491|152|249|191
209,Mikko Rantanen,365,587|761|2986|865|2494|666|3718|516|403|1021|398|2118|597|367|2816|670|63280|8684|3070|2187|21048|4813|3189|6995|5563|2936|4840|2626|2798|1233|3744|3420|2217|2643|3928|1912|1860|2137|827|1146|1517|895|1974|794|512|382|396|398|489|403|375|218|371|377|262|203|298|257|290|286|231|487|335|333|218|221|234|224|212|208|219|399|245|465|501|410|349|361|328|333|286|302|284|234|281|220|220|231|240|246|295|211|221|210|213|195|231|106|106|93|115|125|115|108|110|143|120|124|128|139|122|166|147|112|125|147|140|171|126|116|96|86|93|102|281|282|209|120|102|113|124|125|304|516|168|140|121|119|119|142|119|160|145|128|124|138|198|159|128|136|148|98|137|128|141|123|148|141|173|245|160|183|167|134|138|233|258|224|247|412|342|394|446|674|455|774|444|815|397|374|631|351|493|259|357|253|280|388|235|441|238|420|344|255|757|804|689|399|299|233|223|895|310|354|347|389|428|236|463|268|504|298|362|293|300|1399|697|876|474|1940|1082|565|630|493|347|387|306|482|315|554|474|299|630|373|412|267|507|513|437|640|452|349|924|568|370|486|424|273|389|266|460|279|227|273|637|339|365|317|485|1093|461|547|389|436|1404|546|335|391|292|275|429|332|238|310|242|351|295|322|353|342|355|378|362|242|247|275|303|375|269|321|288|690|352|551|417|420|356|296|358|1445|992|1344|1460|675|464|502|1295|902|4809|2209|1914|1010|758|589|515|390|316|348|309|392|432|350|400|699|382|326|264|339|250|340|241|294|212|270|226|461|218|286|296|301|249|326|291|234|342|355|225|262|236|204|248|887|354|240|202|267|208|599|296|217|239|343|344|301|423
210,Jason Robertson,364,4|11|6|12|13|9|7|4|10|12|8|7|5|12|10|769|747|383|524|3992|1350|1951|1506|649|410|2408|1290|1466|1153|2259|559|357|550|1834|970|3178|3078|1660|727|11753|1043|21009|1210|569|979|1763|1881|1237|808|638|337|479|746|1111|729|530|457|409|329|382|471|524|470|415|431|512|599|527|529|605|482|353|411|491|316|303|268|220|226|380|246|239|260|346|182|238|211|189|248|207|202|158|158|210|265|178|159|126|105|124|85|90|105|92|118|184|132|126|96|94|165|138|124|112|100|107|65|88|78|97|91|136|210|156|107|99|98|61|58|102|74|124|176|98|94|78|73|85|77|92|141|71|71|83|78|70|90|78|80|100|57|70|84|90|148|161|107|103|290|155|121|137|114|116|134|125|94|173|263|342|214|209|166|227|331|145|435|162|172|490|208|448|189|210|120|137|198|137|460|207|317|215|166|363|304|249|155|184|110|289|764|206|302|186|275|233|125|517|183|911|259|1974|426|288|1090|335|868|232|1409|323|288|1543|545|309|712|400|1284|436|749|1059|421|1090|324|557|241|685|364|872|310|493|278|388|262|210|396|1310|607|1781|788|1865|483|353|426|752|585|864|1329|931|4458|3987|3457|2375|1870|1891|1313|925|1069|861|430|947|713|496|656|578|654|436|624|2502|959|751|1764|1863|989|845|997|653|932|542|640|443|862|473|1144|421|411|487|451|437|430|654|452|548|586|357|263|623|447|645|478|1785|1318|1199|966|1219|613|464|880|373|1097|665|495|424|991|529|376|276|357|249|1432|414|681|356|358|257|1512|287|731|582|404|264|600|375|249|452|396|476|378|788|253|541|864|396|264|274|1113|503|1467|843|647|523|2082|445|676|421
211,Tyler Seguin,365,578|454|1624|679|3369|772|3333|652|424|943|406|1299|494|400|770|419|4237|1072|878|773|2041|699|1132|1394|741|701|2552|597|1759|612|5411|1011|804|975|12746|1840|2786|1855|762|689|1808|744|2196|582|562|450|344|317|502|1274|911|1688|2637|1358|836|465|412|308|428|442|289|524|413|356|296|319|286|257|223|427|406|453|303|294|324|339|328|415|393|334|724|1344|735|802|393|331|393|304|292|348|218|144|137|147|164|121|127|201|211|190|196|138|156|187|164|141|137|164|194|136|140|185|170|194|209|191|185|199|122|149|134|127|141|124|129|145|132|109|140|149|129|110|134|132|127|108|122|123|195|239|253|217|166|184|175|155|186|150|134|159|174|139|154|142|150|153|158|173|155|228|216|194|184|187|160|160|178|192|183|161|228|180|212|239|216|351|234|274|184|219|478|988|1108|406|304|286|280|498|265|282|213|310|268|210|503|915|907|346|302|264|270|413|217|530|276|315|502|445|522|353|637|408|599|355|336|396|244|327|255|1079|294|294|1049|371|252|376|287|460|291|2252|1441|482|442|431|412|296|418|280|369|442|1542|461|404|363|350|526|450|326|480|377|672|415|495|456|571|427|418|398|527|595|491|691|482|474|491|530|520|679|463|392|500|459|394|478|383|420|400|342|1177|315|278|316|819|272|293|325|335|352|387|386|304|305|260|422|311|277|345|287|273|237|372|322|362|408|395|355|399|349|536|616|1073|1138|583|511|510|800|901|597|418|480|525|471|363|482|354|347|245|353|250|439|1002|551|320|292|329|394|265|297|423|371|296|607|504|289|310|310|323|527|932|261|345|631|307|497|364|439|416|392|335|333|281|414|376|708|469
212,Sam Steel,365,54|51|264|76|238|137|170|73|52|117|43|176|108|186|243|113|371|117|100|190|786|350|420|329|151|120|534|389|765|137|4117|312|189|212|2200|273|658|806|216|146|426|205|541|138|81|141|82|65|73|69|72|84|56|64|37|44|54|46|48|42|39|68|58|55|45|63|72|49|36|39|37|57|45|44|71|82|57|56|49|41|53|60|48|33|52|43|36|33|31|41|41|36|30|35|22|26|33|68|56|55|47|25|28|39|33|19|36|34|39|36|28|26|24|35|28|34|27|29|24|40|31|27|19|29|28|26|28|29|31|25|44|25|26|30|33|37|38|29|28|27|29|39|27|22|40|22|28|27|41|23|28|28|41|35|43|44|127|46|39|41|47|45|28|40|35|36|40|41|57|64|55|35|62|53|56|101|50|45|35|40|195|103|129|56|49|35|34|58|33|59|53|81|52|38|89|41|42|48|60|49|45|212|70|163|116|127|86|46|94|44|66|43|50|45|60|85|65|75|57|100|49|52|381|62|44|48|47|62|53|90|67|54|321|82|68|38|173|332|148|65|78|50|87|60|51|91|154|40|196|55|71|56|57|58|173|63|81|51|67|77|88|116|65|69|59|254|69|57|56|51|84|68|58|55|40|84|69|72|49|51|65|58|42|82|48|64|58|88|44|58|51|81|46|74|52|39|45|32|36|35|61|56|86|76|56|40|55|40|53|54|59|58|59|63|123|38|48|50|48|118|237|81|81|92|100|50|43|62|48|377|70|76|73|165|52|95|51|90|84|68|53|46|40|41|48|38|49|29|27|49|49|38|44|29|56|57|63|51|38|45|31|34|33|51|67
213,Lian Bichsel,365,56|63|161|20|507|84|869|72|70|308|75|1775|578|282|1453|214|951|239|176|106|602|170|586|273|332|169|1337|166|446|132|540|189|193|187|1794|356|654|1246|412|272|365|202|844|220|156|89|106|87|68|60|73|56|31|69|57|24|54|46|46|66|47|44|76|67|48|33|39|45|24|43|37|65|61|44|41|57|40|49|31|32|30|36|51|32|55|33|30|47|47|71|68|40|44|33|37|36|32|28|26|16|19|17|30|27|30|22|9|16|30|17|31|16|27|36|24|18|48|47|29|21|33|19|24|19|33|28|16|27|24|20|26|39|38|27|12|24|15|36|32|32|43|22|19|25|32|31|22|22|29|29|32|35|29|29|48|52|39|37|38|73|35|67|40|61|38|40|44|50|41|136|257|154|159|91|63|155|48|123|49|57|189|59|79|47|69|46|40|62|26|68|35|79|54|46|111|58|34|34|41|33|27|134|42|99|63|77|103|39|87|59|110|44|210|64|51|104|42|102|43|109|86|61|146|149|106|100|77|436|180|117|73|47|82|66|79|64|93|36|52|61|52|49|71|75|38|41|46|51|58|39|50|27|82|51|68|34|34|30|44|59|60|60|60|74|115|101|45|66|47|45|49|67|71|63|34|50|61|94|53|46|46|41|31|28|36|41|42|52|37|42|59|55|56|64|38|31|44|26|37|44|58|67|68|58|43|43|85|42|56|39|74|48|61|77|185|49|48|110|51|418|305|136|174|136|135|71|35|84|50|225|63|106|80|248|64|156|49|89|62|75|40|88|42|53|96|120|59|32|51|53|99|166|57|40|62|50|39|117|57|33|52|103|85|75|65
214,Kyle Capobianco,365,24|36|25|19|15|25|15|12|11|19|9|10|23|19|18|6|27|41|12|28|16|12|23|19|15|13|19|9|35|21|26|23|11|25|31|17|27|14|46|17|18|13|25|16|35|18|22|20|58|26|34|23|56|16|20|15|19|26|16|14|10|12|22|15|17|11|17|16|10|10|10|17|11|10|17|12|15|17|12|11|24|11|12|8|9|9|9|17|10|5|12|10|11|19|17|14|9|9|8|8|9|12|9|11|15|6|12|6|5|11|7|10|13|5|8|9|9|16|9|9|10|6|7|10|4|11|6|8|6|7|10|4|7|6|7|9|10|5|9|8|7|16|8|8|6|7|5|9|16|9|10|12|4|7|3|29|69|16|13|14|11|9|13|31|21|17|7|18|6|11|13|11|11|9|12|12|22|13|14|10|13|8|17|10|15|14|9|17|9|16|14|55|22|32|66|43|41|38|23|33|27|82|32|19|35|56|25|14|23|18|35|15|204|34|41|241|35|117|26|145|27|24|158|163|27|134|55|171|55|663|136|41|109|61|103|31|151|32|62|33|61|32|55|32|19|21|24|31|28|28|24|23|40|20|80|18|18|28|25|25|30|28|15|26|33|98|23|179|74|32|55|43|40|50|29|83|36|31|33|16|19|83|20|19|27|48|22|61|32|63|27|126|28|50|24|27|32|15|25|30|26|22|20|29|22|11|18|27|31|25|21|36|24|31|34|29|21|30|17|27|42|27|22|32|43|26|21|31|24|41|21|19|15|16|11|27|16|28|22|25|11|19|19|14|16|23|24|19|21|37|66|34|21|17|25|31|25|21|28|21|33|150|24|27|29
215,Thomas Harley,365,86|110|343|107|541|184|303|162|116|277|125|424|115|101|190|128|2708|242|148|145|455|173|441|1034|371|239|625|176|426|165|8383|1074|606|537|1268|345|1415|619|256|150|499|272|1298|213|138|113|95|84|107|90|112|87|91|67|120|71|107|68|85|83|78|71|127|91|76|61|71|85|79|50|77|105|77|78|89|81|72|65|52|43|75|91|68|65|61|42|105|75|36|78|62|50|48|35|45|48|46|40|43|47|45|28|33|37|42|117|167|104|74|65|56|55|44|65|49|46|47|60|59|54|37|40|46|101|64|52|56|54|67|56|43|59|71|55|51|55|41|42|53|55|133|85|73|66|51|44|53|38|35|37|40|50|56|54|75|98|76|48|66|84|60|61|62|52|94|59|102|72|80|74|93|93|111|76|68|79|82|133|86|118|166|132|115|95|76|77|67|63|56|73|57|101|72|434|1482|356|176|109|92|110|85|169|136|111|80|123|109|105|140|102|181|109|203|159|133|163|142|82|63|75|68|94|96|84|110|77|82|91|100|90|93|79|105|63|73|92|124|102|105|66|74|75|106|92|86|87|150|77|136|84|143|82|97|97|124|93|137|7365|6153|2045|912|616|348|258|279|292|399|998|286|163|162|193|156|153|106|169|154|153|182|308|303|201|153|144|127|196|166|173|247|288|204|443|411|914|613|539|695|831|738|736|3724|7747|3809|2564|1027|745|2061|1068|2469|1263|7176|1969|921|534|624|308|256|321|311|200|296|210|154|182|117|123|109|116|117|193|117|309|114|133|97|150|62|101|101|83|75|93|77|100|95|80|71|67|81|77|125|111|66|84|84|80|58|119|123|86|68|200|94|159|102
216,Miro Heiskanen,365,197|203|340|166|336|174|399|124|120|186|176|459|172|155|278|170|1188|557|408|336|619|287|299|361|361|1013|2072|486|494|161|1229|365|335|379|1032|288|451|349|183|181|344|139|349|126|92|91|76|92|103|110|104|63|77|101|109|91|75|45|65|86|53|115|88|77|64|60|77|76|49|72|118|140|86|86|82|110|95|56|52|83|83|61|67|55|51|30|50|36|28|58|49|68|50|34|39|51|32|42|62|53|40|44|40|43|68|56|70|67|67|61|52|81|45|71|62|48|33|41|53|49|42|34|44|44|44|46|50|40|34|51|43|39|73|61|48|91|61|50|41|48|34|42|34|47|42|34|39|37|51|45|39|39|42|55|57|47|46|68|52|60|57|49|59|57|51|67|64|62|53|79|73|83|134|132|66|98|81|101|69|93|146|82|108|80|85|76|46|84|68|119|67|120|77|84|135|61|84|77|75|76|64|165|90|126|107|128|151|81|128|77|125|53|109|93|64|140|63|115|95|102|99|115|122|117|96|151|86|113|81|117|146|91|220|110|162|89|140|68|123|184|140|82|113|145|85|114|121|90|115|88|114|72|89|96|99|136|125|98|134|252|144|169|131|224|174|136|115|87|81|101|153|156|97|151|91|145|103|86|117|104|91|124|105|82|120|128|88|112|92|80|87|121|99|164|131|140|143|136|169|513|236|320|446|293|203|148|787|424|763|735|953|465|263|210|223|362|253|161|137|204|187|136|125|192|112|166|108|123|86|152|89|96|74|120|88|137|98|103|82|82|58|98|83|77|70|86|80|66|71|67|103|132|77|98|78|92|83|199|116|102|120|118|87|93|123
217,Esa Lindell,365,30|39|79|34|92|43|318|86|69|67|53|208|50|40|86|37|310|105|98|65|353|105|126|100|126|108|479|153|154|68|335|145|104|148|651|223|456|202|97|89|137|97|302|39|46|44|29|30|69|49|93|33|23|72|21|22|77|31|51|73|38|84|62|47|36|31|23|31|30|29|32|40|25|28|37|33|21|22|17|18|24|17|21|20|20|23|24|17|11|18|42|17|29|28|22|17|10|10|16|23|12|15|13|17|17|9|19|16|18|17|14|16|18|13|14|25|11|10|14|24|19|7|13|10|16|7|19|19|16|19|21|22|18|22|19|24|15|26|13|9|19|36|15|28|19|8|19|12|24|18|20|15|24|33|24|33|33|12|31|27|23|21|18|22|23|25|17|22|14|28|34|32|47|43|57|53|33|42|24|29|151|69|52|29|24|24|24|30|15|26|26|50|54|30|37|33|28|42|34|34|22|54|34|34|33|64|68|24|55|39|68|37|59|34|30|64|41|45|35|50|32|39|55|70|51|55|42|56|30|54|73|40|66|41|51|26|117|49|42|41|60|41|43|41|32|52|59|41|77|50|56|22|44|33|45|30|37|49|65|101|69|113|330|111|89|82|48|55|39|35|49|47|51|37|37|49|46|45|125|37|41|52|29|37|37|37|41|45|37|56|38|54|50|76|71|104|81|90|104|242|164|331|230|139|86|75|328|226|750|468|492|262|100|89|95|60|67|82|51|61|76|56|48|73|37|48|41|49|32|67|46|50|49|51|27|56|38|53|46|34|27|48|46|41|36|39|54|30|34|27|47|56|43|28|47|49|49|63|46|35|27|42|37|130|45
218,Nils Lundkvist,365,42|34|61|23|39|41|54|22|32|39|16|68|34|35|48|26|104|97|55|32|79|47|35|55|55|46|133|41|71|32|119|71|74|49|130|67|77|70|36|66|68|46|76|45|34|32|30|22|30|32|44|23|22|38|22|23|18|27|28|23|23|18|55|182|104|38|40|34|38|37|34|56|38|20|40|108|40|24|21|16|29|32|33|28|17|25|19|17|18|13|25|22|19|12|13|10|23|18|14|19|18|12|12|25|16|11|9|11|31|38|22|26|17|30|17|22|14|17|20|22|16|15|10|13|16|15|12|9|14|24|23|22|21|13|15|12|13|18|7|15|15|12|13|11|18|18|18|16|17|10|26|26|25|22|24|48|82|18|22|58|25|20|15|36|23|29|29|20|24|33|31|29|33|28|40|321|50|68|39|28|116|46|44|34|26|34|24|23|15|46|21|30|23|33|29|24|15|27|32|19|22|43|29|39|54|100|83|79|81|26|28|18|22|27|22|34|19|27|17|31|24|21|43|18|15|35|23|35|37|69|44|39|40|65|91|26|71|27|26|30|41|34|54|52|24|46|42|31|49|28|93|29|41|28|119|32|26|26|37|61|25|55|27|33|58|137|35|32|26|22|35|77|45|31|41|54|34|42|70|35|39|53|32|23|35|39|31|43|32|34|44|115|39|62|22|24|26|23|39|21|39|41|25|35|36|26|47|35|35|31|44|46|32|27|55|26|37|33|45|53|64|43|36|65|58|38|32|47|37|49|34|62|30|35|54|126|32|58|55|63|18|61|31|53|52|28|36|41|32|32|46|80|31|38|42|39|26|32|29|16|20|57|80|85|111
219,Ilya Lyubushkin,365,34|42|252|29|126|48|148|44|46|79|40|113|44|49|135|58|343|78|73|53|196|56|104|132|71|74|252|48|72|51|275|95|57|68|319|78|89|85|54|50|55|52|112|63|45|28|44|42|25|35|20|20|25|40|43|40|38|27|22|30|8|27|49|56|28|25|29|23|29|34|43|28|28|30|49|43|50|23|18|26|27|25|18|29|13|28|29|25|16|32|28|16|26|13|17|13|12|29|18|17|16|12|22|25|27|19|22|10|24|30|20|21|29|22|16|16|18|25|23|13|19|15|21|19|28|27|17|15|12|20|17|18|15|27|26|17|17|16|13|22|23|13|18|23|13|13|19|17|9|18|26|18|19|13|17|19|27|17|14|31|27|19|15|24|26|14|30|27|20|27|24|19|35|30|24|49|21|44|22|34|41|26|32|20|23|15|18|37|34|50|31|31|43|24|45|25|22|19|30|18|24|50|28|56|46|62|45|14|44|33|109|36|55|40|35|32|28|33|22|28|24|21|37|36|13|31|25|61|31|58|68|25|77|46|40|35|52|19|31|32|37|20|46|34|34|35|101|51|204|71|46|25|48|33|51|31|39|26|79|49|33|62|30|44|52|180|45|54|43|38|39|45|33|41|33|37|40|30|60|28|27|35|35|26|34|33|31|35|42|31|32|51|45|57|29|27|37|27|25|35|31|30|22|35|44|24|25|22|37|32|36|37|30|31|38|25|32|40|33|48|81|45|43|59|28|43|31|31|27|52|38|30|27|25|34|39|28|28|32|42|24|26|18|24|17|22|30|38|42|23|40|31|22|34|37|30|24|34|27|23|24|49|35|60|32
220,Tyler Myers,365,311|277|277|204|255|211|179|157|181|165|133|156|171|138|157|172|185|205|183|155|163|228|170|214|173|182|201|162|207|171|230|216|125|155|183|186|146|187|134|161|179|128|181|201|184|157|137|191|181|141|212|125|154|225|199|147|152|105|108|125|85|205|128|135|162|78|127|139|239|235|213|232|188|184|229|237|186|144|149|135|130|123|138|156|171|114|186|95|225|423|227|173|156|180|134|123|136|206|134|129|133|91|127|101|125|98|118|89|113|99|97|103|100|106|83|110|92|103|71|94|92|100|122|85|93|94|97|70|81|85|55|91|89|95|95|81|68|94|95|87|88|144|97|102|122|122|95|79|91|83|82|102|103|102|81|100|102|100|104|125|196|198|183|120|139|113|161|291|101|267|111|107|156|140|173|641|198|1554|671|340|182|184|282|241|423|282|212|201|204|276|309|729|392|214|385|201|271|195|160|210|301|185|296|122|156|339|272|153|459|220|161|322|299|253|908|183|201|268|161|146|221|173|178|171|187|142|271|187|169|216|142|116|268|201|158|188|161|117|402|423|424|316|198|286|167|139|612|333|195|958|909|756|374|249|412|278|342|356|194|237|288|365|191|230|758|200|299|172|399|279|396|311|240|239|580|763|184|256|195|526|300|242|207|413|237|413|182|280|196|449|214|292|435|242|175|147|103|109|111|93|132|142|154|118|153|138|157|124|146|136|266|207|183|271|5481|2250|987|1687|987|899|10122|7194|2874|1347|1253|1290|540|642|1443|3030|463|658|346|393|243|538|182|265|266|206|120|210|137|193|322|283|202|205|205|310|282|252|294|165|206|321|198|477|251|171|169|390|514|609|248
221,Alexander Petrovic,365,37|62|199|40|228|48|213|62|61|277|57|611|99|56|275|50|714|88|55|49|399|69|820|1187|1265|345|266|134|522|66|423|133|134|134|208|69|307|917|502|279|305|220|499|142|328|313|166|65|74|45|88|60|66|47|25|36|39|21|32|15|37|30|58|54|34|31|26|56|48|40|25|28|19|24|41|31|24|14|20|24|25|20|16|19|24|17|24|18|22|29|15|19|22|25|16|18|21|19|15|13|30|14|14|17|24|26|24|15|17|11|22|16|9|11|23|19|43|30|26|18|11|19|5|22|27|26|14|8|11|14|21|22|23|18|19|19|17|27|32|18|33|46|30|24|28|19|23|8|15|17|16|22|21|22|20|31|68|18|28|29|25|24|19|32|37|26|19|26|21|35|47|43|91|45|53|43|29|36|22|31|202|65|59|37|42|29|31|58|30|35|32|61|47|27|55|32|55|38|45|23|46|140|32|63|60|63|54|35|117|70|282|59|115|101|60|143|80|77|45|95|38|64|223|96|31|56|52|68|45|93|65|25|87|52|60|28|180|32|58|32|97|49|82|73|36|47|51|29|100|45|59|32|51|56|53|43|37|47|58|62|25|160|60|48|51|51|33|45|38|52|88|62|35|48|54|40|42|37|133|31|36|38|43|57|42|65|41|58|35|48|32|45|32|29|35|32|36|27|43|32|42|29|29|37|32|33|51|35|36|32|48|41|35|39|71|44|44|47|37|51|82|55|45|45|34|25|34|41|40|65|38|34|31|25|25|36|26|35|32|29|16|33|16|25|27|31|27|22|34|39|27|59|28|28|56|31|31|21|58|82|47|96|26|31|35
222,Mason Appleton,365,51|175|264|131|254|77|57|101|46|156|60|32|48|320|81|243|127|711|109|99|915|108|348|233|102|87|209|67|278|111|1040|135|108|84|77|50|44|58|36|35|72|54|44|38|28|47|27|35|35|44|62|27|29|45|33|29|28|26|38|32|29|47|36|64|56|32|33|41|39|50|44|44|35|63|182|2961|1835|403|235|183|142|94|108|124|92|67|78|75|65|88|63|55|54|47|49|55|51|41|38|40|31|25|50|50|42|42|40|33|44|26|38|38|22|37|48|56|30|45|43|37|44|26|29|45|38|31|25|21|31|38|44|24|47|36|34|35|44|58|47|27|29|40|36|28|31|29|34|43|45|33|34|25|40|49|51|42|106|67|98|80|96|170|82|54|58|47|74|62|101|104|122|116|156|95|293|232|120|195|1642|863|402|5923|708|465|363|193|87|126|175|162|96|86|65|70|131|56|115|76|47|94|66|83|78|168|189|82|82|52|41|50|85|53|79|322|104|168|61|95|76|55|55|55|70|181|122|54|56|32|71|72|79|50|40|61|46|43|62|77|72|56|104|45|36|60|58|46|58|86|75|74|102|42|53|42|90|408|95|89|591|135|149|68|54|100|70|70|99|62|119|42|135|103|73|59|66|113|84|58|48|152|213|99|380|87|66|82|66|94|94|57|50|87|65|38|34|44|39|39|41|38|44|27|40|34|57|30|44|38|45|36|98|91|50|61|35|65|50|58|97|61|46|86|70|83|63|65|32|66|43|41|45|45|38|102|25|30|76|27|78|30|46|73|39|29|63|146|39|44|50|38|49|68|57|51|65|39|40|39|44|59|45|24|46|45|31
223,J.T. Compher,365,69|59|113|79|69|53|70|36|46|74|50|58|46|44|75|58|103|62|62|43|58|68|251|74|73|49|57|71|48|35|37|51|49|33|46|50|47|60|56|48|68|57|107|102|41|34|60|45|53|58|59|38|36|56|30|30|61|33|36|31|52|79|57|52|53|92|85|59|50|60|57|61|50|59|96|60|67|39|33|51|39|39|45|73|49|36|32|33|50|38|55|52|60|91|102|109|52|50|34|33|39|51|43|37|36|36|35|57|34|33|39|45|45|30|48|49|38|26|35|37|32|22|31|34|24|33|36|30|39|24|32|30|33|34|29|28|32|36|27|32|21|44|44|23|20|42|52|30|37|22|45|36|29|41|49|29|36|48|54|69|48|61|45|43|35|39|97|40|50|48|40|57|62|75|82|68|46|87|84|60|61|111|75|116|86|81|42|78|435|91|52|143|50|49|63|41|75|49|55|80|40|48|54|65|261|91|58|46|39|55|71|58|87|78|44|73|56|156|123|67|65|168|50|70|153|67|59|37|50|79|57|63|55|61|54|65|57|118|85|62|124|69|52|82|76|46|46|106|71|64|113|54|81|89|95|100|72|57|116|157|127|82|71|90|50|55|201|72|103|56|108|90|133|112|239|96|99|66|70|129|96|86|504|97|63|100|78|104|283|89|71|145|54|79|52|121|69|64|95|78|70|56|88|60|83|50|69|119|107|60|155|145|94|77|83|83|99|102|113|75|107|82|92|91|53|91|40|91|80|70|41|64|42|84|42|50|234|105|138|36|50|62|49|80|102|140|39|53|45|67|60|86|215|101|75|88|62|67|74|107|66|62|65|94|92
224,Andrew Copp,365,71|68|80|53|76|59|57|43|31|59|41|42|48|46|35|47|45|140|51|48|61|36|62|45|35|27|43|24|57|41|55|43|44|31|103|39|50|44|44|48|48|57|44|47|34|39|59|36|35|35|45|25|25|55|42|36|50|27|36|26|31|53|42|46|42|58|50|47|33|69|75|49|48|45|62|113|64|45|41|51|53|64|56|35|32|26|25|63|39|50|32|33|41|23|36|35|32|37|24|24|28|14|34|34|30|26|37|19|20|35|27|21|32|26|32|34|34|24|23|28|24|26|19|32|24|33|32|31|28|31|26|28|39|28|42|37|34|41|30|23|31|46|25|26|30|24|35|24|28|30|27|30|28|44|48|28|36|34|34|37|44|94|26|33|24|52|65|47|99|39|56|62|49|65|105|59|48|114|86|59|73|133|75|91|90|60|46|57|73|60|41|50|28|34|56|27|53|43|39|70|35|48|45|37|116|69|39|38|24|33|89|33|56|91|45|96|45|50|74|57|58|54|34|40|53|60|62|42|36|75|45|60|39|87|59|107|36|130|73|45|69|37|42|95|88|34|56|116|78|53|67|37|62|53|106|133|59|58|142|162|125|34|51|244|70|51|100|59|145|61|1011|164|92|86|118|79|139|86|76|158|96|64|295|53|75|75|65|91|89|47|46|71|59|79|48|53|42|42|44|40|47|42|36|38|40|33|48|44|52|37|106|107|67|65|60|71|50|48|68|44|50|83|83|71|78|148|26|155|93|62|55|56|45|71|49|78|145|42|111|45|44|57|35|40|49|52|34|37|46|31|49|106|64|64|66|80|53|51|39|62|37|38|42|42|75
225,Alex DeBrincat,365,456|136|210|262|210|156|158|109|114|154|86|139|144|156|130|98|94|149|148|228|142|132|113|118|87|112|97|105|101|101|105|149|114|111|134|128|102|135|274|161|211|172|174|159|118|121|112|139|141|105|112|82|119|118|91|89|113|86|111|134|102|136|134|141|126|138|153|132|169|156|155|269|169|126|300|195|182|146|231|228|273|215|269|230|267|263|212|207|220|215|192|212|181|186|203|175|173|73|65|74|65|61|83|65|67|72|69|55|58|66|68|79|184|299|172|106|112|117|91|101|101|78|124|151|105|107|89|55|74|76|79|67|91|70|115|62|62|91|60|75|71|105|64|94|70|63|50|72|60|74|104|135|95|85|89|82|85|110|116|123|108|114|113|105|129|140|120|118|229|114|184|145|215|162|309|285|214|347|283|177|297|451|286|339|292|219|152|211|277|196|190|381|161|175|350|136|317|240|108|240|117|144|117|139|364|310|123|123|115|159|312|155|546|338|189|401|191|277|611|332|174|359|163|452|298|155|376|135|145|494|265|397|453|366|187|240|172|966|341|244|1219|203|245|1260|848|283|352|340|236|215|375|135|154|164|233|314|195|206|375|768|1199|278|226|660|187|174|589|336|543|252|807|449|205|257|584|440|1577|370|295|661|410|214|491|222|214|370|212|1011|548|305|277|480|255|248|169|157|169|129|127|179|245|148|168|236|160|140|251|218|248|264|686|459|423|274|256|584|218|227|308|280|149|507|231|501|177|311|137|142|114|150|90|174|135|320|142|182|1150|249|1446|185|246|417|146|220|312|511|131|146|193|209|624|523|414|188|180|278|371|479|248|696|264|324|165|243|204
226,Emmitt Finnie,191,198|129|113|611|393|192|148|380|229|433|4229|3738|831|668|1881|378|281|1192|865|400|979|357|466|259|147|470|182|217|158|140|264|278|118|78|93|77|115|88|134|144|66|771|210|349|375|164|179|573|106|213|244|83|328|64|92|222|76|126|69|448|220|569|182|435|499|87|444|85|63|152|497|99|186|219|143|121|1525|301|173|186|203|287|86|111|216|188|843|143|102|126|65|73|200|95|184|74|140|80|60|90|117|107|104|55|58|113|154|53|171|58|79|99|57|100|99|53|56|110|78|55|45|53|67|60|58|53|49|38|49|40|33|30|35|27|31|26|54|55|45|28|56|92|65|82|223|138|58|368|98|114|67|130|51|74|61|47|31|113|129|569|69|108|160|77|222|46|76|160|54|47|69|91|42|46|57|35|74|199|95|42|57|91|58|71|115|83|74|69|69|38|62
227,Patrick Kane,365,1231|993|1364|1206|1113|897|1015|782|944|856|904|733|1080|938|1234|953|1138|1175|1121|1160|1052|1876|1086|1205|970|1469|1054|1232|1024|888|1002|1172|1057|947|1583|1005|1204|1608|1118|970|1210|1677|2456|1433|1101|1024|885|919|3335|923|3960|880|1090|2232|929|832|2493|971|1587|1060|929|3288|1406|2863|1895|1252|1125|1167|1387|1089|1103|1394|1227|1333|4666|1305|864|787|1194|869|967|881|809|833|1832|1727|1093|1072|1019|1013|772|715|685|668|759|608|607|620|685|485|673|656|507|420|468|476|387|420|542|474|481|520|944|1326|777|621|548|433|552|462|587|481|514|577|541|524|462|437|420|381|457|622|526|561|448|390|411|399|439|463|477|586|393|405|594|452|444|481|465|379|427|535|475|469|495|455|515|610|554|782|562|598|648|534|532|709|813|705|713|571|939|619|1209|1095|1117|1357|1081|2730|1490|1002|1220|4799|1565|1675|1290|1277|1061|1111|1048|949|815|849|853|864|1266|1043|1224|890|1055|882|740|727|1362|1076|2029|1426|1026|873|986|1138|1080|862|1678|1214|769|1481|957|1183|1380|1096|1041|1100|876|1074|773|757|1213|677|742|1338|1004|1493|956|1669|1099|1285|903|1845|1212|1113|3214|1047|898|1138|1190|926|928|950|995|1041|1430|744|712|787|1173|1550|962|1468|3266|2609|2300|1256|1065|1392|1010|997|12893|3864|2820|2135|2954|2737|1441|1616|1952|3103|2613|3446|2386|3739|3535|1863|2171|1198|1104|3034|1899|23296|5839|2343|1572|1628|1724|2339|1337|1133|1068|899|861|910|1501|1278|1498|1916|1313|1131|2008|1805|7976|4275|19183|13512|6629|3768|3367|2715|2021|2253|2133|1646|1340|6789|2290|1789|1897|1983|1150|1457|923|1138|942|1075|819|2346|1172|1079|1596|1106|2389|916|870|953|995|1200|2331|1661|827|893|1113|890|2204|2139|3009|1451|1207|1096|959|1715|969|1163|1049|2147|1156|1107|1291
228,Marco Kasper,365,178|111|77|71|63|63|51|59|63|36|45|30|37|52|89|101|132|195|159|134|155|340|631|193|429|132|115|202|298|117|182|94|267|121|203|110|90|104|84|70|66|55|46|67|45|58|43|72|48|48|46|27|35|58|52|38|41|26|42|50|34|44|40|35|43|44|43|48|44|51|76|152|83|88|119|91|86|61|54|65|66|63|73|75|77|50|44|49|60|72|67|53|45|58|53|53|50|37|46|33|23|40|67|80|52|46|44|38|39|24|33|57|49|49|44|63|55|34|25|42|39|38|31|43|30|37|35|35|34|35|40|35|42|45|34|32|31|36|34|34|35|37|34|35|31|50|43|48|33|38|46|37|44|45|61|41|43|49|48|48|57|70|65|62|58|66|63|69|93|81|77|93|126|92|177|124|83|327|137|100|82|161|74|129|149|131|100|99|130|70|55|100|64|58|104|63|292|109|59|78|46|60|73|67|71|74|71|49|49|70|67|45|49|95|33|74|49|127|64|63|51|80|52|61|71|60|89|56|54|90|98|100|50|69|148|227|134|116|78|84|91|64|82|88|79|72|73|74|79|52|73|58|62|66|87|120|108|63|57|126|107|61|77|98|79|67|78|81|126|62|132|130|192|98|372|205|137|84|129|199|106|51|221|64|87|116|79|85|103|52|55|281|100|76|53|51|62|50|49|108|122|91|88|88|82|85|102|81|82|78|114|98|65|64|95|114|55|84|187|112|160|160|114|92|76|74|44|203|122|115|42|63|37|70|39|41|95|39|105|40|54|62|49|69|86|94|49|53|54|53|53|79|101|46|62|77|68|65|45|81|73|105|55|68|87
229,Dylan Larkin,365,363|255|201|520|384|266|302|256|262|219|167|228|284|249|206|233|199|197|200|194|215|208|196|197|147|181|181|179|169|152|158|225|176|169|221|335|358|245|201|169|167|167|243|175|148|192|190|181|234|169|210|118|127|204|123|133|172|84|162|203|159|281|155|165|128|105|119|155|127|152|164|229|135|141|185|192|187|177|255|291|255|234|233|218|202|205|206|218|202|211|204|188|165|206|217|257|211|94|87|84|108|94|104|213|101|72|88|109|85|93|107|89|101|87|95|95|84|68|82|104|118|69|90|130|107|114|124|85|85|91|73|97|115|94|87|89|92|1161|391|153|137|130|121|121|104|87|91|159|143|148|159|125|123|157|141|131|200|138|146|192|122|189|184|135|143|222|238|219|256|173|378|217|247|258|653|497|343|381|501|279|294|462|236|1165|972|826|443|545|658|302|208|283|181|164|727|224|366|228|180|355|179|265|144|195|349|379|222|190|135|129|335|207|368|283|229|666|303|323|411|229|302|401|231|354|340|254|454|236|203|279|265|389|212|285|183|351|222|409|256|268|292|219|208|361|346|148|302|712|259|228|1921|384|349|373|493|509|286|355|618|1085|1109|359|274|554|296|291|565|397|665|332|719|441|247|277|800|462|594|307|259|1189|953|306|438|262|280|385|324|636|460|294|298|469|315|449|519|854|877|732|987|1102|1951|1297|2265|2248|888|627|12076|6370|13867|5019|36656|21235|9086|5527|2981|3364|1659|1273|1009|695|657|1002|577|1090|636|570|390|389|359|380|349|406|295|443|359|398|349|275|628|270|398|583|250|273|278|578|231|232|392|235|299|652|728|306|309|458|308|944|372|1050|524|373|279|342|328
230,David Perron,365,157|146|735|1133|218|574|279|449|712|3988|293|315|677|370|3895|379|259|367|154|154|120|150|98|145|99|134|82|100|94|88|79|117|73|78|103|80|79|110|87|94|131|119|111|127|84|80|79|87|100|84|109|73|104|129|91|98|70|66|68|92|81|124|104|84|80|86|77|89|91|91|85|127|91|94|143|138|105|102|178|177|184|185|164|183|183|168|170|183|162|175|158|163|174|167|163|168|157|75|74|38|47|59|68|67|48|45|60|57|63|73|58|69|73|61|63|71|73|62|61|54|48|44|60|54|47|57|58|45|55|55|71|77|58|51|62|60|56|67|61|67|56|61|55|73|79|57|66|63|60|48|58|71|96|79|60|68|147|101|89|75|57|59|63|84|94|161|145|107|95|95|197|89|101|113|164|171|141|106|121|109|143|282|146|279|173|115|132|321|139|180|147|147|116|146|127|72|114|115|127|74|88|105|115|115|123|177|107|78|94|86|108|90|141|71|80|126|104|182|116|129|113|111|80|135|384|225|116|154|147|571|145|119|181|229|98|98|115|83|155|114|71|75|100|90|74|339|223|139|121|75|111|66|77|78|142|100|121|102|218|157|141|98|91|319|86|124|125|107|206|97|94|132|196|85|118|350|194|88|132|178|158|120|133|97|129|92|83|77|118|145|110|98|117|81|76|322|177|79|97|89|106|75|93|93|74|76|100|82|86|81|124|117|95|76|85|96|103|112|84|89|92|117|10875|1456|957|522|269|263|190|155|206|387|195|267|149|243|365|124|525|116|228|206|79|142|95|510|188|132|249|139|184|296|174|128|99|151|94|870|215|215|195|217|128|125|130
231,Michael Rasmussen,365,82|43|56|45|42|37|47|36|37|44|33|38|40|40|40|36|34|63|55|45|45|39|49|40|40|39|55|45|45|27|38|47|40|35|41|46|52|63|47|50|32|33|58|47|28|24|36|37|43|31|40|31|22|33|35|34|25|27|28|24|27|74|41|25|27|31|32|49|30|33|53|88|47|49|55|69|59|33|42|24|38|30|36|40|36|55|66|76|45|54|36|38|45|33|29|17|36|26|61|48|30|16|34|28|27|36|49|17|25|19|16|23|13|24|23|20|26|26|17|22|24|21|30|28|28|27|25|32|19|24|16|31|25|25|28|25|17|32|25|25|11|23|16|18|14|25|31|20|17|23|29|34|28|37|26|17|28|26|20|38|25|32|33|21|27|30|32|36|52|39|64|49|53|38|74|93|49|85|81|45|49|214|61|65|83|82|37|57|156|107|71|54|50|42|66|40|64|50|31|77|37|51|45|43|53|55|42|40|30|39|111|39|64|61|27|71|27|50|46|39|52|64|37|41|86|52|109|48|55|83|56|62|43|75|42|211|45|74|78|48|46|32|56|80|57|34|57|67|49|54|98|32|50|41|177|181|62|62|74|97|84|58|50|203|65|44|96|52|105|52|156|91|55|51|127|56|80|51|53|182|81|48|107|49|59|52|46|56|95|36|41|67|58|39|44|45|27|67|37|47|47|50|53|57|48|65|75|53|59|58|80|79|45|45|68|115|59|69|95|58|52|90|87|88|78|86|45|132|96|87|73|64|50|65|34|45|59|42|62|41|38|45|29|28|33|60|43|30|38|50|24|68|79|58|73|72|102|57|42|74|56|45|47|76|100
232,Lucas Raymond,365,216|133|118|141|162|102|145|104|112|108|181|134|180|165|150|139|128|190|225|170|179|289|468|198|661|355|463|202|226|230|126|136|266|169|2122|427|407|497|195|123|103|108|102|97|59|91|91|117|123|93|106|74|92|85|66|69|90|71|85|216|135|121|88|59|78|81|150|83|69|91|110|169|133|97|115|115|74|62|49|64|118|67|79|53|63|55|55|115|287|276|164|154|145|79|64|85|58|55|56|49|70|34|43|70|94|59|47|41|51|49|47|73|68|41|60|75|49|49|45|62|69|49|66|90|44|59|55|65|48|41|81|59|60|77|59|45|50|68|57|62|58|67|54|68|44|58|53|55|48|65|69|74|75|59|68|69|70|74|74|80|58|71|76|60|85|92|99|100|82|94|127|146|202|238|228|166|175|925|387|283|233|253|164|185|312|187|145|192|195|145|110|124|111|151|204|102|171|152|102|321|117|122|131|99|171|167|115|94|78|68|175|101|173|407|106|276|280|216|220|135|123|244|97|122|145|157|186|102|118|236|91|151|95|110|90|151|98|194|107|132|126|107|118|252|173|182|189|326|185|154|287|155|138|160|249|295|229|179|222|573|387|212|267|608|246|254|435|267|524|195|288|176|189|187|400|298|405|238|233|427|1271|257|367|243|209|215|158|236|272|189|183|368|202|309|276|278|293|258|299|947|596|836|2386|1134|695|1867|6613|2067|832|680|1098|724|422|298|294|422|225|323|435|281|209|270|225|212|183|256|136|146|109|138|78|180|139|174|104|119|178|90|417|102|109|140|105|178|257|234|113|117|134|116|194|138|170|123|126|150|140|195|118|210|177|213|199|125|169
233,James van Riemsdyk,365,354|174|196|446|708|594|626|360|1103|427|849|154|373|554|252|186|213|246|365|444|251|789|618|325|1168|1229|651|538|766|243|240|306|232|191|135|146|181|178|116|139|125|183|106|104|128|114|97|97|140|101|145|74|123|158|101|86|132|74|113|150|93|142|138|112|129|106|150|126|101|134|133|155|119|142|4240|1881|739|355|373|354|348|307|297|275|537|627|329|287|274|294|237|214|236|217|205|206|201|97|75|91|96|73|90|91|89|88|90|86|102|134|157|101|110|125|97|113|92|86|85|91|98|66|94|97|102|90|76|80|111|111|112|94|109|86|84|74|102|82|79|80|134|236|143|115|91|73|74|92|92|82|109|122|160|113|131|127|183|124|194|175|199|226|167|129|149|189|234|333|260|165|205|201|272|255|460|227|301|291|2566|979|1009|758|341|352|580|251|154|236|320|173|166|258|111|143|259|124|198|223|173|608|169|174|241|266|319|249|180|141|126|153|133|118|208|219|123|233|252|160|271|195|152|917|222|505|231|180|148|119|134|1312|254|375|218|588|283|964|269|320|284|168|213|110|129|275|227|139|515|534|188|203|1720|281|252|267|310|259|247|271|321|555|420|261|230|949|278|235|803|306|1332|342|1027|873|291|308|414|444|1334|400|454|1161|936|309|541|177|208|359|205|724|355|212|172|262|436|199|162|140|187|169|141|358|367|209|239|251|201|159|245|219|256|199|730|582|338|266|727|298|248|254|177|169|207|188|256|336|263|920|232|225|368|203|284|185|147|242|167|220|346|192|234|109|123|216|86|143|177|211|138|161|264|194|301|243|263|194|155|225|281|655|164|460|198|243|291|172|147
234,Jacob Bernard-Docker,365,86|53|93|116|72|103|37|80|44|120|43|54|97|52|62|51|60|43|47|61|49|63|55|39|46|46|45|25|53|25|34|37|41|44|47|40|48|55|50|53|36|45|45|31|29|31|36|94|47|35|28|36|37|37|39|29|112|47|24|35|27|42|40|40|37|28|50|40|47|112|75|122|97|257|2247|713|301|154|125|124|109|105|71|93|90|73|80|64|81|83|60|69|62|49|56|41|58|54|35|44|48|38|45|45|40|33|39|48|49|44|38|48|44|41|60|68|43|72|79|95|78|42|51|36|45|55|46|37|32|32|38|35|48|37|35|32|42|52|37|37|43|41|45|46|39|38|35|49|46|50|35|45|49|42|50|44|56|58|50|61|56|136|63|61|55|72|98|84|65|105|165|213|164|130|162|236|251|307|280|133|98|185|168|179|300|279|89|141|210|90|54|80|50|59|52|51|52|53|32|46|29|48|53|51|75|65|42|61|45|54|81|69|105|66|57|62|46|47|86|59|58|74|42|50|63|51|44|39|107|107|68|53|37|79|42|101|62|69|59|90|104|59|47|102|98|60|85|69|83|65|237|50|89|229|226|195|72|67|102|149|116|54|53|214|60|57|104|52|187|65|109|55|75|61|81|106|106|59|54|229|244|52|159|65|87|148|59|88|90|71|64|99|79|75|49|46|37|40|34|40|51|33|50|37|68|48|54|41|53|51|102|81|53|45|45|101|65|102|84|70|68|84|100|114|75|111|72|87|65|54|47|62|55|95|47|57|59|46|114|57|59|257|675|168|542|105|48|107|87|47|243|157|132|72|69|54|55|51|31|50|52|39|39|41|67
235,Ben Chiarot,365,82|48|76|65|76|103|52|50|63|84|70|54|69|62|75|52|45|73|52|36|50|70|40|41|38|48|46|45|53|42|54|75|60|64|89|93|56|58|51|56|60|67|44|35|47|36|44|36|57|43|52|38|36|52|42|35|45|28|44|30|39|65|46|48|32|31|93|57|54|62|54|131|85|56|64|87|61|40|31|32|36|30|31|40|33|33|28|37|34|32|34|39|60|105|86|40|41|33|32|23|28|23|19|31|37|22|31|25|35|20|38|31|33|24|39|33|19|20|39|40|30|39|25|24|22|26|32|37|19|16|33|26|31|30|21|25|24|27|24|15|30|33|29|25|33|32|18|28|34|39|35|45|30|29|34|29|34|53|55|43|33|57|35|28|33|34|40|34|68|45|58|53|64|49|114|115|81|186|134|103|92|198|89|79|109|95|50|67|94|55|41|68|49|38|112|47|77|59|51|60|36|48|41|37|67|65|43|29|36|54|81|34|61|67|38|69|41|94|160|82|75|165|92|133|86|84|124|54|55|423|71|81|45|68|38|84|43|105|105|42|42|42|39|77|69|36|73|85|52|53|92|44|51|36|72|254|165|86|134|90|111|73|59|177|80|53|86|95|365|61|127|103|62|63|93|102|94|78|55|157|120|66|307|57|61|1241|501|401|142|74|60|110|63|55|52|43|31|41|51|48|65|48|48|49|44|68|53|61|55|43|82|84|61|49|68|110|54|100|75|51|64|89|124|114|74|130|60|71|56|55|48|45|44|83|34|106|156|42|90|104|434|171|126|115|95|101|72|81|85|73|76|207|119|65|91|62|61|72|47|61|70|56|52|52|123
236,Simon Edvinsson,365,86|61|40|55|49|56|31|37|58|26|29|31|36|46|43|55|106|80|112|84|73|144|129|65|178|111|137|68|81|68|36|56|108|62|299|80|81|108|75|57|48|49|49|42|28|27|32|28|74|57|50|51|42|31|18|23|45|26|40|32|23|32|47|23|25|26|38|34|44|34|48|91|61|59|89|67|62|57|49|40|52|40|25|38|40|23|13|30|35|57|52|51|40|120|64|36|28|30|29|27|19|21|16|30|17|22|18|20|16|14|23|20|32|26|20|29|39|24|20|26|30|14|22|33|24|19|27|22|17|30|15|28|21|27|27|27|20|26|21|24|22|28|34|23|30|32|28|36|36|26|23|33|31|45|35|28|20|37|30|37|38|41|51|36|37|41|55|54|62|47|89|68|75|41|84|97|57|247|82|75|57|108|62|90|116|85|43|75|81|62|39|227|52|41|179|46|77|60|35|70|41|44|60|46|71|85|40|42|35|45|80|40|83|78|52|79|45|50|53|49|63|49|38|41|80|49|56|60|53|106|63|54|57|106|157|229|131|131|123|122|118|147|176|129|102|57|96|133|83|70|119|54|67|59|66|1481|219|109|117|179|136|92|136|173|90|70|164|75|182|86|156|168|95|60|91|77|67|65|73|503|157|111|118|116|138|99|90|99|100|58|59|139|77|100|80|67|74|48|60|73|51|46|54|62|76|62|108|65|69|54|122|87|56|60|62|7903|4232|1310|649|339|208|387|196|174|139|199|99|109|72|109|93|93|93|116|83|83|111|69|89|66|110|103|67|61|103|135|120|132|67|69|88|66|98|70|72|69|69|86|45|99|60|73|49|59|101
237,Justin Faulk,365,55|286|276|94|239|66|76|297|65|302|118|71|84|374|96|747|254|1440|192|169|131|126|82|65|65|67|37|53|80|54|58|59|67|78|50|70|47|65|65|68|50|51|43|40|58|62|42|42|38|45|56|47|42|61|61|33|49|35|38|20|36|32|35|34|38|35|39|40|34|40|44|48|27|37|64|65|75|73|70|60|53|34|33|26|21|36|39|17|35|40|28|43|29|25|25|27|26|24|37|28|34|23|38|44|37|33|18|30|30|36|24|30|23|37|31|31|35|23|27|35|28|22|25|30|26|33|15|33|29|15|37|24|31|34|29|49|55|34|47|42|35|39|29|32|36|31|27|26|32|29|36|33|37|27|38|28|29|29|30|34|29|30|53|53|40|39|38|48|49|38|30|39|50|44|45|274|77|58|38|73|51|63|30|33|56|32|39|106|32|46|50|67|68|68|62|34|51|46|82|58|76|56|93|134|57|98|54|47|89|62|50|106|81|42|443|3413|1003|429|160|86|139|138|111|79|91|106|1990|257|173|90|92|65|62|81|73|48|114|57|46|362|59|46|81|83|214|105|53|82|65|179|72|71|57|67|109|101|146|97|82|146|157|67|77|101|92|118|70|81|128|67|77|211|75|58|101|77|115|88|118|66|61|86|179|113|108|125|140|163|98|123|85|124|133|138|73|57|53|55|73|58|84|67|53|71|79|113|87|115|128|151|167|132|141|162|153|231|234|248|345|370|300|324|12294|4567|1153|2479|613|1032|207|240|111|159|112|140|80|105|230|115|203|70|94|121|53|81|96|183|83|69|127|96|104|172|142|87|112|513|117|149|145|305|147|128|130|162|141
238,Travis Hamonic,365,194|54|102|157|97|108|81|82|74|137|51|54|79|47|132|201|169|89|75|52|42|47|47|50|30|24|30|41|50|20|49|47|32|50|60|48|39|32|64|52|49|68|40|44|27|41|31|41|38|46|50|48|45|45|48|56|37|34|28|22|29|39|59|26|34|30|32|40|40|49|62|73|57|58|98|80|67|67|34|62|56|56|64|45|38|51|41|71|49|45|29|41|28|57|44|40|28|27|36|31|25|31|28|22|27|30|34|36|35|76|32|29|25|29|26|28|29|18|27|1963|917|342|197|155|91|85|64|37|35|51|48|61|64|53|36|30|33|84|49|36|42|36|40|49|78|47|40|42|48|35|50|41|70|83|42|52|62|42|55|84|45|67|69|42|47|59|43|67|98|67|79|130|132|91|257|668|171|118|109|54|71|145|98|72|88|62|60|69|67|107|62|174|66|67|428|54|136|76|43|206|34|100|39|61|433|120|70|60|49|58|75|62|53|89|51|115|48|456|112|59|58|133|47|112|76|46|83|42|58|63|42|58|40|39|49|46|46|261|145|48|49|43|60|46|48|66|61|77|49|45|52|39|53|37|60|58|61|59|55|80|60|56|49|63|80|53|81|51|69|39|68|59|58|62|78|68|60|69|49|71|726|104|302|96|91|210|80|212|258|107|78|145|57|273|62|37|46|40|53|33|46|40|38|29|36|42|50|48|53|55|104|81|44|39|65|64|46|64|72|50|43|70|89|67|72|71|41|50|57|51|35|57|47|43|41|41|44|30|46|28|39|50|36|36|35|49|31|55|34|35|25|52|47|41|64|57|40|53|38|69|45|54|91|77|63
239,Albert Johansson,365,46|27|27|16|16|21|10|14|14|13|14|13|22|12|15|17|12|20|10|20|16|14|16|15|17|18|8|15|17|10|14|11|15|13|19|30|22|13|18|12|16|8|21|21|12|11|11|8|14|15|19|17|15|9|10|9|11|4|17|13|8|14|27|11|18|8|16|15|8|15|16|20|27|288|136|72|36|28|20|16|28|16|17|17|17|14|13|19|22|24|19|31|19|18|22|22|12|9|10|14|18|9|11|14|15|11|12|12|9|14|8|9|26|15|8|11|20|9|16|17|21|12|13|19|10|20|16|12|12|22|15|17|18|13|13|19|8|15|10|18|11|15|14|7|10|10|11|10|17|20|11|21|14|12|13|10|11|10|17|14|8|23|21|18|19|22|25|35|22|22|49|52|60|35|44|70|36|75|51|29|22|61|33|54|69|68|25|34|44|58|21|22|21|28|31|12|14|27|22|41|21|26|20|22|27|21|17|23|9|16|27|16|21|22|14|28|13|12|25|10|16|30|16|23|27|14|23|14|20|35|23|29|19|14|28|34|35|62|49|28|24|17|12|37|45|25|36|45|33|37|36|21|43|13|40|73|42|32|32|49|44|43|29|63|24|33|38|29|38|22|189|32|34|25|65|29|35|23|22|71|61|22|65|30|30|40|40|50|38|22|33|47|40|24|22|22|20|23|28|36|22|16|19|15|32|21|25|19|18|19|37|34|31|26|28|44|36|45|115|68|27|62|43|33|40|70|26|17|21|23|14|20|23|48|21|22|34|15|35|12|18|14|19|14|15|45|32|11|27|10|23|27|198|25|34|40|27|30|21|28|21|24|12|18|43
240,Moritz Seider,365,167|112|114|151|107|89|93|108|107|106|111|87|106|92|115|233|161|183|192|131|152|210|266|213|151|225|188|209|130|166|156|217|296|183|171|126|132|141|133|126|119|105|131|108|74|84|84|91|158|103|140|103|151|223|156|125|147|83|92|143|96|135|113|82|88|83|214|154|102|165|138|212|128|140|140|132|108|134|193|169|222|192|182|203|193|169|157|167|196|209|199|201|176|169|168|159|168|68|68|56|40|48|49|58|60|56|41|48|71|59|58|64|71|73|67|88|53|91|69|78|59|64|42|68|61|53|64|126|101|96|74|59|76|58|64|41|54|40|53|44|81|60|65|62|61|67|65|101|77|78|67|78|58|65|80|82|84|93|118|106|109|124|87|69|109|132|102|137|166|114|136|177|199|190|244|259|172|199|302|169|191|318|168|273|206|493|185|177|232|157|117|191|134|97|198|129|179|171|99|428|201|211|140|143|204|211|150|118|90|112|196|145|266|239|132|195|156|163|240|145|130|221|161|173|146|120|722|160|124|439|171|227|197|235|168|167|142|283|154|159|216|141|129|313|185|151|320|1007|753|492|510|225|261|303|323|740|262|288|347|360|514|208|243|406|397|278|356|229|294|437|454|322|249|229|256|253|252|213|244|1428|521|295|404|363|294|415|264|346|347|179|199|310|323|390|325|357|294|410|392|412|1337|955|786|2416|647|603|902|441|325|315|606|458|333|280|249|358|224|263|356|236|173|428|208|201|325|436|243|184|150|175|190|154|135|305|178|212|344|143|364|192|158|189|204|217|240|226|108|158|196|137|194|264|190|220|205|220|181|513|312|315|242|196|165|196|273
241,Colton Dach,365,38|27|25|38|35|33|44|48|34|28|37|26|41|47|86|30|35|46|63|39|32|28|37|30|23|34|23|30|25|23|17|28|34|12|20|25|36|46|27|33|26|28|23|23|19|11|21|18|31|20|21|22|14|22|23|26|25|15|28|23|11|18|23|24|26|19|44|47|25|42|36|126|86|54|53|34|32|27|18|30|22|23|15|19|12|16|17|17|15|22|15|22|21|17|13|24|26|53|47|25|26|16|17|20|11|7|4|9|18|16|15|31|19|9|10|8|47|12|12|13|16|8|11|18|14|21|27|19|18|32|242|43|20|20|9|9|23|18|22|23|17|17|17|19|18|13|24|22|19|14|17|23|19|30|38|28|41|32|79|127|73|43|35|199|92|40|287|55|37|64|50|60|408|205|196|284|401|1418|162|302|202|395|418|297|72|149|71|57|105|155|46|85|110|50|660|107|175|62|137|75|104|90|117|77|306|177|85|57|59|152|71|69|1847|222|86|300|80|130|101|66|103|40|46|205|47|129|271|199|97|111|67|100|68|73|99|63|57|179|77|369|102|75|65|146|69|375|129|64|47|50|150|78|52|55|107|114|58|122|71|101|80|132|180|84|97|239|68|81|54|38|206|65|39|82|57|86|53|120|83|52|90|71|66|59|49|65|59|102|62|63|46|127|72|84|47|60|29|32|40|32|40|27|30|44|33|36|36|39|40|75|120|92|54|83|90|51|61|103|57|53|70|11303|3812|3435|449|1074|376|603|245|171|175|130|166|141|128|91|88|79|87|68|52|94|73|101|63|65|111|84|96|101|158|97|101|89|186|2032|429|201|386|148|104|731|137|145|1894
242,Jason Dickinson,365,42|30|37|38|33|31|37|37|24|43|29|33|30|34|22|33|68|54|40|34|40|33|37|40|47|25|33|29|26|30|53|48|41|27|45|52|48|49|43|54|46|50|42|40|42|34|33|33|31|39|27|25|21|30|33|33|36|22|30|15|21|37|43|31|40|29|35|34|26|41|42|49|29|43|54|46|25|55|35|19|25|41|28|17|24|18|29|34|33|24|25|20|22|20|19|35|22|28|32|24|18|22|19|20|13|13|28|25|18|23|22|32|16|21|28|24|14|16|17|22|23|18|23|16|24|18|18|23|25|12|22|23|10|14|25|37|37|36|18|17|18|25|13|15|18|26|19|11|21|22|17|29|31|22|28|59|36|46|27|57|31|26|19|44|33|30|39|34|17|40|33|35|144|117|80|96|53|71|42|91|44|150|156|199|63|79|51|35|47|55|40|42|54|29|93|45|47|36|45|78|42|44|54|29|49|37|48|37|38|54|34|47|71|33|32|141|48|58|39|42|97|35|30|160|36|48|58|58|46|66|42|93|92|48|63|27|45|99|66|66|39|32|50|296|42|43|47|50|34|27|62|49|29|54|133|51|35|88|40|96|48|48|42|33|44|102|45|69|63|35|44|34|43|47|43|54|36|145|49|34|69|120|52|40|55|64|50|55|54|35|49|120|43|54|28|38|32|31|31|27|39|36|20|38|27|28|41|36|37|32|56|51|54|46|65|56|40|55|53|93|95|8673|1495|941|168|401|142|250|78|386|76|73|150|91|210|57|82|49|94|64|66|149|67|247|111|117|72|52|107|125|265|77|76|42|69|218|272|82|190|138|78|99|43|75|187
243,Leon Draisaitl,365,1524|1070|876|995|1882|1064|1873|727|1952|829|5124|1296|2481|1403|3223|878|971|1024|970|2783|1144|5197|1656|4232|1370|2763|1318|3710|1451|1162|1242|1880|1476|1421|10567|1645|4330|3616|2102|1693|9775|2584|9938|2583|1767|2067|2336|3041|30465|6852|19767|2927|3093|5590|1491|1623|26300|5970|7153|2156|2047|8690|2654|1906|1181|905|925|816|706|622|736|782|738|603|754|644|526|437|401|470|425|459|653|572|516|430|353|521|358|330|770|515|313|369|377|367|302|299|244|196|258|267|296|327|324|372|380|628|705|562|470|532|710|767|502|405|514|270|247|255|273|294|395|286|331|274|251|177|208|245|255|339|367|308|263|225|277|234|230|290|335|591|261|240|304|439|545|557|350|321|256|303|477|482|402|385|381|351|399|373|434|356|334|319|485|649|485|369|424|971|591|973|943|779|1572|623|491|937|560|558|653|429|607|516|627|512|426|479|360|568|369|511|1226|602|670|429|516|347|490|339|485|708|552|413|389|542|421|544|455|720|662|388|711|439|451|414|776|571|419|499|367|398|557|430|412|517|476|387|348|480|337|541|407|705|425|399|468|420|637|608|1391|1064|864|4663|1621|1118|966|640|951|628|1558|770|749|1185|1028|750|850|833|963|1035|1051|771|616|681|1098|774|804|929|5706|1145|1551|1204|575|714|1113|1966|1454|743|815|537|795|618|1120|582|930|625|586|1096|655|1251|655|741|1596|2057|2948|3716|1545|1246|1154|1428|5609|5869|3939|12489|7015|5272|6138|2207|2055|1750|4369|2500|1612|1366|1248|1353|959|951|806|709|1157|687|609|618|568|868|492|695|532|815|614|511|964|1361|1267|735|555|683|1014|516|444|590|439|629|510|426|450|422|606|422|482|452|600|458|436|535|688|585|475|531|489|716|579|612|1059
244,Trent Frederic,365,125|137|159|259|509|288|445|138|280|207|510|126|592|169|2355|285|197|140|145|484|211|1029|373|636|165|1639|291|436|154|140|144|161|144|164|334|135|384|689|262|227|531|242|906|350|267|267|335|592|1711|407|1319|283|251|1297|370|250|864|272|525|149|212|1768|2398|748|356|204|209|220|247|176|2872|1283|308|301|383|320|195|148|99|79|106|98|99|87|73|74|64|51|85|41|78|56|56|62|55|40|50|49|38|37|67|102|77|41|37|50|48|42|48|46|55|52|56|44|44|37|31|35|41|42|40|50|41|51|49|42|100|138|82|61|61|104|70|47|44|37|54|59|52|47|55|56|49|43|48|45|34|44|32|26|41|56|61|59|88|66|55|55|57|75|92|65|51|56|359|117|72|81|69|81|72|95|153|223|363|129|95|277|98|110|914|85|87|101|129|56|72|124|95|126|90|87|104|83|89|45|89|60|50|47|520|146|160|79|68|211|189|671|228|288|139|93|179|80|195|110|213|291|122|248|98|97|218|189|182|96|120|107|77|120|126|142|84|150|63|51|115|82|100|86|150|172|94|195|219|723|184|93|374|155|409|78|117|96|124|105|131|73|216|220|187|106|107|221|302|134|389|167|116|111|176|394|98|94|67|113|148|48|83|69|76|61|92|56|101|87|77|102|68|167|159|94|427|388|145|109|72|74|80|110|66|54|42|82|75|62|91|71|85|91|149|119|125|125|302|228|180|145|82|98|126|109|105|97|78|734|111|214|87|236|322|70|91|70|136|61|144|112|99|64|59|82|71|58|50|67|52|56|71|78|91|67|240|77|56|72|80|59|70|57|264|147|65|74|161
245,Adam Henrique,365,117|100|132|101|394|140|320|111|348|154|422|114|263|111|725|166|124|128|102|356|96|513|131|377|107|5301|496|1084|244|145|174|210|142|206|435|155|743|497|267|176|1240|313|1003|271|201|195|226|360|1387|328|1939|257|264|738|156|136|881|240|561|127|157|1035|200|151|109|107|98|100|89|87|80|90|79|148|178|153|95|92|69|86|117|82|99|116|106|92|76|68|75|47|76|98|66|68|47|58|61|57|46|39|46|58|41|48|44|62|65|49|58|52|60|49|61|55|43|44|41|49|46|70|66|65|51|77|55|102|82|48|51|75|52|68|44|64|57|56|48|55|57|65|42|58|46|55|70|47|54|48|43|54|44|62|83|62|63|60|64|56|42|68|78|52|74|59|79|63|54|74|79|94|51|61|91|77|232|77|69|162|73|124|260|95|106|275|154|106|742|1062|208|400|157|173|118|62|145|143|2373|170|125|124|161|143|106|97|95|119|110|131|86|138|127|70|110|71|146|94|138|128|74|124|79|110|135|71|91|123|84|80|84|108|68|129|71|115|76|69|91|66|106|104|201|283|110|118|77|115|131|66|99|102|180|96|113|83|150|110|121|91|106|104|145|109|92|82|203|215|122|102|112|72|114|120|79|106|82|115|142|128|123|110|98|74|105|83|153|94|120|91|78|99|67|103|117|109|168|123|102|61|72|76|120|82|73|77|82|85|134|98|81|88|170|219|214|152|229|195|139|239|125|121|134|208|110|181|104|153|95|116|111|153|103|94|94|118|205|116|92|93|132|94|82|126|75|110|119|110|82|86|162|79|437|142|141|69|92|135|95|75|99|80|78|130|81|80|148
246,Zach Hyman,365,226|187|193|316|633|328|505|266|742|301|818|247|757|288|1514|276|260|290|329|2357|624|1267|422|930|346|1534|474|1234|431|546|631|814|530|478|2060|436|1917|6074|3880|1602|8002|5128|4648|1971|1257|1006|1676|2018|3099|1455|1917|1151|1698|1283|583|566|1513|635|1875|551|501|1724|633|428|333|266|349|198|239|266|263|297|308|259|293|348|302|299|337|277|749|378|463|453|358|323|280|230|216|227|222|207|203|209|218|216|235|121|83|126|104|102|179|164|94|128|108|95|81|117|106|180|100|99|99|114|115|95|103|85|107|76|98|183|197|191|192|102|94|133|116|122|160|160|204|133|153|143|126|102|145|120|113|128|151|153|137|179|160|130|121|117|154|166|163|128|132|138|109|118|136|122|155|130|199|173|192|398|237|283|279|305|301|277|543|205|211|540|238|230|316|253|293|324|325|267|226|286|266|383|258|325|325|178|284|261|266|172|227|212|230|319|235|195|219|286|179|451|273|324|287|390|730|288|485|334|462|279|193|255|174|175|226|161|155|292|476|174|191|236|181|306|162|269|180|194|254|207|909|290|764|342|186|394|218|281|223|175|339|289|646|235|286|281|349|206|371|397|814|292|468|251|207|222|266|192|317|179|314|186|1010|946|408|390|242|543|863|316|338|260|247|244|612|232|556|310|293|615|525|692|246|415|894|380|305|253|211|187|183|195|236|214|180|248|196|179|378|328|478|300|922|835|491|369|406|467|274|284|222|219|318|274|222|390|260|226|150|284|188|213|219|133|301|155|398|206|248|172|414|230|209|339|202|588|469|517|263|307|280|198|234|222|460|210|199|252|256|316|243|178|177|236|174|195|316
247,Mattias Janmark,365,39|35|38|44|194|84|119|38|112|41|289|63|979|133|403|87|157|64|48|243|64|439|68|179|73|400|85|448|98|62|70|110|83|103|482|94|474|430|165|104|720|171|1530|227|119|139|160|204|666|183|550|100|80|418|72|79|325|115|203|44|58|304|101|61|60|63|48|50|38|45|31|33|25|30|39|46|31|27|25|39|42|30|44|43|29|20|27|21|19|18|22|17|43|24|28|27|26|22|26|17|22|28|25|26|25|26|14|39|30|25|36|19|25|30|23|20|21|12|20|27|29|13|32|20|19|17|17|22|13|19|24|25|16|26|24|20|26|21|24|28|23|18|28|27|26|22|16|21|31|14|22|26|26|28|31|21|39|41|22|23|42|22|32|25|36|22|20|35|29|42|46|49|45|61|131|38|46|99|56|31|52|34|55|39|54|41|76|83|42|71|39|47|50|36|33|35|62|37|43|55|44|79|42|39|35|63|38|91|38|137|60|23|47|28|34|41|41|35|38|57|25|29|86|27|92|46|27|24|29|48|29|118|29|59|92|45|40|27|57|54|66|36|29|53|42|58|32|32|76|38|93|33|43|28|53|23|59|24|53|39|49|44|37|57|93|38|44|49|69|47|75|60|36|41|28|58|72|36|60|40|44|30|50|38|80|51|46|49|35|47|27|29|103|66|81|36|33|40|37|42|45|28|31|50|43|44|59|42|38|49|47|38|33|36|66|88|40|32|49|146|54|43|65|53|36|41|17|43|26|50|34|35|52|24|47|24|34|122|140|81|23|22|27|48|22|40|34|28|67|32|32|35|29|37|36|46|46|17|31|25|24|44|18|16|51
248,Max Jones,365,86|56|58|65|70|57|59|46|61|53|67|42|60|61|113|67|69|69|60|83|63|152|66|75|58|116|80|121|87|65|50|96|51|84|99|61|91|94|75|68|220|165|290|154|86|87|79|115|298|109|258|69|70|149|56|61|198|81|105|79|172|184|106|93|69|59|65|49|56|58|71|75|45|55|74|83|71|45|28|41|49|39|42|47|28|28|18|39|26|25|37|24|24|28|36|24|20|32|26|27|27|37|26|22|32|27|31|27|27|24|32|18|34|32|23|44|16|29|30|26|14|30|24|29|20|24|23|36|24|20|27|24|19|48|29|28|23|27|41|23|24|29|31|40|20|17|30|17|31|30|47|31|44|43|42|41|44|44|27|41|38|32|24|36|43|27|31|41|62|42|71|104|114|52|61|40|45|52|28|53|51|35|41|24|42|41|31|40|31|25|36|40|26|26|57|17|33|40|28|20|31|37|31|57|27|52|37|36|55|36|32|36|41|32|41|32|39|32|37|47|21|35|34|28|34|20|43|29|17|39|35|34|26|33|38|31|39|101|106|55|71|180|62|68|49|382|129|65|123|38|276|48|62|49|62|42|1152|92|255|205|97|61|42|46|36|30|26|38|37|23|20|24|31|42|40|39|45|21|19|44|18|39|39|40|32|27|40|39|26|29|55|20|42|31|19|23|28|28|17|21|31|28|35|32|26|31|40|37|35|29|45|36|35|40|39|27|29|34|37|37|39|41|43|37|26|36|22|28|16|47|364|35|42|55|1097|114|84|54|58|34|30|46|28|84|194|81|39|46|493|125|106|61|64|31|59|51|57|37|95|52|54|57|31|16|58
249,Kasperi Kapanen,365,183|104|135|172|152|165|153|210|548|198|365|129|267|332|245|171|151|252|248|212|190|257|193|191|258|4016|608|24791|2687|901|621|741|454|469|1515|325|1107|1567|568|369|3609|556|2099|417|474|483|522|419|9356|2168|3729|499|479|1558|322|234|1079|403|428|218|300|1216|394|253|229|210|201|190|182|135|147|153|141|435|400|298|270|233|158|155|153|138|125|121|98|86|109|466|204|130|118|83|81|112|75|117|107|88|82|74|82|65|64|64|62|68|71|96|94|161|160|122|88|98|107|84|116|90|75|79|77|74|93|62|63|90|94|107|107|103|89|318|126|643|191|681|141|82|143|97|99|91|87|93|59|62|80|84|92|122|76|73|105|106|129|93|84|182|232|93|78|68|195|244|156|156|171|146|113|302|138|134|145|741|1130|453|200|273|137|153|254|100|279|176|175|117|417|214|742|625|185|185|164|141|126|124|149|112|120|104|152|159|98|231|103|491|148|180|142|159|185|117|153|115|213|124|110|117|93|311|86|146|115|243|327|282|156|198|118|118|320|157|126|472|149|89|154|92|243|132|238|304|129|180|109|116|166|175|339|136|206|117|151|138|154|230|178|167|164|484|259|282|303|223|1362|546|675|198|461|230|474|273|168|244|137|937|511|171|207|146|174|161|527|202|265|135|128|365|184|271|136|165|724|428|150|158|230|234|211|218|203|193|163|143|123|157|241|148|306|1146|604|223|157|139|151|157|176|119|127|173|220|165|120|131|150|595|283|401|160|148|744|151|130|136|133|132|134|110|253|259|222|287|265|211|129|242|142|136|476|202|227|164|502|231|136|180|199|139|134|116|125|155|140|116|180
250,Curtis Lazar,365,47|44|79|71|58|62|73|52|77|81|58|45|101|81|85|54|62|61|64|54|65|67|55|48|55|77|53|49|33|78|57|72|67|66|64|56|62|87|133|75|53|84|71|50|42|43|33|65|64|36|69|55|74|39|42|35|56|35|34|30|21|61|57|39|32|30|32|39|33|46|38|51|46|63|82|3859|2044|785|548|378|302|340|423|379|265|300|259|197|188|191|167|164|145|159|152|156|155|58|57|38|37|40|44|50|42|44|39|24|38|37|43|45|56|51|54|62|54|45|46|71|41|39|55|37|45|73|56|44|53|42|31|40|47|54|35|35|38|63|63|44|36|37|49|36|31|49|44|95|63|41|34|62|67|76|56|80|119|128|56|56|176|59|66|47|418|62|43|104|65|77|49|81|138|112|363|116|100|162|75|81|103|90|60|1587|491|89|98|86|89|82|58|54|508|84|72|53|53|81|119|51|209|69|48|46|65|53|56|288|101|503|159|77|221|88|262|108|69|60|77|73|44|56|69|40|72|149|106|46|56|216|52|126|78|1366|166|79|239|74|239|203|729|351|127|756|104|85|64|66|268|88|75|52|111|239|172|104|327|156|107|99|128|65|105|98|985|141|160|90|129|155|209|126|123|142|69|491|289|132|626|211|146|103|268|92|199|75|90|148|79|411|151|126|90|218|76|62|59|48|46|44|53|65|58|53|47|56|60|65|83|60|86|64|78|66|123|125|104|64|65|60|131|116|88|76|94|83|52|61|42|51|31|53|41|43|50|48|36|45|54|60|55|81|42|65|144|112|104|69|148|76|84|52|176|56|67|455|95|47|68|58|48|116|45|47|189
251,Connor McDavid,365,2839|2482|2936|3430|5887|3668|4713|2818|5086|2706|6295|2460|4008|2662|6053|2358|2676|3671|3322|5739|3380|8974|3777|7187|2955|5874|3245|8140|4682|4671|4530|7399|6370|4744|12277|4050|8945|12038|7004|4606|12026|6945|35928|9804|7604|7431|7099|13099|37332|9268|34508|6394|8630|15658|4649|4418|18036|6023|17275|5017|5248|31215|11710|8776|5216|3441|3231|2645|2605|2522|2832|3401|2019|2154|2537|2412|2004|1662|1622|1668|1634|1725|1484|1235|1096|1034|1116|1037|1095|1092|1845|1326|1010|1015|1032|957|838|719|766|752|736|860|795|838|905|732|742|769|813|774|742|760|795|900|999|1116|877|742|764|734|741|646|741|742|756|686|725|613|630|682|683|906|1473|1077|764|743|754|746|851|926|1274|1590|1059|1045|1041|1318|1700|1381|1459|1138|1070|1052|1539|1573|1397|1040|1108|1201|1177|1071|1081|1017|1182|1064|1308|1622|1406|1266|1264|1810|1215|7022|6214|3760|3682|1952|1775|2400|1678|1806|1765|1440|1546|1571|1691|1378|1692|1764|1335|1678|1261|1443|1484|1392|1523|1519|1389|1356|2594|1645|1929|1549|1753|1593|1415|1879|1474|2821|2005|2105|1923|1372|1831|1469|1629|1457|1931|1636|1318|1401|1138|1069|1555|1200|1118|1278|1344|1149|1117|1605|1340|1554|1280|1663|1246|1223|1700|1343|1971|1729|3787|1998|1438|4049|2164|2508|1717|1692|2645|1857|3200|1983|2192|2496|3439|2343|2897|2767|3526|2831|3489|3045|2774|2935|3767|2828|2951|2243|3742|2117|3446|3799|2514|2767|2341|3221|3129|2317|2172|1871|2135|1824|3057|2166|3089|2497|2273|2968|2661|3497|2367|3060|3692|3523|3367|2992|3764|3721|3214|3783|10212|10629|8207|11708|7244|5649|15247|7836|18711|11838|80162|31664|15302|9114|9469|10024|5234|4219|3750|3121|3806|2931|2858|2537|2507|2898|2110|2909|2044|2867|2509|2254|2153|2137|2254|1850|1972|1557|2593|1860|1767|2888|1926|2578|1942|1800|1757|1961|1706|1561|1992|2075|1925|1541|1404|2432|4982|2582|2010|2122|2146|2485|1687|2153|5353
252,Ryan Nugent-Hopkins,365,225|192|235|229|627|254|860|239|1305|511|1454|266|964|290|2154|322|304|318|363|961|320|1386|324|1079|257|1064|473|1199|401|405|673|482|366|459|3727|510|5107|3471|1609|1241|6576|1456|2845|802|643|520|508|867|5634|902|3581|814|1310|1863|405|395|5613|825|1501|591|529|1801|632|480|358|252|296|286|275|295|269|310|496|463|257|244|295|262|273|279|288|263|276|274|239|199|244|208|211|201|197|195|203|210|184|192|310|315|119|128|108|80|95|107|107|107|135|88|111|122|153|171|137|117|90|148|116|98|76|105|83|71|85|72|85|54|92|93|71|92|82|88|91|81|75|69|84|82|92|69|88|87|83|80|101|86|75|91|112|110|99|79|146|104|160|123|169|125|126|175|130|105|99|119|168|110|117|119|117|158|121|208|230|219|905|281|169|393|168|179|261|138|295|322|254|159|199|235|162|366|159|311|330|118|227|181|650|138|248|191|280|301|178|134|146|221|232|242|185|178|190|134|193|134|186|236|237|217|188|211|162|210|216|146|163|422|353|232|141|286|170|335|167|344|169|258|230|122|252|171|465|229|163|435|271|716|418|180|677|350|963|305|206|235|791|240|1150|443|537|294|369|243|274|249|1820|403|336|228|681|797|1368|969|488|1179|486|1953|13336|1539|1303|468|441|457|513|346|433|425|323|377|254|508|225|188|301|303|191|211|214|178|215|214|268|281|247|333|252|263|357|237|296|284|671|544|884|305|466|410|265|268|207|214|316|230|275|280|236|319|204|851|228|277|529|336|667|238|445|179|218|174|285|168|209|467|186|269|204|168|158|136|231|179|274|151|1278|242|225|428|289|317|363|342|267|324|187|255|548
253,Vasily Podkolzin,365,91|66|64|85|267|109|304|91|249|76|342|87|315|76|520|102|97|93|110|333|96|2460|262|307|84|657|153|661|192|117|137|160|138|129|406|94|398|403|210|148|685|183|790|295|278|256|198|253|2419|475|920|185|149|486|140|124|2764|594|633|164|139|1601|399|278|232|164|197|236|325|166|134|146|95|96|124|145|111|77|90|86|96|79|103|89|65|53|80|88|64|45|62|40|50|55|51|36|48|50|55|38|56|64|46|36|48|39|36|51|36|58|53|42|42|48|40|40|30|36|32|50|41|28|41|51|64|65|94|104|60|60|50|60|40|48|46|39|42|47|49|71|63|58|51|44|60|45|36|34|44|27|35|26|55|40|35|43|34|45|485|557|1223|205|116|74|156|96|63|69|60|162|54|78|98|82|214|76|67|211|71|74|87|53|74|65|83|52|60|74|63|551|105|440|347|159|151|78|80|56|97|60|78|304|63|54|70|83|68|138|56|166|125|57|88|59|216|65|86|82|68|158|65|89|150|70|51|96|74|67|88|76|64|179|83|146|81|73|260|207|218|157|1211|196|126|392|181|175|113|90|171|75|174|89|88|69|116|66|123|75|84|111|152|85|94|91|138|67|205|378|177|140|172|164|113|91|73|397|391|181|998|214|100|86|183|95|129|82|55|89|78|192|210|89|178|127|78|59|58|46|46|67|80|84|82|81|73|73|106|82|111|109|210|161|127|91|112|335|101|84|68|61|194|119|106|249|83|824|252|297|158|184|199|91|293|112|317|109|104|66|328|149|87|100|85|129|114|147|63|68|82|71|229|99|132|59|76|167|371|186|109|94|80|87|70|79|228
254,Jack Roslovic,365,134|110|343|147|151|119|84|82|153|86|57|53|88|81|64|49|78|129|103|153|183|226|438|742|168|347|111|114|190|99|78|136|113|369|95|259|85|121|73|162|78|144|89|86|57|42|49|66|54|49|61|56|50|53|48|46|59|46|70|64|59|88|68|56|53|35|66|58|78|88|71|66|84|163|456|389|497|600|383|1590|1435|684|555|447|392|255|257|394|410|294|1085|947|532|400|335|326|512|316|219|146|102|110|94|94|107|139|89|96|441|250|198|221|172|185|202|186|213|173|182|190|92|90|91|101|190|152|111|97|115|184|160|115|85|98|101|61|74|86|90|134|145|92|68|91|141|121|141|135|118|76|75|124|129|164|284|233|174|160|256|186|168|145|107|100|104|158|110|190|316|219|187|181|396|383|14945|1780|1119|783|307|790|739|254|251|246|257|115|118|198|114|298|118|288|888|129|268|99|351|87|1393|243|935|1354|151|135|121|272|149|3719|1777|4700|2334|1676|3088|1703|1464|235|272|240|111|2313|323|224|536|142|112|136|94|69|95|104|97|113|65|140|68|67|80|59|79|87|148|97|90|170|92|138|128|103|256|84|235|69|118|82|168|101|784|137|344|111|143|87|61|97|168|85|186|109|185|110|191|583|85|124|91|1002|209|100|145|60|90|71|135|79|121|151|216|111|86|245|123|73|146|102|86|72|51|54|69|64|69|53|64|88|64|56|84|75|90|70|169|194|138|106|419|189|146|99|83|83|165|110|86|129|80|200|65|494|105|106|113|63|92|64|108|74|81|40|71|43|32|647|122|275|352|162|85|86|73|57|110|51|128|57|76|113|414|67|127|64|72|151|72|70|140
255,Josh Samanski,78,234|145|118|184|147|963|409|360|367|196|167|221|232|636|586|396|1040|350|1565|748|158|194|282|183|118|86|61|79|78|49|41|82|123|169|96|71|40|53|221|76|161|53|170|111|33|176|98|111|53|70|34|528|155|57|103|56|263|175|69|40|63|188|85|144|101|98|39|59|40|144|51|88|40|36|146|30|35|687
256,Matt Savoie,365,167|105|88|131|104|109|105|76|140|134|165|88|101|149|137|112|105|179|263|188|118|162|100|138|139|137|119|151|87|148|112|125|93|107|128|100|191|199|186|156|278|159|255|158|156|236|113|138|267|117|253|85|98|145|117|118|243|94|126|89|96|341|179|163|185|170|158|177|201|301|235|317|216|246|325|422|323|197|209|262|259|476|830|319|188|112|93|114|126|138|114|90|122|157|233|99|91|77|68|55|66|66|72|58|45|48|48|35|53|43|49|60|42|36|58|62|62|56|56|34|33|56|73|39|54|69|48|42|46|62|60|62|52|52|68|42|51|57|56|72|67|70|51|57|49|80|121|117|285|118|119|95|142|112|88|88|121|223|86|136|92|81|171|75|111|96|100|262|212|368|194|264|249|286|1035|168|159|601|183|177|361|255|286|231|226|133|136|336|247|610|194|274|181|128|238|113|1386|137|151|163|182|177|103|78|94|187|105|302|165|730|796|195|236|172|339|141|199|133|118|427|139|141|258|96|100|94|121|113|114|147|84|1206|242|1231|354|249|385|112|329|197|302|238|142|592|175|239|144|142|174|103|201|107|142|286|448|139|518|244|332|221|332|150|276|178|293|117|208|116|164|131|191|153|122|198|110|225|194|94|420|116|252|138|328|118|278|175|138|234|159|254|187|168|295|622|253|163|107|61|75|88|86|59|90|101|91|118|153|96|110|179|156|146|125|111|519|351|342|252|188|216|470|251|404|262|159|639|161|456|210|228|310|147|1154|268|552|188|361|133|240|129|104|663|210|1324|719|501|292|204|701|163|1390|286|372|137|177|370|366|202|151|127|134|238|123|181|7816
257,Evan Bouchard,365,112|114|107|137|555|266|631|211|2257|284|5905|600|1719|314|624|186|198|232|193|724|232|965|252|692|238|680|383|825|304|246|251|342|248|376|2072|467|1559|2146|861|538|2690|574|1363|403|377|459|415|497|3762|706|9092|861|639|3110|359|400|2838|569|1771|344|321|2352|788|591|303|355|369|228|382|320|319|260|188|1073|1501|592|344|178|144|166|262|190|302|385|104|88|71|92|125|96|117|63|83|50|61|49|71|72|62|54|54|66|89|74|141|115|105|73|73|75|109|87|67|77|63|81|65|72|73|91|100|50|53|59|61|64|55|54|30|76|59|52|54|69|55|56|61|39|49|61|60|80|62|55|78|60|60|73|90|56|50|66|87|77|56|61|77|88|82|68|89|80|79|61|91|80|80|85|81|109|72|158|210|216|278|108|121|242|111|115|131|87|473|278|306|196|202|220|127|252|89|324|297|86|168|83|365|210|285|129|301|269|122|111|90|212|216|225|126|305|181|94|213|79|126|157|254|149|89|211|119|114|257|121|105|125|89|94|84|148|66|137|86|207|103|65|314|295|301|309|316|284|210|282|184|211|255|139|200|121|206|158|132|120|372|173|266|336|341|188|320|180|155|140|196|101|317|139|237|142|512|775|129|170|95|230|209|117|120|91|188|109|2116|500|627|225|164|591|238|604|205|182|337|358|217|179|220|140|249|614|297|308|185|267|196|126|239|181|256|246|640|408|322|216|354|272|336|278|247|184|451|261|171|226|152|255|178|299|151|233|191|132|154|111|173|134|139|96|215|86|92|241|116|651|328|472|263|179|269|246|216|145|364|160|168|261|486|256|244|171|167|231|159|167|409
258,Mattias Ekholm,365,192|189|114|119|176|89|327|104|259|127|305|139|230|126|315|133|134|121|92|257|105|245|103|173|146|470|190|354|225|181|171|358|339|272|317|161|451|426|318|402|558|890|2232|306|214|181|243|253|6651|595|1310|238|212|692|156|116|951|279|826|143|135|819|334|159|126|126|124|102|85|94|56|85|76|87|93|80|70|68|57|46|57|45|67|46|34|31|33|29|28|31|35|33|29|39|24|30|40|25|19|26|26|17|19|51|41|27|37|22|38|30|42|40|46|46|39|34|39|47|56|51|41|29|33|35|34|29|26|29|29|62|91|52|50|47|27|31|42|35|47|35|42|263|75|67|41|32|36|29|45|42|58|56|49|46|52|55|65|50|49|29|45|34|55|55|59|43|43|50|46|64|52|95|103|734|394|154|90|127|64|81|96|51|74|102|87|69|72|52|46|103|76|93|105|57|98|54|71|39|49|45|57|49|58|49|44|105|45|74|48|86|80|49|103|50|93|38|102|68|59|115|44|44|98|70|43|78|54|49|50|81|50|44|32|80|48|54|67|72|138|80|127|100|66|80|52|73|109|61|66|47|156|114|71|61|238|51|131|67|77|226|257|118|90|110|148|94|116|78|77|66|152|189|65|69|70|60|120|68|89|63|86|57|97|69|1704|244|106|170|103|92|74|86|159|95|56|58|59|51|59|81|78|94|78|105|55|84|134|84|97|74|97|152|81|93|111|106|97|72|133|103|88|62|77|71|44|106|64|155|51|63|59|58|135|52|76|45|86|75|91|58|49|77|51|75|68|48|59|57|80|37|109|50|77|31|54|110|70|60|55|44|47|78|45|58|106
259,Ty Emberson,365,58|178|208|84|192|107|139|76|92|56|128|52|100|52|144|69|72|47|49|142|84|182|76|134|58|122|82|92|48|36|71|61|49|59|107|77|114|155|98|60|173|80|314|117|89|75|65|117|307|109|225|49|54|155|59|33|215|79|127|45|43|183|69|66|50|40|35|35|35|40|37|53|34|35|66|60|48|32|34|38|39|31|34|36|30|39|31|28|28|15|33|32|28|23|18|13|28|28|29|15|24|16|27|25|19|28|26|19|19|27|24|15|23|26|24|23|18|14|21|22|19|21|23|12|22|18|20|14|14|20|26|28|19|25|28|32|20|20|61|22|25|32|28|24|21|13|20|25|23|22|21|23|24|26|36|29|29|38|28|77|30|27|29|24|46|19|32|37|49|32|27|42|49|46|166|31|41|86|22|44|55|26|50|54|45|30|39|47|28|64|38|31|67|33|148|33|55|34|31|44|47|54|30|40|33|35|31|43|36|75|31|40|40|30|28|28|39|31|25|67|36|33|60|32|35|51|56|38|30|73|39|53|21|64|31|27|36|35|71|62|122|51|36|63|44|45|49|32|49|25|41|24|41|30|61|24|54|22|38|35|40|26|40|43|40|29|58|48|46|36|85|54|36|47|44|80|81|42|90|57|55|32|61|34|108|38|58|79|38|55|46|39|53|185|50|42|28|35|27|28|38|29|31|47|26|31|36|44|41|36|82|60|54|45|96|253|81|30|62|57|48|67|44|47|35|82|24|76|44|28|37|33|30|22|40|42|32|20|32|30|29|56|40|64|48|29|30|32|70|24|40|23|37|19|33|49|73|35|46|27|18|27|23|24|64
260,Connor Murphy,365,110|114|114|125|286|270|334|241|199|165|141|121|97|230|197|213|293|231|115|126|118|91|93|114|114|79|82|72|111|104|90|92|94|72|75|108|78|96|102|114|97|80|95|87|114|129|128|101|103|85|90|78|88|78|57|63|95|62|69|67|54|80|102|98|118|78|101|98|104|100|75|102|78|91|95|86|69|58|73|97|73|67|67|53|749|386|82|55|69|57|45|37|46|39|45|57|43|52|54|64|63|37|59|55|44|46|51|31|49|52|46|70|76|56|54|62|72|56|46|58|60|38|46|48|64|60|64|50|47|74|60|60|65|62|76|82|76|47|53|53|55|62|52|54|57|52|46|54|68|55|57|54|78|68|93|77|60|50|63|94|69|53|78|110|60|47|70|71|54|106|77|65|211|120|123|137|91|130|71|106|67|136|87|134|92|146|74|71|72|118|80|100|114|86|189|72|145|60|82|66|130|85|92|71|109|116|84|81|82|152|95|83|140|76|71|221|112|160|82|58|171|73|81|240|70|186|149|118|101|115|98|167|85|91|94|69|81|147|83|153|107|60|62|290|87|101|97|75|83|72|131|83|92|165|144|255|106|131|91|120|105|156|128|108|77|284|116|160|140|104|147|106|137|233|96|153|130|402|121|111|253|184|119|153|138|245|231|388|572|125|137|231|199|296|138|95|141|169|127|117|113|82|87|139|108|129|167|154|105|138|203|245|201|184|157|216|169|240|7304|7767|3442|1359|826|825|233|599|257|360|126|204|145|129|184|103|453|123|127|92|311|93|85|135|106|359|143|138|119|96|197|164|484|140|175|112|130|140|150|94|120|109|100|153|78|83|294
261,Darnell Nurse,365,157|228|356|175|834|158|730|204|954|178|998|199|822|223|2724|317|240|237|252|712|249|2495|373|1052|296|1411|319|1373|299|356|283|458|294|324|1655|350|2774|2265|695|488|1322|476|2314|456|377|331|413|641|3697|913|8354|888|1015|5082|761|466|8995|1444|3186|539|742|2556|639|688|627|300|403|245|379|299|828|488|291|334|475|285|205|166|168|156|260|300|264|231|205|170|224|101|135|126|129|87|82|90|74|75|107|75|95|107|131|84|74|87|123|109|125|120|205|91|123|118|201|116|131|93|83|108|110|98|86|106|93|69|120|108|75|113|69|78|69|63|124|109|93|56|72|70|85|78|101|99|86|96|82|86|66|96|73|84|77|66|108|96|87|85|113|145|98|133|123|109|148|89|139|123|131|182|158|188|112|202|205|215|313|173|197|432|157|198|280|163|187|206|204|145|144|177|124|284|186|320|222|203|180|117|452|132|178|125|145|218|157|118|145|229|135|205|130|209|149|121|188|108|208|164|626|312|819|320|180|145|264|223|202|269|238|161|163|259|223|245|151|182|123|162|153|127|212|159|753|265|142|285|140|300|213|158|197|157|409|144|164|186|318|285|230|168|321|187|518|319|259|243|297|220|278|344|562|227|1005|730|340|257|245|315|476|256|262|234|407|271|529|234|391|214|172|302|186|300|214|232|1089|523|458|2388|1313|997|1515|712|907|731|1037|1353|1325|704|599|3178|1445|1050|1711|497|362|348|587|669|925|677|518|510|683|515|431|329|256|487|293|499|258|343|401|190|264|208|436|254|309|239|398|220|145|249|210|1102|436|313|218|205|226|238|251|362|447|179|253|338|236|137|194|165|134|1167|562|218|275
262,Spencer Stastney,365,24|16|18|14|15|13|8|21|11|13|13|12|11|11|27|16|27|11|14|17|27|15|17|23|20|13|10|8|12|7|6|19|12|14|53|13|28|23|26|21|8|20|19|15|11|8|8|12|11|10|17|16|10|17|13|12|18|7|13|8|14|14|15|7|23|16|13|18|19|14|15|23|13|17|9|16|11|13|11|27|18|13|16|15|12|8|11|13|12|10|11|12|13|16|15|6|11|16|13|9|7|10|13|11|11|10|10|531|850|537|241|187|129|78|92|92|66|52|42|36|25|25|42|38|24|25|28|14|15|16|24|17|20|18|24|11|19|15|9|4|10|13|7|19|12|11|8|7|14|19|15|10|15|10|11|14|12|19|17|18|25|20|19|21|34|12|11|32|9|29|28|17|23|17|53|108|38|81|116|110|206|176|379|106|243|24|17|146|33|300|63|229|583|77|103|61|87|265|92|36|303|122|23|85|172|62|42|120|24|33|254|60|182|36|24|22|23|23|24|329|23|54|32|56|21|95|243|27|29|127|28|86|27|100|22|12|599|36|7393|5726|4536|1363|308|733|167|754|1386|350|787|156|571|175|103|77|734|69|768|88|328|84|204|188|90|91|369|84|490|64|249|107|577|269|69|383|81|344|308|70|279|59|262|77|268|66|1717|162|76|166|57|243|72|51|376|281|54|56|38|26|48|34|30|32|28|51|29|46|48|40|59|38|80|58|78|46|140|322|397|109|77|80|200|102|122|79|46|62|30|68|32|93|224|40|103|27|186|53|183|45|53|27|33|34|22|32|46|175|104|56|63|35|60|31|51|35|46|41|41|24|29|31|27|55|19|26|66
263,Jake Walman,365,140|146|103|124|1013|159|292|85|578|149|469|247|810|240|566|167|158|129|132|396|109|2151|311|2805|296|1043|296|714|196|163|142|221|238|232|708|134|689|873|333|209|1248|284|1544|783|844|466|506|532|5329|1641|3344|407|398|5081|1178|637|11884|1463|1635|456|334|1292|352|230|244|170|167|133|157|149|132|152|133|135|144|167|161|96|83|78|130|134|92|89|84|89|77|79|62|64|61|77|55|55|75|61|87|41|44|45|50|45|88|66|41|56|66|44|63|83|74|66|76|56|49|62|61|48|50|59|42|48|34|45|51|40|42|32|44|35|75|67|51|53|40|39|47|35|50|151|184|105|93|51|49|49|44|51|58|54|55|52|83|120|67|51|61|77|50|58|74|61|69|93|78|60|62|64|87|76|75|2108|1377|584|377|177|114|208|102|113|104|75|116|125|145|123|160|1080|351|397|238|257|152|117|219|132|211|90|104|104|154|114|73|61|77|108|110|656|198|202|133|66|110|79|117|86|113|141|91|84|82|459|163|79|85|73|61|68|69|86|65|86|68|73|81|76|91|87|92|101|122|93|62|111|78|69|65|56|100|70|70|63|113|67|90|82|80|237|107|86|169|91|78|70|89|79|126|97|112|132|160|180|96|134|101|170|178|75|134|83|189|100|140|88|127|98|115|157|88|108|87|85|349|102|59|91|96|48|60|67|52|43|53|57|53|66|67|67|177|88|147|115|114|97|116|300|250|175|118|151|113|206|141|152|127|176|91|231|81|220|117|60|132|79|84|64|93|59|76|59|55|114|54|95|53|82|74|48|68|68|72|51|104|53|51|100|135|64|57|81|56|58|34|62|128
264,Aleksander Barkov,365,301|288|277|304|372|664|420|1344|987|392|438|806|397|1101|800|572|487|636|1776|1181|1850|1149|1877|640|2549|738|843|1471|780|1260|992|3045|1158|1864|900|2359|877|4290|1692|2469|1036|9500|3376|1939|1292|3789|2732|2402|6445|1262|3959|1037|1081|3824|1074|1041|3510|966|4250|1708|1685|28969|11940|12904|9441|4622|1943|1422|1085|847|870|1095|574|686|827|678|446|451|460|481|621|502|459|505|458|444|511|422|389|347|351|318|353|318|475|366|298|225|228|240|183|238|294|241|229|301|204|190|241|221|259|221|257|267|388|300|300|275|225|194|244|215|184|184|174|221|230|196|202|201|168|222|248|259|212|201|252|317|283|286|242|247|254|235|204|219|222|194|192|201|178|175|250|247|257|254|233|212|191|184|426|2284|2281|704|806|653|579|471|421|398|416|538|1106|719|478|437|406|443|325|353|385|368|309|322|365|247|307|419|259|361|243|259|230|211|289|247|218|246|340|218|247|303|313|380|280|405|296|337|329|298|348|311|347|254|315|286|329|399|301|344|262|250|226|268|244|230|258|244|240|313|294|292|339|305|230|275|328|325|333|277|308|250|312|307|301|275|386|298|274|259|280|231|349|316|399|531|443|539|496|726|1261|514|429|370|432|353|355|310|317|271|379|323|382|830|499|461|392|418|341|321|333|306|354|370|356|392|288|334|301|284|320|419|340|549|533|450|405|372|361|994|735|833|741|714|582|552|1163|1208|2445|1695|2197|1467|1510|1224|841|804|669|488|533|417|489|375|434|429|359|321|347|323|229|306|252|224|268|242|249|265|259|248|252|248|258|283|236|270|255|359|364|442|658|249|246|273|529|344|250|264|248|317|266|338|287|341|384|741|567
265,Sam Bennett,365,207|186|187|180|183|1006|305|410|546|212|297|356|203|1106|569|339|341|630|20729|5948|2904|1243|2163|1246|6157|1399|1174|2017|931|1686|842|3007|1420|3366|1351|5798|1564|2936|1543|1824|1390|4199|3691|2768|1927|1707|2328|2399|15898|2627|14996|2638|2752|15633|3335|2574|5741|1540|8564|2455|2041|45007|8431|8304|4000|3551|3385|2589|1513|1084|2501|3583|1503|1197|1235|845|687|615|504|774|729|480|381|374|376|326|295|239|261|225|248|258|232|228|173|226|175|190|167|259|213|172|169|170|197|168|161|134|196|214|181|188|171|160|165|142|162|141|141|135|127|127|160|144|259|412|347|279|206|158|168|147|160|153|146|123|134|106|128|118|128|140|134|90|113|121|137|115|120|101|118|127|130|138|129|141|130|117|132|127|138|208|204|161|173|148|166|165|260|181|196|263|499|315|292|219|197|263|221|217|215|217|211|237|252|182|208|429|193|232|196|162|161|186|173|150|170|157|217|191|149|154|154|252|147|201|204|188|159|144|191|167|211|166|294|183|217|204|160|303|148|159|151|159|208|142|135|137|159|324|188|135|298|264|176|164|168|336|206|166|271|176|278|369|285|157|265|191|172|164|221|158|177|193|319|204|317|1402|1150|710|901|398|516|406|610|321|441|217|275|155|353|217|302|472|331|301|192|241|143|189|226|187|243|171|177|151|160|219|159|180|179|1038|1289|850|747|650|855|655|650|732|1603|1500|840|1432|730|621|1340|854|5463|2244|10145|6151|2106|1092|1029|807|653|450|756|375|353|327|319|263|240|262|216|286|238|228|194|178|174|173|261|169|254|222|181|150|170|171|149|163|124|194|139|263|262|162|228|172|305|203|192|219|172|225|167|179|151|195|179|149|241
266,Jesper Boqvist,365,27|33|35|35|45|76|58|51|73|38|29|78|39|75|46|37|38|47|161|57|91|53|81|41|70|39|244|1461|168|158|63|181|91|131|61|120|158|2002|290|278|80|217|243|210|163|179|116|159|411|122|525|78|95|229|86|60|144|64|164|81|76|3070|840|491|259|218|145|111|72|91|71|72|61|75|102|75|56|46|37|52|57|30|37|28|39|50|44|29|45|32|47|26|27|37|24|31|25|33|31|34|28|33|29|26|29|21|33|25|32|113|107|67|60|53|26|36|25|26|41|46|39|26|20|21|43|28|33|25|30|21|23|12|26|29|24|25|31|29|21|21|18|23|25|21|16|20|12|23|24|18|28|32|28|25|25|27|20|28|40|23|25|35|29|29|36|61|29|27|34|27|49|42|387|346|84|56|49|49|37|42|47|54|46|43|44|27|40|72|37|44|39|46|26|32|25|38|31|28|39|32|17|26|24|39|22|32|16|83|38|26|40|42|35|28|71|31|25|69|27|39|37|91|40|78|35|33|23|33|29|33|37|26|41|50|39|34|24|49|37|34|37|32|25|38|40|34|74|40|44|37|44|51|38|29|37|40|47|48|44|53|101|52|51|53|59|44|32|28|37|40|40|41|47|84|50|32|50|44|27|36|32|50|56|33|61|24|35|30|20|29|27|36|35|45|42|28|35|33|35|52|29|37|52|41|26|45|57|43|49|49|62|56|47|40|54|42|41|23|65|41|34|32|45|30|31|21|43|44|24|26|18|27|28|36|24|22|36|22|27|38|28|31|27|28|127|59|43|39|40|27|46|31|38|46|47|34|31|43|36|27|20|22|40|30|30
267,Jonah Gadjovich,365,47|34|72|84|86|122|88|178|89|63|60|72|47|104|93|83|81|112|178|330|590|663|1504|471|436|116|186|555|161|269|220|3522|290|907|183|401|160|476|184|559|149|615|285|154|149|185|157|195|1117|154|876|160|211|7832|1725|983|1401|268|1352|263|252|3561|1544|1018|427|431|307|241|155|157|100|168|99|87|159|112|107|80|79|61|81|96|92|103|86|68|75|71|61|58|63|46|93|68|64|50|92|79|75|82|63|72|328|395|237|137|75|52|71|65|49|46|51|44|55|36|33|38|46|42|66|35|34|27|29|36|40|42|31|26|27|35|16|22|23|32|37|26|27|32|30|31|31|18|34|21|21|27|24|35|33|37|35|31|28|30|28|30|43|39|51|36|45|37|50|45|41|53|101|51|89|83|184|101|70|74|56|306|216|119|56|69|59|70|49|49|54|193|59|78|62|82|43|31|44|35|40|31|44|35|45|38|45|65|30|61|46|43|38|32|30|36|48|44|54|41|27|41|26|41|44|41|25|46|36|26|28|27|38|60|46|25|33|51|40|28|31|166|103|65|60|47|41|52|30|46|41|40|53|53|43|71|45|69|100|69|72|66|76|92|111|52|65|58|74|47|55|35|56|45|60|32|52|104|44|40|62|63|44|35|39|32|69|38|61|46|30|43|39|49|32|44|43|56|61|34|42|43|42|35|42|34|48|45|33|32|63|34|53|61|92|60|65|62|46|46|43|38|51|40|48|33|55|44|37|32|20|40|36|26|35|23|33|29|31|24|27|29|30|35|22|35|28|29|27|35|27|51|50|34|35|39|37|25|52|46|34|28|39|209|18|23|36|28|35
268,A.J. Greer,365,49|46|47|45|27|66|38|55|47|43|170|147|54|112|61|48|52|69|220|63|55|106|687|126|232|65|138|898|151|201|101|670|139|3876|424|714|162|427|197|145|111|440|206|125|182|234|247|433|363|190|409|143|538|2296|392|246|1009|176|671|222|308|6869|1874|996|455|314|233|204|127|127|163|150|94|98|146|127|96|83|77|94|87|100|97|81|97|120|709|687|251|104|90|92|66|109|67|57|37|38|36|54|27|45|34|32|45|53|55|48|65|42|247|165|83|52|46|48|39|31|48|28|40|43|33|28|30|39|39|40|49|32|39|26|19|32|51|39|32|35|37|35|35|34|47|43|30|30|54|28|35|28|24|40|47|34|41|54|58|45|24|35|30|69|53|33|58|53|38|56|784|244|387|160|1092|656|184|123|98|118|71|72|59|75|94|87|61|42|78|628|91|54|67|158|138|56|70|43|54|55|68|38|39|60|59|108|51|71|54|53|50|41|48|62|62|59|162|71|66|112|62|436|682|463|137|84|86|58|46|46|50|73|70|74|55|87|66|47|45|62|158|42|87|44|62|46|129|52|135|133|55|51|71|81|43|39|303|105|153|124|110|96|144|120|80|73|116|122|251|66|69|67|205|64|63|106|66|114|73|52|56|42|64|38|103|56|52|51|43|101|54|44|54|96|60|576|147|61|55|42|46|42|38|46|36|51|49|58|57|42|74|58|95|82|72|97|84|89|92|68|66|63|223|354|547|106|79|68|56|47|45|52|66|48|35|41|48|41|193|2235|719|810|339|171|78|69|41|80|47|50|66|92|172|121|110|71|146|213|79|74|43|106|52|48|47|89|52
269,Vinnie Hinostroza,365,48|45|44|92|46|104|70|117|393|95|36|50|91|43|138|58|42|55|46|33|48|45|37|43|45|18|29|44|34|32|41|51|36|36|28|32|31|41|38|30|35|38|34|24|30|27|34|25|41|29|38|25|34|49|41|33|46|27|38|20|36|46|39|30|24|30|31|29|31|33|36|48|41|39|41|56|58|28|26|36|30|38|22|38|20|15|21|31|29|32|30|24|41|31|32|23|38|24|33|22|21|29|24|139|44|30|32|37|35|34|32|25|40|32|25|27|28|31|20|24|21|20|25|28|49|35|35|23|25|26|41|29|38|37|26|31|32|21|22|25|22|39|27|22|19|22|22|33|31|25|25|34|25|24|38|42|60|48|30|81|35|64|17|57|49|53|44|26|26|60|37|31|51|57|63|208|41|82|40|152|153|46|62|87|89|117|237|110|89|31|163|130|89|26|121|45|152|54|446|83|87|313|58|124|398|49|88|38|182|92|39|65|60|94|35|60|79|41|149|68|56|46|61|73|48|47|43|38|26|47|37|44|46|34|32|30|29|42|66|117|94|116|50|111|50|88|167|151|234|43|84|44|80|46|117|64|150|154|62|43|168|107|56|86|58|58|109|55|107|51|111|44|62|52|210|60|48|186|284|58|118|60|84|50|51|208|47|999|113|255|55|182|50|222|70|50|40|51|45|60|54|34|63|48|38|42|40|48|47|69|130|111|73|39|50|144|89|89|65|43|80|39|1518|535|179|132|455|628|106|92|71|85|276|107|131|52|79|56|61|46|67|418|122|262|113|108|57|66|81|57|102|87|104|56|88|115|42|64|57|82|50|114|117|113|41
270,Luke Kunin,365,62|54|70|80|73|77|60|77|88|65|76|67|75|87|144|87|74|81|89|110|73|89|52|66|81|68|53|122|71|62|56|84|81|59|64|47|64|102|79|88|67|101|82|59|58|67|62|80|132|52|87|44|77|94|42|57|100|49|43|63|41|117|74|62|46|36|45|50|55|84|74|84|65|74|102|105|145|227|115|76|67|62|58|46|74|33|89|132|80|56|60|40|49|49|59|58|71|48|38|33|36|42|46|30|43|38|39|36|38|73|74|63|44|45|29|48|49|52|26|31|41|55|29|41|44|71|520|409|191|139|86|55|53|53|45|43|43|55|54|60|46|62|46|57|39|32|41|34|56|51|49|57|58|49|78|74|56|53|52|81|51|56|87|64|105|113|66|79|214|88|244|106|498|227|122|179|80|174|167|132|102|104|76|80|67|55|95|199|82|99|79|76|71|61|85|70|59|64|51|53|84|51|63|77|71|82|66|89|89|72|87|72|76|37|329|93|77|91|78|79|87|189|71|73|78|79|152|59|60|68|84|65|86|55|54|55|51|48|46|76|62|65|81|83|76|80|176|126|83|60|262|85|87|102|254|89|119|140|70|137|280|101|77|80|113|57|77|83|76|60|52|70|67|116|83|63|74|68|57|80|72|59|196|86|51|56|46|240|67|75|76|66|71|71|81|90|79|71|70|64|84|63|85|92|90|78|104|112|141|102|411|343|233|147|152|85|111|215|230|123|91|57|77|101|70|88|46|77|81|87|52|50|82|51|49|56|42|108|47|44|36|46|53|164|54|202|136|69|49|68|67|71|88|45|84|66|93|68|48|53|44|58|59|221|89
271,Anton Lundell,365,67|50|53|61|73|116|86|130|76|64|71|506|87|342|126|79|124|181|173|111|488|170|382|132|295|124|184|226|210|133|103|1023|376|428|283|326|249|385|171|229|177|713|291|187|158|170|179|234|515|158|984|240|256|827|280|235|1037|250|652|318|311|2535|781|923|1192|513|431|345|231|282|218|258|130|158|246|138|167|199|183|112|127|101|103|74|82|80|82|134|155|117|93|105|96|84|67|69|80|58|51|52|47|55|42|39|32|36|39|35|48|53|51|50|50|61|109|83|81|46|25|35|54|46|38|37|25|51|45|59|64|73|54|57|40|34|43|45|37|54|51|39|58|61|58|41|33|30|35|34|31|30|31|42|51|42|30|42|50|45|57|48|39|128|139|53|82|87|84|120|126|81|79|147|274|137|91|230|63|177|109|150|124|203|101|99|72|66|82|113|68|99|79|69|60|72|112|62|76|58|75|44|47|84|57|98|64|91|58|80|48|36|64|70|84|51|86|69|53|77|72|131|77|64|60|60|58|54|57|51|117|84|60|60|96|85|70|56|62|120|81|71|122|76|152|69|170|82|96|60|70|70|122|107|110|59|113|106|169|150|91|195|205|145|117|144|126|90|503|585|134|78|106|89|83|117|95|94|81|78|88|67|104|59|78|77|70|97|74|92|92|84|71|93|96|384|285|139|137|107|139|437|233|885|362|256|131|181|450|296|1405|660|711|385|205|140|118|205|123|66|110|98|153|80|74|63|69|52|68|64|56|45|45|53|61|57|51|48|79|53|55|56|57|84|48|46|33|67|41|42|50|40|41|67|65|84|71|60|44|55|44|55|47|49|52|71|77
272,Eetu Luostarinen,365,32|28|30|27|36|72|48|75|51|34|61|80|47|793|155|76|76|87|313|97|135|86|129|62|181|65|88|137|112|196|57|1633|352|704|306|428|185|924|194|181|98|510|207|120|230|224|230|170|484|148|683|158|138|735|211|128|268|77|842|207|170|2380|566|537|271|195|196|177|94|85|74|95|59|125|142|115|88|88|49|68|72|40|43|42|44|45|46|37|51|39|35|37|43|35|55|58|52|31|32|34|27|34|18|27|28|26|22|20|31|30|35|22|43|39|39|35|34|20|26|22|24|26|23|12|22|27|20|22|20|24|27|27|36|26|24|28|22|61|42|25|25|26|27|20|19|21|16|16|14|29|20|27|26|14|18|32|31|20|23|27|24|31|27|21|41|25|26|45|56|23|54|51|90|56|42|45|40|55|39|37|32|45|31|35|43|27|43|167|36|29|29|21|18|29|28|19|27|28|31|26|25|41|32|35|35|31|55|37|26|26|64|52|47|58|29|269|215|81|45|51|38|33|32|34|34|21|31|37|42|54|52|44|111|62|43|42|32|48|61|38|41|36|41|48|50|49|68|29|33|31|56|56|27|42|105|38|76|72|46|97|118|80|90|55|135|108|87|53|56|38|46|56|46|71|50|53|61|75|36|46|38|39|56|40|55|83|48|44|71|61|42|74|67|135|81|77|80|79|94|257|143|199|241|146|94|98|256|186|420|347|545|243|141|90|79|75|66|41|76|62|78|65|77|39|48|44|38|38|42|38|35|29|37|53|40|25|40|41|46|31|33|60|12|25|16|38|29|34|24|29|25|36|54|74|49|72|35|45|40|46|29|33|58|27|34
273,Brad Marchand,365,1121|1179|1176|931|1778|3503|1409|1689|1945|1089|1080|3596|1162|4611|2641|1328|1487|2118|9355|4911|10541|3924|16235|6245|10196|2448|3258|7254|2594|4647|6019|41316|6873|10391|4223|8078|2974|9888|3970|5396|2349|12559|4741|2972|2664|2694|2544|3498|21469|4050|90007|15789|9032|42772|6872|5118|10460|3449|70011|12874|10031|104494|26385|17605|15772|8011|5643|4451|3747|2730|5109|3738|3128|9157|9105|2883|1910|1615|1420|1410|1214|1279|1315|1132|1008|1016|942|841|860|887|926|959|1080|1164|1074|814|661|483|513|481|435|454|411|444|1874|1594|912|649|640|607|523|562|482|432|438|743|1079|633|734|689|613|504|531|402|418|430|411|351|457|436|378|364|409|382|412|525|431|398|350|357|422|494|458|412|392|404|352|431|391|356|382|411|715|845|444|399|450|422|431|544|470|484|539|473|478|661|461|486|748|806|823|1063|3098|1870|1790|1505|1455|1790|2031|1261|1383|3087|1573|1908|3153|2634|8763|31831|6728|4455|2808|2084|1320|2599|2556|5567|3097|1705|1730|1082|914|909|887|1341|987|1520|940|1279|1227|995|3127|1516|1306|802|1258|720|764|788|808|1049|1102|790|590|917|716|673|684|572|819|995|619|735|985|1392|939|775|887|880|881|832|1103|719|935|862|1029|1032|1381|1140|895|882|1189|860|825|979|1539|1118|1629|14602|5775|4434|4698|2179|1695|1848|2591|1466|1345|1238|1131|944|823|924|929|1742|1460|1290|1030|947|749|624|856|726|1567|875|804|762|671|790|792|796|1303|986|1135|2196|1638|1556|2415|2788|2331|2416|5684|5107|3657|5338|3159|2670|5233|3196|15837|6763|34004|7668|3959|2517|2047|2323|1693|1396|1202|915|1164|931|1322|1264|1035|879|957|843|831|843|799|699|799|778|748|611|765|683|840|610|620|605|688|809|688|727|536|607|663|646|825|628|950|607|628|700|517|605|654|658|599|649|697|674|749
274,Tomas Nosek,365,30|29|34|40|32|37|36|68|38|30|38|40|49|48|55|43|38|50|48|47|39|126|3459|220|531|81|109|261|74|160|93|326|121|645|138|269|88|308|96|137|99|327|196|117|136|235|96|140|2912|471|952|111|121|573|135|109|459|121|415|126|135|4493|789|608|307|223|182|126|89|98|78|74|70|112|446|184|108|84|159|160|167|172|149|220|176|158|159|152|142|143|132|154|131|139|138|124|137|48|33|25|31|56|30|36|29|33|28|32|55|38|38|40|41|29|45|35|98|145|94|113|47|45|45|36|26|46|40|33|34|19|21|29|28|31|25|29|79|53|49|45|28|32|34|25|21|24|33|29|31|18|30|26|68|68|23|29|38|29|30|25|48|39|32|34|26|43|30|45|30|36|38|35|171|78|60|52|39|55|42|33|56|47|43|44|38|33|44|49|33|47|46|41|27|31|37|27|36|30|37|28|29|31|39|46|18|34|36|29|42|24|44|47|38|36|44|46|43|45|36|39|28|29|33|39|32|38|28|35|30|39|42|33|51|62|34|32|33|33|34|31|37|25|22|38|27|35|32|32|26|46|34|54|35|32|38|29|51|32|28|61|58|33|38|39|42|46|51|42|42|34|36|29|47|44|42|41|43|43|32|41|30|41|45|60|56|52|53|50|35|54|34|48|50|72|43|48|37|40|51|39|60|51|60|52|53|45|76|46|76|85|80|85|85|62|63|53|43|53|51|63|108|61|62|57|48|47|41|80|36|35|22|35|37|47|69|44|33|41|35|24|27|38|22|41|24|35|35|55|41|36|48|22|40|49|63|86|55|32|32|118|25|44|46|41|34
275,Cole Reinhardt,365,13|11|25|13|10|19|9|4|20|25|11|15|20|14|14|9|13|13|14|5|10|7|8|5|17|8|11|7|11|18|3|20|14|15|12|19|30|18|24|33|8|8|15|9|5|6|5|9|8|8|10|6|11|14|8|19|14|4|12|25|22|42|14|5|10|11|10|8|9|6|7|14|14|13|151|306|121|57|56|37|38|24|23|17|20|21|20|15|17|13|10|15|9|17|17|22|15|13|13|8|17|16|14|25|14|7|5|9|11|18|11|8|19|21|15|12|15|6|18|8|14|11|8|7|13|17|10|16|14|13|14|12|11|13|17|10|19|15|27|15|13|11|15|11|7|7|9|12|16|11|19|20|18|12|16|19|22|76|16|14|18|214|77|27|27|20|107|116|25|22|31|61|55|55|72|45|38|28|20|78|374|38|1046|85|60|43|108|28|37|39|45|37|18|92|124|27|189|61|44|57|49|106|26|92|25|78|26|140|18|22|82|23|79|83|17|174|16|144|37|59|20|65|21|15|24|25|152|27|19|79|22|22|159|44|126|15|145|15|131|27|56|17|18|34|78|20|17|178|113|20|10|15|22|14|29|19|42|22|22|24|22|17|47|49|32|27|14|25|45|103|26|20|114|266|36|237|57|76|26|28|244|50|54|45|23|122|12|39|34|98|37|32|31|713|163|34|28|24|29|20|39|25|22|34|17|11|27|22|29|22|62|41|25|20|119|23|31|215|75|41|208|141|1254|576|130|90|86|75|160|208|32|56|99|49|223|43|2399|237|74|47|48|75|58|52|57|104|54|72|70|51|42|106|85|29|74|1156|71|40|254|412|261|819|111|389|67
276,Sam Reinhart,365,244|194|201|244|322|1032|373|364|368|206|279|400|269|562|563|351|338|476|1246|612|996|687|1973|555|1500|423|462|1117|425|1037|603|2179|676|1268|693|2030|1193|1768|877|872|880|2207|1427|713|508|635|1621|1375|3896|866|4039|794|836|6000|981|636|5739|819|4251|1890|1420|60046|7078|5062|2627|1801|1434|1076|823|808|769|774|472|554|676|487|423|356|395|418|454|406|346|347|321|453|455|473|351|293|299|276|267|309|300|288|274|135|124|88|123|131|133|124|162|157|168|127|142|147|137|238|173|142|136|145|145|133|122|125|182|322|231|682|949|386|318|274|573|317|260|254|472|269|182|176|202|116|147|133|143|281|123|126|121|147|124|125|101|110|108|135|109|134|113|114|131|161|148|124|145|170|195|148|382|212|209|184|212|171|205|237|595|322|310|261|225|295|253|341|365|294|367|318|249|210|206|386|224|245|235|223|141|186|199|176|219|187|261|175|136|195|293|375|213|194|317|302|212|224|278|229|264|218|299|251|205|388|250|387|171|260|213|171|215|171|193|169|167|343|197|178|259|199|292|158|223|199|285|289|259|258|407|352|325|184|332|262|189|285|290|181|175|238|315|372|510|1213|743|569|1003|392|353|331|435|238|272|230|300|242|333|217|291|452|332|257|236|281|231|236|362|234|287|324|250|289|205|276|214|246|272|416|344|560|521|497|622|572|714|762|1506|1507|889|1632|724|627|1819|792|4764|1766|5462|1967|1099|636|646|569|426|405|515|364|513|355|546|460|315|305|295|252|282|355|265|374|298|247|297|271|819|292|209|192|194|197|180|199|172|213|174|155|160|164|159|179|212|150|219|439|167|225|270|341|364|454|196|257|215
277,Evan Rodrigues,365,85|72|67|64|76|279|231|182|254|96|137|333|93|236|121|98|104|187|841|268|1652|349|3278|727|2972|340|478|463|234|254|325|2492|256|1003|564|911|214|2450|433|860|220|4512|533|278|215|188|206|280|7308|1785|5400|1102|740|4187|670|474|1852|381|1615|431|447|7845|1316|1305|717|576|393|298|318|409|305|283|164|401|643|330|220|368|319|264|312|302|449|526|247|230|216|216|274|278|229|245|191|191|177|165|190|107|102|89|102|171|142|97|61|58|69|54|102|70|81|101|94|77|75|57|85|51|69|53|58|54|61|57|70|53|52|64|160|271|189|169|77|102|39|63|62|66|82|83|83|54|67|41|94|118|110|48|56|51|47|44|54|42|50|54|52|50|46|53|58|58|78|59|70|76|73|68|70|64|296|112|583|276|311|178|159|213|88|107|115|188|165|132|75|67|78|207|84|148|127|72|51|61|127|57|62|76|92|50|62|204|80|217|65|105|87|100|62|65|298|102|117|61|140|54|69|101|44|84|66|105|52|87|122|77|69|46|68|82|57|77|280|102|67|59|66|79|134|62|94|63|104|58|159|58|420|144|76|76|100|69|69|55|177|228|313|344|132|309|729|234|161|79|264|77|132|42|150|63|118|46|72|148|142|69|89|302|91|67|128|56|141|157|74|94|48|110|138|86|81|294|92|275|92|64|40|52|67|62|72|64|65|83|66|63|61|52|88|78|159|170|95|81|110|763|174|100|167|119|133|97|142|116|76|67|62|79|58|62|35|46|79|55|47|33|82|64|38|45|51|60|50|71|42|51|43|50|45|56|50|66|96|97|65|61|56|49|44|41|48|56|55|33|46
278,Mackie Samoskevich,365,73|67|80|79|121|975|176|369|349|74|77|104|60|150|92|84|79|104|133|176|548|133|182|69|162|60|110|118|90|97|79|262|109|221|83|202|107|287|146|150|91|279|154|112|109|110|90|184|364|85|379|106|99|503|143|117|222|85|302|140|103|3701|715|637|340|316|264|197|589|192|240|212|120|259|298|235|182|160|106|97|109|98|88|631|341|160|93|81|193|160|111|85|78|98|53|74|91|80|66|74|65|55|55|66|75|576|2024|2877|3508|2407|1187|532|256|175|196|145|115|104|89|74|100|89|56|44|64|57|65|61|56|39|54|53|75|119|77|66|55|47|60|53|42|55|44|29|34|40|54|69|71|86|69|72|103|69|39|53|65|29|59|43|61|95|71|58|111|89|61|62|84|102|440|189|484|569|179|242|112|376|147|122|161|234|133|180|77|81|279|850|173|328|157|149|67|103|174|67|80|89|100|74|62|85|56|84|75|126|69|70|60|60|116|132|112|63|150|76|102|142|217|445|109|108|148|565|187|125|83|87|78|191|141|79|190|137|76|62|66|110|202|80|103|80|145|112|190|73|142|67|65|64|75|65|49|97|187|83|179|293|71|119|342|206|125|84|128|69|109|69|98|70|94|54|81|475|176|130|150|127|75|74|127|53|109|270|61|81|53|68|80|71|107|113|84|94|368|90|79|58|64|63|64|72|60|67|59|62|79|78|86|95|184|147|124|76|73|144|153|84|148|82|98|85|229|104|85|56|78|122|54|108|58|49|78|57|152|160|109|68|86|62|58|73|56|58|74|166|69|91|80|159|210|94|132|67|98|116|63|88|39|155|191|171|172|79|83
279,Cole Schwindt,365,70|42|28|37|23|40|32|32|44|29|25|24|31|37|53|36|28|43|46|52|26|56|28|54|31|57|53|250|48|34|28|64|46|49|40|67|42|49|48|58|28|114|63|52|47|33|43|35|37|34|49|26|38|73|33|22|47|25|50|47|25|363|100|78|75|42|35|63|51|50|38|77|52|55|41|60|49|38|26|50|91|40|33|26|25|19|45|31|13|16|14|21|23|17|24|99|58|27|23|18|18|23|19|10|11|20|10|18|18|19|16|22|26|16|15|8|19|16|16|9|24|8|17|12|15|15|12|13|17|22|27|20|19|23|23|26|39|22|19|13|15|14|20|13|20|12|17|17|14|15|22|14|20|22|20|18|24|24|15|30|17|28|56|16|32|29|33|52|596|368|116|69|128|59|72|67|45|44|42|42|38|53|66|47|40|26|24|39|38|37|245|894|94|46|50|41|30|46|64|36|28|34|36|62|35|48|31|51|29|27|147|34|43|48|70|98|63|35|32|45|49|28|22|35|40|32|22|27|18|39|31|24|28|42|32|32|34|30|30|35|30|39|23|31|30|40|37|32|28|21|33|46|20|26|50|31|46|37|29|42|70|35|49|53|49|42|36|35|42|38|31|41|84|104|99|84|52|69|46|39|49|26|33|85|57|151|40|57|51|27|48|85|41|56|42|35|40|34|42|31|24|22|29|31|35|33|27|26|45|52|85|70|46|50|28|76|38|33|42|37|51|163|68|52|44|23|29|27|30|41|30|25|41|35|20|17|32|36|19|20|16|32|11|20|19|35|20|34|40|29|29|58|95|42|54|52|35|22|45|69|28|33|37|74|31
280,Matthew Tkachuk,365,992|848|2720|2667|1517|6300|2738|4486|2895|3758|1682|2348|2843|3299|7529|2758|2199|2510|4951|2111|2474|1482|2635|1567|4354|2515|1926|2704|1503|2827|1619|4464|2283|3024|1405|4104|1633|5108|2129|2883|1471|6676|4126|2364|1796|1909|1743|3105|7461|2057|10186|1874|1754|6987|1905|1929|15703|2415|5327|2724|2611|40992|7320|5073|3782|3025|2405|1744|1322|1072|1066|1432|828|950|1154|847|824|642|597|581|678|616|561|592|587|591|562|460|408|456|491|424|393|455|1335|1366|847|687|654|508|487|576|455|375|423|333|383|400|1198|1500|1248|966|710|531|466|508|540|463|397|382|416|387|404|488|367|354|417|532|594|393|335|300|370|385|301|321|363|372|308|354|418|373|324|288|273|290|296|377|330|344|315|306|465|1080|981|11722|1800|827|583|585|501|526|640|401|509|555|494|448|1027|1275|1176|1132|1731|1450|1264|1043|1105|1134|1039|1133|1088|1143|850|902|806|658|730|1122|837|822|740|636|598|593|602|495|555|505|616|584|447|531|585|653|558|627|573|604|1225|937|775|667|725|542|620|608|574|602|659|741|558|616|735|678|770|685|615|615|551|844|795|904|690|752|750|679|809|964|775|1009|898|709|952|872|980|1134|1043|757|810|711|790|673|673|771|1353|940|1036|1214|1307|2388|4048|1994|1389|1365|1103|976|1298|1057|1205|793|980|800|1517|4344|2394|1881|2227|3221|1409|1131|1789|1196|1383|1072|897|1083|1136|1636|1135|1197|1143|1306|1326|1897|3459|2681|2833|2658|2737|2951|10994|7351|17915|30327|16872|7050|16393|7808|26712|18413|106283|50673|31492|21914|10525|11241|5596|3996|3107|2210|3729|3321|2376|2324|1679|1355|1209|1368|2236|2112|1200|1336|1234|1060|1152|1268|1193|1170|981|891|1206|906|900|1054|1152|1209|771|786|915|1083|1362|1099|1355|1319|1891|1822|1312|1079|952|984|803|831|1078|1387|1285
281,Carter Verhaeghe,365,109|107|135|110|135|569|190|253|261|124|171|867|279|793|266|150|152|278|1050|300|826|641|2709|840|6484|437|607|762|296|1201|691|1774|394|2955|856|3264|615|1792|515|818|298|6369|908|534|414|341|337|615|4560|573|4724|499|459|5978|640|501|1911|436|1324|425|683|11452|3062|2102|1148|1088|1114|645|422|349|301|334|201|300|366|251|206|169|154|186|138|118|135|129|113|126|121|120|103|107|105|99|95|143|109|97|73|110|97|62|61|110|66|58|76|65|83|65|61|73|72|92|100|62|72|67|59|58|116|58|70|94|88|51|61|63|82|47|68|63|58|47|53|70|70|70|67|74|64|82|75|109|124|86|86|76|60|77|65|61|64|51|64|70|48|66|70|59|65|74|63|72|102|81|89|97|73|94|100|98|157|158|484|257|156|107|92|113|98|117|114|112|86|103|113|74|101|216|107|116|83|88|61|55|102|51|49|68|77|73|85|103|103|94|67|100|74|63|73|75|102|115|125|67|101|82|66|102|51|113|86|119|56|161|82|55|68|55|70|219|163|335|236|310|208|113|102|152|132|81|114|97|212|160|200|87|137|98|80|84|83|82|64|83|196|86|145|188|116|123|239|112|102|101|360|95|101|67|261|89|125|74|113|141|115|105|96|76|67|77|103|71|151|141|99|109|71|104|98|110|93|141|101|152|138|82|57|61|76|93|108|116|81|96|77|71|108|94|140|111|229|187|150|150|174|484|163|110|176|119|101|100|124|139|74|87|76|287|91|78|52|71|108|79|103|62|170|94|82|62|67|76|50|62|67|97|82|89|121|77|124|183|128|97|194|157|78|92|110|79|70|81|83|64|89
282,Uvis Balinskis,365,27|24|25|39|28|94|51|86|41|29|30|48|43|125|49|34|59|46|1222|113|80|60|90|72|95|52|84|76|46|80|82|198|95|109|45|114|60|155|164|207|61|158|124|128|87|112|91|125|265|95|212|78|65|242|87|61|166|54|217|133|118|2419|464|461|250|183|137|123|61|98|60|62|49|49|76|60|55|49|40|39|51|40|35|25|36|69|58|43|63|33|31|21|34|38|16|34|17|33|29|24|11|29|20|22|22|36|38|23|22|38|36|31|30|37|45|98|62|121|91|43|34|29|21|21|19|17|34|20|18|17|16|24|17|29|35|26|26|31|32|19|16|19|25|20|12|20|34|13|13|21|20|27|23|23|25|16|21|18|20|20|22|21|15|30|26|33|12|40|22|26|51|36|80|72|43|40|48|78|34|41|39|33|33|51|36|23|27|75|31|32|44|30|23|28|35|33|25|25|38|28|10|29|38|39|19|25|29|25|24|13|20|36|28|24|47|34|17|42|84|94|41|56|25|43|27|35|31|22|39|42|30|40|47|137|101|42|19|60|31|24|33|37|99|68|65|42|45|43|36|34|29|42|42|21|57|48|102|86|43|93|167|78|78|137|166|69|70|65|77|58|128|51|58|204|243|160|95|96|49|64|67|48|78|67|44|63|45|51|66|42|79|216|81|292|180|104|126|102|155|210|948|311|339|386|147|332|158|68|123|85|161|113|91|48|66|84|59|32|45|38|40|30|39|35|33|31|24|55|19|41|19|17|31|33|32|30|22|23|20|31|8|26|17|28|9|24|22|25|37|28|13|30|34|36|47|25|28|24|19|35|11|14|25|24|31
283,Aaron Ekblad,365,234|221|211|210|252|525|341|313|757|262|392|3271|1066|589|711|446|318|500|1166|1124|2088|669|1219|441|1437|376|1343|1719|581|1937|581|2128|723|2193|936|1251|637|1148|702|1035|633|1801|1179|562|439|621|948|937|6622|962|4476|862|1109|4600|923|699|2203|782|2220|839|731|11886|2501|1990|1284|1135|1114|849|758|797|1052|1438|991|3381|2941|1030|493|418|294|258|232|247|218|198|156|181|158|138|116|147|139|136|100|122|107|111|101|91|105|87|80|110|86|107|88|86|89|86|110|98|116|112|131|114|121|99|66|79|89|87|136|110|86|93|73|262|285|204|140|127|110|91|108|105|96|78|81|70|81|73|79|80|79|99|80|109|91|117|73|74|263|157|112|112|103|77|107|69|81|76|95|128|115|114|138|107|117|184|184|134|548|318|780|417|242|215|133|276|205|192|159|183|151|172|182|146|141|191|152|190|117|150|134|106|160|111|114|118|146|145|93|134|134|154|131|196|173|171|137|118|140|141|169|122|161|150|154|194|111|141|128|149|136|135|109|149|121|104|133|256|162|147|191|169|138|131|109|137|164|204|210|156|146|250|197|159|181|125|154|207|224|143|151|210|214|195|397|373|260|369|807|320|317|246|669|236|289|193|279|150|214|169|170|278|227|193|186|228|133|153|182|200|225|186|125|162|144|164|138|131|174|171|171|288|217|220|235|134|140|194|241|311|322|335|309|322|445|279|556|472|1004|732|504|366|329|456|298|253|345|229|245|195|221|267|204|216|144|267|173|194|167|185|172|182|178|104|143|147|206|196|279|252|138|183|128|163|111|161|161|162|157|104|182|156|154|128|134|162|114|152|129|151|143|207|182
284,Gustav Forsling,365,61|63|72|62|64|210|87|75|109|50|73|114|73|265|91|81|104|104|177|83|177|110|215|83|652|107|108|240|153|315|121|483|216|609|174|1123|229|442|189|297|162|581|304|218|219|173|193|183|760|148|1605|258|310|1251|331|306|751|276|686|498|388|4464|1468|1572|636|634|458|411|243|183|144|177|142|187|236|179|138|117|65|94|96|136|124|77|65|72|71|71|70|67|67|33|50|71|58|65|64|48|50|50|54|64|52|61|39|44|48|45|92|75|54|58|54|502|1009|502|318|155|176|126|81|74|66|44|32|57|44|44|42|57|60|72|48|46|55|85|73|40|62|46|68|287|43|38|37|42|39|35|44|30|37|69|57|74|55|41|44|47|45|66|44|43|61|37|54|36|58|55|78|64|82|122|248|174|79|82|38|87|56|60|66|117|68|68|56|51|68|73|73|78|59|53|39|73|90|54|42|47|69|57|48|52|48|73|46|56|43|71|53|39|70|113|76|61|86|62|54|73|59|50|47|72|65|111|39|36|33|45|60|45|72|49|53|69|53|54|50|52|60|66|58|62|50|67|100|58|74|48|53|50|64|68|45|41|71|70|86|116|80|181|155|107|105|89|164|76|62|67|104|60|70|58|67|110|86|58|79|62|58|71|50|51|60|107|75|73|65|65|77|66|58|79|59|102|528|199|129|113|112|711|371|265|195|143|121|269|723|220|140|97|187|151|105|60|83|97|105|62|84|81|54|57|62|56|47|51|89|70|55|45|37|43|50|35|60|31|58|41|25|52|37|31|35|49|30|39|49|39|51|35|33|36|50|48|54|56|46|51|37|51|38|35|43|44|63
285,Seth Jones,365,214|304|289|217|283|1071|431|440|540|229|292|3490|384|1462|480|437|429|413|4553|587|1304|538|1585|408|1464|273|738|1122|373|1540|636|29211|2174|2932|1063|5824|1863|2587|831|1454|501|2151|961|638|437|579|567|798|4882|553|7683|743|688|2487|540|475|2297|630|2394|1770|1850|25203|4239|2181|1273|1081|874|530|510|521|446|525|361|414|555|468|318|347|343|348|364|302|423|382|343|318|286|253|285|299|253|347|264|283|215|226|201|269|547|300|414|209|252|159|128|111|131|123|124|114|110|121|138|90|109|121|131|117|112|97|94|94|95|186|129|100|114|98|109|81|110|539|323|419|266|162|148|135|108|99|105|110|100|118|132|123|143|92|116|83|98|98|107|83|90|111|123|103|134|129|114|136|137|143|144|149|132|166|374|292|329|295|1595|705|342|338|198|308|192|272|212|334|241|207|201|223|203|349|872|1898|407|236|185|184|238|169|166|199|176|133|109|136|220|203|193|230|173|191|171|204|250|231|249|163|523|193|208|269|249|283|212|279|190|259|225|173|161|161|163|256|154|244|456|256|293|112|166|198|271|214|344|169|304|243|222|216|325|216|169|186|342|156|149|159|303|229|333|834|701|1758|2758|668|422|323|346|288|275|257|242|211|267|242|340|569|356|244|461|376|602|482|321|239|257|235|192|202|193|203|269|227|186|247|570|636|383|348|247|242|214|256|366|293|352|419|307|236|375|338|524|415|1737|1402|822|640|470|424|312|308|365|284|280|264|260|293|288|264|180|207|165|140|161|129|133|176|240|227|215|154|162|128|157|216|237|299|185|241|162|159|181|170|269|207|275|234|220|273|160|188|144|149|134|178|172|154|158
286,Dmitry Kulikov,365,58|58|59|61|38|174|65|87|57|43|53|126|83|137|64|41|52|79|395|250|191|109|554|104|427|209|136|711|97|238|184|421|138|369|141|286|143|336|150|380|92|483|209|171|134|119|153|152|569|163|1582|191|155|511|163|115|583|149|537|159|115|2816|568|766|300|302|207|194|99|105|102|91|70|87|121|119|116|101|66|64|72|58|54|37|44|71|62|45|39|41|37|35|34|58|44|41|37|29|36|42|55|29|33|24|28|29|38|22|35|33|41|33|43|45|28|33|41|41|25|27|33|40|26|35|31|29|61|56|48|35|34|37|48|24|29|40|40|50|48|45|40|29|35|23|37|27|28|32|27|33|31|40|45|38|35|38|35|30|34|33|42|31|36|70|76|76|43|36|42|36|40|59|99|84|87|105|131|65|46|58|188|124|82|66|45|48|46|50|38|50|31|38|41|32|74|57|33|39|42|33|36|36|48|44|43|48|28|43|46|19|52|30|48|31|32|44|36|46|28|50|32|37|36|42|38|33|35|38|34|50|42|29|42|44|30|26|27|38|29|39|66|21|38|51|49|46|43|45|41|33|41|46|52|33|45|60|47|37|36|55|168|73|55|42|62|38|48|27|44|48|54|44|58|99|56|38|47|49|32|29|45|49|50|58|58|50|53|45|44|37|35|45|51|63|53|30|38|39|50|45|45|42|61|63|73|77|106|76|98|93|142|142|93|71|61|45|66|70|106|78|55|54|63|51|63|58|46|51|53|40|33|25|35|39|46|38|58|45|29|36|31|38|50|88|41|64|39|44|35|46|37|46|107|56|69|46|41|34|24|42|34|33|51|31|25
287,Niko Mikkola,365,49|35|28|34|30|124|74|140|121|41|91|566|132|116|72|48|64|75|309|85|181|160|362|103|443|97|107|877|121|268|93|730|174|1287|271|2621|330|3890|564|446|284|971|303|165|137|129|241|195|992|167|1062|149|168|1172|248|149|549|104|368|137|145|2511|497|712|356|220|189|177|74|135|83|83|80|109|176|136|66|68|47|60|68|36|52|32|40|36|39|26|59|48|46|24|39|37|39|34|39|44|32|30|39|54|27|24|28|37|29|26|31|37|45|71|58|58|64|34|35|24|32|28|38|30|23|20|26|29|24|19|29|30|32|37|47|42|28|26|29|20|30|28|24|32|31|27|25|23|28|23|40|23|27|32|36|26|26|30|23|26|29|39|37|48|46|25|58|49|38|1065|287|102|195|164|175|115|80|89|45|69|72|62|52|85|52|66|61|41|56|91|53|48|39|50|26|40|31|28|34|34|56|51|22|37|21|50|31|45|26|66|25|37|47|39|41|26|71|34|28|45|29|77|35|45|23|58|49|30|20|22|33|41|33|62|64|53|35|32|23|46|39|42|63|32|157|55|44|47|81|48|35|29|116|66|46|35|92|58|79|87|64|151|274|94|100|75|89|41|100|60|64|36|61|45|59|85|81|67|40|69|55|41|57|54|71|50|50|79|52|125|72|61|53|83|73|128|183|129|77|83|108|635|261|320|400|163|98|102|416|214|1177|832|621|291|142|92|70|81|79|58|75|71|85|52|78|55|36|43|89|85|50|47|41|42|54|46|39|26|40|106|50|42|31|31|22|35|23|33|25|35|13|32|23|31|38|43|68|43|28|35|28|24|21|29|40|25|32
288,Donovan Sebrango,365,21|14|14|22|14|12|13|11|26|25|16|11|8|11|16|10|5|15|15|5|13|14|8|7|13|8|3|11|5|15|14|10|7|6|9|18|18|21|30|40|10|19|11|16|9|20|37|6|17|10|11|6|12|15|12|12|5|5|9|5|9|12|13|16|17|13|22|11|10|9|8|24|12|11|22|14|24|18|12|14|12|15|6|10|12|10|9|15|8|9|11|10|10|15|15|6|20|12|7|21|12|5|9|7|4|8|9|9|5|10|12|12|14|18|15|13|7|5|11|5|11|5|9|11|10|3|10|12|9|11|13|6|9|16|17|12|9|20|14|157|60|24|20|23|14|14|11|9|16|8|15|14|15|13|15|13|34|24|33|81|32|16|18|28|21|51|470|90|40|39|64|81|101|54|205|171|75|78|59|87|962|604|181|150|110|108|111|99|95|96|71|70|101|84|89|70|55|418|272|107|84|85|50|148|76|102|46|803|143|116|233|80|67|48|66|40|48|56|49|110|59|44|51|25|27|38|26|67|41|44|47|51|59|58|38|32|34|51|34|30|34|24|36|41|35|38|38|21|24|28|43|51|27|36|45|32|48|44|47|60|70|77|57|69|166|38|607|54|115|57|157|47|57|63|120|45|119|52|38|37|33|32|38|53|41|37|20|21|27|30|33|29|31|33|89|43|47|34|60|34|36|21|29|22|22|16|33|21|23|25|38|38|53|48|35|76|52|37|70|44|31|39|69|144|26|25|79|209|41|53|33|39|52|31|44|21|70|67|46|15|45|77|51|48|53|32|26|37|94|50|39|60|90|24|144|241|87|107|76|72|38|71|41|85|30
289,Joel Armia,365,101|102|78|149|263|132|146|101|356|170|212|103|82|173|89|147|129|74|49|50|51|57|63|52|36|72|84|65|44|53|69|76|62|69|47|44|56|53|46|43|41|44|57|50|44|39|51|39|51|69|52|37|51|55|40|31|56|28|33|34|31|46|62|45|53|47|47|33|59|63|57|48|37|54|1501|573|196|114|91|71|84|58|65|47|56|51|47|39|62|52|53|51|43|49|66|70|39|63|48|35|40|32|35|42|35|41|46|34|45|45|33|33|46|53|35|36|28|45|26|42|53|34|31|57|37|37|37|36|34|42|38|39|44|40|59|42|46|43|38|45|69|45|42|26|41|41|35|27|57|50|55|52|59|47|51|50|58|92|125|124|84|54|45|54|48|64|69|64|83|127|96|58|98|253|319|106|294|128|77|100|98|53|124|65|97|34|102|116|75|121|44|220|206|72|90|58|103|42|61|43|42|206|48|93|43|74|63|84|732|106|75|43|67|39|67|44|35|148|230|62|58|123|43|38|39|44|97|36|25|99|54|61|58|53|57|222|65|77|40|53|110|58|54|42|118|56|51|65|46|61|58|28|59|39|67|67|135|90|55|230|132|136|69|102|101|95|71|76|63|39|71|63|75|47|221|89|50|52|73|57|65|59|71|49|65|99|86|197|67|146|77|72|90|128|119|126|97|99|225|765|312|953|532|497|140|117|419|223|1221|1127|1321|514|259|141|147|147|85|90|82|90|85|78|87|60|74|61|47|56|48|37|40|49|44|64|44|45|63|238|93|76|37|65|43|59|26|45|54|41|64|86|78|53|67|38|169|67|35|110|76|92|60|93|98|58|73
290,Quinton Byfield,365,528|262|243|240|3209|436|4473|517|995|244|1816|234|932|210|2542|341|216|381|296|210|192|153|129|134|142|172|150|117|148|94|126|205|123|129|110|118|119|158|141|119|154|156|124|113|100|101|98|87|144|85|139|112|127|137|64|83|120|81|93|93|81|160|118|82|87|80|88|114|104|135|145|299|199|166|149|166|131|97|57|73|101|99|79|70|72|56|81|80|114|213|200|138|109|75|103|77|64|41|74|68|63|56|88|122|67|82|103|66|80|71|89|69|61|63|51|82|56|64|54|62|67|64|62|74|52|70|63|63|73|76|74|62|89|67|66|51|92|60|56|92|44|77|41|60|52|59|38|47|67|81|54|64|71|76|104|69|84|83|80|67|70|78|77|74|79|97|110|92|400|941|776|661|732|831|1299|484|601|429|362|542|348|305|396|272|361|273|267|367|284|416|234|266|259|174|235|191|377|154|175|186|181|261|181|251|251|237|192|237|676|295|1570|280|374|193|238|157|183|241|335|180|181|422|165|127|177|183|555|167|169|223|150|191|124|164|174|163|117|269|101|162|250|155|197|187|201|164|193|135|176|293|269|162|139|188|313|170|257|191|203|260|241|565|205|442|218|344|201|337|494|190|272|184|320|197|432|267|189|177|303|175|207|182|194|152|213|280|202|244|296|414|194|165|226|357|260|184|175|170|154|158|249|166|165|197|207|206|269|257|278|229|427|401|324|744|1099|554|323|300|259|352|330|236|311|193|403|226|191|238|124|157|144|190|166|197|135|104|247|176|124|217|122|379|139|229|176|174|129|92|116|183|140|153|847|210|173|128|119|154|160|169|159|1100|344|159|316
291,Kevin Fiala,365,259|145|151|186|1169|273|772|278|897|184|2671|240|387|188|837|194|162|251|267|192|244|412|291|324|1094|754|531|456|300|246|368|300|391|216|459|311|1012|2576|691|221|194|161|143|115|100|118|145|118|169|99|128|100|143|196|127|94|137|86|97|213|121|178|93|104|67|76|100|100|77|94|79|95|85|93|102|107|106|91|66|68|71|62|68|72|60|54|67|50|65|60|64|70|46|64|65|107|77|56|66|67|58|55|52|80|73|51|61|51|64|68|65|54|112|161|79|75|53|63|61|54|50|200|123|93|59|85|73|57|49|47|48|63|67|43|50|51|57|43|37|59|62|53|66|66|55|60|53|57|64|49|51|55|72|58|98|62|83|56|51|72|136|146|94|76|80|95|93|82|121|128|156|108|150|377|191|111|147|138|106|372|115|93|177|75|162|74|61|155|67|108|70|145|230|82|120|83|151|61|99|72|76|127|90|172|122|266|191|130|274|107|187|116|119|119|113|93|101|107|161|125|134|155|89|103|129|117|221|110|84|160|98|111|111|118|87|113|95|203|85|223|246|230|202|156|193|138|129|139|110|139|199|87|119|103|176|129|199|184|194|370|353|1032|287|644|299|424|306|344|225|148|184|168|305|140|280|248|155|198|266|164|151|130|168|133|156|178|139|172|141|227|153|179|186|355|252|276|238|239|218|332|809|15398|19183|5669|3212|1506|1454|703|607|437|891|656|466|531|548|659|232|242|253|228|191|148|220|176|135|115|99|136|82|120|122|117|95|126|98|104|138|146|98|103|95|128|84|108|113|94|102|113|248|214|178|163|140|93|145|124|111|105|144|120|112|138|129|110|147
292,Samuel Helenius,365,158|37|34|52|182|39|169|33|101|36|155|28|944|51|1378|86|70|67|53|39|39|35|37|24|27|31|38|24|27|20|29|29|13|27|21|19|28|28|20|20|23|20|20|24|20|17|11|19|18|17|21|19|16|22|18|22|14|13|21|16|13|31|22|14|22|18|19|19|13|29|47|21|21|30|40|33|21|17|21|32|25|22|17|17|20|12|16|13|18|16|21|24|14|33|18|22|13|12|20|12|10|13|11|14|6|20|11|9|18|29|40|23|17|15|15|19|12|15|14|8|17|11|10|20|13|35|13|21|11|12|18|13|13|21|11|16|10|13|16|15|17|12|15|14|20|12|8|19|17|20|21|13|11|16|16|20|21|37|32|39|54|31|22|20|25|17|27|39|38|45|34|30|29|71|36|14|82|33|24|17|20|24|53|26|48|14|17|23|21|20|21|28|28|18|36|26|27|10|19|18|21|25|23|21|28|22|18|26|27|21|19|22|22|21|18|19|25|26|28|15|10|128|27|11|19|26|23|26|56|56|35|60|25|24|30|14|22|24|19|23|479|89|404|48|61|56|46|31|23|68|52|27|56|23|70|28|77|30|36|112|38|343|59|204|49|95|21|92|343|24|77|33|74|27|94|165|80|66|316|70|82|43|163|40|32|391|136|527|116|241|110|49|69|94|218|52|30|30|36|38|38|40|32|26|15|28|21|32|37|37|46|27|22|37|69|43|29|74|28|157|41|36|271|35|152|63|52|263|34|30|126|53|27|49|23|25|49|110|35|40|19|61|24|62|18|45|21|14|23|63|55|63|437|37|136|40|27|45|50|26|21|435|144|19|92
293,Mathieu Joseph,365,53|261|299|88|107|78|101|104|59|87|79|74|82|109|105|374|1493|2410|213|107|84|62|68|58|61|77|64|79|59|56|63|88|50|35|56|51|92|137|99|117|154|137|62|56|42|51|43|53|57|71|116|274|69|58|40|47|47|30|41|39|50|75|124|376|119|76|51|34|29|37|43|59|36|36|64|174|163|64|48|54|90|71|48|46|46|29|31|26|38|27|36|36|30|32|20|26|31|36|39|27|22|26|37|37|28|52|34|30|27|23|25|47|36|47|42|34|38|26|35|22|33|40|31|31|33|27|31|16|33|37|32|27|21|18|33|30|31|26|43|27|26|26|42|43|34|18|29|39|29|20|57|26|47|37|37|25|49|31|37|33|42|44|72|43|46|25|57|37|91|45|50|57|62|63|70|116|97|46|54|156|66|68|49|60|66|62|63|111|37|74|57|128|91|159|68|52|232|52|53|34|68|44|72|302|66|66|48|36|42|44|35|45|79|63|48|101|58|51|35|54|44|47|50|46|69|45|88|43|53|59|58|61|54|74|102|39|77|44|52|60|38|30|52|40|73|39|37|62|67|93|31|52|50|51|71|60|51|61|61|83|207|88|57|52|81|69|61|63|55|49|229|87|58|82|53|56|54|45|67|58|48|73|73|62|55|71|28|77|54|106|85|183|74|169|67|66|57|58|68|46|78|56|60|56|55|62|59|60|60|58|109|107|135|71|622|340|164|139|84|72|54|390|857|472|230|138|112|103|66|67|110|110|114|174|68|81|56|40|56|119|57|136|46|253|63|100|44|53|49|167|104|65|71|59|73|77|44|58|62|46|63|149|200|60|102
294,Adrian Kempe,365,158|126|73|127|958|223|3181|535|3193|408|1945|279|997|280|939|281|172|200|179|151|136|173|118|137|115|115|99|96|85|78|65|147|82|79|311|145|227|145|101|100|99|74|76|67|69|78|103|88|157|86|106|105|111|137|95|35|89|47|76|154|91|121|76|72|53|59|65|72|122|67|71|99|66|82|100|115|100|73|58|60|62|64|65|61|41|38|65|54|56|87|102|71|76|69|94|96|57|35|52|34|37|51|49|48|41|50|42|37|32|42|61|93|60|69|51|50|51|34|58|54|54|52|31|51|55|41|40|58|34|66|54|48|56|53|52|38|47|58|71|70|65|58|42|63|54|101|73|70|165|92|70|79|72|86|124|65|61|63|109|123|145|112|76|91|98|101|82|88|127|95|88|116|182|435|489|286|383|145|135|324|159|146|233|273|203|120|92|214|103|2187|571|328|282|211|237|161|249|108|171|156|141|228|122|179|99|142|103|114|170|126|287|96|624|1775|599|274|274|336|232|132|138|221|97|76|109|121|376|144|106|225|106|148|94|133|127|186|121|172|88|101|289|101|142|231|163|226|124|121|144|146|131|62|129|131|163|120|134|114|147|237|181|317|183|306|155|202|126|171|297|111|205|151|168|132|188|283|126|94|234|104|106|87|150|103|99|111|100|193|255|289|114|107|161|256|334|254|198|144|173|784|466|569|989|313|238|1068|1500|418|208|161|252|234|144|138|301|209|250|216|133|175|102|116|212|87|208|154|200|171|113|127|152|148|113|113|81|110|115|127|91|108|103|126|76|77|74|127|71|67|62|149|143|97|376|95|198|114|137|239|134|143|126|276|201|105|148
295,Anze Kopitar,365,929|643|451|569|2664|626|4548|765|3015|529|2680|461|2260|470|2694|704|446|481|447|395|384|384|499|480|348|474|384|605|496|362|389|507|338|285|273|351|322|356|302|356|283|286|294|242|182|307|270|240|314|193|291|221|232|320|202|1487|1335|580|499|415|293|558|348|330|347|276|282|265|242|257|263|266|247|237|308|315|256|213|195|239|199|195|223|226|155|139|168|191|162|165|182|804|326|239|220|198|190|169|220|214|192|167|159|171|206|198|192|227|173|200|197|147|179|182|186|181|151|184|158|143|249|205|333|346|201|218|219|236|342|274|194|159|215|315|272|226|200|190|176|134|175|177|163|184|176|165|123|170|153|175|171|219|195|3405|10115|2632|918|692|563|497|493|475|400|332|341|325|318|314|545|846|741|734|1105|5390|2692|638|1097|533|499|761|433|458|565|507|496|377|338|484|351|427|345|560|660|403|538|380|616|285|484|304|333|440|415|573|384|586|736|581|1341|647|970|388|717|467|1359|544|519|1127|1147|431|396|882|395|447|340|342|1755|334|293|2501|1071|665|452|2356|1363|790|441|1338|419|357|932|339|523|436|585|467|296|279|367|399|418|290|281|323|620|365|732|446|407|634|547|882|383|703|444|553|384|499|654|379|382|341|490|369|480|572|387|314|432|322|322|341|436|326|353|542|389|444|666|1557|981|397|608|798|804|478|352|326|342|543|682|594|701|616|478|528|847|632|952|751|1491|1005|622|548|982|952|427|734|540|673|381|351|2177|653|1473|915|612|3021|698|612|1886|4171|1188|2639|900|543|928|781|502|525|379|412|390|646|361|449|252|291|285|567|1374|1296|1198|503|635|441|391|607|2297|9781|2869|3161|2697|995|2948
296,Andrei Kuzmenko,365,278|111|114|150|3512|514|3640|617|866|182|514|114|740|172|322|140|165|125|142|88|89|86|102|96|117|78|126|79|63|51|51|88|59|83|68|68|75|64|80|96|65|60|56|60|64|58|59|67|71|66|63|53|53|75|54|54|70|55|43|55|44|83|71|76|57|60|89|114|105|98|89|109|93|348|455|219|159|99|86|153|82|72|79|74|55|61|80|57|77|60|50|79|83|94|67|46|44|47|38|40|35|43|42|37|56|49|42|54|57|57|64|69|72|48|43|41|46|43|42|47|48|33|53|44|39|42|46|43|31|36|40|49|37|40|40|42|41|37|59|48|49|36|39|40|42|42|35|38|48|37|46|50|34|57|61|53|67|68|59|63|79|59|67|72|43|86|105|80|82|112|97|104|153|240|515|149|248|111|84|141|84|72|90|74|152|60|75|103|92|83|71|91|93|98|89|61|109|66|126|178|63|83|98|74|67|93|149|59|97|96|129|76|154|146|99|138|178|97|98|71|88|130|72|46|58|80|221|61|54|102|68|96|67|191|77|104|73|79|62|94|147|88|112|102|84|86|62|77|74|195|212|99|90|77|134|88|108|81|145|126|76|131|84|618|174|206|163|192|254|134|130|89|127|75|117|94|88|128|392|199|153|143|89|114|101|143|82|85|137|142|89|85|230|567|380|134|120|99|130|104|70|77|80|71|70|99|118|91|92|80|126|131|116|81|148|136|87|137|92|89|77|82|133|81|148|114|86|88|63|65|79|75|61|45|67|50|62|108|52|73|50|72|64|82|58|90|79|63|50|57|61|39|125|53|91|58|63|90|62|85|74|100|105|72|116
297,Alex Laferriere,365,189|125|90|92|479|104|359|76|366|58|738|66|250|76|526|100|59|81|97|58|52|61|48|79|41|47|75|80|43|32|39|41|41|47|38|42|50|44|61|53|36|37|58|31|42|34|42|39|48|39|44|35|56|58|50|53|52|34|63|46|37|54|56|26|32|42|48|38|42|69|74|80|52|62|137|108|126|96|79|92|65|70|40|39|45|36|32|28|56|39|56|56|46|35|53|34|34|30|34|19|31|36|36|37|42|36|697|410|208|96|80|87|110|53|47|41|34|30|49|47|36|39|28|36|16|34|25|50|31|39|25|23|29|15|22|30|23|24|33|26|34|38|33|35|34|20|37|39|43|79|44|52|36|54|39|46|43|56|57|64|62|38|37|37|44|42|39|44|63|60|77|101|125|287|157|55|128|81|62|70|45|51|90|60|89|34|37|282|75|119|46|96|285|91|128|40|278|52|102|41|36|66|36|59|50|72|79|69|232|70|325|39|370|99|85|62|73|106|162|38|98|116|45|47|88|98|110|44|33|92|62|68|63|120|69|76|63|267|68|49|146|62|89|64|170|91|57|56|68|93|115|54|56|48|1124|227|151|88|74|133|130|157|90|186|86|213|74|134|289|70|121|90|142|92|158|87|91|68|252|67|51|69|154|78|80|158|104|110|213|149|89|66|169|222|132|84|80|45|56|58|52|52|58|59|45|55|52|75|89|62|131|121|104|114|189|202|92|220|96|134|66|75|303|78|985|127|121|208|64|95|133|135|125|883|93|123|132|97|81|155|58|89|67|77|62|86|31|43|50|129|106|94|225|60|104|45|70|106|96|102|84|223|173|61|123
298,Scott Laughton,365,883|191|509|935|697|860|327|419|281|788|132|228|262|172|957|340|337|1934|1203|395|1215|485|690|263|282|125|216|702|154|550|286|1549|266|156|136|111|117|98|108|107|100|148|159|72|84|75|90|122|80|57|64|51|68|71|58|57|51|28|65|54|44|76|100|68|44|37|59|81|64|70|77|137|75|112|173|138|96|75|67|69|48|40|49|67|56|56|46|42|30|41|47|76|34|48|56|64|33|43|32|29|29|40|25|42|42|30|52|27|55|39|44|34|36|34|31|29|46|50|48|30|39|34|35|31|41|30|33|30|29|39|36|29|51|40|72|60|45|55|71|100|64|50|46|64|50|33|41|30|53|53|41|59|70|84|107|85|56|143|162|79|468|789|158|97|69|76|60|82|241|126|78|96|133|146|146|81|106|101|108|119|116|134|181|95|112|97|105|98|66|71|97|79|48|69|81|66|67|153|159|71|94|181|251|86|74|255|113|75|113|106|102|79|81|49|85|72|88|243|83|184|81|90|70|79|87|100|161|58|87|406|149|428|72|887|144|314|160|88|121|82|116|50|77|123|69|86|65|88|377|227|132|70|68|92|199|192|87|252|103|171|101|146|72|115|756|352|3774|952|1026|584|532|231|187|373|167|285|301|208|117|871|90|1051|240|161|141|181|144|143|156|200|98|140|145|71|81|74|64|65|62|65|71|56|45|54|47|251|64|74|62|60|124|97|121|84|128|112|102|182|244|340|331|441|2683|1963|1216|447|353|198|116|171|160|127|110|103|78|88|334|102|76|90|53|100|64|135|74|106|92|196|84|130|144|229|580|205|344|159|138|134|143|124|92|266|188|131|140
299,Jeff Malott,365,117|52|72|67|299|70|274|102|149|73|179|69|174|51|231|77|80|81|97|143|313|372|313|2459|497|303|223|149|101|68|81|53|45|40|26|34|41|47|36|27|31|24|29|31|41|30|28|17|34|18|31|203|148|41|27|29|25|19|22|29|23|32|36|32|22|19|14|14|21|27|13|32|32|29|23|31|32|28|20|23|19|21|19|158|33|17|23|21|10|17|22|30|19|24|24|19|17|16|23|19|17|14|15|15|19|15|21|27|26|19|18|32|20|22|28|25|21|17|21|20|19|80|50|27|61|33|39|25|18|22|24|30|18|20|17|17|29|20|20|20|22|12|23|23|23|44|23|37|20|28|27|25|16|16|36|25|32|28|31|53|197|53|31|48|32|25|62|62|29|98|56|39|75|5070|1218|242|458|200|167|125|139|125|163|693|2434|271|145|191|66|93|70|51|55|47|215|78|72|39|44|43|28|79|38|51|29|40|34|51|56|108|218|63|62|37|41|31|26|35|42|35|27|81|44|42|37|34|99|41|33|53|49|43|63|51|45|32|61|69|22|44|60|30|44|29|48|36|37|29|21|35|49|32|48|20|39|39|60|40|38|197|38|50|28|77|38|66|49|93|98|33|44|35|49|30|72|59|36|29|46|30|32|30|54|28|39|71|46|152|68|91|42|27|67|87|51|28|31|28|33|35|24|37|30|35|28|29|39|30|169|145|87|62|51|51|51|94|43|42|53|111|180|73|100|51|82|42|52|50|40|38|44|45|33|119|32|126|184|69|39|51|43|43|47|70|27|67|39|48|46|54|66|68|398|51|68|37|41|71|61|95|119|173|269|282|357
300,Trevor Moore,365,98|58|57|69|370|93|483|117|1318|103|2054|131|327|72|260|88|76|84|69|70|51|63|90|56|62|73|53|86|53|67|56|56|28|51|57|46|50|49|57|71|46|26|49|69|51|41|36|26|38|48|45|35|30|52|38|30|35|22|29|89|95|70|52|56|51|60|66|49|48|44|42|54|41|54|71|47|42|110|36|32|39|28|24|26|34|17|21|34|32|24|32|35|19|44|39|19|33|21|18|22|24|28|29|55|43|39|23|34|19|103|28|41|58|50|91|95|65|68|107|65|46|72|52|56|45|45|39|44|132|74|40|31|30|32|35|24|24|33|28|24|24|18|34|26|26|19|28|40|34|34|32|39|30|46|40|30|38|39|50|50|39|20|25|47|30|31|33|46|51|59|36|46|51|153|222|38|69|27|31|81|34|35|48|25|85|32|32|41|27|30|26|65|48|33|39|28|63|34|58|42|44|51|37|50|29|48|38|41|69|34|197|31|68|47|53|31|40|64|66|40|35|57|31|19|32|38|176|42|22|68|28|128|39|81|35|43|36|47|29|29|56|28|53|37|44|41|28|32|29|69|44|44|74|31|99|41|58|35|43|57|39|62|47|66|51|89|33|50|58|33|55|34|55|43|84|46|41|20|43|32|54|46|147|60|47|68|47|45|61|67|56|32|57|81|88|30|42|45|57|30|61|54|37|52|40|42|46|37|45|52|66|68|52|66|67|90|55|104|53|68|44|48|92|48|128|45|50|67|39|72|93|50|49|58|26|33|42|49|39|67|22|58|34|115|24|56|32|39|39|452|127|69|153|49|107|50|35|92|96|58|44|227|86|37|80
301,Artemi Panarin,365,2757|1059|558|615|444|463|428|344|329|269|364|247|313|307|355|230|262|347|385|368|302|389|321|295|293|358|339|430|357|273|291|368|296|339|339|281|278|300|295|292|275|443|580|427|382|382|293|344|388|240|315|214|266|391|328|362|354|200|289|227|211|361|327|357|321|319|300|284|288|225|217|323|200|220|319|385|371|262|341|429|418|343|454|429|446|428|464|445|443|408|341|326|284|309|563|353|325|220|200|174|170|199|161|163|167|218|190|127|198|153|154|227|203|200|172|215|194|199|232|177|157|171|164|179|204|175|168|126|153|206|193|192|171|186|198|195|159|197|177|183|185|191|159|171|133|207|269|225|183|178|186|331|276|285|268|243|240|272|238|317|306|344|234|246|259|353|252|234|241|279|221|324|504|869|483|459|394|458|453|668|484|584|749|445|711|532|914|463|341|395|250|262|394|429|398|428|523|227|296|293|271|422|583|516|1103|667|378|560|379|654|303|286|441|366|294|358|309|371|259|331|286|331|274|366|405|508|397|423|576|753|520|825|650|390|412|245|360|702|271|256|751|320|394|378|318|327|519|380|304|258|417|261|235|320|308|356|374|449|389|603|1778|498|394|658|488|944|891|841|455|560|701|558|710|2811|3574|1769|1247|1526|1420|1289|1086|998|827|704|832|1334|6584|3234|2312|1526|1522|1496|13576|11575|3870|1627|1375|798|658|667|698|565|734|565|568|526|715|614|645|597|1199|880|1061|1352|3639|2192|1182|972|888|1080|558|633|1630|827|1308|829|555|598|375|516|507|540|855|1546|514|365|605|561|427|555|354|859|584|487|332|388|258|267|316|408|336|396|676|388|310|270|271|356|585|537|290|503|365|341|499
302,Alex Turcotte,365,175|126|98|107|315|105|227|109|139|65|203|66|294|54|422|95|58|107|145|85|86|72|71|61|53|56|71|72|59|44|74|70|65|46|48|48|53|51|47|58|47|53|54|59|62|65|79|58|56|37|81|52|73|46|41|51|56|58|61|55|56|74|77|52|73|56|258|221|108|121|91|156|90|101|143|101|90|67|46|75|118|94|69|62|60|38|36|48|71|72|68|78|67|53|49|38|62|43|36|42|48|43|28|32|37|25|36|53|47|42|57|63|45|59|37|47|33|30|46|43|47|35|30|32|38|46|42|55|25|46|38|40|27|30|26|27|34|27|48|35|37|39|29|28|47|26|28|32|47|33|38|38|37|37|42|33|59|57|41|58|42|28|37|39|50|34|55|60|87|59|45|57|64|271|255|68|90|66|58|199|58|66|111|78|99|53|72|108|93|115|62|136|149|73|142|54|141|44|88|52|66|94|51|80|58|107|79|46|190|62|96|57|98|56|79|69|67|126|99|55|60|69|52|66|88|106|114|140|109|103|66|132|65|250|102|95|69|76|70|70|116|83|99|95|102|81|92|86|65|141|190|55|90|74|142|109|120|120|74|124|100|142|62|133|85|400|78|102|119|66|91|49|115|66|129|96|60|73|212|76|72|78|104|69|70|80|61|77|64|110|80|70|93|120|70|56|75|48|64|38|62|114|73|91|85|60|78|100|98|103|415|566|416|233|269|198|120|181|125|162|99|102|228|84|220|154|102|111|88|92|111|84|80|187|98|90|64|74|146|94|62|91|52|49|61|78|54|34|74|99|181|123|100|66|92|79|68|246|190|84|88|118|86|66|89
303,Taylor Ward,363,125|72|32|19|22|28|32|19|22|12|9|15|19|19|21|16|10|15|15|10|16|10|9|8|14|10|9|52|9|8|10|3|19|15|21|19|7|16|13|20|11|17|21|19|10|8|8|13|21|13|13|8|14|11|11|14|18|15|18|11|9|9|38|5|15|15|10|13|4|14|12|26|17|48|40|11|12|14|18|14|7|19|9|6|7|15|8|6|17|3|9|10|8|14|5|5|10|4|15|11|8|10|11|8|5|6|14|17|7|20|11|9|10|6|8|16|15|12|12|11|9|20|7|9|7|9|7|9|8|14|8|11|4|16|16|9|10|10|6|12|14|10|10|9|5|6|17|15|10|14|10|8|13|6|10|16|13|157|32|14|24|58|36|33|70|24|20|21|11|20|12|14|15|11|26|12|9|9|7|4|9|7|4|9|8|12|17|7|24|16|11|11|8|8|11|8|9|9|8|12|9|43|9|13|10|11|8|16|5|14|14|6|1|21|26|9|11|13|8|9|7|4|10|15|7|12|13|9|10|4|4|13|11|10|6|5|18|13|19|5|3|9|4|9|8|15|4|12|11|16|11|7|10|12|12|17|9|7|5|11|9|7|90|170|44|91|117|28|58|18|76|29|78|41|18|24|277|35|24|15|188|77|94|73|58|108|35|46|35|12|47|39|30|22|14|14|22|14|19|17|22|23|9|13|27|16|19|29|52|32|26|22|18|59|16|55|24|53|18|25|78|28|47|27|23|24|23|22|65|77|46|42|16|21|38|65|39|22|16|19|11|16|14|19|13|15|17|57|13|31|36|15|62|17|20|45|17|16|18|44|36|13|47
304,Jared Wright,1,1
305,Mikey Anderson,365,94|43|34|42|230|53|216|54|159|48|220|43|89|50|174|51|48|58|39|38|22|27|25|29|23|15|33|28|29|31|32|29|33|25|20|27|53|46|30|30|22|29|33|21|50|31|28|21|48|31|39|22|28|31|19|20|31|18|30|27|17|24|23|31|15|28|25|26|20|33|23|34|23|36|35|27|44|27|20|19|23|28|22|15|29|16|24|16|15|24|24|39|19|20|24|19|15|19|34|13|19|15|22|21|22|25|15|19|35|29|21|22|45|76|31|31|31|14|20|34|26|45|13|25|16|15|16|15|19|22|18|22|33|15|25|22|25|15|19|17|22|27|15|23|14|10|17|20|25|19|15|19|17|23|26|17|23|26|31|33|21|24|18|13|22|25|18|33|24|22|27|26|42|127|79|28|79|53|43|154|38|38|57|29|34|27|28|37|19|34|15|35|33|32|39|18|36|14|35|24|23|62|21|39|28|19|24|20|67|22|49|21|40|53|37|23|27|29|27|39|23|36|25|17|23|27|49|28|18|41|27|68|36|71|35|43|33|27|22|20|50|25|33|38|24|32|30|37|56|76|35|24|58|29|54|36|54|31|28|53|36|190|48|183|42|55|34|57|51|29|69|33|49|30|47|33|28|35|50|35|38|33|30|28|20|44|24|41|34|56|49|35|45|64|44|44|27|31|36|33|38|42|34|38|39|36|34|46|37|41|84|73|48|53|65|55|42|39|42|45|46|37|85|64|96|53|36|60|38|50|45|44|78|103|42|72|41|41|39|59|21|34|16|40|35|34|27|23|31|36|35|57|100|38|58|39|44|29|46|33|43|65|46|27|38
306,Cody Ceci,365,161|469|898|203|393|182|481|196|208|318|202|487|209|137|444|162|1144|224|176|478|1825|400|483|648|239|264|1432|306|673|176|2414|283|301|333|1707|309|1839|1180|378|207|1307|268|3237|449|198|152|165|133|222|131|214|110|85|128|80|58|120|90|102|66|72|157|108|94|71|57|45|66|70|83|92|120|127|88|2257|1506|651|355|191|171|182|188|130|124|146|86|156|79|78|99|77|80|60|54|68|70|68|86|59|77|53|60|121|105|78|81|86|72|84|75|77|61|74|69|59|81|61|56|53|75|67|55|55|55|49|85|64|43|33|51|43|60|59|60|45|38|42|50|58|54|54|67|74|46|75|80|132|83|88|88|73|80|52|85|57|83|78|113|82|105|86|68|115|94|65|75|69|76|88|126|97|95|115|653|323|125|257|212|107|132|104|109|151|73|168|77|87|100|82|433|98|107|148|57|131|63|143|69|72|71|82|141|68|91|61|166|90|63|207|83|248|95|335|74|92|72|80|105|114|62|60|182|73|86|88|68|140|97|76|129|74|114|81|79|88|79|96|128|91|111|194|68|198|80|125|91|73|107|96|93|85|70|81|74|116|81|88|116|133|110|118|155|80|121|105|157|122|130|403|107|109|95|148|102|99|137|96|92|177|77|73|226|104|85|87|99|83|199|199|165|106|75|113|125|116|95|88|92|74|86|364|193|105|315|103|94|156|149|135|128|334|125|118|86|85|174|87|138|104|133|100|106|157|111|204|100|86|115|74|69|91|72|87|93|50|69|80|96|106|156|76|122|74|148|53|57|76|74|75|94|78|116|168|72|99|83|125|127|266|159|86|152|123|70|129
307,Brandt Clarke,365,96|60|51|56|243|59|1429|111|194|52|206|56|171|62|1008|119|73|72|89|65|77|58|58|40|54|50|54|39|44|41|50|49|65|38|45|69|47|87|42|38|52|52|37|43|44|38|41|33|46|25|39|35|44|61|31|42|40|34|36|30|30|49|56|46|24|36|48|49|34|58|59|133|73|46|90|98|62|52|27|33|59|50|46|34|35|25|37|39|32|33|52|40|51|54|49|25|30|30|31|26|17|32|22|17|30|40|20|17|20|24|31|39|31|35|30|26|26|28|34|29|26|18|23|27|25|42|35|28|26|35|30|43|41|29|21|24|27|27|23|21|22|34|19|36|40|57|44|60|38|31|34|24|18|32|34|28|28|27|36|31|36|42|45|75|48|48|50|51|59|43|57|59|95|243|209|78|110|74|57|48|55|52|48|51|46|39|40|54|38|51|39|60|59|44|153|80|97|39|67|50|65|59|64|65|55|67|50|34|92|66|166|63|403|79|64|55|47|85|51|37|53|335|48|35|46|49|84|52|52|93|44|63|37|252|90|67|76|62|54|47|68|56|77|50|65|55|60|43|41|99|60|73|101|74|101|66|95|72|85|60|90|198|136|113|100|82|61|93|391|115|67|70|168|63|90|64|51|40|126|62|45|125|76|62|56|77|69|63|87|122|44|44|79|126|63|73|64|61|54|33|62|37|40|52|41|37|50|54|56|47|96|89|79|54|119|99|54|73|68|138|71|88|224|174|221|90|77|94|42|72|49|116|80|92|69|54|94|86|51|79|70|84|33|110|65|73|38|39|41|87|98|65|97|52|91|56|32|68|82|51|40|65|73|49|81
308,Drew Doughty,365,346|196|215|264|2577|376|1492|335|2899|337|3034|289|1792|332|2757|409|275|301|240|293|193|217|197|242|174|170|228|195|171|142|153|242|147|125|153|170|213|161|145|188|133|170|178|138|136|143|159|185|251|146|301|139|128|318|138|140|211|147|163|111|99|196|165|183|121|93|108|147|140|128|148|147|124|132|295|185|194|108|95|89|112|108|107|102|90|88|87|93|94|106|89|128|93|121|71|79|100|94|61|64|71|80|141|119|81|121|76|77|102|100|92|110|117|89|89|129|84|78|66|92|89|100|89|79|80|68|95|66|69|114|86|74|95|67|108|87|73|95|90|83|98|98|80|107|95|79|79|72|101|88|137|104|97|202|341|137|140|126|146|130|143|106|99|131|104|118|96|131|148|157|163|198|217|554|357|196|337|198|180|257|132|148|219|129|183|97|124|228|120|206|124|203|147|115|397|178|264|121|191|163|180|355|148|249|165|252|215|227|385|192|1013|211|399|231|340|159|195|215|236|156|148|176|118|119|135|120|242|144|145|194|190|282|173|292|234|291|236|292|187|159|527|157|168|168|231|257|229|173|129|211|248|131|187|226|328|223|1361|2544|1780|1251|728|845|626|613|418|575|349|534|2232|392|352|201|538|259|374|316|204|219|272|226|211|213|312|272|237|340|225|327|324|441|292|234|386|480|551|630|701|783|829|800|2735|2936|1729|2275|1114|1035|2414|1418|2901|1570|12236|2818|1275|763|807|791|384|375|275|251|237|237|327|223|393|214|214|372|164|202|270|283|253|268|158|150|254|418|291|233|139|240|130|172|114|158|122|120|154|188|233|241|451|164|285|129|133|184|445|397|258|476|371|193|284
309,Brian Dumoulin,365,85|75|291|117|232|149|90|85|513|283|119|82|603|100|116|84|111|95|75|96|71|103|61|76|71|66|54|71|76|78|53|60|59|53|69|57|55|59|63|69|56|61|61|59|30|46|51|56|84|54|54|41|49|57|65|73|52|41|45|39|45|70|73|57|53|59|74|61|60|75|77|91|74|108|1161|642|328|151|88|94|95|118|101|76|70|69|55|67|68|71|68|66|62|46|55|52|54|75|43|59|41|45|51|46|44|47|36|47|35|46|52|39|48|45|42|56|43|45|49|58|45|52|37|59|37|29|42|45|35|44|58|44|32|47|49|47|35|48|59|44|50|98|53|49|47|31|50|37|40|42|52|42|58|40|53|56|72|53|74|85|66|58|43|75|40|51|59|54|81|120|86|67|99|440|250|101|137|120|69|102|103|64|158|66|123|53|61|113|65|99|57|97|115|58|97|38|107|47|84|76|64|124|66|101|78|203|101|78|122|72|99|59|82|58|90|61|69|66|151|90|64|86|49|63|70|87|101|75|87|116|76|97|60|98|63|103|57|113|55|74|88|51|73|60|71|58|38|48|55|69|138|36|52|55|91|76|80|78|61|96|87|110|48|120|67|80|77|71|110|74|63|51|87|68|88|88|74|79|92|70|70|69|134|70|59|77|59|95|236|443|156|94|113|131|103|61|45|39|86|52|63|64|64|63|40|48|55|44|69|54|158|81|67|77|106|107|70|71|66|91|71|60|117|48|171|196|341|152|60|83|65|66|61|78|54|63|65|63|76|73|43|54|43|55|45|67|35|39|61|101|53|54|114|60|65|49|44|71|70|69|45|94|63|45|70
310,Joel Edmundson,365,122|98|82|98|364|107|274|112|382|127|470|77|329|125|306|137|63|149|84|81|61|97|64|57|58|79|64|72|65|44|50|53|52|46|46|52|54|59|49|67|44|47|62|60|40|34|29|30|48|37|48|33|53|53|39|36|58|44|35|52|41|68|47|50|53|43|45|47|54|87|138|157|119|74|127|99|104|51|40|62|50|44|41|30|38|43|41|41|53|37|46|41|37|39|31|39|32|66|28|28|44|35|29|44|29|32|37|27|31|29|37|41|41|36|31|54|33|43|25|33|33|36|36|44|39|39|49|48|57|55|54|56|34|31|30|24|35|26|35|38|28|43|31|32|48|21|32|33|29|37|33|39|31|34|38|39|46|43|34|48|34|29|20|27|44|38|44|49|70|48|55|38|60|152|105|77|116|90|43|66|62|59|50|29|102|30|45|264|63|54|34|61|53|45|78|46|64|40|45|32|48|65|37|55|54|59|46|61|477|81|146|55|54|61|109|84|56|62|77|70|50|88|42|37|52|62|104|56|54|170|92|69|47|57|60|64|69|53|39|44|74|56|47|48|50|58|66|75|63|59|59|44|46|32|35|115|53|60|58|73|57|58|44|72|64|107|63|108|148|38|65|70|65|53|90|100|193|122|104|141|53|57|78|44|46|70|52|66|69|229|64|49|64|86|54|42|40|39|44|47|48|49|29|37|46|44|54|45|40|41|59|45|48|35|66|207|82|84|58|66|67|81|132|121|137|106|64|71|54|40|60|52|40|42|47|177|98|76|76|43|49|50|42|51|42|69|50|42|63|97|61|93|195|56|86|57|36|66|77|57|46|66|67|45|46
311,Jacob Moverare,365,20|13|9|18|30|10|77|23|24|19|69|12|27|23|40|29|13|10|9|13|15|16|14|10|10|30|7|10|14|7|10|6|8|11|13|16|16|9|23|12|10|9|16|12|8|7|15|8|17|8|16|9|12|11|16|13|13|6|12|16|9|13|9|12|7|8|9|11|11|15|7|26|9|15|13|21|11|14|14|9|15|11|7|9|19|7|8|11|6|9|8|15|7|7|9|14|8|8|12|8|7|12|12|17|11|11|10|7|8|6|10|10|12|13|22|6|5|8|11|7|7|9|10|8|8|5|8|6|10|6|15|9|9|10|13|18|12|13|9|6|7|7|14|15|9|4|9|6|12|17|11|19|15|13|11|14|19|15|15|15|13|12|10|7|10|7|6|29|16|18|17|20|17|29|28|13|31|11|8|14|17|8|16|13|11|11|11|11|9|13|7|24|11|10|19|13|22|14|17|9|15|8|10|17|17|14|11|14|18|14|9|8|23|19|41|16|14|13|33|10|6|17|9|8|18|18|29|22|14|15|12|27|18|11|16|11|15|14|4|7|12|9|9|22|19|12|15|16|17|15|19|11|31|17|11|18|14|16|15|20|17|16|9|30|16|29|31|17|17|13|17|17|27|12|10|24|16|18|27|17|14|16|13|18|14|13|11|18|15|19|14|14|25|35|24|14|19|15|18|25|18|12|15|10|20|32|35|30|24|30|32|29|14|17|16|11|13|20|30|39|18|46|12|14|24|11|11|15|7|7|9|7|7|15|6|13|9|11|22|12|7|14|12|4|9|12|12|10|14|29|11|21|16|11|48|16|14|6|10|18|6|20|15|4|11
312,Nicolas Aube-Kubel,365,42|67|60|64|39|45|58|54|52|46|52|39|46|28|50|44|135|37|47|33|41|53|109|58|41|39|28|28|27|30|26|30|31|42|43|41|45|51|70|57|47|69|54|33|21|47|55|34|56|34|47|47|40|51|35|34|53|23|33|49|24|131|88|56|65|42|51|51|28|42|52|52|27|32|55|225|180|90|70|34|73|68|48|45|40|32|35|27|29|23|26|33|22|25|34|23|22|26|24|24|16|23|18|32|28|36|22|14|28|18|35|26|24|18|22|42|28|29|32|22|19|17|28|39|42|22|21|17|23|23|19|26|28|18|13|27|24|31|52|31|34|30|36|28|25|19|15|18|39|26|17|39|31|34|53|51|59|70|56|91|60|46|35|61|82|100|51|49|40|54|34|33|72|65|41|42|79|68|28|41|51|29|29|44|45|61|145|210|108|49|38|50|39|47|73|29|40|54|51|55|70|62|72|44|46|39|43|48|62|40|26|43|57|39|31|36|49|99|39|73|42|36|35|201|204|83|42|32|30|30|43|43|37|90|43|40|54|79|71|507|364|609|117|605|113|392|113|90|61|61|56|50|30|34|78|43|36|57|67|32|38|45|63|122|77|62|60|68|68|50|44|33|39|60|81|46|48|71|51|46|44|63|46|41|50|84|63|34|41|70|52|38|38|23|29|47|26|30|27|17|31|35|39|38|35|32|38|35|36|32|57|36|68|38|41|55|45|33|38|33|29|39|52|57|61|39|37|45|35|42|32|32|19|36|28|23|32|48|38|44|28|25|23|28|33|35|20|33|38|26|26|23|29|32|22|25|28|31|24|38|70|116|155|51|41
313,Matt Boldy,365,117|113|140|2293|228|2248|391|3116|2080|486|232|176|1913|314|898|201|179|193|125|106|93|123|99|94|101|119|86|82|85|83|77|103|95|75|93|78|105|129|96|60|86|88|83|64|56|82|85|56|57|65|70|69|59|73|66|73|51|40|42|58|45|79|49|60|53|42|74|51|56|60|58|104|68|99|65|63|51|67|50|51|56|58|49|56|80|49|31|38|76|83|49|51|40|40|41|48|55|36|45|45|38|40|42|35|48|50|40|35|59|40|36|74|46|47|37|43|45|41|57|92|57|37|36|108|160|198|85|53|39|40|83|83|63|62|46|52|42|62|41|45|51|45|49|36|60|58|75|63|47|70|72|67|72|59|59|45|55|62|58|67|53|99|59|72|90|142|259|92|98|126|87|136|169|146|151|351|128|221|140|384|375|149|206|167|150|149|168|113|241|94|96|120|120|107|143|87|138|59|94|56|62|115|98|273|160|94|294|86|372|105|68|73|200|134|100|67|681|145|579|196|140|128|133|702|359|203|485|113|159|198|121|118|73|245|88|171|97|122|494|775|449|887|316|634|251|449|1129|755|304|232|268|224|171|163|889|343|728|511|286|1173|845|591|298|366|653|353|378|325|491|264|304|186|180|261|231|192|205|221|219|181|257|179|509|180|199|400|200|445|249|462|282|617|293|1939|826|873|751|667|646|587|1662|2080|5587|3942|1323|620|3883|2129|3025|1475|147830|20810|6507|4170|2441|2718|2012|1323|991|728|994|515|530|609|991|426|372|940|350|707|519|569|524|364|374|321|419|335|353|259|329|296|325|301|460|262|260|195|161|198|957|406|928|424|276|483|229|457|316|244|241|260|213|222|222
314,Bobby Brink,365,91|61|61|41|36|29|47|43|38|38|26|38|24|34|38|25|34|46|27|51|36|28|33|39|26|24|36|35|30|34|42|26|31|43|48|50|44|38|48|48|36|54|44|28|34|39|39|64|35|48|35|28|45|35|28|33|34|27|28|18|23|29|35|37|31|36|144|61|53|55|53|109|68|71|59|52|43|35|53|35|75|63|57|57|25|22|20|27|19|36|19|27|25|28|45|23|47|37|29|19|22|19|21|29|38|33|23|15|24|20|40|44|44|24|37|19|21|41|21|18|29|19|28|34|29|33|23|21|18|23|13|41|19|27|28|27|23|30|39|38|32|26|27|29|33|28|25|26|26|26|28|30|28|32|41|32|33|31|21|42|36|33|38|23|33|91|45|50|58|62|44|36|37|56|52|61|63|554|158|236|78|90|75|107|164|67|95|63|59|57|114|53|44|359|1122|353|197|103|76|128|54|790|126|127|107|74|42|43|46|111|43|92|75|57|50|40|47|104|58|243|61|70|39|72|45|54|93|112|119|68|205|56|45|83|36|27|82|40|84|51|223|52|54|240|50|90|63|47|48|128|155|61|154|135|129|162|208|283|99|54|130|88|62|76|188|88|93|81|69|49|54|50|60|70|47|47|41|69|57|109|61|239|55|61|57|57|78|74|86|74|61|54|101|71|64|47|38|41|47|39|45|61|28|47|28|36|36|42|43|52|89|83|96|58|96|88|125|55|39|189|71|130|12513|7370|2165|716|563|5868|1168|574|434|277|207|152|173|151|266|1449|855|244|178|387|279|275|200|170|133|79|193|160|349|185|197|132|168|286|183|257|277|284|159|353|432|172|122
315,Joel Eriksson Ek,365,101|88|92|814|121|295|138|536|642|173|98|95|356|121|349|104|92|88|58|83|82|94|53|72|67|45|63|69|77|60|78|98|62|60|61|90|53|76|48|49|50|62|70|75|58|47|63|31|53|31|44|36|39|48|56|46|47|30|46|37|32|50|40|52|44|30|47|59|58|51|91|52|47|50|62|51|62|47|44|37|40|30|43|35|33|32|29|36|20|31|29|35|22|25|27|40|33|30|29|28|21|26|33|34|28|32|22|23|25|30|26|39|55|31|26|32|17|33|22|54|43|23|23|42|33|34|36|36|22|31|35|27|32|39|44|36|43|28|73|51|58|34|38|36|39|35|47|39|27|39|49|34|29|35|45|39|39|40|34|41|46|56|41|50|54|110|121|62|69|103|67|75|65|67|71|161|63|134|49|176|170|48|74|104|106|73|104|72|95|46|56|63|142|73|116|57|112|84|98|47|46|92|69|89|101|74|150|55|151|56|43|76|170|170|45|58|91|52|150|74|53|47|51|122|85|98|144|45|38|126|99|104|63|82|62|173|117|92|280|409|274|304|245|316|123|380|178|128|130|71|270|77|128|92|156|111|224|302|137|186|220|307|133|203|100|88|122|120|116|96|98|109|71|127|104|81|70|132|93|87|283|104|164|89|92|307|211|283|108|559|135|556|123|172|124|134|114|114|111|503|252|429|485|212|190|423|1643|457|234|167|272|279|135|116|105|483|199|136|112|92|181|124|133|111|193|100|74|156|88|168|125|144|135|245|122|66|72|115|91|95|66|107|92|256|93|91|93|75|76|76|162|136|133|82|90|210|87|143|72|75|64|62|98|59|66
316,Robby Fabbri,365,66|51|57|70|76|67|56|73|70|93|62|42|57|58|75|98|68|150|68|55|52|52|66|46|42|51|42|51|39|34|30|51|51|57|49|47|33|46|53|52|44|56|68|48|34|41|49|58|62|36|69|46|57|69|41|49|67|37|46|53|40|93|49|52|69|47|56|51|46|55|63|89|98|105|113|121|121|108|66|63|74|47|48|54|55|36|35|62|58|63|106|58|42|34|43|38|48|50|28|38|41|50|56|54|26|42|22|41|38|47|31|24|30|43|28|38|28|28|29|29|37|27|32|35|46|34|32|41|32|30|39|34|37|29|25|21|26|45|52|51|54|53|70|78|49|36|31|40|51|63|46|62|269|288|88|113|108|217|226|68|66|78|369|89|101|119|97|84|69|162|246|126|98|84|65|74|79|65|106|72|58|104|61|54|65|44|48|73|64|68|80|110|45|59|103|63|62|54|62|53|54|48|66|49|62|54|56|39|69|34|60|39|68|41|52|68|58|73|82|42|37|91|98|110|211|86|64|165|157|80|63|48|67|63|68|41|1687|1255|1310|967|172|124|195|132|237|106|89|177|88|124|54|42|60|66|66|77|403|65|85|77|112|64|68|47|72|64|64|83|79|70|68|112|64|59|86|55|67|47|86|80|74|103|74|58|69|376|62|136|66|94|63|72|76|160|58|55|47|39|54|49|57|44|39|85|32|40|59|30|51|34|101|75|57|55|38|71|45|435|1800|1557|1445|356|333|878|239|140|105|145|117|332|74|84|86|71|144|65|59|72|57|57|54|71|54|69|50|60|44|35|65|52|69|70|80|61|89|78|59|40|39|47|68|170|676|85|63
317,Marcus Foligno,365,119|67|85|518|119|1213|239|635|1962|399|157|114|272|137|581|126|112|105|115|64|95|58|68|58|59|59|62|71|43|66|56|79|57|54|63|77|106|104|92|70|66|59|74|58|59|61|55|61|59|46|72|54|69|50|53|47|59|59|67|69|46|98|59|99|63|47|55|40|65|65|73|66|40|57|57|72|65|67|156|173|164|163|158|168|160|142|150|157|153|137|134|165|157|174|150|163|166|68|54|40|51|60|53|91|62|38|45|49|40|51|47|108|67|64|140|58|38|102|65|46|56|37|39|64|74|48|42|47|49|43|67|53|63|42|42|96|55|42|60|52|47|53|32|44|44|55|43|49|37|40|53|66|60|56|82|49|37|40|52|45|73|97|62|100|108|88|174|87|77|243|58|69|226|214|100|188|85|161|90|142|561|345|243|207|160|165|219|141|157|82|102|116|95|106|199|96|171|216|164|60|73|108|122|146|152|112|162|73|126|192|87|53|205|226|87|109|359|164|357|214|231|114|300|876|178|164|244|127|127|159|86|86|52|107|86|56|64|94|122|207|160|248|210|458|383|380|256|190|356|159|217|193|205|184|359|361|238|301|284|226|233|259|158|191|149|150|237|179|351|121|255|257|177|324|1238|340|209|3604|645|230|434|281|312|302|566|1744|310|364|269|415|175|197|187|201|213|244|168|107|341|213|246|195|371|353|269|169|290|277|212|199|556|439|281|194|193|276|236|253|246|260|329|257|4579|3321|1324|619|452|540|226|325|194|371|1319|648|777|298|608|204|194|260|181|427|431|1242|366|186|153|301|435|314|293|331|716|284|322|462|178|369|216|151|136|223|436|184|501
318,Nick Foligno,365,211|149|164|468|200|750|216|362|1125|311|187|164|212|193|446|147|148|202|156|135|181|180|170|170|142|167|110|143|129|156|179|211|157|143|149|144|168|212|175|199|142|153|165|108|137|131|135|128|166|113|165|115|133|154|112|77|148|81|127|199|115|186|145|211|166|122|144|117|118|128|140|183|110|115|133|120|122|137|139|106|100|92|100|122|97|61|79|102|94|107|93|76|92|71|129|146|87|82|96|81|86|82|82|93|125|84|86|70|98|75|66|100|89|72|109|90|83|82|75|74|86|62|60|91|100|76|68|74|75|70|70|106|97|79|72|86|89|73|73|78|101|94|79|96|96|83|132|98|123|97|119|144|118|127|151|131|106|117|128|153|105|133|138|243|224|135|259|180|153|432|174|155|1227|662|400|664|260|555|195|271|2570|1867|653|462|234|439|460|263|309|270|189|958|528|500|699|328|630|1247|464|227|236|147|241|170|443|255|217|197|239|1032|219|168|736|251|214|387|398|327|557|222|254|168|323|1457|303|277|296|166|251|325|182|196|211|209|176|138|204|278|176|225|230|205|200|369|284|297|236|208|243|180|237|239|184|151|241|587|247|568|251|278|291|472|396|241|240|312|303|327|364|206|285|199|163|458|500|390|256|1719|599|304|387|674|286|351|507|1828|458|370|381|310|282|290|386|621|241|205|175|170|181|187|186|252|275|237|207|182|213|188|237|211|465|439|293|246|326|352|277|459|375|335|559|438|11436|6168|2262|1118|789|762|392|618|341|541|1628|1228|1743|473|732|325|314|347|278|960|477|1400|563|293|193|205|542|376|340|501|861|387|336|376|240|512|339|227|219|402|417|247|292
319,Hunter Haight,190,33|101|72|46|48|47|47|13|22|15|11|20|41|51|30|19|14|11|6|11|8|11|19|11|8|6|9|2|11|12|8|13|14|24|8|4|14|24|10|12|30|16|18|13|13|22|15|16|18|24|29|34|23|29|30|23|12|36|28|32|12|17|15|15|256|121|106|54|77|31|33|22|41|26|4|10|22|10|21|24|16|17|15|9|21|19|16|33|26|17|11|10|12|14|7|9|10|16|19|141|50|60|500|103|22|40|37|18|14|17|13|11|20|13|19|9|18|11|25|18|11|24|16|8|52|40|12|14|18|10|24|16|21|21|22|13|20|21|9|15|19|26|23|14|16|16|27|31|22|28|31|14|19|14|7|16|15|10|42|21|52|567|605|216|44|28|24|15|32|18|27|25|14|15|21|13|29|18|9|21|21|14|8|31|22|54|155|2755|177|71
320,Ryan Hartman,365,61|61|78|427|106|362|120|306|440|180|78|88|432|122|1220|141|82|159|93|64|79|70|79|56|68|57|60|71|62|58|60|76|45|44|57|76|51|60|56|75|53|64|58|44|64|69|98|66|86|66|74|37|51|66|45|44|74|42|61|47|50|100|77|44|45|36|55|52|46|62|59|66|38|71|61|75|47|53|39|40|47|48|36|37|38|35|34|35|50|32|41|38|62|49|54|42|40|74|50|50|34|32|48|37|54|32|46|98|74|44|29|40|55|39|49|33|38|36|25|33|53|24|32|64|56|52|35|47|24|32|30|31|31|44|36|50|43|31|29|44|47|46|41|19|31|35|36|41|41|35|40|39|40|39|28|58|57|62|34|48|54|58|46|81|76|65|69|51|55|145|48|60|62|62|61|444|109|146|88|162|140|77|96|90|133|99|86|94|100|60|78|73|125|73|81|62|80|81|146|69|67|138|65|97|113|62|91|62|78|55|46|73|109|65|56|81|88|67|107|80|70|71|52|96|140|103|94|55|49|98|59|52|57|108|69|64|40|55|73|359|184|447|145|261|96|228|271|176|326|151|201|94|105|95|162|174|309|244|119|87|165|125|73|138|70|73|202|82|117|68|225|87|74|120|221|79|95|486|194|95|244|107|120|80|111|204|69|206|84|207|89|241|83|145|79|75|61|61|97|88|77|68|69|93|63|59|97|82|73|84|232|176|116|115|88|169|118|107|103|62|139|78|127|137|175|90|72|286|108|226|182|327|322|268|420|137|247|146|120|83|91|163|113|211|178|92|60|71|68|77|277|455|281|101|105|155|72|247|130|107|82|66|83|81|65
321,Marcus Johansson,365,66|43|58|191|85|167|98|139|100|68|64|73|98|64|180|65|47|63|76|122|94|151|135|69|154|59|90|50|89|77|63|61|118|61|122|100|104|195|79|79|32|49|38|43|43|201|109|66|54|53|49|39|54|45|55|52|35|27|38|45|31|52|56|25|34|34|31|32|40|55|43|37|39|59|182|67|41|76|140|138|145|135|135|141|130|122|127|143|133|148|129|132|149|130|143|137|133|37|30|27|25|24|23|41|53|29|31|31|41|33|46|39|30|31|29|38|34|28|34|21|32|23|26|36|37|30|34|36|20|36|37|33|31|30|31|35|32|22|34|37|41|31|37|32|43|48|72|52|37|44|29|43|56|38|33|40|30|35|34|29|35|33|28|43|49|56|52|44|31|55|49|114|62|66|52|64|40|88|69|75|86|56|58|267|58|48|51|70|89|38|110|109|69|58|54|50|123|38|49|44|59|182|91|113|114|145|884|136|911|164|136|78|204|182|60|186|150|67|129|97|80|75|59|80|69|54|111|51|50|77|63|53|44|76|58|80|44|56|199|157|151|145|125|132|70|82|101|123|78|68|82|52|94|50|86|70|364|208|110|168|176|104|71|102|74|63|133|60|63|50|108|63|65|73|71|49|72|66|62|70|191|56|96|49|131|140|84|108|82|99|99|179|159|113|113|125|108|109|102|292|177|176|207|114|120|221|435|181|100|114|162|154|81|84|64|88|103|51|60|45|90|67|72|80|83|62|45|75|56|64|49|69|52|68|104|69|73|69|48|62|50|60|60|46|78|52|53|46|35|52|50|35|97|53|47|188|58|65|58|52|65|66|73|47|65
322,Ben Jones,365,8|8|10|12|19|24|18|12|13|14|8|10|18|7|11|21|14|17|23|14|14|21|15|19|16|15|12|20|12|12|14|21|6|6|15|19|13|12|7|13|16|17|24|8|9|12|14|9|3|14|16|7|10|10|23|12|13|8|9|9|8|8|9|15|8|14|12|18|14|10|23|19|11|20|20|22|17|11|12|16|13|13|10|17|10|8|25|5|9|11|13|15|12|7|6|13|16|12|16|13|6|27|10|25|15|8|11|10|8|11|12|8|12|13|12|8|25|9|9|12|13|14|12|8|12|8|10|7|4|5|10|12|12|12|14|14|3|11|8|11|8|11|13|7|10|11|4|7|8|9|15|12|10|15|8|16|22|14|12|19|11|14|5|22|29|19|9|14|13|11|7|13|10|12|11|11|26|17|7|43|39|25|28|22|21|51|100|29|12|23|80|32|16|13|20|19|14|23|51|25|17|56|15|65|22|20|18|19|23|11|23|23|70|132|25|30|50|30|55|53|24|20|17|43|46|40|35|21|19|54|40|31|18|21|21|12|17|11|27|92|58|147|41|145|83|151|62|56|32|35|24|28|18|31|25|16|19|21|18|17|20|19|18|9|20|14|10|11|1886|200|102|35|31|34|124|47|24|97|35|19|29|37|26|26|16|9|15|17|10|29|18|22|19|13|11|14|22|7|11|19|11|21|12|18|10|6|14|14|17|11|20|14|19|17|18|24|37|30|41|14|46|20|26|18|20|16|11|13|23|16|16|16|15|11|14|7|39|13|16|12|9|7|20|10|10|11|15|12|16|10|10|15|22|15|11|10|18|9|17|12|41|29|37|12|18
323,Kirill Kaprizov,365,317|319|328|1773|365|2079|679|2844|2103|653|427|388|1139|438|1295|369|425|481|410|549|361|226|243|253|213|173|208|230|219|204|201|258|186|214|198|181|201|187|219|197|183|191|188|174|177|149|153|181|209|157|191|113|176|243|235|184|208|121|122|144|166|238|145|141|141|141|153|189|164|223|275|293|230|319|314|307|299|269|315|285|318|300|295|288|265|295|266|317|260|284|273|228|240|245|292|444|353|232|218|166|133|131|131|150|165|119|130|150|213|188|142|181|211|151|133|146|152|156|168|193|142|147|144|151|146|202|194|169|152|128|166|170|177|202|197|160|204|169|226|390|391|606|185|210|197|2948|4338|1907|904|722|872|971|973|790|699|495|424|361|343|361|382|506|283|299|355|13898|9198|2873|1488|1199|784|1839|1501|1224|1323|1079|596|1137|634|1068|1105|464|554|547|508|382|650|438|472|236|376|443|411|345|479|310|495|312|339|191|183|489|305|417|692|314|501|272|382|245|239|279|346|413|312|248|500|258|391|347|299|203|238|568|769|658|834|291|312|493|282|366|246|414|381|372|215|204|436|1613|755|1670|782|1584|642|764|569|550|546|359|500|342|513|543|886|573|551|673|541|583|823|642|533|585|420|437|658|473|721|346|525|413|355|401|488|477|527|650|686|413|1153|513|709|414|428|615|359|561|415|999|581|1332|619|815|544|555|529|447|420|498|649|562|598|627|630|502|716|583|816|769|2300|1448|760|587|636|795|683|564|696|591|2291|881|673|581|734|493|395|784|408|637|405|497|472|405|424|340|398|411|408|363|301|331|322|374|321|327|275|284|253|308|644|431|1357|667|351|419|359|647|323|282|294|330|399|341|387
324,Michael McCarron,365,51|36|37|18|39|47|99|44|38|43|47|27|35|54|56|65|85|100|95|91|78|130|107|99|148|86|151|87|86|129|82|93|193|77|161|80|201|862|382|130|65|87|48|38|44|38|30|45|51|25|40|33|33|29|31|32|25|32|70|50|27|60|46|35|35|24|35|29|40|36|39|48|43|47|46|45|35|32|53|52|36|41|42|42|20|25|19|29|23|25|44|26|29|26|29|30|29|27|27|16|25|27|33|29|17|25|30|18|25|14|19|31|14|13|20|28|15|16|28|31|28|26|31|16|23|27|23|19|30|20|23|24|35|20|18|18|27|31|34|27|20|17|30|46|38|27|39|30|21|30|29|35|27|24|35|39|60|45|38|32|27|41|46|38|21|29|36|44|37|44|30|47|34|46|47|72|49|76|113|290|288|145|288|86|95|44|35|90|48|78|40|54|42|33|67|43|47|44|44|42|69|111|34|57|38|57|42|93|37|39|63|42|117|42|39|42|26|38|40|55|28|53|36|191|63|121|126|58|37|28|43|62|46|51|37|29|46|41|108|42|80|52|100|50|46|38|28|108|98|38|454|324|119|74|94|66|63|96|61|90|58|190|82|67|79|71|92|50|73|73|40|275|44|51|93|67|56|54|89|88|121|73|40|49|56|137|36|80|68|75|50|54|54|104|119|56|38|53|36|37|44|58|45|45|38|36|69|43|61|45|165|105|96|109|85|95|42|104|69|87|7164|1060|827|2057|584|173|106|369|285|181|239|223|147|128|244|82|343|163|104|88|316|1147|235|291|200|147|75|51|76|89|166|145|216|87|75|141|67|246|248|125|76|171|121|58|72
325,Nico Sturm,365,93|85|73|80|75|295|118|161|203|84|89|211|87|298|105|76|107|129|404|181|266|154|135|94|121|101|89|135|89|100|75|226|118|151|117|175|102|201|222|405|322|348|234|150|115|246|131|249|1029|465|436|134|134|462|219|113|276|77|265|486|329|3724|927|673|288|252|197|183|105|292|160|123|94|164|2564|1724|454|225|162|120|109|103|85|80|61|127|150|77|56|70|76|56|47|44|113|97|80|62|51|45|38|44|86|61|69|49|62|49|59|52|40|50|44|32|36|47|57|54|78|77|147|79|78|61|47|58|56|43|38|55|54|48|31|33|87|43|41|47|44|38|36|50|37|39|36|31|29|36|36|35|42|51|69|54|50|74|86|70|61|86|69|70|67|71|67|108|130|96|81|162|70|66|158|157|209|192|90|96|92|104|143|60|101|88|73|53|89|98|79|71|83|90|123|72|86|95|97|81|70|57|40|54|58|62|72|119|83|67|127|51|71|74|106|124|66|74|101|106|132|431|230|170|110|473|298|134|133|86|69|437|116|153|78|140|76|143|58|60|97|317|447|441|110|555|108|145|409|345|156|165|180|61|89|150|153|121|164|219|150|202|385|225|118|184|293|214|170|149|193|100|219|144|119|134|109|124|105|200|241|106|210|87|190|80|120|147|79|145|97|173|238|297|154|291|249|304|199|223|295|342|797|652|555|2566|475|758|594|221|209|174|259|203|133|95|113|199|246|101|104|83|202|130|207|160|860|252|134|145|113|106|117|87|98|82|107|43|265|100|111|74|50|87|77|55|126|81|54|47|130|69|100|79|137|88|74|69|71|68|63|101|59|85|107|59|102
326,Vladimir Tarasenko,365,322|326|353|321|381|290|262|605|278|492|286|282|335|554|346|822|511|1675|407|278|269|322|313|297|443|349|387|383|279|227|209|383|211|366|306|309|242|487|281|286|247|463|363|239|252|275|288|354|410|183|328|152|196|412|245|275|359|158|348|255|205|1123|520|401|332|250|220|219|222|210|233|298|225|8033|4128|1269|661|458|446|438|419|348|352|314|315|285|274|259|266|266|271|261|250|258|363|278|252|146|135|121|124|143|107|128|118|116|102|118|146|150|140|133|141|142|189|178|112|131|117|113|134|105|129|124|134|127|160|136|152|122|144|142|139|169|139|133|122|149|136|119|134|135|118|130|120|143|194|144|137|173|165|162|127|195|277|262|231|210|166|163|289|466|235|179|186|271|562|244|202|717|200|276|370|334|807|2006|343|1048|591|910|738|412|307|392|808|306|611|340|288|173|198|324|250|230|383|181|317|343|589|283|177|326|232|343|403|267|238|189|250|177|223|259|200|157|139|234|231|248|209|173|151|226|111|187|209|189|512|157|167|359|187|246|168|269|162|284|198|186|329|643|402|391|271|3498|744|1134|1114|982|392|293|290|196|224|229|351|190|292|477|304|308|451|419|234|264|196|233|294|200|242|187|305|213|195|264|764|238|271|1170|1444|376|704|263|381|214|224|400|221|394|254|601|219|494|255|503|251|240|194|219|194|177|243|230|239|283|216|232|363|329|347|266|695|574|361|273|277|384|317|431|521|212|535|356|385|585|596|274|238|431|225|273|274|284|1343|412|634|259|199|630|842|280|251|513|190|277|208|193|137|136|133|166|233|428|887|346|203|572|208|348|185|214|202|423|260|173|227
327,Yakov Trenin,365,52|54|55|134|46|121|37|429|272|92|45|32|137|26|166|37|33|30|34|34|23|27|22|23|30|19|22|26|21|18|16|29|28|18|20|29|31|36|22|42|19|14|25|22|22|51|18|14|15|23|21|29|12|17|16|39|33|18|18|24|17|35|29|17|13|19|19|20|21|28|27|33|15|35|44|44|21|23|17|14|29|16|21|13|25|9|14|8|11|16|16|25|25|12|17|18|13|13|18|12|6|14|9|12|14|13|20|21|19|18|34|49|22|14|15|20|15|21|15|16|15|8|19|14|16|13|8|21|10|11|22|14|16|13|19|21|9|24|16|15|15|17|25|17|7|17|12|17|20|11|23|13|19|21|33|40|74|179|68|30|28|33|20|16|24|31|81|31|28|45|20|16|26|34|48|238|42|64|38|64|70|33|35|31|48|28|47|28|33|11|24|36|35|31|38|31|47|28|37|24|24|56|22|55|93|39|53|30|53|24|21|23|31|277|26|41|70|27|49|64|66|37|37|117|95|74|55|36|28|52|55|181|19|80|46|130|120|59|88|123|81|125|59|300|86|331|180|126|67|41|79|46|47|44|57|43|80|69|42|62|410|171|40|50|36|31|109|42|65|30|82|50|40|28|48|40|46|81|63|40|63|38|134|33|35|363|42|79|34|107|35|66|40|360|65|74|41|38|30|31|32|18|18|38|46|55|50|54|46|57|66|59|28|27|42|68|37|36|25|26|312|69|68|101|118|39|37|103|68|60|44|45|111|35|61|33|73|48|61|60|49|68|46|93|38|27|27|19|20|35|45|89|93|60|58|163|154|85|55|35|38|130|122|88|59
328,Danila Yurov,365,36|39|30|40|128|84|47|62|63|46|37|34|43|31|101|47|41|45|61|47|49|33|16|24|25|33|31|41|617|391|142|105|56|37|38|18|27|36|43|43|46|52|39|25|21|47|23|36|29|25|24|28|25|29|33|19|20|26|29|32|37|33|44|40|53|31|34|32|37|62|61|58|51|86|87|84|66|34|45|35|37|39|44|43|38|39|34|26|34|28|36|28|18|34|37|23|34|27|29|23|38|24|21|27|31|13|17|13|18|14|22|18|16|8|17|15|15|15|14|26|18|15|16|15|24|18|26|16|19|17|16|23|17|24|18|18|18|21|17|11|16|19|16|36|27|31|23|32|26|12|25|25|29|23|28|24|53|32|41|47|25|61|30|46|44|63|97|39|44|49|46|62|73|70|101|80|45|45|101|336|69|52|44|84|526|254|793|177|91|50|50|58|44|29|49|28|62|33|26|32|33|44|45|60|212|61|171|47|64|37|65|35|38|79|44|86|184|81|97|179|159|71|62|63|60|59|115|24|20|50|43|34|44|66|40|77|30|30|62|550|271|235|159|1091|241|309|181|159|91|76|53|44|101|46|126|70|93|69|59|77|449|154|64|97|70|56|78|58|175|61|55|86|77|128|139|279|183|122|92|61|106|56|65|53|52|107|47|224|62|88|68|98|54|99|66|54|63|80|78|72|63|47|45|49|51|40|71|66|55|59|77|72|63|76|84|110|75|54|77|95|114|123|124|163|105|43|40|530|121|117|56|146|55|53|75|61|61|75|64|52|43|33|51|39|40|37|35|26|35|57|46|85|93|48|59|75|37|61|27|29|25|93|151|70|45
329,Mats Zuccarello,365,138|155|152|626|196|961|216|415|971|272|122|192|510|224|513|129|208|256|145|177|172|131|173|225|141|143|210|191|138|134|155|160|113|114|153|153|156|161|121|128|101|122|124|86|85|74|78|82|125|91|82|61|73|74|111|128|113|72|99|79|68|116|107|69|97|72|58|65|84|82|76|95|86|109|109|102|92|105|184|169|189|158|175|168|173|160|174|191|169|154|173|166|197|153|193|201|193|94|78|55|43|46|82|79|83|65|60|53|76|81|94|152|214|154|103|106|53|69|75|63|77|46|66|89|73|63|77|85|54|44|59|82|56|80|78|66|141|121|77|70|103|82|62|68|68|89|129|132|76|60|78|90|74|92|109|90|82|105|87|95|86|111|76|70|80|261|227|157|108|181|77|147|180|181|200|327|147|233|118|297|297|134|128|167|186|527|621|205|202|132|110|141|159|116|146|103|195|118|219|105|95|161|197|234|1086|207|298|161|347|118|101|130|237|236|103|147|478|298|282|267|189|167|116|198|180|182|662|205|155|321|121|167|141|309|156|447|162|136|182|329|260|271|199|311|156|186|331|311|187|192|493|551|510|385|760|300|331|312|281|346|535|457|229|284|250|524|787|375|465|200|256|603|317|288|595|334|279|526|530|308|947|266|335|192|189|304|162|324|182|572|234|598|222|302|232|245|191|164|239|410|360|346|413|368|285|495|554|377|424|445|810|464|339|235|219|450|313|229|202|327|647|315|326|536|469|206|189|260|181|376|529|674|777|306|525|176|221|268|205|234|257|270|156|152|232|144|109|104|137|173|342|317|480|243|229|236|152|341|148|122|161|139|136|126|138
330,Zach Bogosian,365,91|130|171|643|178|482|193|407|575|217|150|118|410|150|577|124|134|160|137|123|124|122|135|110|98|148|137|96|96|72|118|146|98|110|146|69|108|124|142|131|92|105|124|84|138|142|109|117|152|109|154|74|94|134|87|98|112|97|86|93|69|234|116|109|91|77|78|96|206|133|137|119|94|113|114|114|105|113|206|227|187|170|198|185|184|173|157|180|294|264|193|160|316|464|480|298|239|103|74|64|62|74|56|62|84|48|56|61|73|48|134|198|167|88|60|91|89|74|48|50|38|78|68|176|234|163|102|96|95|65|76|73|82|65|79|91|70|50|52|61|62|63|44|63|64|71|51|62|38|45|58|54|55|51|46|73|183|107|60|68|81|67|76|80|80|80|134|132|145|137|67|95|91|101|106|211|108|163|120|205|202|113|161|198|115|149|121|121|146|157|126|275|180|126|145|89|122|126|118|161|159|119|63|93|145|164|175|104|130|108|107|113|164|126|103|118|155|151|164|320|214|155|142|264|211|197|381|165|159|337|149|210|152|325|113|174|149|132|718|398|373|590|334|363|199|343|329|307|186|125|215|108|179|149|431|192|202|215|153|132|240|318|145|186|180|112|137|128|151|165|220|175|130|158|123|114|121|151|185|144|150|132|162|111|107|145|120|153|136|143|109|569|135|344|140|125|121|94|102|94|165|87|157|181|153|105|155|193|177|160|343|355|217|117|141|446|281|231|213|104|337|206|218|449|344|144|133|449|189|266|227|181|669|293|278|124|205|320|174|122|123|272|112|171|243|160|127|108|125|120|314|293|184|98|127|141|121|109|116|149|96|91|157|118|297
331,Jonas Brodin,365,57|52|40|81|63|128|82|167|114|86|36|41|96|48|126|66|50|86|60|82|72|226|191|77|390|122|150|114|74|81|57|62|134|57|140|75|88|113|61|57|48|50|46|34|43|39|30|28|37|19|47|31|36|38|47|33|40|21|39|23|20|42|29|36|30|35|40|35|37|26|34|57|50|35|49|46|34|36|30|18|29|26|27|18|21|30|38|22|21|27|25|27|26|21|41|43|30|23|26|16|16|20|19|54|34|21|20|19|17|29|25|22|26|19|19|24|24|31|21|28|21|21|27|33|28|21|29|28|19|23|30|36|29|41|33|24|32|35|30|28|40|35|32|34|24|26|25|32|33|24|30|25|19|16|23|43|33|34|32|18|32|25|32|31|29|48|53|39|25|40|51|45|42|30|39|98|62|84|38|101|76|33|43|45|51|88|78|38|45|35|37|22|41|38|71|34|50|36|75|33|36|45|39|62|71|48|89|30|43|27|28|32|58|42|34|41|47|35|74|44|38|38|33|63|39|35|86|43|32|212|51|47|43|47|42|40|32|37|49|183|114|135|76|158|88|104|176|131|86|47|66|52|88|54|84|65|99|107|54|130|132|104|90|170|72|74|71|70|89|58|62|57|84|60|73|66|72|107|82|84|106|66|79|59|101|92|53|95|53|92|75|90|71|83|97|87|85|78|69|131|88|73|80|67|65|86|191|90|68|84|110|101|83|52|74|84|68|50|44|41|90|45|60|100|76|48|34|103|76|273|110|71|62|43|66|35|64|127|63|50|37|62|46|100|42|43|29|30|27|48|77|137|100|46|57|58|42|85|43|33|26|41|65|40|43
332,Brock Faber,365,121|120|185|646|212|465|233|608|598|199|189|114|602|166|871|170|133|278|186|149|120|141|86|127|85|77|110|80|113|84|100|80|79|97|48|60|62|79|72|64|72|82|72|59|81|71|74|67|60|47|87|59|244|281|145|96|80|45|50|75|53|66|77|64|73|102|92|73|73|103|86|124|84|82|92|88|61|60|58|67|112|105|67|74|54|43|71|46|156|227|93|73|84|83|80|75|85|43|59|62|51|41|52|42|54|50|62|61|53|55|64|54|65|44|35|58|44|64|78|73|54|47|41|94|109|86|95|97|83|83|86|100|112|74|64|48|51|47|37|39|49|65|60|50|77|47|60|66|44|56|48|56|55|46|54|46|63|58|62|83|76|97|74|57|76|137|151|128|123|132|84|123|167|140|110|200|113|154|127|267|317|132|142|192|163|125|134|134|142|98|104|212|170|106|342|132|188|99|96|67|74|229|74|281|309|112|215|98|193|78|61|106|159|113|86|85|246|110|182|222|224|135|101|348|156|125|258|95|92|219|104|167|67|134|84|125|114|104|177|1052|858|1544|637|839|334|494|446|374|218|166|597|201|188|187|387|193|533|325|254|992|810|742|263|375|228|197|455|242|321|153|329|248|226|213|238|191|188|649|430|255|394|239|290|177|210|329|224|434|237|700|337|1093|360|579|405|639|612|486|551|586|2076|1105|1795|3969|2102|649|1681|1098|1725|1071|14807|7306|3618|3802|1660|1442|1402|716|607|398|924|463|437|833|637|293|245|463|230|390|273|377|463|245|397|276|303|355|355|203|230|380|299|330|275|209|195|166|148|187|299|312|351|243|284|296|168|266|221|165|185|206|260|245|258
333,Viking Gustafsson Nyberg,0,
334,Quinn Hughes,365,881|729|1342|1923|2187|1423|902|649|845|796|650|956|1414|983|1010|681|782|808|831|661|636|644|623|769|563|522|743|736|574|622|746|701|486|461|447|420|504|575|449|528|537|548|592|532|531|466|534|515|633|435|598|405|424|567|690|531|673|518|485|780|908|853|567|568|561|507|481|492|549|475|562|776|585|551|702|590|545|470|436|426|399|453|351|315|326|266|294|289|272|405|491|428|353|284|369|334|328|340|292|206|253|238|321|304|286|275|237|234|329|330|361|302|299|251|262|257|263|214|273|236|264|252|296|486|400|262|263|317|303|420|392|348|370|446|414|402|347|371|388|341|444|632|288|301|515|616|723|528|378|444|392|511|475|551|470|462|435|456|399|427|416|468|508|468|464|492|1748|1411|729|872|660|787|786|720|865|1571|1265|1612|1004|1385|936|1053|1202|1457|1009|698|760|1872|974|828|902|1165|1122|733|898|625|616|539|671|577|740|477|719|789|693|854|919|871|911|1110|812|1244|1004|1050|1186|819|644|826|1285|1124|1647|2680|2174|1339|1072|996|1173|899|1129|1308|1499|1519|1407|1928|2013|3400|2817|2573|2295|81893|24504|32366|12928|11859|5869|5007|4306|3881|3472|3694|3246|1785|2004|2124|3363|1931|2258|3049|1835|3231|4584|3217|2889|2945|2408|1758|2481|1641|3174|1860|6219|2733|1893|1815|2747|2210|1921|3787|2782|1910|3332|1974|2318|1432|1329|1918|1355|2078|1635|3382|1937|4450|2123|2956|2372|4152|3454|3885|3346|3495|10332|7898|12616|13020|9755|6802|55642|72194|40138|20101|244933|127654|64782|29566|22120|16719|13048|19111|10184|9732|8927|6847|4868|6147|5525|3704|2866|2854|2256|2727|2699|2788|2824|2878|2780|2575|2542|2642|2613|2121|1799|2215|1944|2289|1781|1822|1681|1454|1315|1840|2825|2125|2677|1861|1531|1662|1277|3785|1705|1472|1303|1402|1391|1273|1620
335,Daemon Hunt,365,31|33|21|27|21|21|27|15|27|11|14|16|26|9|24|20|16|18|35|27|24|22|30|19|12|23|13|23|24|13|21|43|91|15|19|12|18|9|23|24|20|21|42|20|15|13|16|13|40|18|21|21|16|32|17|18|14|33|16|15|24|25|31|13|15|22|28|28|33|32|27|69|26|38|50|30|34|21|19|28|21|20|27|63|17|19|26|21|31|25|19|30|20|19|18|13|12|22|13|10|15|14|16|17|32|21|15|7|16|15|8|20|9|14|10|11|14|16|14|58|47|19|23|20|15|13|22|17|10|15|20|14|17|23|20|17|17|15|14|16|16|17|19|16|13|12|15|18|28|22|10|16|13|14|11|25|38|20|21|41|27|17|15|21|34|25|22|52|420|226|74|103|83|69|76|75|37|47|47|43|46|52|40|43|34|40|41|24|27|36|37|38|37|30|35|22|39|31|31|23|30|26|59|110|276|50|237|51|138|61|54|68|107|54|36|35|61|44|48|53|33|30|33|28|26|32|26|24|25|42|39|37|54|48|42|53|41|50|97|442|207|239|81|198|80|102|75|70|58|52|33|25|57|44|72|60|85|49|45|57|76|44|43|78|57|67|225|60|262|56|83|55|57|147|55|46|44|112|76|56|86|40|70|56|55|78|33|274|58|195|52|119|57|71|48|36|40|34|33|35|35|27|57|41|34|35|43|38|50|47|57|58|74|46|43|92|94|129|75|56|38|67|569|142|89|59|47|73|32|39|30|37|38|44|94|34|37|42|46|38|47|29|31|23|26|32|29|27|35|48|34|41|28|15|35|34|22|32|79|51|38|62|68|36|26
336,Matt Kiersted,365,25|15|18|12|10|31|13|19|17|12|14|29|18|38|19|10|14|12|33|17|24|15|33|19|42|10|24|36|24|28|25|82|28|69|26|54|21|59|23|31|22|88|54|33|15|11|9|11|14|18|12|7|15|24|13|16|8|9|18|12|9|58|15|22|20|22|16|45|10|6|13|13|9|11|18|140|135|44|30|15|31|58|61|38|43|22|16|28|26|28|8|11|12|10|16|8|12|8|10|11|9|4|7|10|17|8|6|9|8|7|7|12|16|9|10|8|18|9|15|7|9|5|8|6|12|6|8|9|9|9|10|7|6|9|9|7|8|11|7|15|8|7|14|6|10|10|8|12|10|13|6|6|7|10|7|12|44|36|15|41|23|26|20|32|50|26|25|17|30|33|29|22|20|17|20|20|26|25|19|9|9|7|19|20|16|15|8|11|10|9|16|14|7|8|5|5|7|34|15|12|13|15|9|13|15|16|16|14|13|11|10|6|12|4|11|10|13|9|13|9|11|8|2|17|10|7|11|13|11|10|15|10|11|15|12|9|6|46|34|460|144|100|100|1140|132|324|95|46|32|33|34|14|35|20|51|26|39|26|8|23|44|16|49|268|45|32|89|106|153|102|42|54|37|40|23|25|25|18|34|17|28|28|19|32|38|36|25|26|18|41|17|27|36|26|31|23|24|19|23|23|24|13|15|25|17|18|37|32|22|25|45|50|36|37|26|32|26|22|25|33|27|11|29|25|19|8|11|17|7|11|7|9|11|5|18|6|14|3|13|11|12|8|23|18|21|9|13|5|13|16|12|10|13|5|9|9|12|7|10|14|33|86|123|20|14
337,Carson Lambos,365,19|19|28|32|21|21|19|25|19|16|12|13|16|26|23|33|24|27|39|21|21|23|29|20|15|19|15|21|17|24|10|26|20|21|25|18|7|17|24|18|18|9|15|15|12|14|15|6|10|14|18|11|10|15|9|15|15|12|5|10|11|21|9|21|16|14|20|18|13|24|59|47|37|38|56|48|28|20|24|23|23|19|24|22|18|10|20|23|13|11|9|10|14|42|15|14|19|14|18|9|15|7|13|12|17|8|16|12|8|8|10|12|15|13|12|10|18|14|17|10|17|7|8|11|9|13|12|15|10|14|9|15|12|14|11|13|12|8|7|11|11|10|14|9|16|12|10|9|16|12|13|10|12|12|16|12|92|47|18|24|16|13|15|47|58|36|33|30|20|34|14|18|21|18|18|20|30|17|19|25|19|16|15|21|14|15|15|14|14|19|11|16|20|18|19|4|12|16|22|14|14|9|12|18|12|16|19|16|16|16|11|19|21|16|22|11|32|17|31|25|48|22|18|25|13|23|25|22|26|113|28|22|20|24|21|14|15|22|30|91|61|35|27|201|444|2456|169|100|40|26|31|39|36|26|38|40|55|32|33|26|55|50|28|23|22|30|37|34|36|28|34|33|45|42|36|32|22|22|27|16|36|27|23|14|22|32|18|14|35|37|26|31|18|17|21|8|16|21|30|19|16|15|14|17|26|16|27|12|13|28|41|40|26|51|38|39|29|38|53|65|54|47|55|22|34|19|10|33|15|22|27|30|29|20|18|22|20|17|12|16|24|21|15|22|14|5|19|14|17|19|19|13|21|10|14|28|25|26|10|10|12|6|20|19|13
338,Jake Middleton,221,1|1|2|3|3|1|1|3|2|1|1|1|1|2|4|1|1|2|1|2|1|1|2|2|2|2|1|4|1|2|1|2|2|2|2|1|1|2|1|1|2|1|1|1|1|1|1|1|2|1|4|1|2|4|1|1|1|2|1|3|1|1|1|1|3|1|1|2|2|1|1|1|1|1|3|1|1|2|1|2|2|1|1|1|1|2|2|1|1|1|2|1|1|1|1|2|2|1|2|1|1|4|1|2|1|1|1|1|1|1|1|1|1|3|1|1|1|1|1|1|1|1|1|1|1|1|1|3|2|1|4|10|8|5|6|2|5|4|1|1|1|1|1|2|2|1|3|2|2|4|1|1|2|1|2|2|2|1|2|1|1|1|1|4|2|2|4|1|2|2|2|2|1|1|1|3|1|1|1|1|1|5|1|2|1|1|1|1|1|1|2|1|2|1|20|21|21|55|19|25|42|43|20|9|10|28|41|463|265|49|83|62|32|35|42|16|12|53|36|20|15
339,Jeff Petry,365,148|122|108|102|228|227|144|85|99|100|89|56|99|111|112|60|64|81|66|79|73|90|73|241|76|64|90|92|85|106|81|88|104|123|91|104|84|71|61|73|94|89|113|68|73|105|89|59|60|62|84|61|66|71|80|77|94|49|82|45|59|84|57|110|198|150|91|81|63|125|74|117|67|119|2254|1119|706|525|452|360|290|273|266|251|297|211|215|238|208|223|238|194|192|218|174|202|175|95|68|61|87|93|102|104|92|86|93|64|78|66|75|63|86|96|143|115|86|75|67|79|86|56|79|113|116|67|51|62|72|56|77|68|87|69|62|53|46|57|68|48|63|70|71|60|47|106|90|53|234|97|55|62|55|79|76|77|64|69|84|115|128|105|116|86|184|189|98|87|118|88|372|160|599|254|366|530|180|344|167|142|308|798|160|173|95|101|121|267|265|199|94|106|62|86|107|67|76|108|108|76|100|173|134|117|87|111|75|147|83|77|120|65|83|263|955|278|170|1655|478|368|182|172|87|160|182|158|82|73|132|218|156|104|118|305|114|139|119|123|132|65|116|78|120|114|147|90|102|103|92|71|84|88|59|67|130|100|180|282|95|359|1020|284|152|108|316|461|615|147|133|99|153|95|94|127|100|104|134|127|79|98|92|108|167|89|108|167|99|113|150|88|92|130|86|136|125|75|66|62|81|79|56|55|70|68|91|99|67|61|61|79|140|116|94|74|75|133|91|145|142|73|78|2332|1957|512|256|185|213|202|174|95|89|158|257|123|193|156|132|139|129|111|172|178|222|631|444|213|119|114|213|200|220|217|445|175|157|531|130|247|198|135|116|129|202|111|108
340,David Spacek,365,12|10|10|17|17|10|5|25|23|12|16|12|10|27|16|31|32|35|58|56|67|253|89|162|120|113|87|156|92|158|68|163|125|43|129|39|20|26|36|23|19|10|23|9|8|18|24|15|14|12|9|6|7|15|15|9|10|6|6|13|10|14|14|15|13|16|11|14|11|12|26|10|12|10|17|16|16|9|10|8|9|9|10|22|9|8|7|8|7|4|14|8|7|4|12|3|9|5|7|5|9|4|5|3|7|4|7|3|10|6|6|9|12|4|4|5|9|9|12|4|7|7|8|7|7|7|3|8|10|9|9|8|7|6|5|9|5|6|8|4|4|5|8|13|6|5|9|10|9|6|5|10|5|8|3|12|27|28|10|10|6|7|15|27|39|22|6|15|5|7|6|5|8|13|12|14|9|12|15|12|7|7|12|15|10|12|8|9|8|8|12|19|3|6|10|22|11|8|13|8|11|8|12|18|12|17|27|139|39|21|26|32|20|15|10|15|14|15|12|13|19|8|18|15|12|15|11|7|6|14|24|15|18|18|21|13|17|15|23|32|15|12|18|29|114|77|44|37|21|10|16|27|32|48|24|34|26|27|31|37|47|36|48|400|197|120|60|62|45|50|32|37|333|1203|146|53|75|78|426|54|101|58|54|71|73|77|54|68|50|85|59|109|66|116|137|157|140|129|156|276|1651|586|228|351|118|344|1213|244|173|99|207|127|89|49|35|30|34|31|27|27|37|23|36|41|43|10|17|22|14|15|26|21|8|11|16|16|25|23|23|14|15|12|7|14|19|19|19|6|17|15|11|10|17|12|11|16|14|12|18|12|32|19|18|20|19
341,Jared Spurgeon,365,119|103|120|595|121|347|165|381|1138|405|133|114|371|156|579|148|144|128|196|176|258|199|228|196|146|170|153|152|118|143|111|255|224|182|158|127|107|107|109|81|75|83|97|124|67|82|67|64|64|46|65|54|75|64|69|47|60|48|49|43|41|85|53|63|68|47|74|83|47|59|61|75|63|73|61|72|68|55|40|56|51|76|56|60|64|49|25|39|34|35|49|60|37|44|49|68|57|39|43|39|35|26|46|36|50|37|40|46|40|32|36|52|64|57|63|34|50|65|46|51|56|53|42|77|66|50|55|47|63|46|49|53|60|58|66|40|38|45|67|80|54|66|42|45|45|47|77|77|49|43|67|72|65|62|102|82|68|60|75|61|114|147|66|80|71|140|177|111|86|99|69|60|83|92|81|142|112|162|84|339|297|78|103|122|124|89|207|88|97|72|69|93|105|116|220|61|128|91|106|71|71|165|72|137|174|93|148|58|125|80|60|104|135|129|90|83|145|130|158|137|118|65|84|162|173|146|301|85|114|350|107|244|102|207|140|224|94|86|197|1150|900|1398|400|527|219|313|357|297|238|112|216|135|148|184|379|183|298|216|150|196|329|299|147|236|162|138|192|137|208|113|124|148|128|166|236|223|161|659|242|164|290|140|408|155|139|369|121|265|154|433|130|347|151|626|136|145|119|107|96|92|133|117|144|148|139|122|187|175|211|175|477|358|253|194|155|284|235|171|181|116|272|151|212|313|253|142|133|414|187|847|3129|1541|655|242|244|167|196|2176|1247|485|235|188|239|309|329|280|115|95|140|195|374|252|269|191|189|234|165|484|167|142|191|153|144|107|164
342,Josh Anderson,365,228|172|126|360|1005|668|898|415|7083|2370|2228|438|515|1314|462|265|214|235|181|177|156|214|153|111|117|110|136|152|121|112|114|158|87|82|84|91|106|105|64|85|65|103|119|121|125|144|181|134|111|82|215|81|82|92|92|68|82|67|68|83|70|81|73|86|74|73|62|72|51|58|75|96|69|83|112|85|78|83|52|75|148|74|53|51|52|60|44|43|66|52|46|42|42|43|44|57|37|48|50|52|56|63|54|53|46|35|44|46|42|46|40|40|57|70|72|60|47|51|41|33|43|41|49|39|40|53|36|36|48|43|40|48|48|40|32|39|39|40|38|46|59|67|70|60|54|58|55|43|45|56|53|52|54|58|60|72|65|63|114|79|66|68|57|87|73|76|95|84|52|65|67|64|68|142|148|146|82|159|83|122|137|114|156|127|144|88|192|117|164|242|110|124|56|69|89|60|49|63|102|95|76|145|69|101|49|145|84|66|261|88|83|57|218|59|346|73|75|330|106|709|126|117|101|97|89|131|81|93|63|105|150|98|192|196|111|73|93|64|98|88|181|168|107|126|77|117|92|505|185|98|414|115|139|119|121|103|77|161|108|381|182|114|107|78|99|178|137|99|182|216|451|452|142|144|107|319|110|99|137|105|120|78|183|82|82|108|86|119|93|156|73|104|96|348|93|75|78|55|71|75|102|81|72|122|93|93|122|93|100|109|186|114|113|107|83|141|83|178|96|70|123|62|106|121|144|85|120|149|154|83|113|278|132|94|364|195|94|107|142|428|221|141|121|187|80|197|94|191|147|112|198|148|170|276|122|169|190|1150|543|406|212|157|130|89|144
343,Owen Beck,365,60|67|71|45|81|54|54|48|71|51|62|52|50|96|62|61|61|78|98|54|64|36|35|39|36|49|45|38|48|43|48|54|42|54|57|52|51|74|81|91|67|66|42|63|59|273|55|69|47|32|34|29|29|39|30|35|59|32|35|24|28|32|32|31|25|25|43|47|35|46|99|144|83|84|90|91|79|60|58|49|42|41|60|36|33|28|44|39|34|47|43|42|43|40|46|33|32|31|40|31|39|31|19|26|26|14|30|25|28|41|22|32|24|30|27|21|25|28|36|22|15|20|24|28|20|25|30|33|35|35|26|23|28|28|28|31|26|27|48|112|82|29|23|23|45|39|50|54|55|78|38|46|41|55|56|41|55|99|801|76|49|42|63|201|43|60|62|52|42|81|62|58|46|49|47|39|34|45|30|55|55|42|51|236|211|86|136|51|49|56|37|51|55|27|45|45|25|41|37|42|45|41|36|43|44|52|26|33|27|26|37|26|44|28|30|30|29|27|39|74|34|34|44|32|57|40|37|36|26|38|66|38|34|42|55|52|184|214|784|112|163|108|72|88|85|260|106|2761|200|165|131|93|85|143|101|84|83|75|90|132|120|126|102|84|80|221|162|91|117|62|160|72|65|101|83|74|62|77|67|60|61|51|49|38|40|53|30|45|34|50|38|36|25|29|46|31|33|20|33|37|47|28|56|59|45|38|29|37|48|42|44|45|50|41|33|34|20|101|73|81|48|69|75|42|49|42|31|58|68|40|28|42|36|32|37|30|29|56|53|31|33|45|47|47|29|38|37|39|57|30|62|50|56|36|33|31|31|53|32|94|50|48|43|31|34
344,Zachary Bolduc,365,94|277|640|94|216|48|40|256|54|187|85|67|56|249|62|239|185|373|102|83|46|46|35|33|38|32|23|25|23|26|28|45|39|35|32|30|25|43|47|44|29|37|22|28|39|26|27|27|32|34|34|23|31|64|62|31|46|18|16|16|18|32|19|28|25|40|27|34|35|61|62|88|34|238|19202|4647|1619|713|445|606|684|446|369|351|268|183|209|185|188|214|214|244|182|191|149|148|106|119|123|102|100|88|104|80|86|67|86|77|79|64|85|80|91|81|94|78|112|104|82|120|120|84|68|93|189|164|148|117|89|147|128|146|153|133|106|89|95|95|125|116|98|93|94|115|151|218|130|112|118|135|179|206|196|158|125|111|217|200|238|248|183|127|174|321|146|267|314|155|189|316|220|245|291|548|2429|3408|751|4179|949|1195|1210|697|503|353|288|394|279|200|1698|401|184|243|140|129|205|125|154|173|230|148|130|184|176|178|105|331|161|102|124|85|143|96|164|80|193|126|129|164|113|307|100|115|87|474|439|470|197|157|153|338|347|241|196|517|690|168|168|148|154|238|367|211|115|198|124|1553|308|254|166|111|385|135|125|102|129|162|143|204|104|218|244|153|116|110|99|201|313|197|204|468|323|402|165|185|223|201|112|111|198|131|330|124|276|95|96|140|73|277|98|154|91|202|320|185|86|94|56|80|102|74|89|71|66|69|70|41|87|73|93|92|139|154|106|162|144|183|194|234|114|107|120|114|93|136|151|104|90|150|184|209|109|247|96|127|199|196|143|108|594|198|201|144|149|1347|208|241|103|114|130|101|146|119|261|357|139|134|94|145|114|139|289|148|136|79|131
345,Cole Caufield,365,647|500|513|1235|5999|1169|2698|1313|4869|1728|6624|640|987|1382|641|482|399|465|449|391|353|342|401|290|327|330|258|356|262|268|299|334|245|255|229|226|226|324|392|254|245|236|256|232|229|163|468|820|517|256|244|167|204|319|259|209|240|208|225|188|220|281|231|219|188|208|252|267|197|195|272|578|292|263|282|280|400|265|226|216|258|214|525|239|186|142|159|168|180|194|173|153|159|163|169|137|134|163|123|148|177|173|185|154|117|140|165|178|152|131|161|169|188|179|170|183|146|205|189|189|168|162|149|246|317|210|181|175|219|195|196|182|154|232|217|176|186|135|159|140|255|175|149|145|156|169|142|153|138|196|196|137|149|154|186|167|191|168|370|383|249|218|235|222|194|243|273|182|236|250|287|258|268|381|423|276|343|665|310|398|1845|497|4027|1195|714|482|596|535|813|2195|613|603|377|353|1899|805|515|1034|937|538|612|994|444|572|449|1840|641|553|605|366|348|374|975|362|509|340|564|384|343|638|334|315|269|461|423|704|355|317|325|397|916|320|350|1616|1009|806|626|432|886|421|590|533|359|614|560|492|427|603|596|414|1013|440|498|402|500|566|509|1402|804|2445|1534|741|592|561|564|1176|869|754|737|570|721|553|383|633|360|1598|616|440|2887|1254|1370|615|8373|1064|1117|2275|902|1034|721|3732|1480|1958|788|1239|722|752|635|575|716|658|915|712|605|897|670|559|1022|887|1251|1109|10247|5895|2271|1322|1095|1792|733|3341|1069|780|824|492|490|1172|1285|498|624|2636|929|910|1115|1139|1127|701|4577|1937|905|743|7087|2138|1238|2703|1126|1191|948|2899|1569|1233|2370|1493|7313|3790|5469|3355|1531|2296|1473|29216|7496|4166|2282|1660|1803|1362|1459
346,Kirby Dach,365,207|186|141|262|370|209|292|162|417|240|407|151|182|272|232|137|142|273|568|217|152|141|116|113|105|128|100|111|83|88|113|139|127|111|109|103|139|163|105|162|95|125|111|103|98|103|95|78|132|70|114|78|110|105|98|125|114|85|77|87|81|110|143|185|164|157|315|328|203|324|288|733|454|415|342|307|220|209|127|232|209|179|125|114|101|97|86|108|109|108|113|91|93|78|96|105|94|120|95|79|82|63|68|71|68|63|66|66|95|138|113|94|104|63|53|74|75|66|33|80|115|89|57|87|109|131|116|114|115|128|163|124|146|171|88|72|102|83|115|96|100|86|96|82|81|90|80|66|80|77|164|158|148|166|208|226|202|149|174|199|240|191|105|248|187|140|466|167|127|157|119|151|480|330|316|357|409|1322|219|359|437|480|282|388|176|246|239|168|304|591|148|242|186|122|747|163|267|139|249|167|182|677|207|361|568|867|418|232|239|269|161|164|1630|432|270|376|185|196|173|190|192|117|105|275|115|201|270|222|149|162|342|163|104|205|183|120|130|246|152|381|226|174|142|223|132|416|236|178|153|115|302|107|148|135|180|209|159|259|159|267|231|218|251|181|300|422|212|256|176|127|337|166|142|208|174|217|205|467|852|269|594|305|546|315|215|215|146|350|118|460|238|599|273|362|124|136|113|85|109|128|191|248|191|174|130|93|180|134|210|207|656|538|366|260|290|364|194|591|210|267|390|3068|1489|1372|338|507|260|445|300|182|191|311|552|493|332|192|164|172|244|156|152|167|156|104|143|175|190|136|156|179|314|221|228|154|351|1073|336|637|490|359|324|517|340|446|719
347,Phillip Danault,365,110|72|68|74|1952|264|486|119|483|109|933|120|224|98|272|86|65|85|72|75|155|195|174|153|130|123|105|146|169|146|95|234|160|85|119|93|86|87|116|81|54|53|90|64|48|73|75|56|53|42|50|54|32|54|36|75|44|34|42|39|29|48|57|55|25|31|52|55|57|39|46|76|44|63|73|57|34|30|34|38|33|30|50|42|30|39|43|53|37|47|30|35|24|36|24|23|32|28|28|24|31|38|20|22|23|16|36|24|17|28|32|62|58|50|27|35|27|24|25|29|27|17|28|24|20|17|21|17|17|26|37|29|26|19|18|24|35|31|24|20|31|28|30|33|38|26|25|15|39|19|20|30|29|33|48|24|32|29|33|31|36|30|32|29|36|19|23|40|30|48|46|43|50|105|71|36|70|45|45|48|45|40|39|27|57|38|37|52|48|41|33|95|94|32|43|43|88|39|74|42|38|48|21|62|43|62|47|91|325|145|73|44|65|63|43|38|38|53|51|45|46|59|18|33|39|41|34|37|38|57|47|118|79|205|178|218|130|99|212|169|176|138|779|707|322|303|10708|2406|1121|1227|1909|466|290|278|265|299|696|396|233|313|181|350|454|247|277|966|556|226|220|110|290|176|126|303|171|278|204|115|697|163|158|79|419|155|109|264|98|141|98|198|90|196|135|225|147|157|170|78|124|63|62|59|60|87|108|89|115|74|86|100|185|144|114|134|108|146|80|207|134|96|177|148|189|178|226|88|177|312|132|71|142|128|91|83|161|68|127|60|110|80|67|108|74|68|59|118|60|74|99|178|195|144|184|120|101|464|188|257|160|186|138|323|125|69|97
348,Ivan Demidov,365,30|21|30|20|24|24|19|12|7|18|19|9|8|21|13|9|7|14|23|14|8|7|10|20|15|8|2|4|5|1|9|6|7|11|8|6|6|4|14|10|3|10|7|5|4|8|8|6|9|3|3|4|5|6|9|3|9|3|5|3|2|8|2|10|6|6|83|68|46|53|41|63|55|47|46|53|98|42|24|33|49|41|32|41|32|53|80|74|118|50|47|38|45|31|30|41|41|29|30|53|58|72|104|66|76|83|76|58|57|76|48|89|87|64|61|112|130|92|111|118|98|58|77|67|86|95|77|88|81|71|81|98|77|66|87|76|69|96|119|84|113|100|76|110|96|270|253|255|289|1116|530|462|380|273|247|235|206|374|453|264|245|461|185|209|190|233|555|342|280|240|234|333|542|529|498|372|269|449|269|350|1836|678|663|554|560|368|899|492|1405|605|373|1968|807|482|518|363|309|261|630|390|336|1258|536|418|364|646|460|311|308|229|209|155|293|176|232|255|229|257|114|449|177|160|198|304|217|330|236|164|186|203|531|188|209|443|298|175|477|258|285|225|204|596|205|286|169|234|180|189|254|166|550|336|303|248|514|439|312|406|396|685|396|400|366|335|268|327|314|234|229|196|645|439|330|428|294|395|281|189|708|440|373|323|303|264|212|232|154|372|236|278|203|486|265|258|411|262|234|186|171|232|270|216|176|231|176|158|217|167|237|236|321|220|192|209|185|241|167|284|386|156|258|184|168|161|243|145|143|356|683|197|191|204|229|142|180|201|207|252|246|123|132|644|276|219|334|603|412|310|272|306|427|350|818|280|233|820|392|546|691|464|449|526|297|247|548
349,Jake Evans,365,169|143|109|165|411|177|266|236|401|261|590|184|149|355|208|172|116|144|125|74|89|84|125|127|77|64|80|82|116|114|220|132|108|108|97|83|108|107|84|80|68|73|65|57|54|83|73|61|70|60|54|58|52|68|54|47|44|44|45|36|46|49|44|35|39|45|58|51|58|55|59|66|44|54|81|61|63|78|55|74|87|103|40|62|43|62|56|52|53|47|53|76|47|45|41|62|42|48|27|55|28|37|28|41|37|24|43|38|31|39|42|32|25|51|33|48|47|55|32|34|42|46|48|57|52|54|58|93|132|189|257|91|63|53|66|48|30|55|65|113|161|87|103|97|72|69|69|64|67|75|53|59|64|53|57|93|56|80|98|79|69|46|59|99|114|107|131|101|58|76|47|68|100|150|110|90|84|87|62|88|115|73|79|93|89|58|234|75|212|130|75|101|51|55|89|50|41|57|102|64|55|99|60|132|57|106|59|64|87|56|98|68|250|63|102|54|61|186|146|162|53|56|47|76|128|116|66|133|57|75|183|53|57|153|78|52|124|146|133|124|166|206|85|104|53|82|234|222|127|99|117|91|111|118|87|76|67|127|111|151|119|84|102|143|111|103|131|136|127|126|109|85|131|122|250|244|183|123|172|62|102|86|142|82|55|1225|139|265|87|123|88|133|84|88|87|71|73|58|64|68|68|71|85|123|156|132|167|203|155|149|205|208|104|90|84|108|77|381|354|245|194|143|81|83|155|117|91|608|279|87|110|88|85|72|153|64|119|132|121|191|152|241|220|254|100|196|94|72|156|86|168|105|143|149|85|71|92|223|123|154|128|84|213|90|98
350,Brendan Gallagher,365,579|343|324|874|1478|557|884|420|1263|624|762|250|319|714|265|173|144|175|279|203|135|123|164|144|110|120|101|110|104|103|114|144|93|85|91|85|107|103|109|104|89|117|98|96|87|117|124|109|109|81|143|115|104|118|93|69|109|82|96|74|75|110|87|95|70|65|89|77|81|91|142|199|136|115|248|203|130|83|93|101|85|82|71|54|64|78|63|84|52|100|77|60|63|57|63|74|60|67|59|59|75|86|59|58|54|76|69|79|57|54|83|72|66|76|69|68|73|59|61|61|59|69|64|68|122|89|105|80|79|116|100|86|103|113|95|99|95|96|99|91|79|126|107|105|116|111|114|127|84|100|101|95|105|88|106|164|121|133|166|124|113|87|90|126|90|123|322|112|131|119|171|135|111|201|384|228|206|237|128|357|464|245|374|276|451|191|367|175|337|461|230|238|150|112|177|124|118|119|195|141|200|243|108|184|139|339|127|120|217|116|168|100|364|96|536|601|206|368|109|580|120|71|93|150|186|183|95|88|126|257|581|148|136|392|280|117|240|114|426|139|249|308|132|241|143|229|202|268|194|115|309|124|150|202|239|160|149|370|182|433|277|522|258|163|135|361|338|199|1111|834|727|693|358|597|296|459|206|305|362|168|400|190|611|239|198|293|378|307|169|410|294|857|207|977|244|159|154|116|120|112|131|114|125|176|281|160|200|166|216|170|289|190|241|157|178|248|134|385|206|132|181|112|147|262|293|666|1343|502|321|457|1728|1434|518|540|883|345|250|152|344|131|100|191|114|219|161|336|214|322|215|198|301|491|513|289|429|610|557|509|431|380|791|412|926|346|266
351,Oliver Kapanen,365,104|63|82|114|131|73|115|306|721|158|434|72|281|409|120|127|166|69|69|55|41|53|31|31|52|252|52|1163|240|85|72|68|44|41|129|40|101|126|71|67|152|64|112|40|41|29|40|86|324|104|169|44|41|87|38|29|82|58|45|18|46|53|47|20|31|24|20|25|15|25|60|52|44|63|73|79|78|62|55|55|59|53|39|43|24|39|39|64|32|97|55|44|27|60|38|67|30|41|19|30|22|30|27|46|27|23|30|20|24|35|31|34|27|17|31|20|12|21|20|23|23|22|20|19|9|32|21|29|28|38|29|32|35|21|17|19|25|30|28|29|33|30|36|28|31|29|25|69|75|219|63|53|58|48|51|60|39|131|473|80|50|40|109|269|102|273|384|118|95|119|176|211|190|2110|3169|1682|416|288|160|213|291|133|677|257|197|126|1494|311|496|736|167|322|183|100|155|112|89|73|145|135|119|158|78|389|74|1617|329|194|139|89|165|86|102|61|342|98|88|54|57|366|89|91|94|123|126|181|78|66|63|88|649|154|138|604|173|96|232|80|370|112|250|298|104|262|90|105|110|164|524|211|334|173|131|133|112|261|165|244|125|1189|517|590|650|384|460|1112|1702|422|366|175|966|373|259|220|106|371|191|123|193|125|122|120|198|346|233|147|102|242|134|318|169|203|218|534|234|227|409|978|234|775|412|532|714|290|160|159|384|293|770|2335|1443|438|278|199|145|175|130|150|207|174|378|205|182|110|139|242|641|764|205|164|180|141|91|100|118|129|102|115|157|73|183|218|138|115|108|424|131|110|170|151|174|125|624|155|101|121|95|133|107|120|106|131|216|86|108
352,Patrik Laine,365,359|776|888|1213|1986|784|2409|1125|1001|534|594|261|366|579|545|446|322|826|415|295|381|298|350|299|311|232|317|291|378|287|407|374|237|247|216|198|219|214|188|182|167|170|230|193|250|260|178|188|210|102|172|122|100|174|139|123|161|131|161|187|167|293|476|289|194|164|167|187|151|153|210|266|278|360|543|498|435|366|239|233|255|191|172|168|154|151|190|211|134|191|181|173|163|127|94|105|104|113|88|94|133|180|119|116|154|110|69|114|115|140|190|212|165|111|117|141|157|211|96|115|137|136|169|157|193|257|262|177|148|160|125|146|143|145|107|141|132|173|161|140|128|155|153|149|119|114|140|133|150|156|153|119|191|281|227|200|202|256|314|282|209|395|211|208|221|208|289|157|242|171|221|189|208|373|495|348|283|365|342|395|517|388|439|339|333|222|262|257|319|296|1007|687|347|204|224|197|188|183|231|168|198|301|267|244|276|327|223|214|256|224|199|213|266|209|295|318|263|256|200|286|204|207|227|217|147|234|177|155|226|173|364|152|158|243|157|149|158|164|194|187|203|199|221|219|202|209|347|298|228|242|254|184|293|460|515|372|372|307|289|513|456|693|480|495|421|433|338|344|322|245|255|310|263|391|305|519|658|553|862|587|632|541|470|336|359|538|453|405|438|405|245|380|811|1132|863|603|542|533|516|696|455|585|601|710|645|457|757|478|961|785|870|759|818|1194|725|754|720|582|625|731|753|606|1062|533|440|320|300|538|361|239|272|271|273|302|308|388|435|443|339|283|335|297|458|314|253|616|347|396|258|378|329|397|455|303|251|271|380|378|319|410|491|494|783|418|358
353,Alex Newhook,365,172|151|218|511|673|426|792|352|2395|408|1053|146|234|315|124|110|152|109|107|81|135|102|88|85|59|63|76|63|79|67|79|76|62|78|61|58|93|90|81|77|80|87|85|72|55|75|67|78|83|65|75|48|41|61|104|121|77|64|49|78|82|70|61|65|61|49|92|87|544|353|195|182|121|87|158|113|117|80|61|94|91|70|55|44|51|41|53|53|38|74|56|52|73|58|44|46|52|55|43|55|51|105|50|64|50|42|59|34|40|192|99|54|63|59|70|61|50|45|45|46|47|50|55|48|35|53|44|52|38|41|54|51|98|77|33|55|36|44|54|52|60|63|48|57|57|63|47|50|48|71|57|55|42|56|51|61|63|71|74|93|61|69|290|594|113|105|134|80|47|64|82|57|54|134|226|153|126|226|98|317|428|206|158|143|196|77|227|105|217|624|131|161|112|85|249|106|94|107|700|247|166|202|98|160|73|1620|334|227|191|99|637|354|266|149|125|100|81|126|95|232|89|83|65|70|87|231|124|83|70|71|301|63|76|151|93|79|74|71|90|84|97|100|85|104|74|117|117|136|94|70|134|86|79|102|89|93|94|91|81|132|94|167|99|100|95|151|129|96|169|139|126|121|116|108|72|110|94|99|123|149|111|79|99|155|115|150|292|199|232|198|109|111|109|124|75|92|67|44|60|74|66|52|71|60|85|87|80|94|91|140|214|155|149|231|195|227|139|308|109|121|356|122|127|189|109|142|186|229|274|117|174|699|297|118|158|94|174|244|464|89|102|120|98|91|99|583|100|96|112|120|464|198|243|173|116|191|106|261|155|253|289|178|136|103|272
354,Juraj Slafkovský,365,591|465|415|640|1152|600|929|551|3070|968|3565|473|598|654|495|420|321|439|671|440|367|425|359|376|357|355|364|385|348|401|384|405|362|326|396|294|303|363|310|284|244|348|280|253|169|183|193|225|286|200|277|191|191|335|267|201|281|136|161|266|226|421|228|225|214|225|232|259|224|347|622|851|414|342|331|271|242|177|154|212|230|233|237|206|171|137|186|179|263|234|134|177|174|233|193|138|156|209|122|141|214|196|157|145|207|139|125|119|123|109|141|131|145|125|102|113|133|124|104|137|134|125|138|135|142|207|175|139|148|163|129|156|171|181|134|133|102|145|121|106|125|123|110|151|130|148|160|130|157|169|155|137|139|179|202|218|196|219|187|267|216|227|183|209|218|266|232|186|169|201|194|210|272|321|423|386|306|506|315|391|478|312|410|509|471|276|814|386|540|540|322|821|548|363|801|338|279|310|400|269|308|338|315|376|337|548|323|331|330|480|323|261|505|227|357|307|293|385|234|570|300|345|276|339|260|437|271|265|276|446|732|277|373|604|457|339|372|280|401|402|333|552|341|404|325|371|289|663|580|360|764|328|427|432|507|1417|882|959|686|1641|1203|947|1187|1219|783|1303|1074|587|566|433|1266|872|642|666|420|1153|662|536|643|554|542|563|654|625|460|432|326|612|405|1045|577|526|459|673|592|1041|742|657|862|12428|7638|3354|5890|5252|4351|2996|5382|3440|11199|7046|5528|2792|1605|1212|873|828|676|709|510|736|873|588|524|572|1727|534|525|740|1236|456|399|489|460|339|460|421|559|376|1400|558|421|794|426|472|406|578|630|474|815|521|778|516|698|395|373|464|405|1732|676|633|612|473|442|423|467
355,Nick Suzuki,365,2016|1203|1123|2760|9965|2115|3174|1911|8992|3214|5694|924|2058|4440|1402|850|751|1054|816|646|701|699|589|489|445|504|551|532|493|558|490|623|455|412|449|395|442|425|343|345|415|354|684|430|357|418|441|344|405|269|358|239|306|362|341|301|431|294|292|412|273|471|309|243|191|235|246|282|202|227|369|507|326|318|361|337|474|479|483|433|459|382|386|411|382|333|385|310|320|334|343|333|296|300|310|508|394|297|212|324|1669|1834|669|396|313|351|359|337|266|260|218|252|223|266|368|281|254|221|169|221|206|174|174|249|217|375|389|226|294|222|227|212|225|268|277|252|251|183|208|187|218|231|224|212|278|747|263|345|277|617|274|291|220|360|619|403|431|333|385|791|638|436|320|318|308|415|502|427|419|375|397|325|385|885|807|479|454|810|422|811|1030|559|1347|1204|1208|587|1013|543|1249|1119|661|1202|532|427|1102|657|517|586|802|566|625|1373|686|818|500|1533|669|701|861|450|593|422|1191|416|605|521|506|639|412|1456|373|461|404|983|618|728|481|472|481|883|1459|552|552|1711|723|458|1012|830|1550|886|1769|1472|964|1057|813|812|1156|1569|1291|916|1891|776|727|960|1184|1231|1429|8384|4929|3485|2269|1763|1255|1198|1601|1767|1496|1172|1658|796|1420|1150|1107|1343|735|1577|1003|952|1336|912|1635|1575|2002|3627|2545|1701|1017|3264|1269|2184|1237|2339|1296|1471|1409|1500|2079|3339|3504|3485|12631|8102|3804|5792|4413|3363|29434|14682|11821|5025|37981|8347|3417|2188|2217|2103|1354|1996|1134|1033|1335|724|758|1394|1811|1067|1232|1145|1362|676|893|1386|1075|1175|1551|1004|983|760|3602|2272|1195|1102|903|1028|851|1946|1941|1029|1762|1172|2114|1695|2188|1734|747|2488|1247|4067|2270|2812|5071|2299|1525|1289|2229
356,Alexandre Texier,365,39|67|66|50|70|43|71|264|48|222|77|66|54|185|61|112|89|183|105|76|80|250|250|369|172|401|371|125|198|187|88|256|138|85|82|81|85|107|105|71|47|44|35|31|28|50|32|42|34|37|48|22|43|50|27|30|26|19|32|276|194|77|58|30|27|42|41|44|35|59|30|43|33|30|72|68|54|46|50|34|66|37|34|25|22|24|29|57|28|29|26|19|41|27|30|27|20|46|27|29|13|21|22|23|23|29|28|32|29|33|15|34|55|41|32|27|37|27|23|34|26|27|31|41|34|21|21|20|16|20|19|19|24|18|20|33|32|24|28|44|36|26|14|22|16|20|19|13|18|25|29|27|42|29|23|29|48|29|23|29|21|26|31|29|39|39|47|34|27|16|35|44|41|53|55|92|81|57|46|125|49|74|35|26|52|50|37|79|46|33|35|28|47|68|65|53|47|33|46|34|49|32|52|78|29|38|39|39|56|61|49|38|46|37|47|50|657|479|912|11555|6215|2215|1104|560|895|934|227|152|173|318|1105|172|174|5724|1711|379|284|138|1299|243|460|2370|543|2173|369|656|327|505|431|614|639|297|228|189|273|216|264|667|312|1049|711|465|342|689|362|4932|15402|3536|1442|685|1548|1831|1334|787|375|500|627|363|533|296|214|249|352|517|338|342|202|392|229|404|254|333|375|366|469|536|416|456|459|894|1850|2606|1328|8011|1629|1560|861|358|421|292|520|358|239|156|171|219|174|170|113|113|114|78|107|85|87|201|194|142|483|177|242|212|122|98|161|76|104|70|143|63|65|104|92|132|88|105|64|75|110|128|111|94|140|105|185|352|183|238|174|236|164|155|182|126|194
357,Joe Veleno,365,69|55|60|78|72|80|64|60|69|67|63|72|67|49|67|69|68|90|99|92|92|79|79|69|77|77|68|62|72|68|55|67|80|77|88|70|60|80|58|85|71|135|109|72|59|97|98|50|79|56|75|68|82|104|45|47|57|53|59|44|45|79|62|43|2493|899|316|176|154|138|181|359|1131|1163|1093|534|708|610|283|216|264|217|167|171|173|94|77|101|77|7324|3768|1160|492|334|223|234|150|161|124|98|102|116|100|86|95|83|96|82|89|99|99|81|87|81|99|97|116|115|54|75|72|73|91|81|99|89|90|72|76|78|100|104|88|115|72|72|90|82|82|61|81|101|93|71|96|69|62|72|91|115|111|84|118|220|276|150|133|160|339|370|159|131|216|705|257|288|291|123|124|478|887|586|351|240|206|242|144|156|124|252|309|240|186|804|1095|582|579|224|729|369|162|491|120|92|269|112|122|314|360|192|294|327|136|242|177|601|211|127|287|158|272|136|186|125|329|178|131|2031|180|410|133|95|68|167|130|129|94|78|87|169|373|122|94|215|147|103|236|109|118|117|279|989|228|212|118|200|162|301|312|164|213|93|108|135|173|114|136|217|100|305|200|192|144|146|98|550|609|240|857|184|397|302|138|164|122|171|148|132|239|200|224|166|177|128|130|137|116|133|190|363|110|164|122|198|78|79|65|80|72|142|114|92|75|92|188|210|151|151|105|111|131|132|103|99|78|127|103|426|570|166|124|112|134|116|128|325|314|152|123|98|102|99|95|95|90|334|703|236|269|125|95|116|107|201|139|436|141|178|392|329|394|174|700|300|213|156|150|375|141|212|118|100|148|92|123
358,Florian Xhekaj,146,530|2616|2410|2101|1454|954|752|554|512|554|638|692|319|332|410|208|145|173|96|121|278|319|177|105|108|79|130|109|155|109|85|391|172|121|151|185|342|141|194|128|306|154|180|141|148|95|194|189|160|181|85|205|202|109|124|100|133|93|91|120|69|94|125|128|66|78|80|69|133|98|98|79|84|77|80|70|104|80|98|63|57|76|81|105|115|152|259|136|91|112|90|164|102|85|70|71|92|65|97|68|68|79|71|70|85|98|60|60|95|74|68|74|93|103|90|86|97|148|97|128|67|54|97|59|90|98|152|183|91|95|67|115|107|157|128|79|99|87|224|130|196|142|103|98|72|77
359,Alexandre Carrier,365,163|134|97|308|513|255|305|587|1863|634|1806|370|698|532|313|213|131|93|127|144|82|92|78|74|60|136|66|53|85|59|53|63|52|121|68|81|85|141|59|116|102|340|145|145|137|195|125|107|88|59|54|52|50|50|49|47|47|36|33|42|43|49|35|39|36|33|40|36|37|42|135|113|65|63|101|94|54|46|33|57|60|51|48|39|42|31|29|37|36|49|40|38|24|23|40|33|69|42|52|44|32|58|50|50|30|31|33|43|32|26|36|40|55|39|41|41|31|34|22|24|24|24|49|71|56|52|45|35|32|39|41|38|44|40|33|28|29|21|36|35|46|42|39|34|42|25|33|55|73|57|63|49|33|41|41|40|58|45|39|67|50|43|39|79|64|44|384|69|40|41|41|39|58|115|103|140|71|112|77|96|189|218|167|85|139|70|165|73|100|100|69|110|57|59|111|60|57|83|90|57|71|79|50|57|51|140|63|59|68|40|58|50|96|41|49|46|40|59|47|146|63|49|80|105|98|129|59|55|46|63|108|72|72|109|67|54|40|40|184|77|92|163|62|89|69|94|58|112|80|52|106|49|85|46|80|51|52|83|49|593|117|94|66|46|70|137|194|69|105|76|1428|216|103|98|58|279|65|84|476|124|84|64|154|93|79|89|55|332|93|148|75|111|56|104|47|40|60|55|51|57|48|42|32|57|54|43|61|65|112|122|108|80|71|56|86|138|85|147|73|102|70|51|69|113|85|34|86|121|187|165|150|127|88|71|86|51|66|49|104|42|74|153|65|71|116|404|100|284|118|89|93|103|162|76|120|100|69|121|95|123|125|69|52|121|86
360,Noah Dobson,365,70|85|67|76|90|84|79|87|44|89|90|58|76|100|125|90|98|189|297|198|173|191|366|199|136|144|122|158|132|148|134|260|174|107|117|105|108|153|125|115|103|118|125|80|80|90|60|71|92|85|71|74|54|71|70|80|59|44|58|67|61|121|185|398|379|437|567|637|694|2654|29111|16480|3572|2307|1891|1127|739|562|507|510|733|554|456|403|344|300|245|255|191|266|255|203|153|135|152|144|140|145|155|141|196|177|181|145|165|158|150|201|176|134|147|129|123|106|143|89|126|129|120|134|158|149|182|220|186|208|199|135|141|346|388|227|291|159|152|141|155|172|115|121|153|191|207|170|148|138|149|189|127|214|254|270|187|183|189|178|149|385|455|247|235|317|186|198|174|138|168|161|166|201|254|243|331|492|542|412|315|392|389|475|574|322|364|287|834|214|441|325|686|438|244|197|130|139|232|119|140|280|254|165|126|183|133|330|184|343|184|197|254|116|188|226|321|223|207|126|112|222|141|1832|188|140|140|149|188|160|131|119|109|152|219|124|124|435|283|133|209|118|170|187|300|192|153|259|135|212|130|178|296|170|372|192|191|175|154|286|156|469|233|338|245|275|171|153|217|257|571|224|223|121|683|243|134|192|139|186|105|107|135|132|216|202|255|116|140|154|126|450|379|381|213|242|177|224|160|112|120|111|99|101|158|191|140|106|114|97|125|151|199|176|356|294|220|166|411|2033|342|287|236|176|194|157|173|309|286|146|192|223|191|161|133|206|169|117|191|157|186|159|246|158|157|184|194|171|136|211|177|195|217|190|223|182|283|210|119|188|134|231|180|878|446|258|257|262|482
361,Adam Engstrom,143,219|313|110|163|25|30|51|24|39|25|15|19|13|14|60|75|212|30|47|86|42|68|35|85|31|80|84|27|28|29|68|37|85|44|52|88|36|84|39|33|40|51|30|180|126|62|38|25|29|19|30|69|21|17|18|22|24|16|18|15|28|14|19|16|15|11|38|61|33|65|59|39|24|21|16|21|70|45|23|20|88|45|45|25|15|14|21|21|19|154|107|47|95|62|24|33|20|44|20|28|12|21|23|17|18|23|24|21|28|22|24|18|20|19|14|17|16|11|28|28|13|21|9|19|298|353|90|72|51|44|42|38|149|417|86|121|68|158|63|50|75|38|38
362,Kaiden Guhle,365,433|342|236|499|623|283|437|229|503|753|886|229|286|389|228|141|127|153|112|125|136|127|129|108|97|81|100|85|105|99|111|127|62|51|60|57|87|78|90|81|70|111|57|50|56|69|45|50|57|43|59|52|56|56|61|33|72|52|41|49|46|60|42|59|50|37|73|50|51|56|217|193|64|77|104|98|67|54|56|66|65|59|38|35|45|38|33|46|25|57|76|69|50|48|50|48|43|54|35|45|48|44|42|44|40|33|48|39|47|39|33|46|49|44|45|32|40|33|31|34|41|41|32|49|37|41|58|58|36|42|52|40|64|62|58|67|57|46|155|179|99|92|81|62|71|43|42|47|55|74|61|74|72|78|75|57|67|66|67|93|79|74|66|72|63|64|59|58|57|72|78|80|96|102|92|95|61|599|201|194|163|127|170|274|213|92|140|93|116|128|105|91|69|62|80|56|60|50|101|52|68|64|74|71|59|162|95|96|70|63|138|105|132|110|65|71|119|85|72|106|55|69|48|67|91|90|54|64|84|92|81|56|54|91|66|61|78|56|73|90|103|89|64|131|82|96|80|74|89|69|80|55|84|105|102|75|97|91|78|145|110|76|150|382|216|225|140|430|766|156|347|327|214|190|73|190|120|87|320|196|227|151|180|160|240|234|105|468|117|179|87|155|127|186|84|65|89|56|67|58|61|66|38|63|65|55|99|101|64|75|107|103|107|84|90|200|75|181|98|170|160|214|109|108|123|80|119|156|141|52|76|111|120|105|117|104|77|89|442|344|277|195|139|130|91|172|80|71|91|83|132|109|187|88|131|155|171|145|194|176|142|127|89|66|97
363,Lane Hutson,365,1643|1300|1134|2335|2593|994|1582|861|5519|2138|4177|797|1078|1567|697|785|753|850|1087|556|535|472|393|448|344|355|313|296|273|273|374|352|321|396|299|209|295|339|326|266|210|240|265|176|189|213|213|203|269|170|216|172|272|5536|3974|1440|1230|494|461|533|360|558|408|343|333|317|306|312|304|311|929|954|507|403|450|517|619|518|317|252|291|635|313|263|200|186|200|213|214|274|313|300|284|293|288|215|253|267|243|220|282|228|183|229|212|163|238|241|246|180|200|204|189|181|247|219|274|448|384|323|277|221|226|411|385|409|311|309|332|252|241|238|259|313|261|216|248|319|342|385|10465|3643|1404|861|957|667|440|354|349|368|1086|1042|512|333|293|283|265|312|370|727|395|286|532|1354|541|384|518|504|423|400|362|497|604|661|886|598|529|982|3286|2644|2116|852|1603|1073|982|427|1357|647|1130|973|480|639|543|389|595|496|346|393|440|437|363|653|491|463|626|843|435|398|715|383|361|348|627|246|554|510|514|606|338|1203|439|329|289|355|357|410|354|343|368|426|692|323|296|643|760|357|415|305|643|559|935|1206|711|1031|445|4076|700|1011|606|494|1186|1399|1855|2803|4836|1441|1006|1691|1225|2785|4953|1596|1365|932|870|1874|1126|1775|1658|1004|1246|751|448|1113|594|908|521|479|2303|1462|975|729|1314|493|423|573|401|750|549|746|513|1259|544|2048|1115|733|1130|1051|793|494|808|725|770|897|727|552|970|672|911|754|2146|1532|1007|750|635|1072|647|995|834|585|836|532|490|644|899|497|535|1451|925|542|722|1719|1513|900|2186|7873|2013|1656|1308|994|674|685|642|1239|916|1268|943|694|672|625|958|611|1361|861|646|1710|1366|1767|1258|1059|1414|1027|565|517|751
364,Mike Matheson,365,186|175|137|320|559|442|646|266|577|608|764|129|286|540|282|246|122|116|175|315|201|197|225|221|168|126|113|136|99|121|113|206|194|165|157|123|113|134|136|102|64|75|78|79|81|53|77|63|123|78|105|130|138|96|70|78|68|34|60|39|49|80|76|64|73|58|138|71|64|82|320|320|265|280|189|143|132|102|67|60|118|125|83|81|67|57|172|81|53|97|98|63|59|58|35|71|39|50|69|56|52|66|65|62|78|64|49|40|58|56|48|69|62|43|41|41|53|45|42|34|38|48|43|31|48|59|50|41|40|49|53|48|64|61|45|63|77|60|45|57|87|96|92|53|57|49|61|40|50|59|81|92|89|122|109|109|82|93|102|77|119|99|73|99|79|90|97|72|59|88|83|63|99|179|196|277|138|125|99|211|430|311|322|205|214|115|319|124|919|354|114|488|158|240|202|110|101|116|171|108|128|163|77|154|94|199|107|114|119|77|151|91|196|81|216|93|109|194|72|253|103|100|83|117|1564|1389|272|368|1291|648|504|168|163|476|171|121|93|89|336|82|253|323|194|178|94|132|136|242|172|119|259|93|108|95|125|146|110|470|353|324|266|179|140|114|137|348|397|117|158|109|288|200|90|166|89|158|109|86|209|113|189|102|381|126|103|221|114|407|117|308|143|195|115|186|95|96|92|103|112|85|115|130|105|217|139|117|139|115|170|151|294|290|156|123|120|260|134|408|113|66|147|102|136|141|133|100|125|388|318|94|141|684|177|155|159|113|636|297|187|119|66|159|126|166|101|217|154|102|391|166|341|180|544|185|161|305|198|408|335|275|201|157|124|119|121
365,David Reinbacher,365,169|150|107|140|137|85|144|74|150|112|221|78|114|211|118|112|111|120|131|106|117|98|84|62|66|75|97|126|96|76|111|101|87|82|109|47|68|105|86|80|65|73|69|45|55|63|60|74|50|43|73|46|48|71|49|58|60|41|50|38|42|36|53|44|35|45|88|96|88|151|524|391|160|170|197|152|119|72|54|58|74|99|63|77|57|34|50|60|69|53|45|65|52|55|46|57|44|44|29|48|32|34|34|32|50|32|24|24|24|44|47|49|56|48|41|59|61|34|33|36|37|25|31|39|25|47|35|54|30|35|50|32|45|32|27|25|31|35|40|62|64|70|40|48|55|54|54|41|51|117|74|69|47|59|29|35|56|78|72|186|120|429|213|110|120|123|274|400|68|50|56|58|65|71|65|70|58|74|78|107|131|129|101|116|60|59|75|93|112|86|77|84|86|89|104|111|92|78|56|80|104|92|71|105|103|178|176|132|121|127|97|83|119|91|100|126|191|144|179|197|182|133|145|149|150|95|105|87|98|95|142|73|67|75|68|71|74|75|120|92|84|76|197|211|111|91|88|106|67|66|88|75|58|79|75|78|105|107|89|118|141|85|158|149|118|116|119|123|83|62|124|88|92|125|149|127|88|133|121|133|123|164|183|190|96|125|72|96|93|126|153|102|106|116|79|254|297|102|89|124|103|95|86|81|67|80|99|75|77|64|99|80|62|92|164|113|81|87|92|145|103|105|164|112|145|143|216|150|163|126|106|124|140|158|143|152|106|102|99|82|65|99|84|93|62|95|78|113|118|145|121|91|130|82|89|81|67|121|88|2576|2937|686|503|275|187
366,Jayden Struble,365,106|88|87|179|803|225|434|102|220|130|171|54|62|129|94|95|65|67|58|50|37|41|37|49|72|48|51|38|34|43|35|54|51|36|43|49|50|42|39|42|24|37|33|34|22|35|19|35|36|31|38|35|38|65|40|40|47|34|68|32|31|37|36|17|34|30|48|21|33|44|88|88|70|73|84|63|88|48|93|193|59|68|38|45|34|32|20|48|32|58|51|47|33|23|18|40|41|52|48|36|33|313|163|111|43|40|51|59|39|51|59|65|72|55|58|33|48|64|65|80|74|71|62|98|68|68|80|78|91|74|73|68|48|38|51|35|38|43|34|38|59|60|54|58|41|34|49|75|66|59|54|48|37|45|49|44|70|73|84|49|33|28|73|103|51|44|449|201|83|113|71|61|58|76|66|75|57|82|60|93|109|143|195|153|172|115|459|70|207|109|93|112|52|33|114|45|54|105|741|249|210|358|100|255|80|150|56|122|89|64|165|61|1947|231|155|68|70|77|66|259|69|71|68|74|70|69|54|46|59|175|134|50|57|200|92|55|74|56|133|66|48|137|67|103|48|124|121|97|61|54|485|69|69|56|199|146|254|154|69|209|104|103|65|59|60|220|139|147|79|336|145|214|66|52|40|98|45|127|189|162|240|120|107|154|108|78|76|59|57|103|91|75|56|166|73|54|67|35|49|46|50|54|52|40|50|38|31|45|44|54|90|117|98|70|73|84|56|203|81|79|165|94|75|100|74|38|72|73|238|81|75|111|50|186|242|78|233|91|146|37|131|181|709|1025|187|527|109|107|311|84|130|801|1010|255|153|146|135|292|152|277|195|113|121|102|66
367,Arber Xhekaj,365,454|403|505|964|1924|2038|1802|3707|9953|6026|12120|1497|1261|2272|816|748|619|438|391|347|293|353|334|355|293|305|260|315|228|246|220|228|240|186|340|236|241|298|229|205|137|208|206|153|170|175|155|175|177|143|169|110|113|195|153|152|161|199|208|211|141|147|93|106|103|153|126|133|108|104|249|253|197|178|251|269|154|142|125|151|372|242|156|156|206|157|117|159|135|106|100|95|130|90|86|105|100|120|90|107|93|126|154|188|145|102|113|135|101|102|98|100|125|103|107|121|111|109|166|120|150|104|89|96|117|196|249|223|163|196|166|181|226|212|173|172|116|124|148|111|132|135|114|131|210|127|202|246|252|448|223|221|271|294|248|428|323|380|1238|5987|2039|985|508|890|428|633|4017|1652|1014|1054|1046|439|406|608|670|590|488|907|610|636|687|515|523|535|2132|647|680|321|705|542|614|636|381|316|601|363|308|509|511|324|274|942|370|579|319|729|403|297|409|216|462|258|1204|327|384|222|285|426|1259|24954|3461|2128|2268|1936|1403|1257|962|1034|993|1644|2721|912|707|1404|713|414|572|382|418|554|1356|549|325|442|266|456|297|636|440|290|2867|873|576|478|1146|3300|1248|1283|567|1288|700|607|472|433|445|1297|1612|881|1525|796|1529|1603|503|900|471|633|347|646|892|648|521|538|694|310|483|480|479|1168|840|1312|927|1121|1283|965|690|453|484|347|377|699|568|407|392|523|466|384|522|431|560|395|722|628|1064|951|1199|1217|1070|655|563|1203|1330|876|655|647|713|532|706|1143|858|371|473|440|522|471|400|645|521|692|710|467|424|968|961|746|869|1668|4359|1774|1062|643|1026|653|924|1086|615|833|638|2194|1229|1530|789|576|612|790|719
368,Ross Colton,365,76|78|241|141|159|83|125|60|79|128|78|93|65|118|105|78|190|70|64|61|40|71|47|46|58|60|73|59|70|39|39|56|61|70|62|51|70|73|60|75|61|99|78|46|43|44|61|67|73|54|71|50|70|93|51|64|62|47|80|62|44|144|58|57|60|49|44|51|40|42|53|69|47|54|48|59|45|31|32|33|48|46|45|50|37|25|17|39|40|45|41|31|36|34|27|36|18|42|42|63|107|98|58|46|28|22|30|25|36|24|34|42|42|27|28|43|26|19|23|27|29|27|54|22|46|38|34|29|41|36|39|24|25|28|38|35|22|30|41|26|29|59|38|52|30|31|99|42|47|70|52|41|40|38|43|46|47|38|36|13|55|36|25|31|44|31|115|49|42|40|31|35|45|78|45|211|64|98|53|50|42|143|54|32|58|49|49|61|84|81|60|107|45|53|138|46|79|60|31|45|57|320|75|52|35|85|57|47|70|58|79|46|53|221|60|38|68|259|62|82|66|52|45|301|85|76|59|54|56|105|65|84|83|104|77|43|70|35|47|32|78|53|45|57|41|46|39|52|66|59|85|68|64|47|127|57|105|56|62|80|93|114|73|78|205|54|137|93|73|61|113|63|66|73|68|58|133|89|58|91|57|67|69|56|51|59|68|117|168|71|74|66|67|64|58|44|40|31|38|44|50|54|42|55|32|47|53|47|65|58|143|116|103|86|135|131|84|72|196|117|77|78|231|115|115|65|51|182|47|68|48|51|79|62|45|71|42|45|40|46|44|136|48|52|46|54|36|85|59|60|33|61|37|128|59|58|49|62|59|79|45|62|76|53|102
369,Luke Evangelista,365,65|93|94|79|70|71|163|163|132|70|70|72|72|78|58|68|70|57|56|83|45|61|122|82|61|102|97|83|59|98|91|113|83|127|98|79|97|126|112|98|89|65|79|86|81|105|636|1320|622|284|274|206|162|150|105|109|106|102|98|146|85|100|81|81|80|76|70|117|92|82|90|125|138|121|138|106|118|102|83|114|104|85|101|72|71|113|104|79|117|101|82|91|86|87|87|72|79|85|88|77|124|109|75|85|81|74|71|77|100|66|73|78|79|75|91|74|81|68|72|70|84|86|93|69|68|66|75|88|73|96|105|73|81|97|118|127|72|116|109|90|64|78|77|76|72|77|72|93|116|112|123|187|156|130|136|114|132|242|135|116|82|76|95|99|140|121|137|132|174|439|329|270|211|140|123|133|143|187|147|234|580|136|223|148|175|102|69|112|78|164|281|98|147|81|176|107|123|125|107|94|702|187|128|152|305|144|149|144|80|95|238|112|293|126|84|81|83|85|58|157|75|146|87|120|78|329|439|120|87|145|103|97|77|105|91|85|173|79|191|123|150|107|129|94|103|62|80|3186|385|150|214|146|137|119|113|102|179|231|176|213|152|180|100|84|266|104|182|82|165|125|87|239|88|114|209|180|109|96|197|110|215|178|141|113|106|183|85|129|73|125|77|151|136|279|160|100|79|88|89|76|81|51|61|81|86|85|89|93|83|99|125|93|87|102|79|104|109|158|259|131|125|94|177|143|107|94|87|99|98|121|79|137|133|65|139|79|110|124|84|89|86|265|101|150|287|821|107|71|337|174|386|195|189|106|158|124|65|91|111|93|84|449|124|92|198
370,Filip Forsberg,365,201|179|208|154|184|158|189|137|136|173|152|165|142|162|147|154|168|201|189|285|229|662|410|253|640|367|660|365|505|480|268|265|444|219|825|444|810|520|267|263|210|195|202|176|133|178|137|150|228|147|198|134|141|168|119|106|204|163|161|146|128|206|166|123|142|137|134|215|272|161|171|447|104|129|156|154|157|122|106|97|121|107|95|133|97|111|119|88|104|122|136|97|80|115|104|99|115|105|75|84|109|61|82|114|81|96|74|102|77|90|75|113|94|84|90|87|93|183|124|90|98|102|87|99|103|104|97|192|145|132|121|96|94|104|83|109|120|111|101|143|118|136|147|119|157|146|102|126|118|161|143|136|116|111|148|117|126|162|95|157|136|92|103|117|120|113|124|174|201|213|193|183|336|296|372|343|216|319|437|453|360|274|334|177|242|157|135|246|189|242|151|302|228|151|251|217|282|217|182|193|435|307|236|507|458|418|241|399|244|263|1193|1304|2282|1313|645|440|379|345|292|744|262|334|232|286|305|374|383|258|204|260|252|292|240|265|182|187|738|318|302|277|556|214|706|248|335|192|229|331|513|255|358|164|183|220|257|204|316|308|300|451|347|318|303|377|342|254|412|228|280|299|208|382|183|186|907|306|217|172|366|214|263|302|205|158|166|382|187|338|249|382|243|331|237|463|389|297|262|248|268|1145|742|923|1240|431|363|2143|5507|1451|527|377|677|597|414|276|277|420|265|366|692|332|309|275|441|269|218|162|152|202|137|211|255|244|291|132|238|143|242|207|304|234|180|257|161|168|178|304|178|137|237|209|231|173|495|194|405|252|168|182|181|185|162|297|156|136|341
371,Erik Haula,365,65|72|411|206|180|277|73|109|262|175|94|89|885|482|234|92|87|98|79|84|93|113|65|103|78|84|75|81|59|50|50|95|75|97|72|44|69|79|49|73|60|77|69|48|60|61|57|76|43|41|92|106|74|73|60|46|63|40|50|51|115|1146|1342|376|190|143|141|78|79|87|73|119|72|123|163|109|82|91|196|156|183|169|160|168|157|143|152|177|160|160|174|161|170|174|177|160|150|46|44|37|45|54|49|40|37|49|40|43|50|41|54|40|42|40|35|33|31|68|61|38|41|39|47|44|45|33|46|28|33|32|54|42|45|28|48|31|48|47|31|31|30|51|45|45|27|33|37|40|41|36|38|30|61|47|49|75|139|91|57|72|47|45|40|61|33|57|55|68|57|94|57|65|87|96|134|210|103|239|130|126|196|88|95|71|76|66|54|106|76|96|75|115|91|62|91|82|103|62|71|65|149|267|52|89|83|86|79|112|84|67|168|146|138|74|67|54|61|54|64|86|50|69|59|83|62|73|101|54|53|61|61|73|80|291|63|36|81|57|94|66|62|45|53|48|123|61|50|135|70|54|322|46|72|62|97|64|90|136|87|190|198|375|112|102|140|76|87|93|110|82|86|166|82|109|128|127|72|71|76|65|72|67|78|78|76|141|72|157|60|100|80|88|91|507|151|138|137|91|107|411|305|695|481|204|106|108|328|225|4948|2679|1550|534|275|178|171|209|140|153|226|176|237|204|373|134|146|92|77|92|60|77|77|72|97|91|127|67|102|108|70|121|74|89|76|90|76|122|143|87|77|82|90|64|165|60|109|147|71|80|118|75|74|83|47|72|75
372,Tyson Jost,365,176|66|130|109|97|87|71|64|54|80|73|62|94|67|87|36|84|73|115|95|100|76|67|87|61|81|68|48|63|61|68|96|81|101|53|79|65|125|71|109|80|113|75|50|44|49|61|50|55|47|61|36|52|48|31|29|54|33|41|31|49|92|61|45|49|40|60|42|42|61|56|81|71|79|158|236|208|93|81|50|85|85|79|60|51|46|62|43|33|31|30|40|37|33|46|29|33|30|35|46|42|50|48|48|55|35|29|27|25|41|31|29|34|37|28|33|28|51|23|22|30|29|30|47|30|26|38|35|41|60|46|43|24|26|32|39|40|36|33|22|29|32|37|20|27|23|21|32|44|48|32|26|37|30|26|31|39|35|42|29|33|42|48|32|44|124|687|419|185|182|114|93|96|79|96|147|71|76|98|76|87|87|106|79|69|57|45|186|66|99|49|42|68|37|48|58|52|32|41|34|92|128|34|54|64|43|64|71|48|52|59|64|62|51|63|57|48|44|48|142|52|57|28|41|58|44|95|36|44|61|61|52|59|109|23|57|59|41|71|72|593|72|59|68|72|37|47|84|54|53|180|31|68|66|149|54|82|70|56|97|60|96|76|59|132|67|55|48|58|57|66|139|77|65|108|65|78|54|59|61|44|68|58|49|58|49|55|63|49|82|57|66|56|166|82|50|44|38|44|37|58|46|46|55|63|49|64|43|59|53|97|71|78|52|57|86|119|239|84|61|77|72|102|154|154|64|42|122|59|367|102|80|227|61|39|48|75|86|78|53|52|69|49|66|41|88|49|53|55|86|110|69|162|72|108|81|99|87|78|62|50|85|125|76|111
373,Jonathan Marchessault,365,227|187|247|554|215|365|199|280|351|193|190|201|417|250|535|209|234|233|261|621|268|915|272|949|312|438|236|612|286|194|196|432|325|265|273|217|156|286|159|188|559|895|520|574|430|293|260|261|369|231|295|175|173|315|146|206|304|189|327|190|158|1073|331|284|210|222|176|237|196|182|185|190|153|245|319|307|215|190|221|207|282|241|232|227|196|177|201|187|193|209|266|277|217|214|221|202|182|87|75|78|64|67|100|77|65|71|65|73|75|65|77|95|94|75|72|56|87|76|79|76|87|65|63|74|57|59|69|60|59|64|81|58|59|74|116|97|84|62|112|110|100|78|121|79|82|79|70|66|53|68|78|61|76|75|102|83|85|85|119|126|94|117|80|127|82|90|106|118|123|132|124|116|152|181|249|180|130|216|240|232|230|262|315|150|203|117|205|191|126|159|128|196|166|96|191|156|163|117|95|115|151|178|121|168|158|136|134|178|116|132|183|137|204|124|115|158|121|140|113|173|155|143|181|139|118|172|178|100|112|159|115|118|146|104|106|80|195|103|154|112|246|233|124|121|167|107|130|128|134|117|148|93|298|405|258|304|517|419|221|187|156|225|318|174|355|130|138|125|190|251|274|149|146|217|182|413|204|151|141|101|213|261|181|135|118|528|199|164|113|189|181|148|142|229|280|156|107|180|130|100|148|128|174|156|124|111|171|116|223|196|423|305|249|168|198|185|160|179|286|178|207|175|338|182|183|180|207|162|110|140|87|215|338|116|130|101|147|144|122|123|117|170|115|140|196|471|240|193|986|125|277|132|219|117|187|133|83|119|105|172|154|231|150|186|162
374,Ryan O'Reilly,365,265|479|449|371|391|370|277|383|260|492|222|248|323|485|457|495|591|911|625|715|691|899|1076|562|439|375|322|402|300|330|301|1658|939|780|615|379|280|388|346|245|256|250|302|254|189|231|238|185|322|173|277|182|202|278|149|188|219|142|274|191|193|804|296|245|205|195|198|224|257|230|389|737|268|250|302|196|172|166|151|136|118|151|229|140|149|128|118|132|111|112|114|104|95|108|105|100|111|111|113|95|89|78|102|97|80|75|89|92|95|95|123|107|119|112|97|118|83|95|124|115|97|77|128|104|139|91|90|88|99|117|107|109|106|100|66|141|87|117|94|106|122|111|121|121|150|96|101|88|95|76|96|97|102|90|127|80|125|126|139|152|119|117|104|143|142|118|118|146|185|191|149|157|187|233|273|433|212|255|292|380|347|254|270|172|265|153|150|247|205|359|183|356|227|205|204|173|289|159|147|188|253|270|277|2506|943|418|350|367|321|252|382|335|406|256|217|294|231|199|185|405|212|217|995|454|323|405|374|224|210|231|208|235|245|196|220|205|603|193|379|315|430|329|584|365|415|394|290|522|384|306|605|259|283|645|629|256|416|337|605|358|490|425|480|255|410|254|431|228|276|246|306|326|235|391|1590|487|297|274|1045|283|402|442|268|186|319|428|290|406|238|341|286|568|352|592|553|499|274|219|190|165|245|286|224|403|210|231|279|223|510|321|743|550|424|418|701|584|445|679|618|530|636|582|735|664|562|450|259|342|255|315|254|235|233|184|362|206|265|206|248|152|150|213|211|164|225|298|114|167|141|187|263|175|333|217|251|256|175|349|273|309|271|388|217|220|327
375,Steven Stamkos,365,647|554|759|688|819|2120|832|908|1053|754|677|1214|751|1461|651|432|496|573|666|698|532|655|595|652|440|391|363|425|388|401|395|592|381|555|432|501|415|749|342|748|408|740|596|406|255|304|325|406|584|265|519|269|319|399|254|247|395|275|374|291|282|944|521|393|345|306|323|377|297|258|389|469|329|395|497|373|318|310|345|296|368|342|346|358|322|292|277|283|295|338|301|297|272|286|278|282|254|187|137|152|174|207|173|171|182|149|185|140|273|198|170|197|207|166|152|169|149|168|157|181|198|169|153|208|236|288|263|183|158|150|168|190|178|182|134|173|150|151|157|182|148|192|163|181|198|162|146|184|176|151|161|174|249|346|363|279|296|275|302|269|197|218|348|467|248|255|219|247|274|233|368|304|451|407|423|512|364|515|617|771|967|534|1054|563|605|294|280|391|328|582|420|588|642|491|668|695|1014|462|479|621|690|916|738|899|605|508|397|655|448|607|1396|1301|811|493|369|603|505|495|338|478|362|561|411|588|385|764|485|306|279|664|381|824|499|460|307|514|689|324|2039|549|502|369|420|358|393|730|464|1550|633|384|1072|317|319|328|570|386|762|1645|1739|1407|610|793|434|415|811|404|1812|619|671|1177|666|1248|576|454|704|598|513|389|618|420|1208|957|485|620|503|838|380|580|449|636|1199|930|726|841|692|519|414|397|327|404|523|526|423|609|444|460|744|548|797|614|1515|959|672|577|904|2277|1127|1130|1056|604|698|625|904|611|688|502|319|400|339|459|324|378|491|233|401|261|338|576|722|378|330|576|310|459|601|1030|465|374|319|300|463|325|666|345|602|442|339|554|622|731|489|622|384|427|1053
376,Fedor Svechkov,365,39|15|29|26|25|18|16|16|10|24|14|11|22|22|39|15|30|28|33|25|26|23|17|18|87|40|28|27|20|24|25|22|20|17|19|16|29|41|56|34|18|32|26|22|14|19|25|14|17|15|27|26|17|15|17|8|20|19|27|15|13|18|19|17|13|25|21|25|19|20|39|52|43|33|36|41|39|33|27|15|18|27|21|13|15|27|15|28|19|14|18|19|14|25|29|28|20|9|11|23|46|33|14|17|6|6|8|21|19|11|11|11|12|15|15|13|11|7|15|14|10|4|11|11|9|16|10|18|20|18|13|10|19|12|6|15|12|10|10|15|9|17|11|13|11|10|14|15|10|12|23|24|19|31|25|19|16|18|21|30|22|19|15|27|22|19|51|38|26|40|30|32|43|23|38|44|42|44|35|57|46|29|42|26|35|28|17|19|24|35|26|41|17|12|19|30|38|16|19|25|47|32|22|29|30|24|26|34|20|27|48|24|40|15|19|26|26|25|10|34|26|92|35|23|22|31|33|30|23|68|24|25|27|29|30|19|37|19|46|28|28|11|30|23|21|29|21|45|19|20|25|18|49|18|64|20|32|28|21|33|30|59|33|40|53|30|44|25|33|46|26|46|21|31|43|34|24|19|24|26|38|30|26|23|22|33|32|27|26|32|35|27|39|42|18|25|20|21|22|23|12|16|17|21|21|16|32|21|30|23|25|34|17|31|19|21|16|37|27|30|17|43|72|45|64|38|20|39|23|30|11|19|65|12|18|19|27|27|28|51|61|50|25|17|32|28|30|19|15|23|29|18|36|19|46|49|17|18|15|18|22|40|22|29|43
377,Ozzy Wiesblatt,365,91|97|62|52|44|56|53|34|74|109|171|118|96|65|94|56|53|63|55|43|64|96|103|74|127|60|137|129|81|424|181|130|70|73|68|89|171|80|112|230|249|61|45|84|266|469|49|39|43|37|38|35|27|25|38|29|33|44|23|31|27|45|39|31|40|24|48|43|37|53|48|95|69|78|53|58|62|33|38|46|61|42|49|31|39|30|24|37|25|34|37|24|24|35|21|37|35|24|30|44|32|20|28|24|28|16|25|17|24|17|22|19|33|25|24|18|27|25|16|32|18|24|18|24|19|28|27|15|25|20|42|23|21|35|25|33|26|28|32|36|39|27|19|36|29|37|27|46|50|273|6070|3759|1003|379|248|212|202|134|128|137|390|430|220|308|264|91|84|89|70|135|98|82|104|101|130|303|173|136|113|251|1894|514|561|229|230|88|129|216|88|241|177|439|155|75|127|120|112|515|159|107|316|172|85|123|164|85|77|251|88|90|134|95|113|80|64|81|44|62|101|81|65|115|70|197|60|175|329|83|80|3542|421|231|225|136|84|68|77|82|88|90|79|63|61|68|59|31|60|119|60|61|56|47|65|52|89|86|77|93|82|74|79|424|92|85|81|67|69|60|62|44|73|92|68|63|75|91|76|72|195|91|222|146|110|58|69|155|71|283|741|263|74|75|99|108|132|52|108|48|65|66|45|35|43|67|53|47|76|91|78|66|140|89|79|76|64|49|62|64|157|68|102|63|154|104|90|176|91|90|67|262|121|49|1499|706|479|156|157|196|116|134|80|120|188|283|192|108|64|83|68|62|74|85|83|63|99|221|155|74|67|70|70|68|117|78|115
378,Matthew Wood,365,51|32|15|49|45|32|33|27|24|20|29|33|29|23|19|26|26|33|105|89|45|44|34|29|33|21|33|25|41|27|28|37|25|23|26|15|18|39|31|38|26|29|32|21|22|35|24|14|24|31|21|14|21|33|28|33|31|21|14|18|16|29|24|17|22|14|25|31|38|35|63|103|51|42|52|41|54|43|24|25|28|32|30|43|31|16|12|26|20|25|39|50|27|27|28|27|16|28|26|29|29|22|41|18|26|24|23|19|27|17|28|31|29|13|17|25|22|24|21|16|19|15|15|22|30|21|18|18|19|14|33|22|13|16|13|24|17|22|23|14|14|23|15|27|31|19|20|16|17|19|25|39|29|22|26|19|29|136|40|127|54|44|38|21|23|34|38|50|29|45|30|39|60|44|55|67|61|59|41|45|51|52|34|58|40|41|28|32|87|410|69|117|65|42|53|51|246|167|95|71|217|387|79|108|92|71|76|1287|231|143|223|126|149|114|60|67|77|99|49|58|60|74|69|63|58|158|78|51|64|57|51|52|56|114|53|37|79|41|96|49|94|38|66|54|67|55|40|65|44|41|135|38|65|46|55|34|80|57|65|75|68|63|49|50|65|47|62|39|49|54|34|81|44|37|89|43|32|28|56|43|47|71|46|39|63|54|27|63|37|129|48|55|41|66|44|26|41|25|47|38|42|27|34|49|44|24|50|40|37|44|85|88|39|40|46|124|46|84|97|46|63|41|442|82|135|51|42|73|51|740|81|71|69|41|171|49|72|79|68|34|54|140|70|68|55|90|48|36|25|48|34|34|86|38|65|55|37|27|123|95|43|70|33|41|54
379,Justin Barron,365,70|238|185|73|91|64|73|83|123|139|128|79|64|95|90|209|144|341|72|67|81|68|80|60|54|54|79|47|85|31|247|147|68|38|52|31|61|68|65|72|40|55|39|51|44|35|42|47|62|43|68|132|152|43|34|42|59|43|34|39|59|47|35|30|39|33|29|40|43|42|50|77|42|58|63|101|59|36|47|49|47|38|49|34|41|36|23|105|73|36|38|33|31|34|45|30|31|29|32|38|33|24|25|26|44|24|19|32|19|33|29|37|35|33|38|31|27|30|42|32|30|29|26|35|25|35|36|56|39|35|36|44|43|41|37|46|44|54|41|35|53|37|45|40|37|33|42|35|23|42|37|46|40|41|44|34|35|42|38|40|46|41|41|37|40|33|49|47|39|51|50|45|67|109|97|121|88|64|95|74|80|129|167|189|226|43|62|76|69|78|51|70|40|45|70|42|62|58|52|49|59|48|57|50|52|57|54|51|49|43|77|61|77|45|45|49|36|44|37|58|55|63|36|44|47|77|92|46|37|180|97|82|83|77|54|38|46|29|75|50|65|36|49|46|56|60|85|52|49|44|54|47|64|53|58|42|81|60|41|90|61|119|60|47|73|38|60|60|39|51|94|84|46|42|92|71|41|43|115|66|59|56|63|42|56|49|42|83|45|72|48|59|50|108|40|35|37|29|43|42|47|33|24|42|38|34|77|65|65|79|77|42|39|43|47|54|102|152|95|58|57|67|74|58|79|45|50|90|64|67|49|56|61|53|293|38|43|53|67|38|50|57|39|75|104|127|46|44|37|44|60|39|57|56|57|37|27|52|29|35|37|44|40|34|52
380,Nicolas Hague,365,48|34|47|170|61|205|82|97|104|41|37|27|103|59|84|50|39|60|48|200|33|175|50|195|53|1312|159|191|96|47|42|84|47|66|45|39|45|49|50|39|38|69|57|103|157|163|154|269|269|164|98|579|483|489|342|188|128|76|73|67|61|86|56|42|32|36|63|75|73|104|118|2037|1251|3122|584|207|143|103|126|138|94|80|67|47|64|42|55|28|48|29|46|46|25|22|34|56|39|30|24|27|29|18|36|38|53|33|24|33|33|20|27|32|44|23|15|15|26|25|37|25|25|17|23|21|23|32|19|28|16|21|21|23|31|28|20|17|16|23|31|27|32|22|31|34|19|36|26|28|27|19|26|37|27|47|26|33|34|51|35|63|57|43|33|27|20|24|59|42|43|52|32|43|39|43|116|47|35|60|37|41|68|43|57|41|73|38|66|40|40|37|45|103|61|31|49|40|43|33|30|24|46|67|28|98|94|54|40|52|36|30|62|33|58|25|27|36|28|31|15|54|38|47|30|34|17|70|73|28|23|64|28|44|37|41|27|26|85|28|62|45|41|27|91|39|46|40|23|89|84|68|77|40|64|55|59|39|81|248|77|65|42|166|74|43|70|50|60|45|72|42|41|46|48|63|67|199|83|35|59|29|66|76|46|21|40|30|39|31|27|30|37|32|34|50|43|25|20|26|25|23|29|26|30|24|27|20|24|30|32|34|40|41|35|24|39|25|23|64|65|39|53|29|110|44|46|58|40|78|39|41|33|34|302|43|42|20|96|94|72|44|20|56|31|29|35|151|19|30|46|27|33|24|64|41|53|41|42|29|21|25|30|33|20|27|38
381,Roman Josi,365,176|139|140|115|137|132|106|135|119|130|144|126|153|101|139|119|112|147|133|144|133|202|146|139|181|125|133|155|167|155|171|197|178|120|174|156|238|457|207|157|128|153|159|103|209|155|133|89|160|128|139|105|116|176|134|113|138|94|128|201|328|386|490|249|154|121|137|129|108|117|163|203|98|115|136|126|114|85|72|86|88|98|100|103|75|78|72|66|60|86|72|61|59|54|71|72|57|68|82|63|70|54|62|52|67|63|72|59|101|64|72|68|102|92|67|70|69|67|76|66|100|77|44|67|64|84|92|53|78|83|75|81|96|59|96|89|83|77|61|96|71|90|68|111|79|57|62|74|76|82|100|88|89|96|156|100|108|110|125|114|90|112|89|109|112|116|109|115|164|141|140|193|172|148|143|193|133|166|225|253|377|179|254|137|161|109|98|161|136|186|136|188|134|101|155|108|139|115|116|118|142|163|130|151|151|169|120|167|146|141|206|168|211|136|124|136|133|146|159|205|158|171|172|206|124|164|218|120|115|146|141|122|117|154|97|111|194|117|170|179|247|148|221|161|181|96|124|222|197|240|450|136|152|189|239|158|211|209|201|365|238|241|191|207|309|219|214|173|239|317|158|633|172|181|258|216|195|303|311|411|1419|1113|610|272|223|412|166|226|144|377|287|489|314|482|389|305|273|283|309|479|1197|3120|1162|1175|518|1028|1338|443|458|323|575|506|306|236|265|337|180|324|481|209|174|164|244|189|182|153|126|138|132|166|132|119|202|140|124|115|148|157|158|152|132|166|114|162|145|247|115|123|91|102|137|91|192|117|221|136|123|116|144|154|123|178|145|150|211
382,Nick Perbix,365,42|23|25|21|27|69|45|61|64|22|90|145|26|136|34|25|21|18|26|18|23|32|22|12|9|31|21|17|16|27|15|18|28|19|21|13|27|43|25|79|34|49|36|45|24|34|28|20|31|27|43|44|43|41|56|35|22|16|13|40|29|44|47|49|30|187|149|87|49|47|40|47|77|232|790|264|90|61|41|26|44|55|64|28|31|35|25|23|21|22|15|32|18|14|24|12|27|17|12|13|30|25|21|18|20|23|26|11|22|22|18|38|20|23|16|18|21|21|10|9|12|17|14|22|16|23|11|20|36|16|25|23|28|16|11|22|14|15|16|15|14|16|21|17|14|16|17|25|13|14|18|25|13|15|16|15|39|27|22|66|14|22|28|17|24|21|20|24|25|42|26|36|52|37|49|101|33|73|44|36|120|33|192|51|24|34|32|42|23|62|37|37|31|46|129|44|46|22|31|24|45|179|15|45|37|23|17|38|24|27|44|47|38|20|22|20|27|16|24|44|18|35|21|30|15|40|40|23|16|29|26|19|27|21|19|11|42|18|46|30|32|16|23|28|30|53|20|51|32|90|161|28|37|21|26|26|37|64|41|62|34|40|25|37|49|23|32|27|32|28|30|40|29|24|36|49|46|18|20|25|43|48|37|51|35|46|15|51|26|38|39|35|50|185|49|33|33|28|42|33|69|26|56|49|39|51|50|56|61|76|107|96|65|58|34|53|41|44|69|37|54|29|240|39|39|30|24|37|22|31|23|29|33|26|39|17|34|33|42|24|31|65|28|25|24|127|106|28|28|16|39|18|39|20|42|35|19|25|92|33|17|36|12|19|15
383,Brady Skjei,365,76|70|113|61|63|78|109|64|96|103|69|58|117|75|81|78|99|238|128|164|109|213|158|171|175|112|147|85|206|252|178|116|221|225|242|205|961|1621|811|290|187|610|226|136|121|101|93|78|82|63|66|68|51|59|48|55|63|95|110|114|57|59|72|52|57|53|51|41|48|55|60|62|69|94|199|200|105|63|75|49|66|83|77|60|41|53|43|58|37|37|40|29|34|36|38|49|40|49|34|35|21|37|24|19|55|56|51|41|36|38|36|41|41|28|33|50|22|33|43|35|35|38|35|92|57|57|53|40|47|30|123|81|45|45|81|61|66|39|38|51|44|37|41|39|28|79|60|53|33|39|53|100|69|59|51|64|86|45|54|58|68|78|48|60|46|48|47|58|81|82|76|65|100|230|141|237|161|124|133|116|183|162|344|151|194|90|105|117|96|149|100|159|131|92|135|80|90|91|130|110|276|359|173|249|244|104|100|271|193|130|210|140|206|139|85|83|88|80|74|138|100|122|93|123|63|125|102|74|73|80|98|109|91|161|99|85|308|106|109|122|134|88|111|114|138|95|96|146|187|99|218|80|70|81|141|90|129|129|107|151|163|150|108|88|150|105|105|98|103|131|80|103|70|107|212|95|101|74|108|58|119|90|98|72|95|205|106|131|120|124|114|112|140|193|165|73|79|67|376|575|313|153|129|154|127|116|429|272|146|113|391|336|216|116|129|114|102|425|208|103|137|97|146|95|109|62|72|142|82|66|53|61|82|55|102|56|102|83|103|71|81|151|98|67|109|165|58|55|48|61|107|56|181|62|117|120|54|80|116|58|65|102|71|79|69
384,Adam Wilsby,365,27|4|9|7|8|9|14|8|8|10|6|6|10|11|7|11|8|11|5|3|5|12|8|5|10|11|4|5|9|11|6|14|7|7|5|14|19|21|25|24|5|8|7|11|5|4|14|2|5|6|8|8|12|6|6|5|7|6|13|6|7|8|12|7|4|9|7|7|7|6|9|15|4|17|10|13|12|6|6|10|6|7|9|5|4|8|2|3|10|8|6|3|6|5|13|7|4|7|4|6|9|6|6|5|2|4|4|7|7|3|9|12|10|10|8|7|3|7|6|2|3|5|5|8|8|2|2|7|3|7|8|9|2|10|3|12|8|4|4|5|7|13|12|11|8|6|4|13|9|6|3|7|3|8|16|7|9|13|7|12|5|12|6|13|5|4|18|19|16|12|20|19|33|16|27|45|17|21|30|15|30|20|22|20|15|15|10|42|13|12|8|17|15|13|15|10|13|12|13|13|16|7|12|18|13|14|20|52|45|57|185|82|98|35|18|17|8|10|7|12|14|14|11|12|10|12|6|16|6|16|18|9|12|13|17|5|32|20|26|16|16|14|13|13|16|7|13|90|25|12|14|10|35|8|11|15|10|13|7|19|17|14|19|14|23|21|13|17|25|19|22|28|15|18|21|9|12|13|7|15|12|12|15|12|15|23|14|29|11|24|11|13|20|40|28|8|14|14|22|16|18|9|10|13|8|16|10|16|16|12|31|15|13|15|10|25|14|16|33|11|12|11|15|16|16|6|7|10|10|15|13|12|14|6|9|6|13|8|14|8|13|21|12|29|12|21|9|11|14|21|12|3|24|7|24|22|10|7|5|11|15|18|6|8|6
385,Nick Bjugstad,365,67|57|55|65|58|64|72|69|71|67|55|62|79|53|68|68|59|67|70|212|143|122|101|63|99|65|60|54|51|82|70|74|72|71|79|87|91|77|91|83|67|103|71|53|50|48|54|41|77|56|113|60|58|82|53|43|66|44|64|41|36|145|103|114|94|56|54|61|71|239|169|110|76|130|2287|793|311|169|98|89|91|74|80|83|94|55|33|37|52|45|70|50|53|53|55|49|39|55|48|66|61|63|60|47|40|57|36|42|46|66|54|58|53|41|48|34|31|46|31|52|45|46|42|45|59|52|23|27|36|34|84|42|58|42|38|37|33|43|47|52|48|44|43|47|53|46|41|33|41|39|36|31|57|93|87|95|70|43|59|45|38|244|172|61|66|50|127|78|87|63|90|73|112|84|172|484|143|97|64|260|83|133|45|72|88|70|51|261|74|152|65|138|200|259|84|47|88|56|111|48|126|45|71|216|60|78|50|40|88|56|56|48|69|44|50|65|49|82|112|58|46|53|33|57|42|44|103|47|74|72|49|79|62|78|76|48|109|58|57|69|60|50|63|90|73|82|43|45|50|55|53|44|47|35|73|41|59|51|45|61|72|66|51|75|64|58|60|73|45|56|48|342|65|61|305|81|234|69|89|55|58|89|140|68|50|71|53|216|66|74|52|77|2420|1609|597|137|90|90|73|65|79|78|55|68|71|69|78|55|85|79|146|134|111|106|250|175|198|170|126|106|270|196|146|308|189|150|71|73|68|83|63|67|44|169|82|97|57|52|43|50|61|81|32|51|40|47|76|51|81|62|195|63|108|71|84|93|75|99|53|81|45|58|102|57|81
386,Jesper Bratt,365,97|90|238|139|295|189|74|88|150|137|76|78|193|91|60|58|53|82|69|62|61|92|90|67|50|82|56|83|42|52|43|60|63|53|60|63|63|61|51|49|54|63|51|44|35|79|64|53|54|88|144|33|39|62|62|65|44|47|51|49|62|61|36|47|44|45|33|38|30|31|48|137|57|54|98|67|58|59|51|39|70|37|37|38|27|31|36|43|37|30|45|28|34|21|26|34|23|30|29|24|38|28|22|68|57|39|28|30|39|32|33|68|46|33|30|40|41|40|30|37|31|75|36|33|37|32|48|55|34|45|71|49|37|41|41|38|37|44|44|24|31|31|38|50|34|23|32|31|29|37|22|33|41|37|44|23|36|50|47|60|51|44|36|59|66|52|68|61|95|76|84|88|90|92|85|103|77|162|104|94|56|82|137|179|129|110|78|237|194|102|80|91|76|73|66|57|55|48|49|55|56|45|83|292|134|86|74|97|72|105|61|64|160|85|73|80|56|60|60|65|75|82|72|88|67|84|94|82|91|78|66|62|70|80|60|48|87|63|67|94|91|59|44|52|179|126|80|60|58|70|102|142|80|71|111|71|83|78|63|104|117|160|111|126|92|89|98|79|71|68|138|66|94|59|83|103|59|71|69|57|50|64|60|46|55|166|65|112|64|75|77|60|71|74|116|78|91|79|101|444|255|339|273|191|159|307|1098|358|166|140|327|417|175|125|171|146|77|68|64|55|70|172|78|139|98|80|49|59|41|34|41|59|62|186|51|131|44|71|35|34|33|106|37|42|40|64|54|94|97|56|107|71|131|108|114|104|78|69|70|86|88|64|84|50|321
387,Connor Brown,365,93|95|94|129|219|130|194|96|603|156|301|87|221|117|1247|253|186|196|168|3433|660|1247|287|358|179|915|198|579|226|233|222|379|236|240|558|202|1469|665|553|330|549|558|944|417|550|933|493|442|949|300|1188|271|176|511|135|163|870|177|551|193|105|470|159|134|126|130|106|87|93|101|284|169|123|194|3034|1099|401|269|190|164|172|203|139|149|91|101|71|71|91|78|74|57|60|57|64|52|58|74|47|48|48|70|51|43|56|53|65|57|43|77|76|79|78|61|53|52|70|40|48|51|59|53|50|35|54|47|46|33|49|48|60|60|58|62|55|47|64|60|94|83|65|66|49|55|84|71|49|68|69|61|62|64|70|91|108|74|73|86|123|256|107|102|105|94|121|95|118|74|79|93|69|80|136|85|399|145|199|800|256|176|117|105|131|739|461|177|170|250|172|139|233|443|266|110|93|81|120|84|86|90|103|78|79|78|74|137|85|92|82|130|86|75|130|77|112|86|87|134|97|136|83|202|83|81|93|78|76|67|115|91|73|77|99|112|55|46|221|69|71|129|142|77|59|118|267|84|173|76|95|87|97|67|76|61|111|76|87|223|119|101|75|98|64|67|103|78|96|58|90|58|93|92|64|89|94|81|84|102|440|92|71|141|105|54|77|106|65|89|65|149|76|70|123|77|63|43|45|42|63|59|82|85|62|62|63|60|83|65|79|82|178|128|89|94|128|112|75|84|104|117|114|558|109|164|128|147|69|75|75|65|83|89|91|280|76|176|96|99|71|58|55|105|65|56|44|81|130|79|101|158|188|121|137|241|164|109|76|78|102|130|219|69|95|88|73
388,Paul Cotter,365,51|73|231|87|132|92|57|48|90|114|42|32|151|48|45|37|42|65|41|59|49|49|42|56|31|38|28|48|26|21|30|33|26|29|32|33|38|46|37|28|30|32|29|30|18|58|29|25|23|25|28|28|25|39|34|27|18|22|22|20|28|35|29|36|17|29|32|30|19|28|19|27|31|38|35|29|30|37|25|25|43|38|18|26|22|16|17|20|32|18|32|23|51|17|29|20|20|18|23|22|17|22|20|21|30|25|32|26|17|12|48|31|29|22|44|25|29|24|27|27|23|16|23|25|28|35|20|16|27|23|32|24|23|30|20|14|24|20|23|17|28|26|28|24|19|33|16|22|21|19|19|20|22|35|21|14|53|35|24|28|26|21|30|22|29|28|23|55|57|47|37|28|55|49|66|71|39|40|50|33|40|44|50|26|51|172|100|164|196|51|86|72|32|42|39|22|58|31|40|38|24|55|39|42|79|56|40|58|27|53|33|37|91|55|42|43|31|29|25|56|35|89|34|36|57|70|72|32|85|40|41|48|131|73|30|27|83|33|37|104|99|29|26|40|146|30|42|24|52|73|40|33|23|47|56|29|41|39|31|28|29|34|25|51|50|27|33|35|39|25|51|40|52|34|30|53|31|37|31|23|22|59|32|21|35|38|33|39|28|27|32|26|44|32|35|30|26|22|24|35|34|40|25|29|32|19|24|27|40|31|91|76|64|49|59|82|48|38|31|30|52|142|65|43|52|61|29|27|23|49|26|35|38|502|68|42|27|36|28|17|12|30|19|27|20|20|15|19|40|42|27|35|67|44|41|30|15|59|52|38|43|35|39|40|29
389,Evgenii Dadonov,365,75|87|179|85|480|105|155|70|96|108|87|249|83|75|126|85|431|158|165|101|290|129|134|167|131|110|316|145|172|84|707|162|122|134|339|146|214|186|122|93|145|92|172|116|110|64|79|71|61|118|99|51|57|65|67|48|50|41|43|61|44|72|88|71|50|51|50|65|58|70|86|91|81|100|1190|990|315|190|221|223|237|216|198|201|184|181|175|170|139|241|164|154|161|147|178|174|154|71|67|29|39|51|48|47|23|142|45|50|38|41|45|40|50|63|48|48|22|21|43|51|43|38|35|49|38|34|31|38|32|50|40|47|42|38|32|38|37|49|50|91|55|61|54|47|59|51|47|38|90|64|44|60|65|66|79|83|78|68|83|216|81|76|59|86|68|87|78|85|106|75|68|117|139|136|220|217|132|169|150|91|130|122|144|80|86|80|82|117|109|86|69|91|87|93|71|52|79|51|51|87|87|100|67|96|75|68|80|73|58|70|100|54|103|81|122|132|64|115|61|73|53|110|107|65|55|77|78|71|64|82|96|83|85|78|71|45|75|67|73|94|63|51|63|59|81|71|70|66|60|68|74|57|72|60|80|70|67|64|62|82|98|81|110|136|106|116|215|160|234|177|220|185|141|88|84|106|95|93|134|69|83|105|105|91|77|114|92|98|56|134|60|101|101|111|107|61|62|64|71|55|66|52|50|50|50|54|66|44|55|71|114|118|66|78|70|99|62|67|104|83|77|293|292|118|129|122|72|117|1988|526|150|113|78|83|73|67|50|54|52|76|49|82|65|39|74|117|73|53|68|55|61|56|69|46|84|60|39|44|42|64|68|65|66|91|63
390,Cody Glass,365,122|103|492|380|283|173|142|105|190|251|113|101|298|128|154|104|128|118|128|151|127|146|83|115|83|96|86|94|82|61|74|71|73|62|67|66|60|75|61|82|76|128|117|88|65|51|62|64|82|43|58|45|48|67|62|50|47|45|47|60|42|86|75|64|196|202|175|215|232|124|175|183|141|251|200|399|315|97|110|101|107|63|68|71|64|58|225|183|64|60|83|59|88|81|53|53|46|45|31|40|41|67|37|41|45|47|46|48|50|42|42|43|52|33|42|42|61|58|49|63|51|49|81|44|60|35|41|76|80|52|44|39|45|43|60|61|59|27|45|37|35|38|43|48|58|59|45|45|47|74|62|44|41|56|66|48|131|46|45|50|53|55|51|57|56|46|67|71|79|36|114|89|89|119|84|386|79|91|93|90|76|94|125|185|111|88|100|364|135|104|77|76|72|82|71|54|105|72|62|57|65|61|79|559|254|128|147|179|89|168|80|90|106|103|82|96|80|71|63|83|81|287|87|136|111|143|144|111|121|90|120|73|177|133|72|56|243|62|92|226|194|88|69|84|238|62|68|54|88|79|81|52|58|70|166|72|83|141|143|112|83|94|128|112|109|104|154|83|863|289|134|92|298|98|77|96|141|143|487|125|91|717|233|89|129|231|106|114|78|156|110|108|76|75|98|51|52|43|49|70|64|88|54|80|67|77|75|81|83|89|168|100|119|96|120|96|74|81|77|107|276|188|93|137|113|92|49|116|83|79|95|94|79|85|66|127|93|80|79|55|54|84|53|81|37|79|103|73|86|94|104|65|210|485|129|121|85|140|127|127|145|103|114|102|87
391,Arseny Gritsyuk,365,15|15|19|16|13|22|17|17|10|21|27|24|66|26|29|18|12|25|592|172|93|53|24|24|35|29|29|23|18|13|9|16|11|30|18|19|21|25|24|33|12|9|14|28|42|23|23|21|29|21|7|13|17|25|18|17|10|8|12|8|15|17|9|16|14|10|13|29|14|11|15|17|11|13|53|122|56|39|32|32|26|18|27|35|26|8|10|23|24|18|23|15|7|12|24|46|16|10|31|12|13|19|21|13|23|25|12|12|19|17|17|21|11|20|7|34|10|10|18|31|24|17|18|15|28|20|25|15|15|48|46|59|75|51|40|29|37|93|70|29|36|24|26|22|29|28|26|24|25|24|29|17|36|43|41|33|252|177|107|81|33|61|330|178|125|104|64|116|164|70|76|82|93|95|153|188|289|764|639|584|212|255|172|150|228|169|126|239|2288|357|242|612|304|140|134|63|127|64|69|76|61|52|111|102|393|200|86|110|54|190|107|78|526|88|79|100|81|82|45|102|59|88|50|64|161|209|98|63|120|60|70|47|71|52|43|61|232|76|92|72|56|55|47|27|54|47|43|63|116|59|66|51|46|54|76|62|83|134|133|73|62|47|67|63|72|49|55|45|65|31|63|74|113|35|38|52|31|52|252|97|48|109|93|46|40|93|49|272|250|82|87|69|95|63|61|68|67|65|54|82|77|58|51|74|35|55|48|44|75|75|151|90|41|61|86|53|56|58|51|31|394|330|91|327|258|77|51|34|42|29|35|130|65|109|148|176|42|62|31|29|23|41|29|24|29|30|33|19|47|99|60|41|42|62|66|40|53|27|42|27|38|26|45|79|30
392,Nico Hischier,365,298|262|845|408|448|350|312|255|603|578|291|265|851|301|364|276|343|437|425|318|352|432|504|319|501|343|313|372|393|307|381|357|349|305|485|296|660|1489|619|334|236|273|303|247|182|225|201|171|291|202|224|141|187|214|179|149|204|148|168|219|152|288|200|161|151|149|205|201|151|167|303|413|215|179|224|182|163|142|137|108|116|149|146|134|121|105|120|121|102|109|104|94|99|80|107|98|91|105|90|68|100|95|79|79|113|91|89|79|95|167|141|140|122|102|107|126|109|114|93|125|110|75|100|121|112|112|139|210|195|127|109|124|131|117|110|116|92|105|101|137|150|108|118|103|119|89|115|90|228|244|194|146|170|155|135|113|142|154|147|186|167|142|133|174|249|210|198|197|233|153|179|198|361|278|263|276|174|256|204|274|186|229|325|378|315|305|242|360|325|260|286|321|274|260|304|193|233|187|282|270|196|167|223|321|339|296|220|279|229|424|227|229|292|214|190|295|200|293|253|301|248|569|285|398|340|356|365|289|351|364|387|276|323|301|279|297|375|340|274|382|381|256|269|284|329|248|278|218|327|212|254|176|199|297|380|268|321|1307|500|446|489|470|593|455|564|388|364|307|360|269|401|303|678|343|335|278|265|329|310|240|232|359|284|315|332|423|336|444|307|330|257|278|350|392|491|412|357|296|350|464|897|1815|882|1015|641|1142|1342|577|688|547|1559|1252|872|649|801|528|374|379|305|331|373|421|299|414|357|308|216|238|198|200|183|375|223|338|255|317|233|228|180|510|212|266|202|224|218|287|283|183|183|213|220|185|351|276|330|424|342|276|269|306|553|324|330|268|275
393,Jack Hughes,365,604|588|1959|1589|1690|1175|715|603|938|873|616|655|1219|566|717|525|608|684|720|617|590|555|463|483|515|453|733|592|425|381|550|601|425|493|416|364|384|512|460|441|420|468|461|350|333|375|382|371|514|351|567|453|486|558|419|444|550|386|459|426|510|677|434|457|438|351|454|510|498|482|586|1024|691|910|739|499|551|466|360|401|378|425|387|370|336|225|284|284|305|338|310|247|351|278|333|360|323|283|255|245|225|193|230|277|220|228|208|260|254|244|281|321|313|230|274|255|274|218|236|334|324|298|302|447|500|362|348|268|277|294|282|309|440|501|605|769|376|325|388|362|374|361|362|314|514|594|676|521|383|392|398|463|462|512|499|373|460|422|468|445|430|437|450|417|495|473|2914|1716|806|686|584|604|682|691|763|982|802|837|757|889|798|805|1093|1466|999|651|892|3419|1480|950|1078|1343|1189|853|1092|772|796|514|749|722|554|508|673|1194|989|883|706|1013|684|1911|1249|3069|1879|999|977|997|808|761|6144|3503|2300|2738|2423|1374|1011|1039|1121|863|882|842|869|816|1056|1303|1114|1258|1209|1040|1119|11493|4941|6316|3153|2800|1997|1629|1327|1474|5479|10125|4306|1985|1514|1482|2268|1614|1667|3270|1500|3210|3667|1973|2411|1836|2091|1342|1541|1087|1638|1250|3774|1780|1548|1258|1412|1409|1144|1522|1562|1059|1478|1181|1341|876|888|1108|797|1363|1053|1385|1168|1570|1601|2788|2139|3448|2801|2488|2254|2908|10732|6690|13112|11442|6326|4516|24807|23013|44951|18318|838545|490413|213288|83925|78487|40341|26415|29727|16262|14396|13377|17935|9360|11601|10266|7068|5180|4683|4167|4340|4367|4306|4348|6501|5533|6022|3617|3298|3582|3037|2897|3328|3403|3659|2875|3408|3511|2635|2264|1792|3713|3834|4137|2813|2201|2406|1871|3844|2243|1964|2012|2203|2208|1967|2062
394,Zack MacEwen,365,25|36|44|47|38|42|36|47|94|133|68|28|28|30|29|12|18|33|25|21|37|16|21|26|18|23|31|37|16|21|21|27|18|20|19|25|28|42|34|46|20|28|26|30|19|23|26|29|17|28|27|12|16|44|23|42|54|16|21|20|19|33|41|21|16|28|38|13|15|18|26|22|21|35|33|33|34|44|33|28|41|56|36|28|22|27|28|36|28|18|24|20|21|23|33|17|19|23|19|35|24|24|17|17|15|15|18|12|20|18|20|19|25|16|14|28|33|11|20|21|15|17|14|28|16|17|16|18|15|27|27|25|31|24|24|14|29|16|42|18|24|26|19|38|23|16|14|25|21|31|24|23|24|18|26|25|197|139|43|35|18|19|20|30|25|44|427|93|1072|1206|303|150|86|145|100|75|129|298|137|105|82|64|51|68|39|59|53|52|58|53|43|45|39|38|33|34|41|43|57|42|43|62|42|43|45|42|215|187|52|101|77|43|44|35|38|24|37|30|35|42|40|27|31|27|34|38|46|31|36|47|44|30|36|39|28|29|31|22|40|42|33|35|50|19|24|26|36|32|49|41|29|33|38|34|34|30|43|32|23|36|34|45|39|41|43|35|42|74|62|28|20|34|50|30|43|31|36|30|26|20|29|33|33|36|24|35|25|23|34|43|44|25|39|36|22|27|16|25|27|34|35|24|21|31|35|27|36|24|30|35|35|53|52|37|38|33|25|20|31|29|30|40|54|43|59|44|32|45|36|27|27|32|20|29|25|32|23|31|31|25|25|32|13|25|17|33|36|15|23|53|25|21|45|27|26|29|35|24|22|29|41|39|49|33|25
395,Timo Meier,365,125|147|421|195|239|379|165|115|303|650|347|193|383|100|119|124|147|147|121|156|190|258|202|181|212|122|117|229|204|113|188|221|179|136|236|173|427|835|227|171|94|88|107|165|79|93|82|74|97|93|110|73|65|85|66|47|69|80|63|92|69|86|85|61|51|51|77|101|71|103|94|117|98|74|135|144|132|114|176|169|184|166|162|172|155|149|169|163|162|160|157|153|136|128|148|147|148|66|43|46|39|32|27|47|52|37|46|40|58|70|48|66|60|55|39|44|53|52|32|41|42|38|73|55|53|58|54|44|41|62|54|68|68|33|51|37|29|36|40|43|35|60|50|47|41|42|40|33|34|39|57|38|51|52|60|58|61|52|75|55|51|58|56|62|50|64|59|66|66|56|70|91|124|176|135|147|121|137|113|136|98|76|215|134|99|94|91|112|139|174|196|129|109|94|83|79|223|63|110|105|72|73|120|271|166|119|94|266|111|206|121|85|128|79|85|101|108|96|80|124|156|294|99|222|93|103|177|109|201|109|124|86|120|201|80|85|104|482|317|189|158|105|100|114|151|133|149|137|150|95|116|72|80|106|228|105|134|209|121|209|203|150|130|128|193|137|179|106|138|131|131|123|180|103|77|150|119|232|111|70|72|151|99|69|100|160|144|123|101|172|111|124|146|159|163|173|131|140|143|196|926|1355|504|911|308|619|981|360|266|260|448|318|220|164|340|194|182|219|137|107|127|274|112|138|124|147|52|91|85|67|79|125|97|121|70|123|83|75|63|51|55|105|73|68|80|113|92|77|60|75|94|94|321|191|126|116|108|94|70|93|81|105|100|75|99
396,Dawson Mercer,365,68|57|225|83|117|69|62|153|353|194|87|76|371|85|87|65|60|94|87|122|72|77|58|63|49|38|56|42|55|43|59|55|54|32|43|72|64|55|56|52|36|53|38|52|45|38|77|61|56|41|62|53|41|48|57|29|43|71|43|36|38|39|39|41|36|50|52|67|49|69|96|107|55|60|58|74|60|53|43|47|42|37|68|46|51|31|43|59|53|60|82|51|41|69|79|79|40|47|33|41|35|33|36|26|34|29|36|11|14|26|30|25|28|37|23|30|28|24|25|31|25|30|16|20|33|35|25|35|29|21|28|29|27|29|37|39|37|29|23|24|25|29|50|37|26|20|27|22|26|28|28|36|25|38|33|26|37|33|37|34|31|23|27|29|40|41|40|42|58|42|50|48|51|66|76|66|47|54|59|167|59|84|100|158|113|128|118|158|253|132|118|83|114|66|66|44|130|54|229|170|65|66|117|250|117|102|71|113|95|291|89|76|103|59|53|67|44|86|42|60|62|135|70|64|65|55|226|122|92|74|104|59|88|142|85|84|204|117|70|133|126|82|179|102|92|69|71|81|88|62|72|37|50|85|76|75|68|168|62|94|83|64|133|76|62|82|68|50|67|49|103|73|77|52|46|51|49|104|120|38|37|60|92|49|34|64|42|70|60|71|42|50|55|42|56|38|39|41|45|46|46|42|27|40|35|41|52|40|51|46|85|77|388|211|195|112|70|63|58|55|118|281|62|193|86|63|37|57|55|38|31|49|57|77|32|52|41|50|25|36|22|59|42|28|62|70|61|78|428|101|155|103|474|189|64|61|49|43|41|57|165|55|59|71|47
397,Stefan Noesen,365,51|54|177|67|113|98|74|51|192|143|70|140|305|106|60|50|56|49|46|43|42|47|85|40|71|50|74|52|73|55|54|69|54|65|69|52|49|46|75|66|54|79|56|36|34|29|41|43|95|32|55|42|35|44|39|40|55|42|58|62|80|75|41|34|32|23|27|29|32|29|36|46|31|47|41|47|41|42|29|29|41|27|35|56|44|15|24|33|25|24|32|31|27|24|37|27|25|24|29|22|21|21|25|25|19|19|24|22|15|30|27|17|25|49|20|27|33|35|19|34|25|21|20|32|37|13|22|20|21|22|28|33|26|24|27|30|27|29|29|23|35|50|34|34|35|17|28|15|15|31|44|26|29|33|42|26|29|23|34|56|28|23|25|24|30|25|28|46|33|28|33|31|52|38|58|82|57|65|65|50|37|43|40|36|47|53|54|123|87|61|54|59|45|40|53|22|60|46|50|76|77|26|37|53|73|42|56|51|45|82|32|51|49|55|40|48|43|45|25|58|43|187|44|57|141|241|76|50|125|60|127|49|50|53|43|34|66|25|22|172|81|25|68|55|75|22|112|40|51|57|61|44|29|40|57|50|38|99|35|34|43|61|82|53|51|37|46|76|80|38|56|50|43|41|40|61|41|33|34|46|27|44|31|34|38|47|48|35|33|36|28|37|41|26|33|24|26|36|37|30|52|34|32|38|45|23|53|20|55|28|51|53|67|43|67|29|36|34|30|32|61|50|46|50|48|63|33|34|30|36|37|26|38|24|33|35|27|25|36|31|26|34|32|31|18|30|25|34|21|40|30|31|27|24|61|39|23|20|12|20|32|33|43|26|23
398,Maxim Tsyplakov,365,46|67|19|37|40|22|27|27|22|28|17|33|22|27|31|27|22|21|43|37|23|28|41|21|29|34|26|33|26|19|28|23|16|16|16|19|25|27|28|15|20|22|17|21|19|15|15|23|17|24|19|17|27|29|25|17|21|12|24|27|23|15|19|15|17|9|21|20|18|25|38|39|41|48|78|148|214|73|71|99|51|43|33|24|15|13|32|34|25|15|20|25|76|45|23|33|21|24|189|141|42|33|20|26|17|21|18|17|7|12|20|18|21|18|17|8|17|12|15|18|15|20|24|12|15|22|21|27|18|17|16|19|23|32|19|14|18|14|15|23|10|26|21|18|21|14|22|17|29|29|31|31|20|28|33|15|24|19|21|26|22|20|20|20|26|17|17|31|79|25|20|34|46|40|68|68|44|49|55|48|47|40|43|38|19|22|42|55|54|55|122|57|37|33|33|43|57|42|33|42|27|43|23|40|58|58|22|44|25|22|53|43|42|32|23|38|42|51|35|27|46|29|11|27|22|34|54|64|41|46|39|40|21|63|25|22|40|35|47|71|59|41|29|49|29|45|62|36|18|20|20|17|31|28|49|32|31|29|52|38|36|60|23|37|47|25|49|29|35|21|27|38|26|17|23|32|46|42|33|38|33|35|24|56|84|5836|987|337|134|96|70|70|90|92|77|45|33|52|40|36|60|35|37|42|39|32|101|68|47|45|58|64|53|60|104|60|52|75|67|32|116|299|202|106|68|46|31|37|72|99|73|65|55|155|51|68|38|33|23|33|15|41|20|33|30|35|33|28|29|39|24|27|42|30|47|35|27|25|23|23|41|39|44|43|30
399,Dennis Cholowski,365,39|37|59|50|328|140|50|37|48|192|61|71|73|42|36|28|43|35|35|33|26|36|31|31|31|39|33|33|48|21|35|47|30|36|52|35|53|37|48|52|34|34|29|27|24|27|21|44|41|29|27|37|15|39|23|28|25|27|23|33|21|52|38|27|19|24|33|34|32|31|32|49|35|38|80|89|54|44|40|34|35|37|46|24|18|20|22|23|13|36|28|15|23|22|21|17|21|33|15|24|20|11|20|20|16|21|28|16|14|18|21|11|13|16|22|13|18|21|8|15|15|13|16|24|32|14|24|25|30|16|18|24|35|21|20|15|20|25|18|21|16|30|23|28|22|16|15|20|16|22|24|25|25|29|22|17|57|35|38|32|29|27|24|24|28|17|32|29|31|30|22|48|60|44|34|29|31|39|39|28|32|53|28|44|40|38|28|42|64|26|34|51|64|36|28|30|57|28|108|93|28|35|26|87|70|50|48|80|32|76|49|29|103|28|33|64|32|40|53|88|50|44|24|28|27|29|70|44|68|48|70|73|54|172|67|54|51|53|63|143|154|170|79|71|120|32|97|140|41|45|41|27|29|81|40|51|38|41|29|38|30|44|31|75|51|33|233|212|71|40|47|22|38|26|35|37|39|52|22|35|22|28|30|30|55|51|30|41|34|20|21|39|27|26|43|26|19|11|15|15|30|23|19|50|21|21|26|27|27|26|32|39|65|50|42|29|32|27|38|29|28|31|55|56|57|38|37|40|30|41|38|26|35|35|22|33|23|30|27|19|16|33|42|31|31|33|31|30|24|33|17|26|42|35|55|35|63|58|155|69|52|34|58|34|30
400,Brenden Dillon,365,44|69|741|165|135|91|43|49|84|76|45|50|110|108|62|66|67|137|55|46|55|38|58|39|36|45|71|62|63|35|64|53|50|42|53|89|98|69|58|41|41|42|48|46|44|44|35|45|41|31|37|36|33|40|35|32|33|23|23|31|31|53|45|36|32|33|23|30|24|43|35|34|26|26|40|55|35|32|28|40|29|38|18|33|28|25|20|50|40|47|62|44|26|27|45|41|30|37|26|32|32|33|34|21|21|33|32|25|23|33|32|16|20|37|22|33|22|28|25|38|22|24|34|22|32|23|21|28|33|26|33|41|31|31|38|32|18|23|31|29|43|39|32|29|23|27|9|27|36|35|39|40|23|39|34|31|40|30|39|46|43|36|27|49|37|31|40|43|106|29|36|37|44|49|44|62|61|60|56|41|37|51|74|73|62|41|61|371|438|135|107|158|84|65|94|51|104|45|66|79|41|67|48|63|198|109|64|122|59|361|96|45|132|47|73|51|56|152|53|89|54|51|47|55|94|109|83|1011|2664|706|2036|284|200|125|117|69|65|64|72|84|305|91|47|54|87|55|44|52|58|47|50|29|48|47|107|50|55|118|55|61|56|43|42|53|71|57|56|57|233|58|64|52|95|52|57|73|47|72|151|58|60|83|94|56|54|130|66|62|39|47|38|54|54|38|59|50|61|53|36|42|41|38|36|51|41|29|56|41|36|54|77|50|50|49|53|27|43|44|40|44|134|126|65|106|65|112|39|37|54|39|26|51|203|132|38|46|60|49|36|44|48|101|54|25|24|29|66|39|30|72|59|44|115|262|74|75|80|76|54|51|68|44|46|57|59
401,Dougie Hamilton,365,120|110|749|212|431|516|169|105|504|700|206|152|729|142|163|128|115|144|184|131|145|144|105|122|143|137|121|122|124|117|134|188|165|143|134|119|103|130|108|145|134|216|178|175|84|100|78|81|162|86|146|48|70|79|66|59|79|74|92|69|92|128|111|95|73|63|115|96|76|67|168|177|122|112|170|122|129|119|85|202|378|349|279|233|143|104|101|151|207|231|154|98|84|83|82|101|80|80|86|60|45|59|76|67|54|65|66|57|61|61|66|76|59|50|55|63|45|63|43|76|55|45|59|69|47|47|49|47|61|62|70|64|52|63|93|86|91|76|46|80|91|90|69|70|60|54|72|50|56|51|56|58|76|67|71|51|57|68|98|104|64|76|94|112|79|76|133|143|117|103|96|143|152|106|120|308|118|102|108|99|78|106|114|190|114|101|153|250|213|148|709|246|112|150|146|86|141|87|87|126|79|90|108|232|135|126|99|117|120|183|106|164|201|93|195|219|136|103|85|142|128|192|124|129|137|124|177|86|146|97|135|112|175|502|97|107|198|95|84|182|193|250|395|308|240|134|127|115|147|126|111|80|82|94|170|86|93|416|142|117|225|173|196|186|205|160|254|1334|2468|1356|1230|1043|977|525|250|290|328|477|469|266|296|261|357|172|240|239|175|247|115|242|122|107|154|115|95|106|115|93|218|169|132|112|125|104|103|109|119|96|134|122|228|153|146|151|232|225|189|162|133|245|392|588|279|268|153|225|95|112|104|143|68|113|308|783|103|149|69|132|94|78|94|150|49|80|79|86|142|80|110|80|145|86|246|202|163|180|105|118|85|65|200|127|255|157|127
402,Luke Hughes,365,290|250|1016|909|1056|649|364|339|460|419|328|351|629|333|346|239|299|332|298|303|242|248|263|239|237|195|251|242|216|191|235|282|199|219|212|164|228|278|218|222|242|266|204|190|153|162|155|208|201|150|191|177|191|222|179|165|188|154|153|191|213|306|212|188|191|177|226|226|207|205|263|377|223|258|395|393|355|296|214|241|266|236|179|188|158|95|137|147|165|185|145|199|191|191|193|155|138|178|129|97|97|104|113|115|117|93|117|109|165|188|200|158|156|115|103|119|123|100|98|114|136|128|168|368|241|182|176|130|139|173|191|166|168|225|208|227|199|212|187|141|189|202|157|184|470|377|307|217|172|207|252|321|274|262|242|195|235|213|246|261|248|238|255|253|263|270|2615|1398|560|417|298|340|394|335|350|515|438|528|411|490|342|428|463|647|380|297|395|1065|588|415|503|552|435|369|461|297|341|242|374|360|320|221|330|474|415|355|312|459|300|831|390|645|583|410|388|382|285|310|693|607|517|743|554|438|352|376|436|345|396|336|369|328|446|703|497|647|613|583|650|7759|3371|4364|2056|1750|1309|954|698|675|1169|1593|969|497|510|567|855|579|618|1101|613|1294|1360|897|2378|1277|1121|706|808|545|872|669|2544|926|734|517|698|677|517|806|748|555|741|538|576|397|357|497|389|454|423|594|444|659|538|685|543|1165|1013|1020|898|1106|3275|2383|3986|3968|2947|1976|8491|10484|10778|5411|86085|62852|33283|13617|11146|6109|4208|5802|3229|4105|3990|3087|1609|2823|2261|1808|848|875|744|836|926|828|877|1422|927|1017|649|725|774|499|531|693|494|668|540|644|619|378|402|435|719|645|1051|1058|679|862|555|1552|516|483|430|404|436|350|390
403,Johnathan Kovacevic,365,62|69|255|69|158|78|58|55|235|220|84|39|91|97|88|58|53|64|51|42|59|55|70|48|43|65|81|43|26|26|61|68|35|121|34|24|43|44|47|57|35|25|29|17|23|136|50|38|26|36|28|30|35|45|29|38|58|20|29|59|41|35|39|29|22|17|32|25|16|34|31|25|33|43|43|48|36|41|27|26|37|262|46|18|22|28|20|28|17|24|24|23|25|21|24|24|24|27|35|27|13|23|18|20|22|19|23|22|20|33|20|26|29|21|32|21|25|24|21|18|19|35|28|12|30|17|37|35|24|32|28|16|22|18|33|20|22|21|41|23|55|18|25|20|22|18|19|24|12|31|31|27|19|47|42|26|43|24|39|38|33|27|30|41|23|25|95|320|58|45|33|52|52|28|51|48|35|46|51|46|43|47|40|46|52|25|55|61|43|45|41|62|35|36|39|44|33|31|35|29|30|24|29|74|57|25|35|36|22|34|20|39|48|45|33|33|25|25|29|35|38|42|33|39|30|27|38|33|28|38|52|22|29|46|26|25|34|45|41|33|27|42|39|31|54|28|37|50|66|41|24|34|21|26|38|57|29|40|38|53|57|55|55|37|48|48|60|136|325|107|138|57|55|27|42|82|40|60|578|80|40|89|93|47|37|124|43|92|45|84|45|35|65|82|76|34|26|35|36|34|45|34|39|40|34|35|35|34|35|35|139|72|46|47|119|78|27|33|65|96|234|277|152|137|78|110|35|32|41|35|35|90|60|177|35|76|45|57|46|39|24|50|23|27|29|39|62|39|52|33|51|83|265|159|66|58|45|47|91|67|64|39|58|45|22
404,Simon Nemec,365,115|95|134|130|305|198|137|81|1939|312|220|113|278|126|115|115|82|134|174|115|116|136|117|129|97|101|92|86|78|89|89|76|89|82|89|85|92|97|90|96|96|102|76|68|63|65|70|70|78|59|62|55|92|92|81|54|74|79|40|84|83|84|107|50|57|60|84|77|66|90|150|246|140|124|133|103|105|77|90|80|84|85|135|76|69|56|67|61|51|54|41|58|55|69|76|42|66|94|80|51|56|55|48|50|32|26|44|30|35|28|38|46|49|35|40|37|44|54|46|38|24|27|49|36|38|51|48|35|34|50|29|47|46|48|28|34|29|50|31|34|46|40|43|37|39|48|30|31|31|40|40|50|66|48|51|44|50|54|61|61|54|61|45|69|61|55|80|74|81|67|63|101|110|98|88|177|103|97|78|101|121|101|135|122|109|77|133|168|159|171|133|390|263|116|278|140|186|101|97|116|81|94|93|219|158|134|88|239|147|3207|548|252|844|215|172|238|168|154|90|157|141|298|159|722|202|171|417|108|169|152|142|74|102|218|156|146|303|166|149|220|138|137|174|178|128|106|111|108|150|109|121|97|272|215|136|194|259|198|128|231|400|174|242|227|219|257|192|139|144|132|224|128|158|88|91|106|119|205|147|169|181|157|136|115|106|124|98|157|102|143|102|97|110|128|149|147|133|119|158|1155|669|382|745|468|338|346|913|658|1889|1076|603|306|232|187|173|138|117|106|101|130|1353|881|962|275|215|222|138|107|158|110|99|122|89|92|83|104|77|108|132|83|77|107|109|118|81|237|197|84|107|94|136|103|149|91|128|130|100|161|101|109|110|103|133|100|128
405,Brett Pesce,365,44|58|286|114|247|302|84|48|290|207|48|91|1440|272|105|53|47|60|51|49|37|43|43|39|46|33|23|22|61|30|28|32|27|44|30|38|25|61|37|44|34|117|55|56|51|28|62|41|31|29|53|37|26|29|23|17|30|22|27|20|30|34|41|38|25|31|24|18|25|18|22|36|29|24|32|47|33|43|28|22|23|33|22|16|35|4|20|32|18|18|15|10|15|20|24|14|25|22|26|34|30|30|19|17|18|24|26|17|27|26|17|31|14|34|12|14|20|12|8|23|12|19|16|67|48|24|23|27|21|15|28|22|40|36|31|19|23|28|21|24|20|33|24|19|22|12|15|15|16|20|14|17|22|20|20|20|27|26|38|22|15|16|17|14|15|24|17|32|43|27|27|31|49|52|80|680|189|98|49|66|43|48|106|95|50|44|54|178|105|66|81|95|85|54|70|42|60|32|28|45|23|33|32|94|63|29|50|50|20|54|41|28|64|26|41|32|28|23|25|43|40|44|39|53|33|48|48|41|55|36|58|46|49|60|39|32|44|25|31|39|33|27|42|52|190|60|109|35|76|49|178|37|33|30|78|36|44|77|33|57|101|56|61|42|62|25|69|32|50|33|43|43|53|38|38|81|32|49|102|56|23|38|82|83|48|43|31|52|41|54|23|46|80|47|59|36|42|34|37|51|52|49|35|48|52|26|37|33|37|50|117|114|70|67|91|59|61|58|43|34|106|89|130|105|113|117|45|48|45|31|33|30|26|32|30|25|27|35|37|30|17|38|30|27|29|28|28|30|40|34|33|29|22|28|46|31|40|22|33|17|30|42|68|48|59
406,Jonas Siegenthaler,365,54|49|109|52|77|71|61|81|514|321|53|57|226|69|62|22|39|77|51|55|62|131|114|60|179|92|80|170|120|75|57|69|94|62|151|81|291|475|146|61|42|42|32|30|50|39|37|37|25|36|34|32|28|31|23|29|22|23|24|102|40|40|34|30|31|25|23|30|25|28|22|28|32|34|39|45|23|26|39|28|34|36|21|32|25|20|16|30|27|25|23|30|36|29|31|26|21|33|26|28|13|29|53|57|37|19|33|18|17|34|20|23|22|19|24|19|25|14|17|23|39|21|16|33|26|22|18|33|33|29|18|25|26|34|17|17|20|28|19|39|25|21|17|37|43|28|14|25|23|16|23|22|12|23|23|22|17|34|36|37|30|18|32|27|28|18|34|34|48|37|36|43|37|40|43|67|50|76|71|79|42|48|96|60|58|44|32|169|73|63|63|76|53|56|72|30|73|24|46|36|25|28|35|71|63|46|34|68|44|69|41|27|103|44|39|46|44|33|23|72|37|355|60|70|42|44|94|57|154|62|84|46|68|64|41|26|84|43|37|61|70|38|48|53|75|48|63|59|63|54|44|25|34|56|136|50|51|126|70|84|124|77|110|67|96|78|81|62|92|50|65|51|73|40|36|45|29|108|92|39|40|72|55|51|49|78|35|56|49|106|51|49|66|78|101|103|97|82|96|135|298|650|376|514|183|198|421|132|82|76|140|106|82|53|187|70|46|33|36|41|62|73|57|79|64|47|29|33|23|26|23|44|147|112|20|42|49|42|22|17|28|69|25|54|47|36|45|36|52|41|68|54|107|56|93|62|34|60|42|33|64|34|46|38|45
407,Mathew Barzal,365,182|209|215|208|372|536|334|167|166|220|301|210|193|193|228|215|281|311|458|307|303|297|234|231|173|203|203|201|217|179|183|374|305|270|259|159|215|219|359|249|172|176|241|242|203|165|183|196|247|183|193|129|192|262|213|159|186|142|155|155|156|243|188|177|202|171|244|207|187|240|1213|669|349|216|274|308|366|368|183|147|140|139|136|126|92|105|94|102|80|131|67|98|134|128|105|108|113|134|87|95|99|188|409|300|205|151|110|124|307|127|107|136|128|89|113|79|100|70|92|107|103|109|105|133|99|123|95|96|97|94|119|91|110|261|458|199|154|104|104|101|125|145|127|155|277|247|241|171|137|141|167|166|153|112|154|187|137|126|137|186|153|183|155|169|193|210|152|165|141|166|182|157|220|248|244|258|199|281|279|216|217|214|525|296|218|190|174|271|200|344|259|185|150|194|227|639|626|367|251|333|204|289|193|223|228|300|210|493|194|231|301|313|181|296|164|236|164|261|303|269|259|179|266|517|231|244|517|277|202|240|202|683|364|350|236|259|463|267|312|352|354|258|246|371|223|234|530|314|266|266|275|183|197|329|535|1650|840|879|553|489|652|1338|733|473|879|497|661|399|466|380|373|399|270|492|421|294|357|557|222|618|480|501|366|303|451|279|547|363|233|395|274|443|749|364|360|278|368|250|255|244|391|313|275|320|318|279|439|294|344|394|818|589|440|367|395|505|558|385|756|351|301|367|351|245|747|370|243|517|269|253|313|244|190|268|380|233|207|615|1320|366|230|243|218|243|225|245|233|359|240|266|202|325|252|212|220|336|248|257|303|239|325|228|294|209|189
408,Casey Cizikas,365,69|59|48|59|50|181|120|63|43|50|49|43|59|42|49|41|46|40|60|74|50|63|51|48|39|31|40|32|36|66|39|38|56|43|46|46|59|100|65|50|67|31|65|45|40|33|52|56|52|34|54|34|43|43|58|66|34|29|41|32|44|51|38|37|34|37|38|73|110|65|84|92|60|56|61|91|87|57|38|49|66|46|41|42|36|42|30|31|34|40|45|33|29|41|28|33|27|63|36|47|29|29|53|43|46|34|33|25|34|31|29|28|37|42|39|30|37|31|33|42|38|35|41|78|82|173|63|63|53|80|50|37|40|46|45|28|30|32|34|19|28|39|30|49|27|55|35|32|23|22|25|26|25|41|39|32|42|48|51|46|43|43|51|56|33|46|32|36|38|39|35|46|73|57|66|101|51|175|223|95|93|84|128|112|69|65|76|106|80|868|779|108|88|83|69|53|98|66|51|58|50|114|47|79|85|89|55|91|56|39|77|76|48|62|41|95|59|146|67|71|58|70|33|75|105|41|77|40|63|68|41|109|49|185|71|81|199|55|69|83|53|39|52|108|76|65|107|50|44|51|115|30|42|79|114|69|66|115|81|46|45|306|57|53|288|71|80|58|257|77|48|117|47|116|64|46|52|84|45|105|47|144|77|72|136|47|155|89|72|66|38|75|171|151|266|60|82|55|57|49|61|32|34|64|113|43|46|37|44|48|71|61|80|53|69|248|130|115|131|73|65|84|110|65|87|69|46|58|68|43|81|171|55|97|167|51|52|98|213|70|126|149|70|87|136|97|84|101|74|39|83|92|69|48|67|49|45|114|79|77|217|51|77|80|58
409,Anthony Duclair,365,106|100|120|105|127|225|146|90|123|97|123|99|105|131|137|97|115|103|159|109|144|117|122|98|186|100|102|133|87|111|102|196|129|128|111|128|108|159|115|127|109|163|107|90|73|67|93|96|182|76|207|123|110|193|102|73|135|95|132|128|94|264|99|117|65|83|84|81|71|98|97|140|103|113|176|163|144|266|246|140|104|102|113|106|63|43|47|71|46|56|61|46|68|91|75|76|52|57|62|47|58|48|64|52|59|60|51|49|41|49|83|75|58|47|68|52|97|63|42|52|65|60|39|51|47|49|51|62|57|70|114|69|67|39|49|48|42|54|37|51|59|76|58|68|48|52|59|53|44|52|129|219|83|71|68|46|54|77|65|66|83|82|137|64|81|347|75|64|86|86|67|65|90|92|145|134|80|257|161|119|97|94|152|154|91|64|118|196|94|126|410|155|84|96|127|110|130|98|128|132|123|468|110|82|133|347|120|212|106|80|110|140|84|110|76|129|79|155|119|138|117|62|71|113|135|107|134|99|143|429|144|177|95|285|105|98|246|118|175|307|214|67|138|150|86|79|113|78|83|123|127|65|82|136|165|155|131|243|98|119|141|152|123|104|3945|582|218|176|198|230|143|269|104|947|291|133|124|719|190|733|140|195|107|125|230|141|226|225|133|199|119|137|170|172|101|78|121|76|89|107|93|73|89|91|79|92|118|75|112|114|216|146|135|93|129|153|116|183|341|143|109|285|181|103|169|92|63|68|72|74|91|115|74|103|129|123|173|148|215|93|88|93|82|76|93|79|63|100|101|98|80|98|106|90|94|59|76|74|68|320|155|85|104|84|85
410,Marc Gatcomb,365,19|28|25|28|28|19|25|22|16|17|15|13|15|17|26|7|29|17|31|17|12|16|25|9|13|25|19|14|15|9|24|17|12|9|12|9|14|20|20|22|18|11|14|14|9|13|9|17|12|11|20|13|9|27|20|11|14|14|7|15|13|13|8|5|9|3|13|13|15|18|42|32|26|19|39|37|37|28|21|245|131|45|28|13|23|23|23|14|17|11|9|8|21|4|11|12|15|10|9|19|13|17|19|15|20|11|20|8|5|13|11|14|8|21|13|15|15|8|13|7|5|10|9|5|13|6|15|21|12|8|31|24|14|16|16|5|9|15|68|59|33|20|18|16|21|38|27|35|16|13|11|19|17|16|14|10|11|7|15|25|23|37|89|26|28|19|8|13|17|27|15|32|38|28|33|35|47|37|31|23|26|23|28|33|29|20|26|97|119|43|52|23|12|35|38|20|20|14|12|19|21|63|44|16|16|26|12|20|15|13|16|27|19|22|15|8|16|11|19|12|13|10|18|27|16|20|60|23|18|26|14|113|59|192|23|28|356|60|94|80|34|28|52|80|32|30|66|38|19|24|36|15|20|57|50|33|25|72|19|22|26|66|19|38|64|24|40|33|46|135|44|60|32|44|21|19|41|42|21|28|26|21|28|10|77|41|129|139|39|54|29|52|51|35|96|32|27|18|29|38|33|14|26|13|22|20|23|39|23|31|33|19|20|25|18|82|23|42|56|59|43|43|57|31|71|18|36|45|25|20|36|21|16|11|29|15|16|30|46|50|27|24|31|23|159|82|72|56|22|34|36|78|50|24|41|17|29|35|40|33|28|21|24|57|22
411,Emil Heineman,365,65|62|53|97|179|150|106|89|208|105|192|55|83|462|88|85|55|63|355|259|142|173|203|124|283|90|125|102|107|180|90|152|171|189|277|466|146|322|182|150|78|206|91|96|78|62|122|112|502|134|342|101|140|761|210|117|209|67|323|138|114|1440|369|467|158|134|128|78|67|64|6257|3361|639|437|307|549|286|172|99|123|136|106|67|91|65|56|80|62|52|61|46|48|44|43|44|62|70|47|41|41|50|41|46|40|39|38|54|37|40|46|44|39|50|44|38|30|38|40|29|31|24|24|50|61|41|94|84|79|63|85|68|68|65|62|60|48|50|84|69|59|56|79|86|67|61|58|68|44|74|81|146|93|56|65|72|51|51|78|114|108|95|90|39|75|117|99|61|73|192|77|86|128|128|148|234|206|110|107|349|142|104|66|145|219|154|85|239|414|557|1929|502|207|167|169|117|93|147|115|96|117|58|108|76|109|237|244|125|222|91|86|413|632|196|708|190|192|134|209|149|174|113|123|83|102|175|198|166|105|85|129|106|103|62|124|87|57|594|147|119|220|654|152|108|655|133|88|118|237|83|102|148|222|134|95|128|88|81|170|166|156|113|540|132|114|161|134|148|82|135|89|95|238|87|109|100|73|55|55|58|84|61|69|70|52|93|59|215|104|79|69|61|97|110|66|72|55|63|54|50|56|64|51|39|41|26|32|49|43|88|71|91|66|57|43|91|291|146|94|103|66|81|79|107|84|91|55|75|83|63|62|246|75|42|48|189|54|58|217|284|84|89|74|98|54|132|100|73|94|44|45|68|54|68|57|50|55|43|136|58|94|86|48|67|65|42
412,Simon Holmstrom,365,17|14|17|39|24|20|14|20|11|22|20|17|14|12|14|19|17|13|41|24|24|25|16|6|20|18|21|14|17|11|25|21|14|16|19|14|30|24|37|20|18|23|14|15|15|14|18|14|26|13|15|12|11|13|20|20|23|19|11|11|27|28|18|13|13|10|18|21|25|23|53|110|43|47|138|150|46|32|26|25|30|16|37|31|21|10|12|19|10|19|19|19|36|30|24|17|18|11|8|13|12|16|13|11|16|19|21|10|16|8|14|10|12|13|9|10|10|14|11|10|9|12|14|17|13|18|20|17|6|6|19|21|15|8|21|21|13|13|16|18|14|16|13|15|12|18|16|9|15|11|28|24|17|20|14|14|17|12|22|31|23|17|12|14|54|32|19|12|19|14|16|27|41|58|51|79|42|41|32|26|21|38|46|29|23|23|38|36|114|199|191|48|35|39|31|21|84|59|44|189|80|71|30|27|56|50|27|40|28|21|68|66|28|42|30|24|30|129|44|35|32|22|34|28|37|30|70|32|21|51|23|47|18|51|25|16|434|32|121|56|34|28|29|252|31|20|39|34|22|18|130|38|25|31|143|48|25|69|33|42|33|79|26|30|126|41|139|33|707|114|88|60|21|69|161|34|32|41|22|109|18|44|42|15|36|24|217|79|32|43|35|59|96|35|36|20|25|25|25|29|33|26|47|34|26|24|42|25|24|25|44|56|40|19|15|68|35|270|115|57|61|45|60|148|219|59|41|57|35|33|126|293|56|54|92|39|52|105|118|65|40|54|30|53|93|51|37|40|28|32|34|102|33|22|37|16|29|53|41|70|38|16|82|38|15
413,Bo Horvat,365,140|128|118|137|227|252|161|141|102|116|136|143|141|229|297|197|203|326|373|285|302|382|2412|1861|600|1482|892|899|510|1743|571|1076|991|456|743|319|259|265|229|192|151|215|180|147|141|187|208|219|150|110|146|109|111|138|129|100|121|127|149|91|88|163|117|118|81|103|129|109|130|137|190|341|195|340|366|209|154|143|116|101|97|110|109|102|83|74|68|75|83|103|105|107|91|66|74|92|81|84|72|85|92|70|102|100|89|86|89|83|91|76|90|92|91|50|61|77|47|67|49|72|57|60|82|76|85|70|73|60|82|66|69|79|80|68|53|61|56|71|58|69|75|85|93|211|175|86|95|86|89|89|97|89|95|55|93|108|84|92|85|133|112|136|162|104|140|148|92|113|137|152|131|133|120|116|133|199|107|151|225|149|117|130|1047|386|254|197|228|274|269|208|336|188|140|207|227|166|175|299|169|170|153|581|194|207|180|763|272|719|416|260|382|467|230|271|159|338|244|434|307|279|302|220|197|197|253|189|257|174|148|344|163|351|217|326|194|179|737|240|721|1251|575|465|364|324|271|250|473|177|177|175|187|146|153|276|404|244|313|2823|2138|1348|776|636|351|322|407|293|353|300|311|202|310|396|259|291|212|233|206|336|198|193|172|337|201|179|236|211|285|395|324|297|272|351|842|421|720|508|545|612|709|837|12183|4798|1462|4660|1109|707|2352|859|2734|1095|12709|1970|827|599|515|599|303|338|571|332|268|289|503|299|794|498|290|308|235|244|298|260|198|243|349|215|194|193|274|261|153|177|188|251|196|147|194|213|164|144|205|204|195|206|175|108|163|186|164|190|190|161|336|206|180
414,Anders Lee,365,140|119|109|95|132|115|119|108|82|89|79|88|101|85|131|71|77|126|173|88|74|104|90|91|76|92|75|81|92|73|89|106|102|92|97|86|112|103|143|148|99|128|110|78|76|125|106|99|97|70|106|118|77|126|101|92|96|76|85|87|93|95|97|104|86|95|88|121|175|110|203|732|402|329|172|169|149|117|92|115|87|95|87|101|74|68|71|59|62|65|68|85|112|112|130|77|62|54|56|87|76|67|81|101|82|54|65|66|53|45|80|59|75|73|56|62|68|56|44|66|71|50|61|70|60|51|80|65|57|61|70|71|68|63|346|101|72|66|75|60|56|93|79|78|78|53|78|82|59|73|68|81|66|85|74|81|85|76|76|118|87|85|75|94|82|136|89|86|103|79|97|102|98|119|123|187|119|167|190|110|117|124|208|391|262|140|131|198|161|267|170|120|98|118|138|108|145|137|144|155|163|248|120|129|372|214|111|228|91|120|211|211|112|260|115|209|136|263|492|347|270|224|145|230|192|161|182|116|160|226|108|433|151|203|127|95|191|104|514|209|125|144|193|220|249|172|299|143|155|99|192|109|119|310|382|231|170|399|229|194|239|382|138|164|328|166|287|137|578|1810|817|690|234|239|335|204|149|189|101|181|136|192|128|130|173|141|177|246|118|166|123|163|245|115|125|113|122|78|119|117|188|135|131|144|153|115|162|142|134|122|392|329|212|172|169|750|165|300|1506|210|218|339|454|289|253|161|174|178|145|121|135|164|104|168|181|231|628|221|276|224|158|180|171|160|213|132|142|251|1007|199|161|232|213|135|119|92|102|209|701|486|272|234|380|212|142
415,Kyle MacLean,365,23|17|20|34|23|19|14|16|14|18|21|19|17|13|13|8|13|12|22|21|12|22|16|16|13|15|17|16|13|14|16|17|19|8|8|10|19|15|21|14|15|32|23|13|24|23|24|22|19|11|16|13|14|12|13|6|10|18|8|11|18|18|13|21|11|11|14|21|20|18|17|21|18|20|24|23|20|12|19|18|18|12|11|12|12|9|5|17|11|11|11|12|18|13|12|16|7|27|12|19|11|15|5|13|9|13|14|6|6|15|14|15|13|16|15|21|28|19|17|22|13|13|14|22|33|25|13|11|10|9|12|15|10|18|23|13|14|15|14|8|20|17|27|13|16|19|15|21|9|17|19|25|16|19|9|8|13|14|28|30|26|19|19|10|17|15|12|18|19|18|20|21|35|21|25|31|24|20|24|15|22|22|38|25|17|13|20|25|28|53|66|35|19|40|30|16|51|29|17|29|25|51|21|16|21|21|14|26|20|16|14|26|26|20|8|21|16|14|27|24|24|13|12|14|27|17|26|15|23|40|20|211|42|62|30|18|86|16|25|20|22|10|13|44|25|14|21|21|12|19|88|14|23|38|52|28|21|34|19|28|28|77|13|25|45|25|29|23|26|29|27|99|24|29|29|21|15|40|18|28|16|21|24|17|51|204|167|69|30|56|43|39|61|22|157|21|23|28|26|22|30|12|25|11|32|30|30|30|41|38|56|33|22|21|24|74|15|22|39|25|17|21|33|37|29|14|14|19|15|16|29|30|14|23|154|28|22|30|29|31|26|13|24|28|33|29|29|19|16|29|25|22|28|19|34|24|18|12|57|51|26|16|26|44|13
416,Jean-Gabriel Pageau,365,40|45|61|65|54|65|63|67|67|62|57|59|57|60|61|37|39|53|52|49|23|36|35|30|35|75|124|70|37|29|54|34|27|20|38|44|41|38|46|68|42|51|54|30|33|51|52|45|38|35|32|33|46|31|48|36|26|54|39|61|46|208|156|146|70|64|84|66|68|204|208|95|67|63|59|56|51|77|160|151|180|162|163|139|161|145|150|143|145|141|138|155|140|139|152|149|136|31|32|50|24|25|35|37|48|31|24|13|20|30|31|28|19|25|32|18|20|18|19|25|20|28|29|23|27|27|26|36|23|31|23|39|26|26|26|33|24|33|21|26|19|35|24|31|32|36|37|28|31|25|32|33|36|25|37|28|21|35|28|33|32|47|52|30|37|44|33|28|24|23|30|30|37|24|38|42|33|43|95|40|34|37|53|138|57|48|55|56|71|160|65|53|47|47|51|25|68|94|64|65|41|63|33|39|133|102|105|117|65|55|218|101|55|53|39|68|51|54|74|63|48|36|35|45|53|40|48|46|38|81|39|59|32|49|26|35|77|28|45|48|44|30|35|39|28|83|67|37|28|36|28|33|35|33|88|37|41|60|47|49|44|167|56|63|68|50|50|36|129|59|39|79|53|59|73|60|40|46|32|34|28|66|43|47|217|80|125|86|42|118|64|83|142|49|49|37|42|33|42|38|39|28|36|34|53|32|30|43|29|33|118|65|53|53|59|892|123|131|84|47|49|49|384|232|221|91|60|96|55|64|55|38|38|55|63|104|139|93|134|52|65|45|47|39|40|38|43|57|36|32|54|219|57|26|42|27|49|79|188|140|89|40|45|60|36
417,Ondrej Palat,365,77|72|148|103|129|181|87|80|168|127|67|84|345|103|82|65|52|60|56|64|58|60|81|56|71|65|63|77|62|52|57|55|47|51|66|45|67|77|67|72|63|101|185|138|119|169|152|131|147|114|277|119|105|84|81|105|77|85|94|147|111|128|139|73|77|93|73|69|77|77|69|68|71|94|115|104|104|105|189|164|213|279|173|172|168|152|155|164|159|149|149|164|142|131|149|163|141|81|49|27|35|29|27|31|31|36|23|18|25|31|27|79|81|66|72|51|58|46|29|33|29|51|38|43|50|45|50|52|25|26|30|53|47|27|38|43|34|36|42|53|50|38|45|36|42|34|47|32|31|40|45|62|45|42|45|43|48|34|47|36|92|54|39|33|38|48|89|52|66|48|51|38|49|55|55|72|96|90|84|83|66|72|83|73|58|61|63|115|77|68|73|110|67|77|65|78|126|70|54|89|70|63|85|319|112|84|57|69|46|104|41|40|90|51|55|125|69|60|59|86|52|100|52|88|81|48|52|73|121|63|89|62|65|86|78|49|69|40|95|89|84|124|98|79|114|55|71|47|55|80|57|49|45|49|86|60|54|114|80|87|100|73|104|115|191|104|138|93|149|82|188|146|111|68|61|68|70|41|59|54|47|87|62|76|153|5705|3486|502|197|190|193|173|318|169|253|151|128|140|145|197|558|319|172|250|125|341|4024|752|291|171|239|194|150|91|145|188|97|123|265|97|133|124|196|131|163|94|65|72|58|69|77|75|49|78|75|60|63|82|98|83|53|81|52|57|88|63|63|70|74|55|62|70|81|111|90|78|69|56|86|76|127|97|105|87|83
418,Kyle Palmieri,365,58|116|112|91|90|85|65|66|68|76|46|79|90|58|62|44|41|72|82|61|51|56|53|53|56|61|41|54|55|45|60|68|59|80|77|69|62|55|73|107|88|95|722|456|161|119|81|113|97|91|65|35|52|70|64|59|59|40|43|45|55|75|62|49|29|42|47|53|55|48|74|83|68|71|66|83|71|49|47|34|46|58|43|49|29|28|40|23|41|34|40|31|50|40|46|55|45|49|45|34|51|53|51|32|48|44|45|27|35|37|47|83|53|49|33|37|44|36|35|34|34|26|26|37|44|37|46|40|43|41|46|53|72|51|45|38|44|35|33|31|38|46|32|43|38|32|61|54|32|36|46|44|49|42|38|39|47|76|45|54|112|190|59|38|51|79|47|50|47|51|40|35|90|80|89|240|80|132|111|59|67|82|103|119|88|60|70|141|98|168|145|63|65|148|160|72|85|72|77|99|95|130|72|96|174|185|92|403|84|65|83|80|69|120|57|207|92|124|100|107|383|78|72|128|119|1901|1235|543|384|245|137|145|163|156|98|80|100|88|136|118|80|66|123|96|78|69|62|77|77|65|85|63|46|79|104|74|70|75|83|87|78|119|75|85|131|71|64|49|65|61|66|65|65|73|81|56|69|84|72|70|52|82|77|81|105|100|98|103|71|72|68|73|85|74|81|56|57|43|51|58|83|53|69|68|47|56|100|63|83|62|164|107|129|108|82|121|90|89|117|70|78|91|111|90|100|90|75|82|71|96|125|89|61|69|65|53|47|80|97|53|50|49|65|41|46|62|51|86|61|52|62|67|75|67|84|65|70|85|68|83|73|67|73|69|63
419,Brayden Schenn,365,265|2971|3756|629|2669|467|317|1536|255|1558|454|193|263|1918|594|6337|2193|19614|1711|578|724|481|421|369|259|267|307|246|576|258|661|305|239|227|236|167|158|187|159|140|143|160|182|140|119|134|146|106|140|117|144|84|96|133|106|84|89|73|100|78|94|139|90|93|125|71|101|175|254|146|124|120|102|109|157|141|149|166|184|213|205|180|174|174|184|175|197|191|177|168|189|225|199|179|163|166|153|72|49|58|47|54|60|62|52|61|60|42|71|69|62|59|69|60|56|82|64|65|61|48|56|44|59|65|61|78|162|88|68|73|107|78|57|59|57|71|57|64|55|55|65|60|68|83|82|63|67|57|52|58|79|63|76|83|94|76|92|69|85|93|69|56|75|111|71|92|99|86|126|86|67|83|92|96|127|203|191|108|128|210|138|213|122|88|135|104|105|155|89|154|106|123|114|121|228|97|252|101|94|111|206|103|258|249|222|138|167|169|167|166|181|327|166|154|125|347|138|356|199|134|114|169|99|110|125|124|192|99|161|121|132|143|95|146|351|137|165|96|171|514|263|178|240|196|327|159|113|108|104|191|133|92|133|130|382|169|261|161|218|363|573|223|201|285|303|390|279|226|385|211|216|266|231|200|232|155|233|183|307|160|122|127|190|182|141|218|111|172|125|137|117|192|203|306|137|115|108|99|89|97|130|119|120|164|117|127|129|122|171|170|323|263|192|172|279|260|244|228|162|225|276|283|9331|5084|2033|975|1037|2224|704|509|555|443|230|368|511|248|299|199|282|207|183|177|143|165|392|230|257|290|211|134|224|435|226|283|252|165|245|280|215|283|299|260|276|320|244
420,Max Shabanov,327,82|8|30|30|37|39|40|26|15|8|24|589|427|159|163|252|116|70|34|36|72|63|46|29|29|24|14|269|402|253|122|44|59|190|94|173|1133|2062|1573|507|237|144|165|92|75|79|56|37|43|50|42|49|46|39|46|23|63|48|41|34|43|51|27|43|43|29|33|35|34|20|17|22|47|33|42|39|24|46|38|23|34|27|31|16|26|18|17|37|29|29|31|31|28|22|36|39|21|20|24|21|37|26|64|45|37|55|54|49|59|50|107|44|117|115|68|62|51|46|63|71|46|58|61|56|61|58|87|100|56|66|170|69|91|151|123|73|225|963|151|156|118|78|39|62|53|218|133|43|74|68|78|62|61|36|34|30|34|34|89|31|35|49|52|43|42|18|41|43|36|45|44|29|25|37|28|60|47|81|41|1468|226|99|121|61|51|54|98|102|131|46|56|108|37|90|29|54|32|31|90|33|83|56|34|31|24|49|26|29|37|18|14|29|49|29|26|36|192|98|45|56|52|51|25|48|27|26|66|39|38|31|46|26|28|41|37|43|38|39|29|26|28|33|26|54|31|36|49|99|58|42|36|49|37|37|37|29|41|26|18|26|27|22|23|16|28|18|14|17|20|13|22|20|21|31|26|28|17|26|24|29|40|30|25|30|75|32|36|26|19|30|15|23|34|27|24|19|20|18|14|32|18|24|27|21|13|11|19|26|22|28|30|12|19|35|91|23|50|22|21|49|21|11|27|14|14|31|18
421,Adam Boqvist,365,74|59|64|72|52|91|57|75|76|49|60|110|49|71|61|47|46|59|140|94|112|63|59|41|70|42|105|581|93|110|48|207|80|94|63|94|106|874|155|217|79|113|425|257|114|108|63|90|266|57|433|76|71|96|48|44|65|39|54|42|56|1059|304|173|109|104|108|87|66|94|141|190|102|103|140|97|82|56|43|80|66|59|67|35|46|41|31|33|29|31|41|29|35|41|23|30|35|43|37|33|33|32|19|25|26|33|21|23|37|42|62|32|31|23|31|28|24|30|86|107|69|44|23|19|24|22|27|34|21|20|26|33|16|25|26|13|26|32|28|18|17|26|19|37|27|35|36|26|20|48|48|40|31|25|31|17|26|27|43|48|38|36|32|30|29|37|30|51|32|51|48|43|221|164|60|68|47|54|61|53|50|114|76|71|45|43|59|100|74|84|57|39|45|40|52|38|63|33|52|45|44|39|44|53|53|35|85|92|39|53|75|65|38|49|49|53|53|161|72|59|66|71|37|73|47|35|35|39|49|61|56|59|46|91|43|42|58|77|68|138|84|61|76|60|55|66|97|51|49|72|53|39|37|36|78|51|54|99|57|60|115|97|56|88|78|55|48|75|73|82|87|90|42|75|71|40|59|72|39|50|45|62|72|63|99|60|53|49|39|53|40|53|49|53|58|37|31|30|44|45|71|42|52|70|41|44|84|78|68|72|113|111|65|48|50|53|52|58|98|64|70|65|80|68|68|49|48|69|41|64|22|35|35|31|49|31|39|48|74|136|58|116|39|67|172|67|87|113|58|32|63|51|45|40|51|42|38|49|40|44|42|41|42|49|41
422,Tony DeAngelo,365,121|375|277|157|131|237|108|94|94|109|123|96|160|106|109|117|76|160|127|120|116|135|85|114|93|133|153|97|105|88|76|106|98|115|101|178|107|155|177|129|111|157|113|122|98|102|130|102|121|60|113|95|118|139|107|90|118|61|80|76|59|118|84|73|65|67|92|101|155|81|107|135|95|125|818|314|146|176|124|72|81|95|98|86|59|81|64|62|61|82|62|54|52|63|64|75|99|100|63|61|57|55|65|57|67|54|63|59|45|51|56|72|56|51|66|70|76|91|48|47|54|51|47|58|52|52|72|65|47|48|57|75|70|71|63|77|58|57|54|35|70|57|55|61|82|99|52|58|63|84|83|72|78|166|112|95|92|100|95|109|252|142|98|92|125|329|122|86|124|75|79|109|116|113|124|220|130|178|166|236|187|160|162|137|95|87|107|137|230|386|384|160|100|92|174|126|226|95|109|102|63|199|80|84|136|451|119|138|97|528|251|264|204|256|315|178|143|278|173|114|222|157|124|261|205|273|248|198|115|156|295|123|148|264|110|99|257|257|203|155|106|86|69|125|116|71|123|126|142|110|134|110|80|199|259|102|111|264|132|139|122|748|126|118|544|130|154|107|234|192|137|171|101|178|131|85|104|250|140|137|99|203|140|138|1222|184|594|524|124|186|128|233|359|138|172|97|83|70|75|118|85|61|79|111|95|90|129|68|90|88|168|185|223|162|116|334|77|183|274|107|95|146|148|87|386|91|62|141|96|88|95|126|67|90|191|99|95|125|290|196|871|203|247|101|83|92|119|110|93|75|69|93|314|144|107|136|87|229|189|124|164|102|158|107|69
423,Scott Mayfield,365,30|21|26|31|27|31|28|26|25|28|14|26|22|17|18|15|23|27|40|20|23|27|24|18|24|13|22|23|27|19|21|16|46|22|75|83|34|32|47|34|24|29|20|22|29|23|45|24|28|32|36|35|26|28|63|22|18|34|31|17|18|31|28|29|22|26|20|34|25|31|54|54|99|44|44|31|31|32|31|24|20|19|17|17|26|28|17|20|13|19|22|18|28|20|25|7|22|22|23|23|13|22|23|16|12|15|27|15|10|20|16|22|17|25|15|22|20|20|14|21|15|10|23|24|13|16|29|30|22|52|21|19|17|15|15|22|18|17|12|11|20|23|22|20|30|16|10|14|16|18|21|24|19|44|31|23|16|23|17|21|14|13|27|26|25|25|23|23|15|13|42|19|31|24|36|62|24|43|65|30|35|50|30|33|39|28|36|41|23|75|154|67|54|35|43|24|50|41|42|28|16|60|34|30|58|24|31|55|41|57|62|49|58|330|37|72|31|43|107|72|30|30|19|40|35|37|58|34|61|59|40|122|155|425|1003|732|75|26|45|34|34|18|41|93|39|29|50|35|25|40|51|25|24|39|55|42|36|59|34|46|32|89|34|44|72|44|72|57|62|44|34|71|32|45|45|30|36|27|24|54|28|85|49|64|108|44|80|53|34|56|37|171|94|51|41|23|27|26|33|23|34|28|19|21|31|20|26|43|52|39|58|53|39|28|27|45|27|72|70|31|21|52|46|25|76|36|38|147|53|24|40|48|34|20|27|17|24|23|40|33|33|33|31|41|39|26|29|170|62|30|33|40|60|38|36|21|21|41|30|40|56|29|42|51|33
424,Adam Pelech,365,38|25|29|26|32|43|28|34|28|41|31|36|41|27|36|27|22|37|57|49|30|27|34|40|34|24|35|31|24|30|21|34|33|37|38|21|42|38|42|54|34|36|37|26|39|32|34|28|34|31|56|33|29|51|33|30|39|23|30|18|18|35|38|27|32|28|38|33|32|35|66|88|42|50|52|47|43|37|35|44|42|26|24|28|27|31|21|18|19|21|31|24|22|18|23|20|21|32|29|34|28|27|17|19|37|21|27|14|18|19|22|23|27|35|29|27|16|22|25|21|22|22|45|30|27|26|36|26|17|16|19|26|27|19|29|16|18|14|15|30|24|31|23|24|25|24|14|24|24|17|37|20|22|15|24|21|18|28|17|31|27|25|16|33|33|18|19|21|38|26|22|24|45|26|38|50|30|39|53|25|30|48|78|52|40|15|25|54|34|35|49|24|32|53|56|26|47|54|49|39|57|36|30|30|35|48|33|47|56|31|69|64|40|51|27|62|41|29|42|57|52|42|32|50|44|31|40|35|34|60|38|137|53|73|36|24|105|36|74|53|40|31|27|29|27|34|55|47|56|49|151|49|47|67|80|52|82|178|96|53|32|385|47|54|88|42|91|51|65|38|41|79|64|125|71|38|26|63|28|63|37|86|46|38|79|55|90|67|45|73|31|46|80|34|47|48|48|34|36|37|45|34|38|47|50|36|39|16|45|41|60|38|41|41|39|61|56|51|82|39|43|52|132|38|85|35|34|42|36|29|51|51|50|84|141|45|37|53|94|34|25|31|19|29|36|38|32|94|90|68|56|53|37|41|53|29|48|83|56|49|71|50|58|66|66
425,Ryan Pulock,365,29|25|143|77|58|46|31|37|25|32|32|30|51|23|32|25|27|35|54|51|33|41|31|29|29|34|23|58|51|31|23|36|16|23|24|30|44|37|42|33|24|34|28|29|35|52|30|38|51|29|56|23|26|33|14|15|30|24|41|31|26|59|27|33|20|35|37|33|40|47|55|76|65|63|59|48|37|35|32|58|52|54|44|39|34|38|38|49|42|12|18|27|22|17|21|17|21|15|18|26|15|22|19|9|19|24|21|23|33|25|22|19|43|29|22|16|18|19|12|14|21|20|28|9|25|26|34|39|19|19|14|21|27|26|25|15|23|26|13|15|17|31|107|74|37|23|20|28|23|29|23|28|33|18|28|22|30|19|20|25|31|27|23|33|41|22|24|20|22|34|28|45|41|27|33|58|39|50|120|37|30|28|49|42|35|29|26|48|26|22|47|15|32|27|43|23|47|37|44|55|52|44|29|30|52|59|41|45|36|22|40|35|25|50|19|54|28|44|26|38|44|39|23|39|36|45|51|33|33|62|34|67|42|51|36|22|80|24|59|42|31|22|34|43|18|21|40|35|43|44|47|31|32|34|67|50|47|198|69|42|28|112|30|50|81|38|33|37|49|43|47|268|48|138|103|59|117|191|54|64|28|52|38|42|75|52|48|109|105|99|49|49|91|46|39|61|53|36|40|32|37|33|29|29|31|19|36|30|30|26|63|23|53|41|41|75|61|35|295|48|24|56|69|48|69|41|55|61|38|34|52|66|50|24|47|29|27|38|71|50|26|32|26|41|40|34|39|32|30|39|51|48|24|22|47|32|25|40|41|56|55|28|31|57|27
426,Alexander Romanov,365,61|53|55|88|76|49|66|39|53|51|56|40|52|75|59|30|29|38|75|48|40|44|37|23|44|31|34|33|37|39|37|44|30|38|43|28|33|48|46|37|38|44|32|35|40|41|81|48|37|20|35|16|33|34|53|30|43|33|43|38|33|61|248|192|91|61|96|74|56|60|115|185|121|983|421|166|132|70|68|86|84|81|47|40|44|29|39|45|31|34|29|26|22|19|38|33|24|28|36|22|26|26|25|23|11|20|47|28|16|24|39|22|29|27|31|32|28|31|22|27|28|22|29|32|27|27|48|38|20|34|28|13|30|29|23|27|23|19|22|26|13|29|26|13|20|32|30|33|63|19|33|33|32|38|29|24|35|27|18|58|38|35|22|34|44|41|31|31|35|32|23|42|58|34|52|53|34|54|66|70|55|36|55|55|42|28|42|58|52|41|34|34|40|51|37|31|60|53|33|92|92|51|51|45|59|72|59|74|55|64|47|60|58|93|34|725|256|114|66|217|310|79|64|80|63|44|58|37|64|54|56|141|51|47|63|40|60|27|36|42|40|42|48|57|34|46|48|39|48|85|69|44|53|50|80|38|69|68|52|72|55|65|59|91|111|57|47|50|72|52|58|45|41|58|49|48|48|32|41|39|34|45|36|40|69|49|57|39|52|54|65|55|57|51|41|32|58|39|48|46|58|32|43|39|38|35|50|37|54|39|66|60|59|56|36|61|45|58|52|42|59|49|51|50|58|41|37|34|44|33|55|29|52|70|43|28|34|38|69|45|38|43|29|42|43|34|29|35|50|47|45|45|39|38|62|79|39|54|39|60|79|38|49|55|44
427,Matthew Schaefer,365,630|453|364|328|208|247|298|256|213|211|219|261|294|228|372|349|459|4442|7752|2022|985|587|425|336|325|399|299|403|304|270|274|359|390|355|320|256|308|308|295|286|262|363|403|472|473|573|784|504|493|473|704|1360|1636|1453|681|441|416|344|362|369|368|579|554|569|554|944|2425|2935|2751|2960|29085|65947|24515|9182|6295|2756|2876|2571|1150|956|994|2630|3240|1705|972|964|764|748|608|693|458|403|345|358|455|448|341|323|310|324|313|309|338|277|302|299|272|237|611|2371|795|547|451|327|292|365|430|349|292|312|311|233|301|266|262|284|281|333|316|264|282|256|229|235|264|215|246|224|864|412|365|306|328|239|318|362|363|295|299|254|332|432|408|433|412|489|478|1217|1017|757|524|520|617|457|521|817|531|594|580|620|585|811|1054|959|2910|4079|1686|5512|2789|1725|1479|1745|2743|3171|2352|1349|1107|6069|3098|2813|2318|1229|1102|1257|1284|758|1548|869|1305|4278|2063|4361|3795|1868|1897|2243|1238|1421|1203|1226|2130|5540|2719|2532|1395|2342|1831|2129|2281|2894|1987|1331|1295|1819|5100|2660|1793|1297|1187|1571|1013|1121|925|1372|1226|813|1785|1061|1223|1606|1532|1217|1333|1424|1133|930|1595|923|1663|4359|1793|1448|1415|2331|1994|2264|2302|3396|3074|1787|2863|27999|4675|2617|2679|1708|1854|1117|1714|1063|3190|3122|1428|3322|2474|1137|983|1865|1022|1563|768|1136|698|909|936|718|979|2896|1221|1462|980|1820|3279|1540|1280|919|766|617|574|664|1050|1154|1057|1934|1140|943|1438|1018|1515|1310|3963|3370|2218|1399|1560|8979|3342|2355|13551|3395|2061|2033|2476|1205|1870|1045|1153|1801|1256|1077|2142|1419|1154|3593|4024|1302|2677|1548|2852|1088|1120|1700|951|1351|1248|1180|967|1151|883|770|1275|1579|1704|1044|990|961|1153|3420|1540|1183|1177|1025|1862|1961|1393
428,Carson Soucy,365,51|49|43|43|51|40|39|39|32|39|36|30|36|33|57|36|29|37|45|36|47|49|54|38|45|45|34|75|39|34|26|40|33|41|39|55|57|57|50|43|31|41|39|43|22|29|27|31|46|34|48|33|56|57|60|48|41|47|75|66|38|77|47|63|55|35|42|47|33|47|42|50|48|59|142|131|71|41|83|46|52|48|46|36|34|34|35|30|24|28|32|26|24|16|28|20|41|32|25|28|39|35|26|36|36|27|26|28|29|32|17|38|33|14|29|25|22|20|28|34|34|21|20|28|20|18|21|24|25|18|18|19|25|24|19|18|24|38|47|28|28|29|23|33|33|19|17|23|35|27|35|40|41|33|39|42|45|43|38|26|64|85|62|31|55|46|40|51|56|71|44|52|126|346|105|665|116|296|83|70|67|52|46|40|53|74|162|45|39|63|30|48|88|42|245|43|362|32|143|55|75|83|34|39|91|68|59|57|51|182|32|47|90|113|46|65|31|116|41|107|47|58|32|53|323|131|57|35|26|244|39|76|109|57|78|58|38|87|34|49|113|45|72|166|47|66|43|44|64|51|111|32|33|53|213|43|80|69|48|102|228|62|38|72|56|45|68|88|62|49|84|43|103|81|90|65|51|78|109|77|77|81|41|1994|4498|1044|985|1115|189|140|94|123|179|116|75|35|46|49|50|50|53|37|35|46|55|35|53|59|57|48|68|63|62|65|61|148|84|96|377|87|78|68|146|86|89|58|63|80|55|35|57|63|48|55|75|73|119|53|181|110|46|43|49|60|104|55|54|82|69|41|50|72|68|41|46|52|37|42|62|81|71|38|58|52|44
429,Jonny Brodzinski,365,60|52|26|29|37|28|31|41|25|27|28|28|30|28|38|26|24|31|25|33|26|22|24|16|20|27|28|35|26|17|15|30|27|16|17|17|32|36|28|47|33|32|26|20|25|13|17|20|25|21|26|19|10|31|26|31|32|25|31|21|27|35|44|47|14|25|23|24|28|19|21|29|25|28|30|46|24|18|22|26|31|32|23|31|21|19|14|13|18|23|20|24|21|11|17|20|24|42|23|26|31|14|18|23|21|21|25|17|24|27|12|31|21|17|16|14|21|37|36|14|14|17|12|10|45|19|18|21|11|16|20|21|19|23|18|19|20|26|19|15|12|32|22|23|13|16|15|22|16|21|18|39|21|15|20|26|59|45|31|47|27|26|22|19|27|27|29|30|30|32|21|28|61|98|52|77|37|136|74|59|51|37|45|34|42|36|47|29|39|57|33|26|33|39|47|16|340|45|54|32|29|69|23|39|74|43|32|31|34|41|39|33|40|78|28|159|31|67|44|48|29|83|34|61|100|63|40|26|28|128|39|50|90|30|50|18|29|58|33|37|43|40|67|34|23|25|31|31|68|56|117|33|27|35|39|26|158|60|18|141|233|50|44|54|43|27|60|61|45|30|44|42|89|38|60|42|29|43|59|32|37|84|35|31|43|33|45|26|86|45|38|46|34|47|49|33|41|26|34|34|39|27|35|36|15|16|33|37|50|40|67|47|41|35|35|47|49|38|40|45|29|28|74|49|44|41|36|35|29|51|71|51|33|36|20|21|24|27|63|19|37|29|45|35|227|73|26|34|49|56|45|139|61|87|121|94|85|47|51|35|25|53|32|37|25
430,Jaroslav Chmelar,162,405|1261|288|109|155|97|59|72|85|60|76|55|52|64|13|10|15|11|14|8|13|10|9|10|13|7|21|9|9|13|40|440|48|46|88|23|35|157|63|40|58|51|20|17|18|16|19|22|13|18|36|15|9|17|13|11|14|20|15|22|15|12|11|18|8|16|7|11|10|10|9|14|15|9|13|17|11|10|8|9|9|12|11|11|8|10|10|6|10|5|7|9|14|17|10|6|9|16|3|3|10|11|15|10|6|10|17|9|8|17|12|12|16|16|16|9|19|45|22|2546|239|84|58|159|93|50|76|471|380|165|91|33|94|29|42|56|45|66|62|81|27|196|176|65|36|396|68|39|469|134|282|87|59|39|41|46|27|22|53|38|68|60
431,Will Cuylle,365,96|95|40|55|45|49|46|40|35|53|52|44|71|100|113|65|102|187|123|105|137|167|180|183|93|254|140|367|271|158|117|233|168|125|149|97|111|109|133|106|72|89|62|64|86|66|50|90|65|38|47|47|46|66|90|92|102|39|57|107|62|79|82|75|67|39|69|57|45|65|58|76|144|160|348|268|108|48|35|53|61|40|51|50|51|39|37|31|32|48|46|23|32|44|27|28|60|32|27|44|40|26|30|33|26|31|24|26|22|24|26|25|19|28|50|34|29|28|34|27|33|30|49|38|28|33|42|36|32|37|35|27|38|31|27|28|33|29|39|36|39|36|47|36|38|62|59|41|31|25|48|53|44|60|54|56|57|40|68|85|59|63|50|51|65|105|63|86|96|78|75|89|242|189|94|102|72|174|85|58|92|82|104|79|97|103|162|66|64|88|52|54|67|37|91|44|106|34|172|47|68|62|66|55|289|80|48|137|55|276|51|136|141|140|73|76|44|64|26|82|55|80|48|73|156|91|54|52|55|227|59|75|105|59|92|57|45|75|35|57|261|63|91|87|56|79|77|63|68|69|112|96|70|59|117|49|106|87|66|156|646|73|105|105|64|49|78|119|80|52|63|64|99|79|108|45|49|193|155|69|64|80|49|90|197|71|90|67|117|85|150|104|165|144|84|38|49|59|62|35|45|50|51|59|31|28|62|52|48|51|97|104|72|56|63|94|185|84|49|75|43|49|300|101|64|46|66|39|45|52|63|45|45|31|29|24|57|44|48|33|47|182|116|59|65|61|34|35|45|45|160|103|58|1304|144|84|98|53|49|34|51|87|45|84|54
432,Adam Edstrom,365,25|26|11|13|18|16|14|22|15|14|14|16|22|13|11|14|18|12|13|8|29|16|21|11|15|9|11|19|21|18|9|24|25|12|14|17|34|25|22|25|10|16|14|11|13|11|8|11|16|15|16|13|19|14|17|23|22|12|14|13|15|24|19|18|15|10|80|66|31|30|29|32|23|22|27|35|26|15|13|27|24|18|33|12|13|17|10|15|14|15|11|9|13|13|14|13|14|10|13|10|12|7|11|13|9|11|17|8|6|9|11|16|16|11|10|16|9|5|15|17|12|8|9|19|6|6|13|12|13|11|13|8|16|12|15|12|14|7|15|16|12|11|127|206|58|27|28|11|18|23|26|33|19|19|31|20|25|22|32|18|34|28|13|18|13|25|22|30|60|30|20|25|52|131|40|46|27|216|81|45|69|65|76|31|50|31|45|15|24|59|31|11|33|18|28|14|48|17|23|23|23|36|31|26|32|23|24|43|24|53|15|15|42|46|24|24|23|109|22|38|24|175|25|48|43|42|20|24|18|25|16|20|23|18|19|22|30|38|31|19|18|22|19|17|9|30|25|13|27|20|18|22|15|16|22|14|31|27|26|35|46|24|16|26|27|21|28|27|23|27|24|19|26|28|30|35|29|26|24|13|24|27|19|12|29|24|26|18|30|18|29|25|30|26|31|27|23|20|29|30|31|20|20|14|16|19|41|19|22|25|36|28|34|19|14|13|32|19|24|40|24|13|55|43|28|17|35|36|18|115|31|48|34|46|15|24|13|16|18|21|26|31|30|17|27|22|15|15|22|7|17|26|17|25|18|19|15|20|9|14|12|16|18|33|17
433,Tye Kartye,365,19|19|20|36|22|18|20|22|18|19|20|13|24|30|28|20|35|30|29|25|19|34|21|13|18|28|14|19|22|19|12|30|27|23|28|35|21|22|22|35|29|19|26|26|17|15|21|18|22|16|20|17|11|15|16|9|17|14|12|10|12|22|25|30|25|27|23|15|18|21|25|26|22|19|23|32|20|15|81|77|55|32|20|13|16|14|7|16|15|11|23|54|25|16|19|14|17|29|9|15|4|7|15|19|15|13|15|10|10|18|13|15|18|15|18|7|18|9|11|8|26|13|14|17|8|17|19|11|13|20|14|14|19|32|21|19|20|19|17|11|21|17|20|13|21|19|22|15|12|28|16|19|25|23|15|15|23|42|18|21|35|15|51|12|13|39|20|42|20|11|15|23|32|32|32|80|21|67|31|26|99|41|57|47|91|25|44|21|27|68|25|257|33|20|44|19|21|21|27|14|44|21|42|30|16|33|38|22|40|23|49|14|33|18|23|52|16|57|19|61|31|16|13|28|20|109|64|45|38|27|32|48|30|43|23|50|39|29|19|22|34|21|22|33|20|25|20|34|8|130|96|45|25|26|25|32|42|31|31|51|41|27|24|56|93|53|70|38|55|18|32|121|100|54|52|39|53|30|27|34|23|43|30|32|21|65|32|45|21|43|13|33|60|57|62|126|37|34|35|34|31|8|19|28|18|11|18|23|13|14|26|22|17|28|379|2061|1468|597|286|319|82|160|223|207|101|114|658|539|100|689|438|283|140|64|59|65|63|44|485|243|206|108|129|52|87|134|65|104|125|70|107|107|138|217|74|66|140|59|70|44|49|85|183|1003|161
434,Noah Laba,365,8|38|10|13|9|8|10|7|6|12|12|5|11|10|11|9|8|8|15|8|5|10|6|12|9|7|9|6|13|4|7|3|9|8|7|10|3|15|8|12|6|15|14|13|2|6|12|4|7|8|7|18|19|21|20|17|6|8|6|7|2|12|10|5|5|4|6|11|12|4|14|12|22|20|31|78|40|24|13|15|12|11|8|10|27|9|15|13|8|6|7|12|5|9|11|10|9|8|4|6|7|6|2|6|3|5|15|3|7|5|8|8|9|11|9|4|10|3|10|5|7|9|5|3|7|9|6|4|5|6|12|9|9|7|10|12|13|1|4|6|12|8|6|12|11|50|96|62|93|103|84|73|64|31|29|58|84|51|77|468|360|814|178|104|106|1905|417|267|441|406|208|802|1242|1390|437|336|154|2899|803|270|224|136|222|83|178|106|377|96|96|117|57|55|1712|107|183|55|350|94|1333|315|200|342|118|87|2489|472|114|236|94|204|80|64|191|322|68|109|68|124|57|111|47|131|50|703|206|124|45|45|32|239|59|308|183|65|110|43|58|95|32|53|671|99|111|114|32|117|151|77|76|43|178|70|63|96|213|36|284|214|152|152|197|63|54|56|57|36|50|81|34|36|74|43|198|62|99|39|37|56|46|33|44|35|36|24|139|42|75|91|75|36|43|40|69|38|40|38|30|26|44|32|36|28|34|27|13|29|24|28|44|42|73|45|45|35|26|78|68|41|33|69|43|37|85|108|46|178|197|98|35|181|312|189|63|56|34|49|27|42|19|31|25|20|46|35|40|85|54|38|75|92|73|146|53|270|58|71|61|43|39|33|26|35|30|74|39
435,Alexis Lafrenière,365,283|292|254|243|453|239|385|201|307|208|417|166|254|205|467|208|153|462|650|346|309|212|237|556|205|303|310|225|224|153|206|310|256|214|205|248|253|267|217|222|169|232|264|233|199|258|183|191|235|187|201|150|186|305|212|332|307|231|240|217|172|282|184|184|185|150|177|223|192|262|419|1047|438|259|366|331|195|187|189|218|195|200|173|151|129|86|105|161|313|232|179|119|102|84|219|113|117|108|96|75|90|77|101|110|110|98|360|304|135|122|120|115|102|85|107|99|94|79|95|78|92|69|85|88|75|95|84|93|83|83|78|84|83|56|55|78|67|75|63|81|68|69|96|107|85|81|74|68|84|116|129|160|90|110|127|81|104|143|111|110|141|140|112|99|121|145|124|138|144|171|155|215|289|610|311|343|254|299|252|195|281|259|306|217|468|297|375|462|319|710|269|210|577|351|364|236|397|158|197|177|177|269|261|230|636|357|324|420|290|338|303|187|279|225|152|342|219|328|241|279|275|349|195|206|252|245|183|213|221|284|158|200|219|184|316|184|163|532|171|264|552|253|334|451|340|303|255|167|237|197|398|196|202|313|493|290|517|524|511|768|1060|431|440|623|317|411|483|532|384|385|721|659|818|679|724|408|485|557|507|518|492|509|366|300|432|396|434|536|548|352|263|267|397|430|286|256|345|206|196|241|340|338|328|438|368|324|425|335|714|650|1188|878|583|433|420|753|430|317|406|477|434|346|729|378|475|332|454|912|313|500|303|237|316|480|226|241|355|327|346|334|260|256|537|191|338|313|181|192|266|324|378|300|265|262|198|242|549|210|215|226|296|267|241|279|271
436,J.T. Miller,365,383|391|308|385|653|457|311|254|223|224|165|169|251|226|182|209|166|228|167|198|265|238|233|246|206|272|273|227|226|174|192|210|176|186|172|148|182|142|163|185|156|146|221|106|120|166|126|138|171|170|160|104|120|136|145|263|197|122|151|136|116|299|212|193|152|160|150|1099|617|333|246|330|196|154|284|330|259|235|269|283|323|269|258|279|240|204|220|231|217|260|288|413|381|262|249|236|205|109|101|83|115|99|98|393|101|93|101|96|128|88|80|139|89|69|121|151|143|208|2742|757|147|93|73|190|172|107|106|120|108|85|110|124|108|111|90|117|79|139|150|145|181|153|128|437|101|88|105|81|95|82|108|4350|1503|812|551|409|365|298|298|317|425|544|283|264|323|322|224|259|195|240|209|233|539|1852|425|568|319|515|368|346|662|334|410|302|464|332|341|227|194|416|197|189|562|815|1646|407|747|263|354|224|212|431|234|224|438|485|258|262|220|554|233|254|559|479|274|1223|1040|748|298|324|347|505|258|330|338|385|255|243|210|331|219|343|437|224|343|221|236|415|266|951|1515|495|535|655|260|467|417|431|331|238|248|182|214|199|227|222|293|357|244|1537|1401|425|350|404|350|336|431|613|356|304|592|340|1774|602|576|350|337|367|504|346|304|533|513|370|638|333|428|467|894|580|477|355|484|537|863|965|775|704|670|655|2192|1218|1875|2261|888|729|1932|1153|2450|1385|16129|7238|4690|3053|1613|1594|1379|797|602|892|606|414|440|465|388|297|301|318|209|318|447|436|246|320|203|272|275|258|301|248|803|285|484|317|302|243|212|196|212|358|536|494|442|484|224|211|251|140|194|189|227|283|200|247|265
437,Gabe Perreault,365,138|104|116|123|95|92|128|85|100|117|117|88|83|85|90|123|87|101|138|131|66|93|51|101|88|97|225|109|59|63|76|76|69|54|60|88|76|92|72|85|63|91|69|64|61|71|77|53|67|64|58|62|69|69|71|96|67|42|45|59|63|69|79|108|72|55|80|113|90|96|74|393|183|117|148|190|161|148|81|63|106|84|99|171|91|61|52|88|159|177|97|61|70|97|59|73|69|62|91|77|54|65|33|57|69|85|41|66|81|61|66|50|53|54|80|58|56|68|42|42|58|61|46|44|50|52|29|40|30|33|56|59|41|44|33|40|34|63|67|57|62|60|59|56|48|100|71|49|54|50|54|67|57|50|66|53|262|135|136|709|181|153|68|76|89|169|93|105|206|165|112|130|153|218|107|108|101|199|99|91|158|123|95|124|91|89|95|81|87|157|100|92|147|87|105|76|76|115|120|123|98|95|94|95|147|225|908|1326|260|338|116|141|168|138|80|167|202|98|110|98|110|108|108|100|104|143|138|107|121|97|134|119|131|123|143|155|106|108|133|115|128|121|117|186|226|1141|304|174|156|238|313|191|203|233|175|141|181|226|159|228|489|176|204|207|137|163|404|230|153|210|205|133|1181|233|249|123|105|154|168|144|180|574|232|204|616|193|327|208|267|146|142|127|196|214|177|177|177|117|171|128|134|121|135|154|127|161|164|151|472|1549|932|359|240|231|225|259|460|225|239|1281|331|267|484|644|288|267|874|880|304|741|360|292|259|313|235|272|185|332|368|349|275|249|558|245|279|265|156|143|234|279|282|4259|1637|693|323|842|527|260|249|198|300|442|210|331|272
438,Taylor Raddysh,365,100|74|69|390|367|384|455|141|464|212|455|394|1215|3113|1313|668|222|663|659|329|434|347|224|110|128|125|105|159|269|111|82|65|98|277|239|243|154|87|136|113|90|117|105|60|62|56|45|40|56|45|64|36|54|56|76|138|69|42|35|42|30|36|38|39|41|35|40|44|40|31|34|53|21|49|107|2585|547|229|111|112|121|106|88|85|77|59|51|46|43|47|55|35|48|50|47|30|53|162|121|70|52|34|49|44|45|60|52|41|47|30|34|82|29|24|27|34|28|28|36|34|22|30|58|51|36|39|38|32|27|27|28|35|33|43|41|36|29|39|47|23|37|21|40|37|55|53|29|25|29|34|41|46|50|61|58|70|133|69|50|74|60|65|49|105|66|121|82|72|167|108|57|144|297|499|129|157|83|819|351|103|94|67|118|100|94|51|57|64|173|4393|254|175|244|70|120|61|967|162|166|83|79|154|72|87|153|233|77|94|77|1525|68|77|144|170|42|195|46|97|55|179|65|148|124|101|212|500|130|92|103|122|73|176|80|97|71|198|182|159|151|115|159|75|144|98|39|74|48|64|63|298|1028|115|86|115|218|86|207|177|160|210|651|387|148|160|327|104|91|136|78|65|145|112|139|94|159|139|106|66|119|68|97|373|125|78|310|105|255|299|233|117|1133|119|461|187|351|97|75|70|71|78|70|60|42|61|49|45|77|67|50|53|95|76|81|85|387|162|324|144|73|74|105|85|347|237|624|317|169|104|80|104|91|75|51|94|101|102|184|49|208|140|115|340|124|93|142|90|62|74|82|97|89|118|250|143|126|72|98|227|76|64|66|62|144|234|60
439,Matt Rempe,365,474|309|353|290|355|448|297|241|329|305|270|203|253|214|269|219|216|235|268|236|279|272|282|221|250|248|229|266|310|234|202|290|216|196|238|203|374|543|264|208|168|186|222|179|183|149|164|183|260|188|300|204|183|203|180|184|216|168|200|175|144|599|410|200|209|210|261|216|148|134|176|276|364|352|179|223|300|171|134|160|157|120|136|168|211|394|387|209|187|177|194|390|568|354|256|185|269|279|203|183|223|214|210|169|138|157|155|222|262|188|160|197|162|202|251|161|162|220|201|178|198|219|159|152|170|164|162|170|174|157|188|193|191|131|154|136|150|160|140|155|173|228|302|335|218|216|193|173|162|162|185|207|146|150|150|189|281|192|231|315|292|341|213|204|235|372|290|276|326|460|377|285|354|1289|337|551|424|950|961|510|695|383|833|540|889|556|541|335|591|5216|1123|582|696|441|558|400|503|274|312|317|278|345|285|282|420|418|339|453|313|503|283|325|538|474|446|482|273|357|345|459|298|370|258|337|345|334|305|265|283|430|313|360|319|337|365|337|292|389|252|360|470|287|666|517|368|400|542|434|394|564|671|331|389|609|815|466|667|655|430|807|1918|678|535|732|561|489|578|982|518|367|398|468|457|359|371|390|308|391|330|335|384|392|297|301|655|288|618|490|536|349|300|323|341|387|412|275|281|252|244|238|353|375|383|384|359|323|566|380|433|367|833|539|398|510|438|516|487|317|435|459|481|643|481|489|291|281|338|301|213|268|289|286|213|255|245|316|236|229|284|275|230|235|248|196|229|332|209|219|255|219|231|431|326|455|194|194|256|183|205|172|204|224|201|359|284
440,Conor Sheary,365,81|95|66|64|84|62|57|51|118|85|94|103|54|99|76|66|53|64|91|70|83|68|76|85|77|79|62|74|84|44|55|62|55|44|39|57|38|58|44|54|47|63|44|35|63|61|51|32|99|46|55|59|62|65|37|36|42|42|43|43|28|104|64|67|44|39|47|37|52|92|59|52|499|327|175|96|92|58|50|48|61|59|44|40|29|53|41|41|43|32|51|32|36|46|32|44|33|31|142|850|268|190|129|98|56|90|79|63|70|45|44|55|66|32|39|31|44|36|43|50|40|58|36|50|50|31|46|27|30|29|35|33|31|50|33|48|51|36|31|35|40|26|44|35|45|36|43|40|37|27|27|67|54|48|47|57|640|359|264|147|237|332|70|67|82|122|116|118|207|151|126|928|753|1546|286|342|212|546|601|135|173|122|315|152|272|84|180|101|112|195|75|69|119|83|119|74|265|87|93|52|66|119|91|88|172|212|95|111|60|236|49|48|162|108|69|114|77|123|81|205|76|147|87|124|108|96|50|48|66|131|67|89|1205|319|250|81|63|219|86|81|166|69|124|167|120|140|144|98|123|72|66|58|51|54|82|73|113|155|103|121|175|54|61|56|68|56|75|146|55|61|63|52|49|80|62|54|52|58|49|62|56|55|48|50|83|51|66|88|219|357|138|79|70|59|76|53|57|42|52|43|63|47|85|69|45|50|74|52|78|65|171|80|75|45|82|156|237|98|90|110|85|54|123|145|85|99|112|222|60|86|67|57|62|65|62|188|69|53|63|48|263|72|59|61|72|242|132|116|157|81|113|96|388|421|75|95|113|59|59|54|49|59|61|109|43
441,Adam Sykora,365,13|34|13|10|23|29|12|24|17|12|9|15|12|13|19|58|72|35|29|25|49|181|78|112|65|46|48|44|37|230|160|56|66|30|141|39|47|53|76|54|22|35|15|18|23|18|20|13|21|19|16|14|21|22|26|27|15|14|18|11|17|19|19|7|16|9|13|16|10|20|23|46|26|33|31|19|19|9|15|14|8|19|19|12|9|8|13|29|11|9|11|14|7|12|15|8|12|12|15|14|6|8|10|5|9|9|13|6|7|13|8|5|8|7|15|9|11|5|7|14|4|15|3|16|9|9|7|5|11|7|10|14|5|10|13|4|14|13|8|12|16|5|17|17|13|14|47|32|101|26|28|16|24|18|12|10|12|13|56|104|17|9|11|18|33|27|14|16|18|14|11|10|19|45|11|28|19|22|19|12|11|13|10|21|18|12|17|18|15|14|18|12|16|7|12|31|10|12|23|20|10|18|8|13|31|17|14|20|10|16|22|21|18|23|13|9|13|15|9|19|11|11|12|14|15|19|7|7|14|20|15|12|15|19|12|14|20|12|9|20|13|21|11|13|10|22|14|30|18|20|19|22|17|83|30|40|31|22|20|32|44|26|79|39|34|50|40|27|37|15|24|25|23|21|26|34|23|21|23|17|21|15|24|16|12|12|16|11|32|8|20|22|26|23|23|26|32|15|22|82|28|24|33|21|24|33|27|25|32|36|49|27|21|25|17|18|20|23|19|26|20|23|25|27|21|11|6|23|18|20|13|18|15|20|17|14|19|14|32|23|152|604|1202|242|3506|1945|800|356|293|141|157|367|121|1068|144|134|143|54|65|23|44|75|40|75|88
442,Vincent Trocheck,365,205|81|78|86|123|106|78|85|75|71|89|74|130|153|93|95|76|99|69|94|83|91|103|78|65|64|76|83|88|76|117|198|130|210|104|130|108|206|122|149|104|142|121|124|91|137|129|104|108|64|151|115|127|177|95|128|140|64|146|92|99|326|166|128|111|98|81|100|74|91|167|137|90|91|135|117|80|67|53|75|68|66|66|67|126|85|62|98|99|65|62|48|45|37|89|66|62|51|49|46|57|123|113|54|54|52|56|45|40|40|42|45|58|47|56|57|30|33|64|38|43|39|36|110|98|57|26|68|95|49|39|41|55|47|40|48|42|68|61|46|59|47|58|54|66|57|61|71|55|59|56|289|131|97|91|87|102|65|60|70|101|141|80|67|72|84|76|79|142|96|100|93|188|544|132|179|213|281|127|138|182|115|107|77|99|94|117|87|78|133|92|70|95|80|95|55|126|94|111|91|91|190|113|109|170|165|144|381|147|537|119|81|184|242|66|151|124|110|84|116|75|261|99|440|238|207|122|119|139|178|88|129|200|109|104|77|87|128|61|67|329|120|190|198|148|177|330|213|162|184|302|188|269|229|237|156|335|377|203|2135|4050|880|449|485|367|385|518|456|302|178|254|235|467|483|545|461|552|373|395|415|382|264|244|294|395|429|569|519|1623|632|338|346|423|414|711|752|603|682|696|708|2125|1124|3313|2282|762|486|1916|1155|2600|1353|22944|11281|5011|4194|2655|2417|2530|1474|3032|3432|2031|1614|4967|1358|562|402|317|303|250|236|225|269|176|269|195|232|247|180|225|156|386|134|198|159|158|182|101|111|136|128|134|172|158|328|123|125|268|89|109|86|125|175|115|154|160
443,Mika Zibanejad,365,766|336|267|240|196|212|321|360|235|217|198|216|212|314|281|436|315|323|318|416|623|946|2328|715|2113|865|1283|583|552|411|256|265|343|247|1029|420|993|1217|353|267|288|294|227|191|166|214|160|148|204|129|166|140|116|135|292|465|384|329|285|812|1070|571|279|221|180|209|299|244|214|210|158|367|186|155|202|204|162|108|145|118|128|113|145|113|125|160|131|109|108|116|156|96|112|107|81|97|97|98|95|102|80|93|118|150|90|110|117|109|94|97|113|97|165|110|128|100|92|98|77|77|107|74|88|122|125|135|97|83|95|67|136|115|118|138|95|81|107|119|107|82|132|116|100|93|101|89|110|95|99|87|98|236|166|165|149|112|131|121|176|213|162|199|107|98|145|167|117|137|184|183|155|156|305|853|225|250|312|544|451|232|498|298|401|842|1045|305|378|169|204|442|177|151|348|193|524|163|371|140|205|153|140|300|146|170|515|351|176|475|198|329|118|179|409|533|176|283|190|430|186|241|160|265|145|214|665|581|194|168|148|315|181|592|365|257|543|222|332|741|239|408|885|546|525|570|205|293|556|297|274|174|279|172|277|284|339|211|258|342|314|780|10970|961|853|968|699|416|722|1217|433|266|629|297|595|460|1414|944|431|410|410|260|243|369|244|226|746|251|679|691|788|397|273|234|356|377|485|341|483|374|376|4212|1880|2804|2495|755|627|4053|18027|6176|1335|821|1074|607|471|374|381|640|1474|509|372|432|258|275|897|900|352|360|697|620|226|378|294|311|238|280|270|488|321|227|686|4762|6837|1342|2077|497|535|520|275|326|570|397|661|581|372|582|234|264|370|205|259|210|208|227|195|347|232
444,Will Borgen,365,69|52|38|38|50|41|32|39|24|34|44|32|41|23|43|31|46|55|43|37|34|46|37|35|23|40|32|33|20|26|34|40|23|30|36|42|45|49|39|30|35|28|39|18|31|25|28|21|35|25|30|29|30|41|38|32|38|23|37|34|39|36|42|51|32|38|45|53|38|43|32|38|41|42|98|118|49|50|41|41|53|30|37|33|37|32|27|24|28|32|33|23|23|28|22|42|108|62|28|23|19|26|19|28|33|27|22|20|27|20|24|25|31|19|17|33|27|27|13|21|13|18|19|16|18|30|20|19|21|24|33|20|21|23|21|25|25|31|40|32|23|32|22|23|14|22|17|20|25|28|28|34|34|31|37|36|46|28|45|36|88|55|33|39|35|39|27|31|45|34|32|46|94|166|86|219|55|144|85|77|73|42|77|53|79|101|148|44|45|81|45|31|79|45|67|32|72|49|254|74|69|70|42|30|84|57|48|72|66|184|75|72|70|46|52|46|32|73|42|70|64|38|40|49|38|76|48|45|35|92|53|215|93|245|124|132|98|61|33|63|57|62|72|71|42|70|75|45|46|63|49|41|41|49|50|55|75|64|45|125|216|54|41|73|75|58|139|74|58|61|116|59|85|78|70|50|85|73|58|63|53|57|42|58|251|76|55|75|67|77|62|37|48|56|55|50|38|38|52|54|58|47|66|71|34|40|51|52|78|101|168|98|55|44|48|69|89|59|58|103|44|74|89|170|130|59|46|60|41|48|147|99|61|52|31|98|30|41|44|36|44|23|79|59|117|52|29|35|48|50|44|80|58|75|37|71|121|35|27|40|35|41|38|48|44
445,Drew Fortescue,365,21|10|9|19|8|12|28|9|10|15|14|14|11|14|12|9|11|9|15|25|13|9|11|15|20|8|13|9|14|10|14|12|14|12|8|15|11|23|20|11|14|15|17|10|8|19|16|8|7|7|9|12|9|13|15|13|15|4|15|7|5|10|15|10|8|11|16|14|22|19|12|24|29|30|37|117|31|16|23|19|15|18|19|31|12|14|9|25|8|11|22|10|12|21|15|9|11|20|14|5|7|12|18|6|12|10|10|13|7|12|7|11|12|21|18|14|16|13|4|10|8|7|8|10|7|10|12|4|9|6|4|6|10|9|13|5|10|7|5|8|10|6|13|6|4|9|15|7|11|10|13|16|13|9|13|10|10|6|8|26|14|12|11|12|17|11|11|11|13|26|10|5|15|51|13|20|10|31|15|12|9|15|5|11|13|12|12|8|15|18|18|15|13|17|12|12|13|16|6|7|8|4|5|8|16|26|16|19|16|12|11|22|24|13|13|20|17|11|20|15|10|17|16|14|18|11|5|15|16|10|9|17|16|20|6|10|24|13|19|18|17|11|14|6|18|22|18|11|19|17|24|24|33|39|22|17|21|21|23|22|29|10|25|17|4|9|12|14|16|16|15|10|11|16|40|13|20|9|14|8|10|10|13|12|19|13|17|16|13|15|41|41|19|11|26|34|8|10|67|11|22|13|14|14|10|5|11|6|20|26|31|29|15|25|23|12|25|23|16|26|15|18|23|30|15|11|23|26|22|26|15|17|7|14|16|19|28|552|1182|766|710|286|150|1176|3811|1131|440|264|255|186|287|582|189|272|81|124|333|92|74|89|103|74|80|108|67
446,Adam Fox,365,226|157|164|224|236|260|147|130|116|150|126|139|159|115|184|200|172|166|157|230|164|181|114|135|135|177|131|148|139|141|150|189|191|193|174|135|157|170|170|157|158|183|158|251|398|175|162|121|165|159|164|142|135|157|190|174|174|94|129|146|137|162|135|152|121|117|134|128|135|126|175|304|135|131|243|217|171|153|142|130|119|147|289|354|235|134|77|131|125|114|101|96|80|79|120|91|76|91|110|86|102|98|159|178|138|156|92|62|105|103|93|133|113|90|85|100|88|80|149|109|77|87|76|182|128|118|87|90|85|106|118|104|143|139|114|143|156|176|278|131|210|147|136|188|118|92|89|96|85|102|108|237|133|144|118|119|100|100|136|175|150|152|108|87|129|442|226|162|164|174|152|149|249|372|185|331|131|542|243|206|258|190|240|201|273|159|245|212|236|522|197|151|1202|197|221|144|229|127|253|190|148|203|183|173|254|273|162|229|141|187|153|220|405|221|123|246|152|249|142|214|266|265|309|272|485|309|331|336|306|218|160|200|272|141|150|182|126|192|135|225|196|179|224|228|190|169|193|185|148|157|179|159|190|192|250|239|240|631|834|2260|3041|1124|751|666|392|262|258|286|220|240|218|159|247|309|298|195|308|295|340|242|208|214|178|190|267|156|274|230|228|177|206|187|221|244|207|183|207|141|162|135|223|183|258|306|206|186|410|299|313|247|1108|861|630|446|426|1051|882|372|655|658|494|352|444|291|205|149|190|256|139|218|186|176|182|167|138|159|108|131|134|144|219|111|171|133|136|259|166|146|184|140|225|220|146|297|145|243|450|188|195|122|176|175|141|152|126
447,Vladislav Gavrikov,365,109|101|58|94|285|117|272|84|111|64|261|61|238|62|147|75|53|67|62|75|42|39|34|23|29|50|79|69|42|43|37|71|96|82|103|70|65|66|77|76|77|51|58|52|48|55|37|61|99|81|155|186|183|119|153|188|229|222|191|136|107|125|99|119|181|114|355|421|384|235|195|242|247|513|6548|2421|682|360|306|317|346|279|243|231|195|171|177|223|178|194|169|166|169|146|225|151|175|57|44|37|50|38|41|37|37|43|51|41|31|34|40|39|31|36|42|34|29|35|29|38|32|16|40|29|40|45|45|24|31|39|31|34|44|37|34|29|49|48|54|47|36|52|32|48|41|37|42|45|59|35|65|64|71|99|115|93|80|53|151|334|86|61|53|36|48|67|61|91|77|53|62|68|194|345|96|103|111|231|118|81|130|64|132|60|149|47|189|53|65|104|35|38|114|37|66|42|96|37|261|81|52|71|40|53|79|63|47|308|59|125|58|48|158|201|47|66|39|142|50|166|36|234|57|86|109|95|30|49|52|585|103|589|159|69|98|65|45|86|45|50|112|49|179|57|37|66|70|41|73|45|76|51|46|49|67|69|384|101|85|127|338|53|55|138|78|55|83|92|69|61|61|53|73|80|80|56|57|91|174|58|54|41|53|39|93|49|84|91|107|66|43|51|80|102|113|88|51|53|88|65|112|73|96|100|83|80|120|112|121|111|244|156|106|73|63|107|119|53|67|181|57|54|207|149|62|36|85|50|50|60|118|165|69|97|97|92|106|59|78|117|65|38|37|34|34|44|37|25|50|26|49|75|60|79|43|24|68|34|28|39|61|105|59|64|44
448,Vincent Iorio,365,12|11|8|5|19|14|15|10|9|9|21|7|12|17|15|11|14|14|25|18|14|12|14|22|8|12|9|5|10|26|12|7|10|19|9|15|11|10|10|24|7|9|9|10|6|14|10|14|5|5|11|10|10|9|9|12|6|10|7|8|10|13|11|12|11|5|13|18|8|12|36|43|28|38|13|21|28|11|15|16|16|14|7|12|12|6|12|16|11|8|3|13|12|14|5|2|12|11|7|7|10|5|4|7|7|7|3|4|7|8|17|5|7|8|10|7|14|12|4|17|5|7|4|9|10|3|11|5|5|10|8|7|6|8|3|15|12|7|32|5|7|10|12|7|20|11|14|7|10|17|14|9|12|8|11|12|46|24|22|10|15|86|16|25|16|32|30|26|48|17|22|57|54|39|28|22|16|24|18|17|163|935|463|261|195|79|77|89|78|118|73|91|68|38|43|31|47|39|26|46|33|41|43|27|53|51|32|26|48|40|31|21|41|25|26|34|41|49|32|50|60|38|45|32|112|68|50|21|51|53|172|47|24|29|26|28|33|23|43|72|64|42|22|165|39|61|46|74|29|35|30|29|49|32|754|75|179|80|60|59|89|56|51|57|97|120|30|77|83|60|51|32|57|295|49|51|39|73|43|27|28|38|44|36|38|64|34|364|1602|795|383|289|144|189|373|68|40|47|43|32|33|42|33|39|25|23|31|36|31|26|43|38|48|57|130|226|74|62|61|163|53|55|361|119|55|41|37|50|33|35|35|60|41|83|139|116|113|214|124|144|46|77|164|51|53|61|23|36|44|61|32|127|35|49|45|28|39|31|28|26|38|35|51|48|27
449,Matthew Robertson,365,104|61|33|58|46|38|42|30|30|41|34|30|33|35|31|62|41|25|33|39|39|39|36|41|42|34|41|39|30|40|42|35|23|20|20|32|53|61|45|35|35|28|33|28|47|36|30|34|46|28|27|33|26|30|23|33|31|40|37|30|29|24|27|246|111|46|39|43|26|31|40|36|36|43|51|45|41|34|26|43|30|35|29|22|29|9|31|19|21|33|13|15|20|14|21|22|22|14|15|24|14|23|21|20|10|19|14|15|24|20|15|19|32|25|22|15|23|19|24|18|25|19|25|18|23|18|17|24|19|18|21|7|25|18|26|19|20|16|23|22|33|22|23|16|21|24|24|57|247|66|33|45|29|24|29|31|37|18|30|106|41|50|30|22|23|50|16|30|51|30|32|31|76|56|37|35|28|170|157|95|169|67|170|136|1529|253|112|58|75|83|30|28|59|27|30|28|62|24|23|35|24|51|27|35|96|50|42|44|34|38|24|37|107|93|43|56|25|59|21|96|19|53|22|127|76|68|32|32|29|189|25|55|179|43|124|31|37|225|64|44|258|42|419|109|46|71|58|32|106|42|45|33|25|37|41|30|126|75|34|87|301|56|45|46|34|26|66|109|63|29|41|38|70|53|55|49|48|230|63|51|21|43|37|33|1061|113|87|66|121|50|31|51|41|57|43|48|51|38|45|33|40|35|43|35|17|26|31|24|37|45|32|35|43|35|33|53|57|34|26|57|31|40|145|58|39|49|51|46|26|142|41|37|23|53|26|42|50|29|89|42|81|59|155|28|208|48|32|26|24|28|33|47|34|73|43|71|56|27|79|25|69|91|25|39|50
450,Braden Schneider,365,54|58|81|73|83|65|56|52|65|52|44|37|51|56|66|62|59|71|60|69|58|49|39|46|40|42|57|54|32|35|48|40|63|38|41|42|52|55|38|52|49|60|40|67|54|43|31|56|72|32|42|30|30|31|35|40|55|33|55|54|36|43|44|43|24|23|64|59|52|64|56|69|40|42|83|81|56|43|40|35|52|53|42|33|35|43|57|72|66|61|29|31|18|29|29|33|27|23|35|24|37|41|27|36|25|28|53|21|34|33|40|27|28|38|35|51|26|22|29|41|37|29|22|32|45|23|35|35|24|22|24|30|35|39|28|20|26|35|31|41|28|20|29|36|29|37|27|32|38|28|25|50|42|43|52|73|64|49|47|43|40|40|37|36|35|47|40|60|71|38|41|42|76|119|52|97|62|123|78|109|103|50|105|71|99|82|108|59|53|81|40|46|75|64|80|51|219|49|62|41|37|79|45|48|81|61|44|76|40|82|47|47|83|88|37|90|40|59|31|63|37|91|38|42|56|58|49|63|82|96|60|76|89|52|74|49|61|97|56|99|115|54|60|72|38|74|95|54|60|51|79|61|46|64|70|52|100|136|47|85|210|95|64|84|80|63|140|124|73|64|128|72|92|79|149|87|84|103|204|275|183|116|89|83|137|119|172|149|203|227|241|140|179|135|175|126|134|108|127|90|133|81|69|87|89|70|105|79|102|76|126|153|119|129|94|124|190|120|144|173|119|127|258|113|74|73|62|61|57|96|69|129|62|66|45|47|54|67|78|49|73|73|92|55|75|77|34|48|50|62|92|67|58|127|56|57|76|47|52|47|53|50|49|61|44
451,Urho Vaakanainen,365,53|43|55|41|37|67|51|45|32|46|41|32|24|38|53|40|42|53|46|43|41|47|33|40|53|55|42|42|38|23|35|41|48|37|41|62|46|38|33|38|43|35|52|30|26|21|22|22|45|31|37|37|35|47|51|65|35|29|33|29|39|57|36|48|52|37|45|46|28|33|36|69|38|54|76|72|45|34|29|36|32|42|45|35|28|31|27|32|30|28|25|26|22|26|22|27|49|27|18|27|27|20|29|23|21|26|21|19|30|19|27|16|25|29|15|20|22|24|26|20|22|23|22|22|26|25|34|34|19|27|30|30|29|28|27|16|21|23|27|23|32|28|18|21|28|18|20|30|32|22|31|42|28|27|30|41|59|44|37|35|39|32|26|35|38|55|33|33|42|52|36|45|84|180|65|102|54|120|65|68|92|52|53|46|99|49|42|28|46|77|36|53|44|37|54|30|84|49|48|46|40|42|46|40|46|64|64|71|53|87|43|50|90|67|49|51|65|46|36|61|38|45|38|47|40|48|30|36|41|66|46|56|49|43|64|38|28|44|41|48|44|30|75|54|36|44|35|20|37|37|39|31|34|38|38|39|46|46|69|99|92|49|44|127|53|38|42|77|43|36|53|72|61|49|45|48|59|78|51|36|41|43|51|47|149|43|42|65|56|28|39|40|54|57|47|44|35|39|44|54|68|42|70|44|48|35|68|49|56|57|92|79|55|53|45|44|56|52|46|39|50|31|62|57|34|24|46|49|39|36|36|52|32|31|37|35|31|51|33|33|42|31|26|24|30|33|30|25|22|36|25|32|31|43|44|25|22|29|24|20|25|22|35|42|38
452,Michael Amadio,365,92|76|189|650|103|585|249|256|133|531|63|122|344|139|555|62|55|39|43|48|37|46|31|39|34|62|30|46|30|35|19|45|43|32|30|40|35|47|34|65|42|79|37|26|21|26|32|26|31|28|28|21|38|37|28|31|28|16|17|24|29|41|51|30|22|45|23|20|15|24|18|27|26|79|47|39|48|27|22|23|34|27|16|26|22|16|19|21|22|26|32|29|15|17|21|31|14|17|19|21|12|17|24|19|23|27|24|34|20|24|31|24|21|47|20|19|21|15|29|24|23|13|16|16|15|9|19|14|17|17|9|19|25|16|12|21|23|27|20|19|17|21|23|27|18|19|15|22|27|29|18|29|26|27|20|25|28|24|31|50|28|23|18|20|16|32|21|30|13|25|42|32|34|37|49|40|41|40|63|23|61|41|57|47|30|26|32|35|94|117|28|41|31|61|47|21|29|22|53|30|27|39|34|184|94|41|220|64|66|47|69|46|82|26|37|37|32|45|21|61|55|98|41|88|56|34|36|39|33|70|44|26|43|38|21|37|49|27|63|39|17|22|56|25|30|42|52|34|67|25|37|36|75|33|98|36|48|41|67|41|38|40|40|59|34|54|59|33|47|31|26|57|66|26|35|87|39|32|53|43|28|33|62|56|37|33|86|26|47|41|32|148|60|35|52|23|74|30|29|35|36|34|36|35|25|44|38|32|18|19|39|34|37|30|46|44|27|142|35|34|74|42|62|42|66|48|58|40|59|27|112|85|54|37|17|50|39|42|468|231|95|84|38|61|37|24|25|19|69|43|59|37|56|68|57|82|54|61|153|101|202|53|51|51|73
453,Drake Batherson,365,571|150|2241|1860|493|1401|669|503|283|992|475|739|838|1030|606|236|178|142|169|147|183|171|128|116|105|101|148|324|254|147|82|93|118|146|129|117|124|110|114|175|123|114|126|91|57|66|146|197|145|115|124|104|91|99|76|68|57|48|50|68|57|78|77|52|52|45|74|66|66|58|51|78|67|60|67|65|56|56|56|41|49|59|55|36|42|43|48|37|41|70|91|38|43|36|44|41|46|127|76|90|58|59|106|99|281|193|74|61|80|55|70|53|55|39|37|38|36|39|32|50|42|42|41|39|39|47|41|48|40|76|55|35|64|40|34|54|57|38|49|67|63|49|49|53|45|31|35|55|57|85|36|48|42|53|60|59|109|73|63|66|48|64|48|58|59|70|61|49|64|71|70|66|99|89|91|115|94|80|111|161|237|131|121|99|71|61|60|104|75|68|54|138|83|461|108|86|143|99|219|124|94|114|98|123|78|82|94|68|210|100|129|87|112|89|59|63|56|106|197|95|95|254|59|137|99|46|45|66|61|190|82|118|82|92|40|78|234|66|210|440|121|74|114|75|66|330|240|202|425|133|132|90|75|163|323|129|122|186|272|215|198|298|115|352|109|161|444|370|247|160|145|154|177|76|91|231|170|115|98|76|84|69|165|125|77|86|210|99|83|79|82|133|98|96|106|119|81|86|180|83|109|94|111|176|107|87|126|182|124|152|262|157|123|102|669|243|119|575|136|88|305|104|109|80|124|74|120|130|419|119|170|321|294|112|119|145|109|110|116|88|158|121|190|273|102|78|64|68|123|120|152|208|162|77|99|113|159|213|92|117|194|94|147|311|122
454,Graeme Clarke,365,26|33|19|12|38|14|160|21|34|21|24|16|23|14|80|40|19|12|19|26|17|15|26|21|11|20|18|9|20|13|21|15|10|17|16|19|23|14|15|12|13|17|6|14|16|19|12|13|12|14|17|19|13|10|21|17|18|18|15|12|7|14|7|10|10|12|4|13|8|3|12|20|24|26|32|117|78|41|30|20|19|27|17|24|15|12|21|70|15|17|12|33|8|17|14|10|13|13|11|16|6|13|12|28|14|9|7|6|16|10|33|20|11|12|17|11|12|13|20|16|20|14|22|24|33|30|28|19|20|14|17|24|19|21|16|15|6|10|14|16|10|15|10|21|14|13|14|17|13|14|14|18|15|16|11|15|18|11|16|17|14|18|19|281|116|32|39|32|50|10|21|19|33|53|42|27|30|34|30|19|27|19|16|23|23|12|21|19|30|24|23|25|30|8|22|25|28|18|30|11|22|14|11|28|19|25|14|11|33|24|31|21|109|27|28|19|22|21|19|12|17|64|34|19|11|19|26|25|20|31|26|16|17|44|25|24|21|17|41|23|30|20|19|15|28|22|18|21|20|31|35|38|80|61|62|50|29|45|31|22|39|81|67|25|23|25|24|35|57|17|16|17|32|20|25|31|14|22|33|18|16|30|26|28|16|16|12|13|27|37|18|12|14|27|20|23|18|24|7|21|17|22|25|30|21|12|9|28|23|25|34|42|18|21|22|18|19|22|24|33|23|19|204|616|378|115|67|44|37|44|48|117|85|62|43|30|28|29|37|24|30|19|20|22|15|17|13|21|19|19|28|23|28|10|15|15|6|20|22|15|31|22|27|16|17
455,Nick Cousins,365,155|141|411|621|536|930|318|1489|1129|1039|181|165|710|290|666|149|119|187|238|155|169|133|137|95|141|91|95|94|72|92|120|204|110|103|94|110|56|96|103|93|87|127|126|95|77|55|76|91|111|55|96|49|66|120|73|74|104|70|122|67|77|249|118|66|101|416|177|101|54|67|52|74|63|120|476|139|85|124|168|167|163|154|159|156|142|159|164|168|153|147|165|153|151|228|165|138|148|247|105|35|26|44|36|27|27|43|38|34|44|28|41|58|42|31|43|44|33|30|27|32|43|29|30|33|31|47|49|38|52|44|48|37|37|40|36|41|50|56|48|34|32|49|57|61|50|40|46|52|49|42|41|35|47|50|51|35|78|51|76|159|70|40|44|43|51|78|2103|791|302|217|142|100|97|68|106|123|183|294|126|74|88|102|129|91|70|47|97|134|123|164|78|220|103|207|132|60|140|257|718|360|271|136|99|103|155|98|213|118|97|53|102|39|71|44|131|106|80|192|68|95|117|70|86|267|116|60|106|85|89|130|84|77|82|69|47|998|1024|297|188|184|112|100|269|182|195|152|120|81|146|113|93|68|83|105|731|138|144|117|109|91|190|196|117|173|76|93|338|110|117|74|68|82|134|69|62|910|258|75|76|77|81|73|159|134|77|111|567|118|93|127|65|101|226|137|937|132|96|58|74|51|57|50|62|72|68|80|61|58|61|76|106|141|155|109|97|182|121|338|104|73|139|70|119|58|158|94|103|70|938|86|165|154|82|67|70|179|90|96|123|70|153|102|67|211|99|51|40|54|77|75|132|124|167|100|95|127|188|116|103|89|106|83|96|131|86
456,Dylan Cozens,365,250|125|607|1449|306|957|282|491|480|1003|122|137|1547|652|588|109|96|117|105|78|69|78|81|79|63|57|77|78|69|68|73|84|66|76|55|79|81|90|91|104|61|81|105|86|93|72|81|100|82|65|73|55|83|79|68|56|70|38|75|58|46|152|91|59|51|82|101|107|94|194|135|119|99|113|279|184|106|59|58|92|87|122|137|75|87|63|71|54|90|66|69|65|61|62|53|48|59|51|38|34|38|56|52|52|41|61|41|50|69|63|48|45|50|50|63|59|58|50|53|70|63|57|61|73|53|57|51|45|38|51|64|72|54|41|35|48|44|67|67|64|70|76|65|71|67|55|59|62|48|59|57|68|58|67|66|75|72|83|116|205|78|51|53|67|67|94|283|279|147|147|146|113|105|123|163|296|322|171|192|165|248|294|180|149|115|102|132|277|153|113|147|368|169|191|138|99|107|97|139|71|66|60|62|81|170|135|242|78|97|84|214|92|81|63|94|71|78|114|63|166|100|98|65|73|77|70|73|85|155|121|166|180|87|121|54|87|156|77|114|168|86|62|168|92|86|130|95|104|173|137|277|97|117|140|344|96|244|95|184|96|145|133|130|325|87|123|130|84|125|83|92|104|245|117|91|440|130|72|108|71|139|86|166|209|94|130|219|358|251|327|188|221|170|319|284|107|89|146|120|77|78|60|66|101|81|75|97|67|71|87|137|103|104|87|94|647|264|689|116|155|406|94|334|95|344|174|188|193|343|80|120|206|134|94|104|153|124|96|125|122|154|100|103|120|134|84|58|55|87|115|970|120|169|127|111|104|91|121|147|114|105|96|115|203|101
457,Lars Eller,365,172|103|114|523|745|314|857|239|729|393|908|139|292|454|173|104|103|156|131|353|241|256|235|162|178|194|179|136|216|125|260|128|246|142|382|353|314|209|147|133|106|112|98|75|69|90|59|65|87|72|77|51|70|103|59|57|98|52|64|121|70|128|81|81|79|64|61|56|69|74|83|114|70|71|1423|1111|335|205|108|108|107|229|216|149|146|99|146|107|85|83|65|162|128|67|59|87|69|85|71|60|47|75|61|52|65|52|55|57|46|70|82|69|58|72|45|33|44|38|45|56|45|36|32|45|68|99|58|66|47|62|79|65|105|49|39|71|56|63|62|57|97|90|67|61|58|69|69|40|70|74|57|59|75|101|90|82|75|63|85|76|121|94|50|73|64|77|132|90|79|279|685|131|108|153|163|228|131|164|167|86|171|257|125|139|80|77|95|159|88|186|234|277|139|171|112|149|599|186|252|97|72|89|118|128|96|105|116|74|100|73|92|57|141|79|68|69|88|169|77|151|94|108|72|109|162|129|93|102|88|304|98|79|67|88|62|61|82|71|106|81|82|66|88|82|75|73|79|66|75|90|85|97|141|136|1039|278|240|132|141|190|146|131|313|135|401|186|389|143|119|110|287|151|165|100|88|378|149|90|94|90|108|92|99|115|96|78|128|90|93|119|114|226|132|115|191|153|183|177|167|259|738|525|3781|1187|294|1280|272|173|165|143|207|167|123|89|104|119|135|129|73|73|78|89|278|104|156|85|128|133|258|87|87|82|57|76|112|124|131|110|131|79|316|274|69|88|67|66|50|53|65|54|176|91|88|71|69|73|70|107|100|130|145|108|115|86|79
458,Warren Foegele,365,115|74|76|96|828|156|711|143|544|84|1546|132|484|100|1331|317|172|113|207|160|92|99|61|72|61|89|52|58|65|55|76|59|48|60|62|42|53|61|61|74|92|85|206|83|67|89|82|100|141|66|128|60|57|74|71|49|98|48|70|40|39|108|88|80|74|59|60|48|32|43|40|46|41|45|64|80|66|26|33|43|46|31|37|20|25|24|32|23|26|32|34|32|44|137|83|32|38|48|24|32|40|37|30|24|19|23|34|16|18|31|24|23|28|24|16|30|14|22|22|25|24|19|27|36|45|28|18|31|15|16|35|29|25|25|21|19|19|37|27|20|24|28|28|13|17|24|28|14|17|20|22|23|23|29|32|25|14|28|25|24|32|28|36|26|31|22|24|19|31|30|38|64|60|218|67|28|42|45|30|41|37|32|81|24|84|27|21|46|29|33|25|42|56|32|26|28|36|23|33|16|24|37|25|37|17|45|26|43|75|45|664|49|48|36|35|57|34|41|37|30|30|82|25|23|26|31|33|30|30|40|32|40|32|66|40|27|30|95|53|56|74|35|47|35|41|33|24|32|43|59|36|30|44|26|35|37|48|23|21|50|45|50|52|133|59|59|38|46|195|48|39|53|52|29|43|40|35|31|33|34|39|24|57|37|37|43|29|54|40|59|35|36|55|66|82|202|144|117|113|58|49|45|37|58|55|46|44|39|48|130|94|66|59|41|49|201|64|49|45|69|39|1648|3336|613|1376|234|252|135|154|60|95|308|164|50|73|58|269|89|501|88|879|141|58|78|80|42|37|43|81|54|80|57|105|63|94|65|66|88|87|98|69|68|78|388|96
459,Claude Giroux,365,584|554|1280|1773|852|2032|625|3066|865|1909|410|754|1012|710|1822|691|630|503|420|364|420|380|380|323|300|343|308|353|323|347|318|409|252|302|277|269|280|334|357|318|242|492|332|360|195|311|269|262|306|203|384|221|231|330|274|196|346|193|385|279|263|878|621|452|312|297|341|380|355|329|374|662|1243|1355|522|438|413|256|197|172|187|174|164|158|165|138|130|155|146|134|148|193|174|145|137|129|118|159|154|115|129|162|145|152|233|125|113|111|144|117|138|120|137|115|119|114|130|122|97|95|126|120|135|117|126|141|110|129|117|131|134|141|147|127|104|119|139|103|136|124|116|114|90|139|155|120|118|124|144|112|140|171|219|177|186|124|248|204|186|201|172|151|142|181|129|201|180|164|158|216|208|178|225|201|297|365|237|279|311|368|317|352|315|303|264|241|284|357|643|827|348|299|217|928|472|257|330|229|330|199|193|224|234|618|692|326|284|217|232|251|603|219|251|225|255|204|195|258|208|389|205|284|183|302|390|275|304|230|308|342|364|266|206|291|215|207|274|225|352|277|259|169|288|262|201|435|259|233|404|318|434|193|197|377|1269|322|354|423|530|408|329|479|320|1482|888|498|499|336|521|460|376|374|448|380|319|649|410|379|340|251|277|264|360|258|271|235|744|297|299|332|295|901|445|425|756|252|189|188|214|178|300|206|246|343|261|298|315|257|326|305|936|615|487|412|474|652|535|555|323|382|377|283|410|306|373|282|266|366|726|356|385|439|309|252|257|317|269|340|862|304|477|318|256|303|272|441|280|274|227|237|453|283|548|464|349|451|353|436|475|513|495|1551|833|684|619
460,Ridly Greig,365,251|92|251|1973|673|2584|1001|885|429|654|127|219|667|217|318|138|133|97|90|78|85|63|60|79|61|80|70|37|72|73|50|76|38|42|35|44|54|44|54|52|44|53|60|54|36|35|59|37|59|34|34|44|43|42|31|41|45|27|32|35|34|47|37|24|37|26|40|24|47|40|49|89|44|35|41|45|36|41|32|30|28|39|37|26|35|32|33|42|34|36|39|52|44|35|41|15|41|47|29|24|20|54|34|28|27|28|25|41|26|30|23|23|38|33|28|25|30|26|27|29|31|20|28|18|24|25|19|27|18|29|24|33|25|30|28|23|36|25|23|24|43|60|35|41|38|28|27|41|42|56|36|29|39|25|33|46|119|77|47|44|27|24|34|36|37|37|33|36|35|33|44|35|43|43|49|68|45|41|84|30|44|59|53|39|36|27|37|78|39|57|109|67|43|78|49|43|55|45|45|30|31|39|50|79|68|38|95|40|43|58|61|53|46|61|47|45|55|58|59|63|36|48|43|57|48|41|44|57|45|63|36|43|48|57|34|42|54|30|38|137|60|42|87|31|45|65|74|78|118|60|121|80|104|75|141|69|82|58|111|88|112|114|88|99|62|116|63|76|97|48|53|87|121|50|58|159|189|59|116|61|111|109|80|85|43|70|197|71|50|81|43|57|50|55|64|46|40|37|62|41|45|21|37|47|43|38|45|53|47|50|74|61|51|74|98|150|77|172|55|47|187|55|114|46|76|57|182|59|57|32|43|49|32|45|37|91|107|49|141|70|82|78|79|46|40|40|35|29|38|50|115|105|107|71|57|70|57|40|186|88|62|30|39|77|60
461,Stephen Halliday,148,92|43|19|15|80|12|23|63|36|28|21|47|17|64|60|36|72|28|26|40|28|26|23|18|19|35|17|25|56|34|28|60|26|66|17|70|39|238|23|34|9|101|46|26|48|35|64|22|42|27|24|22|15|12|9|16|17|23|9|11|5|13|57|507|53|160|567|93|54|58|33|32|51|21|36|247|39|79|34|19|68|54|23|23|16|16|14|6|18|6|16|18|9|17|26|25|14|13|24|12|226|31|35|32|53|57|40|32|19|20|16|19|15|24|14|14|48|17|14|25|67|60|52|36|21|19|12|14|13|10|23|18|23|23|14|17|19|34|21|23|23|23|23|40|18|33|56|17
462,Hayden Hodgson,365,40|29|57|68|25|22|30|24|51|48|25|21|33|26|42|21|12|19|17|13|9|12|13|10|13|13|15|5|10|13|18|13|8|15|9|16|16|15|17|10|11|18|15|13|7|10|10|14|21|13|8|13|10|10|30|16|15|6|13|11|9|17|22|9|16|11|15|14|11|13|12|23|12|18|21|86|56|42|14|14|21|15|17|10|13|9|13|15|13|12|11|11|9|8|9|10|17|12|11|8|12|11|13|18|13|16|14|7|12|14|11|11|19|24|16|12|10|7|21|17|13|14|4|13|7|16|5|14|7|9|15|14|12|8|8|14|5|15|11|7|12|13|11|13|52|14|11|12|8|7|6|7|17|8|9|11|14|19|24|76|11|21|9|19|15|31|331|88|25|53|58|21|25|17|14|12|13|16|14|3|10|8|13|8|23|16|6|14|22|20|12|12|13|11|8|12|7|9|7|7|11|10|6|8|17|32|92|36|65|24|26|32|93|20|22|19|26|42|13|280|50|71|90|90|45|28|20|13|31|30|25|12|44|52|16|18|10|8|12|12|10|7|11|17|10|14|14|12|15|16|9|21|17|19|18|11|7|14|17|9|11|18|13|14|21|11|10|23|15|18|14|9|12|12|24|8|10|7|20|22|15|11|9|17|8|10|7|5|15|9|9|16|20|13|7|10|14|1|5|3|9|3|8|14|10|7|15|10|14|14|11|19|18|15|7|14|6|14|15|24|7|13|15|11|155|33|19|6|9|10|9|18|15|12|8|13|8|5|17|4|4|10|7|10|13|14|6|14|18|13|4|9|7|11|9|10|13|7|8|59|33|15|56|162|34
463,Arthur Kaliyev,365,65|60|48|65|67|52|63|53|70|52|84|50|40|35|56|83|44|54|55|46|46|66|32|45|50|48|48|44|44|53|43|46|39|39|39|49|64|66|80|59|50|44|41|36|43|34|36|32|58|40|43|43|38|42|65|60|79|48|48|43|38|65|50|39|45|41|63|51|50|86|70|88|51|176|194|1540|369|156|113|100|107|82|44|55|61|49|50|47|36|44|48|59|55|37|55|34|40|35|34|37|41|38|32|34|32|51|44|42|36|42|58|44|53|51|25|34|44|33|36|21|55|65|43|57|58|66|25|37|26|44|69|39|51|48|49|54|57|36|39|41|38|38|39|39|33|42|59|34|250|580|818|1229|682|313|212|149|273|222|123|155|104|85|60|71|68|76|103|55|56|71|380|261|88|90|63|62|67|72|73|64|69|158|176|188|86|73|75|74|50|57|54|55|46|55|52|44|50|43|68|1571|3365|812|494|449|380|323|265|239|117|83|55|62|80|94|107|144|71|63|73|78|57|60|39|52|34|49|59|74|59|129|84|66|59|67|63|44|48|53|43|52|71|66|77|53|60|67|140|67|61|66|60|54|48|70|92|121|89|65|67|62|74|85|93|75|59|55|54|54|61|108|149|163|130|106|142|99|105|65|65|61|53|57|59|58|84|79|68|62|84|116|81|59|53|85|50|55|59|59|58|163|100|62|43|77|51|56|61|67|86|91|113|108|66|62|65|174|92|138|135|164|68|56|71|64|53|66|45|73|53|40|42|67|109|142|137|524|231|108|79|70|76|82|60|59|94|112|222|79|61|47|76|73|71|57|60|55|49|105|163|129|199|63|56|88|81
464,Kurtis MacDermid,365,37|36|91|59|62|49|54|29|80|77|44|42|65|42|55|43|55|40|54|82|36|36|43|46|40|38|20|44|31|27|44|37|33|28|32|44|47|44|47|44|33|45|27|39|26|28|25|40|43|25|32|39|27|41|30|22|36|23|24|23|19|57|53|41|31|31|28|55|39|39|26|66|38|34|73|92|78|43|49|32|46|35|45|31|36|20|29|27|24|27|29|18|16|32|33|31|28|27|26|26|39|23|16|36|24|31|34|26|25|43|17|20|17|34|49|25|16|21|26|18|22|25|24|30|26|18|21|29|37|20|28|17|32|41|37|28|36|28|36|34|30|29|35|22|18|23|29|19|17|25|24|32|34|24|35|35|54|37|35|32|31|27|26|45|32|35|48|41|1629|2405|773|358|221|182|193|429|320|150|99|70|71|60|75|69|90|56|51|96|51|70|92|124|68|128|148|80|75|526|385|140|97|97|86|157|61|38|74|65|75|74|283|95|90|64|50|44|49|62|43|77|65|70|53|64|47|47|52|31|114|243|100|53|55|52|44|40|31|38|111|110|57|36|286|55|46|87|60|44|244|63|123|34|90|48|55|66|158|81|92|49|57|77|58|69|78|86|92|68|65|53|65|48|60|44|52|52|78|58|55|45|37|43|51|38|59|53|50|55|50|51|41|37|52|46|52|47|51|35|45|31|45|29|36|46|38|39|55|43|42|37|68|56|57|48|65|51|55|76|27|50|34|106|230|68|57|47|51|107|64|50|49|35|43|37|32|35|39|34|46|27|142|72|54|45|41|62|51|45|30|55|55|48|48|46|65|45|49|44|37|63|101|60|72|86|72
465,Shane Pinto,365,175|113|420|1207|200|769|547|606|1178|1233|161|388|1109|293|353|148|128|148|176|174|172|173|168|202|178|134|151|72|68|93|106|124|156|181|426|207|994|745|507|196|117|132|122|74|75|61|69|57|57|61|80|64|77|85|72|50|64|63|77|67|62|73|89|67|71|63|80|70|118|80|52|88|80|98|93|169|104|62|50|80|77|58|53|48|55|44|37|50|50|61|78|56|52|46|53|33|51|75|82|59|52|62|46|51|68|46|49|25|28|33|49|63|48|38|38|53|44|32|54|55|54|51|39|131|132|73|44|32|43|35|78|55|101|64|69|40|36|40|33|39|50|44|34|46|43|31|56|71|95|59|66|61|52|78|59|56|64|36|65|468|88|79|80|55|57|101|128|94|159|166|223|86|142|109|134|510|264|502|355|185|234|463|855|1003|713|421|377|329|393|349|294|369|431|346|192|164|152|142|175|111|97|82|132|301|142|134|157|150|156|822|816|402|257|135|130|129|121|239|322|149|102|161|83|200|153|113|112|120|124|185|116|310|136|130|101|83|100|79|62|102|86|73|111|79|86|100|190|112|198|218|131|97|72|106|152|131|190|172|243|182|139|189|138|234|169|325|443|167|201|85|87|130|241|57|77|205|156|96|163|125|100|89|125|84|109|91|116|79|171|250|112|146|105|87|113|78|62|55|82|88|77|73|80|92|80|67|80|89|98|92|213|181|140|109|228|154|85|260|119|133|140|112|125|81|166|128|140|88|185|118|120|132|87|66|100|216|845|245|184|154|934|147|122|130|124|71|75|55|56|92|143|197|161|83|89|127|100|157|383|168|229|67|93|170|122
466,Tim Stützle,365,840|580|716|1055|400|922|550|1273|965|1180|220|373|686|393|1664|304|211|248|238|178|184|229|218|360|197|382|209|261|154|135|139|246|330|189|145|130|133|150|140|105|115|148|107|90|74|96|73|78|182|88|109|70|80|77|89|51|123|76|88|152|124|140|85|86|85|54|90|92|76|139|104|191|117|91|82|125|90|71|86|81|92|68|96|59|65|63|65|213|422|317|191|125|113|79|102|72|63|61|59|57|56|65|70|50|54|51|67|40|48|54|63|64|80|67|56|70|54|77|45|48|71|56|44|74|50|89|79|50|58|55|57|58|59|51|37|57|53|60|51|61|51|54|44|80|82|47|51|53|47|61|65|68|72|47|69|66|87|102|103|86|74|83|73|84|72|98|98|109|142|125|122|130|160|163|149|208|152|132|181|120|211|259|162|150|130|97|159|192|151|211|125|137|150|285|188|128|173|112|216|118|87|75|104|129|248|207|130|125|186|109|298|121|140|93|86|120|115|162|118|239|144|226|107|163|140|126|121|139|98|151|115|189|127|114|108|102|160|154|245|303|165|124|253|230|170|233|298|201|262|163|277|113|175|266|452|174|251|155|264|256|241|304|188|421|261|264|552|330|347|149|206|209|439|188|196|820|287|210|259|192|168|153|247|192|337|245|324|249|171|263|220|318|307|215|447|299|263|255|307|304|1516|1313|879|4028|1289|1111|1008|450|384|323|434|314|233|239|250|312|205|206|162|220|316|165|261|165|219|171|275|235|350|319|314|243|187|142|125|179|159|172|248|189|228|184|164|232|131|111|88|93|113|128|171|146|314|276|207|255|151|198|163|187|156|146|190|347|384
467,Brady Tkachuk,365,1545|1371|5103|4825|1895|5641|2540|6735|2568|4815|1081|1432|3907|2396|9765|1998|1436|1493|2142|968|1222|862|1209|901|1550|640|706|874|654|1203|732|1273|735|909|582|1108|612|1534|634|954|460|1543|1092|661|519|631|513|654|1493|475|2244|516|422|1548|550|587|3647|743|1240|951|920|8348|1664|1043|762|591|604|474|465|338|418|519|347|338|429|344|353|285|229|246|273|253|209|236|260|216|216|225|147|252|196|173|194|175|286|348|218|233|213|177|216|288|217|221|202|190|277|299|348|331|611|580|374|296|268|278|324|254|251|234|221|187|249|308|255|233|224|244|313|221|187|202|246|196|199|207|177|200|176|199|224|199|201|187|169|176|159|196|219|181|206|393|275|214|224|738|456|354|267|270|258|264|245|236|289|358|336|308|979|1369|1112|1010|1060|923|836|817|844|814|1099|1267|924|948|698|576|578|431|449|588|530|512|446|445|422|548|445|353|395|392|432|339|278|322|357|449|398|365|421|342|984|675|624|446|420|336|358|364|376|467|336|421|365|459|586|707|916|578|472|495|460|867|512|725|490|613|578|533|732|615|503|1065|713|645|939|674|691|688|624|486|689|503|598|447|491|511|968|541|609|924|1126|1760|2002|2164|1189|1426|873|1115|2470|1418|1335|750|783|746|1261|1173|1026|1744|1371|1157|975|750|872|694|936|768|644|791|982|861|696|1012|809|1086|1110|1274|1797|1907|2313|2318|2338|2624|10742|7312|20817|31616|14181|5865|14601|7293|27247|17695|103232|36275|22206|15717|11449|17321|6690|4347|2669|2261|4275|2849|2186|2268|1521|1052|1052|1386|1342|1085|984|1053|1119|1017|1044|1190|1266|1012|850|767|1022|994|889|852|812|737|631|588|759|1073|2152|1499|1456|1291|1091|1216|844|850|964|1080|696|804|982|1064|1145
468,Fabian Zetterlund,365,154|103|316|517|297|418|210|181|106|542|107|107|122|97|187|66|91|80|69|54|45|61|42|42|42|49|49|34|35|37|42|37|49|42|52|47|52|45|45|48|49|33|43|50|35|33|23|41|42|30|35|31|49|42|28|33|33|55|28|22|30|30|463|186|82|53|63|70|45|50|44|50|59|49|59|75|47|39|50|37|37|28|47|51|32|25|25|21|26|36|28|25|38|62|63|41|22|31|28|22|25|30|31|30|27|23|20|20|29|26|22|26|30|38|29|19|17|18|21|25|33|28|21|22|25|31|21|39|20|30|31|38|24|17|26|30|23|34|20|28|22|20|21|25|27|21|16|22|21|21|28|32|26|36|39|35|42|34|39|77|36|40|28|27|30|36|50|42|54|49|68|48|58|56|69|66|59|60|66|45|62|47|57|57|64|39|45|40|39|72|47|43|39|128|38|25|39|33|43|40|20|34|55|49|43|51|68|22|62|49|55|41|60|26|26|37|37|101|176|329|61|75|58|39|79|52|41|54|41|210|53|57|35|53|30|39|81|37|37|40|35|22|55|40|30|52|88|54|370|70|79|53|66|45|75|45|79|40|157|121|90|74|73|72|128|71|75|54|320|52|67|47|72|55|97|63|70|95|82|72|54|75|113|69|57|77|91|42|37|74|42|43|53|38|44|50|34|30|38|40|96|83|42|47|34|40|49|36|48|41|47|39|51|56|53|58|40|63|53|44|53|82|105|86|66|44|51|52|64|39|56|361|115|53|47|42|40|55|61|30|59|52|53|40|38|35|31|28|21|68|93|58|71|47|69|69|87|320|82|70|168|51|65|74|36
469,Thomas Chabot,365,130|144|389|594|164|1121|287|345|179|836|101|292|1832|315|590|118|128|90|86|99|87|99|72|75|72|70|71|68|59|65|53|95|86|73|66|67|69|55|76|59|57|56|64|88|59|71|72|63|70|45|54|39|49|49|39|34|58|34|29|38|44|56|62|49|42|39|52|46|48|48|113|116|62|59|80|69|69|68|39|48|46|45|43|46|35|51|25|37|26|54|34|31|42|31|33|33|53|35|36|29|25|31|34|32|30|39|28|37|39|36|33|53|49|39|28|30|29|16|29|29|37|39|40|32|26|35|23|31|24|19|34|33|37|28|28|24|33|37|34|30|39|36|35|54|59|49|42|23|44|24|35|36|32|33|49|46|74|56|33|39|72|64|57|102|83|178|134|57|35|71|80|61|75|68|72|85|54|84|106|51|56|91|59|78|55|41|49|168|77|73|41|57|77|105|65|56|80|109|85|69|84|58|65|99|103|86|91|46|110|68|70|35|58|47|44|43|59|50|59|99|63|49|40|55|60|66|41|70|46|70|44|62|47|37|72|41|72|41|54|52|42|37|69|60|47|76|135|65|96|69|91|62|104|94|209|87|134|89|255|187|110|437|182|302|94|84|151|62|93|57|63|90|164|61|56|253|90|57|88|46|68|64|102|89|58|70|110|129|99|99|68|104|84|70|128|68|56|43|55|57|68|55|46|84|44|55|89|67|80|83|130|112|109|102|118|120|51|332|85|71|86|67|87|46|111|77|111|131|216|65|105|93|89|59|68|97|110|94|146|160|356|158|243|127|72|59|56|53|47|53|60|58|61|60|80|140|363|366|182|114|182|75|70|95|74
470,Cameron Crotty,365,14|10|21|13|16|12|14|19|9|11|15|13|8|6|9|20|9|8|15|6|5|4|6|9|8|7|7|11|7|9|9|11|6|6|12|12|11|15|16|12|10|12|16|9|8|4|7|9|7|5|8|8|10|17|17|19|8|6|9|11|9|15|14|8|9|5|12|12|12|14|13|12|12|16|6|15|20|14|12|15|10|11|15|15|11|17|6|10|7|11|9|12|10|5|8|4|1|10|6|3|2|6|5|8|6|10|10|4|5|12|5|10|13|13|1|5|9|7|8|9|4|3|11|8|7|9|5|9|11|355|211|67|53|38|29|21|22|22|21|20|8|15|15|10|11|15|13|11|15|12|11|17|13|18|7|16|22|9|14|6|24|23|12|16|11|9|7|25|7|14|13|9|14|8|15|19|17|18|13|13|17|14|13|12|27|7|13|11|18|14|7|11|12|30|9|6|9|8|8|8|10|4|6|10|9|9|8|6|11|10|6|11|11|11|6|7|6|6|11|9|10|4|4|7|5|4|7|12|8|9|8|7|10|11|7|4|8|9|19|9|11|6|10|9|11|10|15|5|11|32|8|10|16|6|10|5|7|10|15|5|10|12|12|10|4|11|8|7|10|6|12|7|10|5|17|15|10|12|13|9|12|11|11|5|10|3|12|1|11|18|7|16|11|7|6|5|6|22|2|7|7|5|13|13|10|6|4|12|8|4|13|4|4|4|3|5|12|11|15|7|12|8|14|11|7|10|7|13|5|8|4|6|4|10|4|2|2|5|6|9|28|7|10|9|10|9|5|5|13|1128|772|141|134|115|111|391|126|46|42|42|49|18|81|110|30
471,Dennis Gilbert,365,94|51|79|82|45|70|59|66|41|74|37|37|68|47|68|47|41|31|43|56|40|34|26|37|26|29|17|45|39|25|27|30|38|21|34|44|26|28|38|32|39|48|46|35|37|37|38|28|26|41|35|33|36|34|28|36|32|24|38|24|45|36|37|33|25|21|27|31|30|66|27|42|49|52|561|249|111|94|174|145|171|154|163|155|156|149|154|140|143|138|137|146|142|152|148|130|136|25|21|19|19|19|38|33|21|27|24|19|21|35|36|22|18|29|27|26|22|23|22|28|35|29|26|16|23|27|47|34|24|20|28|26|27|32|21|34|34|19|26|21|32|31|24|29|22|23|31|24|29|33|27|31|33|31|41|38|43|28|56|70|44|35|39|26|32|46|41|72|49|52|81|78|114|69|51|67|91|70|64|56|41|53|35|77|39|29|32|35|41|33|47|37|30|48|42|81|35|33|23|30|27|35|21|23|35|31|22|21|29|31|31|32|38|992|517|152|94|56|53|51|43|38|55|45|36|46|49|46|75|50|79|96|47|35|45|42|45|31|38|43|31|27|19|30|32|40|49|45|40|45|71|44|35|41|38|29|24|26|32|26|18|25|18|27|23|26|48|25|33|36|31|19|32|48|30|32|22|30|31|34|36|34|31|27|30|41|23|35|22|31|27|30|29|31|14|22|21|27|34|17|23|22|16|32|30|37|40|35|37|42|51|32|41|34|23|21|29|44|35|31|24|23|45|23|35|108|64|37|33|94|121|74|61|111|37|87|51|57|217|61|71|49|57|28|27|49|31|28|31|34|56|27|32|44|52|37|30|44|27|52|57|46|37|57|31
472,Nick Jensen,365,88|82|149|275|131|245|140|150|155|289|63|112|158|131|171|70|62|79|69|75|47|66|67|47|41|60|44|41|85|41|47|43|84|19|121|54|52|43|54|46|39|36|41|52|36|50|35|41|32|40|29|17|36|35|27|35|32|27|30|120|289|120|90|62|35|43|46|42|32|22|28|61|35|39|31|48|38|39|34|30|43|42|23|22|22|27|25|29|29|30|21|19|21|15|33|33|21|30|16|17|21|24|28|20|29|32|19|21|23|30|34|34|31|27|25|23|16|20|26|45|21|18|22|20|24|34|33|32|24|34|32|34|30|31|17|17|14|27|25|26|32|23|23|39|26|25|28|24|25|33|20|35|20|30|32|35|40|37|63|55|53|46|32|44|41|34|26|34|25|37|42|20|24|46|48|41|46|42|46|27|43|49|54|40|39|30|31|44|36|45|61|69|27|62|32|37|43|34|56|42|34|25|45|35|50|25|67|25|101|38|56|39|35|31|32|32|42|58|28|44|36|55|39|60|40|48|41|32|29|63|52|52|51|29|49|29|43|35|34|86|74|63|36|49|29|83|68|48|37|44|55|30|52|37|69|67|112|85|208|63|56|55|27|123|100|53|71|45|56|35|49|41|118|29|40|78|85|44|49|35|57|36|519|278|103|53|79|53|36|54|35|73|61|48|108|54|50|43|65|47|82|77|1069|398|112|183|73|54|57|56|76|45|42|51|44|57|42|57|46|28|60|60|92|60|57|55|60|26|36|30|33|24|20|73|50|47|24|29|40|19|49|60|39|20|32|28|20|22|38|22|39|35|34|37|59|60|35|28|29|38|35|33|41|37|36
473,Tyler Kleven,365,38|30|90|466|59|269|74|207|87|469|92|194|483|151|367|82|68|73|52|56|49|67|38|20|17|18|15|19|26|22|17|19|23|27|17|16|27|23|23|22|15|23|33|18|16|235|95|42|28|29|24|18|17|29|21|18|13|15|16|25|22|23|18|17|20|21|19|37|30|26|18|42|36|19|26|19|17|27|30|19|23|21|13|14|13|19|13|16|13|15|18|15|20|19|14|11|14|9|14|26|23|17|13|4|17|14|11|12|7|20|11|19|13|21|21|16|15|15|7|12|14|17|7|20|16|18|10|17|15|13|17|14|32|23|12|13|15|7|12|9|16|26|15|15|11|11|15|14|8|21|21|17|14|13|14|21|42|29|32|20|24|14|17|13|28|18|16|21|13|13|19|14|26|38|28|30|21|29|74|25|18|32|44|45|40|21|29|30|17|24|33|50|29|53|16|17|22|70|75|29|19|21|12|57|30|27|113|28|41|21|30|19|38|14|11|14|35|18|25|39|44|58|15|25|32|24|21|26|24|41|22|28|26|27|22|23|41|20|29|185|62|21|26|34|28|36|63|63|36|34|32|23|47|18|26|20|40|34|41|29|43|37|29|66|36|46|192|63|27|32|21|21|44|15|23|53|26|22|89|39|36|19|31|27|26|29|46|55|23|45|42|53|41|24|40|34|34|23|22|42|27|29|19|24|21|17|26|21|27|33|40|36|31|37|44|68|35|47|18|18|30|17|34|26|233|78|55|26|48|17|35|49|40|27|24|30|29|23|56|34|121|85|60|33|67|28|28|22|20|32|96|46|61|36|52|41|45|47|24|36|35|50|31|39|44
474,Nikolas Matinpalo,365,56|24|77|110|26|70|31|55|32|87|27|25|69|120|248|43|41|139|167|86|55|92|48|67|84|37|48|117|94|35|26|100|69|42|38|28|30|40|37|40|25|25|18|17|19|13|24|7|19|8|16|9|23|20|16|14|14|10|8|13|23|20|19|12|15|6|4|17|13|14|7|37|29|30|15|16|16|19|24|13|11|11|10|11|17|11|6|14|11|16|7|17|13|8|17|8|11|4|13|10|6|16|9|11|28|28|10|6|10|15|5|19|20|13|12|8|10|12|10|9|23|10|3|6|9|14|12|13|9|6|7|10|16|14|9|8|9|11|8|6|10|15|6|15|10|11|9|13|12|14|12|11|12|14|15|10|19|15|18|17|9|17|15|13|13|17|14|14|7|12|14|20|19|22|45|28|27|15|21|12|10|13|16|12|12|14|26|20|20|20|23|27|12|35|25|14|60|20|13|27|39|12|22|37|17|18|17|17|18|20|37|15|13|17|13|18|17|18|12|20|9|26|13|18|26|22|13|15|17|24|23|20|26|17|14|16|24|14|16|17|16|11|17|14|11|32|21|10|17|16|36|16|16|15|29|12|28|18|21|133|94|34|39|44|42|32|50|61|26|26|29|40|32|27|31|24|20|27|39|31|28|15|42|17|27|29|30|21|23|32|21|40|53|42|45|63|62|67|96|141|105|773|282|113|68|66|162|113|322|285|409|249|77|72|48|61|48|42|38|38|34|20|46|48|41|50|52|41|38|32|32|31|24|32|16|21|31|22|31|21|77|59|23|19|26|15|17|12|19|26|39|34|32|26|50|39|25|39|33|30|27|20|28|46|30
475,Jake Sanderson,365,228|161|426|676|183|981|225|1033|406|5124|407|832|1535|555|672|185|156|220|173|137|130|118|108|104|128|93|102|91|116|78|104|103|75|173|116|103|88|77|70|91|74|80|81|55|63|70|63|72|93|64|67|53|61|86|96|75|76|64|58|88|82|83|65|65|67|61|84|64|56|74|103|282|120|92|120|96|73|62|68|57|83|90|69|68|49|63|43|65|97|191|148|93|71|47|86|61|71|54|74|64|78|65|66|47|69|65|65|53|73|99|49|61|74|61|73|69|56|68|96|87|64|49|54|129|121|81|68|57|64|81|80|63|60|61|57|54|60|66|69|57|89|61|62|76|55|42|71|49|40|55|72|65|48|65|59|63|72|65|107|182|81|104|100|91|64|159|165|114|87|128|139|115|118|120|107|154|133|89|161|100|117|197|110|117|84|67|101|172|102|118|116|103|100|275|125|107|192|94|100|90|68|82|77|246|121|68|87|70|101|85|126|75|70|63|71|72|79|124|73|138|101|123|79|164|142|105|77|189|97|224|99|158|114|113|90|86|130|90|128|121|81|94|238|133|106|155|115|79|111|100|146|75|107|154|336|98|269|204|243|926|493|282|202|488|201|176|240|165|188|115|144|144|488|137|148|1210|626|532|450|216|222|153|179|144|147|170|247|166|157|273|232|243|268|264|364|479|633|521|404|468|1393|906|1778|2643|1315|1073|1737|861|1916|1117|11776|5440|2629|2002|1208|1250|575|744|345|444|770|220|255|163|399|305|277|238|284|155|173|155|146|125|157|144|155|173|225|157|196|219|173|149|111|106|108|96|79|105|138|229|158|144|139|577|166|217|288|157|145|148|127|194|150
476,Jordan Spence,365,147|81|62|86|419|84|334|110|191|76|163|71|375|328|2666|314|134|125|109|86|73|67|62|71|80|67|130|53|57|61|56|49|52|55|52|72|64|48|69|58|74|64|71|58|40|39|63|48|80|51|80|44|59|64|53|50|172|90|112|132|94|114|95|67|60|70|63|60|54|118|90|5624|2058|770|511|392|203|141|136|118|127|142|119|95|83|78|74|89|92|132|65|96|138|81|84|63|61|112|63|55|51|70|52|54|59|44|60|152|98|85|113|133|82|59|69|77|43|54|46|59|71|45|50|39|65|178|101|40|52|54|96|121|184|140|84|92|89|89|145|168|139|68|76|117|86|64|115|60|49|74|47|52|76|69|62|67|279|219|163|124|157|260|135|110|78|103|121|97|92|63|98|81|111|160|201|151|155|98|761|140|166|331|249|421|158|93|102|113|108|92|92|74|71|73|77|99|212|95|69|65|74|71|92|88|89|71|1890|158|254|108|238|156|473|95|79|63|78|118|80|219|76|205|52|84|81|54|161|175|58|202|69|103|79|84|58|62|221|102|136|94|89|47|134|70|67|135|151|122|164|102|133|55|96|99|691|94|123|115|137|107|136|132|107|214|102|106|108|75|126|69|98|620|193|62|93|344|163|124|161|73|93|63|182|241|77|72|116|95|70|252|61|113|130|115|100|61|64|74|74|67|72|87|78|89|84|65|112|185|100|74|132|81|132|82|91|135|499|326|94|75|67|71|118|95|127|80|132|149|177|60|380|197|102|55|98|148|184|192|294|145|1113|192|159|264|413|142|84|87|125|124|640|293|428|155|130|844|231|197|215|121|157|78|111|193|141
477,Lassi Thomson,365,35|13|32|24|21|15|24|19|15|17|14|8|26|22|10|32|23|18|23|11|23|17|12|11|13|13|17|15|14|8|22|15|20|15|13|23|22|30|21|28|10|5|19|13|13|17|13|15|11|9|22|20|13|18|13|31|28|18|215|308|55|46|37|30|17|51|38|25|24|17|30|53|33|28|32|26|19|22|21|16|35|24|27|15|14|14|8|18|11|6|14|14|8|17|15|10|8|11|10|7|12|22|13|15|10|4|3|8|8|12|10|5|5|5|9|8|6|7|13|8|9|12|8|13|5|9|17|15|3|16|16|12|6|8|7|11|8|12|18|13|12|13|9|16|16|19|11|14|8|6|6|8|17|14|16|6|38|24|10|17|22|15|12|19|19|16|19|29|27|15|30|53|25|12|25|21|7|17|13|11|15|14|13|13|31|14|13|13|25|12|14|12|20|15|13|7|12|13|8|10|8|11|14|9|13|21|20|18|21|24|26|21|17|19|51|29|38|59|20|28|24|27|19|15|17|15|19|25|13|20|9|18|17|26|11|14|10|14|16|21|16|21|16|25|23|15|19|25|17|15|20|20|18|66|23|21|21|21|35|29|30|19|16|20|22|29|69|36|34|27|29|29|20|20|14|19|14|19|19|15|23|14|14|15|19|11|11|17|18|17|12|18|13|23|9|12|16|6|8|10|14|18|15|16|15|12|28|41|45|40|58|28|21|10|19|14|19|29|21|17|10|13|25|19|10|12|16|22|40|22|51|33|18|26|24|21|20|25|108|167|355|69|30|24|55|23|13|18|33|27|87|53|54|53|93|80|43|72|54|65|38|18|34|82|22
478,Carter Yakemchuk,365,82|75|55|76|56|64|140|96|73|69|55|48|62|45|71|44|47|63|80|58|82|57|34|52|39|30|45|33|41|36|30|42|51|51|37|36|37|39|51|39|42|43|49|57|34|63|30|23|40|28|32|26|44|31|40|30|28|20|20|35|19|37|22|48|32|41|33|49|66|57|96|254|70|71|53|69|73|46|63|68|68|36|51|29|22|27|28|43|36|36|38|34|35|27|57|26|26|19|19|21|13|44|24|21|30|32|25|35|34|26|18|34|13|17|26|24|19|28|20|23|27|19|16|19|16|23|16|21|17|26|37|49|24|25|17|23|28|40|40|31|24|34|21|33|38|29|42|68|183|158|88|54|32|35|31|29|41|32|146|120|54|50|38|62|59|71|171|61|51|64|72|78|101|51|55|65|49|66|59|38|66|47|56|49|46|42|43|41|40|35|40|61|50|35|35|20|43|28|38|52|39|36|46|53|47|47|65|53|75|50|94|49|43|47|49|51|49|53|65|42|44|35|34|40|56|29|44|63|43|41|42|50|51|49|89|54|50|51|50|113|95|90|68|67|77|58|54|72|65|29|47|45|87|312|71|71|103|63|144|57|142|79|199|124|52|87|79|86|44|32|38|39|35|41|40|60|78|69|62|37|40|45|48|62|43|38|38|48|44|51|37|50|45|37|32|48|36|24|28|29|30|30|41|39|36|41|35|32|57|38|85|82|70|44|56|37|42|61|56|50|69|66|41|43|53|37|37|25|59|38|42|88|91|70|46|74|41|34|64|53|1432|5232|832|533|263|96|63|83|151|91|95|68|72|55|83|84|67|76|52|58|72|49|59|50|54
479,Artem Zub,365,38|38|222|362|65|225|130|213|86|871|369|200|205|133|108|29|30|25|23|14|14|22|25|21|20|19|26|20|22|21|14|18|14|13|19|16|11|15|22|22|18|25|16|16|26|16|20|22|20|11|14|14|12|20|32|11|29|10|25|12|10|13|17|11|14|17|22|30|31|20|30|31|26|17|25|26|16|15|13|20|19|26|15|19|12|19|12|17|17|12|17|12|24|23|18|14|14|19|14|18|22|19|21|30|27|22|12|20|21|19|17|20|26|22|15|24|16|10|11|15|17|11|9|15|16|11|11|17|11|13|14|18|13|15|12|15|10|20|19|10|16|16|15|11|9|19|8|20|9|7|7|14|14|10|15|20|29|7|13|23|17|12|15|12|13|29|29|31|22|35|36|21|41|25|26|208|96|54|95|43|35|44|45|40|38|41|15|30|25|53|38|82|45|54|25|35|101|52|58|40|26|22|34|44|42|26|43|38|64|33|84|33|26|24|25|21|26|40|34|26|27|49|36|92|41|39|20|26|31|160|44|58|44|27|20|17|48|28|32|39|20|22|26|22|39|41|64|22|33|30|28|18|72|29|85|38|77|30|75|40|48|63|37|63|94|61|46|44|114|49|46|144|85|28|39|77|48|34|42|24|40|26|48|42|52|37|106|54|33|84|34|44|39|30|54|33|44|34|45|85|61|41|27|28|31|27|30|36|41|38|64|27|38|51|37|53|46|113|71|28|37|36|49|26|56|28|87|43|110|36|48|74|58|44|19|38|41|31|40|41|151|201|57|60|52|26|23|20|18|38|75|36|120|54|65|69|40|234|38|47|66|29|55|120|43
480,Rodrigo Abols,365,29|24|23|20|22|28|52|44|28|12|25|16|13|24|35|25|20|34|57|27|37|47|189|277|135|152|259|163|80|640|472|168|221|60|55|53|36|57|36|23|23|34|24|16|32|14|20|19|24|11|17|12|15|24|14|17|14|14|13|163|57|49|29|15|20|11|20|34|18|28|19|26|16|18|29|20|24|18|16|13|15|24|13|18|12|14|9|14|13|16|21|22|16|19|14|22|12|20|9|16|9|6|17|12|31|16|9|8|9|12|11|23|22|21|9|18|17|11|10|15|17|21|7|16|14|14|20|24|12|13|18|14|15|11|15|10|9|17|21|20|13|22|19|18|17|25|12|17|19|23|26|19|20|21|17|21|51|120|44|88|68|56|52|27|33|310|86|55|42|61|58|69|111|69|78|61|47|43|37|62|31|27|34|47|45|33|48|28|35|43|113|57|38|72|55|54|201|52|82|68|28|40|27|75|60|33|29|26|40|83|18|60|33|31|18|23|25|498|64|95|28|41|37|83|40|29|81|39|79|42|131|33|35|99|33|35|71|29|46|26|50|32|33|80|39|43|207|42|61|281|143|74|67|89|116|111|66|210|91|271|159|107|87|211|205|80|111|83|72|64|110|50|68|291|168|156|92|83|61|50|35|54|41|41|63|46|68|55|64|42|72|77|74|71|108|85|95|71|88|100|329|112|158|180|104|199|103|42|47|49|71|54|45|26|33|46|46|25|45|36|19|26|39|36|43|32|24|26|40|36|21|27|22|28|18|27|33|44|28|23|29|22|17|24|17|41|45|26|31|27|22|24|35|39|36|55|22|20|22|33|25|73|48|26|39
481,Denver Barkey,365,43|23|33|19|20|20|20|30|91|76|43|34|24|27|20|20|17|20|41|24|43|120|35|49|24|45|27|67|205|182|53|54|43|47|46|55|103|150|113|75|89|60|60|242|171|2144|329|103|82|65|76|32|47|40|37|35|35|33|29|19|37|23|37|19|21|32|38|52|31|33|40|146|73|60|58|52|57|74|49|63|34|40|45|33|21|14|19|24|29|22|27|31|38|53|16|20|18|23|24|12|27|13|14|20|32|13|11|16|14|10|20|11|17|22|9|23|16|14|11|5|13|11|13|11|18|7|13|8|8|6|21|6|16|19|12|12|19|15|19|12|17|19|22|19|11|24|27|49|96|41|43|37|25|24|13|18|25|24|24|16|22|29|38|23|21|52|28|29|25|37|26|18|23|22|27|19|30|32|35|22|86|27|19|45|37|19|23|37|33|27|24|19|14|9|12|12|22|20|39|24|15|7|27|46|23|42|15|14|24|20|18|40|43|34|16|20|36|36|22|37|37|21|17|31|20|26|36|17|28|40|30|26|20|37|54|27|21|14|29|31|37|21|15|24|31|284|3744|1067|448|1718|620|130|98|110|94|321|87|253|128|79|1848|1606|275|192|406|204|1226|220|123|92|128|84|89|392|116|96|55|89|59|76|41|762|95|77|121|52|148|182|121|126|61|85|267|201|157|93|56|56|56|40|103|30|37|49|45|79|49|44|42|40|57|58|54|58|100|243|56|53|109|1136|133|45|128|93|349|110|88|67|97|67|57|351|79|59|38|66|45|48|35|37|65|87|42|200|50|238|195|117|206|102|142|89|102|110|76|173|75|67|59|142|112|662|377|265|124
482,Alex Bump,365,111|102|151|105|71|65|216|100|60|71|53|40|42|43|27|23|38|41|47|18|25|23|40|41|34|46|26|27|16|20|21|20|19|30|37|25|22|29|24|16|22|19|31|18|12|30|34|17|11|15|11|14|19|15|13|11|17|8|10|16|8|14|18|9|14|24|21|23|30|18|23|106|45|45|48|151|199|115|139|172|267|123|91|55|39|23|25|32|45|30|28|23|23|25|30|18|37|37|28|27|29|22|79|32|24|27|21|15|28|33|33|27|21|23|19|12|16|24|20|27|17|12|16|16|16|17|12|16|16|13|22|24|11|10|26|14|12|11|16|21|14|17|17|29|21|23|22|40|50|41|24|24|26|41|61|47|40|39|81|83|31|49|57|80|39|53|41|39|29|71|52|36|35|73|40|64|49|34|39|36|28|31|32|80|86|32|39|54|26|49|40|33|24|42|33|18|35|46|34|18|19|19|10|18|46|41|18|19|25|17|18|28|53|23|40|32|55|28|34|33|18|18|18|25|17|16|24|28|57|52|49|19|35|49|19|20|25|20|31|30|30|11|20|28|48|35|60|31|23|29|39|22|18|26|30|37|46|26|27|17|22|40|17|18|22|18|33|43|29|21|20|20|13|14|24|12|6|25|20|19|16|41|28|19|25|20|27|13|38|22|19|11|20|18|17|30|14|20|15|16|13|14|16|32|20|16|27|23|27|30|49|26|25|18|39|17|47|55|34|38|30|31|235|2156|5174|975|432|181|483|977|163|531|93|64|90|101|86|92|95|82|74|74|126|303|111|311|220|120|104|132|281|469|450|221|158|238|121|106|67|94|84|223|797|163|91
483,Noah Cates,365,50|41|44|37|31|27|30|39|25|34|33|31|31|51|45|34|49|58|37|44|54|39|50|40|39|41|28|45|31|32|43|48|34|37|26|37|34|25|31|27|33|73|54|41|41|33|380|197|65|38|31|25|38|34|21|45|22|33|19|35|34|29|33|26|25|21|53|44|27|56|39|70|38|44|51|30|35|29|34|20|44|29|21|33|26|20|18|23|16|23|43|42|27|23|20|13|27|28|26|11|21|17|30|24|33|22|28|24|21|21|34|34|31|20|21|17|24|23|20|15|20|20|22|20|20|30|13|23|13|13|29|29|24|20|23|19|25|46|68|38|44|29|49|32|28|39|25|33|29|32|27|24|33|42|35|30|23|45|18|34|29|31|35|28|38|70|41|33|65|47|40|33|39|32|52|206|89|121|69|91|49|43|57|66|703|211|207|68|57|64|89|49|33|103|133|72|87|46|50|71|44|87|42|221|67|47|35|21|34|101|47|50|41|32|35|36|32|75|37|257|52|33|35|49|22|31|69|41|64|44|164|27|30|42|42|82|128|39|46|42|73|32|38|56|36|85|49|35|38|72|118|53|62|36|45|52|47|159|38|42|76|58|45|50|151|64|69|57|41|49|96|48|61|53|44|35|31|54|25|52|17|61|26|42|56|40|63|39|41|33|63|39|84|71|63|43|42|41|42|56|61|47|47|69|56|45|58|74|64|79|167|160|94|67|135|187|120|39|62|393|44|33|134|82|65|58|64|83|103|400|43|32|27|36|36|110|95|90|63|48|44|49|36|129|52|432|96|68|51|65|64|68|114|100|192|114|62|44|55|300|80|248|129|63|73
484,Sean Couturier,365,212|177|161|151|152|129|151|121|112|139|112|77|120|105|159|114|113|164|143|153|144|139|112|140|128|117|200|715|446|273|200|170|170|131|139|124|134|129|132|132|143|187|134|147|146|176|203|141|172|115|126|75|105|110|75|102|114|61|96|73|88|216|123|107|96|71|160|205|169|130|134|238|125|122|129|118|93|78|88|87|96|88|106|104|99|59|61|81|65|60|58|77|50|64|75|96|100|72|74|57|66|71|69|71|75|73|64|59|56|69|71|87|90|60|66|65|71|46|64|53|66|57|51|51|62|74|40|54|46|46|67|98|67|59|59|54|79|132|91|72|76|95|61|80|63|55|72|62|68|76|67|84|106|136|171|89|130|117|119|143|95|93|96|101|148|107|115|112|115|121|86|86|151|133|188|206|141|184|226|1450|295|284|236|182|206|169|322|167|170|234|197|129|123|221|317|174|295|185|147|210|134|531|118|183|190|139|384|223|147|504|128|191|202|90|92|96|113|175|130|241|108|132|108|216|176|146|273|118|266|129|283|140|124|430|223|143|212|130|192|121|231|137|185|539|140|139|191|103|134|260|302|142|142|127|137|148|145|219|156|162|269|160|145|669|561|229|299|145|173|106|167|142|176|271|250|171|163|160|155|193|135|194|102|105|154|134|197|217|252|164|125|190|284|124|245|94|96|73|80|115|118|108|100|141|103|110|167|96|129|146|255|220|184|176|210|564|465|246|149|320|129|104|197|183|206|147|210|136|215|277|141|147|104|89|79|122|119|118|105|117|176|184|141|185|66|280|207|133|151|202|263|355|446|288|212|566|230|209|296|1141|419|1208|537|309|383
485,Christian Dvorak,365,106|105|99|247|462|212|1266|183|1693|492|746|129|251|448|227|146|98|119|107|68|95|61|60|55|82|67|66|77|73|100|63|188|120|102|88|88|107|108|91|96|70|80|88|81|78|146|111|84|86|57|95|61|66|76|53|47|70|47|60|59|43|79|57|44|59|45|70|59|57|96|82|108|103|166|3591|1070|609|339|199|206|239|179|151|287|297|169|134|93|98|98|86|55|74|54|57|45|55|55|64|42|46|41|61|47|42|45|44|25|44|46|33|44|39|55|39|48|55|36|36|53|55|40|65|63|45|59|59|52|39|50|24|49|42|44|48|34|43|52|50|45|47|46|44|54|55|41|42|31|62|62|50|60|55|47|60|53|48|83|160|337|93|66|104|108|83|93|73|150|240|162|101|89|113|146|298|295|164|188|199|572|156|168|125|91|209|137|159|73|93|115|738|286|123|122|139|89|130|293|343|184|282|557|103|169|130|78|73|52|62|159|66|899|247|76|62|61|88|104|65|110|52|59|47|143|70|67|206|57|98|64|121|72|55|171|80|48|555|133|352|122|172|183|95|332|86|95|128|75|86|504|178|81|119|59|241|168|134|302|115|111|164|92|111|2149|1097|274|409|140|149|84|192|107|154|134|124|74|53|89|67|442|106|129|56|59|92|105|157|155|139|93|142|134|116|83|102|55|54|48|56|95|47|54|68|66|52|48|90|77|100|74|121|116|92|79|99|191|316|267|182|688|65|83|114|112|109|80|88|101|112|117|39|115|65|47|47|98|80|205|161|90|73|132|70|183|55|203|149|78|119|86|126|122|976|559|245|190|235|291|92|239|138|429|166|97|108
486,Tyson Foerster,365,102|37|68|34|43|47|39|39|22|28|30|32|31|92|103|65|95|157|104|114|133|128|170|213|100|213|134|71|55|423|159|207|491|295|174|77|57|69|54|71|40|254|230|100|70|85|75|61|53|30|38|31|30|31|26|34|37|47|35|43|27|44|37|39|36|26|61|54|49|41|49|149|59|78|111|94|64|43|40|47|69|39|36|35|47|26|23|30|35|30|29|31|22|24|21|20|20|25|14|22|18|18|22|18|22|24|30|20|15|18|11|23|26|26|21|26|22|19|40|51|23|15|22|22|25|34|20|35|20|25|22|19|16|19|15|17|24|21|21|20|31|23|25|24|28|27|21|24|28|23|25|32|30|38|51|24|26|19|96|86|52|36|43|40|34|56|44|41|67|47|33|36|54|42|33|67|63|50|138|140|57|50|100|44|70|83|261|68|118|173|106|45|33|106|286|113|69|62|101|80|32|57|42|60|35|40|28|37|58|113|40|36|37|47|27|25|44|85|34|337|70|73|35|251|124|103|121|59|431|185|152|112|72|68|51|31|34|45|47|52|68|47|31|169|122|54|48|45|55|78|71|52|55|52|40|50|66|78|42|44|59|59|76|61|102|58|69|60|37|26|63|26|28|38|48|35|43|40|37|49|24|44|26|39|42|32|39|63|42|39|47|48|71|35|47|30|35|33|32|22|39|33|21|40|31|34|38|27|38|34|85|73|58|45|55|45|53|30|49|72|38|42|115|54|66|30|33|42|51|42|35|38|28|19|30|62|38|37|37|46|31|48|27|46|37|86|133|79|53|456|690|203|304|210|138|1999|257|91|60|116|101|1058|294|132|111
487,Jacob Gaucher,363,15|2|6|10|8|3|5|14|8|7|8|7|5|12|4|9|19|49|16|7|18|6|13|14|14|4|6|3|6|2|3|10|3|14|16|6|3|8|5|10|2|6|11|11|3|3|6|8|6|6|3|8|1|7|4|3|3|1|2|3|8|11|1|5|5|3|8|7|2|2|10|3|4|11|3|6|6|3|2|1|5|4|3|6|11|13|3|7|5|6|4|6|4|4|3|2|1|5|4|8|3|1|6|5|1|6|7|4|4|6|4|4|9|2|2|8|3|7|8|3|3|3|9|4|4|2|4|10|3|6|13|3|5|2|2|4|2|6|3|4|9|9|7|3|8|12|34|16|9|2|10|11|4|12|2|8|38|43|12|61|29|15|8|29|33|8|8|8|8|6|10|7|7|3|7|3|6|4|10|5|10|4|6|7|6|9|2|7|9|9|6|5|7|6|43|184|91|80|49|136|32|31|12|12|10|9|7|7|12|6|10|7|7|6|5|7|11|10|5|14|5|5|9|13|6|6|6|10|17|10|12|16|17|7|6|5|4|9|6|5|4|10|4|6|14|6|3|11|7|11|11|9|6|29|5|5|10|12|6|13|7|7|12|8|8|9|4|6|3|7|4|5|6|10|10|10|7|12|7|6|9|9|8|2|6|5|7|9|10|7|4|12|6|25|7|3|6|4|4|3|9|13|3|6|8|9|4|6|12|9|5|7|9|2|5|8|10|11|5|4|5|17|13|28|3|3|3|8|7|12|12|23|6|5|4|10|11|9|5|5|13|7|7|7|6|2|9|12|4|3|11|5|10|9|5|6|9|17|16|136|176|24|42
488,Luke Glendening,365,48|43|56|41|62|170|87|78|404|114|133|191|97|161|44|65|59|64|43|35|50|43|37|43|30|76|60|44|30|32|49|35|30|35|67|39|40|34|39|48|44|57|65|49|31|36|40|27|27|27|29|40|36|55|40|25|28|24|23|27|17|37|33|28|49|25|38|22|30|29|34|42|30|43|61|66|39|46|39|43|42|39|38|28|31|37|29|28|34|34|33|36|30|48|32|47|22|37|18|23|23|27|33|20|31|30|28|26|26|29|28|30|27|39|21|33|31|40|27|30|34|23|21|25|26|41|21|26|30|37|23|36|46|38|23|30|27|42|21|23|133|212|98|78|57|39|43|45|40|38|34|24|34|45|38|52|73|56|109|137|57|137|159|64|51|77|74|75|88|88|74|116|354|345|177|162|165|288|108|121|73|94|117|238|129|58|92|287|150|82|97|111|72|54|77|40|116|49|70|93|42|41|55|90|94|40|64|60|54|103|54|47|114|41|55|87|50|60|58|86|59|348|66|83|45|46|61|52|105|52|149|70|77|61|32|35|51|46|76|51|68|42|42|64|95|44|49|47|135|61|102|34|42|60|61|53|34|92|61|52|83|42|79|63|83|67|43|42|73|52|87|51|71|32|46|85|56|45|33|42|44|56|60|26|46|84|47|61|50|70|58|46|78|46|52|44|44|35|49|27|47|43|29|35|36|41|32|47|54|49|108|93|90|123|94|56|44|47|104|45|65|156|943|1007|528|208|166|95|183|207|94|162|62|64|40|807|113|68|52|40|61|93|70|100|59|685|183|85|79|159|295|96|217|128|152|197|119|456|80|149|85|241|168|88|112
489,Nikita Grebenkin,365,102|58|60|78|54|76|155|62|57|96|34|48|40|48|91|88|90|156|125|74|118|94|69|47|50|41|27|73|39|60|48|242|115|91|57|40|34|37|66|61|41|43|63|83|44|45|32|24|31|34|37|16|31|24|27|24|20|20|22|19|12|25|26|26|11|49|66|96|39|23|42|70|58|38|68|33|62|50|35|45|51|39|26|100|51|39|28|19|22|31|44|63|51|35|56|22|26|18|30|18|35|29|21|24|32|30|25|20|22|24|13|20|21|14|19|99|208|88|35|33|33|29|34|21|18|27|20|21|19|15|12|22|26|13|20|17|18|16|21|29|18|15|20|15|20|23|11|43|336|255|153|219|289|221|175|124|112|160|114|60|75|89|131|148|91|114|106|135|205|173|110|138|210|139|138|88|130|381|216|308|125|136|121|79|61|270|587|195|1194|139|141|92|77|80|77|70|59|173|196|93|70|818|150|188|144|93|70|56|65|79|61|62|46|47|42|27|46|64|56|87|68|62|62|138|34|38|96|55|87|84|184|73|44|108|39|54|78|39|57|43|66|41|30|53|53|31|79|41|96|838|138|103|82|48|33|84|66|130|70|51|63|50|49|47|269|116|551|100|116|45|221|85|87|68|69|31|30|30|34|70|31|56|53|34|41|56|51|154|135|108|54|60|99|39|28|23|41|31|37|41|26|27|23|29|27|22|33|24|24|29|35|33|25|33|60|49|109|52|60|419|136|106|502|370|144|70|53|43|296|148|96|184|53|29|46|40|68|47|39|47|28|55|33|40|18|37|58|87|50|31|51|70|59|53|56|53|42|33|26|47|32|106|98|72|55
490,Carl Grundstrom,365,58|34|25|19|32|24|26|25|25|18|21|21|25|20|21|25|12|16|20|19|31|39|27|19|16|14|18|14|17|22|18|14|14|11|25|19|34|22|35|30|19|22|26|26|14|15|18|16|13|12|20|18|26|18|10|11|18|14|15|11|8|20|21|14|17|11|13|19|13|26|24|29|15|22|31|34|24|22|27|15|23|12|24|13|18|30|15|19|10|15|14|13|18|10|12|7|12|13|10|19|14|6|8|14|15|9|14|10|8|12|15|14|7|18|27|11|12|19|10|12|9|11|9|11|7|14|18|12|17|18|12|11|19|8|11|13|16|16|16|17|12|12|7|12|21|6|6|16|12|10|32|26|21|14|22|14|14|17|16|9|15|29|21|11|11|25|23|33|13|27|1313|513|163|79|59|33|45|45|59|29|54|26|17|51|32|23|21|30|27|36|17|56|29|20|28|25|21|25|32|30|21|20|30|42|286|87|39|32|29|37|32|37|25|35|16|20|30|31|30|18|17|26|13|24|12|24|35|24|34|108|60|22|25|35|21|48|1357|109|134|47|428|51|45|630|109|75|66|29|31|308|199|56|52|50|32|138|64|1146|175|69|52|47|45|55|63|104|131|43|63|41|48|40|37|32|42|23|33|31|33|32|30|33|34|27|39|36|45|31|25|28|34|34|102|33|33|23|25|37|31|25|25|12|20|23|11|12|25|25|19|35|37|33|34|19|39|43|37|23|33|47|20|17|62|46|58|50|27|20|52|51|29|68|22|20|26|44|42|46|24|16|24|33|26|45|26|38|66|60|118|52|65|35|75|46|49|37|32|32|17|33|26|81|45|26|37
491,Garnet Hathaway,365,112|78|73|62|88|55|62|46|42|41|31|52|42|68|44|33|31|51|77|75|45|52|47|38|33|37|45|134|77|39|39|46|51|56|45|44|51|54|47|66|34|47|46|36|47|56|64|39|59|39|51|21|31|49|42|45|48|31|38|31|48|59|45|35|20|37|66|50|38|58|35|65|38|56|47|66|60|64|44|41|48|40|31|36|30|27|25|30|34|31|30|27|17|41|63|31|34|35|55|28|36|15|31|36|30|31|26|30|29|30|30|36|22|26|27|33|24|22|19|20|37|26|25|26|28|27|21|15|23|26|36|83|86|68|52|31|39|37|113|60|57|79|38|36|30|39|52|43|48|32|48|44|44|35|27|48|53|41|34|41|47|55|74|71|52|78|33|55|41|49|47|39|55|106|76|67|73|76|73|100|61|49|73|57|75|48|99|59|56|81|210|136|66|115|110|65|104|161|109|118|36|149|40|153|68|47|32|43|59|126|357|582|175|121|75|45|37|84|59|105|71|49|63|92|37|54|73|48|135|62|108|55|41|78|356|160|164|92|105|90|125|71|45|120|56|82|64|59|34|83|89|41|61|32|57|83|68|66|38|49|259|240|76|82|501|131|190|75|399|75|694|96|125|96|99|47|54|66|43|492|171|110|61|81|79|65|79|526|91|113|74|83|95|63|84|37|46|31|52|46|36|32|38|38|42|42|51|38|44|40|102|72|84|57|112|264|135|62|55|109|57|74|100|79|63|63|70|58|93|72|65|63|45|25|37|72|39|111|47|41|23|97|40|58|41|85|95|67|86|59|68|62|99|75|163|150|77|60|39|87|86|193|158|90|97
492,Travis Konecny,365,132|122|147|133|101|117|114|115|95|126|102|106|119|114|226|120|152|294|294|225|277|368|1656|4759|1311|1655|657|1961|669|3385|841|2087|2908|1156|2319|670|474|498|379|251|173|165|143|182|102|114|128|105|134|102|129|81|114|108|101|98|101|70|88|96|95|134|94|123|72|89|190|201|138|124|124|261|138|139|189|163|173|88|109|71|101|112|95|78|75|72|57|80|62|63|94|59|59|66|63|77|84|64|83|72|83|57|45|53|57|66|64|70|93|65|67|99|55|43|47|55|53|48|47|44|54|81|71|49|49|64|64|67|59|48|56|66|64|67|59|63|81|68|71|61|72|56|62|81|60|60|59|63|76|99|61|76|79|89|92|67|74|102|82|84|83|73|82|82|94|90|96|91|132|167|105|110|125|129|125|144|127|116|132|257|121|118|155|108|152|113|598|228|166|218|285|147|96|334|385|173|224|183|150|247|91|241|98|198|190|142|144|146|85|440|182|169|130|110|98|98|106|175|126|186|116|118|83|109|143|114|202|132|175|122|274|135|139|425|164|141|455|197|295|136|187|143|115|265|100|142|176|96|116|209|446|150|135|111|137|156|135|435|317|261|301|179|162|152|258|210|776|165|191|164|199|134|170|155|177|140|106|322|160|200|112|183|133|126|146|105|577|321|345|194|221|171|370|152|238|152|144|123|135|107|736|301|187|338|172|145|359|184|299|203|846|323|248|221|283|254|365|237|168|292|123|144|195|144|166|161|165|315|666|329|141|201|124|108|107|120|166|272|174|130|105|105|97|144|74|239|400|150|144|121|207|183|231|188|151|221|130|121|129|237|215|649|293|201|278
493,Jett Luchanko,365,117|71|77|86|72|58|73|37|59|66|85|64|52|58|65|47|81|120|137|77|79|65|58|70|73|54|43|64|51|38|59|49|53|45|62|43|28|45|42|49|46|43|51|62|42|75|59|49|51|57|54|31|52|44|64|88|47|40|33|28|36|60|52|46|52|35|110|125|119|79|172|619|180|121|120|102|71|51|57|96|89|66|49|48|47|29|18|38|49|29|36|28|36|48|25|55|29|35|20|28|32|30|30|20|28|23|21|20|29|31|26|26|29|33|18|24|17|22|33|16|23|31|26|27|34|75|32|34|38|26|24|28|30|24|31|24|26|29|39|33|37|38|40|43|46|28|19|39|42|38|35|43|30|44|59|45|34|40|47|61|41|57|45|62|70|76|40|64|70|122|88|118|150|93|121|69|141|120|129|214|95|87|100|83|106|67|163|77|69|50|91|59|371|323|122|122|117|63|55|81|47|70|42|68|57|53|36|47|44|36|32|68|70|44|49|60|52|73|83|92|401|348|117|110|118|91|100|76|79|85|102|58|68|103|121|112|125|74|95|145|118|75|81|97|138|90|103|105|67|86|90|111|234|1061|204|100|692|162|864|151|583|138|1576|451|147|82|77|65|82|62|54|34|37|50|68|57|67|49|147|86|42|60|42|56|49|58|58|73|58|51|63|68|69|57|48|55|54|47|50|36|33|45|42|69|61|45|92|58|63|55|116|70|60|48|65|59|48|62|54|76|44|64|150|149|148|97|42|46|46|54|51|37|41|86|72|81|55|49|77|63|50|42|36|50|56|117|109|93|105|91|75|67|111|139|74|162|136|66|68|100|110|186|162|81|75
494,Porter Martone,365,171|101|118|148|64|93|95|70|50|58|66|91|53|77|92|83|132|562|1431|659|389|194|155|105|151|122|102|84|82|81|95|132|1104|684|776|270|165|182|157|128|121|159|159|140|146|136|133|87|102|92|138|176|151|193|184|160|104|79|108|100|111|139|113|127|161|176|361|534|650|564|1711|15658|1835|1222|661|709|808|374|238|222|352|343|376|225|171|115|79|123|112|149|73|102|81|74|860|497|237|128|112|82|56|76|113|82|48|38|58|70|65|98|70|62|56|64|58|63|49|39|59|44|52|46|45|48|53|69|56|45|52|55|90|97|65|63|84|70|64|71|56|64|75|83|66|82|72|80|78|63|88|76|55|59|86|99|92|81|89|101|99|98|103|107|95|89|72|120|78|102|173|290|124|136|209|149|152|137|143|174|121|136|139|163|198|265|230|122|123|155|95|129|158|117|110|114|112|109|147|91|76|96|113|152|117|144|251|219|159|152|136|113|119|291|166|149|139|136|129|123|231|226|153|167|144|197|160|156|190|152|117|157|176|116|266|161|198|189|157|118|113|203|178|144|150|177|210|151|183|214|149|198|267|751|1414|8174|2386|875|2807|644|1432|511|2678|480|4850|2058|482|270|224|256|167|135|137|123|101|172|168|113|141|113|108|124|111|158|130|118|113|119|94|140|666|314|197|167|193|287|191|369|358|105|99|84|117|122|103|147|110|109|140|115|218|484|404|341|255|182|265|205|262|376|397|334|205|168|308|235|248|138|112|118|133|164|160|299|134|92|144|137|126|163|201|239|273|210|623|370|433|3366|6386|6330|3622|1561|3580|1518|8778|8217|2324|1817|1156|1606|1106|2833|1092|2682|2927|998|875
495,Matvei Michkov,365,538|257|220|198|165|146|169|145|139|126|168|108|104|147|134|131|121|245|407|185|174|147|148|167|109|171|454|215|190|134|170|186|132|150|174|118|127|138|141|152|143|152|125|143|147|143|133|139|174|139|160|122|132|212|161|175|226|122|110|141|135|196|156|137|134|98|401|265|219|186|301|642|275|226|194|210|158|140|106|124|136|182|123|131|109|89|122|132|172|150|109|140|109|263|292|345|155|99|93|74|59|85|76|67|64|101|79|69|75|68|89|65|93|71|65|99|69|66|76|73|52|63|73|74|76|76|56|76|66|79|79|68|79|66|70|66|97|78|89|74|90|91|77|84|104|124|99|108|89|110|117|122|125|123|130|127|165|236|170|146|138|182|155|125|148|155|138|148|154|200|154|209|273|219|254|203|157|268|242|426|313|331|284|179|355|318|274|183|193|234|263|240|174|234|339|196|276|213|356|249|225|357|203|295|403|317|475|279|280|587|258|297|197|130|115|204|193|182|132|348|208|169|138|210|169|173|274|205|279|222|361|192|148|170|161|236|340|199|189|175|201|213|186|329|178|171|212|254|219|389|281|159|174|171|152|163|180|357|215|207|223|188|229|317|354|241|233|180|170|158|277|225|285|614|293|171|343|201|174|208|156|313|123|156|147|159|218|241|226|185|315|445|1145|450|229|132|182|157|169|167|243|269|177|234|253|253|301|209|269|201|546|322|258|247|243|800|409|224|274|307|193|178|192|170|237|182|193|162|187|232|274|177|116|124|132|350|259|205|168|137|132|123|119|128|92|192|183|184|165|205|227|350|388|256|205|321|189|173|163|304|301|1091|1158|328|397
496,Owen Tippett,365,92|61|106|85|69|77|60|76|49|50|50|57|63|62|53|60|69|89|106|87|101|81|69|73|75|73|79|71|74|75|85|125|95|86|80|80|74|86|75|73|71|103|85|78|56|42|70|68|70|65|69|73|144|84|50|55|55|23|47|57|61|125|92|75|73|99|117|130|72|90|98|221|134|112|103|79|55|57|45|46|43|44|77|38|40|31|30|42|48|47|44|30|47|23|26|40|66|47|49|38|41|57|72|79|38|77|80|30|34|27|27|35|29|18|24|23|30|20|23|25|36|31|32|29|29|40|33|42|26|28|32|30|30|31|36|31|53|31|28|44|33|40|23|35|29|99|36|34|31|38|30|40|35|43|45|19|44|27|47|140|54|35|50|37|42|59|38|47|56|69|63|62|71|66|80|105|88|135|120|178|65|142|271|151|395|250|569|187|158|157|200|67|56|150|154|72|109|111|108|114|67|307|159|153|122|86|90|58|59|531|102|388|112|73|56|48|66|96|60|97|74|101|61|94|59|67|545|95|144|110|455|302|141|143|93|84|91|84|96|72|101|59|50|180|45|79|131|62|58|944|175|81|80|82|93|132|72|348|114|92|236|153|90|83|143|73|367|65|119|59|108|72|314|169|105|52|68|80|43|101|68|1013|166|123|161|74|137|195|103|82|77|65|279|98|122|54|44|42|53|73|66|52|51|82|77|77|93|49|52|79|114|92|76|74|94|212|256|162|309|534|169|156|170|136|136|65|87|85|563|519|88|111|80|91|75|181|127|198|179|108|114|232|260|185|97|2241|521|233|180|161|481|387|526|272|333|369|170|142|139|181|170|998|277|177|239
497,Garrett Wilson,365,24|33|17|18|26|30|20|21|38|23|35|21|7|26|26|37|38|50|27|26|21|22|56|46|46|28|19|8|20|19|14|11|10|18|71|23|22|14|43|24|35|12|11|17|13|17|12|20|12|9|12|13|21|20|19|21|12|18|29|11|4|20|18|8|11|19|29|31|12|13|8|19|16|18|17|24|25|20|12|8|8|28|9|17|10|32|15|104|97|47|30|21|19|15|11|15|15|13|11|6|17|6|6|33|20|17|7|7|11|10|11|9|5|19|30|18|10|12|19|13|12|15|12|15|10|13|11|11|6|15|15|21|20|18|11|16|9|14|12|13|4|9|13|12|7|21|9|14|17|14|16|14|19|9|12|14|13|13|11|21|11|18|11|19|16|13|11|14|18|11|21|10|14|16|19|9|33|43|26|26|21|22|20|26|27|21|15|21|24|17|40|71|30|22|23|15|15|14|45|27|22|18|19|15|20|31|19|20|14|14|13|50|51|67|40|29|62|24|49|29|27|15|14|14|15|18|31|21|19|25|17|8|21|44|21|21|24|10|13|24|19|13|7|16|17|16|28|50|17|17|11|43|18|12|39|22|36|33|37|35|22|46|31|42|39|26|14|18|18|25|13|20|11|19|19|29|21|13|14|32|22|25|40|39|27|20|21|17|21|26|14|17|9|7|15|46|15|21|8|18|12|28|27|47|27|12|27|26|14|30|65|25|10|20|16|17|20|39|26|25|24|452|532|114|70|43|43|24|26|23|344|186|76|51|35|30|1229|740|554|171|91|37|41|59|45|59|46|45|24|40|28|26|51|46|54|193|148|51|50|71|47|103|135|146|35
498,Trevor Zegras,365,264|239|227|226|218|201|210|175|199|190|181|217|192|160|192|220|285|256|236|205|250|249|245|203|161|193|206|223|235|157|226|197|221|186|203|173|198|225|179|203|219|190|215|178|172|148|153|126|170|186|222|216|190|177|354|456|334|201|165|148|175|209|183|242|188|178|22983|9421|2864|1311|1126|1596|986|878|920|904|529|443|266|282|382|323|338|326|255|229|194|189|164|293|326|448|350|365|268|198|176|190|283|241|206|160|189|178|280|194|173|237|231|221|179|201|188|168|153|142|181|216|161|132|210|151|166|196|192|185|178|176|216|182|177|158|181|159|145|153|164|144|176|160|175|184|166|197|166|200|212|182|206|223|261|262|301|485|557|302|277|319|326|426|433|267|575|863|469|766|1362|851|702|537|458|443|477|506|521|659|353|677|452|2594|904|625|553|338|540|419|554|426|451|559|2552|1350|524|737|2503|1030|5829|1445|1537|1085|539|3093|868|1133|854|589|592|512|733|1019|431|2727|818|456|389|320|482|587|371|884|384|494|346|451|611|1296|1467|533|880|500|1517|542|476|614|458|384|713|537|1696|405|1129|754|493|2046|559|969|1236|621|492|985|1112|495|503|453|462|630|484|676|478|559|748|486|448|629|9138|2091|1649|688|583|454|463|468|747|984|743|390|358|385|339|502|510|608|341|373|427|333|471|430|564|378|381|315|542|328|377|292|202|205|229|209|300|241|263|326|344|317|414|397|470|376|1194|1174|756|556|865|2098|1042|483|447|1584|596|510|521|528|1263|646|572|524|965|809|363|353|309|264|342|786|4601|724|435|344|270|460|319|355|287|505|1182|498|374|353|531|522|819|588|922|1761|746|583|479|481|487|3215|972|638|847
499,Emil Andrae,365,19|16|13|10|7|12|5|10|9|17|20|6|13|20|15|6|6|12|17|15|11|14|16|28|6|10|18|10|5|5|14|6|7|11|17|8|6|21|11|22|12|15|18|11|12|7|11|9|6|14|14|7|18|5|15|9|9|9|10|8|8|12|15|11|8|10|24|14|12|9|18|19|13|11|23|14|20|16|8|19|17|25|23|9|6|6|5|8|8|11|8|12|9|16|16|16|4|6|3|8|9|10|9|12|11|8|6|6|5|9|10|3|3|7|6|10|6|10|9|5|9|10|10|2|14|7|5|8|6|8|16|13|14|17|11|7|7|10|9|9|6|11|6|13|8|11|3|11|7|11|15|12|11|12|18|6|8|21|20|10|14|9|10|16|20|24|25|24|9|26|24|18|22|21|18|16|20|31|42|67|44|46|33|42|31|13|14|12|12|14|12|11|19|11|26|42|37|19|13|12|21|19|23|39|37|18|12|19|12|25|13|59|44|18|16|19|31|86|55|79|25|14|19|469|74|49|40|27|51|34|57|18|23|86|31|25|68|36|44|27|63|14|22|49|31|34|30|22|25|59|47|21|29|16|32|29|28|38|35|19|34|20|34|51|44|25|40|29|33|19|31|23|26|36|47|18|18|23|22|23|13|25|11|14|78|58|48|41|44|28|38|18|35|20|22|12|23|20|24|21|22|12|9|22|8|16|18|19|21|18|21|31|26|22|33|40|31|21|22|26|12|28|30|35|29|19|17|16|24|162|14|27|14|39|32|23|26|27|18|12|17|15|29|23|10|48|31|21|23|33|36|18|38|33|36|53|24|22|16|35|19|95|70|23|30
500,Simon Benoit,365,116|78|245|475|186|1191|339|14216|3117|2734|367|365|393|241|798|200|229|200|708|371|758|592|955|355|927|167|860|403|148|1640|524|891|208|124|92|96|119|100|75|49|71|66|60|59|49|64|69|40|51|41|61|40|47|43|34|45|76|28|33|46|42|36|44|40|22|30|28|34|31|22|33|43|35|67|74|57|51|31|33|38|29|28|26|36|83|44|38|24|36|34|41|65|25|22|24|24|21|25|23|24|19|27|26|40|24|33|23|18|31|23|15|18|45|26|32|24|16|19|23|27|16|11|21|18|24|30|31|15|18|25|36|33|32|22|34|29|32|27|29|21|27|28|30|31|30|23|45|25|24|37|29|60|31|30|57|32|54|82|44|50|34|47|38|50|33|39|33|52|44|36|73|42|49|107|180|50|75|78|99|54|116|52|86|134|124|48|46|166|55|49|71|52|50|34|50|63|34|44|68|46|69|28|126|36|36|107|51|42|98|38|60|46|114|40|26|62|37|56|39|180|35|48|35|47|54|57|176|45|43|93|38|50|46|112|28|130|92|67|89|57|104|32|49|62|40|49|36|50|55|37|39|45|40|50|59|68|70|150|311|350|259|162|77|39|90|48|84|42|69|43|89|84|50|53|35|61|55|114|49|203|65|75|84|55|59|80|37|73|50|69|44|57|188|66|96|91|86|52|42|41|51|70|70|56|47|64|52|57|67|66|104|75|52|53|107|76|51|98|70|102|50|90|63|33|76|33|55|77|50|71|32|47|114|38|41|30|47|35|48|20|38|59|45|18|48|29|39|109|31|26|97|58|70|62|43|37|35|39|30|44|840|414|124|133|65
501,Oliver Bonk,365,67|52|78|71|49|41|34|48|45|48|50|36|47|41|43|37|34|63|86|63|94|79|44|351|71|122|83|39|162|143|66|72|75|67|89|77|160|281|251|137|229|102|75|234|237|643|155|66|40|55|39|32|41|40|21|30|34|32|35|22|35|32|32|23|34|24|41|69|45|43|76|238|83|79|78|65|51|48|44|64|54|38|32|23|24|20|28|24|46|43|40|33|34|75|31|25|24|38|37|24|27|25|31|20|34|23|16|23|23|19|22|29|25|44|41|34|21|23|27|25|22|16|14|17|22|24|23|18|14|19|17|14|20|32|22|21|26|32|21|17|15|28|16|23|38|22|41|69|70|53|43|66|38|38|26|28|28|41|39|46|37|43|39|37|37|32|46|57|34|46|49|32|45|36|34|42|36|63|67|51|62|49|29|40|39|47|49|49|64|48|32|31|42|61|46|41|42|50|39|44|32|40|44|54|54|59|48|54|43|35|41|58|50|55|29|45|54|56|37|51|32|35|24|43|34|49|63|55|95|69|84|47|126|142|62|66|51|31|61|63|62|36|57|48|71|52|96|70|60|77|71|51|141|381|84|90|135|82|165|80|154|182|245|114|64|71|115|73|66|40|66|38|40|41|60|54|42|33|40|52|40|68|57|30|45|37|47|44|55|47|36|38|43|38|36|48|38|25|15|24|34|31|41|54|30|37|70|80|30|51|76|52|48|40|60|57|35|61|41|91|55|60|92|108|161|50|60|46|46|56|45|47|47|46|33|42|37|46|71|57|40|52|37|48|52|75|74|56|29|62|66|85|93|65|63|94|56|40|29|74|74|3616|5563|433|216
502,Jamie Drysdale,365,173|102|108|86|110|90|98|82|73|84|104|88|87|83|108|83|60|137|136|107|111|93|84|106|69|100|105|57|88|67|63|59|75|58|82|82|119|114|89|84|108|101|144|109|82|93|93|59|108|64|105|77|88|104|90|85|138|68|78|62|56|100|96|78|82|58|1312|1196|465|242|209|363|204|171|109|145|100|88|61|94|91|91|85|79|76|48|63|60|66|72|93|74|46|61|82|69|68|63|71|80|66|52|67|91|69|39|60|45|57|66|62|45|48|44|48|62|58|64|64|63|138|95|84|69|54|58|55|61|53|58|54|62|40|59|50|52|55|47|56|65|72|57|73|53|72|54|44|62|57|32|92|163|78|89|88|57|54|79|75|72|100|76|79|104|77|83|97|98|96|133|104|89|114|118|108|136|132|202|118|209|142|137|132|91|153|113|164|135|119|145|243|144|146|165|316|131|564|242|168|175|97|659|243|413|309|199|222|182|188|269|178|270|145|93|89|182|164|142|100|212|125|146|113|165|110|134|208|137|156|123|216|96|152|127|111|103|179|125|175|124|191|138|185|210|106|146|173|111|274|262|257|120|146|128|125|193|146|300|144|140|194|181|119|209|1283|283|222|160|161|115|125|129|140|167|158|128|104|126|87|157|89|146|107|124|182|129|152|140|138|124|151|120|293|125|249|99|77|82|80|100|98|87|80|126|102|84|118|71|119|116|163|183|136|119|175|218|410|191|270|476|106|287|248|227|303|175|138|132|317|175|132|160|170|115|127|270|163|169|164|116|115|203|133|106|107|200|176|151|144|113|179|143|254|160|187|339|152|147|109|129|251|488|277|167|203
503,Helge Grans,365,24|11|10|18|14|8|11|6|44|18|18|15|16|14|14|17|15|16|13|9|12|8|14|13|13|9|6|7|13|9|14|6|4|6|23|11|13|21|10|17|11|21|74|54|35|15|11|13|12|17|12|17|33|19|14|16|10|11|13|6|9|10|9|8|11|8|10|10|22|11|12|25|18|14|13|20|19|13|8|11|13|16|10|15|9|7|8|11|10|10|9|5|7|10|9|13|6|2|9|4|7|4|1|6|7|6|11|9|6|9|11|7|5|7|5|11|6|6|6|8|5|2|8|8|8|6|7|8|12|9|8|13|10|11|11|6|2|8|15|13|7|7|5|7|7|8|10|5|14|10|12|5|9|19|4|9|11|17|28|23|29|12|22|30|70|47|22|19|17|11|13|8|21|9|7|7|6|9|19|17|19|17|14|11|7|10|18|13|12|7|13|10|9|7|8|11|13|8|6|13|9|6|7|11|15|10|8|10|7|7|12|11|16|15|4|10|14|13|9|8|10|10|12|6|6|10|9|6|15|9|17|6|14|26|15|13|9|8|15|9|17|9|12|13|13|9|14|6|11|7|11|13|5|11|13|10|11|10|9|19|11|13|12|10|15|14|11|14|13|16|11|11|9|15|8|8|8|8|9|11|9|10|10|24|12|12|11|5|18|11|19|10|7|6|4|12|11|7|11|13|10|7|8|14|12|16|9|13|10|4|5|8|15|15|13|11|15|13|11|12|14|10|14|14|13|8|6|9|10|11|16|13|14|12|8|12|11|9|12|7|4|4|7|11|10|10|13|4|9|13|7|5|9|2|14|7|6|5|12|9|14|17|6|8|10
504,David Jiricek,365,92|54|62|93|73|75|104|64|109|40|62|46|63|52|89|54|53|79|179|97|90|70|57|49|60|65|49|41|52|53|52|57|62|50|48|37|45|58|71|59|59|46|52|49|44|32|51|49|38|46|58|37|54|48|55|57|51|42|41|53|56|69|59|59|43|74|99|93|81|183|248|416|127|101|113|102|98|59|26|51|67|65|85|47|43|34|27|39|55|54|38|71|40|57|58|26|49|58|59|39|29|25|29|29|22|31|24|19|24|25|20|25|27|22|21|26|22|26|29|35|25|33|27|22|9|28|39|29|23|27|22|19|22|30|18|21|16|37|25|28|21|32|21|35|30|36|22|34|29|32|32|32|40|35|32|30|59|53|37|118|59|125|35|39|72|83|84|49|126|113|60|76|100|73|111|196|74|84|75|101|86|132|141|137|92|74|104|81|83|63|56|96|102|63|93|57|68|62|61|50|43|111|45|62|76|60|141|58|98|165|93|51|75|46|60|61|102|85|80|54|48|66|46|78|54|62|57|66|59|70|55|43|44|52|37|48|46|49|98|564|271|345|168|253|128|184|144|104|148|70|59|65|135|384|181|443|687|230|120|198|200|82|554|574|256|154|119|90|85|68|99|76|97|117|88|68|69|99|92|73|169|85|90|77|81|118|61|117|64|139|71|63|45|81|63|41|44|53|42|80|100|70|92|95|76|78|129|68|128|89|108|110|52|73|56|68|67|73|87|91|131|132|10027|2091|716|315|263|443|197|171|106|137|124|74|70|151|134|183|164|84|79|96|80|83|53|129|99|56|222|212|109|77|108|118|101|137|134|102|87|353|332|465|569|149|117
505,Noah Juulsen,365,86|134|64|49|75|62|40|30|44|23|40|26|27|22|24|23|47|31|39|34|41|41|31|42|21|20|26|51|39|39|27|62|36|43|30|49|58|36|44|35|28|20|42|69|37|26|29|41|39|32|34|39|21|24|19|22|34|24|43|46|41|41|44|47|38|35|35|66|55|61|65|71|43|68|1082|439|175|86|108|63|68|71|59|44|61|38|25|50|34|35|30|29|31|30|34|46|38|30|26|33|16|25|26|34|24|25|24|17|23|32|18|23|19|23|23|28|17|10|21|26|23|22|22|15|20|36|34|34|27|24|29|30|15|17|23|22|17|25|11|18|23|30|14|38|37|28|16|18|25|32|22|21|24|23|34|34|34|212|52|43|52|58|39|26|47|78|54|39|50|79|54|81|104|61|109|174|78|130|71|126|81|53|104|51|76|79|211|47|47|55|118|54|48|76|67|45|109|49|55|73|43|111|49|88|205|67|37|18|29|173|580|152|65|48|40|37|33|55|38|48|29|29|31|69|36|23|35|39|52|30|46|24|29|121|60|41|63|41|673|72|97|43|35|55|32|42|33|35|37|45|37|30|59|41|31|32|51|62|77|37|44|35|41|45|47|38|68|43|41|61|67|33|64|60|48|29|30|46|31|123|41|57|33|40|25|32|60|41|37|41|41|45|54|46|36|29|30|29|39|21|35|25|27|32|25|19|33|17|24|36|24|27|29|29|49|37|28|35|20|45|37|27|37|71|48|33|34|28|59|29|12|22|30|12|25|21|26|56|25|31|40|57|32|35|14|33|33|21|20|46|34|32|33|33|49|39|29|25|19|35|24|94|184|30|40
506,Hunter McDonald,86,29|14|18|14|13|8|29|51|13|2|8|15|3|3|4|3|3|3|3|5|2|1|20|2|4|4|6|6|3|1|5|3|2|7|5|4|4|2|4|4|7|3|6|5|2|5|5|9|2|3|2|4|2|4|4|4|2|5|2|5|4|1|3|3|5|1|2|3|1|4|5|2|1|2|3|2|5|3|3|2|2|3|77|101|21|33
507,Rasmus Ristolainen,365,87|42|79|54|57|76|76|29|36|42|37|45|41|47|45|36|77|79|76|69|63|61|74|72|71|40|41|49|55|41|41|110|51|58|87|83|135|94|93|103|46|102|104|88|49|52|63|60|79|43|76|36|44|55|46|38|50|30|51|52|33|155|102|80|57|61|70|66|60|98|96|89|52|58|81|66|45|48|37|38|59|51|30|28|41|16|35|34|30|34|31|27|47|27|33|32|41|38|24|20|32|27|45|37|32|27|28|30|28|45|30|25|31|29|31|21|20|34|33|31|26|19|27|24|24|17|28|30|26|21|17|28|25|25|29|27|26|19|32|31|25|30|21|26|20|24|19|19|24|22|34|46|42|30|39|30|33|28|36|42|42|26|34|34|29|49|31|49|47|44|41|41|41|55|56|56|51|62|86|71|48|51|48|47|55|50|73|59|71|54|77|66|73|73|75|61|59|39|64|58|30|62|41|60|58|55|35|41|32|72|39|49|53|36|47|47|48|46|45|64|38|57|40|53|42|63|74|52|62|88|128|53|56|59|39|29|54|54|95|42|70|82|147|570|123|240|138|61|70|96|87|53|70|53|56|88|66|89|83|159|172|104|89|103|235|89|133|118|106|72|118|126|131|88|68|64|64|86|42|70|43|67|58|67|124|90|107|112|104|73|66|80|169|92|136|108|98|114|110|458|267|248|315|169|141|121|251|196|1407|961|712|476|461|305|362|585|493|250|420|760|417|596|1045|237|168|153|108|90|104|77|45|75|47|60|49|54|59|79|62|34|44|66|60|57|37|79|135|54|80|75|81|83|173|101|83|146|117|89|68|84|97|754|303|155|148
508,Travis Sanheim,365,56|40|68|44|34|49|43|50|55|47|40|39|35|56|76|72|78|157|144|119|100|113|140|146|108|102|67|94|97|123|86|177|251|132|367|224|122|99|90|87|54|60|88|50|50|30|64|49|64|51|87|43|46|59|44|44|45|33|30|32|40|74|44|56|40|36|60|56|57|48|50|86|53|57|52|53|49|33|40|36|53|46|40|28|43|48|17|19|18|31|29|23|23|26|34|17|23|27|32|31|24|15|20|26|20|21|35|31|32|28|16|35|30|17|25|28|29|23|14|21|22|32|20|21|30|29|27|32|24|15|17|34|34|23|29|18|37|20|32|21|39|38|28|27|25|29|34|29|32|27|27|31|40|39|50|37|34|22|29|46|33|22|35|41|30|41|23|47|49|59|53|58|85|66|80|118|75|106|91|137|70|91|150|64|142|68|84|81|67|71|76|75|64|110|126|77|126|81|74|101|66|140|47|126|84|100|109|85|74|130|65|70|76|48|48|56|77|263|65|60|57|71|43|78|57|57|77|70|86|58|96|61|61|72|57|53|68|81|130|52|55|52|41|97|71|64|94|58|65|166|70|56|60|50|73|84|117|1295|1105|505|622|262|191|164|311|160|216|140|114|92|119|119|88|97|108|100|83|89|85|108|77|99|60|82|112|81|102|105|149|128|145|171|237|238|403|412|608|458|456|528|1081|1370|678|1543|481|353|944|511|2230|1008|5114|1480|745|445|343|292|183|157|153|248|115|99|100|115|100|71|83|67|109|83|64|79|56|45|59|64|66|63|76|50|48|54|53|46|29|86|77|46|73|48|85|210|143|100|97|119|82|82|89|257|96|261|130|78|96
509,Nick Seeler,365,49|23|40|19|35|12|24|17|21|26|13|16|16|19|28|19|18|28|22|20|17|17|18|16|15|13|15|12|23|14|13|18|14|21|23|29|18|22|23|35|17|20|21|26|20|12|37|48|23|18|15|22|30|30|21|22|21|21|19|21|20|30|54|30|38|29|35|38|22|35|28|25|27|29|24|32|27|16|18|16|28|16|16|23|12|13|7|9|11|18|15|23|19|18|15|12|20|22|22|18|12|15|17|13|9|28|18|17|15|15|6|22|28|14|19|14|20|16|24|29|20|6|17|14|16|14|8|12|11|8|15|11|14|32|7|15|26|10|9|12|17|19|16|13|15|12|11|16|15|16|14|20|18|27|20|18|26|12|21|31|21|27|21|36|34|29|19|40|27|35|38|25|48|48|44|47|47|52|56|69|53|39|46|40|170|39|52|32|40|43|41|51|34|52|73|46|44|32|41|58|37|36|24|46|42|30|34|41|19|95|30|42|51|33|22|16|23|58|46|48|27|53|30|30|24|26|47|22|44|37|55|34|35|92|43|43|49|36|41|31|48|31|31|66|20|31|40|38|38|72|65|29|55|28|35|67|49|240|87|43|114|101|44|53|90|43|55|38|56|25|56|33|76|100|46|19|32|38|25|42|32|60|29|30|55|35|45|41|51|32|44|31|43|36|30|26|25|21|27|27|28|11|23|17|12|21|19|24|25|21|32|43|42|26|48|29|43|27|27|39|36|31|44|45|42|38|29|26|72|361|25|48|14|14|12|159|48|37|37|25|16|26|24|54|15|61|58|31|29|39|39|33|71|39|61|130|34|32|20|76|47|129|97|34|49
510,Cam York,365,67|39|71|44|52|44|44|32|38|40|58|33|46|40|38|37|27|46|55|57|47|30|34|43|38|28|41|28|36|32|52|29|35|50|27|41|38|41|51|37|37|41|26|35|33|31|35|36|49|40|38|26|37|34|24|32|36|28|26|29|34|28|48|41|34|65|210|188|110|77|65|152|85|104|82|82|58|32|66|95|1223|477|238|94|48|41|59|37|41|44|40|33|34|17|38|29|33|41|23|22|22|18|24|25|25|22|28|21|25|29|24|30|25|19|21|24|21|26|30|22|27|18|22|15|16|24|23|20|17|21|20|23|19|31|21|26|26|17|22|21|30|22|16|19|28|32|19|25|33|33|61|66|35|39|61|45|41|43|24|39|57|49|36|51|20|36|50|42|48|55|36|46|66|71|63|67|46|49|46|79|70|90|104|48|80|46|159|54|73|60|67|73|44|87|98|61|115|75|56|62|59|208|103|129|139|84|53|50|86|162|65|95|59|80|78|112|67|77|66|91|41|61|44|79|40|60|65|54|60|58|94|48|40|60|58|43|63|36|53|46|63|54|40|102|48|106|65|46|33|90|72|45|61|34|45|59|48|69|35|57|65|39|54|81|348|121|98|55|77|41|84|41|59|111|47|58|49|52|69|139|56|59|63|42|78|71|79|76|58|58|68|49|84|46|84|39|47|27|31|42|45|45|44|41|40|29|52|47|43|46|241|193|116|73|82|100|113|82|69|134|57|46|92|83|92|53|96|55|53|75|37|37|46|30|181|196|55|57|83|46|43|63|36|56|40|97|105|59|109|67|217|105|99|82|85|112|84|411|126|138|87|249|162|86|68
511,Noel Acciari,365,53|37|32|75|57|40|37|32|40|44|43|43|43|36|57|55|49|86|51|28|42|45|34|49|58|61|64|48|46|68|23|45|44|39|32|65|32|58|43|54|43|43|50|37|48|28|43|43|51|47|67|33|39|75|44|35|45|32|39|42|44|46|45|46|45|33|57|41|30|234|52|87|65|44|67|61|57|40|37|37|46|38|42|34|31|26|32|35|32|40|35|23|27|29|27|35|25|33|27|37|36|112|65|40|29|35|43|29|30|25|30|45|33|34|30|46|28|22|37|30|32|13|32|28|22|19|20|23|18|18|24|24|32|31|23|24|23|35|27|20|22|33|45|33|33|28|22|21|30|26|29|33|37|44|40|33|36|36|38|38|53|41|31|71|27|49|35|58|82|50|50|39|73|184|74|77|57|74|41|35|34|28|81|29|62|44|54|73|68|95|47|63|54|112|388|101|94|95|42|59|119|49|49|62|43|49|37|36|45|35|42|44|67|44|52|43|62|46|45|45|39|31|36|41|28|39|45|59|68|51|61|48|44|55|112|47|243|45|77|77|81|57|55|70|39|58|45|54|232|112|54|40|58|69|124|223|75|119|57|145|95|141|101|75|61|46|140|91|192|91|77|78|66|193|52|56|126|109|64|103|87|48|48|60|54|134|88|159|363|224|101|57|97|82|105|65|57|57|62|59|54|55|51|52|47|60|60|47|50|69|104|74|65|69|77|88|136|115|65|69|223|43|83|68|428|122|51|189|68|69|56|196|57|371|198|71|54|84|77|54|42|54|31|60|96|54|67|112|214|99|60|165|159|78|91|86|64|75|125|69|56|58|115|61|61
512,Justin Brazeau,365,39|61|55|198|56|155|74|163|351|82|35|52|104|43|144|57|38|37|39|22|35|39|32|43|49|22|30|45|30|39|25|40|45|41|47|32|31|36|49|30|36|44|36|29|23|32|24|31|34|16|42|39|21|32|36|29|50|32|29|31|29|43|39|71|69|47|39|40|39|45|50|47|71|94|1024|699|184|89|66|67|58|57|43|55|41|33|43|125|65|59|51|44|30|41|50|53|25|30|26|35|24|34|24|32|29|39|38|44|85|38|37|33|47|39|54|46|39|57|72|52|70|43|28|24|27|26|34|29|28|28|28|31|32|17|18|31|28|32|38|21|36|29|23|34|18|37|24|22|28|17|38|45|23|41|52|72|45|34|49|59|53|56|91|151|59|70|53|61|106|168|76|130|240|6821|595|3951|725|342|188|184|916|247|212|109|259|158|157|1617|396|319|166|132|158|1060|536|237|487|243|110|113|166|374|123|135|104|150|78|64|122|48|67|43|172|90|69|51|59|37|75|55|54|45|37|64|53|56|69|52|56|68|48|82|61|73|95|68|75|51|261|110|379|276|91|276|65|132|64|188|171|254|142|42|53|60|49|1544|279|1582|270|335|223|159|114|111|105|85|152|565|518|215|75|95|74|458|111|189|210|210|105|154|190|94|97|156|88|129|129|254|190|110|189|119|397|108|168|76|46|53|80|52|62|29|32|47|32|29|43|41|35|34|96|68|52|44|53|103|97|341|123|114|258|69|171|115|137|58|67|71|37|61|38|61|53|96|69|47|37|62|136|40|42|67|71|109|103|64|57|240|228|80|63|66|111|107|76|58|52|101|126|96|70|46|85|98|80
513,Egor Chinakhov,96,110|70|100|37|506|166|196|132|113|52|816|954|252|240|248|162|141|100|1273|438|231|135|952|908|154|235|87|77|108|151|104|91|75|41|59|71|55|66|62|63|58|118|117|83|414|337|1120|423|952|402|196|246|126|209|156|497|517|179|286|114|145|104|206|81|252|153|96|71|499|415|136|294|277|106|227|183|85|107|245|534|375|447|258|350|305|220|167|166|849|319|224|154|163|185|135|139
514,Sidney Crosby,365,10812|4925|5157|5045|5507|4112|3558|2810|3235|3793|3838|2729|2919|2941|3626|2232|3068|5558|4565|3832|3575|4595|4763|5303|3665|4292|3608|4101|3765|4964|4246|5782|5068|3449|4881|4285|3734|3294|2981|2352|3208|5230|6696|4896|3460|3328|2991|3342|4877|2394|5366|2289|2553|4080|2172|2116|3507|2080|3916|3180|3042|7411|3607|4009|2903|2184|2168|2179|1812|1823|2054|4040|2252|1991|2704|2137|1710|1496|1571|1583|1420|1798|1710|1675|1890|1673|2740|2277|2056|1649|1522|1323|1350|1310|1323|1336|1201|1256|1426|1159|1252|1044|1160|1737|2202|1966|1240|1340|1263|1452|1424|3127|2349|1799|2189|1721|1547|1504|1283|1468|1210|1421|1200|1525|1260|1451|1374|1177|1014|1122|1418|1549|2324|1739|1308|1468|1530|1225|1057|1344|1178|1355|1351|1083|2165|2526|2059|2027|1794|1448|1826|2449|1905|1531|1669|1506|1697|1914|2040|1883|1810|1778|2216|3565|2313|2355|2195|2155|2906|3727|2792|3050|6695|10086|4730|5276|3629|3935|3123|3100|3622|2959|3080|2801|3326|2470|2569|4888|3231|4314|2895|2921|2990|7880|5831|3248|3549|3597|3476|2791|4963|2693|6000|10101|4657|3629|2902|2625|2849|2656|3110|2689|3772|2818|2948|2992|2723|3788|2882|3021|2409|2342|2298|2611|2148|3923|5665|2988|5571|3190|3089|3577|2739|2949|3207|2979|3369|2949|4661|4365|4775|3635|3673|6785|3667|3974|3510|4809|16498|7095|5180|3943|3736|4882|4794|5394|6100|10013|10317|10313|11299|7997|8063|6400|6222|5954|7126|7281|7041|5529|5319|5792|5132|9732|5402|5554|5274|5529|4332|5248|6174|4686|5064|5916|4343|4008|3843|5445|7948|9191|5864|5103|6818|5685|7447|7490|12586|12493|9585|9918|26510|25952|18477|31363|18292|13131|33593|26793|33868|24310|155078|50074|24437|19301|18039|11867|9032|7725|6222|6353|6248|4933|5787|5013|4995|4261|3630|4492|3515|3425|3507|3558|3014|4430|3801|4381|3783|3545|4085|3166|3027|3162|2992|4097|3251|3188|3019|4064|3435|3220|3206|3351|6934|5407|4619|3660|3665|5173|5469|8356|9329|6703|5866|6176|5848
515,Connor Dewar,365,85|44|61|88|67|66|66|51|55|58|50|43|40|31|53|41|33|53|50|90|69|46|45|41|52|54|45|51|45|44|46|62|36|35|37|24|37|29|43|35|40|56|40|33|37|50|39|37|26|34|48|44|30|23|29|29|40|28|32|20|24|37|57|37|44|28|26|31|34|237|58|155|56|52|210|146|77|50|49|32|39|33|26|30|40|18|23|26|27|35|24|24|34|24|38|21|30|25|24|24|35|35|36|27|27|23|35|19|18|21|23|24|42|36|18|39|35|32|42|39|59|82|51|31|32|21|24|26|19|19|16|23|18|16|38|35|32|24|29|29|17|20|29|24|16|22|15|25|10|25|34|28|22|23|28|45|64|42|30|39|51|34|119|48|31|39|50|38|48|48|42|35|93|210|55|181|119|73|45|54|62|52|161|59|58|45|168|198|72|436|65|64|59|57|108|49|174|222|83|65|136|57|48|321|80|58|36|34|35|31|69|56|90|80|48|48|55|49|101|88|31|33|41|84|32|47|223|53|59|41|38|48|46|239|131|52|64|41|65|83|75|39|37|77|40|46|24|63|65|100|38|26|45|67|33|56|51|78|78|98|141|73|45|42|51|49|411|101|80|42|57|41|38|131|80|45|241|436|153|229|190|124|86|93|89|85|62|929|218|162|111|72|136|64|111|52|44|50|51|51|63|37|38|33|39|34|39|38|43|44|51|37|51|46|59|74|78|118|54|54|80|38|68|66|149|152|57|79|51|72|34|64|46|97|62|80|43|70|72|29|30|34|35|65|62|41|32|130|122|66|54|62|111|64|66|49|44|87|54|65|32|47|58|54|44
516,Filip Hallander,365,14|11|7|14|21|21|11|10|7|14|16|253|100|28|34|14|14|19|20|16|14|17|24|17|16|14|12|70|32|24|15|25|23|13|20|18|22|32|58|21|14|27|8|20|10|7|12|42|40|13|29|12|12|19|20|17|16|27|14|9|13|17|9|18|5|22|15|29|6|21|20|16|28|16|21|23|17|11|10|16|9|10|36|13|16|18|3|9|12|13|11|15|10|6|7|8|10|13|18|4|8|8|9|8|9|6|8|5|4|7|7|9|11|15|8|3|3|6|12|8|2|2|9|3|9|8|8|10|7|13|10|7|11|13|5|7|7|13|10|8|5|9|12|8|6|7|17|10|13|9|13|15|11|14|18|18|21|9|9|20|23|13|18|11|16|35|13|89|30|44|30|35|94|104|191|464|145|76|25|17|58|22|479|78|56|44|26|105|48|118|76|65|132|207|81|47|101|88|33|41|148|31|51|168|145|165|57|59|81|60|81|72|94|63|62|60|59|23|21|23|21|14|19|24|14|26|22|30|28|29|26|16|31|22|38|19|75|12|31|32|36|25|28|19|17|26|25|25|17|32|33|31|38|24|17|36|47|33|38|52|33|39|31|43|42|44|46|45|53|23|35|26|45|44|31|36|25|38|38|45|35|38|32|37|37|39|26|97|38|29|44|37|36|22|51|25|36|30|34|36|44|38|29|22|25|45|99|62|38|39|73|31|30|24|32|37|53|50|37|37|33|25|22|27|37|30|11|33|26|24|14|21|23|41|30|21|16|26|28|23|23|19|23|26|19|29|23|29|43|31|15|13|23|35|37|19|28|32|22|31|19|24|28|23|34
517,Kevin Hayes,365,93|104|84|115|138|111|95|89|99|105|785|873|414|351|220|174|166|212|158|136|139|119|107|96|124|105|96|139|104|89|92|111|92|78|112|285|148|160|140|107|123|149|99|148|250|197|179|124|176|146|159|112|105|130|120|116|146|129|85|82|139|189|101|83|121|90|122|130|82|73|119|215|220|122|136|125|131|114|95|178|146|106|84|215|193|98|104|93|97|82|72|87|56|57|93|107|75|75|65|62|67|67|51|63|60|61|67|65|82|75|79|78|64|48|53|56|92|123|109|70|62|71|72|77|83|82|77|525|1165|315|153|140|121|109|107|80|114|66|75|63|62|86|70|56|62|89|58|73|55|52|76|74|67|61|83|88|65|73|63|56|62|66|66|113|74|132|87|93|66|97|88|85|126|206|117|134|106|100|142|132|135|107|141|94|114|96|86|117|134|126|84|98|89|173|141|94|164|90|76|90|115|168|138|194|267|175|112|103|102|108|162|131|172|126|124|107|101|126|125|125|99|149|79|295|105|229|244|107|608|117|123|139|117|78|156|81|140|103|136|323|158|104|139|189|104|112|98|157|229|218|130|88|121|112|133|155|141|117|103|144|129|117|140|369|386|163|164|129|294|368|194|144|121|172|132|109|109|116|88|91|100|94|89|89|151|101|101|141|140|102|124|147|130|114|1021|156|128|94|114|116|167|101|167|239|160|146|162|125|239|197|1618|1071|444|283|336|293|290|201|195|194|361|186|208|248|255|110|112|120|130|147|96|96|111|117|104|205|172|122|97|90|73|102|105|95|90|120|132|243|137|134|115|116|142|135|146|129|183|149|547|324|205|237|589|186|192
518,Ben Kindel,279,20|2|4|3|2|1|1|1|2|2|3|1|1|6|2|1|2|1|3|1|2|3|3|3|2|2|3|4|2|6|7|3|2|3|2|2|3|4|2|1|4|2|2|2|4|3|1|2|3|4|3|3|2|7|2|1|3|3|5|2|2|4|5|2|3|2|3|3|3|2|2|2|2|1|1|1|3|4|1|1|1|5|6|1|1|7|3|8|6|2|2|13|2|4|3|8|2|2|4|3|4|1|2|10|3|2|4|3|5|2|6|4|3|5|21|4|6|17|10|8|5|161|170|181|452|273|300|207|143|145|181|162|198|213|97|97|117|161|95|240|1963|153|316|184|286|906|198|217|291|175|392|129|589|386|742|262|151|433|150|309|104|303|236|214|144|154|152|202|110|210|136|188|139|206|334|342|309|213|129|128|235|231|225|141|95|126|94|2554|187|253|181|181|245|988|389|391|691|8316|750|942|798|1908|2152|951|422|379|873|250|1842|352|270|201|218|195|167|125|186|200|277|198|191|148|139|138|284|256|229|247|277|348|477|2080|1006|365|378|289|584|549|534|278|233|289|173|329|152|261|220|327|208|556|219|339|288|147|211|235|203|1785|458|286|241|489|346|277|297|349|417|311|376|409|284|413|295|293|277|270|382|225|269
519,Ville Koivunen,365,439|108|92|57|65|46|26|17|28|23|24|33|17|23|27|26|39|19|24|37|15|19|25|36|28|30|20|19|16|14|24|15|23|20|27|24|12|24|33|28|16|69|43|11|18|16|15|38|16|20|23|20|25|18|12|27|18|18|17|15|21|31|26|15|16|13|31|20|22|30|15|44|18|30|28|49|26|33|22|22|35|18|16|29|23|18|23|22|28|19|25|17|21|27|15|21|22|17|18|16|29|17|30|22|12|9|15|5|15|11|8|13|19|11|15|28|22|15|23|11|18|5|11|15|27|15|23|19|14|15|16|15|20|23|11|15|11|15|6|9|5|7|15|18|17|17|8|31|21|8|17|25|20|18|26|30|24|24|35|27|28|17|28|209|52|61|41|130|78|92|62|117|326|477|114|130|84|71|41|34|31|35|34|19|15|18|22|28|29|41|44|141|156|120|122|76|106|77|25|38|127|29|44|73|163|115|35|25|20|31|49|32|54|31|27|51|21|18|21|28|30|24|34|31|21|60|36|48|77|37|52|876|79|65|56|33|56|27|76|72|70|32|42|34|25|22|16|23|64|61|20|26|68|22|24|67|55|75|42|51|52|205|86|49|36|44|53|31|39|36|26|39|19|40|25|31|32|52|33|28|30|51|23|33|43|33|30|36|33|27|49|24|34|26|34|25|29|14|23|19|21|19|13|33|17|26|41|19|16|21|41|30|38|33|27|23|28|31|37|44|46|20|136|148|77|45|38|93|43|65|29|60|24|69|35|33|21|24|34|20|39|29|24|31|27|21|24|30|31|42|37|18|35|27|21|19|29|29|74|67|30|43|41|18|26
520,Blake Lizotte,365,42|19|24|35|40|17|49|31|31|33|33|24|48|16|52|22|18|22|23|20|22|28|23|15|19|13|26|17|16|23|12|10|10|21|27|20|12|18|20|17|19|22|15|29|20|13|18|19|16|15|21|21|20|18|21|23|22|8|17|19|16|19|24|22|22|7|15|22|10|20|20|21|12|23|33|33|31|15|18|17|19|22|20|33|15|7|20|20|23|20|16|21|9|24|24|37|29|30|27|14|18|26|21|16|13|16|20|16|14|20|17|15|27|26|17|23|11|22|9|10|11|23|12|7|27|16|13|28|6|13|17|20|19|22|8|21|16|19|17|23|13|21|25|20|7|10|14|20|25|17|14|22|16|17|27|27|26|22|8|32|19|23|23|22|24|37|16|38|23|31|28|46|83|728|114|83|68|134|28|62|39|43|85|27|44|26|33|50|30|52|40|42|32|52|56|75|209|56|34|34|110|23|22|199|58|67|34|29|20|26|43|32|171|42|27|19|33|29|150|138|43|31|29|61|34|56|62|40|154|71|26|69|32|39|65|68|31|26|30|29|31|29|33|22|26|26|13|35|48|81|27|24|30|28|34|108|67|68|41|278|110|97|52|45|35|29|323|118|79|317|261|313|60|425|91|51|65|79|34|102|115|60|64|67|44|105|68|125|93|66|66|83|105|115|158|127|92|47|52|44|32|26|40|32|15|17|20|29|29|31|61|48|45|34|46|204|119|93|37|37|48|41|78|71|93|53|43|43|27|31|26|86|48|91|48|30|24|29|38|21|52|31|39|51|39|38|36|46|60|55|43|28|61|50|70|52|38|69|45|34|15|37|58|47|51
521,Evgeni Malkin,365,2455|1028|776|760|1152|658|598|463|566|500|701|633|619|591|727|433|632|666|556|513|513|662|767|604|614|632|451|547|739|550|568|626|515|563|660|565|623|674|520|598|619|763|747|687|525|554|547|610|840|452|732|427|379|624|466|461|699|373|521|1717|1313|1357|727|696|558|498|585|509|413|443|539|689|516|460|483|388|339|300|325|317|383|339|386|371|344|318|361|469|352|397|361|459|531|419|386|329|321|269|260|243|229|237|240|271|562|383|294|257|270|312|261|407|373|374|289|274|348|324|462|409|294|268|257|316|233|245|358|239|243|230|257|207|269|224|226|268|279|258|277|263|290|266|273|259|242|267|287|345|342|277|279|505|383|346|599|509|411|401|369|296|353|463|904|1232|594|554|465|409|458|517|413|471|1075|2357|1076|1790|926|748|589|540|701|575|638|539|662|486|487|798|464|692|563|634|659|1578|1311|638|804|781|613|670|1223|524|1345|1811|996|722|574|544|538|499|972|697|1140|704|485|477|630|637|580|657|480|404|419|529|397|699|1178|476|811|551|523|973|566|578|527|511|549|392|597|616|615|494|528|1025|512|494|534|728|1245|831|607|450|531|553|649|820|724|1057|877|1197|1328|999|832|1083|895|831|1517|1143|1034|751|777|943|695|1816|1008|1045|847|940|698|1255|1776|864|794|1200|797|673|740|1180|1314|1147|928|868|985|789|1190|727|830|752|699|816|1160|1295|1183|1383|1069|1086|1538|1370|1594|1411|3446|2653|1525|1379|1405|1533|1896|1757|1113|866|1267|862|4224|2318|1323|1010|752|742|633|698|648|718|630|2306|840|873|670|763|951|737|528|539|469|653|553|577|488|686|742|781|809|1285|3809|1515|1067|999|856|1735|1350|3043|3549|1942|1381|1324|1323
522,Anthony Mantha,365,96|70|88|92|134|107|145|82|91|99|88|82|91|86|84|79|82|78|102|116|88|102|90|93|94|87|66|89|98|73|60|95|66|79|77|87|79|85|83|82|57|89|78|80|75|90|83|106|94|116|121|98|88|99|62|55|69|54|53|53|48|121|135|91|84|68|66|74|84|97|96|168|114|178|1331|2209|612|204|150|115|175|124|100|144|78|80|81|75|55|106|85|76|54|59|134|186|83|95|56|56|76|101|57|52|43|45|78|41|59|74|46|57|55|52|62|67|80|73|53|54|47|50|73|43|51|49|52|57|53|59|48|56|49|45|40|41|73|51|38|55|65|57|57|47|60|46|48|76|43|51|96|118|86|85|110|102|110|209|319|75|82|72|134|267|94|124|82|92|89|109|83|97|176|1045|239|344|191|141|80|76|341|107|101|117|386|132|114|748|217|206|297|636|304|568|293|160|410|266|93|128|215|102|90|524|285|508|270|133|79|96|145|116|217|109|83|113|117|88|162|137|102|89|76|89|71|140|262|94|168|84|78|125|96|110|156|75|182|104|248|307|195|99|91|261|81|99|128|312|203|319|114|89|69|58|99|329|135|819|239|632|670|308|140|160|121|108|153|283|214|236|163|179|191|325|134|107|172|206|90|220|1155|204|152|215|148|353|146|1013|1465|590|231|282|1111|233|376|239|120|106|108|107|103|82|88|102|91|69|100|89|74|86|118|114|119|94|108|96|586|259|188|181|200|134|221|150|776|508|435|443|110|308|84|426|131|902|220|203|113|206|185|84|99|137|89|176|168|101|118|3057|1630|789|405|326|455|285|203|223|204|301|680|347|146|199|638|211|182
523,Tommy Novak,365,57|36|126|109|48|30|34|36|53|40|40|35|30|34|43|31|31|65|29|31|32|38|38|44|25|20|27|26|26|31|29|31|22|29|24|15|32|30|27|35|28|40|25|41|37|29|23|26|25|33|57|26|45|48|31|36|47|32|47|71|55|48|37|26|32|26|43|28|32|36|32|42|31|60|50|87|65|37|24|25|25|30|27|69|26|27|29|23|15|27|34|35|22|26|33|26|25|52|19|20|29|39|23|27|19|34|22|16|25|24|25|22|28|18|11|35|23|17|13|13|19|21|21|22|30|14|33|13|17|25|34|16|14|19|19|21|17|22|21|19|14|10|15|25|23|18|13|36|19|9|15|24|20|32|27|21|25|51|82|39|40|44|55|40|22|96|28|28|33|52|31|52|106|247|63|156|66|52|32|31|70|28|74|28|48|36|53|782|79|127|60|67|91|94|64|51|366|72|40|25|84|39|28|98|85|270|59|24|35|30|78|35|57|35|37|38|25|33|117|60|34|22|25|40|23|124|77|30|162|37|33|70|41|44|155|18|318|59|74|73|58|35|35|198|31|43|33|44|61|107|67|25|41|32|29|79|66|193|46|84|150|124|72|50|53|47|84|71|96|51|29|55|37|178|48|49|55|54|34|435|219|85|88|219|68|84|67|142|106|61|81|163|144|68|363|51|46|23|35|23|45|30|28|45|34|22|33|19|35|34|48|42|43|54|54|229|229|150|92|56|91|98|119|144|731|598|99|60|48|69|37|135|34|83|66|84|54|88|56|33|34|40|39|67|39|28|41|88|71|45|80|44|86|89|59|48|42|214|59|84|46|47|59|41|55
524,Rickard Rakell,365,102|70|63|66|90|62|73|59|55|77|114|155|93|61|104|86|111|120|68|71|65|71|57|196|148|97|65|46|61|46|81|58|56|34|65|51|68|63|50|76|71|69|65|73|43|43|46|43|63|39|62|47|61|58|55|59|101|51|62|102|52|90|74|63|53|46|110|78|54|72|76|89|63|69|76|108|106|98|87|59|177|201|119|90|64|52|68|62|50|64|61|70|92|44|42|47|67|85|53|54|52|49|45|55|58|67|43|42|61|35|63|57|54|46|53|56|33|36|61|90|59|48|46|47|42|30|39|29|33|25|38|48|32|34|41|44|63|89|51|39|35|40|41|37|37|33|34|34|34|37|49|44|38|40|47|36|36|71|66|55|52|48|74|189|70|76|66|57|57|81|48|79|142|425|90|137|98|76|51|73|219|77|79|52|70|50|65|96|68|172|70|129|125|111|65|44|77|67|52|39|72|51|58|102|62|56|59|66|85|111|170|107|180|77|46|49|50|52|103|55|45|43|196|36|41|68|63|56|73|46|54|62|57|52|61|49|85|52|115|161|113|73|75|118|67|67|60|115|236|121|67|57|58|65|76|103|70|165|60|235|295|199|348|215|132|103|132|105|94|76|68|91|72|111|70|138|108|142|82|162|181|86|81|109|85|81|71|167|162|161|176|169|168|106|115|102|143|106|105|496|335|287|249|159|165|457|555|219|121|133|175|158|108|88|111|104|156|124|100|87|108|74|102|120|157|64|42|80|50|76|52|56|47|128|78|89|62|173|134|64|55|61|100|217|81|51|78|287|125|145|77|93|430|305|142|79|84|175|120|110|63|82|71|76|91
525,Bryan Rust,365,388|73|95|66|83|70|80|52|56|57|150|92|71|54|85|58|174|150|103|83|89|102|53|117|187|165|185|237|168|82|74|65|64|52|57|59|60|54|89|85|80|83|76|76|67|58|89|74|76|64|78|71|115|82|76|72|96|110|100|126|94|121|103|110|99|96|105|106|84|107|729|263|138|161|176|335|165|181|126|176|189|231|184|138|102|68|77|74|69|96|93|100|76|62|101|173|138|217|150|103|87|78|68|45|73|56|37|58|67|57|64|56|56|40|61|81|45|47|59|63|43|50|44|125|104|65|54|32|32|55|62|47|34|53|68|44|47|53|62|64|63|53|57|60|61|41|43|58|58|45|61|66|80|62|78|75|64|66|62|76|64|87|233|610|148|130|90|107|85|107|309|89|167|450|175|200|178|120|76|86|135|86|100|95|102|59|70|174|86|115|79|164|175|321|204|95|231|113|53|65|157|55|67|605|181|103|89|75|68|106|123|119|161|85|67|77|80|87|88|83|56|68|52|157|72|190|122|71|367|95|104|120|74|85|120|105|214|80|119|166|190|108|78|237|81|77|106|135|201|225|140|84|109|69|84|225|106|176|129|402|508|178|101|98|97|109|188|99|135|82|106|144|99|327|159|129|108|127|98|194|187|93|118|336|393|282|146|192|228|384|206|160|350|143|200|108|119|84|129|90|97|101|104|112|90|86|127|127|133|84|285|221|162|172|148|196|295|423|233|119|191|92|364|195|303|138|66|289|98|150|78|176|88|300|93|309|128|291|290|106|88|123|96|137|109|89|87|227|132|132|109|127|470|275|170|146|167|272|179|132|125|118|137|100|215
526,Elmer Soderblom,365,36|40|53|26|18|21|22|20|28|18|20|16|25|21|24|25|19|32|10|17|21|16|36|12|32|16|61|15|19|13|13|14|23|14|23|15|32|33|26|15|19|15|13|7|12|9|11|12|9|13|11|12|14|13|9|22|18|27|11|10|13|26|16|7|12|10|14|12|16|14|7|34|32|32|60|268|153|41|56|41|45|29|29|21|21|21|21|40|38|46|27|27|22|24|23|17|13|9|14|51|47|25|16|21|19|26|21|10|17|8|21|17|14|15|15|18|30|26|25|22|19|18|20|24|9|17|15|16|27|10|8|13|18|18|16|12|19|25|22|8|15|20|17|21|24|12|17|21|27|16|21|15|21|28|30|38|61|76|87|179|38|43|53|32|29|28|122|42|51|40|71|40|60|65|75|128|56|76|52|30|41|179|61|105|58|57|33|31|64|55|30|60|47|33|198|43|62|64|26|63|42|35|32|38|63|910|316|99|39|45|44|24|45|32|27|60|27|27|51|29|28|37|18|55|33|41|89|78|80|203|80|119|69|94|103|117|78|77|125|33|367|47|32|67|70|32|201|284|110|55|64|45|46|26|107|102|47|42|46|43|53|36|63|78|42|33|55|52|217|46|128|78|41|38|92|108|100|62|31|328|254|188|106|45|45|87|39|227|94|38|57|99|46|51|40|37|29|41|25|43|36|28|33|29|28|36|40|33|29|25|48|38|30|36|42|83|76|81|82|52|28|55|5029|1813|920|598|339|257|109|142|45|155|58|1041|206|179|77|167|131|49|76|152|60|98|105|68|84|1702|817|195|189|323|702|295|142|122|119|189|164|211|144|67|516|198|145
527,Connor Clifton,365,33|28|49|32|29|31|35|33|29|56|110|35|33|31|34|27|21|51|33|30|33|29|31|25|44|27|21|28|24|18|25|28|18|23|32|28|33|28|38|29|20|37|37|17|25|20|23|23|25|49|34|21|24|45|27|24|19|12|17|24|17|33|30|30|23|26|28|20|25|57|46|2553|602|291|140|105|89|60|67|66|57|35|40|50|82|50|64|53|64|47|30|36|21|37|59|59|109|75|35|45|68|68|36|33|44|30|31|37|37|32|34|24|28|20|22|28|23|32|22|32|20|29|14|39|23|25|25|27|13|29|23|27|28|23|25|28|31|24|30|26|23|23|26|22|22|25|15|32|30|31|34|32|32|32|39|30|27|59|52|38|49|48|54|60|40|46|40|46|39|315|55|65|104|172|85|125|106|127|49|66|192|68|76|56|31|54|49|79|108|163|92|64|44|66|46|56|69|49|34|34|47|42|46|123|183|152|53|45|39|42|31|37|103|49|64|28|38|44|79|41|51|26|40|62|29|31|48|36|265|61|45|87|46|54|45|30|74|33|75|82|77|33|36|50|30|64|31|35|47|49|36|30|35|35|45|44|71|38|46|44|54|47|41|52|50|38|70|59|145|117|43|332|75|204|64|501|317|337|208|150|181|68|77|46|55|82|76|113|176|84|70|90|118|48|444|74|53|49|46|71|63|43|46|50|35|25|47|37|60|39|103|105|51|66|75|457|172|94|74|69|287|83|175|114|101|54|36|62|36|53|32|47|47|351|84|82|81|59|69|37|41|46|54|70|68|64|44|62|124|87|74|124|129|66|65|56|76|112|83|69|40|88|122|68|60
528,Samuel Girard,365,51|39|197|60|120|52|205|37|30|337|85|83|39|31|120|52|571|106|68|48|52|48|32|34|35|57|34|27|22|31|48|29|46|55|39|40|39|49|49|47|42|55|47|61|26|46|38|55|69|56|72|49|46|33|38|52|67|57|44|42|35|42|34|39|41|25|40|44|34|35|69|47|39|47|46|40|69|51|27|27|26|26|38|29|38|24|17|34|29|36|30|21|21|26|16|43|32|26|20|23|36|21|26|22|14|15|22|25|32|35|39|49|35|36|29|19|17|27|30|23|25|22|22|28|20|23|23|23|28|34|42|36|28|37|37|19|23|19|22|28|43|39|21|33|17|19|15|19|27|16|27|26|40|27|37|15|22|26|20|22|25|19|32|39|51|39|44|44|24|30|58|22|45|90|38|73|59|78|50|28|32|50|70|33|78|29|40|47|36|47|45|34|29|37|67|29|40|36|30|25|20|59|19|47|28|72|73|51|72|56|117|41|35|69|50|30|33|70|49|77|57|29|42|77|49|129|53|39|33|57|68|35|45|58|39|28|73|24|101|44|233|45|60|232|62|57|77|39|66|111|486|138|127|60|124|66|89|67|85|76|57|186|131|48|106|71|529|168|98|84|104|45|56|57|155|66|75|108|79|82|65|79|123|54|79|74|132|196|159|122|49|106|65|110|53|66|40|40|46|35|72|55|44|57|42|44|59|47|44|41|152|97|5772|2774|1088|783|612|359|307|282|306|234|302|233|254|168|105|150|78|173|93|129|93|383|92|118|95|143|149|66|134|167|77|90|122|100|107|142|187|242|309|114|149|123|155|110|78|145|117|176|77|189|99|78|101
529,Ryan Graves,365,142|71|90|81|60|56|54|57|57|55|63|55|72|47|72|62|67|52|62|75|45|51|46|44|56|53|38|57|55|63|38|65|52|83|71|42|43|50|43|56|50|42|48|56|40|56|40|45|66|51|44|48|36|60|55|51|36|67|52|44|65|77|64|48|37|31|41|45|45|42|40|42|44|42|52|46|64|34|51|30|45|43|44|49|113|46|35|78|111|51|27|45|48|32|34|41|28|37|37|52|34|23|27|33|46|38|31|41|48|49|43|49|50|45|40|41|42|46|54|72|55|29|38|40|43|47|50|46|27|36|28|33|46|29|30|50|46|37|32|55|43|48|33|40|35|26|39|40|32|32|39|46|35|33|42|35|38|66|127|34|55|50|71|60|43|69|42|54|39|1113|663|254|154|287|80|122|110|109|77|78|78|67|65|84|165|75|69|99|84|160|95|139|104|124|92|65|94|103|67|54|143|115|96|164|746|321|111|64|47|53|66|66|226|91|58|75|61|73|74|71|67|38|44|91|44|161|177|76|137|63|44|76|55|55|73|37|91|73|103|105|120|49|58|86|54|77|60|60|98|78|58|45|62|43|54|84|531|458|162|111|92|111|74|57|110|92|117|67|84|57|77|72|84|85|63|66|80|88|115|117|95|65|55|63|86|63|47|82|73|71|86|65|65|64|70|43|53|43|50|50|56|40|42|56|48|43|46|45|51|58|126|90|104|63|79|83|79|89|114|91|68|65|84|69|94|122|63|148|56|62|54|78|36|84|39|51|51|61|178|54|46|57|98|112|134|45|51|76|57|52|99|84|63|41|60|40|48|65|140|83|55|60|76|50|53
530,Erik Karlsson,365,489|374|606|682|600|580|426|608|592|589|457|389|583|444|664|307|466|385|312|782|326|1074|358|1113|414|467|383|558|354|290|363|381|381|323|459|310|336|359|271|295|242|393|343|345|266|231|207|234|298|207|282|183|228|338|516|548|424|244|267|271|252|389|308|292|257|273|244|403|355|367|324|417|274|279|513|349|389|257|223|197|440|411|451|513|384|329|241|405|448|397|303|287|266|261|211|202|204|202|182|164|155|211|188|231|241|182|206|192|215|195|168|190|158|154|195|196|191|148|138|135|214|133|139|159|233|156|187|161|197|168|167|164|198|167|152|154|171|169|187|231|216|323|210|159|150|140|171|150|180|161|268|419|317|272|254|182|227|227|181|175|227|211|230|367|236|244|234|230|258|298|231|258|411|673|335|546|491|543|322|262|396|266|373|253|432|258|211|462|272|345|240|260|290|522|427|242|307|321|215|244|1177|288|283|664|538|584|388|340|386|405|788|768|691|391|340|260|245|356|297|354|233|248|221|298|247|367|449|269|607|317|243|306|246|209|293|233|428|269|576|905|665|383|303|609|308|499|241|432|482|528|319|209|242|216|314|293|315|378|303|771|600|448|556|397|374|297|876|519|485|336|360|379|457|365|318|341|304|354|300|287|391|299|282|314|282|344|273|373|437|503|353|699|598|357|394|360|467|473|467|1211|856|1010|910|700|555|1541|3699|1100|654|546|1223|932|632|437|486|563|714|818|518|360|689|299|639|498|751|466|390|417|320|390|301|422|325|1126|435|852|428|1052|777|375|408|398|509|1215|641|823|447|609|459|471|381|536|623|398|315|410|401|748|399|515|413|406|709|1075|764
531,Kris Letang,365,462|216|211|230|252|226|317|194|189|176|327|343|283|178|310|182|186|241|162|185|156|156|185|116|145|152|153|148|170|174|152|172|145|131|171|131|145|151|128|189|146|135|181|126|154|105|114|112|268|194|210|112|127|211|191|152|164|114|184|164|209|294|210|158|173|125|136|152|126|144|137|6892|676|325|286|185|153|177|238|330|295|280|242|263|228|223|352|637|283|275|245|217|234|243|210|195|200|92|108|101|90|92|106|141|148|139|159|137|130|135|112|113|123|109|98|146|72|101|170|246|236|147|127|127|108|100|127|84|95|81|114|97|110|85|113|92|93|76|115|114|118|140|126|113|99|94|89|154|132|109|138|173|188|207|215|166|156|122|139|125|111|252|528|1325|366|307|220|173|163|218|180|246|1041|2010|625|1483|656|400|295|239|365|259|292|217|328|174|163|789|326|318|228|345|248|429|384|158|379|286|158|180|422|175|240|504|454|306|192|169|209|195|319|201|346|200|140|163|162|191|186|240|148|158|158|193|146|585|390|130|308|141|137|255|187|197|313|158|212|147|489|388|357|279|214|374|195|219|199|529|968|426|237|198|193|175|195|285|203|338|263|1793|1265|453|307|263|244|205|307|290|305|241|227|312|239|715|222|285|219|284|219|285|335|196|241|359|278|290|315|410|738|671|394|318|330|290|321|270|248|232|248|266|291|267|290|327|327|353|389|383|401|322|878|674|671|503|484|632|828|713|473|337|503|256|560|385|722|344|238|387|248|272|198|300|213|452|264|348|242|348|318|194|250|373|195|318|195|191|208|267|309|267|245|294|421|273|258|269|302|707|434|1010|908|731|469|727|858
532,Jake Livanavage,357,35|11|4|4|4|3|6|1|3|6|4|4|2|4|3|2|3|6|2|2|1|2|1|2|3|2|1|5|5|2|3|2|2|3|6|4|3|4|3|2|3|1|5|3|4|1|3|1|3|2|4|2|11|8|1|3|1|5|1|2|3|4|5|1|5|3|1|2|3|5|4|6|15|26|22|7|6|4|3|4|6|5|4|5|5|1|4|2|3|12|4|4|3|3|4|4|6|3|3|3|2|1|5|3|1|1|3|8|1|7|7|1|1|3|3|2|1|1|2|2|3|1|2|2|2|4|8|2|6|2|1|1|4|1|2|6|1|5|2|1|2|5|3|1|5|1|4|1|6|4|3|6|4|6|4|6|1|2|1|2|5|3|3|6|4|3|5|7|15|12|11|6|17|3|4|7|7|15|10|7|3|4|8|4|1|6|2|1|5|7|7|2|7|6|5|5|2|8|11|4|5|8|10|4|15|10|4|2|6|4|4|5|11|4|6|6|4|2|7|9|8|5|10|5|9|21|7|12|5|6|5|5|8|7|4|6|4|7|4|4|2|6|2|2|13|23|9|4|25|23|11|7|8|14|11|17|7|8|19|8|8|13|8|5|7|10|11|14|11|7|19|14|13|33|15|9|3|8|7|4|9|6|11|5|6|11|14|15|17|7|13|17|10|10|20|28|12|8|9|7|18|13|34|24|19|13|12|14|32|15|17|9|12|12|11|13|13|20|14|18|20|13|12|13|14|13|20|7|6|5|10|17|22|17|20|40|30|35|13|11|14|10|7|9|7|10|6|9|36|784|450|216|139|679|1723|252|123
533,Ryan Shea,365,58|18|15|47|22|15|22|24|19|14|16|14|16|16|23|29|19|21|19|24|19|29|33|34|18|188|53|26|20|25|16|21|27|22|17|21|26|22|24|26|18|21|25|24|23|26|16|23|25|24|24|21|25|24|18|16|23|17|13|17|15|20|36|25|20|18|20|23|19|37|18|25|21|26|26|32|23|13|18|19|28|14|15|31|21|13|13|22|14|17|20|20|16|33|26|23|22|25|12|18|18|15|15|17|21|21|18|9|15|16|16|18|27|20|9|22|34|14|13|19|14|17|14|19|30|24|11|22|24|26|15|15|19|18|19|21|20|23|21|20|19|22|20|18|19|23|19|21|14|17|28|27|25|32|25|18|19|40|34|11|16|22|24|37|25|39|25|47|27|18|26|40|88|455|85|90|41|58|32|35|217|45|77|33|82|50|34|68|47|61|291|160|70|116|80|51|732|101|31|43|184|45|29|52|87|63|24|23|18|36|55|45|70|42|38|37|30|28|46|46|40|26|20|60|29|54|36|30|54|29|28|68|29|38|53|23|76|20|40|68|101|46|29|50|29|38|23|45|34|65|27|34|66|27|18|126|57|67|30|70|94|50|40|55|32|35|51|44|113|80|49|60|28|47|34|59|38|36|35|115|131|69|39|89|45|87|74|355|123|93|88|82|97|39|70|29|44|38|32|38|53|35|19|35|23|27|43|31|32|24|39|65|42|41|37|49|266|123|59|78|296|45|50|58|114|67|33|61|39|50|44|51|29|98|41|45|45|56|49|21|57|33|37|31|42|25|23|172|73|41|40|84|116|65|70|42|49|67|96|40|42|51|59|42|117
534,Ilya Solovyov,365,20|12|11|18|18|9|10|9|19|32|7|10|14|11|13|10|5|16|12|12|13|18|9|10|17|6|11|8|8|13|9|9|12|6|11|11|8|20|15|15|10|20|12|12|12|10|8|5|10|12|8|9|13|13|14|13|10|14|8|4|11|13|28|12|9|11|9|16|14|10|11|16|12|12|16|19|22|12|6|6|14|9|5|8|7|7|7|8|8|8|29|39|18|20|23|18|5|12|13|3|9|6|2|11|10|12|10|7|11|13|6|13|14|10|16|5|10|10|7|17|48|22|9|25|10|15|10|15|1|15|3|11|7|9|9|3|4|16|9|9|5|10|9|19|24|6|11|4|6|11|5|6|5|8|10|13|12|9|14|16|12|9|16|14|14|26|10|29|718|368|132|96|94|73|74|87|141|154|188|60|44|50|84|42|90|55|122|110|37|50|76|42|23|18|52|17|76|69|41|24|28|42|35|24|25|35|42|19|37|40|38|25|32|30|20|22|26|22|33|24|31|18|26|44|26|34|33|34|30|31|25|19|34|38|39|19|41|24|43|57|40|38|24|35|29|29|25|103|69|37|39|51|27|23|46|28|42|38|39|36|42|73|61|36|164|46|172|823|817|193|172|70|48|37|56|37|77|2071|1002|468|184|96|92|86|135|190|232|880|347|138|190|134|218|98|228|54|43|69|52|43|49|66|40|49|52|48|56|54|54|47|54|62|75|74|58|67|74|80|57|50|52|67|66|60|213|143|66|79|30|48|33|77|45|219|37|79|47|51|52|34|80|30|20|33|31|33|32|44|46|28|20|35|64|38|50|41|45|52|75|114|62|47|76|45|58
535,Jack St. Ivany,365,11|12|4|15|16|15|17|8|14|24|9|16|10|8|12|6|7|17|6|9|10|7|7|4|7|7|1|5|11|6|4|5|8|3|7|7|9|9|12|18|6|19|5|6|17|15|43|24|12|13|13|13|11|9|20|16|10|10|9|13|5|9|7|8|9|9|13|14|14|11|18|18|16|32|18|14|13|12|12|4|6|10|6|9|7|2|5|6|10|14|10|11|7|22|6|15|9|14|8|10|7|6|8|13|15|4|5|7|3|5|4|9|9|16|4|6|2|9|11|6|5|18|13|11|10|9|13|4|7|12|10|11|5|11|12|7|12|9|10|19|9|4|9|7|8|11|7|9|17|9|10|13|6|7|16|5|5|7|8|22|16|16|27|1|4|6|16|29|21|11|18|24|30|43|21|19|15|13|5|9|12|5|8|13|7|9|8|14|7|9|101|9|13|27|36|19|34|13|2|10|17|17|15|9|14|11|10|11|9|7|11|16|17|36|10|14|18|13|20|12|18|17|11|14|9|12|13|19|8|21|19|8|16|23|17|23|19|22|44|49|36|32|44|143|17|74|21|25|232|245|84|29|34|24|18|180|72|166|50|185|97|91|47|39|24|32|63|59|46|19|31|66|32|253|74|63|48|47|35|296|290|64|58|83|83|53|41|59|59|23|43|26|36|33|44|19|29|21|37|108|100|21|20|19|19|23|21|26|20|20|41|57|45|19|40|28|34|40|33|30|21|18|37|21|39|40|30|27|22|16|18|24|19|41|26|22|36|20|19|21|19|20|17|13|6|12|12|19|20|46|25|25|34|25|42|27|26|26|54|90|22|40|92|31|16
536,Parker Wotherspoon,365,32|27|27|30|21|20|28|25|16|26|16|16|21|20|18|19|39|23|25|28|18|40|25|21|39|20|16|21|10|23|18|14|24|15|18|31|29|21|35|43|17|16|40|21|28|29|30|14|25|35|17|36|26|21|29|20|28|18|11|18|15|28|35|14|24|22|26|29|21|28|16|34|27|49|936|286|95|57|39|54|54|31|43|34|31|34|33|40|19|40|27|26|23|12|19|23|12|19|15|23|15|30|27|23|24|24|20|14|18|11|15|25|26|27|15|27|32|13|33|42|22|17|28|26|17|15|21|15|28|38|19|22|27|17|14|24|24|23|25|21|41|17|11|19|13|17|16|20|24|17|25|33|27|21|20|14|37|29|35|36|30|39|47|60|21|45|48|49|59|108|67|91|151|494|145|285|89|87|36|45|187|50|94|58|95|44|68|147|73|147|71|63|53|734|255|99|265|103|24|48|118|39|51|112|66|96|43|33|39|30|100|44|344|85|48|37|36|49|68|72|45|29|24|93|329|168|114|59|156|66|37|161|69|67|84|40|40|41|109|142|248|86|47|116|34|63|37|75|78|103|53|27|38|27|24|53|54|82|42|130|235|98|58|47|36|49|53|77|165|88|23|69|42|71|50|57|217|120|56|203|156|64|89|185|67|64|58|121|138|88|74|120|187|34|91|51|40|74|60|40|40|37|34|36|34|19|27|23|39|43|40|37|43|45|51|66|100|100|68|71|192|52|88|59|239|70|30|53|51|59|20|91|32|147|47|88|44|65|83|35|36|58|48|77|49|41|69|159|77|59|47|81|276|247|96|56|69|90|80|74|52|54|54|60|69
537,Macklin Celebrini,365,1018|865|850|765|816|1160|1021|855|723|728|778|756|658|631|759|582|654|1355|1924|1188|1089|1119|1365|1756|1154|1178|868|937|1126|2230|2259|1780|3592|2324|2199|1042|809|878|699|723|683|643|710|584|549|604|550|512|722|493|740|431|479|892|614|524|902|662|540|492|484|849|548|513|515|440|505|539|555|630|1263|2403|1008|892|709|589|757|599|456|369|490|701|947|531|383|325|310|392|468|444|379|336|330|316|356|261|241|228|248|255|231|241|247|297|334|411|298|277|272|311|280|298|271|257|301|279|264|219|284|291|242|268|272|300|298|348|301|287|309|265|263|318|318|328|282|205|259|315|283|246|261|298|371|344|619|439|367|339|330|296|373|433|457|825|556|369|389|414|393|386|388|360|412|377|372|428|374|480|462|566|572|588|770|830|819|1445|859|1769|1078|742|1040|647|729|1080|953|690|1235|1847|1368|5816|1832|1270|4337|1829|2705|1272|1425|1810|1260|2169|1110|1119|3878|2323|9358|5711|5122|2566|4798|2829|2375|1579|2006|1163|1124|7995|4846|3929|3686|3495|4314|2229|2098|2557|2308|2470|2617|2049|3440|2777|2405|2009|2773|1844|2607|1922|2249|2451|4106|2764|4047|2680|2046|7354|4930|5086|2972|2868|2332|2029|2581|3047|2543|3647|7391|2976|5454|12649|11996|6021|5886|4617|4233|3507|3543|9402|5077|4418|5072|4094|2910|2510|2162|3890|5114|2564|2635|3571|2989|2267|2340|5122|2843|2472|2160|6254|3423|7047|3871|2725|2288|5131|2924|3432|2990|3464|3225|4248|5883|4694|24850|29274|17368|64752|35196|16572|38574|17047|36212|22518|118449|29352|13644|8695|9306|8167|8567|7052|5404|4478|6909|4360|3620|4081|4881|3412|4114|5393|4650|4640|4653|8408|3660|3249|3743|2630|2674|2622|2501|2174|2294|1996|1965|2275|2147|2253|1821|5340|2689|7402|4652|2939|3515|2957|3677|2652|5701|2908|2344|4155|2370|2874|2372|3010|10320
538,Ty Dellandrea,365,72|79|86|39|77|67|69|46|51|46|56|71|48|47|53|48|89|62|71|55|88|44|59|67|54|68|78|51|56|51|140|64|48|74|83|56|81|63|52|55|60|66|106|41|40|32|45|40|51|39|42|32|44|52|33|34|28|20|28|23|26|39|51|102|36|33|49|59|38|58|85|98|47|58|64|65|46|35|37|38|35|35|36|34|48|37|31|38|36|32|35|28|26|28|33|29|17|41|22|20|27|17|20|30|40|33|35|19|28|28|39|22|24|37|25|21|27|36|31|30|34|14|19|11|21|21|11|20|25|26|17|32|20|28|16|30|29|29|18|16|23|24|22|20|28|38|47|48|45|31|29|28|25|23|30|20|25|41|28|20|30|27|56|39|37|70|39|41|28|50|42|41|63|65|54|115|59|81|62|55|89|48|232|151|91|79|67|74|60|74|43|44|63|45|65|41|89|73|61|95|68|47|154|62|85|90|50|41|82|58|74|49|68|37|54|93|53|275|82|102|164|178|109|101|65|88|81|63|89|73|76|60|219|75|58|59|80|70|393|88|92|68|51|153|80|116|47|62|55|67|74|61|63|53|111|56|119|80|72|88|85|81|93|58|160|87|71|71|103|74|82|57|46|70|63|59|76|79|63|57|44|55|52|55|54|61|51|53|54|58|66|58|64|49|47|45|56|31|53|46|48|32|42|53|47|54|75|55|55|73|98|109|75|75|75|70|74|93|79|83|96|73|78|67|73|76|60|53|69|190|169|104|72|48|62|70|77|86|66|72|56|60|57|48|46|60|61|84|81|192|104|76|84|57|225|159|113|153|76|89|79|66|62|66|116
539,William Eklund,365,252|205|187|112|110|130|119|165|198|139|85|122|90|143|100|488|540|391|516|207|178|188|137|103|173|127|111|99|72|81|90|98|106|79|107|89|90|100|102|99|95|74|71|89|76|95|92|98|113|81|119|126|108|116|86|77|114|104|100|94|103|126|122|97|98|120|129|131|177|212|445|3176|536|305|585|307|173|140|171|134|122|156|148|90|135|104|73|144|116|100|94|91|105|120|85|65|82|79|82|63|62|80|52|46|56|64|214|76|70|57|66|69|52|56|61|61|52|51|57|67|89|72|58|67|63|74|66|73|65|69|65|65|60|61|69|81|72|67|54|59|58|75|80|62|114|61|89|78|70|70|60|76|75|90|82|69|66|119|74|71|71|73|133|96|86|78|90|128|95|96|142|112|154|144|129|227|129|193|154|122|281|130|106|153|166|157|141|187|151|359|179|234|399|152|281|163|396|208|158|174|163|145|181|138|198|203|172|187|337|198|169|135|180|143|121|261|154|252|166|202|315|166|174|153|222|225|269|198|293|215|191|166|179|185|168|173|207|151|155|219|326|244|221|307|238|262|235|273|238|239|197|156|390|231|429|270|313|349|449|436|532|647|504|1596|568|820|571|403|406|288|345|292|301|290|303|250|266|432|323|266|250|340|288|308|242|362|332|346|317|244|241|240|261|207|210|239|216|193|229|223|236|208|188|229|233|240|288|240|243|267|428|393|390|346|308|376|356|482|392|261|407|296|489|438|538|454|321|269|256|2483|1087|787|389|299|345|273|247|330|284|314|264|219|263|243|365|293|324|289|231|325|470|277|319|260|928|322|324|240|261|342|258|457|678|335|434
540,Adam Gaudette,365,295|88|146|1294|149|2306|238|243|157|325|81|71|416|197|223|87|88|69|93|71|66|51|58|73|61|68|52|60|58|49|118|107|76|51|57|65|64|74|80|71|46|51|56|57|45|39|45|40|39|35|34|28|51|45|52|39|54|33|37|29|47|40|43|38|42|40|44|48|42|57|60|68|82|81|905|538|258|104|84|85|110|85|508|375|167|86|54|64|132|62|30|51|42|57|54|53|45|42|60|42|37|56|47|38|42|67|59|36|37|39|54|46|34|68|63|63|41|42|32|48|57|41|30|42|71|60|38|48|50|61|27|33|33|33|41|37|41|44|40|55|42|40|49|29|37|42|45|29|37|30|39|46|44|70|98|81|47|49|58|57|63|65|99|59|46|117|65|69|54|65|147|87|117|124|109|164|88|289|110|90|141|64|68|82|115|47|111|156|246|407|163|125|120|87|82|42|101|123|61|88|60|81|155|81|98|217|218|64|89|69|97|81|106|71|71|107|108|301|122|180|386|67|60|60|257|251|147|55|237|84|119|59|66|92|67|48|91|49|114|113|169|82|76|64|49|80|65|193|86|64|68|54|72|56|295|68|143|285|103|97|76|75|64|62|93|265|91|173|248|124|91|82|85|149|120|71|69|88|84|65|60|98|100|88|81|478|81|301|220|118|109|153|67|70|51|50|58|53|92|64|77|76|71|82|78|94|104|77|100|81|408|152|111|95|84|99|114|105|106|102|363|174|128|122|139|86|76|119|201|245|88|263|101|72|100|88|110|80|86|62|67|85|82|114|69|80|81|1307|188|578|462|224|168|132|130|98|107|117|183|163|129|98|69|74|130
541,Barclay Goodrow,365,103|92|91|112|104|119|82|76|77|53|50|57|66|60|69|46|58|71|64|50|52|58|42|54|89|57|64|50|31|45|54|68|52|66|64|49|76|105|74|84|39|57|49|46|45|54|49|34|65|38|61|52|43|49|66|76|68|42|44|44|44|84|97|66|55|39|49|55|49|78|60|100|31|45|68|79|75|45|48|58|52|43|37|57|74|68|67|45|48|36|41|30|35|57|40|29|30|55|42|29|27|36|21|33|29|38|42|27|26|35|30|41|26|35|31|37|39|33|27|35|27|22|30|23|34|38|35|48|31|31|41|27|23|52|45|40|35|35|34|55|35|44|30|45|45|36|55|34|19|42|30|50|43|45|51|53|45|42|42|59|49|72|76|40|30|63|54|61|39|46|57|63|75|96|96|113|59|118|67|69|102|50|41|47|81|38|56|59|84|175|67|44|76|53|79|41|69|67|54|96|61|51|88|71|91|124|81|61|111|64|62|38|81|38|39|87|47|103|57|133|172|64|39|53|58|75|73|48|112|49|80|66|52|49|1360|42|52|58|142|67|103|49|69|457|120|91|60|92|37|71|51|33|64|45|108|47|73|73|73|75|187|200|74|88|123|147|76|102|125|88|105|72|92|144|119|64|171|212|181|78|65|158|101|78|60|256|121|121|93|77|65|66|82|100|79|58|55|46|54|51|53|35|41|56|77|78|76|59|107|59|843|181|114|95|98|158|216|147|84|72|153|89|117|121|84|64|97|121|95|83|84|156|69|27|90|50|70|152|193|72|75|61|58|64|44|61|59|104|66|129|170|80|118|65|111|66|82|74|60|98|74|94|66|84|98
542,Collin Graf,365,57|23|26|16|20|28|15|20|15|36|20|23|14|23|23|52|26|41|34|19|19|15|24|22|25|16|20|12|19|14|10|14|16|18|12|30|34|26|15|43|17|24|23|9|17|13|10|17|22|15|16|19|11|17|25|15|33|14|17|26|8|22|14|21|22|16|17|14|42|24|26|30|22|22|26|36|36|25|23|25|30|15|15|19|22|26|13|25|16|25|17|21|24|18|16|9|21|31|33|11|15|14|12|16|16|22|17|13|19|35|23|24|10|28|18|25|25|13|21|22|14|19|9|21|27|18|19|18|12|14|19|25|23|24|8|11|21|19|23|19|18|25|30|19|31|26|16|18|72|48|32|34|37|34|30|25|24|37|19|23|23|35|27|28|24|31|35|55|40|57|33|39|57|41|52|77|53|73|43|27|53|42|72|70|53|42|148|191|114|122|67|61|132|41|68|42|37|44|34|68|27|30|128|48|87|131|45|39|1296|155|143|48|45|49|35|119|58|265|78|73|639|81|73|63|149|201|121|55|180|69|75|50|414|316|306|107|397|101|145|108|141|97|92|171|90|826|259|366|144|124|272|100|118|104|366|135|151|170|129|88|114|81|74|74|126|133|71|112|100|217|71|116|95|411|424|93|111|195|129|77|111|468|372|185|99|213|136|601|218|158|138|176|111|104|73|85|120|84|59|54|56|48|80|47|59|70|54|59|86|76|102|105|106|90|81|114|154|256|292|155|1082|200|134|128|195|96|151|145|414|902|196|763|300|200|229|129|103|120|130|123|152|104|160|152|110|93|112|111|77|238|957|242|233|117|456|206|151|157|111|196|112|142|97|117|381
543,Philipp Kurashev,365,35|20|26|26|34|23|47|27|28|29|25|25|27|23|29|18|25|28|27|34|24|32|31|27|24|26|18|43|44|23|30|24|32|24|22|29|52|75|46|41|26|16|32|14|26|22|23|24|14|22|25|21|16|17|26|23|20|22|22|17|13|34|25|29|26|35|43|42|110|67|42|45|27|136|736|366|185|100|67|64|105|77|44|52|53|64|38|50|66|40|39|31|29|33|38|34|41|36|24|30|18|14|33|18|37|17|34|18|40|26|63|55|38|27|34|24|27|13|18|16|20|18|18|25|27|31|21|29|17|18|24|31|25|19|21|19|26|27|25|26|31|49|22|26|28|24|27|21|25|21|31|25|22|39|65|49|24|117|56|46|41|25|31|34|30|53|59|90|39|53|74|77|123|117|132|510|124|187|46|73|83|72|79|109|88|69|61|34|45|82|68|52|86|39|258|73|425|769|999|524|217|145|175|85|213|140|90|49|121|75|57|51|66|33|37|130|52|899|145|133|128|64|51|89|57|56|60|55|103|58|83|38|65|57|44|45|44|32|86|58|71|71|70|67|52|49|34|51|28|39|33|48|65|52|67|56|93|99|141|81|93|78|55|74|291|232|109|102|92|88|74|70|92|101|121|51|69|113|65|67|75|117|65|75|80|81|71|66|101|85|126|275|128|202|139|154|141|140|127|198|623|1092|449|501|190|998|847|186|127|86|178|217|129|73|89|103|116|113|71|62|180|81|61|75|75|53|47|49|38|56|55|125|52|37|50|45|46|80|48|57|40|38|43|26|46|87|71|65|46|80|61|61|59|75|89|65|55|53|30|64|43|72|41|51|94
544,Michael Misa,365,583|338|285|283|203|229|257|222|178|203|186|251|318|242|308|285|414|2532|4898|1172|724|489|403|298|339|479|333|269|285|260|205|350|308|322|279|315|254|287|301|377|273|348|370|322|334|532|404|306|445|364|450|423|593|578|291|258|288|225|240|218|234|401|364|371|431|408|634|886|886|1140|8299|12762|2654|2123|1139|803|712|500|322|331|445|477|530|354|271|252|201|236|277|258|196|168|138|145|185|168|159|146|101|123|112|128|125|118|120|133|157|122|141|194|148|115|120|104|94|108|101|91|129|120|118|97|147|98|108|93|124|90|115|97|85|84|115|116|75|84|112|130|117|118|153|166|119|130|182|563|436|238|248|175|147|140|164|163|195|172|204|373|294|253|206|227|267|182|250|202|223|248|286|543|338|353|505|491|504|805|349|726|387|626|1511|512|382|452|482|283|335|625|443|660|315|504|661|298|473|242|404|319|244|425|266|261|405|330|461|469|316|236|440|293|277|428|303|242|183|449|357|439|418|337|483|365|271|279|266|294|327|251|431|360|377|271|353|297|492|373|275|262|296|376|416|306|279|561|588|509|366|512|419|361|340|470|853|4103|1039|803|2972|767|1535|563|4353|714|3012|894|531|453|418|493|491|495|286|449|331|510|621|285|254|818|413|280|283|598|301|370|271|565|460|936|536|312|229|369|346|425|272|228|188|145|179|197|267|241|320|467|325|298|311|264|340|380|802|702|569|377|383|678|1020|1572|2696|730|1569|744|654|723|756|395|391|419|572|807|445|901|462|329|344|444|376|325|326|306|448|563|296|272|379|316|715|491|430|591|675|397|530|647|486|348|497|419|287|530|459|515|399|465|683
545,Zack Ostapchuk,365,72|41|35|55|44|60|36|34|32|50|28|26|42|31|44|43|51|38|97|38|47|38|61|105|56|39|39|35|43|48|31|34|36|36|33|37|36|37|42|37|23|38|33|34|21|14|19|33|26|26|23|21|26|24|23|13|19|28|23|18|17|42|69|37|28|41|37|33|53|37|38|81|39|49|36|43|45|28|39|34|53|31|23|27|29|44|40|26|25|21|17|17|16|33|19|13|17|20|12|25|25|14|20|11|18|10|15|18|17|29|20|11|17|15|14|10|10|16|8|22|15|22|23|12|11|16|15|18|15|19|17|27|21|16|21|20|19|16|13|9|13|15|17|9|16|10|18|10|9|15|16|21|6|24|18|22|17|34|33|25|17|21|22|21|22|31|17|23|14|49|26|27|37|27|42|37|42|22|25|21|22|32|17|15|38|21|24|18|22|29|24|25|24|26|20|19|31|18|21|17|19|17|46|46|35|27|37|25|43|35|30|56|69|25|30|88|36|65|77|180|89|56|34|43|51|29|62|35|38|51|56|34|53|45|49|55|49|30|53|34|46|33|30|130|35|144|47|58|39|45|41|41|71|45|107|46|508|95|76|83|150|127|99|70|870|225|69|67|75|73|47|44|48|465|93|65|64|128|51|46|34|122|42|39|47|117|49|245|86|46|42|37|50|34|32|26|31|27|27|30|34|22|32|39|31|28|32|25|36|28|61|58|46|62|53|70|132|103|67|58|121|86|169|118|74|48|121|247|63|92|96|277|96|45|103|32|61|66|64|38|52|56|28|308|113|81|71|152|54|710|885|271|178|160|180|91|122|82|54|107|67|78|43|103|90
546,Ryan Reaves,365,799|828|782|870|507|664|471|584|590|683|418|316|519|449|694|430|374|588|2209|1218|860|728|614|474|609|519|472|576|399|486|423|699|276|245|263|221|232|268|220|238|201|208|253|200|174|206|265|256|323|205|368|230|227|279|134|174|274|241|252|177|201|287|186|194|166|138|161|171|185|174|174|189|179|223|336|420|345|276|221|185|221|280|515|545|6457|2148|998|702|615|436|501|309|226|188|258|360|262|248|217|155|211|210|155|155|198|177|220|196|183|149|180|208|161|157|123|233|175|169|254|152|191|165|143|226|253|164|136|163|173|113|161|179|200|154|145|182|161|182|169|153|167|171|168|222|158|156|135|124|204|175|192|176|190|209|276|224|265|288|250|253|240|242|204|375|228|316|311|491|391|366|384|267|396|520|466|777|304|1564|603|453|563|355|359|358|474|314|373|429|832|6773|1520|854|1021|490|601|355|514|340|362|429|903|606|745|472|671|687|405|382|544|368|400|287|618|396|267|895|604|657|397|831|999|395|357|450|399|525|712|296|440|462|367|299|287|328|287|286|484|1059|1675|580|417|338|435|694|399|420|327|431|351|310|610|350|289|238|813|390|518|606|421|385|605|853|496|473|6071|3094|1091|711|612|567|523|438|465|517|436|454|457|701|705|535|417|724|367|333|330|493|299|505|415|399|385|458|361|401|335|352|338|262|267|230|312|319|338|324|348|323|345|311|384|360|557|451|507|386|389|455|344|529|378|343|413|425|409|364|725|412|303|341|562|603|339|482|386|267|299|211|239|560|914|400|287|284|256|260|208|350|347|1043|327|1282|518|370|415|388|373|295|556|331|347|2178|500|341|318|270|387
547,Pavol Regenda,365,25|19|16|19|19|30|13|42|27|19|19|19|26|19|23|31|23|51|21|53|84|93|55|457|140|83|139|71|45|136|153|96|124|56|43|40|32|37|40|30|24|20|20|32|26|18|21|17|20|18|21|22|26|24|22|23|20|12|21|37|22|11|21|15|18|11|18|21|29|15|16|22|36|30|39|73|53|46|132|147|144|124|123|125|134|140|140|135|144|139|137|131|135|143|122|123|119|28|19|19|20|11|12|13|13|21|16|18|14|12|23|16|12|11|12|23|11|14|15|15|14|19|16|14|16|15|19|13|10|13|19|15|16|11|19|16|13|20|16|14|15|14|13|10|23|10|16|22|16|15|21|19|10|17|16|14|23|27|23|18|16|13|20|17|16|128|24|24|18|341|91|111|42|38|22|23|32|24|18|26|18|25|14|20|16|16|18|24|18|19|20|19|13|19|13|20|16|16|21|23|11|20|20|15|16|15|17|16|26|19|11|30|20|23|16|31|19|25|30|25|23|18|16|23|20|25|16|96|1359|128|250|57|57|71|43|40|24|28|46|23|19|30|23|20|18|20|13|21|24|35|19|20|25|16|28|40|73|117|77|53|611|1189|216|208|2027|591|273|187|154|108|104|66|70|699|192|87|143|253|85|65|73|692|150|96|109|139|81|107|95|75|80|84|75|85|114|107|161|126|141|609|280|256|397|185|151|147|1930|803|1769|1145|471|222|161|106|140|133|121|155|76|60|98|56|69|79|52|74|74|82|101|74|53|100|48|36|134|52|76|68|65|72|49|71|62|47|46|44|93|46|44|76|68|52|59|55|95|60|50|76|42|73|60|55|39|82|117
548,Kiefer Sherwood,365,202|131|149|108|116|89|71|62|100|66|67|53|52|44|66|98|164|95|77|93|58|76|60|88|74|38|54|63|65|50|42|37|37|39|40|67|59|77|76|66|61|59|95|72|53|54|79|53|48|44|67|38|54|51|71|59|65|29|50|55|41|60|69|39|37|31|41|53|45|66|67|53|46|52|82|110|72|67|54|82|58|44|52|44|45|35|33|46|40|33|85|76|54|42|31|53|42|34|40|16|48|61|46|30|29|27|41|31|36|30|32|38|35|32|79|63|164|213|104|59|45|41|39|37|36|31|30|29|32|34|50|58|50|49|100|73|50|36|30|30|39|53|49|44|84|39|43|39|66|57|43|40|48|79|66|89|74|88|230|219|156|96|171|73|143|81|68|133|70|166|85|80|103|65|86|1063|227|328|96|1370|181|159|197|259|3330|397|173|159|124|176|104|717|5851|766|595|262|4135|864|413|449|678|262|360|148|162|369|967|429|918|225|260|347|564|509|359|162|322|305|186|177|518|409|453|711|493|432|510|450|618|906|518|390|552|664|397|337|270|276|336|407|289|230|377|687|389|321|2240|667|381|333|236|196|213|237|373|214|410|336|185|375|741|1080|398|337|675|722|655|473|606|312|279|346|283|526|196|329|6825|5115|1182|750|855|685|315|347|329|884|325|305|211|263|206|242|504|1745|268|168|168|123|101|111|129|101|112|125|113|117|344|179|135|125|198|193|196|158|252|644|587|699|387|407|5445|2013|651|1295|615|277|247|427|291|489|315|559|192|123|851|162|200|325|248|176|142|268|124|203|598|315|166|261|213|388|492|177|379|137|566|183|471|318|145|544|180|219|158|189|250
549,Will Smith,365,365|287|323|256|329|868|711|514|429|353|394|412|340|305|306|287|295|355|455|434|338|500|469|419|318|340|424|248|232|309|323|357|352|393|492|285|427|1267|834|428|486|307|307|295|295|312|297|209|244|214|208|218|226|231|249|179|297|178|180|201|174|185|183|183|170|174|171|231|202|234|437|877|366|406|281|274|302|211|215|210|196|182|186|249|219|187|157|173|209|263|179|157|184|156|170|201|155|129|149|124|173|166|143|150|194|164|132|128|144|109|138|158|128|119|97|135|144|118|132|109|127|124|115|93|118|135|112|95|107|85|124|99|137|112|135|128|123|114|110|108|136|115|119|125|373|206|129|140|120|150|150|128|145|159|151|133|134|175|142|200|155|163|189|170|156|165|150|178|272|219|234|217|272|212|262|424|259|394|348|320|390|294|398|356|351|324|956|1398|701|1803|1077|686|650|512|729|456|620|481|706|740|392|425|726|466|1295|1114|892|768|1413|634|597|431|647|443|431|887|576|735|696|1035|1207|844|736|679|665|659|1290|837|2016|969|886|604|642|617|701|583|610|564|701|867|1938|1473|1158|1430|1077|1084|874|1003|945|935|798|779|710|780|1204|1097|1159|1310|1253|1254|1311|1315|1138|1095|888|1066|967|1078|1083|837|759|793|761|984|1377|985|902|1324|1006|902|858|1446|1051|984|758|1648|962|1109|1151|890|875|1286|966|978|797|833|825|751|809|795|1012|988|948|1345|1370|1190|1380|1548|1556|1659|3037|3132|3573|2688|2868|2377|2001|2047|1924|1574|2069|1254|1368|1499|1666|1165|1140|1266|1592|1648|1147|1448|1163|1598|1282|927|805|859|851|933|1016|950|893|749|824|1025|830|948|975|1772|1571|1154|1372|1309|1662|1282|1549|1027|914|1264|990|1082|911|1049|1671
550,Tyler Toffoli,365,254|220|335|337|455|530|470|326|288|228|288|206|234|242|192|143|148|215|188|178|190|159|197|175|136|191|207|203|160|140|156|165|186|243|202|201|557|664|221|194|138|175|164|153|127|180|134|179|185|140|165|115|128|190|168|147|153|253|273|169|156|240|162|132|104|107|103|134|133|136|191|253|169|157|186|171|169|109|97|114|141|102|112|105|191|279|206|134|130|147|110|101|108|101|119|119|360|289|158|123|102|139|95|93|102|113|120|142|118|114|90|103|112|102|136|115|75|79|84|77|89|85|74|103|106|103|87|92|107|102|91|147|152|145|76|83|93|102|76|90|93|109|82|90|77|89|132|82|67|99|85|93|112|106|130|93|97|158|133|140|152|145|155|110|116|110|79|134|138|117|165|124|140|232|240|271|222|290|138|180|238|185|144|237|204|149|158|211|202|331|252|176|270|150|450|163|335|183|132|246|170|217|362|196|338|314|189|154|255|162|260|123|194|132|126|243|218|337|162|267|323|175|136|138|364|265|228|170|710|204|227|147|182|182|173|166|212|157|438|537|513|268|309|1223|391|447|248|269|230|372|274|168|211|202|396|204|276|283|269|263|317|284|232|265|335|883|345|522|997|573|307|300|278|306|292|214|282|393|414|259|278|404|281|230|223|834|306|390|345|278|224|279|242|259|200|163|143|156|184|215|203|193|189|264|234|203|227|239|222|292|403|391|384|362|374|582|812|599|421|432|672|365|494|393|320|275|259|347|330|602|362|836|317|211|238|293|234|235|271|302|273|267|276|213|215|259|256|295|215|425|460|315|295|315|455|311|465|331|265|729|405|347|291|288|323
551,Alexander Wennberg,365,123|64|87|84|102|84|80|56|62|65|76|60|73|70|74|97|96|114|99|106|107|172|171|85|207|89|123|87|86|77|63|87|185|86|161|138|157|154|101|116|59|80|64|64|69|71|61|82|84|58|73|105|113|83|57|58|78|38|58|61|35|84|68|61|55|56|56|61|35|87|75|73|61|102|108|108|116|192|192|162|173|203|204|158|190|154|157|151|153|209|138|138|154|152|159|159|167|61|31|23|28|33|31|92|65|47|45|30|39|41|42|59|40|45|48|32|40|36|39|24|50|28|40|59|48|45|76|119|84|62|42|47|46|57|31|57|54|89|52|49|46|45|51|45|28|48|48|41|31|28|44|51|46|37|48|46|50|107|59|53|64|92|112|82|67|47|60|72|48|56|53|80|86|167|146|258|108|134|90|65|121|90|83|92|131|76|84|108|206|286|128|143|99|80|250|239|411|187|134|165|86|101|297|119|239|208|120|99|156|132|157|83|340|361|164|170|114|144|112|160|153|82|56|76|112|116|130|104|154|75|138|94|133|170|133|115|130|96|357|145|188|123|127|139|139|138|117|176|103|174|273|168|140|145|195|125|356|514|398|655|716|948|809|498|872|510|415|364|348|321|262|230|185|202|198|170|186|241|176|192|233|252|199|187|166|206|199|238|229|170|187|229|190|195|194|189|192|160|173|515|268|304|263|245|204|379|714|285|187|191|331|369|1397|474|209|274|638|689|249|173|321|206|178|155|158|122|101|148|111|149|141|177|125|119|136|114|268|404|155|115|128|126|98|189|266|146|135|375|138|675|615|243|552|179|356|169|202|201|167|187|130|202|147|216|223
552,Vincent Desharnais,365,92|75|67|61|79|68|89|78|92|61|111|62|80|59|104|53|59|64|82|66|53|69|56|88|38|99|78|71|50|58|53|59|39|42|79|52|78|85|118|91|93|68|136|60|61|54|71|75|110|59|97|36|48|69|50|50|87|137|67|61|50|76|56|38|40|42|44|59|78|78|90|119|67|55|64|85|92|53|45|47|54|41|51|39|56|35|40|40|57|38|34|36|45|35|47|25|55|42|37|42|65|49|37|32|47|38|36|21|27|53|32|29|38|44|116|197|83|48|39|38|39|30|24|27|23|31|20|28|25|23|38|49|29|28|23|32|26|32|35|37|33|24|25|26|56|43|47|34|39|35|29|36|45|35|43|51|83|81|56|57|44|43|48|37|65|70|46|87|47|114|59|40|68|96|109|116|70|240|51|65|102|59|56|123|152|56|72|94|72|130|101|82|159|40|94|38|80|89|65|100|69|51|105|56|111|389|133|74|97|79|95|54|115|41|58|176|87|102|64|98|181|63|55|101|53|63|122|48|58|58|65|56|38|95|54|48|60|37|110|123|120|84|63|118|76|63|66|74|79|72|82|49|69|74|111|74|117|94|78|66|87|79|66|56|78|71|89|64|112|59|80|65|47|73|56|148|298|3767|630|263|224|230|139|136|112|214|106|348|171|103|58|88|75|96|54|53|41|47|56|40|47|53|48|70|64|48|49|60|50|52|103|63|79|94|142|133|235|233|205|160|871|121|110|109|104|80|91|125|74|118|511|1108|126|80|253|74|77|70|72|69|75|78|53|59|56|76|57|82|80|129|148|80|141|79|185|92|285|88|58|173|105|116|64|76|100
553,Sam Dickinson,365,111|66|83|80|61|50|82|92|123|60|65|67|35|80|89|73|102|73|151|86|83|116|70|83|82|98|277|103|186|182|108|92|101|87|77|79|157|259|168|164|187|163|109|557|207|1198|246|141|157|150|131|78|107|85|43|53|114|90|56|55|39|52|77|64|72|63|83|58|48|84|154|426|198|170|118|102|154|88|84|52|54|65|74|57|60|51|37|74|76|70|67|36|45|37|71|29|49|52|43|34|56|31|48|34|38|30|29|36|30|34|45|22|29|21|32|35|32|23|33|26|23|24|26|30|24|22|26|30|20|33|39|29|37|41|30|31|28|34|40|28|36|48|39|34|47|54|43|41|61|52|63|47|46|43|42|43|47|124|70|83|72|53|67|56|50|57|61|55|40|95|86|95|166|127|127|161|223|690|174|128|235|103|101|91|140|58|82|116|95|143|91|90|141|101|125|94|154|92|75|744|142|87|173|76|115|147|93|75|218|110|89|66|83|51|68|166|110|153|84|138|217|98|79|119|96|85|70|82|190|79|124|73|117|65|157|119|131|155|1679|553|270|164|128|187|182|143|108|150|131|290|125|104|174|391|229|120|301|180|228|131|250|152|268|187|162|187|126|173|175|117|99|89|77|102|146|79|95|183|138|92|77|158|98|143|145|277|125|176|136|101|94|146|125|97|85|81|83|66|67|107|100|59|72|104|93|83|81|79|97|101|196|169|158|111|132|182|196|208|223|127|276|322|178|140|141|147|144|186|194|243|155|416|190|140|211|142|147|121|162|109|129|153|108|121|195|119|208|213|142|240|299|146|161|154|192|150|268|153|104|169|137|155|120|174|173
554,Mario Ferraro,365,74|47|56|48|37|48|56|56|50|38|47|44|43|88|89|74|76|55|71|47|51|49|38|48|46|39|46|42|43|47|31|54|37|32|43|27|54|49|51|63|40|36|41|49|40|32|37|36|66|45|35|30|37|46|47|44|49|42|39|34|30|47|43|57|33|65|55|54|29|70|53|58|38|65|53|49|77|59|105|90|108|130|55|64|70|43|33|39|39|36|29|32|31|37|46|44|46|30|34|30|30|42|50|26|26|86|44|28|27|33|24|33|32|26|32|30|20|20|22|15|18|23|21|15|27|22|14|21|19|22|32|46|19|35|28|17|26|34|25|29|26|44|44|31|35|29|21|17|22|26|34|44|45|41|47|36|38|46|45|49|49|45|69|28|25|32|46|49|47|77|92|60|63|106|93|150|79|238|64|70|102|66|60|73|149|46|76|136|146|226|81|86|123|67|142|46|165|165|101|287|71|42|193|93|211|204|95|68|137|91|145|51|93|37|54|130|64|217|58|351|466|85|47|76|361|205|163|71|140|75|141|40|108|103|56|59|133|111|306|123|142|83|70|229|86|88|52|149|53|61|67|45|98|55|606|76|377|135|98|82|128|112|85|94|211|197|90|131|124|180|69|112|78|148|232|108|123|450|197|111|86|237|101|97|112|668|110|506|168|80|55|110|59|103|53|52|57|43|65|80|81|53|67|70|43|58|69|86|53|80|113|101|99|67|86|208|200|230|124|142|428|207|214|215|181|79|74|103|109|157|198|1387|226|74|204|61|151|117|116|63|50|85|72|59|49|54|51|106|51|176|190|90|115|72|178|94|276|101|80|321|84|183|87|327|229
555,John Klingberg,365,67|80|88|91|176|181|918|134|489|125|531|116|603|162|507|178|182|143|96|1278|483|1214|175|337|167|347|215|790|238|141|238|229|316|450|1816|249|796|1989|1059|289|860|219|968|245|231|252|257|272|1054|231|1258|174|150|541|208|238|334|122|154|87|101|390|144|101|82|70|78|60|58|63|57|76|60|70|1048|671|393|191|94|117|125|145|71|63|95|79|56|72|71|59|62|51|58|50|43|52|63|59|51|36|33|35|53|47|51|54|46|39|46|66|40|57|31|43|40|75|74|44|40|38|22|41|36|42|51|33|27|40|42|47|46|49|33|34|36|52|49|51|56|42|56|62|54|58|59|48|57|57|64|32|66|42|62|60|73|78|64|291|87|70|61|68|55|59|48|73|73|93|68|83|73|81|98|127|157|229|91|347|114|94|140|93|41|65|84|60|46|76|62|79|48|51|49|48|172|78|98|111|88|114|67|89|256|111|102|101|59|75|213|79|188|64|154|80|106|101|86|117|55|247|103|61|79|52|93|80|116|77|118|75|339|135|293|153|146|66|113|54|631|487|920|248|243|504|141|288|133|105|81|78|94|67|88|61|195|115|147|152|118|113|89|89|93|154|87|96|116|105|115|117|108|68|70|85|146|53|80|122|140|72|63|127|73|78|146|192|91|202|102|94|88|84|83|90|66|47|46|49|54|86|77|116|90|84|63|101|118|68|78|59|101|72|77|71|74|121|146|125|112|137|258|131|185|147|116|92|81|113|95|82|131|191|109|69|199|84|65|103|117|84|64|113|116|90|81|57|82|90|92|115|119|70|64|122|137|71|192|82|54|69|91|98|87|92|296
556,Nick Leddy,365,62|457|340|101|249|65|79|215|61|370|99|93|72|367|107|293|274|1821|149|115|98|108|83|79|76|75|63|56|63|41|54|60|48|63|71|52|75|55|57|70|48|52|71|47|45|41|50|52|78|37|51|40|61|102|63|43|73|47|50|31|53|66|76|40|63|67|73|66|70|70|65|69|53|74|85|767|1357|519|305|260|246|239|190|215|238|213|189|184|183|163|163|170|173|184|169|147|167|93|64|74|53|45|66|52|68|42|39|51|38|47|49|59|47|39|54|42|61|45|44|54|55|54|44|44|60|66|73|40|45|47|42|38|58|47|41|40|41|48|47|44|39|50|57|46|55|40|47|56|53|37|49|56|69|75|76|64|78|105|80|66|49|100|55|83|51|58|92|82|119|73|74|78|110|111|99|226|129|140|86|91|143|93|68|117|167|72|204|342|112|133|98|63|57|75|98|55|90|63|70|90|92|74|83|70|92|102|87|160|125|71|90|57|162|59|68|179|98|101|85|67|91|74|62|50|63|62|127|74|94|69|86|90|141|86|59|59|126|57|74|163|136|89|100|96|64|62|59|64|96|59|191|78|57|60|75|74|89|155|77|105|95|106|75|71|156|184|79|158|152|139|99|94|74|102|294|826|964|325|184|123|89|111|122|113|109|90|67|98|73|75|70|88|89|91|62|48|46|47|46|63|65|71|49|53|71|46|86|68|80|68|169|131|119|79|102|81|90|94|120|103|112|108|155|175|237|120|109|84|81|84|60|57|67|113|258|93|171|113|83|67|83|77|87|162|96|108|95|314|131|261|280|120|697|132|467|104|172|133|70|124|83|70|84|70|95
557,Shakir Mukhamadullin,365,67|74|69|75|58|61|62|60|52|32|47|48|59|42|70|47|56|100|88|38|64|44|52|51|51|45|49|61|45|46|45|50|45|44|29|47|44|57|55|71|49|413|288|85|71|69|43|51|42|39|69|142|40|45|39|25|51|46|38|37|35|77|65|56|38|42|63|49|49|82|77|161|75|92|92|73|89|111|53|64|75|60|32|33|74|66|61|61|68|50|60|36|41|42|44|46|72|91|50|35|36|27|34|29|20|23|31|28|34|51|30|42|24|29|38|36|31|24|34|48|27|23|23|22|24|24|25|33|25|26|25|16|42|37|21|24|29|36|28|25|32|51|33|40|32|39|27|16|19|35|23|29|39|39|34|37|37|37|39|43|65|35|84|41|38|139|35|80|51|72|112|148|117|120|81|765|171|172|96|121|108|77|92|97|135|96|88|84|89|149|125|76|117|71|88|82|223|307|151|287|76|52|475|96|339|147|103|78|298|257|142|78|287|70|73|236|80|92|98|225|2999|248|168|147|90|87|130|82|315|128|130|91|87|88|75|83|78|71|267|128|124|102|62|191|88|754|113|238|95|83|168|71|71|62|291|95|269|214|175|126|137|172|110|164|165|149|97|131|120|95|97|90|107|125|94|84|106|162|93|93|82|87|83|92|75|136|96|87|223|223|92|573|131|143|61|49|83|48|71|87|71|51|63|63|83|44|109|60|74|84|122|106|105|106|102|229|1825|4173|574|229|522|208|209|238|232|124|173|177|139|200|176|1195|294|138|180|136|278|240|156|122|142|178|90|131|133|130|108|305|90|260|291|139|231|123|352|149|176|463|125|269|162|255|92|204|295
558,Dmitry Orlov,365,81|96|194|110|180|155|105|82|231|136|89|89|295|155|104|85|79|103|325|713|308|1040|353|244|154|389|131|130|743|101|66|143|132|327|66|232|80|1572|180|450|92|807|183|142|61|63|69|71|57|63|84|50|63|79|51|58|76|62|64|44|45|88|66|79|91|58|61|61|60|68|65|81|49|114|371|313|1743|424|224|143|126|83|136|153|121|89|79|80|87|75|62|75|68|59|66|40|70|73|50|54|43|51|53|44|56|67|52|50|42|61|46|75|50|38|42|58|47|49|34|50|55|34|49|50|31|34|54|71|51|47|52|46|59|61|45|38|42|41|41|52|77|53|34|47|46|37|47|39|35|42|34|45|45|53|67|55|42|60|62|48|54|42|168|62|68|86|76|72|52|91|68|68|110|94|96|254|96|201|87|99|191|76|61|152|167|75|68|115|76|289|145|101|143|75|110|74|254|134|73|148|81|61|123|93|118|201|77|86|225|84|79|60|99|47|66|155|68|122|77|93|372|85|68|81|88|97|134|115|120|82|421|96|104|127|83|79|70|67|270|127|115|78|64|96|58|82|62|71|51|60|83|54|80|62|118|86|121|122|131|102|110|98|96|86|120|117|78|100|108|110|83|76|88|337|88|104|101|124|123|73|51|162|86|102|83|93|89|118|82|82|59|89|91|97|56|66|79|52|69|71|67|80|57|74|83|90|97|81|92|74|141|96|82|67|85|108|145|156|97|71|173|81|112|160|159|72|88|154|115|123|73|130|82|63|195|68|75|177|96|70|58|79|64|73|73|74|73|108|54|251|163|82|126|73|175|64|188|115|53|124|89|123|58|105|100
559,Matty Beniers,365,165|137|158|225|242|158|213|162|139|142|135|151|140|115|195|173|183|225|336|211|223|532|303|279|227|157|187|123|160|156|457|217|273|398|272|159|434|967|521|249|169|189|189|132|113|133|138|150|140|108|146|113|150|268|238|144|140|93|114|104|111|177|126|153|127|135|150|165|111|149|184|413|215|209|214|176|146|118|116|136|216|149|120|162|115|115|105|137|154|108|93|152|156|184|100|94|79|78|75|70|91|92|74|76|80|76|69|71|74|63|82|112|81|71|74|82|92|76|69|73|70|75|57|77|93|87|84|50|67|68|65|75|60|99|57|64|79|64|91|60|121|62|73|56|62|66|74|81|74|76|84|79|80|80|92|86|82|139|104|107|131|101|135|131|111|172|168|166|165|135|113|172|175|165|161|289|150|578|220|273|305|185|164|166|304|203|229|198|159|216|172|355|191|149|302|170|146|121|188|167|462|299|541|186|200|235|185|137|256|182|290|135|256|159|201|306|181|269|185|323|200|153|157|298|157|262|191|184|179|231|155|196|136|318|174|262|180|420|203|284|189|390|191|352|189|229|172|212|165|219|260|175|132|169|209|315|445|211|199|687|822|275|251|367|549|250|448|218|460|232|362|232|300|972|246|223|220|162|181|309|180|264|449|293|191|367|179|464|197|238|156|192|351|260|212|188|173|144|146|147|241|226|231|308|244|213|321|299|349|321|1158|1083|573|393|428|371|252|483|229|332|268|336|257|193|321|198|179|358|194|243|151|296|212|184|278|156|159|151|199|202|143|181|166|158|166|181|132|130|244|202|258|143|204|192|245|225|196|394|189|299|215|311|164|227|240
560,Berkly Catton,365,71|56|63|58|51|109|65|44|88|67|73|45|43|50|88|53|50|76|113|92|84|98|99|66|289|93|173|108|100|219|82|72|62|68|57|64|41|40|40|57|50|48|49|40|50|66|59|26|43|38|35|33|34|45|38|43|75|51|34|40|34|39|24|46|85|54|50|54|40|73|186|325|138|95|78|69|91|43|27|42|49|60|81|45|58|27|36|42|26|68|23|21|24|87|45|31|22|36|25|25|28|27|39|21|22|26|15|37|31|24|28|31|15|14|23|24|18|23|20|21|20|15|14|20|14|22|30|20|21|32|19|27|32|30|24|19|26|36|47|31|37|35|23|24|30|44|23|44|47|122|73|54|55|47|49|56|56|117|46|89|70|48|74|81|44|328|58|170|105|90|81|137|157|134|93|182|79|85|50|63|92|81|68|67|113|654|639|185|134|185|119|360|121|81|224|87|80|57|124|60|159|66|122|66|85|117|161|97|136|63|163|72|215|57|61|143|57|121|64|217|114|47|62|128|59|157|95|57|66|61|54|107|56|163|108|105|64|82|52|103|59|78|60|74|79|81|70|99|87|109|161|97|108|296|161|241|258|187|268|415|373|135|205|334|2120|330|241|108|176|94|194|157|236|124|84|100|97|101|79|139|78|164|153|139|58|124|74|213|91|119|57|66|118|192|96|93|61|54|44|60|45|40|52|77|85|58|72|73|151|71|124|116|102|88|110|83|71|102|94|98|63|100|69|66|97|47|55|81|53|90|61|83|158|58|71|59|71|58|61|51|51|69|67|106|66|51|55|60|80|60|80|36|134|98|111|90|63|326|73|98|52|97|66|88|101
561,Jordan Eberle,365,167|96|161|205|251|181|211|119|214|154|221|155|233|173|269|160|189|253|196|270|251|303|182|249|141|252|158|408|392|183|225|225|167|201|284|182|268|296|207|261|377|322|419|214|193|160|149|193|394|171|364|165|166|190|146|113|296|172|289|136|127|276|169|177|158|143|152|108|150|133|129|159|151|139|176|166|169|138|128|149|114|118|126|105|181|113|153|119|94|73|119|158|115|95|107|90|122|120|109|116|87|97|79|83|91|63|94|126|107|105|95|103|96|97|78|92|88|67|103|105|86|114|110|114|189|97|104|83|92|102|100|90|105|120|71|71|92|75|88|240|212|122|109|110|116|104|102|145|115|139|144|101|103|98|127|96|116|211|122|115|208|116|146|110|130|163|99|162|115|109|111|110|146|231|201|273|168|342|171|246|358|159|239|246|469|194|260|198|127|290|166|2241|307|166|267|124|155|128|181|125|382|160|247|122|139|181|222|162|212|156|439|173|232|177|130|309|130|199|144|361|350|164|169|236|135|356|224|141|126|121|165|501|137|246|145|321|147|302|160|193|211|325|168|376|174|381|167|263|242|383|334|548|783|338|238|535|749|289|316|443|506|245|324|1232|758|258|282|209|240|166|343|265|262|283|279|268|477|222|217|367|161|224|292|260|187|334|174|339|239|248|208|182|271|297|212|173|135|192|173|150|232|126|150|186|201|193|208|164|243|233|354|285|234|197|247|192|186|1536|283|276|213|254|760|503|445|221|169|299|168|217|163|416|222|132|200|109|115|133|171|147|149|188|160|263|196|157|117|127|592|153|281|171|245|159|521|163|179|265|172|318|197|240|175|267|241
562,Frederick Gaudreau,365,63|51|59|537|100|271|71|216|796|139|44|61|516|80|450|75|55|54|44|26|34|36|46|34|29|35|33|52|52|29|44|54|23|40|36|39|44|69|53|46|50|39|69|61|40|32|28|21|34|27|37|25|25|17|28|43|35|23|24|25|24|38|23|27|28|19|15|24|18|2385|791|336|192|184|233|101|77|95|110|68|57|65|61|32|52|27|48|31|31|37|34|26|25|24|30|29|38|30|15|20|31|17|32|26|17|20|29|24|11|33|26|25|16|18|22|24|21|34|35|32|32|23|27|14|30|23|24|16|29|21|35|26|25|44|34|31|46|31|31|33|23|42|35|21|20|18|35|20|18|52|47|33|30|21|40|22|37|45|44|233|35|44|395|51|44|366|88|300|72|73|65|96|108|96|94|491|78|428|97|251|524|99|176|214|187|96|82|52|53|40|64|99|67|52|60|50|54|28|49|39|57|58|43|53|50|60|66|49|109|35|54|43|288|52|44|161|69|163|54|299|393|61|48|155|57|326|221|109|78|73|60|865|84|234|55|375|46|139|71|180|68|218|44|274|66|144|72|276|43|439|240|67|66|60|55|260|291|113|46|298|286|67|57|306|289|87|439|116|145|53|191|69|152|143|92|77|217|116|36|171|59|86|112|44|52|156|41|187|52|133|41|43|85|251|76|35|62|33|35|36|40|37|33|55|56|44|33|40|112|60|2322|589|209|127|520|228|88|355|70|331|64|129|64|59|94|49|40|246|58|189|70|170|238|57|138|53|326|247|102|83|75|192|82|119|127|418|75|54|235|54|93|55|135|117|290|474|55|170|83|265|64|490|50|152|236
563,Kaapo Kakko,365,134|170|148|169|192|138|164|121|162|99|145|99|141|95|154|110|141|190|235|131|146|162|118|151|136|129|101|150|118|139|119|169|137|132|127|103|124|135|124|145|94|115|149|115|126|111|116|137|134|114|171|121|96|139|104|156|120|107|146|112|100|138|142|181|136|170|244|296|143|135|125|220|165|152|289|233|148|133|168|255|180|152|147|120|84|89|101|79|94|90|91|66|85|73|80|227|729|161|134|75|73|67|77|72|47|77|70|53|76|79|70|72|72|50|64|55|95|60|49|50|69|58|50|63|72|68|79|49|60|68|178|111|110|97|60|65|63|70|56|68|68|55|83|64|60|67|65|58|59|61|81|81|70|71|80|60|96|196|103|128|240|87|148|143|99|117|92|133|92|94|110|111|139|230|137|273|128|237|180|173|275|154|197|141|234|157|205|227|183|307|145|171|270|252|282|147|187|181|417|128|341|179|222|131|173|262|190|146|235|153|403|142|187|114|102|154|98|150|106|184|152|143|266|146|117|219|135|110|109|124|116|217|132|190|140|160|99|203|111|193|166|270|231|344|131|221|167|204|151|264|202|94|111|180|213|268|333|214|136|378|492|231|150|259|531|238|337|310|278|212|486|234|314|303|265|196|277|302|226|408|237|278|241|167|209|209|169|277|238|459|178|175|248|304|243|247|171|203|211|814|399|631|1516|694|316|259|591|424|1401|2467|2200|1125|622|427|394|464|289|321|226|491|191|255|221|215|301|160|147|314|132|206|119|178|369|159|186|186|136|163|202|189|148|164|174|179|161|203|115|119|168|149|247|160|233|162|163|178|148|315|187|278|153|235|132|196|177
564,Jared McCann,365,73|66|96|119|103|92|86|94|75|68|68|69|72|59|110|81|102|94|101|100|107|104|109|82|114|80|90|88|80|98|97|148|99|108|146|138|108|105|113|88|99|125|121|94|86|90|106|68|125|98|139|116|108|110|70|75|84|77|93|91|95|146|122|143|95|130|159|155|122|81|130|126|83|259|121|144|95|96|80|102|75|104|203|364|354|304|169|190|157|176|128|127|87|129|127|92|82|89|73|54|44|51|49|76|50|68|51|36|51|51|47|66|53|37|48|43|81|137|46|52|89|42|173|195|165|111|93|91|190|165|110|92|65|77|74|106|104|55|60|65|64|138|115|73|70|31|58|43|48|46|43|55|73|73|82|68|68|83|70|69|81|53|56|57|70|71|66|68|50|65|90|96|108|90|118|234|83|387|131|129|370|119|125|214|252|98|115|73|79|140|93|117|90|89|67|61|57|45|80|64|127|66|95|67|47|128|109|71|117|72|109|65|116|83|67|79|85|79|80|117|65|58|74|207|89|191|93|68|75|87|78|149|62|127|79|74|89|177|75|99|94|88|98|139|110|117|90|75|71|115|102|297|247|447|266|310|880|210|120|197|224|110|232|149|406|115|129|92|111|74|246|94|159|131|84|141|148|134|86|134|78|129|121|95|102|431|151|448|149|232|143|118|221|270|135|87|72|74|72|78|107|77|79|85|93|91|94|77|91|73|178|159|118|105|119|114|105|166|89|129|110|103|299|166|170|86|88|130|98|105|67|560|170|97|218|92|70|65|84|68|82|105|69|97|62|84|84|128|203|103|80|62|84|87|173|70|97|137|96|103|110|109|105|109|118
565,Bobby McMann,365,106|86|193|409|156|310|188|324|148|363|59|77|174|132|382|78|96|131|512|317|451|173|429|219|556|123|137|189|80|1338|227|458|129|76|80|64|55|47|41|35|34|38|36|38|40|42|32|31|27|42|30|30|36|49|28|33|26|37|29|40|31|37|32|32|23|29|17|32|44|36|41|42|42|63|62|72|54|46|39|46|38|51|64|91|31|33|35|29|29|27|34|66|40|30|38|26|26|27|26|17|21|19|35|56|39|36|32|38|32|25|44|24|30|40|30|26|30|24|22|27|16|25|21|24|27|18|28|31|26|20|20|29|32|26|20|19|26|31|22|27|28|24|38|28|26|18|20|23|16|34|23|30|25|49|60|30|35|34|84|92|61|102|39|50|29|34|26|56|56|28|44|44|50|320|336|65|137|104|105|78|303|100|77|73|99|57|57|58|47|64|98|56|27|62|46|42|24|37|40|58|197|69|78|44|43|271|108|56|198|28|360|52|125|50|46|74|50|42|97|121|34|29|29|55|49|29|125|26|40|148|64|297|101|115|42|453|170|123|78|59|170|32|40|46|40|65|36|75|53|125|74|38|32|47|200|245|67|764|81|251|80|181|64|50|418|114|203|128|728|768|1725|559|290|214|149|283|179|194|86|153|100|367|151|102|115|844|454|356|212|225|193|457|1667|276|383|245|186|143|99|87|81|89|95|92|49|94|128|91|88|82|106|88|112|204|290|235|144|262|337|442|418|622|4567|1956|921|358|399|498|331|331|164|2080|1245|337|537|194|231|261|114|129|103|229|175|352|361|525|282|225|429|106|338|180|181|157|198|109|103|227|120|133|82|203|88|141|229
566,Ben Meyers,365,25|19|35|34|34|26|50|26|19|40|22|21|20|18|41|19|37|23|44|15|30|21|28|13|22|13|20|16|17|22|18|23|16|20|17|19|23|22|19|23|33|17|17|23|27|50|44|39|20|23|20|9|20|25|27|9|20|13|16|25|21|52|39|33|56|15|24|23|19|27|23|31|16|26|23|27|20|18|17|16|16|15|32|29|17|15|13|20|26|21|26|20|18|13|7|15|12|19|8|6|15|9|9|11|20|16|8|7|16|15|11|21|20|17|13|18|11|12|12|20|12|15|12|24|25|16|19|11|15|19|17|16|17|18|23|18|14|7|17|16|19|21|12|16|22|12|21|28|18|18|17|16|19|15|11|19|26|14|12|15|63|21|34|12|21|22|20|26|19|24|16|25|30|30|19|33|21|21|10|20|17|17|18|35|19|22|49|82|53|48|35|131|32|22|102|30|25|31|63|45|51|28|35|20|36|38|54|37|247|32|83|37|54|23|21|17|36|23|30|36|17|26|16|34|26|26|24|10|17|16|20|22|24|38|21|16|21|31|30|95|28|52|22|62|22|27|23|40|26|107|76|33|21|25|36|65|72|23|33|66|339|47|26|121|128|38|159|37|55|39|44|42|53|42|34|34|113|65|31|70|38|31|29|32|33|39|28|19|25|33|24|35|37|33|41|51|24|30|34|32|54|42|25|47|33|49|48|55|60|67|123|69|67|118|108|60|37|67|32|109|32|96|90|54|48|34|23|25|30|62|31|43|128|34|137|44|30|46|23|12|19|21|27|31|39|19|28|36|29|41|25|28|41|29|44|148|38|33|49|41|32|26|18|48|48
567,Jaden Schwartz,365,77|93|111|80|96|64|70|158|70|103|86|72|80|111|103|181|137|257|125|88|70|116|118|89|99|102|97|119|112|123|79|123|112|67|68|69|65|59|60|63|48|75|84|59|76|58|65|64|45|51|64|53|51|59|38|56|35|29|43|36|47|61|66|64|83|53|59|63|54|52|54|65|61|66|64|79|73|66|72|70|48|50|42|44|46|40|32|36|37|36|39|46|31|32|46|50|54|51|30|42|43|28|41|48|48|26|39|22|28|36|46|41|25|33|32|39|38|45|26|33|65|25|24|30|47|35|43|38|38|46|21|35|33|38|32|31|40|33|37|48|37|32|55|42|32|41|28|40|30|41|37|31|53|49|43|33|45|75|55|43|72|56|48|41|37|56|50|83|41|48|27|47|49|78|63|125|52|105|60|82|258|53|67|96|263|67|87|152|63|359|93|247|90|67|106|57|69|71|133|64|130|77|84|55|65|158|113|51|95|72|107|72|210|84|88|108|57|178|82|132|97|54|67|126|97|94|71|63|61|56|66|79|51|98|48|48|75|84|49|99|70|62|51|94|44|52|50|63|62|70|73|62|36|79|59|92|81|72|71|96|113|90|75|105|97|97|80|84|89|60|145|67|105|146|71|79|83|74|67|92|77|118|83|80|57|86|64|141|58|80|67|58|63|80|71|66|49|59|51|50|55|37|56|40|53|46|59|50|59|54|120|82|77|59|100|147|50|108|56|92|72|216|107|94|458|241|111|119|92|75|56|87|67|58|62|61|54|48|33|32|39|53|64|46|44|62|44|40|94|68|51|41|121|76|98|96|48|93|66|77|60|100|56|59|80
568,Chandler Stephenson,365,94|79|72|144|94|110|80|67|96|69|90|46|81|72|88|75|57|82|79|118|78|172|73|115|59|74|54|107|59|29|40|68|52|55|49|42|55|62|63|58|61|83|104|72|106|61|52|45|62|44|83|65|48|71|46|52|83|37|61|43|42|100|80|80|62|60|55|48|62|55|58|67|49|53|79|53|64|63|38|43|60|53|52|61|69|34|38|34|35|37|47|49|34|35|36|32|37|34|42|40|23|34|29|33|40|41|46|34|42|45|50|50|35|48|47|35|43|39|29|43|37|36|31|27|30|31|50|29|29|33|34|39|31|40|27|32|34|28|38|44|71|34|41|35|47|42|24|39|29|30|41|29|36|55|45|33|36|50|39|48|47|45|36|41|44|64|40|58|82|37|54|42|52|56|64|104|64|163|56|67|120|54|159|66|164|66|96|85|46|77|46|105|51|36|56|24|42|42|107|46|87|56|78|44|28|109|62|39|51|27|71|42|140|41|50|63|47|62|47|57|60|53|48|68|50|55|45|36|59|43|41|66|65|114|59|100|44|106|76|99|51|97|39|103|43|96|63|110|65|97|64|56|63|48|57|154|87|54|43|77|151|42|42|77|120|66|96|83|83|72|70|75|84|99|71|67|77|66|48|100|69|89|107|38|53|173|63|115|52|179|58|84|81|86|60|73|60|45|44|34|40|46|43|48|47|43|60|38|31|36|77|62|46|53|57|55|58|184|63|74|42|86|86|75|83|47|36|75|67|68|47|63|76|36|51|39|35|53|38|38|34|39|35|55|53|59|57|62|70|43|45|31|88|113|97|68|43|150|49|71|48|62|45|126|73
569,Eeli Tolvanen,365,39|39|28|36|57|45|43|35|35|29|20|37|43|46|34|22|59|60|105|115|101|843|205|285|215|61|65|362|178|155|100|188|168|56|220|64|79|65|99|62|40|52|44|39|34|33|35|26|33|28|33|31|34|30|45|34|34|28|38|30|27|44|34|41|48|38|47|36|41|38|41|48|49|70|60|53|41|59|49|21|29|26|37|33|37|34|22|20|24|24|28|22|19|20|27|19|24|29|29|27|23|15|13|26|19|18|23|16|27|27|21|44|35|32|23|24|15|25|20|26|33|22|28|25|35|34|39|28|37|21|32|25|23|44|26|25|34|21|23|39|20|19|27|23|27|22|19|19|27|34|21|16|28|17|19|31|20|46|20|34|27|32|25|26|25|60|39|42|27|29|33|38|42|56|43|66|42|45|54|42|39|32|39|36|56|28|41|28|22|45|41|40|25|30|46|26|46|45|58|32|55|59|61|51|35|64|53|45|59|28|96|32|76|35|36|59|35|46|24|73|41|31|30|40|37|50|28|37|37|38|47|50|36|42|37|39|38|48|29|57|29|49|29|53|37|38|41|88|37|62|81|56|44|43|34|218|123|72|66|249|168|119|79|82|110|84|80|68|76|54|88|65|68|85|51|54|57|79|41|68|62|69|59|72|59|67|61|79|38|133|58|61|83|106|82|107|83|98|97|819|302|246|299|143|105|88|203|181|365|417|575|254|125|110|92|72|53|77|58|73|42|48|61|54|67|44|37|67|43|48|58|54|52|56|35|43|48|49|41|34|37|40|44|50|39|34|44|36|39|32|56|35|64|42|57|40|30|41|35|38|45|59|56|41|53
570,Ryan Winterton,365,14|21|32|19|20|32|11|16|13|12|16|8|19|26|42|25|23|19|32|19|17|25|34|12|11|18|13|12|13|16|14|10|13|15|12|14|17|19|20|15|13|19|16|12|19|16|16|9|15|13|12|11|15|14|13|12|20|22|10|15|22|17|14|13|19|9|15|16|20|26|13|31|13|6|19|24|15|19|11|9|23|14|13|17|8|9|6|11|6|8|10|8|11|16|7|15|10|16|12|17|10|11|9|15|5|5|10|11|14|5|10|9|8|12|13|2|17|10|13|7|5|5|9|16|7|10|10|9|9|10|8|8|12|15|8|7|6|12|10|11|24|13|13|5|20|12|16|7|8|23|13|16|13|12|8|11|13|11|19|17|8|19|34|14|11|25|13|287|35|22|29|25|27|28|29|123|26|68|28|44|42|20|53|111|185|43|46|32|26|57|20|123|46|24|41|14|17|22|43|22|91|23|680|63|33|47|50|29|236|31|59|16|45|29|25|37|25|31|22|46|26|26|16|39|19|50|29|23|20|21|30|35|18|46|17|19|18|39|19|39|19|28|18|37|16|16|20|38|16|45|31|41|22|17|12|37|147|29|23|89|88|35|24|99|76|51|60|27|54|20|54|30|46|93|47|32|44|48|25|72|36|23|26|34|24|113|30|101|24|54|31|35|36|62|41|30|20|21|20|24|48|21|31|14|15|18|21|20|21|19|38|51|33|57|49|40|66|47|25|38|18|29|33|18|65|21|20|19|23|31|18|40|81|33|25|23|20|22|18|152|224|2073|1320|374|174|146|85|67|55|47|62|37|41|74|190|34|30|93|38|49|56|78|35|51|35
571,Shane Wright,365,85|93|78|116|127|84|103|73|127|86|138|48|70|78|77|75|61|116|154|109|92|112|68|56|61|73|65|79|68|59|74|81|63|68|63|83|58|66|65|85|81|129|108|98|80|98|79|86|93|61|50|64|91|111|96|68|77|62|45|54|67|135|71|96|109|95|95|91|101|127|222|406|179|205|144|112|100|110|81|100|135|103|115|117|189|86|73|69|92|137|64|104|151|152|89|80|70|74|64|58|42|39|49|60|51|30|30|47|43|54|46|62|90|49|69|66|69|42|37|56|64|47|53|41|53|65|51|59|65|65|55|48|55|98|45|40|65|69|65|70|60|49|65|74|57|65|38|45|50|69|60|53|72|71|90|63|75|110|75|65|188|79|84|106|110|115|75|106|89|81|70|111|107|129|126|156|107|169|121|229|455|193|201|706|1304|174|3134|812|289|201|115|998|417|131|350|98|67|73|130|80|117|67|147|81|103|235|122|79|119|94|115|76|108|63|67|116|82|130|79|128|86|70|88|126|72|139|73|80|99|94|153|131|90|148|135|148|115|153|117|105|108|126|76|194|94|125|153|145|149|200|181|206|137|194|215|237|280|146|142|326|464|246|620|553|299|277|227|203|334|314|541|364|271|267|213|261|233|187|314|1116|1271|867|691|495|439|461|345|867|371|272|424|375|278|354|191|115|127|104|113|252|498|203|205|176|164|312|232|154|202|233|227|228|305|250|258|211|280|296|233|252|246|457|406|180|322|248|118|145|178|151|133|232|150|117|115|84|107|101|221|143|96|177|107|150|224|267|138|135|191|130|217|266|224|176|165|123|182|343|202|178|164|154|146|257|322
572,Vince Dunn,365,112|146|122|136|128|89|134|144|92|119|88|91|106|111|100|142|137|227|124|104|111|133|102|90|107|115|100|93|94|87|72|128|81|99|125|125|82|91|110|109|100|98|131|127|73|82|72|73|82|76|102|71|56|74|91|73|67|60|71|69|52|90|126|89|103|99|99|89|84|83|70|84|67|79|126|85|80|78|67|76|62|62|57|65|49|49|65|40|66|64|89|65|60|58|52|44|50|68|46|74|48|38|45|60|37|45|32|46|54|52|52|85|67|46|41|57|48|43|40|56|40|60|49|61|98|90|76|49|83|78|58|51|149|84|57|67|63|41|56|51|68|64|61|52|33|59|69|58|57|59|68|72|59|54|58|63|55|128|100|63|63|77|66|67|83|147|199|129|86|81|157|111|122|118|118|275|114|177|127|158|216|155|207|321|488|253|222|178|249|145|115|219|114|115|252|132|124|73|116|102|138|102|141|111|118|223|146|101|125|100|265|105|169|99|92|118|74|104|98|158|146|103|107|187|83|129|124|113|107|107|131|160|135|252|148|442|217|493|210|208|152|193|150|208|146|243|214|186|195|361|226|158|143|134|179|203|222|151|130|211|253|159|145|259|176|172|277|139|133|149|140|95|183|169|120|139|142|146|170|353|120|147|140|143|124|158|124|177|125|185|107|111|137|216|139|96|100|124|139|114|147|93|112|133|106|105|115|133|117|105|191|186|133|129|152|145|107|314|162|126|105|201|114|103|160|105|123|131|89|102|72|128|97|80|78|69|96|94|67|80|58|68|80|109|77|97|55|65|84|72|76|71|136|94|89|57|77|110|60|112|74|110|51|100|268
573,Ryker Evans,365,25|37|24|33|43|19|27|26|14|24|22|18|19|110|118|61|79|175|113|126|130|132|143|187|80|127|72|95|55|125|74|98|126|135|125|61|60|60|67|42|29|36|35|38|36|30|36|19|25|20|35|19|27|24|24|26|23|19|31|19|18|26|38|37|38|26|26|18|31|22|29|55|58|53|42|45|42|31|35|37|50|24|27|33|31|14|21|23|21|24|19|50|47|44|41|20|32|29|26|17|21|12|20|22|21|19|24|24|21|32|49|71|37|33|21|62|161|51|45|27|28|25|19|29|18|28|30|16|11|24|21|28|28|29|28|11|29|19|13|12|24|25|20|25|19|15|18|18|24|21|23|16|30|24|26|26|25|46|29|104|32|22|33|14|36|51|41|44|25|28|19|25|36|24|39|53|34|52|32|53|33|32|29|30|69|31|32|29|28|30|30|49|24|21|39|15|26|23|21|36|31|28|29|35|25|172|93|22|54|29|42|34|39|31|24|81|38|60|45|60|34|15|22|54|22|46|36|26|30|31|20|43|31|36|46|42|21|59|29|39|38|37|22|41|30|47|21|46|40|87|34|41|25|29|24|86|55|34|31|86|80|43|40|89|68|57|64|34|52|38|30|33|52|41|41|32|38|36|25|52|25|51|91|55|38|97|36|54|34|64|54|38|44|57|45|38|44|34|42|33|44|28|29|30|24|19|46|27|23|32|104|76|50|38|93|48|36|83|62|59|17|38|37|24|41|20|23|39|23|60|21|52|42|17|27|22|45|21|19|30|26|53|18|39|25|23|19|33|58|29|36|14|25|31|39|40|31|27|18|36|26|49|23|46|34
574,Cale Fleury,365,49|59|57|60|65|65|38|57|36|127|54|33|67|61|62|47|108|1559|120|118|421|70|352|171|73|58|301|41|115|40|412|74|64|70|49|46|60|86|36|43|36|40|37|32|29|27|37|29|36|36|34|31|24|34|35|27|26|10|24|19|17|37|34|75|186|69|62|47|34|55|39|85|72|27|57|30|46|26|28|31|28|21|22|24|24|11|18|12|17|17|17|24|22|15|25|19|14|18|37|11|16|22|16|35|18|18|21|21|34|22|25|28|26|33|21|24|15|23|19|16|26|12|18|18|21|13|18|21|21|18|23|25|24|21|23|18|27|28|18|27|37|71|30|26|24|19|27|39|29|26|24|19|20|30|19|22|33|27|25|110|80|28|143|37|37|144|39|82|30|50|29|47|44|36|35|94|53|61|56|54|68|31|51|131|325|243|333|89|135|377|72|89|44|36|65|25|49|43|53|38|59|38|34|43|41|30|44|40|46|39|30|33|48|47|35|54|41|59|33|50|34|26|21|35|30|48|29|34|34|39|36|47|29|52|30|44|38|55|39|45|29|46|21|57|30|44|46|167|219|115|201|59|45|89|55|134|252|36|47|150|2045|325|128|246|1473|329|242|126|157|75|205|64|148|147|60|39|70|64|52|57|51|61|72|56|44|259|44|70|37|60|53|54|39|44|64|30|36|38|36|37|51|30|37|29|53|50|46|38|41|57|93|61|60|52|47|46|38|184|71|123|46|57|61|56|221|51|53|84|53|38|40|182|115|45|50|42|42|49|50|36|49|58|51|70|38|51|46|42|55|38|46|32|41|79|387|75|58|65|62|62|50|96|146|79|111
575,Adam Larsson,365,114|80|104|131|112|79|142|60|95|139|86|46|137|85|124|101|92|142|163|158|139|194|139|116|173|154|160|121|149|104|139|112|141|130|179|113|172|204|130|117|136|121|153|80|73|62|69|79|114|96|123|69|59|105|65|44|125|77|69|49|50|109|84|79|71|52|76|65|55|68|72|85|64|73|80|88|67|83|156|176|164|160|183|166|167|148|149|163|156|156|152|159|152|149|157|152|187|183|59|39|35|31|38|80|54|41|48|55|48|45|49|40|34|33|55|40|46|35|34|24|48|39|32|43|56|44|40|39|48|39|45|51|60|59|48|35|40|43|35|34|45|37|44|40|40|31|40|46|52|36|38|36|46|37|57|47|50|67|64|48|60|58|54|60|55|87|54|70|53|49|63|55|75|68|70|115|67|117|76|85|116|79|78|104|138|87|101|88|52|99|76|159|65|58|102|61|76|49|75|56|102|72|85|55|50|76|98|83|121|82|102|67|150|53|77|96|60|73|68|103|104|35|128|76|98|139|97|72|73|83|53|99|66|151|68|116|90|82|66|98|75|104|75|110|67|77|72|75|79|91|81|71|47|73|86|129|122|65|74|162|162|109|99|130|162|93|220|96|108|90|121|100|377|116|111|179|221|138|89|101|87|97|152|87|75|96|78|106|67|103|66|73|124|173|97|85|92|77|65|134|75|79|59|72|71|90|135|75|72|87|106|110|98|86|126|128|64|120|76|158|104|109|96|101|115|76|62|82|63|84|49|110|75|54|104|55|85|75|83|243|394|353|123|131|133|89|82|64|174|94|276|80|171|103|123|114|79|78|64|71|45|93|55|62|88
576,Ryan Lindgren,365,63|73|383|106|365|100|400|67|293|283|77|143|58|53|149|60|552|113|86|68|67|101|74|48|53|46|44|42|44|50|73|64|100|61|43|49|106|106|56|66|68|52|65|54|84|63|42|41|82|45|44|34|61|51|52|64|55|48|39|59|71|70|53|45|55|65|74|67|103|67|81|124|99|151|1518|501|235|130|85|84|81|87|72|67|71|43|38|39|45|63|58|65|53|42|32|33|36|63|38|34|46|28|36|36|56|49|42|34|49|41|41|47|52|32|40|39|43|35|25|29|27|37|31|28|42|27|30|21|21|28|32|31|32|39|26|19|39|29|32|30|36|36|33|48|38|43|52|30|31|29|32|52|26|45|44|46|63|62|80|71|59|63|123|57|45|109|57|88|48|48|52|53|84|162|87|217|90|364|785|138|205|77|117|69|196|65|276|203|53|136|71|185|68|67|81|46|66|145|276|44|80|62|92|69|48|66|69|63|107|65|90|48|93|64|67|72|63|237|70|112|65|71|63|103|70|73|46|43|35|64|77|81|68|70|55|70|44|74|42|108|47|61|46|227|46|57|58|265|77|122|72|61|50|46|72|76|77|145|48|119|125|52|36|111|101|55|160|70|63|134|353|91|97|99|62|59|151|106|44|78|71|90|137|88|78|225|81|175|91|86|69|65|65|61|66|50|56|42|50|40|44|37|50|49|24|37|42|55|53|46|95|94|65|46|125|77|64|114|58|86|57|71|87|72|76|46|49|64|32|68|54|65|46|30|36|41|30|45|46|43|47|25|31|42|48|47|37|25|48|47|51|35|102|116|74|122|45|35|31|41|29|73|38|47|70
577,Joshua Mahura,365,18|23|22|26|34|42|23|20|33|21|16|17|29|32|34|25|17|33|42|34|22|39|41|24|44|19|31|44|31|21|39|53|37|40|25|27|26|36|44|29|32|71|95|135|55|37|27|49|88|25|65|24|27|59|29|14|33|24|57|33|33|184|70|64|39|44|42|32|18|24|22|36|23|22|29|37|25|23|24|33|16|19|16|24|17|17|22|11|18|20|15|35|44|27|27|20|17|18|17|6|12|17|15|25|18|16|19|24|21|16|11|11|11|22|16|13|13|10|12|12|20|19|15|10|16|19|14|5|14|18|14|16|14|18|18|14|12|16|7|13|8|15|17|19|14|10|17|15|11|20|17|14|19|17|11|17|19|21|14|32|37|28|14|18|26|16|13|173|24|22|18|18|37|20|40|75|28|63|23|102|65|20|28|63|1372|123|68|38|27|35|29|91|34|31|44|23|29|16|47|32|129|22|41|29|20|22|19|17|41|26|21|16|20|23|22|18|20|23|13|22|21|21|24|23|21|23|14|17|22|18|18|37|17|53|25|65|22|24|16|28|19|14|17|32|14|46|24|25|20|66|53|32|12|29|24|33|33|19|22|35|36|17|16|35|40|35|40|17|25|13|31|31|26|29|26|18|30|22|15|28|20|21|35|24|36|37|24|32|22|30|30|25|36|22|22|21|19|18|26|18|26|14|16|19|21|11|10|12|14|18|41|23|35|28|21|22|17|36|20|23|25|28|17|31|35|26|19|30|16|15|11|24|29|8|12|16|12|18|14|15|16|27|21|24|22|21|15|27|39|21|20|20|24|37|42|18|21|70|24|20|26|23|22|51|30
578,Brandon Montour,365,141|142|132|210|149|225|161|172|153|117|136|163|130|215|290|174|164|303|501|288|367|505|714|447|362|387|355|475|276|607|321|737|384|305|275|297|203|296|191|197|182|348|259|181|131|164|192|212|349|127|350|116|152|335|151|122|225|126|261|164|257|1148|406|351|200|201|233|167|136|187|162|179|175|179|172|165|122|115|89|98|87|84|76|75|90|73|100|77|91|68|118|87|107|70|95|63|84|59|70|48|57|50|56|70|66|70|71|65|70|62|78|96|88|66|56|65|107|83|71|61|94|78|96|95|119|141|90|53|61|62|71|64|48|57|67|49|72|290|153|94|88|70|71|69|77|66|47|68|54|62|58|63|58|64|48|97|114|108|66|71|79|68|91|73|110|105|108|158|101|65|84|102|120|102|143|290|108|356|121|212|431|114|176|648|664|281|261|190|160|224|1711|3639|1077|649|1125|330|285|139|596|374|280|180|235|178|165|178|172|165|235|138|215|130|190|131|149|211|100|176|127|272|117|98|102|259|121|292|131|82|97|111|105|184|133|293|187|172|119|332|180|185|133|288|293|309|158|133|129|115|154|178|114|115|83|128|90|144|173|130|105|178|249|134|113|150|204|132|161|113|126|116|143|139|137|646|168|139|273|256|130|189|111|325|175|166|228|303|118|366|135|143|111|121|214|170|120|115|82|88|99|94|114|90|86|85|90|84|93|118|132|104|232|149|139|105|149|148|119|1754|233|169|111|165|134|106|239|128|126|168|100|101|63|247|230|103|141|88|76|94|111|74|93|168|200|351|222|193|74|64|216|102|131|67|110|483|353|170|88|129|190|186|93|187|95|122|126
579,Jamie Oleksiak,365,91|62|114|127|218|151|187|111|149|127|113|113|109|81|116|86|128|127|120|121|133|133|115|126|102|135|85|94|123|64|209|99|89|82|175|82|137|111|93|91|78|88|131|75|83|48|70|81|80|63|88|127|88|108|94|129|228|104|92|71|54|95|77|92|65|55|83|66|46|57|68|83|73|70|160|101|51|101|372|240|195|247|173|167|177|153|159|153|170|158|155|167|154|307|354|261|183|88|52|56|123|115|75|75|96|68|94|116|91|59|60|52|30|50|51|63|53|45|40|46|58|37|42|54|62|44|35|35|34|46|59|41|51|54|44|43|31|47|40|51|43|37|51|45|35|44|36|32|39|46|40|40|38|48|37|39|51|105|51|68|90|49|50|53|46|90|40|76|52|44|60|53|60|70|55|149|67|146|70|136|567|90|90|122|504|100|114|104|89|133|75|166|68|65|101|46|63|47|93|50|186|74|103|60|60|110|144|64|129|72|108|62|153|64|70|81|49|156|86|202|75|998|1274|439|187|192|119|125|94|85|82|125|205|446|219|579|892|386|181|196|159|126|74|114|57|143|86|147|102|169|152|118|114|92|97|146|143|103|99|350|234|99|76|150|184|82|135|101|114|104|105|103|144|141|104|106|131|232|141|227|104|147|120|89|70|142|69|170|84|111|91|80|112|138|93|113|91|55|78|87|80|85|83|96|80|81|91|89|108|84|159|113|98|80|174|112|105|210|89|218|107|110|100|83|135|72|68|123|54|78|51|208|145|57|126|171|154|89|73|59|69|79|80|73|128|140|74|82|310|84|81|68|101|66|81|149|71|114|53|81|55|89|74|118|95
580,Jonatan Berggren,365,50|28|14|21|31|19|13|14|14|19|21|20|18|27|17|29|16|26|25|34|31|36|27|21|25|28|18|16|27|17|16|19|20|25|25|26|22|27|15|24|25|16|18|30|19|16|20|13|13|28|27|17|20|17|12|13|29|15|24|14|20|23|39|16|29|73|76|39|34|29|31|37|44|139|120|59|37|19|20|36|77|56|20|26|25|17|21|14|18|20|34|27|11|16|30|15|13|18|21|25|22|6|15|23|23|19|15|22|18|18|16|14|12|17|20|27|63|42|19|21|17|18|19|18|23|19|12|13|16|15|14|13|24|18|14|21|13|13|16|21|26|31|23|20|28|22|36|34|24|23|25|22|23|16|27|18|18|27|17|37|35|25|29|52|36|27|32|22|43|29|30|45|43|38|53|46|35|72|29|30|28|45|36|45|46|53|41|29|55|53|31|72|25|50|33|27|31|28|20|42|22|25|30|38|21|31|21|25|25|26|31|16|29|21|14|30|23|29|31|24|24|30|14|20|15|21|13|16|17|31|25|25|20|28|25|31|21|32|44|30|30|439|1237|675|330|864|191|801|217|134|117|65|42|112|121|139|96|77|72|83|183|114|40|71|50|80|58|45|53|38|46|58|41|35|76|40|49|31|33|52|45|47|65|35|30|38|27|75|54|96|34|55|52|60|34|31|19|17|36|41|43|22|21|28|16|21|21|28|22|19|35|31|23|24|25|69|38|65|36|37|30|51|60|86|44|57|27|42|23|32|73|40|37|35|19|17|26|18|30|20|31|57|23|23|41|48|23|43|29|20|26|115|25|60|34|39|20|30|32|37|27|17|21|21|35
581,Pavel Buchnevich,365,88|209|151|70|107|79|74|2971|255|335|126|132|86|160|95|360|162|843|211|83|67|66|41|39|24|52|32|36|29|34|30|37|35|44|38|53|55|57|53|74|41|47|62|37|50|35|29|54|43|28|41|25|30|37|42|42|38|27|39|39|26|60|99|39|38|38|31|54|44|34|47|28|24|42|61|73|54|42|32|39|39|26|28|43|32|29|43|36|18|25|37|29|19|28|29|21|28|29|33|40|28|17|24|29|34|30|26|33|22|19|20|32|27|21|24|25|31|18|30|28|27|22|22|32|30|27|28|33|22|15|25|21|21|24|20|20|23|33|22|24|31|24|24|21|22|18|25|21|30|28|30|32|29|30|29|24|36|28|30|37|18|33|35|46|34|40|44|35|61|44|52|68|78|55|53|65|77|44|40|69|57|97|36|35|58|40|49|52|46|66|46|37|87|106|50|50|64|34|30|39|55|44|82|60|52|70|32|40|45|64|47|99|69|61|78|136|62|72|100|57|55|183|57|53|108|66|70|35|51|43|36|72|32|56|85|39|89|40|54|45|48|37|66|42|69|198|49|62|48|50|40|41|39|47|220|55|71|37|46|75|108|50|36|55|54|85|43|95|84|40|52|63|75|82|102|50|114|77|78|79|44|105|63|52|50|54|54|92|42|51|39|111|111|147|68|55|65|33|45|36|55|33|38|48|36|33|47|39|44|32|70|52|51|48|45|56|90|126|139|97|72|75|117|105|48|78|36|85|47|57|59|67|43|54|37|31|20|32|75|39|48|57|23|35|27|41|40|58|41|72|45|50|30|58|56|50|35|43|31|34|25|75|75|70|122
582,Jonathan Drouin,365,158|145|682|187|425|201|477|134|196|392|194|269|144|131|239|142|652|150|180|134|153|121|140|94|134|126|110|115|122|113|98|247|161|173|126|157|128|170|147|175|144|192|143|98|124|141|152|137|199|93|159|101|126|152|108|119|176|87|133|125|106|321|171|188|175|128|120|115|146|143|172|163|378|535|3063|1187|458|273|206|174|184|154|171|168|390|169|135|150|151|130|108|101|76|119|85|128|132|87|81|93|77|93|76|53|61|66|58|65|66|69|77|95|69|71|65|93|91|73|66|59|49|45|57|62|91|105|105|82|114|145|98|93|84|95|81|68|79|97|68|64|75|109|161|127|171|94|93|58|87|72|95|102|111|120|150|109|132|202|87|89|83|159|200|145|126|161|209|145|128|110|134|174|179|300|608|1455|550|258|331|228|192|193|388|273|279|195|174|243|197|240|245|142|128|134|236|120|168|187|140|145|102|270|169|151|149|749|187|304|164|123|245|394|195|478|128|165|154|202|149|190|166|153|108|264|171|203|220|153|141|210|133|144|115|146|97|77|149|122|161|189|142|114|173|218|131|135|219|230|148|154|154|99|87|153|259|145|142|258|240|203|163|674|167|174|272|152|188|126|182|111|140|196|126|196|296|200|167|210|140|178|134|139|150|124|174|185|223|191|137|119|140|169|296|179|191|91|118|90|94|89|135|152|114|153|131|98|153|94|171|155|282|238|168|148|274|450|153|187|168|162|281|243|2775|2005|654|2053|428|495|227|249|186|184|171|162|160|188|168|170|213|113|133|170|154|172|188|184|121|167|163|162|163|287|196|732|200|264|127|176|148|185|173|171|260|149|143
583,Dalibor Dvorsky,365,63|52|40|47|67|50|49|49|61|59|68|82|47|78|48|95|43|150|133|100|151|243|101|166|110|95|99|72|63|88|96|91|103|62|84|61|58|62|57|57|42|49|28|40|38|42|47|34|32|35|40|38|35|24|48|48|50|20|38|50|48|55|40|34|36|43|60|49|55|41|65|156|80|59|271|145|83|69|50|44|45|33|50|47|48|35|33|38|26|38|24|21|28|26|27|18|40|22|33|26|30|28|31|28|21|20|18|29|22|24|20|23|18|19|22|30|28|24|20|30|46|30|36|28|19|37|43|36|19|30|41|22|32|24|23|21|19|18|16|42|32|29|18|20|20|29|47|33|34|37|38|29|32|31|28|42|70|36|22|40|49|42|66|106|46|40|67|43|43|40|76|38|46|41|37|38|42|42|34|60|38|42|41|34|32|44|44|35|40|32|37|54|39|56|177|167|346|85|85|70|1114|210|123|76|68|227|88|69|136|63|60|90|60|63|51|568|89|108|116|69|74|73|56|63|74|47|83|82|102|50|69|63|64|96|102|55|59|51|51|75|52|68|299|85|133|135|70|58|40|85|60|58|81|86|83|76|101|61|122|116|150|51|75|81|75|192|117|122|104|57|55|154|67|53|102|70|84|54|94|63|47|120|195|85|88|115|71|90|80|147|85|126|103|117|116|131|164|157|223|2741|1314|605|1209|786|287|286|2459|1448|2851|1344|661|327|195|153|139|153|96|116|108|67|74|106|82|109|79|107|75|137|80|91|77|212|111|87|51|110|52|54|75|48|43|71|57|256|86|97|66|62|54|90|50|121|61|81|69|54|54|82|57|81|57|86|77|47|101
584,Jack Finley,365,10|8|10|16|22|10|8|14|18|29|116|38|20|21|11|12|13|21|11|7|5|13|11|9|14|11|13|7|7|6|5|6|13|12|16|12|24|27|26|15|7|13|8|5|8|14|12|11|9|7|11|127|107|35|23|38|14|10|16|16|8|10|10|9|11|7|6|8|25|27|17|16|20|14|23|51|33|13|6|11|13|9|6|18|6|11|4|6|9|10|9|5|7|7|6|13|5|7|7|6|8|3|9|3|10|5|10|6|7|5|4|9|4|11|6|14|6|3|10|6|5|4|7|4|4|13|8|8|18|7|11|14|12|4|5|4|9|21|14|4|13|19|20|12|8|17|12|9|10|13|8|7|14|9|10|8|10|33|32|12|12|27|66|55|23|39|104|51|103|40|78|72|83|61|88|67|139|84|46|47|30|29|48|71|62|23|21|18|29|22|26|39|42|26|28|15|30|27|31|22|16|24|21|32|18|176|22|21|36|155|28|52|852|104|55|60|50|51|24|29|47|82|22|43|27|55|26|26|26|29|27|24|21|49|38|213|35|26|37|43|27|28|30|24|24|27|32|438|62|205|55|42|33|58|60|33|55|39|40|39|58|40|29|55|44|20|31|32|40|35|57|72|65|71|122|174|111|33|69|42|23|707|74|41|58|48|54|75|42|76|127|43|69|44|480|2207|1746|475|214|98|78|50|49|43|37|54|125|80|67|41|74|90|118|78|167|1948|364|248|492|227|134|128|98|169|67|112|82|150|61|147|164|75|34|33|41|86|45|43|68|31|27|68|30|86|71|94|38|57|23|143|37|39|36|201|58|62|48|87|269|237|51|64|50|37|74
585,Dylan Holloway,365,150|236|158|123|208|129|218|248|152|219|188|118|116|168|130|318|193|640|194|169|109|105|88|84|83|119|106|118|92|79|88|115|95|94|89|87|102|89|116|75|132|99|174|97|67|84|80|98|125|89|204|188|112|96|83|89|146|76|86|93|88|225|206|152|91|102|121|150|128|133|107|131|84|117|150|154|204|189|112|150|108|69|109|114|61|50|40|45|59|69|69|64|66|49|66|31|49|37|39|30|42|54|53|32|32|25|41|37|40|40|41|41|25|31|39|41|26|42|27|43|34|39|29|38|38|33|40|27|20|36|39|38|40|33|22|35|32|81|236|313|174|60|60|45|49|35|60|26|50|35|38|48|41|74|49|61|80|52|252|86|60|55|37|61|68|62|122|78|105|75|75|93|127|86|103|103|224|107|84|109|60|196|53|49|92|86|73|111|77|100|92|76|112|70|65|53|126|57|46|69|179|155|121|96|42|110|53|64|194|54|58|124|68|48|55|95|44|63|83|72|71|107|66|41|47|50|169|76|82|70|49|90|64|55|159|114|79|52|62|104|80|106|63|56|77|52|62|67|53|59|58|46|51|47|61|49|64|44|53|68|79|52|42|57|81|63|56|79|108|58|64|53|56|47|52|117|254|63|74|60|64|60|80|39|70|49|47|60|59|53|64|54|61|57|32|31|55|32|41|24|48|27|32|45|41|51|60|34|35|51|63|55|57|55|69|573|206|121|83|55|78|112|88|113|75|92|67|135|71|85|153|91|62|50|68|190|52|37|51|30|30|52|30|241|59|343|83|84|42|68|66|397|84|207|84|79|80|152|58|49|50|64|123|44|132
586,Jordan Kyrou,365,101|1632|1289|237|725|187|154|599|104|404|184|127|140|325|196|672|1208|2784|317|189|212|175|94|263|177|173|147|128|142|96|89|147|110|72|101|85|62|56|63|80|69|81|73|73|40|69|71|67|86|85|48|45|53|51|40|76|66|74|98|53|47|69|74|54|70|46|90|105|515|743|1102|1642|934|1702|1406|378|233|240|205|337|406|1401|811|576|255|171|198|261|211|170|168|147|102|178|255|142|107|72|64|48|54|44|39|57|51|51|49|45|46|58|61|63|49|50|36|36|35|53|44|43|34|33|41|47|43|43|33|34|47|48|39|44|37|33|28|46|35|42|53|50|47|43|35|32|30|37|28|28|31|23|45|38|32|40|43|51|34|39|60|47|43|193|48|77|48|61|70|73|105|88|71|86|93|82|81|171|140|73|86|127|76|117|68|83|181|68|68|176|99|85|79|104|120|129|120|684|281|131|96|93|95|75|670|934|344|364|256|189|166|170|160|379|133|118|128|512|192|127|90|101|124|136|149|203|162|102|132|138|159|88|102|99|110|162|98|59|90|66|80|113|82|72|89|105|107|109|82|79|85|101|71|75|67|174|233|135|143|94|98|114|157|99|88|89|83|179|101|142|138|121|92|144|144|119|235|127|185|107|224|142|112|144|189|93|168|186|156|208|151|127|193|185|203|312|108|149|120|190|265|202|178|122|119|99|92|99|264|236|142|209|208|540|435|300|184|281|189|313|322|462|437|463|566|221|141|203|110|132|61|100|157|103|70|57|56|74|35|49|92|56|51|101|48|78|51|119|46|64|47|66|54|113|45|119|57|79|63|79|74|60|54|76|147|84|99
587,Jake Neighbours,365,80|237|266|99|211|52|48|306|57|901|204|79|93|427|80|380|165|675|133|77|58|57|45|51|84|57|52|36|32|32|37|45|40|47|37|44|39|33|67|48|37|49|26|83|42|46|40|43|47|34|36|29|27|38|30|13|23|30|31|24|23|30|23|28|40|21|28|38|34|43|48|81|37|35|71|69|274|252|184|111|85|64|47|36|39|21|23|34|33|31|32|31|29|30|28|20|20|21|16|12|17|18|25|17|32|19|19|18|17|17|30|31|17|26|40|26|32|19|24|15|20|21|17|24|36|17|35|23|24|19|12|24|28|27|19|24|23|17|14|28|27|26|40|36|36|20|13|21|34|18|25|36|25|44|39|39|31|25|37|24|19|22|35|40|32|31|35|45|34|40|50|41|46|51|76|76|565|287|124|177|94|307|72|68|89|72|69|63|52|67|73|109|84|100|100|46|54|32|34|43|51|48|42|62|30|43|39|40|52|52|38|48|53|39|45|58|55|86|50|42|50|58|30|43|40|34|50|36|72|62|37|56|47|191|64|39|65|45|49|137|57|38|47|43|76|80|61|97|45|68|49|33|34|56|82|53|75|51|47|68|63|55|44|63|49|54|64|53|61|35|42|53|40|46|146|59|249|38|81|41|29|36|64|44|33|86|29|89|45|51|36|180|58|59|40|46|37|44|23|32|34|34|18|44|23|29|40|27|31|35|67|41|50|37|21|45|59|58|84|41|48|69|90|166|90|94|46|97|32|62|100|185|85|74|74|174|51|58|125|41|42|67|450|662|268|201|152|107|86|91|72|105|55|70|60|103|101|118|95|54|56|107|144|58|180
588,Jimmy Snuggerud,365,164|1299|1000|278|5028|441|213|1255|178|917|189|141|158|2361|309|1988|639|3434|505|185|158|136|157|91|124|114|94|69|65|73|90|80|84|90|70|46|67|71|63|66|49|43|59|39|47|43|49|42|49|30|42|39|41|42|34|32|48|14|35|34|34|48|34|27|35|43|31|63|75|62|91|152|93|99|194|180|106|106|65|70|75|77|87|70|59|47|43|54|57|46|60|50|44|40|50|57|54|72|69|49|50|51|45|36|39|38|37|22|36|47|38|43|54|46|59|35|40|39|30|27|52|31|26|41|43|48|41|47|46|44|56|47|54|41|51|63|44|44|41|59|79|51|38|44|54|88|57|52|38|48|47|61|60|60|69|85|51|70|89|84|76|75|130|160|109|144|133|137|201|242|173|285|399|254|302|700|326|146|247|1540|338|393|119|157|463|164|127|144|111|138|138|241|178|150|214|85|474|96|99|95|346|111|278|406|117|199|72|64|129|84|53|629|146|100|70|438|87|172|157|92|81|114|59|131|107|84|134|194|132|79|66|67|69|66|60|67|74|49|49|98|58|58|51|67|62|56|48|61|47|66|52|55|77|80|163|76|807|120|156|179|271|83|92|72|63|261|93|168|127|40|58|262|52|70|306|72|272|79|168|59|82|157|177|69|47|161|57|442|117|338|97|109|81|325|79|65|66|79|126|69|88|58|80|70|41|56|59|42|85|81|171|130|108|74|91|132|148|376|294|86|86|126|105|374|98|353|114|544|140|605|413|206|160|149|133|146|71|91|167|64|72|422|85|157|135|690|138|142|148|189|105|233|110|744|192|229|132|139|178|120|109|625|806|185|326
589,Oskar Sundqvist,365,32|850|330|85|128|55|55|261|81|248|113|100|78|302|80|502|169|845|102|69|53|81|56|72|55|57|53|122|65|56|56|44|58|37|59|146|52|53|45|40|36|67|54|43|37|30|34|34|55|37|53|37|38|57|23|24|79|32|47|27|24|83|56|31|31|36|33|33|38|32|42|49|85|178|61|71|63|57|135|138|145|137|132|133|162|177|152|132|135|126|129|128|123|129|130|125|129|27|41|22|19|24|24|29|21|27|22|30|12|29|22|31|27|17|23|23|23|22|21|19|22|16|17|25|29|18|21|21|30|19|20|22|21|22|18|27|15|24|24|24|26|22|18|31|25|16|20|18|27|12|24|20|32|28|33|17|29|41|34|38|32|15|33|49|99|33|32|28|44|28|47|72|54|46|74|101|55|37|25|67|33|52|32|35|71|31|40|54|57|85|44|84|88|86|144|48|115|58|45|50|126|26|57|43|29|31|38|44|108|67|44|48|52|31|46|51|44|54|26|36|28|41|26|61|74|74|63|27|77|32|39|58|33|49|49|34|56|56|67|62|29|41|38|45|55|43|35|52|24|50|26|22|26|32|76|44|50|39|54|130|76|34|36|36|55|49|62|140|80|53|49|65|46|40|54|63|411|163|68|50|41|49|46|39|68|44|35|79|87|150|64|157|53|73|50|50|28|36|39|38|62|34|41|70|78|53|60|40|68|43|95|57|54|41|40|156|125|114|73|75|66|78|67|105|53|75|56|58|44|43|69|66|35|48|43|65|48|43|52|100|53|38|22|45|23|49|27|38|37|40|47|58|40|39|58|43|29|24|62|42|38|42|408|97|67
590,Pius Suter,365,100|82|60|66|63|58|35|40|37|39|46|59|41|50|34|57|37|115|44|39|55|45|39|48|65|60|56|48|51|50|49|56|69|61|57|72|95|86|69|87|54|52|68|46|48|69|69|65|48|48|53|57|56|48|49|60|65|148|79|74|86|111|92|80|103|62|92|124|194|163|126|71|82|299|1134|3882|2467|560|226|171|185|121|109|97|115|77|56|71|78|68|60|73|57|38|52|53|46|46|64|33|44|39|39|36|33|38|36|27|46|43|27|48|39|40|30|35|58|70|35|26|45|27|16|36|38|36|32|18|25|36|55|39|26|41|36|35|40|34|29|38|41|35|32|39|43|34|28|18|24|24|29|22|46|49|59|68|39|48|34|43|64|43|78|45|68|54|109|96|110|70|75|71|95|76|152|303|241|197|194|284|66|90|66|67|216|67|53|120|35|116|64|105|75|66|108|85|361|60|43|38|358|65|95|58|41|75|49|37|74|52|54|103|63|42|38|65|35|52|133|74|41|53|45|43|32|32|48|27|42|28|47|69|31|77|66|44|50|37|62|133|75|53|61|39|86|53|40|47|35|60|27|29|33|33|66|67|45|45|31|40|46|45|27|52|121|115|70|62|57|41|58|60|57|31|31|48|49|56|43|51|51|37|55|38|46|43|47|47|52|157|46|105|58|88|93|82|80|94|85|115|324|1954|614|542|168|291|494|139|95|70|122|100|56|42|43|111|58|98|115|50|41|68|90|83|39|73|39|42|31|55|171|64|42|33|34|70|26|45|115|26|31|46|27|20|27|125|42|39|31|25|48|136|35|54|36|37|18|30|35|24|28|69|63|50|58
591,Robert Thomas,365,178|1813|1032|254|709|298|211|789|164|588|230|148|137|534|195|577|523|1487|252|198|137|143|138|130|97|132|110|145|137|102|98|123|90|95|101|78|95|74|85|91|167|202|213|154|112|152|111|106|103|86|103|78|78|93|72|61|73|58|98|74|83|83|73|66|68|71|81|98|87|132|111|149|91|108|125|128|146|75|73|65|84|108|105|81|61|51|40|53|67|62|43|65|68|57|90|47|52|81|70|75|146|112|76|61|50|56|68|49|64|71|82|84|105|60|68|61|60|53|45|44|46|44|50|66|48|90|97|53|58|41|68|68|56|53|60|54|48|42|61|61|60|40|51|52|48|30|42|40|52|48|59|60|60|66|51|60|61|58|63|86|113|113|89|81|85|88|76|70|131|83|106|102|95|99|135|165|254|80|94|111|86|147|72|82|86|95|126|108|95|105|75|113|97|73|81|85|252|115|58|130|335|88|163|181|92|107|96|86|103|87|85|158|93|106|102|416|93|118|100|84|92|105|75|120|117|104|117|82|117|78|102|100|73|124|136|74|236|126|101|164|76|64|91|101|167|117|80|119|93|96|89|87|101|142|161|96|126|92|101|119|263|128|108|94|94|261|236|201|153|100|276|371|376|242|192|127|199|218|266|403|555|503|388|444|456|339|264|773|501|501|296|439|744|395|229|225|219|186|330|200|158|170|176|138|179|197|165|142|149|172|251|269|331|651|644|626|535|1553|2278|7291|5837|2651|2067|725|326|355|388|342|196|164|461|207|112|89|103|111|94|108|109|81|79|157|88|111|123|162|70|89|81|114|86|212|97|665|143|209|94|173|89|85|114|152|144|134|512
592,Alexey Toropchenko,365,29|140|68|32|47|28|23|273|28|105|47|43|34|160|37|568|108|529|82|22|20|26|13|21|14|18|22|17|22|19|18|30|17|15|15|19|15|20|23|13|16|26|22|23|16|21|22|4|12|11|16|16|9|13|18|8|13|9|9|7|5|18|16|15|10|17|17|15|18|37|24|18|16|16|19|19|23|20|10|15|20|15|25|33|13|13|8|12|17|14|8|9|15|15|12|12|8|17|20|12|13|13|11|17|10|15|8|13|6|13|12|13|35|36|47|47|13|10|11|11|17|6|6|15|16|6|12|11|9|7|3|11|11|19|11|23|10|15|14|22|19|11|17|11|12|12|13|17|16|9|22|15|9|22|17|20|22|14|12|10|7|11|20|17|18|14|25|20|24|21|16|11|19|17|32|32|33|21|10|27|22|24|16|10|30|15|11|34|9|11|22|20|26|37|18|14|15|23|16|29|28|19|92|33|19|41|16|11|33|11|20|33|24|15|14|44|11|21|21|31|14|25|17|11|16|10|97|157|157|51|30|36|15|25|23|11|19|25|12|35|20|16|29|21|26|48|31|28|25|35|12|18|13|12|42|14|34|16|15|225|112|59|74|82|36|52|17|141|41|24|20|46|33|19|31|25|49|20|27|25|9|24|26|4|18|25|15|22|14|28|33|25|33|52|29|21|17|24|21|15|31|9|21|17|12|13|15|16|5|10|33|20|26|18|19|26|25|30|33|26|17|49|40|42|21|38|12|30|25|27|31|43|25|10|18|50|38|11|33|18|9|29|17|30|11|34|16|18|10|28|24|26|14|17|30|19|20|24|58|29|17|33|33|24|21
593,Nathan Walker,365,184|376|449|167|266|275|167|496|171|488|221|176|127|1948|357|3945|907|2063|348|328|188|239|193|166|134|243|206|143|147|108|102|126|101|130|121|168|166|173|105|165|106|135|148|98|96|127|158|113|173|115|216|129|133|180|78|77|166|101|106|94|99|228|179|120|125|103|100|132|222|197|188|174|132|163|157|123|230|313|231|214|210|259|208|198|213|164|189|176|204|216|284|160|176|165|154|157|200|273|148|115|88|55|62|69|72|70|58|52|63|49|36|68|78|66|50|62|52|32|49|72|65|33|57|56|54|60|84|75|62|68|58|61|57|60|74|105|58|62|49|68|65|44|64|52|47|47|51|52|76|68|56|74|259|231|129|123|254|95|105|85|81|91|99|91|93|73|80|83|140|80|72|80|100|119|141|297|270|171|124|307|144|175|185|194|152|112|130|124|114|149|119|84|123|137|133|83|104|91|87|97|91|122|249|110|99|172|125|77|253|83|119|147|146|95|90|389|111|138|112|96|84|108|91|96|112|106|107|82|168|122|89|83|77|102|95|82|115|92|197|193|139|94|97|112|110|86|118|133|83|91|105|87|82|101|131|88|144|115|132|146|175|151|135|116|304|316|153|162|152|153|161|387|144|187|249|170|285|109|157|77|107|98|140|131|103|118|95|120|97|181|132|143|138|718|327|311|205|368|194|242|247|249|236|242|161|221|280|159|314|245|429|234|158|109|125|168|143|181|124|121|98|109|213|176|167|140|96|93|379|592|305|168|120|84|99|114|80|88|102|75|85|135|86|116|109|185|114|101|96|86|94|240|252|145|110|122|91|123|101|107|86|82|251|91|166
594,Philip Broberg,365,72|131|115|67|119|69|115|166|75|174|124|60|105|206|68|810|140|549|110|115|69|67|50|46|46|88|82|80|51|42|79|62|69|68|85|39|53|44|71|52|70|49|124|57|69|67|48|58|97|41|110|114|56|80|53|54|93|61|52|56|50|198|135|89|68|63|134|189|132|90|76|93|61|76|133|133|112|79|49|57|64|44|48|50|31|32|28|28|31|41|29|45|25|35|29|19|45|31|17|26|30|25|21|31|25|26|19|35|30|32|21|17|15|21|18|28|29|25|24|29|27|21|17|24|18|26|30|27|17|33|32|24|29|22|12|20|31|19|39|37|32|30|25|25|21|26|39|34|22|17|40|15|47|47|39|32|32|24|30|37|31|28|35|42|29|37|54|37|123|57|43|69|55|50|55|39|54|42|53|70|34|73|53|39|51|30|32|53|37|71|42|35|43|42|46|31|47|28|36|49|87|42|53|39|33|68|34|30|36|35|35|42|52|30|40|64|29|27|62|50|33|64|68|45|37|42|92|48|59|39|34|47|33|44|55|42|57|31|57|55|39|38|35|49|33|79|44|35|36|45|47|35|36|37|63|40|65|36|40|281|260|84|74|78|84|90|57|406|783|217|105|82|47|53|64|59|107|47|71|51|48|46|60|32|49|61|45|58|39|103|62|81|67|67|82|52|94|83|92|345|211|245|175|117|90|219|713|221|99|62|184|155|93|57|54|97|63|93|67|70|62|82|76|115|61|88|51|99|47|53|108|55|41|52|41|70|32|24|68|36|27|52|35|58|41|114|39|54|40|58|83|137|46|119|81|63|36|97|60|50|40|38|79|38|90
595,Cam Fowler,365,142|452|323|116|412|78|89|2363|363|922|351|191|242|485|213|1859|613|1843|297|240|185|158|183|137|106|125|163|163|123|109|118|114|78|75|93|68|75|82|67|76|97|97|106|62|66|75|73|91|99|83|80|67|96|110|81|101|112|60|73|67|61|105|70|61|56|63|78|83|65|55|62|118|83|85|86|101|93|101|64|86|85|68|76|50|91|52|63|49|50|43|56|38|63|50|42|41|53|52|69|52|31|46|73|54|46|56|40|40|45|38|34|46|47|46|46|42|40|44|44|49|45|38|45|58|36|36|44|34|36|37|44|56|45|50|41|62|43|41|33|49|44|42|46|48|57|42|49|55|42|42|63|67|65|51|59|57|70|54|108|52|64|54|64|822|279|204|120|96|117|76|79|82|113|78|59|145|112|110|84|88|101|138|81|62|93|62|60|107|74|77|110|117|76|71|146|58|92|81|62|88|81|69|90|115|64|101|92|73|82|75|73|173|86|47|74|178|120|86|98|58|52|70|53|117|86|71|114|59|157|75|93|125|86|79|116|51|106|74|474|188|166|83|111|135|92|96|70|171|65|95|130|63|80|57|93|73|114|109|88|111|412|101|82|87|113|162|73|73|114|63|62|111|72|79|130|78|95|61|93|68|57|86|86|95|85|69|56|80|76|81|87|82|100|92|84|69|63|64|77|79|109|92|88|90|82|78|110|87|114|92|208|175|86|77|97|154|80|111|146|96|82|113|131|138|73|187|70|100|157|104|285|132|189|76|77|113|53|73|82|91|55|78|64|86|72|151|63|109|49|73|75|107|57|77|84|70|63|90|62|56|89|84|85|56|121
596,Justin Holl,365,341|57|53|63|40|43|59|51|34|59|44|24|28|25|41|29|29|55|41|32|56|36|56|24|43|41|42|33|29|49|45|76|42|38|36|45|57|57|52|66|53|28|27|70|37|33|34|42|30|23|34|25|30|44|26|33|50|28|32|26|11|30|50|47|54|48|47|20|27|41|29|36|37|58|43|84|52|31|24|35|37|38|35|36|34|25|15|25|28|45|26|25|39|22|27|20|28|48|16|19|21|19|25|35|38|31|29|32|26|22|26|40|33|21|28|30|26|30|35|50|28|31|19|31|18|23|23|19|16|19|25|16|32|28|27|25|33|31|45|25|32|47|35|28|24|31|35|26|27|25|26|23|30|22|38|20|35|33|26|25|23|33|24|22|28|40|27|53|44|35|160|222|105|81|84|95|76|55|89|29|44|69|50|78|68|47|43|35|38|31|39|26|29|36|32|30|24|25|28|41|23|14|18|24|33|35|47|34|33|31|37|38|42|23|27|39|26|53|59|61|27|35|50|44|23|40|60|33|32|27|33|54|65|52|36|28|39|49|62|28|32|23|30|41|28|24|27|62|41|56|28|30|37|30|49|79|191|62|36|51|45|56|28|32|37|40|45|42|55|36|41|48|30|31|39|44|45|47|38|90|56|35|44|36|37|72|65|68|83|76|65|40|64|35|23|39|23|13|21|21|41|29|16|24|27|19|28|21|30|28|77|42|30|20|40|29|42|45|31|32|32|39|1765|830|265|544|86|113|59|61|124|73|34|44|34|35|46|44|68|30|47|104|36|32|84|895|85|62|52|54|41|51|36|38|45|57|40|47|99|92|61|44|56|53|69
597,Matthew Kessel,365,37|105|60|37|56|32|21|62|26|84|46|23|36|55|56|113|104|214|32|25|25|24|20|25|19|22|15|19|19|5|21|19|26|22|18|10|31|20|21|23|15|11|15|15|15|18|14|13|14|16|13|18|18|20|19|9|15|8|14|18|13|29|12|8|21|37|26|22|24|22|28|27|14|14|46|35|34|49|31|19|26|19|12|12|20|15|15|19|25|30|21|46|15|11|11|13|12|53|38|33|24|19|16|12|13|14|16|12|10|16|14|8|19|18|9|15|18|14|9|13|11|11|17|16|24|14|16|17|14|8|11|22|17|12|6|16|14|13|13|16|13|10|10|18|7|19|18|8|7|14|18|21|17|18|8|38|98|23|12|10|27|24|17|21|15|16|56|33|20|27|40|41|60|37|35|73|38|16|17|30|36|29|35|99|85|47|18|63|31|22|82|223|44|59|32|45|32|31|47|48|257|49|74|57|39|80|21|27|787|44|36|127|126|30|54|1168|32|66|117|40|26|27|22|18|167|481|83|37|56|42|38|23|31|81|23|13|28|24|20|30|19|11|22|35|150|32|20|14|20|29|28|13|22|25|66|18|25|18|111|104|48|30|15|17|22|45|19|32|22|20|22|51|38|20|24|18|31|10|28|35|13|20|25|15|18|26|17|23|31|33|40|45|38|47|34|16|25|24|39|19|39|39|23|24|18|16|20|15|26|18|81|57|25|22|26|27|55|181|132|39|32|69|46|122|23|106|23|32|32|29|26|26|25|16|13|18|21|15|18|18|14|21|21|48|20|31|30|21|17|10|21|25|16|34|25|19|28|24|16|13|28|35|223|17|29
598,Logan Mailloux,365,117|123|121|137|204|115|165|112|252|191|291|98|125|189|159|112|146|151|214|285|182|131|103|88|111|93|107|147|137|120|102|116|131|120|94|94|115|85|101|115|83|148|197|190|180|145|137|180|162|150|89|68|68|108|114|185|85|69|59|114|102|69|67|64|45|57|88|70|63|229|1071|374|176|184|12428|4087|1415|621|510|413|483|354|319|256|201|134|132|168|140|155|153|173|136|151|107|91|88|309|504|202|111|126|133|85|122|84|73|54|56|71|65|55|143|72|112|75|81|72|68|67|92|73|76|131|113|119|108|82|91|141|97|94|110|137|116|80|80|113|113|98|89|82|92|93|115|105|154|157|116|139|107|123|169|192|146|201|499|195|193|152|286|191|158|281|160|126|166|151|637|1830|611|265|337|294|592|880|277|829|261|377|310|923|409|269|230|177|165|126|478|216|114|140|155|153|201|124|255|123|118|88|111|114|396|213|78|405|236|110|119|91|133|118|180|90|100|111|71|91|179|342|103|179|85|194|152|168|138|115|161|156|201|126|84|228|537|176|330|113|136|1107|167|124|139|106|222|307|154|139|64|138|113|75|66|96|155|224|230|163|118|204|361|133|106|87|104|160|145|112|92|85|121|645|144|117|117|105|178|90|104|78|90|85|107|68|89|107|48|126|60|108|84|111|297|426|184|107|90|68|101|96|62|45|95|52|72|63|104|70|59|64|115|101|82|79|77|91|74|240|373|253|165|396|167|210|124|174|144|187|151|166|381|152|97|62|91|148|132|103|210|96|85|215|122|469|211|259|141|145|118|157|103|150|108|227|120|115|76|288|161|117|168|146|283|100|383
599,Colton Parayko,365,93|380|293|109|220|79|107|459|132|400|161|101|95|481|149|562|320|2337|252|139|110|96|113|115|135|131|79|104|90|71|77|87|69|77|61|75|72|79|77|93|66|91|49|61|63|73|69|55|81|57|94|53|58|77|49|55|89|61|66|54|59|72|79|55|53|47|62|129|138|88|77|83|64|250|265|146|146|118|69|81|68|77|90|57|40|48|36|39|35|45|45|57|49|33|55|31|36|58|98|101|82|73|59|94|93|71|93|80|60|59|69|75|72|98|99|54|69|72|104|130|141|88|111|120|116|71|89|106|83|125|120|102|90|79|93|100|69|72|59|45|78|112|136|140|137|128|123|116|137|137|150|68|72|70|80|101|93|85|81|87|95|77|101|131|82|76|78|95|106|98|153|113|113|106|97|171|251|111|103|157|110|275|151|150|140|136|100|121|100|117|107|109|123|116|123|85|138|110|96|110|196|98|137|106|64|117|85|67|107|91|107|174|98|83|87|242|95|111|123|78|76|141|145|117|94|82|131|69|117|73|95|117|75|97|133|74|140|122|142|170|91|74|99|111|171|175|102|99|107|124|91|97|100|137|129|92|185|815|818|435|466|289|212|181|194|209|154|184|166|128|126|157|131|136|166|120|328|128|208|375|148|148|176|90|124|134|174|183|132|169|204|249|216|292|307|428|506|492|575|558|2458|2230|862|1432|598|453|1218|590|1542|845|12186|2067|741|442|332|407|304|257|210|194|7327|13072|3848|1178|745|757|416|349|228|228|337|185|147|149|131|201|87|106|128|83|104|149|95|139|111|152|118|91|88|128|92|227|93|177|103|101|88|125|119|86|72|211|127|87|136
600,Tyler Tucker,365,32|91|63|145|481|51|47|311|57|1747|501|244|112|105|72|127|97|207|71|49|34|36|37|45|45|35|38|37|30|22|29|31|31|24|24|25|19|18|16|30|21|21|31|19|26|18|26|85|38|22|31|17|13|18|19|16|26|16|19|23|14|16|20|29|24|39|20|28|33|26|23|28|28|22|41|31|45|39|12|26|21|31|15|21|11|13|8|15|16|19|21|18|21|12|17|9|17|14|12|20|12|23|17|21|13|17|12|20|14|15|13|10|18|10|14|13|9|10|14|14|18|16|15|22|23|13|17|10|16|9|16|16|12|22|11|19|16|15|19|16|13|14|16|27|23|18|16|138|15|16|21|20|25|17|21|18|28|12|15|23|46|41|23|20|20|18|25|28|37|29|29|17|27|31|25|62|446|183|71|44|30|162|32|40|58|31|28|160|44|32|26|31|37|43|32|16|46|67|219|79|178|50|59|280|53|39|33|49|83|32|38|26|29|27|44|442|32|41|78|29|22|38|54|48|40|25|32|37|36|26|33|46|40|38|114|31|48|26|49|63|28|23|44|25|27|32|28|46|37|72|26|24|20|27|42|34|65|30|45|78|76|30|16|32|39|187|27|46|41|26|36|37|32|33|42|20|130|33|75|31|26|46|19|20|20|22|35|81|34|76|104|54|41|48|26|21|42|19|20|19|35|21|25|17|14|22|28|13|21|24|25|34|40|32|19|33|23|58|27|42|24|23|39|47|26|53|23|40|28|31|25|39|25|22|32|106|13|24|19|21|23|22|15|28|29|39|27|21|18|24|17|151|26|38|31|32|18|95|49|40|15|33|32|24|29
601,Oliver Bjorkstrand,365,128|157|112|114|105|127|103|81|77|89|70|83|66|104|126|111|86|89|91|64|73|103|104|58|80|64|84|58|66|102|70|113|139|74|222|201|164|120|90|95|56|53|58|49|57|103|80|53|83|53|53|44|48|57|33|44|51|53|45|120|64|93|57|64|57|45|49|56|46|56|42|66|59|62|94|96|90|73|47|46|68|52|51|53|62|38|52|50|31|33|39|47|27|39|32|31|41|40|25|35|29|36|41|38|44|35|42|28|45|44|33|33|27|31|49|40|21|27|30|26|38|24|20|29|46|27|43|33|27|34|28|50|34|38|31|44|24|25|38|27|25|34|28|51|37|29|30|29|33|32|37|52|45|29|53|31|43|44|40|54|57|62|90|46|46|72|76|81|83|55|144|75|80|76|144|222|86|95|113|93|91|53|74|83|105|37|43|52|55|75|55|119|66|49|74|47|67|49|62|57|66|79|74|74|49|71|69|55|77|150|69|73|80|60|42|88|61|93|56|95|67|54|35|65|57|84|48|56|48|47|55|96|39|78|48|81|99|66|134|76|46|55|62|50|42|124|64|77|64|216|68|81|74|61|182|103|114|83|76|126|121|94|81|113|197|115|76|70|82|62|89|147|89|69|162|91|80|66|65|65|57|101|135|88|102|73|72|100|98|104|413|221|304|132|302|146|177|150|128|226|520|783|2580|1170|602|852|335|213|177|140|246|232|144|97|182|114|76|118|67|75|114|70|124|57|154|114|78|93|39|53|39|59|58|55|164|49|55|69|88|49|56|74|66|69|49|101|46|61|40|48|87|72|61|48|70|55|58|68|68|52|48|55|54|85|58
602,Anthony Cirelli,365,100|85|74|79|91|234|174|137|325|140|168|213|99|245|182|123|89|115|87|90|108|72|65|73|136|154|73|84|73|77|66|93|70|61|71|71|92|69|112|82|92|61|91|112|61|86|72|72|81|62|78|60|51|61|47|60|78|49|50|61|79|75|80|69|48|52|33|44|36|53|59|92|58|49|186|113|68|64|50|83|88|106|95|76|72|64|42|45|61|47|44|41|47|32|38|25|55|50|44|31|45|41|40|32|36|35|52|32|34|31|42|40|29|36|33|22|35|22|31|50|42|41|36|37|22|37|34|36|39|30|48|46|40|44|80|38|40|51|35|33|36|32|28|37|31|34|23|22|50|48|37|31|34|37|46|39|36|40|42|39|45|48|54|40|54|43|55|59|102|56|46|71|69|50|75|85|49|70|263|143|116|69|65|77|83|45|47|42|60|62|93|99|61|51|96|56|245|69|126|92|60|89|60|83|60|67|64|75|65|81|61|55|69|57|64|97|58|90|40|74|81|194|52|79|75|114|76|64|83|87|75|81|77|75|74|340|79|51|60|75|56|46|56|70|59|61|62|55|70|125|50|49|53|65|184|129|104|2346|1484|746|404|216|224|196|293|107|114|125|119|80|134|164|66|79|122|98|152|102|250|109|87|141|129|100|148|115|80|130|101|177|844|1268|794|321|323|228|201|162|503|360|407|282|206|277|155|133|246|171|302|233|638|358|192|160|177|121|77|138|65|55|85|56|90|75|127|166|56|75|41|59|54|93|77|65|98|63|128|239|687|191|49|82|93|104|52|62|47|72|75|84|351|125|92|73|104|46|70|124|94|58|79|68|65|79|76
603,Conor Geekie,365,133|99|100|108|153|453|298|227|597|138|99|81|91|667|147|89|86|120|163|109|99|90|78|73|52|52|57|92|67|51|58|69|78|57|61|55|75|119|86|78|54|78|73|60|81|76|81|63|66|38|37|51|41|65|57|54|68|34|48|56|47|83|70|56|46|75|58|61|73|110|96|164|129|480|131|106|81|73|58|70|55|72|96|72|67|35|56|45|59|53|38|34|39|67|72|37|54|58|26|33|45|28|31|38|21|29|37|42|29|27|30|33|34|29|22|31|24|37|32|28|28|30|35|29|45|69|46|28|44|41|63|59|40|54|79|32|37|39|28|30|37|36|22|29|30|34|39|34|27|30|32|45|33|43|44|22|53|73|145|55|54|44|55|76|49|77|157|87|749|192|209|143|171|113|257|162|106|165|1005|231|337|115|122|243|145|79|133|265|133|200|172|169|159|160|250|232|225|153|140|130|105|108|204|260|127|379|142|111|243|178|138|119|349|229|239|182|269|160|513|274|479|253|151|199|235|193|644|253|241|210|218|269|193|300|347|579|460|317|563|272|157|142|148|372|220|246|187|488|171|138|163|119|130|296|365|176|258|199|273|197|196|274|182|158|183|155|119|402|319|167|235|303|136|161|120|158|157|134|156|148|150|128|387|132|284|215|116|189|160|292|1486|179|205|183|147|98|103|80|77|293|205|109|125|128|94|90|104|84|105|119|165|152|100|85|129|178|177|142|138|257|547|210|432|251|450|528|180|162|136|114|220|134|130|139|115|108|102|99|177|91|100|134|123|73|114|129|87|90|95|97|134|215|229|125|232|340|112|126|1001|155|413|561|179|120|143
604,Zemgus Girgensons,365,84|80|82|74|84|242|94|74|103|69|78|472|97|155|68|50|38|83|92|48|56|80|100|140|71|90|127|196|168|67|95|91|108|51|60|78|81|93|57|86|65|79|127|134|61|54|47|55|60|37|45|39|46|47|44|32|49|33|42|122|90|110|68|52|54|48|61|58|40|72|59|59|53|45|57|72|60|73|145|142|156|141|141|146|122|139|134|141|155|146|116|124|136|157|138|127|134|31|32|29|31|25|34|49|46|27|30|28|34|46|36|39|32|22|23|38|30|32|33|35|30|21|37|34|29|39|25|33|22|30|47|41|36|28|38|41|27|25|39|28|35|49|39|34|31|33|29|35|41|32|33|29|33|38|46|43|33|32|40|40|38|130|161|52|32|62|48|51|41|48|60|43|50|64|61|64|62|74|49|99|76|58|57|55|65|43|43|49|53|44|90|80|87|51|341|89|74|58|77|59|53|146|79|79|62|87|56|56|56|190|57|73|131|54|48|55|56|44|54|67|49|79|44|178|63|104|66|59|41|94|79|53|49|72|47|83|90|118|75|69|61|78|77|56|45|78|50|64|54|101|63|48|49|144|192|92|131|131|99|182|167|103|140|240|503|125|115|106|129|91|118|131|112|94|91|102|100|90|79|109|84|135|86|66|153|83|92|171|131|90|179|149|397|155|384|183|175|139|229|304|1959|613|771|864|230|796|296|140|156|125|221|156|98|86|160|90|69|231|71|58|75|70|80|58|278|442|97|61|60|77|77|115|58|52|65|47|48|64|80|61|42|57|55|54|34|55|38|83|80|81|453|89|57|96|138|62|53|62|65|50|61|70|74|62|38
605,Gage Goncalves,365,75|38|45|45|42|336|128|82|438|140|107|805|333|837|107|72|47|71|38|33|43|41|39|31|36|24|39|35|25|21|22|24|38|31|26|34|43|28|44|44|29|23|29|25|27|24|28|28|20|26|17|23|27|35|19|27|29|24|26|15|26|26|24|17|31|21|28|15|20|29|27|40|29|27|239|115|49|35|28|28|51|21|22|20|21|30|24|22|21|24|27|20|12|19|16|12|25|33|17|12|28|21|26|28|22|19|22|15|14|20|16|17|16|18|19|10|36|21|49|21|25|19|18|36|22|13|25|9|22|19|29|23|19|20|15|13|16|31|32|19|22|19|16|17|23|22|26|26|23|27|27|35|31|19|15|20|15|14|27|28|30|19|24|53|16|30|33|34|42|43|81|49|62|47|56|69|59|46|171|97|78|39|41|76|33|23|17|27|28|44|48|83|47|24|32|34|71|18|53|33|26|56|30|219|34|62|29|20|24|122|25|36|130|116|33|39|21|95|16|37|35|40|22|50|120|70|31|24|19|39|28|66|31|57|25|290|94|55|41|57|25|28|37|20|25|51|21|65|24|69|16|26|14|22|238|667|72|50|43|199|117|57|37|39|114|31|34|37|310|64|71|193|44|58|108|71|37|27|125|23|33|313|75|48|78|29|34|59|39|79|505|88|121|39|139|48|43|33|33|35|31|22|25|33|30|40|37|22|23|22|50|32|39|36|990|144|66|82|45|46|37|46|50|25|47|38|71|90|28|285|54|60|36|55|240|88|169|40|181|102|86|90|53|45|85|51|44|59|112|45|65|64|38|47|106|47|44|180|170|47|42|56|32|49|42
606,Yanni Gourde,365,154|138|121|136|169|469|152|123|165|118|107|184|91|405|108|94|82|104|75|69|68|89|69|46|86|58|75|89|67|40|82|96|80|73|69|63|76|92|74|95|82|106|138|90|50|1960|1048|310|150|113|87|69|89|109|68|67|56|48|63|45|69|79|73|73|61|71|74|68|51|68|70|83|73|64|79|88|78|93|173|183|190|180|176|181|182|164|170|156|164|166|198|207|162|166|171|158|157|61|46|39|43|36|44|49|32|36|40|33|41|52|33|60|51|41|53|35|47|37|33|38|48|41|53|32|37|57|72|39|44|38|62|50|39|62|37|35|43|53|47|35|60|45|65|49|52|33|33|48|45|47|36|51|53|55|56|64|67|92|71|69|68|53|108|70|56|107|70|105|163|77|97|99|87|90|108|239|94|273|208|199|208|87|102|121|134|78|79|67|65|129|77|147|55|68|145|68|85|55|192|88|99|158|98|80|46|117|67|69|130|224|81|97|164|107|86|101|49|112|64|116|79|73|40|109|230|142|68|54|57|116|100|76|60|196|78|229|100|92|64|101|50|216|143|78|53|53|53|126|74|275|265|144|61|109|244|113|91|68|66|177|113|74|81|132|190|79|76|48|145|66|115|159|87|107|84|88|87|106|147|90|117|269|155|102|116|99|97|511|102|176|371|105|239|100|222|90|278|77|98|72|104|74|71|76|59|55|73|51|84|83|1179|198|109|85|198|109|81|235|65|79|108|96|99|79|159|133|59|93|75|72|161|179|118|72|587|132|107|83|112|86|62|168|91|116|260|357|151|212|151|83|89|187|105|89|100|164|103|150|115|125|95|81|106|106|98
607,Jake Guentzel,365,323|231|345|251|285|1908|447|483|2645|943|811|1068|388|1956|301|249|264|232|229|305|247|200|185|223|174|197|151|205|255|121|138|255|188|228|163|229|191|283|155|197|146|295|163|137|114|146|115|132|150|108|174|92|104|198|109|119|146|98|142|118|139|226|164|148|114|90|146|125|129|114|102|200|149|173|162|169|222|152|136|163|127|109|149|128|102|93|92|64|76|89|88|102|80|87|88|84|87|89|86|105|71|82|62|48|79|64|58|62|69|70|67|107|86|98|88|55|75|52|68|73|60|76|71|188|124|97|101|67|63|86|94|101|88|83|75|68|48|73|88|72|67|120|72|89|65|58|76|90|84|81|65|85|91|82|72|77|73|89|127|106|111|108|161|186|115|137|99|144|216|151|152|202|202|453|233|257|201|216|230|588|452|149|154|194|163|111|120|164|208|265|218|267|191|219|212|135|270|118|185|203|219|217|152|249|146|277|154|101|112|592|163|150|264|218|91|972|222|635|243|244|146|190|110|254|209|331|156|140|194|129|214|580|138|166|121|219|160|143|229|279|144|144|380|209|130|161|136|329|181|222|137|136|97|121|412|210|196|402|233|962|877|449|335|335|581|215|273|356|275|160|345|573|208|259|260|333|273|205|305|227|238|405|297|205|255|182|233|303|607|530|3510|528|1068|497|1032|673|567|515|546|509|1897|944|5578|3576|871|493|2552|1056|3071|1379|21421|7343|16209|18090|4905|1905|1123|955|543|414|913|362|444|343|605|347|290|303|241|339|272|254|202|226|286|276|287|231|452|208|208|1302|261|274|268|337|237|329|394|368|576|237|268|241|430|199|158|257|351|218|183|335|232|182|282
608,Brandon Hagel,365,313|269|240|189|267|597|264|1533|809|346|645|1357|434|323|347|330|160|201|194|177|132|144|116|124|135|145|137|113|84|90|78|119|119|118|224|333|325|207|159|191|121|111|203|292|129|127|167|149|177|117|139|130|122|87|72|117|250|135|133|110|115|229|167|167|183|129|133|102|87|219|125|178|93|126|171|177|126|112|105|134|151|112|93|119|93|64|109|78|87|81|73|80|65|74|74|59|100|72|48|76|83|71|130|88|100|81|69|70|79|61|105|142|81|78|52|69|50|67|47|64|70|59|48|56|57|57|70|74|44|53|107|88|77|102|80|98|106|73|73|75|75|304|84|72|51|66|56|86|83|61|67|98|82|54|68|92|79|74|57|77|105|92|97|93|80|144|80|115|351|183|240|160|198|134|189|132|82|112|138|145|139|96|111|143|121|94|76|107|147|213|112|195|132|65|130|85|280|98|140|80|70|122|85|201|119|202|126|124|210|289|139|142|173|146|114|172|113|260|87|304|118|369|122|239|171|484|314|198|321|206|138|416|146|201|133|203|165|185|186|146|105|93|303|173|169|114|113|95|95|99|99|64|72|121|227|172|207|1141|998|626|564|411|263|256|422|225|148|187|193|120|251|198|146|149|142|231|168|124|541|193|200|511|181|160|225|168|117|187|155|392|1768|358|573|377|4569|1670|987|740|625|728|1560|1313|647|2536|983|522|1228|886|1621|1397|6405|1686|799|544|663|362|308|383|206|185|255|168|278|199|407|2479|668|308|212|200|176|225|143|165|227|138|364|237|746|270|183|275|198|167|312|288|265|219|226|170|243|220|141|246|557|193|144|203|455|145|164|188|148|187|156
609,Pontus Holmberg,365,63|57|106|191|193|318|158|178|100|198|41|54|100|64|175|81|55|69|430|89|654|149|303|70|129|44|79|65|85|225|97|297|89|67|52|42|49|41|37|27|21|37|41|18|27|29|23|24|17|17|15|19|21|21|16|15|31|18|20|19|9|25|19|19|12|13|15|22|21|24|16|28|31|128|1084|590|261|148|96|89|89|40|42|31|68|64|37|19|38|36|100|45|34|38|40|24|23|37|29|18|18|39|39|35|18|30|39|35|20|32|31|40|19|16|23|26|27|25|21|19|26|11|15|19|16|10|20|15|17|26|20|15|37|24|18|16|20|24|29|21|15|18|20|15|35|7|13|13|11|18|30|26|34|54|59|31|41|42|37|42|82|57|53|41|23|27|36|36|40|38|128|74|91|78|130|147|62|34|343|192|84|30|42|50|50|29|30|17|26|29|31|54|32|33|73|41|43|23|30|33|32|44|29|56|31|56|24|25|28|40|42|42|32|52|57|25|29|46|17|35|36|40|24|57|41|61|84|26|23|24|25|42|19|39|71|269|146|36|181|49|28|89|43|28|26|39|22|31|24|112|31|17|25|25|165|112|43|86|41|585|372|134|112|96|103|68|62|58|79|35|221|72|34|43|55|100|70|42|71|61|21|44|32|28|55|37|47|60|41|40|208|54|61|42|170|72|82|96|114|482|229|188|161|95|78|229|421|128|62|64|94|76|53|39|139|51|40|42|42|23|43|29|47|34|70|39|28|21|23|32|27|29|20|14|19|15|26|23|214|109|27|65|39|69|40|37|22|33|30|19|27|35|27|28|363|79|42|25|51|31|25|23|18|29|32
610,Dominic James,175,76|47|25|12|76|29|38|15|45|30|17|42|21|577|167|237|50|33|44|71|41|65|64|29|38|61|61|77|55|59|47|156|36|84|217|95|49|31|25|149|29|48|33|63|61|53|33|21|23|45|25|31|33|18|26|75|21|83|21|68|23|18|15|23|47|25|40|29|23|45|106|66|30|34|72|38|37|43|50|25|64|61|23|19|48|453|149|34|332|58|47|904|290|90|190|44|44|546|78|59|461|60|147|48|125|51|46|38|33|32|32|29|25|21|41|25|38|28|24|26|51|36|36|38|123|181|48|218|30|41|50|57|61|44|42|62|35|22|17|16|15|35|24|18|23|14|13|18|30|20|32|34|25|35|27|26|16|17|16|27|31|31|24|18|43|35|29|22|31|23|25|22|20|33|25
611,Nikita Kucherov,365,1846|1050|820|755|887|1085|674|754|841|489|653|726|553|1456|804|533|499|598|447|386|371|412|448|460|427|364|309|413|384|337|429|473|427|380|423|352|445|456|409|376|430|491|617|376|326|380|395|1670|1390|596|764|344|351|493|382|532|1011|417|459|415|547|1034|623|409|332|306|294|285|290|276|337|497|287|312|324|271|274|192|198|220|237|255|200|184|188|195|189|175|184|194|213|185|165|189|220|183|134|180|117|130|141|175|176|202|171|195|134|153|164|196|182|181|170|144|160|154|238|236|176|215|168|140|160|153|135|153|173|158|135|155|217|196|209|166|156|159|152|182|183|161|223|505|140|181|169|150|195|199|189|179|192|210|201|225|179|221|205|166|216|182|194|233|234|231|211|296|298|219|279|251|287|353|423|561|556|465|345|351|438|497|423|288|328|361|327|211|218|284|289|460|541|1108|525|364|374|477|809|314|353|288|298|526|390|496|311|414|253|255|312|496|350|300|424|344|258|426|299|486|238|396|282|355|258|310|353|528|338|263|279|301|274|381|271|284|263|489|429|266|404|338|327|298|315|396|307|335|289|280|382|421|338|236|233|259|730|618|398|456|390|713|514|554|364|431|675|411|387|344|737|440|771|652|416|437|601|545|463|349|609|360|340|1556|730|446|746|587|431|677|535|938|2798|885|1757|1042|1321|758|645|549|481|557|686|617|595|741|631|561|842|597|860|835|2237|1483|953|816|2575|1270|624|595|490|441|725|442|595|493|1328|1105|595|543|470|667|454|420|326|358|1171|723|1275|697|3888|1754|1320|1842|1037|945|715|740|492|652|820|689|996|668|682|733|1087|713|813|889|764|522|587|884|713|873|1131
612,Nick Paul,365,61|66|57|68|62|174|88|79|336|115|97|125|67|573|86|73|65|80|39|69|46|49|54|54|52|38|32|48|39|55|61|64|58|61|44|65|60|63|66|96|38|61|79|27|51|50|38|92|84|47|46|35|47|51|37|41|54|35|44|23|34|80|54|25|33|44|48|33|32|34|47|36|42|48|47|53|35|60|148|145|148|134|169|145|127|133|140|134|150|145|141|139|126|151|122|148|134|29|35|23|19|28|22|24|30|26|31|30|41|35|25|45|32|41|25|37|27|32|33|26|27|31|26|26|25|18|28|24|27|23|27|35|46|36|30|44|35|34|37|42|37|38|27|36|22|30|44|23|87|76|43|49|60|43|46|38|40|39|32|28|34|35|26|31|40|30|37|33|36|32|39|45|51|45|59|91|54|44|42|47|104|144|43|38|46|39|34|27|35|38|70|84|51|37|100|40|72|29|39|47|33|60|44|59|33|70|35|28|53|67|31|47|56|41|37|50|80|426|85|80|50|69|48|84|55|100|62|33|55|51|58|35|45|48|46|88|55|31|113|45|30|34|101|32|30|40|34|64|53|63|43|31|38|41|156|97|67|53|43|60|83|47|48|36|74|40|35|41|113|51|83|83|59|42|53|66|51|35|41|29|35|57|50|49|79|49|55|62|281|219|536|93|104|67|68|42|52|68|70|61|49|38|42|46|41|34|52|48|69|41|83|73|47|47|77|64|54|53|47|55|45|46|51|41|70|51|37|41|52|31|49|42|48|32|56|35|119|45|103|56|53|55|36|59|51|45|34|50|87|52|77|38|40|55|72|292|65|80|57|34|41|45|43|57|40
613,Corey Perry,365,639|524|561|526|2551|743|1480|605|1614|679|7421|1182|2180|805|1881|916|699|675|568|8404|1338|4317|1106|14487|1576|4794|1206|3424|2093|1817|1255|1428|911|1048|6976|1386|4483|5403|2039|1521|24407|5687|27109|4665|2733|3623|5118|7387|26734|4153|40712|3668|2695|11905|2121|1750|11349|4030|9765|1875|2073|41821|9667|4315|2388|1536|1468|1034|1094|907|778|920|925|1522|7843|5289|2172|1431|1162|1080|949|795|728|623|653|623|577|537|513|461|482|437|398|412|609|522|450|523|431|276|269|244|284|257|263|259|244|214|294|257|245|246|270|213|185|278|232|233|210|261|200|230|229|211|251|202|211|194|170|186|218|279|257|214|213|182|209|290|245|212|219|288|236|210|841|507|352|310|1190|655|346|293|265|282|344|241|292|306|285|358|335|311|275|341|364|328|272|288|398|524|362|455|627|1031|1481|738|828|1165|414|503|700|451|491|511|661|414|652|1280|481|1838|510|926|801|353|1232|657|1142|516|609|461|510|1640|831|1352|571|1431|1314|957|1252|664|2825|639|891|507|664|442|495|935|836|501|332|682|419|393|695|535|1243|349|294|478|322|667|374|536|351|442|451|571|421|357|823|371|592|438|493|642|355|342|414|474|441|284|317|478|696|340|885|621|505|974|564|918|406|431|723|1468|971|567|3038|501|768|470|686|507|456|449|396|348|556|343|314|283|493|358|483|893|317|655|622|815|512|338|517|693|621|330|312|334|291|329|431|431|365|449|610|395|474|494|523|698|1294|863|580|468|733|962|564|611|376|528|377|541|12919|6298|9142|3041|1527|1103|786|789|489|573|493|440|542|368|464|382|1585|477|657|1624|576|1098|604|699|604|632|558|427|534|577|750|532|961|802|819|3422|1267|639|583|778|632|1038|1126
614,Brayden Point,365,150|155|123|155|198|379|203|262|263|178|153|296|196|345|164|178|131|168|117|111|128|134|107|93|100|133|90|120|132|76|104|139|131|129|100|107|134|117|113|133|108|156|173|112|61|93|118|121|180|94|151|82|79|142|88|108|127|81|95|604|400|367|156|155|122|123|102|120|113|134|92|280|135|319|140|143|130|77|76|75|111|109|108|86|68|99|79|66|49|57|56|50|59|52|65|55|66|58|48|46|31|52|56|83|62|52|56|40|65|48|46|83|70|76|54|55|60|33|44|72|67|60|83|78|54|71|52|41|49|60|65|67|89|76|39|48|69|59|48|59|62|59|58|54|69|46|34|56|51|54|48|68|62|53|104|78|57|60|69|56|67|74|83|91|97|103|78|89|88|107|86|106|153|101|149|165|84|112|285|303|326|172|145|134|80|83|77|82|111|107|97|109|106|89|107|88|129|75|100|92|83|192|102|174|112|160|109|128|118|228|112|134|175|121|128|158|118|245|95|159|114|113|91|121|97|119|118|100|124|122|134|116|114|117|116|189|199|107|181|125|90|101|104|96|96|86|92|95|91|164|120|130|106|126|178|176|214|739|564|418|301|193|166|169|173|117|133|117|170|113|722|464|218|186|152|167|155|112|174|123|116|149|147|143|149|167|132|179|165|186|403|260|311|600|834|311|289|248|211|255|339|312|252|387|271|280|363|291|385|332|798|488|319|260|1263|351|170|442|187|137|164|125|168|138|231|170|117|105|118|214|129|128|114|90|131|81|100|81|259|192|89|189|114|107|95|92|97|80|146|113|163|120|118|108|152|99|81|153|162|103|109|133|103|132|126
615,Scott Sabourin,365,46|18|42|28|22|27|15|33|18|34|15|27|10|33|21|36|22|108|34|23|20|21|18|20|32|24|20|13|14|24|13|17|12|17|12|15|16|17|18|26|22|20|17|16|25|32|23|22|18|25|25|32|20|23|17|26|13|10|15|9|7|26|24|6|16|4|11|6|27|22|12|5|13|21|36|21|33|20|20|18|17|21|13|29|19|13|265|394|125|72|43|29|27|32|21|19|14|31|22|18|18|15|23|23|15|26|19|14|22|21|28|30|31|17|12|22|84|59|54|46|30|15|14|23|23|13|9|12|13|21|14|13|20|18|9|14|13|16|17|16|21|18|14|8|22|11|13|17|10|11|15|18|13|14|16|20|21|23|23|29|10|16|33|69|52|54|51|24|25|246|2433|1059|1078|275|173|126|86|66|53|29|19|40|39|30|76|27|26|22|48|47|33|31|44|32|53|57|51|28|38|33|25|29|30|15|16|25|19|23|100|821|81|166|314|142|44|56|53|48|37|51|34|34|18|43|20|29|25|24|24|30|28|24|32|16|15|37|349|67|229|70|44|44|106|37|46|23|32|28|17|20|17|14|19|75|1600|2234|582|275|125|129|102|99|70|79|55|84|49|51|58|46|49|33|48|24|33|30|33|26|26|25|26|50|36|34|31|26|33|15|27|25|28|64|92|71|134|65|40|31|46|41|31|16|26|25|31|10|35|22|21|25|36|48|39|41|93|143|25|28|26|25|129|67|88|85|207|218|76|47|62|72|64|45|40|24|46|32|34|27|41|25|33|577|96|61|194|97|56|106|340|52|42|40|40|45|96|44|34|58|76|43|61|90|37|158|45
616,Declan Carlile,365,6|10|6|9|15|7|6|11|6|28|9|3|8|9|14|6|11|3|10|4|5|7|9|7|3|8|8|7|4|6|6|21|6|7|3|4|10|13|13|8|5|8|4|8|12|9|6|3|12|15|9|10|11|7|7|14|4|3|6|5|5|4|6|4|8|7|8|4|6|19|5|15|17|22|13|12|17|9|10|7|3|3|2|7|5|7|6|9|10|12|8|5|7|9|5|8|6|6|4|3|3|6|6|6|12|7|8|4|4|9|9|6|6|6|10|8|3|12|4|9|6|7|5|2|10|10|9|12|9|6|4|11|7|9|2|4|14|8|12|4|4|13|9|5|3|9|10|9|7|8|5|8|10|8|7|8|7|11|6|11|9|2|6|15|10|8|11|14|85|18|20|14|11|10|18|7|23|10|14|10|10|3|11|5|16|6|2|5|6|4|13|6|6|8|4|3|9|8|8|4|7|8|11|9|6|8|13|10|9|9|6|13|8|6|16|44|11|43|13|22|12|25|19|168|218|74|36|25|20|33|22|33|55|30|12|17|22|23|41|22|15|25|35|24|21|19|20|30|15|51|24|17|17|14|65|21|31|34|18|32|28|24|16|20|35|37|16|26|60|25|40|44|16|26|32|49|18|17|47|18|22|44|31|14|309|67|39|69|33|35|260|38|60|28|120|30|33|46|37|42|31|14|30|12|9|9|26|20|27|31|55|37|25|47|44|23|32|19|22|19|24|17|61|25|34|27|13|32|15|41|18|21|14|20|8|6|28|16|31|17|12|23|17|23|14|12|14|17|12|13|19|17|10|10|31|26|25|441|160|29|28|42|29|27|27
617,Erik Cernak,365,56|45|41|66|57|165|82|118|96|60|54|294|69|267|90|54|47|69|48|38|33|60|39|53|51|43|38|40|38|47|37|46|37|42|31|33|43|48|40|51|56|44|59|42|39|40|37|40|55|37|39|42|83|107|54|39|50|37|41|90|59|57|41|27|27|36|27|58|33|36|36|45|21|31|59|46|41|27|32|34|45|31|25|47|26|20|34|28|24|31|27|39|24|29|26|20|25|28|31|22|21|17|18|17|15|25|24|24|33|13|15|18|23|32|20|18|18|16|16|20|23|27|16|26|31|14|10|12|20|25|33|20|28|24|22|25|23|20|28|30|28|28|13|21|20|8|15|20|25|34|19|24|25|18|27|58|59|35|30|30|39|23|40|33|27|33|30|41|36|30|31|23|29|28|45|42|50|51|78|51|60|37|47|76|27|32|29|32|37|32|33|34|26|28|31|34|54|28|42|36|21|63|33|43|23|115|36|47|40|72|35|35|66|55|41|46|33|39|31|73|55|38|28|31|26|46|31|21|36|41|21|27|41|32|31|32|27|32|38|39|29|24|47|32|25|31|32|24|36|40|52|26|29|39|46|38|74|64|57|109|93|57|52|104|128|90|59|52|68|45|87|65|50|45|42|77|52|54|45|24|32|73|91|48|90|48|44|71|46|61|121|77|84|74|215|131|127|172|149|890|498|266|382|196|172|176|744|646|3663|1814|417|221|129|91|117|67|59|51|50|46|42|44|55|45|101|99|50|48|53|53|27|38|33|36|51|36|59|48|94|57|35|100|69|51|83|44|33|53|57|42|58|51|59|23|82|44|48|92|70|50|51|198|49|41|43
618,Max Crozier,365,10|10|8|8|12|10|16|9|10|13|9|11|77|41|29|8|9|8|7|7|4|13|12|15|6|6|4|10|6|4|4|9|3|2|8|8|8|9|18|10|7|12|14|6|12|5|9|14|20|92|49|34|22|16|17|22|18|15|5|9|3|5|6|7|11|13|11|5|9|20|9|14|18|10|13|24|9|7|8|8|11|12|9|7|5|6|17|2|5|4|9|4|3|7|11|16|7|14|5|3|4|7|11|7|4|10|7|5|7|15|4|10|2|7|4|2|7|5|9|9|5|1|11|4|10|2|3|6|6|3|8|4|10|19|63|8|9|5|4|4|5|7|6|2|9|12|8|3|13|12|7|13|20|11|6|7|6|4|7|3|9|12|23|14|9|19|17|22|32|9|51|38|46|27|55|77|75|72|104|92|72|27|44|24|29|20|16|13|25|26|31|21|16|17|21|14|16|20|24|24|27|59|17|21|12|11|30|16|16|82|24|37|49|74|17|38|19|25|14|15|20|19|11|27|15|19|8|17|16|25|29|34|22|32|21|215|107|20|28|30|17|23|279|21|24|50|18|27|12|27|12|15|8|16|131|42|34|39|22|60|28|25|14|29|56|14|15|17|30|19|83|41|21|22|50|38|17|18|56|18|15|57|16|15|44|13|23|40|25|30|235|33|34|23|35|16|25|30|27|18|32|21|21|22|24|19|53|23|19|20|29|34|18|19|31|21|17|21|32|34|18|22|24|25|21|28|19|25|10|16|15|8|13|14|13|19|14|13|29|9|15|10|13|13|25|16|16|24|15|4|10|11|15|13|24|23|19|47|31|16|25|11|28|25|26
619,Charle-Edouard D'Astous,174,110|69|49|641|139|221|31|106|60|34|217|54|65|35|222|64|36|43|100|37|63|100|138|25|61|37|138|36|88|22|121|29|338|83|136|61|61|72|187|59|62|46|54|36|144|1032|96|71|69|41|35|158|34|19|32|29|69|31|77|28|20|21|26|230|95|54|61|41|172|171|56|37|48|179|37|32|50|121|64|71|62|57|33|40|133|56|27|97|32|39|150|68|33|50|20|27|48|43|44|53|58|48|33|48|34|28|25|36|17|26|21|19|25|21|13|25|31|16|13|29|23|28|28|244|48|38|57|16|23|30|25|99|40|323|104|49|40|33|42|23|246|18|24|39|20|128|20|68|44|15|67|43|63|500|202|68|139|178|52|47|300|268|101|146|65|80|491|163|45|67|56|38|68|56
620,Victor Hedman,365,280|262|266|219|294|446|321|372|410|266|247|473|234|667|364|304|215|241|313|201|219|223|189|179|231|170|155|168|201|167|156|213|145|168|247|203|200|218|204|183|188|193|218|158|130|148|193|212|256|164|229|124|119|204|129|145|215|138|160|185|180|508|244|199|166|124|143|227|219|141|174|226|152|149|170|140|127|107|85|95|112|113|87|86|86|83|101|85|76|98|102|114|85|80|84|82|63|75|82|51|63|69|78|69|74|75|68|65|81|79|110|99|108|109|81|78|86|78|84|89|105|86|85|77|77|90|125|83|86|84|118|126|93|76|76|89|81|109|78|108|98|154|62|96|84|92|55|101|102|117|89|129|69|85|107|97|109|112|97|98|99|118|128|109|100|107|110|126|151|110|160|151|176|161|237|283|196|159|245|210|248|151|158|208|182|116|131|152|127|163|248|296|136|159|158|131|185|119|161|137|112|193|139|167|122|234|130|139|133|180|167|157|203|156|118|181|115|201|135|176|147|195|125|158|139|179|122|128|111|186|151|184|154|225|137|295|204|161|293|252|162|160|167|157|199|177|126|159|154|170|121|88|131|103|267|332|230|209|228|327|276|280|238|245|308|235|185|179|202|146|194|244|204|166|228|197|185|309|490|244|181|296|223|218|246|232|203|366|293|453|1601|332|436|213|604|249|293|286|314|1242|692|703|609|402|294|907|3081|855|447|346|606|542|323|283|457|565|391|470|225|182|250|223|256|244|353|338|200|242|147|162|130|175|109|154|176|102|188|130|259|165|143|722|662|342|236|279|210|199|211|164|228|200|212|172|208|150|144|234|369|182|204|245|210|296|313
621,Emil Lilleberg,365,47|24|21|55|47|104|42|36|64|38|43|67|47|91|31|37|28|50|27|28|41|75|177|158|106|128|206|82|134|116|75|105|93|57|63|46|53|81|58|38|26|27|24|26|15|21|23|23|31|16|23|23|20|50|14|20|15|22|31|17|21|37|29|24|25|33|23|18|12|28|21|20|18|31|20|37|26|20|27|30|42|18|15|10|14|18|17|12|23|23|22|12|21|23|33|12|8|31|16|12|16|17|19|21|17|11|11|15|11|22|15|16|20|19|26|24|14|14|15|15|16|14|17|18|17|15|11|18|47|28|14|22|22|15|20|18|15|16|19|15|14|20|18|19|20|18|17|17|13|18|17|20|29|11|20|22|14|18|57|19|19|17|26|25|24|22|25|27|84|38|129|65|66|66|72|101|51|45|60|53|133|37|36|44|35|22|25|25|41|56|48|99|61|54|53|30|42|29|41|39|28|129|130|68|36|213|54|28|30|44|26|174|105|42|31|40|20|57|25|33|22|64|30|50|36|56|30|24|26|53|30|43|24|57|24|56|42|20|29|26|25|34|43|39|14|33|26|24|30|14|31|26|17|28|65|40|49|36|30|61|70|60|23|52|68|33|39|39|31|23|41|44|36|24|32|28|38|26|44|22|31|49|45|29|49|31|36|56|35|30|82|45|53|46|48|57|39|42|42|68|77|72|72|94|74|86|97|72|90|80|119|90|68|45|96|74|25|58|36|26|57|20|34|29|53|47|19|23|34|25|30|27|13|23|19|15|23|25|139|75|21|48|30|57|267|146|68|35|43|27|53|100|46|42|65|31|24|98|248|110|45|59|29|44|30
622,Ryan McDonagh,365,317|189|173|200|206|631|327|332|380|196|211|659|262|455|208|150|185|179|133|125|126|117|107|130|145|119|171|163|117|81|144|202|122|113|102|134|125|102|109|124|133|139|115|113|108|105|106|92|119|111|140|83|109|157|141|140|176|114|123|91|82|159|124|111|98|85|138|127|183|122|170|228|102|100|123|136|86|107|188|185|208|205|204|195|186|231|211|207|206|198|223|212|208|185|185|166|222|126|92|114|102|75|75|66|80|63|91|101|85|56|57|76|65|113|89|92|76|66|80|101|72|78|60|128|112|78|78|91|79|78|92|80|78|83|73|99|91|85|100|114|96|70|95|88|83|63|68|64|81|84|91|174|107|114|130|230|169|130|103|99|96|115|113|87|90|92|94|81|102|92|89|97|154|170|182|209|105|237|183|228|306|174|178|171|177|117|104|120|116|255|104|126|114|93|141|101|177|67|144|94|78|137|107|104|91|210|89|149|109|369|90|109|142|119|95|120|108|144|104|101|115|142|70|90|76|139|128|97|86|112|1120|589|235|138|138|128|111|110|175|139|143|154|201|150|104|124|80|237|141|163|128|96|91|91|160|138|142|138|108|174|159|103|110|117|132|116|136|114|137|98|180|175|164|150|134|130|95|105|138|99|116|160|122|103|138|126|127|242|134|192|1130|247|291|154|195|134|146|103|107|126|164|97|129|122|114|111|195|168|180|187|418|337|203|190|294|210|161|155|149|143|567|208|227|156|354|197|133|180|184|158|107|97|120|96|93|70|112|81|153|141|174|323|103|133|139|138|101|134|312|157|124|102|129|93|112|113|151|279|217|112|84|174|143|123|117
623,J.J. Moser,132,50|16|29|21|25|21|23|39|22|50|29|20|33|17|18|18|60|31|43|24|264|748|140|163|245|132|179|191|152|63|75|214|111|80|50|72|41|53|191|77|68|53|97|48|40|91|93|51|96|49|45|121|43|66|108|66|78|227|109|118|78|421|215|125|141|110|126|771|755|259|341|145|212|495|104|98|66|109|91|81|54|135|76|50|43|53|53|58|47|49|92|93|233|58|190|44|39|43|43|43|32|45|39|72|40|227|82|59|78|54|62|56|91|41|54|53|33|50|47|65|46|58|48|31|57|95|35|25|70|41|33|35
624,Darren Raddysh,365,65|64|47|120|108|225|168|54|296|97|236|293|193|648|220|122|69|116|97|41|93|69|52|40|54|36|29|75|46|20|22|13|33|37|53|54|62|60|54|47|26|39|28|18|23|26|24|31|34|31|35|22|27|22|19|33|26|24|31|19|11|23|21|15|31|27|26|30|20|23|18|37|30|25|31|256|42|35|23|27|31|25|14|12|17|16|25|13|27|18|19|19|16|11|15|10|13|31|15|28|22|17|15|21|16|28|14|15|21|13|23|28|16|20|17|5|16|14|12|11|26|12|21|19|13|16|20|13|13|20|15|23|22|27|24|25|20|20|20|20|12|24|13|19|16|12|13|11|13|19|15|24|23|28|19|27|27|22|17|28|20|26|32|49|23|43|39|39|110|48|55|34|46|80|39|63|41|159|66|38|30|34|40|43|38|15|17|18|45|352|34|36|35|36|45|31|102|24|47|23|16|51|31|40|25|85|23|29|56|1142|42|57|158|183|40|211|37|102|48|116|81|131|43|50|224|510|187|128|172|119|80|172|98|72|45|222|300|211|274|200|152|85|160|86|53|72|42|68|45|705|390|133|54|87|231|59|114|128|238|261|815|968|247|212|547|202|176|165|130|101|268|239|161|120|213|240|156|93|167|129|144|352|268|121|619|195|248|884|341|217|2015|276|1511|477|564|150|135|106|160|145|137|123|86|139|58|56|93|78|77|69|139|115|122|145|642|208|259|166|115|106|137|118|252|328|1066|429|211|186|113|164|101|95|101|158|136|118|289|90|371|258|136|1064|238|197|240|187|133|162|187|129|171|295|809|264|228|132|189|572|232|104|114|180|208|308|173
625,Max Domi,365,532|716|1731|4616|1397|19117|3708|3033|2093|2924|643|914|1503|774|2346|601|518|684|4126|1151|10596|2001|3350|1365|7316|2464|2017|3970|941|3653|2084|9003|1123|704|554|438|450|476|307|404|323|542|623|591|474|598|538|754|590|283|470|404|371|344|184|211|243|256|156|241|205|221|199|208|252|244|206|186|264|268|292|317|299|393|545|539|320|382|598|363|371|289|299|292|256|267|315|328|274|259|266|244|218|246|239|250|262|150|146|135|143|140|144|99|137|126|106|109|169|156|217|178|184|125|170|138|119|116|132|87|135|214|121|118|132|146|143|128|132|150|113|144|163|156|139|112|131|137|154|114|133|127|116|104|131|107|157|103|106|155|153|144|137|242|159|134|161|186|918|1367|584|368|378|469|190|203|159|219|241|197|283|286|277|380|559|212|226|677|362|293|323|299|342|261|470|184|336|323|231|342|533|325|319|532|949|439|239|394|495|273|329|203|383|208|197|701|374|285|1151|400|326|461|757|287|313|385|236|523|287|600|241|208|262|337|281|377|499|235|214|353|213|343|228|583|208|312|162|150|305|182|469|181|180|310|203|199|196|373|467|925|820|373|300|305|528|525|273|427|354|760|353|727|343|339|1236|409|635|442|2599|667|580|296|284|369|238|1491|451|633|308|982|463|636|616|299|221|661|274|319|253|802|399|342|488|255|293|217|201|204|167|240|288|215|242|309|245|188|334|300|272|301|620|381|257|265|374|267|248|602|606|1313|298|384|486|225|681|260|400|353|229|323|371|1127|417|305|277|203|190|306|253|179|259|526|375|259|246|356|395|6431|1317|718|769|515|866|357|342|280|392|420|343|354|257|459|287|338|295
626,Bo Groulx,365,34|38|23|32|18|23|24|45|28|28|22|35|30|25|43|23|30|25|54|22|26|28|23|28|20|29|23|39|33|41|22|27|24|32|26|26|28|14|40|31|15|23|30|34|32|28|21|21|14|24|16|24|14|10|25|22|15|13|19|22|12|21|18|14|21|13|12|21|11|10|24|21|22|12|1242|969|194|71|61|32|44|23|43|24|30|30|22|26|16|22|29|39|34|24|19|10|17|19|14|18|23|11|10|19|20|21|26|25|25|25|28|29|38|29|29|27|25|22|16|13|9|13|14|15|21|22|31|19|33|26|18|39|20|16|19|21|19|17|20|14|26|18|18|19|23|22|19|23|15|16|18|17|21|37|39|37|186|111|57|36|117|163|56|56|36|22|27|30|23|47|76|35|33|51|30|26|28|22|13|28|17|12|18|19|48|18|20|34|18|26|19|26|14|16|19|13|4|17|13|18|26|28|17|32|24|30|23|21|30|17|21|11|25|51|37|35|32|21|33|44|38|30|23|25|22|25|16|20|21|32|60|38|34|60|45|36|35|48|33|47|42|36|29|27|29|28|44|31|28|27|29|23|55|37|38|37|36|34|50|36|59|47|35|37|39|32|41|45|27|20|32|36|30|24|45|35|35|24|67|45|39|46|40|35|38|21|40|37|43|31|34|42|26|120|210|79|68|46|36|39|39|24|27|40|94|60|42|161|204|123|61|48|37|33|41|33|49|49|62|35|47|47|47|77|53|33|1941|2145|415|3268|497|471|7235|801|656|231|506|1164|429|155|146|235|245|209|132|84|162|250|73|54|113|111|103|47|56|60|87|67|36|56|39|49|63|64|27
627,Luke Haymes,0,
628,Calle Jarnkrok,365,95|62|157|222|97|777|154|161|98|601|73|100|158|87|237|104|93|91|411|104|312|132|269|68|198|77|137|77|125|254|100|328|104|63|78|69|80|70|78|80|69|60|71|26|30|50|30|46|73|139|152|93|52|59|51|44|39|23|54|33|26|69|59|26|29|29|25|35|32|24|36|48|34|83|83|87|87|69|146|141|157|153|142|127|147|144|136|153|162|190|170|164|147|121|131|137|119|30|36|41|29|20|36|30|33|32|23|36|20|36|39|27|34|17|29|30|19|18|27|21|27|13|29|26|23|33|35|23|19|29|26|20|21|24|35|10|21|30|32|30|41|29|37|31|32|18|24|22|23|32|30|48|39|45|217|106|187|112|45|52|142|62|51|73|74|48|39|50|58|43|75|42|40|62|460|63|252|214|570|257|153|82|79|75|83|42|59|46|44|43|46|48|26|38|56|35|29|29|79|42|57|60|64|45|32|50|58|42|43|53|60|49|70|53|49|51|92|75|34|87|36|31|29|66|50|38|28|31|28|48|46|52|38|60|135|240|541|531|141|44|63|40|40|47|28|30|44|121|63|40|38|41|32|29|50|32|101|185|62|73|62|78|59|48|85|50|57|67|49|50|56|136|55|60|39|67|50|59|49|162|49|71|72|70|72|83|53|116|58|69|59|60|92|51|47|43|46|37|47|65|63|50|41|55|54|71|92|54|52|39|77|52|42|37|72|53|63|58|54|65|50|91|94|80|102|48|53|133|54|74|40|63|84|25|41|43|79|75|69|53|37|51|57|35|53|49|43|59|26|43|56|44|48|42|51|34|55|54|22|40|46|74|122|259|110
629,Dakota Joshua,365,61|81|79|56|51|41|48|53|59|47|38|42|83|72|86|187|152|82|66|83|63|64|58|75|60|73|61|70|84|75|47|48|47|39|50|42|62|68|40|45|43|26|48|31|36|34|37|30|58|31|45|30|48|48|37|43|51|38|36|40|13|53|44|33|26|22|44|24|85|62|55|64|54|35|66|140|127|70|39|46|52|113|68|41|49|39|26|37|99|96|9462|7581|1414|712|519|408|762|399|184|143|158|96|109|156|187|151|113|87|85|83|87|69|82|88|63|69|59|217|112|70|84|86|75|81|131|95|84|67|49|50|67|64|92|54|62|42|61|78|65|76|68|52|68|101|110|74|66|67|68|81|287|449|199|165|187|259|167|134|233|373|210|286|241|762|151|127|125|272|684|179|121|143|209|555|529|278|629|619|418|267|673|195|261|255|1708|128|157|219|82|132|1719|448|229|215|144|161|89|114|106|147|831|109|756|99|89|398|184|104|513|109|192|101|263|112|146|263|98|238|101|633|134|170|120|204|309|1009|1937|143|123|1464|169|161|97|733|87|485|142|112|1118|266|147|81|92|1684|293|182|193|185|134|175|118|62|71|74|367|511|265|295|144|170|117|106|83|86|111|66|112|78|99|54|111|81|59|79|53|66|67|92|54|120|58|96|148|186|111|92|85|73|64|100|64|72|78|64|59|51|55|48|54|37|56|51|52|49|45|37|69|54|43|62|115|106|75|92|89|110|74|383|114|886|111|212|178|92|136|69|74|64|55|56|483|396|100|59|110|58|424|216|80|51|97|483|582|64|85|106|86|154|92|63|114|42|140|50|58|52|137|48|63|53|53|53|61|53|38
630,Matthew Knies,365,497|303|799|3062|986|2273|610|2394|1656|9433|780|1837|2069|1180|2809|702|607|693|16137|2533|3197|3092|4337|1452|4599|1032|1537|1720|802|3656|2371|3033|2020|1564|842|935|547|829|427|901|462|867|467|271|332|313|254|309|492|209|301|185|214|221|216|215|213|164|177|198|174|205|190|239|234|171|193|269|1488|745|725|786|1988|3315|1840|931|569|404|324|275|260|208|259|210|182|145|167|164|214|207|174|193|217|231|158|134|137|169|163|145|131|143|113|133|121|138|92|98|115|115|102|146|117|134|111|102|88|103|88|105|107|115|101|292|243|162|160|196|334|168|186|160|115|120|126|102|80|85|97|90|259|131|92|198|329|282|539|262|170|142|140|161|198|258|173|207|163|152|176|186|151|162|173|182|131|147|186|237|199|171|215|860|992|878|762|454|328|342|797|411|526|597|710|425|400|234|199|229|162|217|258|166|149|227|418|195|131|144|179|146|228|210|392|222|234|330|355|225|428|240|334|241|294|162|180|249|163|182|201|216|125|158|205|346|216|207|266|130|117|371|237|1131|340|514|186|846|215|227|248|176|434|299|213|230|211|181|174|199|182|243|160|163|139|285|520|617|241|2281|501|839|601|473|247|183|1094|292|348|203|250|150|268|179|163|273|139|248|187|417|170|356|178|391|210|150|144|496|242|234|180|283|185|194|568|224|187|161|162|158|235|264|255|252|232|241|210|159|233|311|366|287|717|661|392|430|571|260|203|325|225|271|207|367|725|274|294|552|968|667|383|456|384|552|650|256|247|335|288|303|255|170|206|694|318|157|143|194|160|264|138|153|215|229|367|216|179|158|180|137|158|142|185|223|179|271|215
631,Steven Lorentz,365,198|143|545|618|202|755|220|599|272|454|98|160|339|156|453|256|303|304|715|324|1714|442|582|191|340|109|143|256|106|322|254|1215|202|101|99|103|92|106|75|124|70|109|86|75|84|75|76|82|92|44|87|68|58|68|50|52|47|45|63|49|35|159|67|57|53|43|48|61|44|66|68|94|74|801|1501|446|297|164|104|112|107|53|51|54|47|55|32|38|50|39|46|62|54|90|76|58|45|46|51|61|57|121|98|75|43|33|40|37|39|27|38|30|29|52|30|42|22|31|42|23|32|27|24|31|19|44|35|38|18|25|36|36|32|26|16|43|30|42|30|21|28|30|34|42|32|29|19|28|41|41|45|33|40|39|49|70|53|49|94|59|47|406|93|75|58|74|49|58|70|43|56|52|69|164|203|66|105|143|89|78|93|62|59|66|160|37|124|84|50|84|146|54|33|49|52|97|47|56|45|42|70|68|105|47|63|122|52|62|248|81|59|35|83|35|54|329|50|88|47|88|32|69|47|77|54|50|74|36|50|79|54|94|44|101|50|155|50|49|66|32|164|54|74|71|49|57|44|54|46|272|141|43|35|44|80|70|78|114|52|81|49|92|48|73|354|70|109|82|229|79|85|83|70|75|43|100|76|86|50|147|57|101|66|54|56|171|38|60|51|78|50|62|64|57|58|44|53|45|38|39|38|50|44|52|47|52|47|37|44|36|74|54|50|48|88|56|44|77|53|83|51|63|88|63|68|37|36|48|45|50|58|63|55|57|291|41|104|103|57|32|35|70|49|35|40|40|45|29|36|53|182|116|94|59|62|42|94|88|46|47|61|70|27|45|35
632,Matias Maccelli,365,37|32|25|50|33|31|25|26|27|23|29|19|30|13|26|29|28|32|64|98|86|83|51|40|57|28|34|26|27|19|28|39|24|35|28|26|26|55|35|33|26|21|35|20|42|22|29|26|32|50|63|38|35|42|34|53|45|25|30|20|22|35|36|39|40|44|71|47|55|288|186|52|40|10585|4096|1254|744|458|341|429|1567|1209|438|225|164|174|100|124|146|140|155|251|240|136|179|128|130|114|104|78|62|64|63|86|114|84|93|76|88|116|72|66|60|50|68|74|77|81|45|45|44|68|99|88|59|78|66|47|66|50|57|73|69|52|65|52|54|102|123|108|94|63|68|66|105|117|68|96|113|114|176|284|270|482|525|236|206|295|509|793|357|548|328|293|145|103|97|215|248|143|177|226|350|1137|1054|242|520|609|552|354|608|285|329|226|283|76|152|818|96|115|564|186|82|109|169|108|40|79|78|64|169|131|1713|184|112|1249|174|72|147|78|206|94|142|77|59|173|51|201|62|198|68|96|89|98|80|75|78|50|66|93|93|95|59|58|60|84|174|61|93|138|133|148|121|135|163|106|128|192|199|535|157|68|56|101|259|338|155|523|113|708|128|284|63|73|397|99|268|93|1186|116|310|415|88|688|70|248|70|136|81|296|62|381|203|63|62|157|46|112|69|112|56|266|1960|161|121|77|58|53|68|86|77|60|71|51|43|56|96|74|70|65|116|80|74|82|176|167|50|129|75|241|49|299|709|80|862|94|84|142|239|364|96|133|193|112|79|56|85|133|89|40|51|91|230|61|60|71|34|66|30|38|50|47|87|34|53|36|60|59|48|54|29|53|79|116|46
633,Auston Matthews,365,2296|1607|3311|4616|2472|4250|2382|4712|2572|4346|1852|2348|4235|2878|6596|1976|1888|2756|7613|3018|5972|3649|5294|2940|5295|4552|9805|12762|6225|15859|7035|19237|5798|3176|2428|2026|1818|1795|1451|1298|1424|1446|1973|1167|1099|994|1087|1182|1845|897|1512|823|741|1220|811|834|1363|817|904|1093|1183|1991|1085|1078|813|675|659|721|685|853|1097|1320|789|1186|1884|1298|920|877|1001|695|697|667|618|600|572|490|545|514|444|511|429|403|343|350|432|362|402|480|370|331|364|351|398|386|285|325|322|380|356|369|319|371|443|420|438|441|403|464|429|352|374|558|522|395|396|675|810|437|418|383|472|478|619|511|464|381|375|372|420|364|478|755|372|391|528|495|463|415|409|400|383|621|1043|839|818|581|536|602|549|615|529|556|549|608|614|652|578|627|688|656|649|834|972|1227|1559|905|1164|1366|1447|1032|1368|998|1220|998|1097|1644|2241|1775|873|1060|1147|760|814|815|1087|1140|716|891|1061|821|1114|711|1610|820|684|1361|1374|1004|1497|1082|992|771|1098|695|835|998|825|927|895|1110|818|759|859|990|695|959|1092|647|665|857|852|1110|938|1529|1038|1280|971|841|1168|857|1477|991|1037|1379|1005|1367|1096|1207|1495|1392|1202|872|905|1207|1644|1495|1262|1807|1961|4006|2273|7107|2032|1669|3762|1502|1693|1286|1670|1075|1853|1652|1292|2715|1367|1733|1309|1956|1287|1773|1135|1611|1321|1040|1124|1615|1058|1468|1213|1760|1370|1359|1662|1811|1752|1915|4103|3479|2525|2358|6825|4778|8803|18676|7943|3748|9952|5360|10098|6949|76137|43079|20282|19260|13973|8950|5507|5078|3511|3468|3179|3882|2508|1933|2210|1586|1644|1963|1391|3245|5551|2828|2023|1883|1374|1470|1567|1562|1664|1159|970|1237|1240|1118|1073|1013|898|1766|1102|941|1335|973|981|862|900|855|897|1163|782|976|898|1128|884|1585|1488
634,William Nylander,365,555|486|894|3357|793|1641|804|1741|819|2377|562|757|1143|1651|7969|1147|987|1066|13066|2026|8404|2976|4310|1789|3727|1257|1463|2808|1298|2358|2129|5468|2074|1898|2322|1287|1521|1148|679|575|508|555|624|517|475|424|386|418|624|335|479|320|360|452|281|280|358|256|325|361|337|549|376|358|302|292|296|288|242|227|285|380|265|438|595|443|329|324|274|263|267|193|195|170|207|174|171|247|132|197|195|150|179|163|160|164|156|139|156|150|160|195|163|203|136|128|114|357|459|350|220|233|220|176|165|198|147|175|141|184|275|165|160|146|171|169|208|205|176|175|185|190|170|211|192|150|146|166|204|146|182|403|154|174|148|176|142|168|197|258|200|177|219|311|327|251|262|192|208|259|298|398|657|586|480|509|482|365|401|648|968|755|970|1455|1073|772|1034|751|778|666|801|855|855|591|698|515|516|606|500|534|746|480|415|439|472|438|293|337|444|371|862|536|979|490|674|688|1091|585|643|498|577|428|619|458|409|1623|913|703|453|691|406|373|296|807|500|782|802|434|368|392|458|395|384|634|318|445|316|379|414|370|474|336|314|412|315|407|339|431|649|865|641|409|420|439|835|640|596|888|667|1037|955|882|645|649|634|529|531|590|1357|456|912|482|409|862|460|505|467|521|368|462|405|567|791|1560|1383|787|533|552|541|1148|786|2308|1332|601|616|635|873|914|929|3509|2044|2085|1828|1154|1185|2820|6472|1853|1131|938|1535|1125|1839|1842|1347|911|670|1225|660|934|603|953|606|467|514|452|427|813|550|540|571|659|510|457|436|348|378|562|497|349|336|739|740|300|426|395|312|739|324|371|448|382|394|298|267|278|332|340|238|615|354|454|340|921|913
635,Nicholas Robertson,365,220|142|467|495|276|988|331|264|167|277|101|202|192|150|522|680|467|276|371|221|834|349|605|469|350|171|791|2933|612|466|747|414|185|160|310|167|576|592|347|238|1382|260|2333|240|161|182|260|216|187|155|149|85|101|115|144|121|116|88|95|88|68|81|106|110|86|91|91|99|99|97|151|118|112|143|206|176|126|136|362|608|468|324|243|243|217|189|189|185|161|169|188|228|161|153|178|186|181|86|75|70|79|55|82|103|101|206|492|352|274|154|130|111|88|60|62|75|63|52|46|58|64|64|59|59|63|55|49|49|61|52|49|45|65|45|53|54|52|57|64|61|69|60|60|63|77|207|578|224|121|86|83|68|80|103|115|81|359|255|167|153|95|93|100|155|167|147|99|103|122|382|366|198|104|198|232|111|149|188|130|131|325|214|198|135|212|81|117|106|90|202|420|151|111|131|132|271|97|87|296|138|346|216|264|108|102|594|176|105|203|114|255|123|821|149|112|241|166|183|111|308|108|105|234|132|141|206|354|261|131|309|209|125|191|203|168|139|120|116|246|123|218|65|119|111|87|127|192|301|1331|235|263|110|84|140|323|590|239|854|276|670|586|1024|360|269|455|272|239|185|554|123|756|381|148|197|120|277|150|452|362|264|114|319|366|183|211|203|111|440|135|421|105|178|255|175|98|93|111|97|86|88|126|100|103|92|75|64|122|97|115|124|253|210|200|199|375|149|116|181|150|210|143|216|222|149|378|147|96|143|91|245|140|187|201|125|97|241|101|164|146|95|119|216|327|110|104|128|81|146|125|84|165|178|384|85|97|234|116|246|193|143|238|2169|214|183|91
636,John Tavares,365,666|487|1057|4416|1805|3793|1118|1452|1681|4207|1050|1473|1477|1069|2570|704|731|1321|4795|1463|2712|2346|4168|1310|1912|892|1143|2314|1299|3266|1664|11381|3176|1957|1323|1117|1135|1184|688|705|647|657|770|551|554|550|450|484|711|394|707|457|343|464|339|335|508|443|454|632|554|657|512|610|474|617|545|621|590|566|4501|2968|1182|1123|1099|739|546|422|369|359|355|368|373|307|282|245|220|248|235|207|237|256|229|245|224|208|162|198|240|209|247|166|160|211|218|230|222|198|208|172|296|267|269|264|205|205|193|188|173|189|175|159|195|260|294|258|261|210|256|236|209|263|223|222|217|217|179|215|223|218|442|463|251|234|210|189|214|204|230|229|225|204|264|260|287|394|389|278|316|305|253|254|281|472|238|277|265|292|281|269|276|427|406|515|680|427|445|507|579|412|747|424|480|356|1661|457|834|700|376|463|924|956|519|569|548|1287|467|441|505|451|587|369|3569|773|612|1332|882|452|624|412|1071|438|729|398|631|1010|494|951|522|755|349|327|390|442|383|478|564|308|386|528|377|408|314|731|332|639|300|327|432|314|487|393|321|530|344|411|427|739|565|530|337|369|469|491|740|691|508|903|794|894|1090|3246|1023|1048|906|678|891|641|1060|675|718|724|596|914|561|672|412|765|407|684|550|1149|663|543|450|595|391|551|537|683|431|722|1020|741|623|549|731|582|578|1418|1030|1109|918|986|716|649|958|674|846|791|2196|1343|1006|1056|1429|1146|709|962|698|859|475|850|995|618|600|431|437|511|464|591|600|824|441|446|564|290|353|602|650|370|341|674|667|360|371|377|244|907|403|350|686|410|926|417|340|380|532|605|333|453|590|623|457|622|563
637,Emil Andrae,365,19|16|13|10|7|12|5|10|9|17|20|6|13|20|15|6|6|12|17|15|11|14|16|28|6|10|18|10|5|5|14|6|7|11|17|8|6|21|11|22|12|15|18|11|12|7|11|9|6|14|14|7|18|5|15|9|9|9|10|8|8|12|15|11|8|10|24|14|12|9|18|19|13|11|23|14|20|16|8|19|17|25|23|9|6|6|5|8|8|11|8|12|9|16|16|16|4|6|3|8|9|10|9|12|11|8|6|6|5|9|10|3|3|7|6|10|6|10|9|5|9|10|10|2|14|7|5|8|6|8|16|13|14|17|11|7|7|10|9|9|6|11|6|13|8|11|3|11|7|11|15|12|11|12|18|6|8|21|20|10|14|9|10|16|20|24|25|24|9|26|24|18|22|21|18|16|20|31|42|67|44|46|33|42|31|13|14|12|12|14|12|11|19|11|26|42|37|19|13|12|21|19|23|39|37|18|12|19|12|25|13|59|44|18|16|19|31|86|55|79|25|14|19|469|74|49|40|27|51|34|57|18|23|86|31|25|68|36|44|27|63|14|22|49|31|34|30|22|25|59|47|21|29|16|32|29|28|38|35|19|34|20|34|51|44|25|40|29|33|19|31|23|26|36|47|18|18|23|22|23|13|25|11|14|78|58|48|41|44|28|38|18|35|20|22|12|23|20|24|21|22|12|9|22|8|16|18|19|21|18|21|31|26|22|33|40|31|21|22|26|12|28|30|35|29|19|17|16|24|162|14|27|14|39|32|23|26|27|18|12|17|15|29|23|10|48|31|21|23|33|36|18|38|33|36|53|24|22|16|35|19|95|70|23|30
638,Simon Benoit,365,116|78|245|475|186|1191|339|14216|3117|2734|367|365|393|241|798|200|229|200|708|371|758|592|955|355|927|167|860|403|148|1640|524|891|208|124|92|96|119|100|75|49|71|66|60|59|49|64|69|40|51|41|61|40|47|43|34|45|76|28|33|46|42|36|44|40|22|30|28|34|31|22|33|43|35|67|74|57|51|31|33|38|29|28|26|36|83|44|38|24|36|34|41|65|25|22|24|24|21|25|23|24|19|27|26|40|24|33|23|18|31|23|15|18|45|26|32|24|16|19|23|27|16|11|21|18|24|30|31|15|18|25|36|33|32|22|34|29|32|27|29|21|27|28|30|31|30|23|45|25|24|37|29|60|31|30|57|32|54|82|44|50|34|47|38|50|33|39|33|52|44|36|73|42|49|107|180|50|75|78|99|54|116|52|86|134|124|48|46|166|55|49|71|52|50|34|50|63|34|44|68|46|69|28|126|36|36|107|51|42|98|38|60|46|114|40|26|62|37|56|39|180|35|48|35|47|54|57|176|45|43|93|38|50|46|112|28|130|92|67|89|57|104|32|49|62|40|49|36|50|55|37|39|45|40|50|59|68|70|150|311|350|259|162|77|39|90|48|84|42|69|43|89|84|50|53|35|61|55|114|49|203|65|75|84|55|59|80|37|73|50|69|44|57|188|66|96|91|86|52|42|41|51|70|70|56|47|64|52|57|67|66|104|75|52|53|107|76|51|98|70|102|50|90|63|33|76|33|55|77|50|71|32|47|114|38|41|30|47|35|48|20|38|59|45|18|48|29|39|109|31|26|97|58|70|62|43|37|35|39|30|44|840|414|124|133|65
639,Brandon Carlo,365,213|172|339|756|252|805|303|518|374|443|172|233|339|289|957|198|180|210|744|367|890|640|979|269|572|194|254|385|181|804|256|1567|314|168|137|103|134|130|115|118|92|98|167|96|82|102|116|91|119|98|121|87|76|96|70|74|89|69|72|48|50|91|70|68|65|64|81|76|128|119|137|167|113|124|174|133|129|129|211|218|194|196|201|187|172|151|157|163|159|170|299|425|227|273|363|220|219|82|76|62|56|67|47|49|66|69|57|39|46|42|56|70|48|44|49|50|69|41|44|46|44|48|51|61|67|42|57|59|49|41|53|49|44|51|54|50|55|57|59|62|64|66|55|52|46|52|73|87|67|64|72|53|72|70|88|58|70|47|80|117|85|84|116|135|72|80|79|69|84|76|69|96|99|247|325|584|184|160|129|129|280|96|139|62|372|207|155|202|102|82|141|95|82|88|122|91|71|81|81|64|108|107|232|94|103|746|304|238|1442|260|203|125|206|136|149|151|136|122|96|163|166|277|229|150|180|85|110|92|167|127|69|82|66|107|73|84|105|81|76|97|76|77|77|91|64|73|89|112|108|94|97|64|56|80|88|80|97|116|88|134|91|450|142|147|266|110|163|175|347|108|319|195|113|190|127|159|113|90|90|313|111|141|267|144|107|255|243|713|481|476|370|279|1051|309|145|133|121|76|88|101|107|90|81|174|140|120|110|107|124|97|222|183|123|118|171|185|140|202|187|281|249|320|293|290|221|110|125|175|122|253|263|200|218|156|123|99|102|165|191|125|379|319|220|76|70|125|109|289|126|89|119|80|144|93|102|58|101|87|103|123|101|161|125|159|110
640,Oliver Ekman-Larsson,365,200|175|2814|2308|411|868|321|552|427|2437|364|312|480|317|687|257|294|453|1063|333|874|442|1153|423|2544|241|312|634|201|990|388|1128|311|227|203|207|223|223|158|171|221|213|231|184|129|123|147|153|249|89|268|111|123|216|102|108|145|108|164|98|88|482|377|194|123|113|106|93|122|160|118|129|102|137|199|246|131|158|119|101|97|139|106|83|87|88|84|84|75|87|147|100|95|110|77|95|69|67|66|50|62|69|73|91|84|68|88|81|110|97|90|96|61|126|76|59|75|86|65|50|195|92|100|67|86|94|102|62|98|86|84|86|91|74|110|72|64|63|84|66|52|76|65|55|73|73|51|54|71|70|50|64|70|90|139|86|83|104|129|132|82|79|125|209|80|88|81|86|136|137|110|86|194|203|284|182|157|318|192|339|472|207|200|216|199|95|152|187|91|140|277|111|87|121|118|102|76|73|91|88|132|175|221|143|122|266|214|105|541|135|202|110|229|107|91|199|96|124|131|570|111|110|116|199|145|142|510|179|170|286|119|169|137|250|143|266|119|139|349|285|631|174|161|353|145|177|331|219|219|171|111|106|337|295|229|230|133|161|107|557|301|340|306|191|450|159|190|145|257|153|411|269|136|157|116|580|536|337|181|344|221|280|210|237|163|231|122|257|149|312|156|218|434|175|189|199|205|188|201|528|877|753|466|283|314|631|1379|400|253|208|353|269|184|150|569|508|500|531|407|368|527|946|956|433|502|232|150|171|119|129|159|351|403|248|231|167|181|162|193|87|98|137|161|87|79|100|132|119|68|82|98|85|94|113|113|124|122|121|88|114|95|100|101|117|99
641,Jake McCabe,365,152|173|951|1165|322|902|371|633|564|1101|105|327|682|248|671|138|100|168|2113|422|1545|461|2170|271|924|158|259|358|113|618|550|1269|186|120|222|96|107|86|79|91|62|59|87|92|61|58|52|56|76|49|55|42|49|68|60|49|50|67|50|46|36|101|211|113|59|47|85|63|53|54|99|147|59|68|73|94|58|32|52|57|58|47|31|37|33|31|30|39|30|34|20|48|26|36|40|28|34|28|34|24|36|28|26|34|23|44|34|27|31|26|20|36|30|29|36|26|27|26|21|26|43|23|37|30|43|23|24|18|17|17|22|34|31|19|26|26|30|31|35|34|25|36|31|31|42|32|43|31|36|39|48|37|30|31|49|27|37|40|38|50|38|44|42|59|47|33|35|64|49|53|54|48|58|134|135|76|57|120|96|181|189|88|81|66|118|57|56|78|56|99|463|665|171|108|104|75|53|57|144|73|117|82|133|61|74|178|148|68|133|63|65|51|306|58|66|273|57|133|43|190|68|68|73|86|77|49|107|43|53|75|69|59|53|140|54|230|60|74|112|70|92|53|52|121|51|61|54|104|85|90|78|58|42|52|141|155|71|215|81|154|82|191|102|82|84|52|74|68|145|59|109|92|71|193|72|133|52|134|59|271|79|111|110|81|56|220|71|100|74|187|297|139|213|74|61|52|58|51|37|55|48|38|36|46|58|38|60|40|62|184|279|103|79|55|90|106|78|108|66|115|60|131|522|332|177|132|160|192|87|95|160|305|213|75|84|73|63|101|82|47|57|138|251|88|67|203|94|180|47|90|83|65|77|59|75|55|102|88|67|68|51|79|63|79|44
642,Philippe Myers,365,1542|207|142|169|89|168|81|146|94|148|44|55|65|56|120|55|73|114|212|81|153|121|176|70|99|78|90|79|88|136|109|169|86|48|70|66|54|53|38|43|55|33|35|47|38|44|40|32|43|47|49|31|34|25|19|32|43|24|22|27|22|31|34|26|23|19|31|35|36|26|37|65|34|42|80|50|55|41|41|30|53|31|25|30|35|26|32|20|24|23|45|39|35|16|18|16|17|28|24|23|20|18|13|14|19|22|13|23|25|23|31|25|16|22|38|25|21|33|20|30|15|25|18|21|13|21|27|24|28|19|45|26|32|32|17|15|29|32|28|18|14|25|29|15|18|19|23|23|25|31|36|32|36|27|57|38|122|85|35|39|42|91|38|42|35|25|26|50|40|39|132|122|76|88|52|41|40|71|37|45|42|35|42|40|51|30|41|40|41|72|107|69|37|64|59|77|37|32|45|28|179|106|223|75|36|182|101|64|290|74|53|49|345|101|109|75|43|66|29|48|33|40|40|33|41|46|85|32|26|68|73|93|31|146|33|149|136|64|67|42|54|47|41|36|35|31|44|82|90|213|73|36|42|29|167|121|71|153|43|112|57|70|42|53|137|74|286|46|65|44|58|33|35|107|136|268|39|45|31|41|28|31|61|59|53|53|28|45|36|74|44|131|101|33|39|48|34|37|44|37|44|35|26|22|29|21|56|35|35|30|48|35|35|27|57|40|46|34|38|164|70|131|80|78|69|63|49|43|50|60|84|86|89|56|46|31|35|39|90|42|28|30|28|26|25|34|45|31|17|36|38|52|88|42|47|43|56|48|21|32|31|60|45|46|24
643,Morgan Rielly,365,599|384|607|1930|956|2627|564|784|602|1463|406|625|677|588|1308|401|420|612|3999|817|1186|918|3061|853|1278|550|878|872|638|1184|2022|5790|1288|635|636|579|438|344|498|1755|402|387|388|400|402|345|361|317|342|233|304|244|230|268|211|192|192|176|180|384|185|238|185|202|169|163|171|186|190|262|232|204|188|260|382|322|216|190|202|252|369|252|200|239|178|276|298|231|217|184|168|193|152|182|173|134|143|169|170|170|107|142|146|154|151|109|145|139|216|157|203|181|190|181|189|126|175|138|233|146|168|211|209|216|141|185|166|188|155|162|196|182|168|333|366|187|229|177|193|219|179|144|277|312|212|144|141|159|155|151|173|184|210|265|238|177|162|169|173|204|176|240|206|265|175|172|143|172|193|153|197|205|183|285|889|209|243|338|245|197|244|164|196|380|527|182|206|204|154|178|204|185|133|142|175|169|143|171|204|164|292|201|376|141|178|297|263|185|284|173|279|324|553|208|228|392|199|268|222|385|249|194|194|211|187|233|256|191|366|253|194|247|354|894|1710|1019|238|204|255|181|331|193|203|234|209|222|194|307|300|347|188|197|245|335|379|588|552|478|340|375|332|1015|413|435|614|417|587|397|615|346|343|385|486|573|487|569|393|440|410|675|595|577|524|658|617|769|636|1160|927|1086|735|696|767|894|1518|2525|3471|2625|3313|3159|4563|2819|1758|1903|2650|2716|1870|1351|1405|1401|1767|1060|703|757|860|1185|763|931|850|629|570|806|607|438|405|546|321|496|350|448|408|358|414|325|332|378|270|311|242|183|264|315|280|328|331|251|148|309|196|187|325|266|235|172|159|152|217|220|187|209|376|488|281|482|379
644,Troy Stecher,365,60|51|56|52|102|51|58|44|76|74|90|37|67|49|99|59|50|28|30|92|29|103|44|83|74|1969|200|1228|150|91|79|96|89|82|510|93|2245|1051|536|578|657|267|474|195|174|155|148|179|321|148|250|71|63|162|190|541|1056|322|695|75|87|177|67|66|71|42|37|60|58|52|42|54|46|62|50|95|153|55|47|41|56|40|31|38|29|33|25|40|32|29|33|26|23|25|18|40|35|29|66|102|89|78|60|38|38|41|29|25|35|65|151|156|78|67|57|35|25|47|46|33|32|22|26|31|26|25|22|18|24|21|45|29|21|34|35|21|29|42|34|35|23|41|35|27|21|21|26|31|39|33|22|19|33|24|42|31|37|28|22|36|30|32|54|24|53|31|34|41|38|128|38|37|34|48|96|53|39|104|22|57|85|35|72|76|65|32|42|37|38|39|42|45|67|32|42|37|63|23|61|74|81|57|47|38|35|49|75|137|132|153|545|3435|2471|1071|1166|1092|487|455|215|607|188|120|108|232|326|206|419|204|252|4541|791|599|1266|1685|177|867|309|180|470|272|2165|298|497|404|215|152|108|502|206|163|124|65|97|101|2021|1051|252|276|233|3678|406|954|186|171|677|183|359|190|855|175|388|234|129|228|82|253|178|374|146|388|107|225|193|108|114|212|77|160|81|409|103|864|571|265|181|308|169|133|117|68|99|61|72|75|53|76|53|74|53|54|82|97|83|79|185|71|77|107|72|86|97|108|151|95|118|80|76|105|55|56|55|65|168|69|79|60|84|90|65|43|56|75|66|48|59|54|54|68|33|44|38|60|78|42|69|69|71|60|53|72|47|103|60|269|55
645,Chris Tanev,365,1651|658|1972|1662|1241|2695|572|1307|550|2836|248|408|1975|935|1209|1084|672|6669|7748|1721|4955|1399|4971|2575|2263|1388|3313|1719|1474|2830|3595|4221|971|696|393|246|304|288|199|192|191|208|193|229|208|151|150|203|157|135|158|93|163|156|142|121|108|78|109|119|87|111|160|92|78|75|81|94|91|95|92|112|106|232|581|422|233|162|93|90|103|139|101|96|81|73|67|69|82|56|68|83|72|50|58|64|69|75|58|77|63|59|67|57|78|50|61|59|62|56|83|89|69|59|69|79|69|34|76|55|55|59|69|44|68|132|73|91|107|64|93|107|157|143|267|290|143|83|89|52|81|148|102|89|91|55|64|71|67|73|81|57|58|154|465|213|161|140|138|94|88|79|87|137|89|110|84|110|111|102|151|117|120|183|221|117|198|234|170|175|177|140|121|217|314|151|137|221|150|193|99|115|139|127|112|81|129|122|3444|962|442|212|477|118|126|189|164|100|103|88|108|106|161|96|131|143|81|112|92|129|88|100|92|109|102|117|111|117|96|106|81|83|93|126|90|172|119|127|98|120|134|85|116|120|76|110|107|115|111|293|190|97|93|101|303|292|202|223|139|130|123|192|191|205|137|127|105|139|138|95|139|192|111|116|92|92|101|96|87|151|78|124|185|281|124|132|153|127|106|148|87|122|111|131|72|79|110|57|73|70|73|61|59|61|52|52|110|65|72|94|134|104|71|88|134|72|78|118|89|78|236|247|149|104|92|95|68|78|85|87|83|103|108|155|80|65|76|92|83|64|74|86|67|259|116|95|68|134|84|82|94|66|128|68|77|147|72|84|89|76|86|65|66|144|245
646,Andrew Agozzino,365,15|17|29|18|10|14|24|9|15|21|15|32|16|14|18|14|22|19|9|25|16|11|17|9|20|15|17|10|6|10|14|14|7|15|16|12|12|19|9|13|16|15|7|16|12|10|19|14|13|12|19|18|6|14|20|11|16|10|10|15|4|14|18|15|16|11|10|10|11|13|9|10|21|18|11|12|18|11|12|10|9|9|5|13|11|12|9|5|14|15|11|12|12|13|6|9|12|20|5|7|9|5|8|8|9|10|14|6|10|17|15|21|8|10|9|9|7|9|12|8|11|8|11|13|9|8|8|11|6|5|7|18|8|18|13|10|13|4|10|12|13|9|11|5|17|9|7|5|12|17|18|14|15|13|11|15|12|23|46|15|9|18|16|12|15|10|16|18|28|17|170|81|65|70|40|74|36|29|14|15|23|22|13|27|24|23|14|49|49|46|10|20|5|21|20|9|14|15|9|21|11|13|20|20|20|23|19|7|23|14|13|29|16|15|18|20|14|14|13|14|17|10|8|11|11|34|33|23|10|16|27|13|26|20|15|14|4|7|17|15|10|16|19|15|17|13|17|12|22|14|11|17|26|20|24|22|11|14|25|13|22|14|13|18|18|19|14|16|21|16|23|19|23|17|20|20|18|17|19|20|32|20|20|24|12|20|17|9|12|19|15|17|9|18|7|18|16|8|11|9|16|24|16|14|21|9|13|13|11|17|30|15|25|16|9|19|20|15|31|18|11|22|9|11|16|21|11|18|19|18|8|30|29|34|8|12|12|23|16|9|21|19|9|11|9|8|11|12|21|17|14|13|12|15|12|24|13|10|8|11|12|8|17|8|14
647,Daniil But,365,24|25|17|28|26|34|32|14|24|22|19|16|25|21|11|22|13|33|48|35|39|18|18|23|18|28|26|13|15|18|24|19|22|54|86|64|32|46|28|53|281|154|43|19|14|32|25|24|21|20|15|15|23|19|21|20|24|13|16|25|16|19|12|19|18|21|18|26|28|62|53|79|30|45|44|35|37|17|13|22|19|20|16|24|17|9|10|10|27|24|10|9|13|16|13|13|12|12|17|13|14|19|24|9|13|16|22|13|16|18|15|12|17|10|19|15|10|10|12|14|7|7|29|12|8|7|9|9|7|9|10|11|16|8|14|16|4|14|9|8|16|10|15|16|19|10|20|12|22|18|17|10|15|21|16|20|24|141|41|23|16|44|17|13|12|28|67|35|56|18|36|29|22|27|24|28|22|30|18|31|40|41|29|27|41|24|36|43|28|29|39|48|40|37|35|36|21|24|31|25|17|32|39|26|32|109|70|43|46|37|28|21|33|26|26|32|39|25|23|34|29|14|39|25|14|31|34|21|93|169|306|112|209|82|56|136|48|103|38|95|83|44|50|113|150|40|531|56|52|34|85|31|27|31|33|15|58|33|55|74|107|39|45|185|41|187|60|106|53|73|30|245|70|121|86|84|61|42|54|120|53|78|37|52|91|78|52|90|42|71|42|48|62|70|47|37|34|36|34|77|58|55|41|26|26|35|60|31|45|39|63|41|43|49|56|26|43|54|50|44|57|42|34|36|26|34|37|27|28|36|27|48|18|33|17|25|22|43|32|32|22|31|56|72|15|27|23|23|24|33|20|20|36|18|23|38|30|34|29|38|28|40|24|31|35
648,Michael Carcone,365,59|32|29|34|36|38|27|29|38|44|18|18|17|26|23|32|25|33|34|80|65|68|51|40|38|41|51|37|26|29|42|94|33|27|36|21|22|34|33|36|29|28|30|20|38|41|24|33|19|18|37|31|30|19|17|17|37|15|25|25|25|33|33|41|28|17|24|16|26|69|86|46|31|54|42|57|60|52|31|43|54|52|46|26|20|20|39|37|170|93|54|47|26|30|35|14|13|22|19|21|32|21|23|16|13|20|22|12|18|13|17|16|15|23|19|22|26|22|26|18|20|13|24|33|23|27|21|22|14|21|19|13|25|28|19|15|15|11|13|25|13|34|18|18|28|16|13|20|18|20|18|14|22|18|30|15|42|38|36|23|29|23|20|23|13|16|23|26|27|73|29|23|22|37|24|37|33|27|29|31|48|72|40|75|46|38|31|54|17|47|29|54|70|50|72|19|26|34|42|35|48|64|636|48|50|84|53|15|22|51|25|25|21|30|26|37|12|24|24|30|25|35|28|98|21|35|35|24|49|29|56|24|58|33|18|28|24|30|27|32|95|72|41|54|52|27|51|16|26|28|17|35|24|30|34|28|40|29|41|38|37|37|30|171|40|45|30|48|28|33|39|578|59|44|76|203|64|28|38|52|31|66|45|41|55|44|27|54|29|33|22|56|32|41|36|30|37|16|43|35|29|27|18|20|23|30|18|24|22|33|32|36|37|27|35|26|66|30|12|25|24|33|51|36|78|39|31|39|18|38|40|43|14|44|18|23|112|152|45|50|48|46|36|42|26|35|25|24|18|29|35|27|48|27|32|84|22|64|46|34|45|26|39|37|119
649,Logan Cooley,365,183|126|136|193|207|125|185|134|217|205|191|115|132|153|125|137|184|257|479|438|352|459|304|295|299|204|186|146|129|313|191|186|466|192|290|290|1180|1212|969|364|203|202|164|156|113|109|105|128|137|82|118|103|127|135|116|100|118|81|88|98|110|168|117|110|94|98|132|144|163|366|322|538|292|234|225|224|191|178|126|119|150|151|226|159|123|84|90|90|110|97|87|136|115|155|136|94|171|221|99|74|124|96|113|176|66|58|71|58|67|78|77|77|76|66|60|63|66|79|59|66|87|58|190|157|139|132|132|78|75|74|69|81|88|76|69|54|51|60|57|75|94|73|58|80|70|69|62|47|72|73|83|76|72|82|84|79|79|121|89|80|105|106|112|72|80|103|106|148|201|190|175|951|640|414|362|373|285|313|216|261|290|1597|306|382|380|353|283|471|206|2321|1316|1395|801|508|3831|2064|782|1714|506|460|630|518|579|252|306|409|292|176|188|407|211|310|174|151|349|433|273|269|168|459|224|3160|783|653|293|444|754|493|526|258|299|232|383|287|452|651|246|304|303|264|469|267|180|256|260|189|159|188|207|183|198|148|167|168|189|260|285|264|243|339|360|225|276|288|262|445|220|329|186|191|294|329|222|183|177|261|183|172|138|261|225|235|156|147|182|166|133|270|183|189|146|150|140|250|106|93|98|92|135|291|243|161|265|243|259|213|237|183|371|319|570|655|378|304|599|345|1239|372|238|212|302|262|321|227|653|261|371|567|245|288|223|1149|214|218|134|193|192|159|186|237|192|271|135|201|142|362|149|148|162|138|420|190|212|155|136|646|166|349|202|178|274|185|287|254|322
650,Lawson Crouse,365,68|71|85|64|83|79|77|67|64|59|58|38|57|47|69|73|78|84|121|191|158|144|97|90|69|73|74|108|68|92|69|245|137|113|105|62|77|90|75|91|74|93|90|131|68|56|64|66|150|104|116|100|146|89|55|49|55|49|70|58|65|138|85|66|69|43|96|105|92|128|87|163|87|95|142|120|134|96|83|51|66|51|49|43|44|47|28|25|29|25|29|41|25|24|40|26|27|30|30|23|49|26|27|20|23|27|35|40|36|31|34|49|47|36|34|25|22|24|26|30|25|35|40|32|32|40|39|52|41|33|24|24|41|25|26|25|19|20|19|27|36|27|25|28|24|14|28|26|31|32|14|23|36|58|38|47|30|82|50|35|35|44|21|30|25|37|43|50|72|82|33|45|45|63|102|103|66|65|39|67|70|106|65|68|107|76|53|137|62|99|59|57|82|49|102|53|55|58|124|104|58|71|291|51|39|179|73|50|35|116|46|90|42|53|62|59|58|44|29|56|43|71|38|69|37|85|47|41|107|45|104|55|88|65|48|50|52|52|40|70|63|41|61|60|58|45|49|42|102|46|52|42|61|58|51|44|75|66|86|81|77|62|69|108|64|146|108|169|71|72|55|141|70|109|61|95|71|57|65|123|63|73|35|58|74|119|62|111|38|62|54|90|69|102|59|57|34|41|54|44|56|47|42|34|39|43|82|51|66|48|92|67|59|58|76|57|193|83|50|59|62|75|89|65|82|62|86|66|42|61|44|83|34|77|44|47|63|93|120|210|95|163|74|186|116|86|64|52|39|58|63|54|115|68|63|128|43|105|54|63|104|47|83|71|148
651,Dylan Guenther,365,89|76|107|117|89|75|91|75|66|82|65|85|94|74|93|81|106|82|120|336|250|192|154|130|111|85|97|125|90|112|86|111|124|103|71|72|76|105|99|86|67|85|71|81|72|69|50|52|93|45|64|73|62|64|47|53|70|62|66|50|51|94|50|58|57|54|68|79|74|190|146|188|117|104|116|103|96|95|62|61|139|73|77|71|45|48|79|86|91|66|53|82|64|111|58|39|73|51|45|53|54|58|77|67|55|39|42|42|47|58|44|52|59|39|34|49|47|52|41|46|46|38|41|37|49|55|64|43|39|57|43|50|51|53|44|37|45|59|43|47|66|36|42|52|53|48|35|58|52|50|68|68|73|64|64|62|62|91|145|73|92|211|104|79|79|85|89|96|141|143|181|136|144|134|124|305|216|305|150|203|201|290|129|177|140|387|143|508|190|257|141|211|573|235|536|181|897|1293|263|182|165|224|493|133|139|181|155|96|96|160|129|230|97|103|230|162|107|121|71|144|114|285|116|149|84|120|94|90|90|118|248|124|173|144|107|187|130|339|103|240|220|226|159|167|257|119|171|80|154|121|110|191|134|215|151|94|269|111|605|589|317|142|207|507|151|175|121|178|125|91|130|1173|210|168|165|186|147|116|131|272|95|178|119|113|179|133|92|116|76|115|112|174|113|167|95|93|84|81|89|93|85|83|89|85|91|67|101|81|101|89|253|239|214|150|458|191|264|154|127|131|218|161|487|173|288|226|225|165|108|281|105|452|211|134|105|134|137|262|118|151|127|455|119|340|130|188|74|92|64|98|179|125|298|103|130|567|112|280|295|274|249|237|202|157|237
652,Barrett Hayton,365,44|34|55|78|87|56|54|49|40|58|64|33|59|59|111|98|95|177|157|196|172|158|155|238|138|166|111|119|99|120|66|175|107|76|106|98|53|96|56|118|80|78|58|50|46|34|41|42|62|62|90|41|61|52|34|38|51|29|30|41|49|58|40|44|58|72|86|54|69|117|117|123|90|106|91|74|66|62|42|36|71|50|50|61|38|33|42|38|40|31|37|43|45|33|30|34|42|43|32|25|29|29|44|25|29|39|31|32|27|33|42|45|43|27|25|29|25|23|32|28|37|26|33|29|24|28|30|32|21|31|29|27|33|25|26|20|22|21|27|18|23|20|19|23|25|44|38|34|39|39|34|32|26|38|39|24|23|38|49|32|37|40|32|32|47|35|45|48|48|94|50|55|46|56|56|64|70|54|69|81|84|165|73|61|74|67|54|76|44|69|49|53|78|69|129|58|57|66|56|44|73|73|128|56|51|82|88|51|63|50|51|62|38|43|62|39|37|58|32|67|68|52|56|114|37|37|51|49|64|64|59|76|48|65|63|68|46|73|70|220|141|159|122|124|115|64|77|60|56|68|61|73|81|92|70|57|93|70|103|107|110|82|109|83|66|62|65|77|67|50|73|177|76|56|61|53|67|52|53|77|44|100|69|49|71|65|53|70|43|61|66|70|89|90|47|32|43|38|41|50|70|52|35|53|41|43|76|100|99|62|142|140|96|60|89|70|93|84|327|66|74|68|67|53|59|43|89|70|44|51|33|60|39|34|42|41|54|44|36|44|34|51|38|44|28|50|31|39|48|32|54|32|47|34|52|61|46|51|29|45|33|42|56|48|60
653,Clayton Keller,365,239|213|273|202|245|188|204|204|158|180|178|176|229|223|262|203|240|339|337|1463|1102|713|555|483|471|427|402|371|336|392|333|395|426|307|463|314|631|1342|1167|470|309|304|290|211|216|181|251|219|289|198|286|211|191|230|151|191|218|146|167|211|173|383|241|215|174|156|190|171|230|434|355|475|302|222|253|237|184|209|319|276|303|309|293|259|243|253|286|226|249|264|240|246|225|238|239|251|246|140|115|119|133|137|216|140|104|106|202|225|165|165|143|141|174|146|126|114|106|113|111|97|107|111|111|142|137|113|107|101|92|112|160|116|117|127|108|108|103|108|112|107|105|122|113|126|169|122|128|127|124|143|150|134|144|154|174|200|181|228|285|176|164|228|170|130|161|184|204|233|367|298|292|287|364|291|301|409|268|336|279|397|350|735|296|524|387|704|331|728|417|1361|360|507|508|344|603|291|262|280|374|271|295|606|629|231|251|375|273|163|188|299|244|313|179|204|304|296|237|206|166|407|213|327|330|247|2167|3495|4371|1067|568|335|464|257|335|259|218|334|285|322|226|338|368|262|255|421|622|192|248|193|388|262|241|190|190|249|194|193|293|446|521|1161|857|508|345|486|306|487|436|873|263|300|302|566|252|294|298|373|278|263|234|918|357|385|281|245|342|294|252|397|246|358|322|418|325|670|592|1553|826|703|789|683|1251|1173|1236|1926|1072|563|1315|5016|4161|1572|17517|8990|3738|3264|2195|1194|1488|846|619|528|608|489|612|390|515|340|417|473|261|354|268|498|289|451|219|190|427|299|203|364|243|356|201|303|180|241|192|282|277|230|335|226|478|292|264|1072|293|597|387|313|295|284|340|409|1006
654,Alexander Kerfoot,365,49|52|61|80|57|65|66|91|49|68|69|54|62|54|79|69|59|81|93|182|138|124|110|98|118|93|79|184|145|176|89|190|150|92|89|108|60|64|81|66|60|67|58|43|36|51|40|47|52|45|52|31|45|49|49|50|54|28|38|36|48|108|55|53|50|49|47|32|45|71|65|74|49|57|40|58|43|68|117|71|53|71|125|150|65|53|32|62|70|51|40|34|70|30|26|24|20|40|35|38|48|33|68|58|53|36|28|21|41|40|44|52|40|49|55|35|26|35|55|99|51|39|40|68|38|28|32|29|32|90|53|33|29|26|27|64|43|43|56|39|58|34|26|25|28|28|20|24|41|34|41|33|48|44|58|47|39|50|44|31|24|56|40|48|41|42|35|51|36|75|49|61|63|49|57|87|52|82|44|71|87|101|64|83|85|64|52|110|55|78|106|85|90|68|100|51|44|54|75|40|66|89|232|72|80|74|93|43|69|78|66|65|64|60|44|79|40|65|40|78|55|73|55|73|58|69|107|53|62|63|60|90|177|112|61|73|41|74|85|42|63|33|62|49|68|54|233|74|147|49|139|89|42|47|58|58|59|45|102|88|74|55|52|118|62|77|48|68|58|65|54|79|87|59|41|55|53|49|49|70|35|62|46|63|77|52|34|60|54|49|61|94|112|70|83|58|53|49|56|56|49|33|33|53|41|41|42|47|50|42|72|64|43|44|116|53|82|77|73|86|83|75|145|93|182|93|59|78|65|67|53|90|53|84|45|37|54|53|84|90|58|172|33|61|125|159|38|55|31|51|58|50|94|55|55|351|61|100|96|74|75|56|101|71|215
655,Jack McBain,365,63|45|57|66|46|36|41|42|51|29|30|53|52|33|32|35|42|47|38|145|148|99|63|49|50|41|42|39|44|29|35|61|49|40|33|48|41|50|64|73|72|60|46|36|31|23|36|36|29|53|49|29|33|64|83|74|51|36|46|59|41|51|36|35|35|28|30|33|37|60|153|75|62|117|123|91|46|75|152|190|238|897|241|174|169|198|132|146|151|162|133|115|128|124|143|137|118|39|25|22|23|28|35|25|33|30|42|30|50|32|25|31|48|26|20|34|21|20|33|22|15|23|21|26|31|27|23|22|21|14|22|10|21|29|29|21|22|16|17|23|26|15|17|15|29|26|17|26|25|21|16|25|24|30|36|23|28|38|33|31|26|28|21|16|23|28|26|37|27|77|41|63|35|38|61|90|61|78|42|45|32|247|66|70|58|54|42|90|40|56|65|118|114|57|90|45|37|41|52|31|36|63|266|39|52|106|74|25|23|65|39|45|33|30|46|42|33|60|31|46|44|45|39|70|21|41|43|29|50|41|69|38|60|47|27|34|39|110|41|75|57|46|48|80|205|39|42|35|75|33|34|37|22|33|36|36|48|43|67|65|67|53|51|136|73|68|45|271|104|147|40|301|64|74|43|70|53|40|38|131|62|65|62|48|69|71|41|127|48|65|50|54|61|77|53|47|54|40|76|59|77|58|69|61|65|36|61|50|70|73|136|58|56|56|61|49|131|63|41|28|50|34|57|37|70|35|51|71|46|78|22|68|35|186|33|43|68|93|41|85|44|73|38|255|151|119|44|63|56|52|65|47|96|46|61|86|46|55|51|46|41|42|50|39|48
656,Ben McCartney,363,8|13|7|23|13|8|14|10|14|5|23|5|11|9|12|3|4|3|7|22|7|7|8|7|4|8|4|4|8|21|5|3|9|3|7|7|6|11|7|12|9|4|13|11|6|8|12|10|8|9|10|16|9|12|36|34|10|8|13|8|4|6|10|5|5|7|8|5|6|4|4|7|7|10|4|11|6|5|3|3|2|11|3|6|4|9|10|6|3|10|2|11|8|3|2|8|6|4|8|5|5|4|4|4|7|4|9|2|4|6|3|7|3|7|3|1|2|2|6|7|4|3|4|8|6|7|12|1|2|4|3|12|2|7|3|2|2|7|4|4|2|3|5|9|1|4|7|3|6|6|6|7|11|9|10|4|7|18|4|9|11|8|5|2|10|15|11|10|6|2|5|7|4|6|5|8|9|3|7|3|4|3|7|13|13|3|7|5|4|5|11|7|12|10|12|11|8|5|7|8|4|9|11|6|7|5|4|4|9|11|11|3|8|6|8|9|7|10|9|7|4|5|12|3|6|8|7|9|13|8|6|6|11|10|6|8|2|23|5|8|10|8|9|9|6|8|4|7|6|3|6|9|9|12|4|8|3|10|10|9|7|12|5|4|9|3|8|2|4|5|8|6|7|19|9|7|8|10|4|10|7|7|8|6|6|4|9|3|8|9|9|3|10|3|6|19|9|9|7|7|5|8|5|12|17|10|6|10|8|28|15|11|6|4|5|7|8|7|7|6|4|5|5|6|5|2|6|5|1|1|4|15|2|1|6|3|8|8|5|9|4|11|1|8|3|4|6|7|11|6|5|5|4|5|2|1|3|12|15|5|7|8|5
657,Liam O'Brien,365,50|56|58|62|54|48|63|61|43|31|37|35|53|31|33|38|38|55|40|107|64|62|88|65|46|30|27|32|45|37|37|56|27|32|38|30|32|31|51|28|42|52|53|28|24|32|24|35|30|46|32|29|34|29|25|19|45|28|25|32|24|37|27|17|32|29|36|26|29|45|41|53|36|29|31|34|30|32|22|25|29|35|46|40|31|25|29|24|24|32|28|25|19|37|31|21|16|35|18|19|15|44|97|36|37|21|26|22|27|17|22|28|26|21|18|28|21|23|33|22|19|26|23|26|21|40|32|27|28|14|15|14|21|21|21|49|27|21|27|22|18|32|23|19|28|22|13|14|28|36|20|38|27|23|39|26|29|52|48|31|24|38|35|9|28|30|44|40|186|74|64|52|70|59|59|136|58|74|53|85|54|215|55|525|135|338|79|283|69|149|75|74|83|54|192|67|53|59|60|58|50|44|86|33|51|84|54|28|32|71|33|76|45|52|258|80|53|64|30|68|23|55|53|81|48|54|49|24|41|34|197|35|90|192|36|85|26|71|22|108|134|45|36|283|207|63|67|40|105|41|101|51|44|32|38|45|73|30|80|52|64|57|35|61|45|60|62|58|46|48|54|217|58|92|36|51|39|40|34|155|45|45|30|39|53|59|39|49|37|59|30|181|90|83|42|43|26|34|40|33|39|24|37|42|45|43|44|32|51|51|62|51|36|47|54|33|46|51|29|41|52|33|33|34|53|30|43|28|25|55|29|64|24|40|31|29|55|51|31|58|31|75|27|39|24|44|26|22|34|34|30|45|137|25|43|70|39|72|60|37|93|33|66|53|180
658,JJ Peterka,365,180|117|105|99|84|65|61|62|84|94|64|67|52|65|89|64|86|88|96|93|105|114|109|138|170|197|133|123|82|94|80|117|108|108|107|71|97|93|89|345|483|455|336|348|203|250|185|193|191|177|102|101|119|120|140|274|389|267|689|688|532|489|495|750|477|383|570|806|644|9128|2119|796|426|429|341|256|201|154|175|253|260|163|157|104|108|126|101|100|119|125|93|85|85|87|77|77|54|43|70|58|56|110|71|68|65|66|82|54|58|69|78|75|54|114|54|62|90|89|69|50|62|53|65|65|81|78|59|68|46|57|81|80|66|75|63|71|72|86|63|76|69|59|67|59|56|55|83|71|69|74|89|95|91|91|87|85|79|125|165|93|98|180|112|104|92|135|159|147|176|179|166|170|228|228|195|341|200|211|183|334|198|1235|275|428|263|272|183|275|304|246|237|226|242|204|400|149|161|100|125|125|210|685|247|133|83|147|117|80|95|424|166|199|87|88|129|406|110|113|150|248|98|133|105|111|76|93|101|84|245|101|361|99|150|90|86|98|154|114|91|214|204|133|116|148|173|82|112|93|185|112|155|78|78|133|100|93|202|101|180|162|180|95|78|282|445|330|281|219|203|149|136|394|261|322|188|139|122|95|276|643|235|214|165|127|177|223|157|199|121|172|122|235|170|241|209|265|193|237|305|359|1022|757|614|2613|686|1670|1078|257|209|134|269|212|141|112|216|146|162|137|81|110|211|117|163|83|138|300|134|165|117|161|103|114|71|95|136|116|89|93|95|96|74|126|95|84|67|100|69|66|98|67|111|61|95|75|82|279|100|347|127|91|88|106|145|118|176
659,Kevin Rooney,365,37|24|39|28|23|32|19|29|29|32|22|20|27|36|22|17|32|29|30|45|30|54|28|21|29|22|20|15|19|25|33|104|28|46|42|46|29|35|44|33|35|25|29|27|21|26|22|35|29|21|54|29|33|24|22|25|49|24|42|23|26|31|31|36|33|25|18|21|21|38|26|25|33|20|44|56|28|27|30|19|33|36|32|23|22|24|28|21|28|17|24|28|18|25|23|23|26|12|27|21|24|13|16|22|21|21|14|20|20|20|27|24|25|22|24|26|17|17|22|18|27|24|22|31|29|24|14|27|19|21|24|23|23|26|29|24|24|22|27|29|174|176|69|45|32|22|23|34|30|35|33|39|43|29|41|20|81|48|44|33|31|26|48|17|36|43|29|36|37|66|46|55|303|103|68|67|82|46|34|48|30|57|45|64|55|40|27|59|70|53|34|34|39|33|43|30|48|39|43|28|21|35|93|49|77|68|33|26|28|53|48|40|41|45|40|40|41|37|37|53|63|58|37|44|34|783|85|46|67|71|49|50|48|46|30|35|33|33|33|40|41|31|34|105|49|43|33|32|33|28|14|40|40|25|33|35|49|33|33|36|45|40|27|32|33|26|45|42|32|49|42|41|28|34|15|34|19|20|23|21|28|28|20|31|23|33|23|33|27|21|27|27|18|24|24|44|74|28|23|16|25|25|20|17|22|21|25|30|47|25|53|31|39|23|22|40|29|43|31|24|21|25|42|37|28|30|23|26|19|20|25|22|26|32|19|21|10|18|31|32|19|26|28|32|24|23|26|34|20|29|28|24|26|15|39|28|18|24|18|24|12|20|34|18|39
660,Nick Schmaltz,365,91|68|65|81|102|87|83|72|77|66|67|76|84|60|126|67|73|138|82|171|136|132|123|87|92|134|83|102|87|70|65|81|102|126|82|83|75|115|71|97|80|89|77|54|68|86|96|81|114|65|83|61|78|412|303|94|115|74|74|63|68|95|85|63|36|35|73|75|53|123|121|111|84|78|97|80|83|81|54|64|120|91|138|95|59|73|65|86|57|45|50|64|74|43|50|38|43|50|55|41|46|40|48|63|79|60|62|51|42|36|64|96|134|71|71|66|61|48|42|31|49|60|54|106|88|93|85|54|48|58|68|39|55|59|51|50|35|58|52|47|63|55|61|57|38|39|65|62|52|74|40|47|43|38|38|64|56|78|64|79|74|78|55|40|67|48|59|65|69|115|94|76|96|105|113|151|101|105|100|193|99|203|112|1127|337|541|175|635|186|508|301|748|1207|614|561|326|281|217|253|487|273|425|399|206|181|249|280|109|116|283|104|215|106|126|163|152|134|128|104|227|109|126|104|181|95|122|138|103|125|105|183|86|193|119|86|118|77|120|91|442|146|106|129|200|419|177|136|111|134|80|127|76|74|142|109|87|222|103|280|188|169|109|142|224|125|131|123|636|137|151|100|217|127|254|133|138|106|102|121|261|115|143|163|98|150|279|109|135|67|120|69|901|172|370|109|105|95|72|70|81|104|98|85|132|109|75|80|73|94|73|149|199|153|197|283|205|365|231|139|141|180|122|324|131|166|146|256|1531|1902|1338|352|316|185|173|112|127|121|135|78|657|164|203|101|165|117|126|69|64|67|80|340|126|134|91|101|866|290|280|178|128|129|125|289|272|274
661,Kevin Stenlund,365,35|31|31|54|36|32|23|22|31|30|35|18|33|41|47|28|36|51|38|86|77|50|76|39|55|38|47|41|30|38|33|64|39|57|41|45|49|64|47|25|35|68|54|44|39|26|31|32|53|37|40|12|35|49|23|24|40|25|32|26|24|129|51|54|38|23|28|22|29|35|29|39|28|24|31|53|28|39|21|30|30|14|44|27|24|20|18|17|26|16|11|16|10|9|16|16|13|10|14|14|18|10|15|19|25|16|18|12|22|17|15|17|12|10|13|12|3|12|18|14|19|16|16|13|12|17|13|13|9|7|23|21|18|19|8|16|17|17|11|14|7|12|11|5|16|10|8|11|11|12|6|14|19|17|12|22|19|20|39|16|15|19|12|20|16|21|19|19|52|70|27|37|28|25|37|36|41|39|18|30|26|100|36|53|32|44|19|71|28|25|26|71|54|39|47|28|23|18|47|14|35|56|80|27|28|30|29|23|22|33|32|26|18|18|35|38|18|16|15|24|16|39|19|38|21|29|20|25|34|17|49|25|163|38|25|19|18|55|19|45|38|24|23|30|108|21|26|17|29|16|12|52|20|13|25|20|34|18|27|34|31|27|20|46|18|29|18|32|23|46|32|33|36|178|66|45|23|19|29|32|18|32|20|30|43|67|25|23|15|31|26|44|47|37|29|14|20|17|27|37|25|15|17|27|17|41|40|27|38|23|32|38|24|24|35|23|39|23|25|24|29|31|50|23|81|29|24|33|23|27|5|35|24|21|11|12|30|16|22|29|17|40|28|32|15|30|13|18|31|27|31|19|27|37|40|53|23|48|25|23|20|15|31|27|45
662,Brandon Tanev,365,361|726|1453|770|1063|849|263|756|238|1379|196|203|490|1103|415|1109|710|9379|3196|584|2556|473|1856|894|731|355|1995|478|1339|1103|3080|1246|523|360|280|172|222|218|136|121|101|109|142|335|153|124|118|102|132|74|78|94|157|137|99|52|95|74|86|86|72|110|96|104|88|89|98|101|96|86|113|104|148|187|1611|1117|511|310|193|120|201|195|144|96|100|92|79|73|78|99|89|75|76|53|69|80|68|56|59|45|66|63|78|57|48|49|61|56|60|46|80|95|67|41|70|61|58|42|60|71|41|50|69|49|54|71|58|84|71|71|84|124|99|97|226|518|264|120|102|85|119|143|119|111|98|76|82|66|81|64|74|61|75|345|1385|500|272|434|285|159|132|159|100|106|94|134|113|171|185|151|294|152|163|145|183|355|198|261|152|189|206|281|172|289|427|312|175|326|137|369|140|397|258|144|221|97|175|149|737|290|219|227|645|102|101|206|153|83|126|126|189|143|152|79|119|139|88|127|102|190|92|116|79|140|65|134|107|55|113|69|94|105|127|121|59|164|75|115|77|199|177|82|91|102|69|66|82|82|107|152|112|80|57|67|132|155|125|120|104|172|157|103|90|257|142|161|114|202|100|99|91|256|89|120|176|166|117|130|83|138|80|120|132|127|133|117|86|126|103|157|84|149|95|131|87|75|97|62|84|83|69|66|53|64|41|58|66|58|54|76|87|78|68|68|198|75|99|114|90|84|120|116|131|102|113|88|76|100|230|120|78|133|117|190|87|63|73|74|51|70|71|74|89|542|182|131|81|95|82|96|194|92|152|71|118|197|115|145|94|74|121|100|158|104|450
663,Kailer Yamamoto,365,77|126|131|149|218|109|217|113|205|210|195|104|184|106|241|114|106|124|115|176|153|205|155|180|123|213|216|264|172|147|149|160|120|131|197|110|320|239|132|145|254|117|291|136|119|112|102|112|214|100|231|78|81|144|91|71|154|111|97|56|96|171|97|87|66|72|208|225|102|114|128|140|108|160|482|236|96|92|88|66|67|73|78|76|76|48|52|38|37|62|53|61|63|58|63|49|49|42|39|32|55|69|59|53|60|34|53|51|60|42|39|60|47|33|57|57|129|93|59|43|55|60|48|41|63|66|44|40|46|35|48|38|44|33|45|43|39|29|45|40|55|46|70|55|55|51|41|51|76|64|75|36|87|53|54|58|56|95|62|86|100|103|87|77|117|68|93|152|146|80|181|98|95|108|155|249|100|283|75|187|224|336|113|87|138|76|80|184|126|195|190|930|484|244|284|140|165|341|1257|2747|1669|1083|2186|362|195|2013|303|124|126|253|172|265|138|109|132|442|137|136|111|459|127|218|107|743|136|331|281|93|263|110|229|161|292|263|109|108|113|99|94|857|230|115|102|348|515|130|137|126|122|106|129|129|73|95|126|96|127|124|144|140|143|119|147|148|153|162|125|112|139|168|132|166|101|127|113|152|159|138|126|120|128|477|299|151|314|244|107|951|179|1405|232|443|164|235|121|89|96|96|116|115|120|103|78|114|110|94|149|140|96|93|266|168|148|102|204|113|302|209|137|108|194|123|156|139|134|102|184|211|79|156|96|172|112|515|89|93|110|118|104|180|102|627|100|126|99|198|79|90|149|94|340|192|331|81|119|1099|112|411|138|134|177|113|149|130|923
664,Ian Cole,365,84|95|99|80|73|78|59|59|74|78|74|71|70|59|59|72|72|59|70|160|113|115|115|107|78|87|78|86|96|89|82|54|81|84|71|109|77|102|73|94|88|79|76|88|59|49|56|61|64|68|78|55|56|54|65|47|59|51|67|44|49|73|83|70|64|46|56|54|63|77|84|66|63|58|73|87|67|94|165|169|163|154|182|179|183|164|170|174|152|153|160|167|168|165|160|170|168|68|56|59|44|38|57|51|52|59|56|56|50|60|84|89|58|74|79|67|56|48|56|60|62|64|45|48|56|71|56|59|56|32|70|52|42|62|52|89|54|44|67|56|46|66|64|61|56|38|41|52|72|76|89|61|66|62|72|82|67|81|73|86|61|82|64|74|87|74|70|68|54|109|62|75|79|73|91|223|82|149|165|111|104|158|93|134|95|135|84|221|86|370|104|183|161|91|163|60|86|108|154|106|75|92|189|85|64|235|108|69|69|100|50|115|68|69|81|138|76|93|62|88|69|87|134|119|59|77|111|61|65|73|243|111|114|88|80|68|87|102|67|102|232|85|73|128|211|60|68|49|68|54|100|73|56|53|90|69|78|71|103|98|96|68|68|92|83|89|121|129|101|107|88|139|78|77|115|105|72|68|67|104|81|87|55|84|266|120|62|215|256|317|141|102|87|127|64|75|48|54|63|60|63|49|63|60|53|73|44|45|83|118|130|88|91|110|139|79|106|97|76|81|95|77|108|72|165|85|108|107|58|85|71|586|89|102|55|57|57|72|57|66|41|127|66|99|91|113|54|64|57|56|71|62|123|64|67|175|76|131|111|105|95|87|171|97|240
665,Nick DeSimone,365,21|16|18|76|22|13|21|17|17|25|13|19|53|13|25|15|13|18|19|75|41|74|41|28|17|25|24|24|34|11|20|21|28|50|39|18|31|27|37|48|27|77|53|34|23|14|27|9|22|17|28|13|23|19|30|21|28|18|16|11|10|23|26|22|42|15|15|8|22|50|32|32|28|38|28|26|21|25|25|7|19|18|24|19|34|32|27|22|13|9|26|13|22|12|23|19|13|11|8|16|16|15|21|18|13|15|15|8|12|12|7|11|15|17|19|9|15|15|15|18|12|7|11|20|18|22|9|13|11|18|13|15|16|13|13|15|17|16|13|21|10|21|10|12|15|20|17|10|19|14|25|12|15|16|18|16|13|19|17|15|17|30|17|8|11|22|25|24|16|54|27|18|25|41|29|31|24|29|23|21|28|57|32|31|29|42|20|52|31|21|24|31|24|34|48|12|20|42|31|24|39|37|38|25|22|28|40|22|26|1147|91|49|33|28|57|62|18|47|31|266|50|50|33|44|18|22|60|26|20|17|28|17|22|25|31|22|19|19|19|27|27|16|22|22|65|24|94|42|42|32|31|24|22|11|19|17|25|16|41|32|43|25|24|70|22|39|24|28|41|89|96|74|53|56|40|32|28|35|27|85|30|49|20|13|57|41|19|47|15|38|41|44|40|44|19|21|17|32|28|29|31|11|18|24|18|19|19|16|26|17|30|23|26|14|42|23|31|21|22|26|24|24|48|18|58|22|56|27|12|27|14|23|15|29|22|22|20|16|31|11|15|12|25|12|14|18|18|11|16|10|27|16|29|15|28|45|10|25|20|35|17|22|31|24|42
666,Sean Durzi,365,63|44|37|53|62|34|34|42|46|39|45|18|46|39|60|47|40|47|49|108|77|84|51|45|68|107|47|61|68|62|63|75|58|62|49|35|61|79|51|55|65|54|53|33|37|37|28|36|36|53|48|43|35|24|25|40|32|20|23|24|31|45|37|37|45|67|165|57|40|75|79|83|50|45|55|63|36|75|54|33|43|34|33|37|26|24|20|25|19|24|35|38|32|37|37|40|19|26|22|35|23|26|25|21|19|23|26|25|21|22|36|30|19|10|26|33|30|28|22|22|12|21|24|23|25|26|29|21|15|17|30|15|26|32|16|34|25|26|14|26|10|28|29|19|24|27|17|23|31|30|33|21|32|37|35|22|29|38|50|31|26|44|30|27|32|29|52|50|40|84|58|36|54|58|70|59|59|66|61|53|53|97|55|51|53|59|46|68|38|52|39|50|50|51|81|40|44|33|47|42|45|62|81|34|39|52|41|29|39|70|46|50|42|54|86|33|31|39|23|46|50|43|41|107|41|68|36|45|63|44|69|35|46|55|25|76|47|56|37|75|85|50|52|102|153|51|90|50|51|40|73|42|26|44|49|42|71|69|58|60|52|51|45|346|70|59|52|110|48|41|47|193|54|48|52|51|55|34|46|60|36|53|37|35|810|334|101|94|57|98|74|72|50|114|50|21|42|44|42|46|48|24|35|53|115|73|63|41|41|42|77|43|50|49|66|90|127|76|56|49|79|67|84|58|83|47|47|66|33|53|51|48|26|51|37|35|65|49|40|65|40|104|48|41|37|71|27|47|44|53|59|59|82|59|60|94|53|74|60|61|131|237|84|64|52
667,Maveric Lamoureux,365,55|45|41|52|38|22|36|24|27|31|20|27|18|29|23|25|27|25|43|56|42|34|54|24|27|24|25|23|18|17|25|21|35|21|21|27|39|32|40|38|37|20|36|27|33|26|36|42|22|20|14|14|17|30|35|31|28|27|22|27|21|90|43|32|28|31|27|27|32|83|221|258|249|86|30|47|38|38|26|16|36|22|45|16|22|14|14|26|18|25|24|30|34|34|21|24|41|25|20|14|23|13|16|15|11|12|17|22|12|11|21|22|17|33|72|133|68|53|39|21|15|17|20|27|19|17|28|18|20|23|24|22|31|15|18|24|24|20|16|14|17|20|15|13|25|26|32|22|32|19|31|69|31|25|43|28|31|25|57|24|25|34|23|19|27|15|15|41|25|22|46|29|32|27|25|48|27|54|34|49|33|55|26|38|41|37|30|33|23|25|20|57|34|37|36|27|32|27|34|29|20|38|37|35|41|62|30|23|21|41|25|48|43|31|27|26|46|29|52|25|26|31|20|42|17|28|33|31|24|78|249|58|109|85|44|78|36|64|33|52|39|48|39|46|34|32|34|36|47|32|35|14|28|41|65|41|26|39|51|48|53|55|92|123|49|49|39|37|27|22|54|63|36|38|47|37|40|30|21|30|24|37|41|27|26|40|25|42|29|41|31|25|30|46|20|43|39|18|23|20|30|17|21|36|35|26|32|34|41|32|49|51|43|31|37|34|28|41|44|35|90|67|41|35|39|21|34|33|33|20|18|38|32|39|24|15|15|19|37|37|30|34|21|24|25|36|22|16|22|32|29|24|32|31|31|26|26|40|27|26|17|28|20|29|27
668,John Marino,365,34|45|82|61|60|60|59|47|65|63|52|46|78|46|64|58|55|77|48|98|89|90|67|47|43|42|56|40|41|45|42|52|50|52|57|45|23|50|68|54|45|74|65|44|37|54|39|32|38|44|43|37|41|40|48|40|53|42|34|58|29|49|45|45|27|31|32|34|33|80|68|82|58|33|39|68|38|35|44|34|42|24|102|136|69|28|21|46|40|47|51|30|25|24|29|36|29|26|21|29|36|36|35|35|27|32|31|25|29|27|36|36|82|53|29|38|41|42|44|52|48|34|37|40|58|35|35|28|35|45|42|29|41|28|29|31|49|43|84|41|101|39|37|36|57|35|27|35|39|38|30|44|34|40|39|42|42|37|38|27|27|47|39|33|49|27|51|43|53|75|61|53|49|70|37|56|46|63|41|94|55|95|44|66|78|120|51|145|50|91|46|130|71|66|79|44|47|50|54|39|43|58|116|53|46|81|48|38|28|63|36|72|33|43|60|61|48|47|32|60|57|61|30|72|41|66|38|30|41|43|72|42|106|59|55|49|32|66|38|65|113|45|59|164|97|46|114|36|44|42|49|31|25|44|46|39|46|60|67|58|94|67|45|96|52|96|91|105|59|56|46|74|60|142|65|86|77|63|43|90|68|78|63|42|117|86|43|97|68|80|67|129|84|91|54|75|69|40|57|48|51|29|44|45|53|49|57|44|58|61|93|86|69|50|72|61|93|67|64|52|92|66|57|54|66|47|36|63|44|45|30|142|33|60|59|55|49|71|37|67|46|78|38|45|34|89|30|39|31|34|31|34|68|22|61|88|45|81|52|47|66|48|78|44|89
669,Scott Perunovich,365,73|87|99|124|116|60|76|58|43|62|45|50|44|67|81|98|78|191|72|54|62|37|54|51|58|38|44|42|34|34|38|29|26|41|30|26|31|36|42|35|29|53|42|38|30|40|38|28|38|32|29|23|31|47|46|35|40|35|28|27|22|38|33|26|36|27|30|31|42|57|55|74|50|82|299|175|123|70|61|64|59|55|667|383|103|58|51|64|43|31|38|43|41|41|33|38|34|40|34|57|42|23|44|43|30|39|34|37|38|40|34|47|45|40|36|39|34|26|33|36|42|23|36|28|35|25|38|31|25|32|37|30|26|34|28|24|32|30|45|32|44|31|31|34|48|28|42|29|34|40|60|33|33|43|34|49|38|61|44|46|33|42|39|39|44|54|64|104|94|95|67|59|68|66|79|125|62|78|68|63|56|73|74|69|78|52|42|101|46|77|67|54|46|44|58|43|51|45|46|55|42|37|59|39|53|62|43|34|59|42|51|134|54|32|51|88|59|52|74|57|51|41|33|40|36|43|97|49|56|44|45|45|49|65|49|37|39|41|38|95|75|63|47|65|55|49|44|61|36|42|42|35|31|51|47|38|68|56|49|67|72|55|44|54|46|59|51|49|46|40|41|45|38|42|57|45|35|56|58|60|55|92|69|56|56|89|81|90|63|69|66|55|44|54|49|54|53|41|48|33|50|49|43|56|45|38|48|42|50|60|139|94|81|41|55|72|72|95|77|60|78|51|95|107|71|71|62|86|56|44|48|43|37|44|67|66|47|39|55|54|56|42|47|43|72|67|52|38|51|70|90|46|47|63|53|57|55|104|384|135|73|77|66|52|70
670,Nate Schmidt,365,77|78|117|142|91|2053|1403|1663|451|155|193|715|167|291|185|119|144|195|579|191|534|286|1147|237|472|123|184|440|144|627|181|618|165|720|157|499|169|552|179|658|272|740|254|180|176|218|224|294|2123|299|3029|440|886|2751|445|271|1031|173|934|232|276|16834|2750|1379|685|544|464|353|211|227|195|219|160|330|1953|884|397|266|291|287|315|274|291|281|337|307|279|249|260|293|251|226|196|194|219|170|176|70|64|55|88|100|69|60|71|77|52|66|51|46|76|94|58|55|45|46|63|75|63|42|67|47|72|117|129|81|84|37|43|284|351|147|89|98|107|67|79|64|71|86|61|53|43|60|59|41|55|43|59|43|61|50|53|92|98|60|68|64|93|78|74|238|77|60|65|65|104|95|145|135|142|112|213|163|116|151|132|92|77|123|113|239|101|126|118|136|148|305|84|151|407|413|311|81|127|69|69|73|110|68|62|133|148|81|54|202|76|72|57|71|90|104|81|50|118|104|62|275|66|81|63|149|74|122|57|66|77|44|87|69|87|71|135|105|69|71|190|230|124|86|155|70|71|83|89|40|99|59|109|46|57|48|45|72|72|53|70|58|61|58|82|73|43|75|60|133|68|71|84|93|73|109|78|196|146|386|101|87|79|84|80|70|75|48|105|214|58|78|47|80|52|107|67|116|59|46|45|32|53|56|62|71|64|51|30|52|50|42|67|59|121|110|78|77|97|61|267|101|70|64|311|89|81|92|81|86|112|152|55|55|37|73|39|121|66|45|98|59|40|81|39|83|51|98|58|74|39|48|56|49|43|48|72|58|64|98|52|71|64|74|61|54|102|101|133
671,Mikhail Sergachev,365,144|120|158|105|135|207|116|128|135|97|113|123|112|207|149|136|145|142|163|383|262|246|214|156|188|188|158|164|168|206|112|162|166|189|114|101|130|136|107|111|84|108|106|86|78|83|81|79|105|79|89|64|74|75|122|125|124|59|69|95|87|169|105|78|104|75|85|90|102|230|150|153|122|114|166|121|83|77|56|58|86|83|96|156|214|115|100|89|87|80|67|63|56|51|44|52|48|52|43|54|43|46|56|38|41|42|48|35|45|68|59|61|39|52|41|66|41|64|77|46|43|56|50|38|34|46|52|55|60|39|87|39|49|46|46|82|90|103|73|59|46|44|60|62|63|50|34|40|54|35|48|55|48|76|46|77|67|72|71|54|56|74|62|61|59|74|78|88|143|125|153|116|147|104|117|183|89|123|128|138|159|269|150|198|174|190|122|535|140|203|136|218|263|129|240|165|236|188|329|151|87|148|614|116|110|630|162|100|104|145|91|186|86|70|131|129|74|107|82|131|95|127|89|355|95|137|106|88|385|132|143|68|222|81|65|90|104|144|98|160|127|98|98|178|183|65|108|83|111|100|117|134|115|163|246|122|170|150|206|158|173|161|93|208|152|340|673|1965|417|263|168|644|915|768|321|423|320|244|330|384|305|329|306|259|633|309|192|288|221|247|235|302|209|256|207|178|172|162|127|166|167|172|192|183|189|171|163|205|171|209|294|224|187|176|217|392|1472|469|282|190|355|211|248|204|217|266|235|198|143|199|164|236|143|201|166|134|119|165|168|180|108|188|132|192|120|210|122|124|124|92|179|132|165|102|130|245|143|221|184|151|150|161|167|161|263
672,Dmitri Simashev,365,53|39|25|43|44|39|42|19|32|23|29|19|30|28|26|29|21|34|86|50|55|54|29|25|32|24|31|32|37|22|30|33|30|87|111|61|48|66|42|53|363|165|44|44|26|34|32|19|30|24|25|15|25|33|31|36|26|17|33|28|35|29|29|25|23|33|28|28|39|92|90|117|55|57|63|56|73|49|26|30|33|42|38|31|37|17|32|34|33|22|36|40|23|26|22|16|22|15|20|20|20|21|15|11|21|10|27|12|15|19|14|15|16|15|10|21|22|8|13|10|9|8|15|15|23|26|11|9|8|9|16|11|21|9|11|11|9|14|21|121|57|19|17|16|15|20|22|26|21|23|24|19|33|30|16|25|24|38|30|45|37|66|28|22|30|27|20|31|52|27|63|53|78|78|78|246|76|70|80|89|64|116|94|104|52|70|46|180|53|104|50|74|86|51|96|64|34|54|52|33|43|99|268|71|103|161|131|62|62|81|43|52|54|65|59|72|68|53|29|46|34|53|42|63|26|58|48|42|96|85|91|57|51|50|47|46|35|51|37|74|61|27|40|55|52|38|63|39|56|24|35|66|31|42|48|42|64|41|44|72|53|25|47|57|26|57|45|42|48|37|38|60|44|43|43|40|28|35|50|92|43|40|48|48|51|80|37|56|41|55|59|40|79|64|42|46|53|39|49|73|74|38|31|29|36|36|69|44|49|35|68|55|63|58|85|63|44|120|56|74|113|110|130|74|62|65|53|52|48|53|36|55|36|24|31|32|32|38|42|40|29|34|29|44|24|36|26|27|42|45|34|40|43|33|48|48|45|51|45|107|77|65|58|50|56
673,Maksymilian Szuber,365,22|29|17|18|22|18|19|16|13|26|29|44|21|16|11|13|16|26|24|43|30|41|128|89|45|66|55|82|25|45|28|44|51|26|27|28|28|31|34|29|12|13|17|17|11|13|12|12|20|17|8|4|13|9|12|13|5|5|18|9|9|17|8|6|13|9|13|10|9|16|9|13|17|10|7|11|9|10|10|9|11|11|5|6|4|11|19|5|10|6|5|2|8|6|6|20|6|2|4|3|12|5|4|5|7|5|8|10|3|5|8|8|9|9|4|5|14|6|4|6|4|7|5|9|12|12|14|5|11|11|5|10|10|7|8|11|9|5|10|11|8|12|7|7|4|7|9|9|9|15|13|10|5|11|9|5|6|13|15|11|11|5|12|8|8|12|6|15|7|7|13|13|9|11|11|6|4|12|13|7|10|11|6|10|13|16|10|14|4|19|10|18|14|10|17|18|6|14|19|12|13|10|8|12|7|18|7|16|10|9|16|9|7|7|10|9|3|7|5|12|13|11|10|15|11|9|11|10|13|13|19|9|11|21|10|7|11|13|15|11|16|12|18|20|19|8|17|16|15|17|8|8|11|27|14|24|13|18|21|39|25|12|15|24|27|16|12|15|15|10|18|10|8|6|18|12|14|15|19|11|10|10|9|11|17|18|13|10|15|12|14|21|9|12|17|24|26|17|12|25|49|23|35|34|12|33|42|18|21|10|43|56|29|22|31|7|20|13|19|11|15|11|8|8|9|7|50|21|10|15|7|11|9|9|13|10|7|5|16|9|8|10|10|4|10|9|4|6|10|13|9|16|7|5|9|10|7|9|10|7|8|11|8|10|14
674,MacKenzie Weegar,365,102|107|89|92|75|123|60|64|58|50|53|61|59|100|85|91|82|91|125|136|142|135|226|199|114|99|109|80|78|192|106|258|175|131|138|152|100|120|118|99|49|200|130|115|84|69|86|95|88|67|108|85|108|126|62|77|100|55|81|68|61|539|194|141|118|126|88|97|86|86|86|141|91|109|117|91|108|88|164|158|188|179|162|153|137|153|153|142|148|158|136|144|137|123|144|214|181|55|60|50|156|157|123|48|79|50|76|62|48|51|40|41|53|36|41|52|39|54|45|44|44|34|45|45|35|41|32|35|27|39|48|53|55|75|40|34|32|40|43|46|54|111|106|62|44|48|49|36|43|54|35|36|54|38|36|44|51|50|43|77|57|42|42|52|47|55|62|67|74|69|81|70|71|124|249|255|166|86|65|52|104|76|62|70|82|58|66|44|200|58|82|84|94|70|59|179|220|79|70|162|48|57|105|80|162|73|94|79|75|70|98|72|131|83|74|93|89|69|69|103|114|56|64|58|112|84|67|52|49|47|47|79|54|64|58|99|59|117|40|67|69|46|33|70|47|201|39|102|55|38|598|198|86|96|158|64|96|96|209|118|108|98|70|152|131|162|74|121|57|56|45|77|64|93|55|73|107|103|69|102|58|75|59|96|69|119|120|115|116|92|105|173|127|168|79|98|122|84|101|67|82|85|77|76|71|84|49|55|162|120|218|205|163|271|219|288|131|100|181|164|1097|5125|1770|596|970|339|291|294|135|309|314|184|114|101|68|88|101|147|90|133|72|182|84|115|92|130|82|83|92|82|122|86|93|65|77|249|69|113|88|94|518|170|152|101|130
675,Nils Aman,365,17|47|15|13|15|12|17|22|10|13|10|15|16|9|10|20|21|8|14|16|15|17|12|7|15|13|10|12|16|20|13|20|18|10|16|21|17|23|15|30|16|11|11|15|17|8|3|16|13|15|16|15|16|11|10|16|16|20|14|4|12|20|26|18|10|21|15|23|31|23|16|24|32|17|19|33|32|19|31|14|19|17|19|11|18|11|12|11|7|15|13|35|22|11|12|13|12|10|12|10|12|8|18|17|16|5|15|9|15|9|11|9|10|14|15|14|6|19|5|10|12|5|5|17|8|17|19|22|16|9|12|18|17|16|18|15|10|9|21|11|14|9|15|14|18|25|21|3|17|15|14|22|14|20|11|19|24|25|12|16|17|14|25|16|33|19|14|34|112|80|35|10|8|12|15|17|15|8|13|7|14|10|14|23|25|43|45|39|22|24|17|16|30|15|22|21|12|12|10|10|13|13|11|12|11|13|3|8|10|20|10|7|14|14|12|11|8|15|8|14|10|4|11|19|7|2|14|4|10|12|8|8|12|30|8|15|12|9|7|42|36|22|16|19|13|15|15|9|20|11|7|16|22|14|14|13|8|8|8|16|26|29|7|17|21|15|6|15|14|20|20|15|17|10|20|13|22|19|11|14|9|23|17|23|23|14|6|19|7|21|19|7|6|16|9|13|6|6|10|13|13|15|14|13|12|16|5|9|12|19|12|11|9|6|13|14|11|18|12|18|7|13|37|21|23|12|11|17|25|11|12|12|12|7|14|10|11|16|12|14|5|17|10|10|9|14|4|7|14|15|15|11|10|5|21|14|10|8|9|19|9|6|18|6|13
676,Teddy Blueger,365,74|73|61|51|32|58|53|39|45|38|33|27|23|35|36|38|32|48|51|46|32|80|61|101|53|64|63|75|38|51|65|61|58|34|48|47|39|59|44|46|29|45|42|44|36|28|23|45|32|37|27|37|28|48|38|26|48|45|20|573|206|145|61|45|43|21|36|38|47|49|37|33|26|37|45|82|80|58|47|37|51|37|34|34|28|28|18|27|39|48|44|54|44|35|31|24|19|36|32|23|20|22|17|27|36|26|26|30|18|36|27|41|30|20|26|37|18|20|32|38|67|21|42|32|30|34|26|20|24|10|31|25|26|29|27|22|18|40|21|25|34|24|39|31|32|18|20|18|26|24|25|24|29|26|34|32|26|50|31|30|21|22|41|27|35|36|25|51|25|61|35|23|40|105|58|94|40|47|31|42|35|29|37|105|169|84|44|74|40|38|49|34|55|27|33|35|33|38|21|40|47|28|44|30|43|55|44|20|35|20|25|43|53|47|37|27|59|39|35|29|42|31|41|50|41|34|34|27|24|26|44|46|33|45|34|53|35|29|34|104|88|73|71|64|54|42|62|67|46|55|44|44|75|73|73|52|92|98|70|210|187|112|129|580|275|130|94|104|111|71|87|85|63|68|74|84|142|117|82|404|169|335|169|463|126|131|169|454|191|286|104|346|178|674|288|278|218|199|303|345|1734|492|437|676|201|971|341|163|121|117|350|183|111|139|168|122|82|138|99|125|117|268|270|202|128|98|123|51|55|78|41|67|42|49|57|48|57|37|41|41|80|71|45|53|36|41|37|74|54|326|153|53|59|70|63|92|41|59|56|160|176|65|93|74|137
677,Brock Boeser,365,467|449|324|350|278|262|224|173|161|134|127|132|184|192|329|204|230|234|192|195|206|174|303|214|166|208|262|288|199|189|180|449|327|287|275|205|212|198|237|247|242|212|173|224|205|155|166|225|193|235|235|152|153|190|154|128|140|109|130|135|158|179|183|276|906|551|839|689|687|794|907|846|1077|1920|4715|2332|1626|562|323|254|206|231|181|148|110|114|102|123|112|85|102|111|91|68|81|99|83|99|91|87|74|76|89|78|86|71|72|70|65|67|82|74|76|80|70|66|49|59|51|65|50|74|77|83|84|64|68|74|62|50|62|65|61|101|104|65|83|60|93|96|83|68|72|95|123|85|93|85|70|70|69|66|88|78|69|72|88|103|77|75|106|91|144|75|106|96|98|172|162|186|112|115|119|167|169|391|164|261|135|183|102|120|184|343|465|302|223|242|226|226|280|244|544|131|158|124|263|214|260|118|574|196|137|111|97|269|158|80|163|97|94|156|119|119|124|86|122|177|148|96|140|129|103|131|123|112|139|93|77|147|91|104|153|242|96|147|91|108|138|782|443|398|321|267|322|351|238|197|219|196|128|122|106|135|204|175|240|154|114|189|225|213|113|114|119|125|136|130|202|127|197|184|182|250|114|189|150|201|137|250|128|181|118|196|229|236|134|171|118|163|106|100|128|129|118|77|179|192|131|102|152|134|126|124|98|103|175|159|173|146|346|286|255|265|346|313|235|188|248|292|253|263|237|323|216|160|176|96|181|216|115|187|128|117|173|128|107|102|131|93|97|150|120|122|85|183|76|135|88|644|586|151|177|119|138|139|140|204|189|244|192|105|180|112|193
678,Filip Chytil,365,89|82|72|58|61|55|55|54|39|35|58|52|46|44|67|62|59|62|57|46|40|49|41|53|56|40|35|49|50|55|36|46|46|54|41|53|49|54|49|66|34|43|57|32|33|38|36|45|33|52|42|43|36|88|62|80|56|46|48|47|52|63|58|52|34|58|56|64|99|74|81|101|53|61|163|229|103|78|63|66|103|68|64|59|46|58|82|55|40|41|30|39|48|28|37|39|44|39|62|43|46|36|66|55|27|22|31|32|28|49|36|37|40|24|42|56|25|23|23|27|33|30|39|39|58|82|79|62|59|36|30|48|67|52|58|27|30|33|33|35|109|49|42|38|35|31|35|18|29|27|31|83|69|58|86|116|59|63|66|68|150|79|58|45|197|61|53|64|64|89|33|53|87|122|86|2719|442|350|142|87|105|58|288|142|644|739|293|166|134|140|84|89|123|69|110|52|85|52|84|46|123|84|67|54|71|61|59|62|68|65|48|70|107|97|66|83|62|69|39|52|60|62|43|70|69|56|36|36|35|77|42|66|73|53|71|79|47|60|39|171|114|69|94|120|66|66|77|85|58|49|45|34|31|77|92|48|66|58|31|52|78|48|54|93|63|39|50|76|73|65|80|59|98|60|71|60|156|97|90|94|131|320|77|75|66|59|64|76|58|99|84|290|214|103|84|73|43|34|59|57|71|50|66|69|48|50|170|177|176|129|106|81|56|47|68|65|57|48|65|66|47|41|58|75|49|46|48|44|46|45|26|43|32|27|48|23|41|37|44|23|202|59|108|59|43|42|29|38|30|38|50|50|29|41|48|41|32|12|23|44|40|58|44|50|57
679,Jake DeBrusk,365,156|139|142|180|265|203|195|91|146|88|137|82|121|86|167|73|113|115|167|170|98|194|80|209|124|246|97|189|83|94|65|174|145|115|111|99|86|91|100|115|75|115|145|162|106|90|94|86|152|147|123|84|58|83|47|69|91|60|78|51|51|98|79|80|61|69|95|74|123|124|154|149|97|141|191|148|215|90|73|72|89|68|54|60|46|42|46|34|47|52|62|39|66|48|45|53|46|47|43|56|45|59|72|45|77|71|54|41|55|48|30|61|45|36|37|41|60|47|44|35|63|54|61|58|49|55|77|161|111|78|99|99|86|101|63|68|69|49|41|109|114|61|40|49|72|60|43|49|49|63|28|49|47|54|119|72|61|72|68|71|70|58|139|78|171|71|76|85|120|197|78|80|85|113|264|341|224|965|117|144|103|79|241|427|200|139|112|111|78|98|105|271|362|91|130|73|203|87|76|122|192|108|110|96|108|260|211|85|192|106|107|433|162|160|221|86|93|197|89|119|133|119|111|114|113|90|111|54|56|90|86|104|97|195|93|129|108|89|100|124|212|149|255|195|157|170|174|526|127|115|133|73|78|89|192|477|409|304|248|211|279|488|116|152|248|178|232|129|275|142|231|409|179|152|113|289|252|164|161|344|145|127|187|240|121|110|98|164|104|434|174|145|100|215|95|75|68|39|65|51|66|60|101|74|76|74|112|88|101|85|155|131|199|276|319|223|163|135|109|411|302|219|193|180|121|99|93|80|75|146|118|122|101|95|111|81|226|64|128|62|76|144|77|90|71|133|102|99|101|167|268|71|148|100|80|131|73|70|84|251|131|90|288|127|636
680,Curtis Douglas,214,1|1|1|1|2|1|1|1|1|1|1|1|2|1|1|1|2|1|2|1|3|4|3|4|63|537|219|93|72|191|107|87|133|201|80|48|40|65|86|71|77|54|61|85|148|101|78|123|103|90|57|55|65|46|72|45|48|56|132|51|171|233|107|46|238|94|521|98|629|151|635|143|147|84|104|105|67|93|87|78|406|115|128|66|79|136|61|109|75|48|65|146|82|61|58|35|40|29|42|31|42|32|47|318|70|54|53|47|50|45|48|43|45|50|39|26|56|51|46|54|47|35|27|51|40|43|46|33|34|45|45|39|32|71|58|35|36|46|62|106|33|87|59|395|176|105|56|39|41|38|25|24|20|27|25|40|25|36|30|55|61|49|44|49|40|32|31|19|20|36|120|2711|2547|1187|938|1339|341|206|750|313|473|111|91|163|132|103|116|171|97|68|519|102|75|57|1279|242|177|57|548|237|102|84|51|66|179|78|131|36|68|2471|322|342|169|670
681,Nils Hoglander,365,44|40|37|29|28|36|42|29|23|30|43|24|26|24|19|20|24|23|32|18|23|35|22|17|32|34|37|23|35|30|26|52|29|25|28|29|32|27|23|35|32|11|32|29|17|20|23|15|28|30|24|23|36|16|38|75|49|42|34|22|30|27|31|25|28|24|32|33|28|33|22|46|29|38|45|67|47|36|25|25|41|30|38|26|31|20|21|24|24|26|28|74|37|34|31|27|27|40|39|30|61|48|22|21|25|31|20|18|18|20|12|22|25|29|33|45|112|105|45|47|26|27|13|31|30|27|17|21|19|17|11|16|19|16|12|29|30|19|23|19|22|25|37|26|32|19|22|13|27|19|28|20|24|29|34|20|33|47|45|41|70|37|40|23|39|94|35|44|30|56|24|39|44|33|27|81|42|50|31|42|27|28|46|46|40|40|30|23|17|42|31|45|56|21|39|19|25|35|20|19|31|37|37|27|19|32|37|17|48|22|26|39|31|46|39|28|41|37|20|29|27|44|47|37|25|26|38|41|30|32|23|28|35|41|85|155|37|28|50|79|86|68|47|59|37|38|59|76|33|43|28|16|29|30|83|63|66|43|19|43|66|64|38|40|47|26|32|39|121|39|33|42|47|41|33|44|34|59|17|47|19|62|30|32|28|45|42|54|47|37|39|20|33|31|20|29|19|18|28|22|20|14|33|28|20|18|57|35|42|41|36|50|29|26|52|42|31|39|32|52|28|75|31|40|55|40|53|24|30|38|16|34|28|26|48|31|27|20|25|28|37|38|43|27|18|44|28|20|20|48|34|28|34|19|29|34|21|17|13|57|58|18|33|17|38
682,Evander Kane,365,381|419|433|557|1075|1050|4354|636|4401|1204|2428|521|4436|841|3986|731|619|691|914|1917|645|6878|1190|4789|754|13721|2003|4759|1263|798|887|877|626|794|4900|557|2319|4740|2095|984|3198|1187|6675|1592|1613|1721|1937|2891|13110|3244|28472|2380|2021|14455|1580|1366|6300|1342|2711|820|1039|12300|3425|1497|1122|708|775|677|26509|15243|9062|3249|1869|3532|2928|1839|1197|793|618|594|580|445|634|728|467|407|376|409|347|286|320|360|607|523|531|360|267|397|463|385|272|317|287|238|258|228|341|286|244|207|263|274|349|412|343|288|221|201|223|166|172|201|181|207|180|169|167|187|201|283|212|223|254|182|166|148|261|283|315|587|546|437|409|280|336|322|212|258|443|343|265|276|256|270|304|345|332|348|282|286|473|441|1679|441|612|344|309|518|366|1208|560|518|1193|641|833|1940|882|3620|918|935|759|963|1104|1813|2392|4059|1658|943|879|722|544|1226|1435|411|669|303|940|316|529|275|1104|403|894|340|335|690|976|388|902|358|367|1111|679|431|916|379|412|620|522|362|707|428|437|622|1031|961|1345|381|344|505|336|275|309|559|258|409|274|269|480|463|546|371|808|1975|684|470|676|1229|341|555|368|262|251|251|775|441|639|731|381|355|585|466|286|371|832|517|666|517|970|354|1095|495|315|512|506|699|443|767|415|743|369|1368|563|680|1265|1701|712|777|388|797|508|625|452|629|378|278|299|277|324|374|330|278|265|284|282|305|366|289|337|357|795|707|621|592|1177|602|447|719|467|799|508|489|712|721|463|496|343|406|290|328|265|805|305|354|437|258|328|242|386|243|234|455|248|301|260|502|505|1740|550|514|400|884|1918|627|445|401|362|331|326|342|328|515|603|375|757
683,Linus Karlsson,365,19|20|23|17|26|14|34|17|14|30|11|12|19|13|18|15|28|11|9|14|31|19|25|15|34|13|32|21|21|32|9|20|40|22|76|37|16|30|40|103|33|35|63|40|64|53|48|30|78|34|32|18|120|36|39|40|39|60|53|41|36|199|92|133|77|309|114|930|196|88|63|65|31|53|40|47|47|21|25|28|37|29|39|33|26|22|22|17|20|29|27|37|38|31|21|24|39|16|19|38|19|16|11|10|17|18|8|8|6|15|13|29|24|12|8|13|13|15|8|7|8|17|11|15|2|8|13|7|8|8|12|17|15|27|21|10|13|13|17|16|7|14|12|14|18|19|10|14|21|10|21|13|21|22|22|14|37|17|49|23|53|18|15|7|57|31|24|57|27|52|34|45|47|34|35|51|24|30|15|23|16|25|53|85|93|36|30|32|19|42|36|37|85|23|29|20|34|15|21|16|41|17|33|20|23|29|299|39|53|25|37|54|95|131|23|16|15|155|31|15|89|23|25|167|58|25|45|31|31|180|40|42|123|125|63|37|30|21|46|54|89|43|43|72|24|17|45|825|123|61|23|26|28|22|368|97|297|123|35|45|881|242|76|61|76|48|54|50|44|32|65|110|38|48|19|48|41|50|26|54|25|184|60|95|47|64|35|40|20|66|30|29|42|43|27|21|22|12|31|23|26|29|32|16|12|17|38|21|15|27|22|27|15|19|24|29|28|34|28|29|110|64|50|47|155|53|126|31|25|34|20|36|19|18|39|19|74|49|41|45|31|56|37|28|20|50|16|37|22|55|41|63|177|34|38|54|22|25|24|341|98|37|60|26|53
684,Drew O'Connor,365,65|75|92|44|106|37|96|58|58|102|51|62|44|50|67|67|189|97|79|72|72|138|78|95|80|52|97|50|68|198|85|66|153|59|127|76|197|463|375|120|72|76|66|47|52|55|44|44|46|45|36|44|58|48|38|44|68|44|42|44|38|55|71|44|33|34|38|75|72|67|57|85|51|72|60|96|73|59|58|44|50|40|52|37|27|35|35|30|29|48|54|60|43|41|44|50|33|39|37|28|25|31|45|50|50|39|41|30|49|40|39|75|53|44|50|32|34|39|36|39|35|21|25|30|40|42|33|31|31|35|35|48|27|35|43|34|34|31|79|28|38|25|34|35|40|27|41|26|33|25|30|24|36|31|42|42|55|42|43|33|46|53|57|50|119|48|78|151|71|95|36|48|64|111|67|361|98|98|53|85|32|67|123|97|136|60|86|231|90|82|52|114|123|55|111|57|93|72|250|38|77|43|141|49|49|345|693|100|104|49|42|62|61|101|166|63|61|87|50|54|83|56|59|115|48|40|67|49|49|55|45|55|59|66|54|67|47|41|73|105|278|96|94|165|72|58|73|143|56|138|54|40|45|45|239|70|112|232|58|67|121|116|41|48|68|43|143|72|152|66|76|61|56|70|53|84|57|139|58|333|197|182|119|138|70|63|52|268|84|55|52|74|52|180|47|28|30|38|49|65|66|39|54|48|38|48|54|44|53|53|131|114|57|67|194|78|79|98|87|128|88|88|78|140|87|49|73|113|270|214|114|114|78|86|183|92|105|85|70|55|67|170|73|55|48|81|47|45|34|109|56|44|56|40|42|52|32|58|46|95|66|36|102|99|141
685,Liam Ohgren,365,17|23|26|27|41|32|29|38|49|22|46|29|36|33|44|41|26|41|42|35|32|34|26|20|27|20|29|15|40|45|31|27|28|25|24|23|27|29|42|23|24|16|17|17|14|17|13|20|15|10|21|21|46|29|33|17|24|10|15|19|13|22|13|26|22|20|25|26|24|39|24|53|24|55|46|55|31|52|131|139|132|131|148|134|127|124|115|118|118|115|111|123|133|123|116|204|246|50|36|20|24|17|10|25|13|20|20|13|11|24|12|24|13|12|12|8|23|14|26|17|13|15|15|15|25|20|11|24|23|10|21|22|19|27|27|25|12|13|20|13|23|18|20|25|21|16|15|13|16|12|25|30|22|20|18|26|26|23|35|31|26|61|23|10|33|50|55|45|26|39|23|30|33|32|51|68|23|46|33|87|52|35|27|52|55|31|41|25|26|15|21|16|19|18|33|17|18|33|13|28|18|31|18|89|56|24|22|16|21|21|15|30|57|40|35|18|33|33|58|39|37|29|24|42|45|52|104|28|29|70|33|33|23|45|31|35|26|47|61|18744|2871|1769|933|1620|330|236|292|1557|434|220|164|138|116|123|168|122|513|230|98|127|202|193|116|140|163|120|110|101|124|78|141|145|90|89|94|132|90|126|86|195|103|108|59|80|83|211|120|129|98|213|98|295|151|153|86|60|59|53|66|59|89|63|115|91|92|65|201|211|154|103|334|294|170|138|153|128|107|179|96|136|94|123|120|142|171|89|110|78|63|118|79|93|67|49|117|65|165|114|83|51|65|83|38|68|57|118|61|53|44|155|161|70|72|44|56|53|37|161|64|109|96|63|120|51|92
686,Elias Pettersson,365,350|394|263|336|334|236|244|314|176|161|270|223|295|207|208|228|224|265|264|220|210|238|169|173|187|201|302|278|294|171|197|262|234|296|354|205|215|235|236|215|161|156|274|188|188|208|205|183|220|158|206|153|190|215|187|212|221|186|193|153|137|211|180|166|132|137|196|323|321|265|274|340|197|222|364|323|259|218|255|235|287|244|250|236|211|223|237|220|229|245|228|204|228|199|203|212|260|132|89|83|103|91|118|157|154|134|73|90|127|133|171|347|179|157|128|125|95|159|112|126|118|101|132|136|106|104|262|470|218|166|165|182|130|174|145|155|137|144|166|178|126|147|146|382|657|215|152|162|160|117|136|258|223|165|170|192|177|193|149|157|175|169|325|165|315|212|167|296|218|467|199|218|277|283|330|708|306|483|265|582|498|532|536|535|528|315|266|370|166|346|273|464|725|436|724|376|372|254|215|190|341|331|300|219|221|399|358|413|536|316|240|520|364|444|403|290|314|509|277|228|412|324|326|336|324|368|363|243|335|389|662|1032|501|577|269|424|373|266|331|1214|803|618|491|809|490|360|416|638|440|432|372|291|349|332|555|397|688|444|445|509|635|721|372|426|428|516|510|493|1009|479|556|715|560|544|369|547|563|724|424|511|326|468|462|410|354|513|367|349|315|648|358|410|316|386|277|232|220|363|278|637|560|564|1097|510|495|665|1095|556|450|419|739|701|542|512|541|389|368|894|1058|1252|830|896|733|450|378|290|372|251|258|359|265|420|247|221|413|271|246|169|230|233|240|445|244|285|151|261|210|247|172|324|312|196|230|205|315|291|179|293|183|343|315|294|409|407|672
687,Aatu Räty,365,44|30|48|36|54|52|37|35|30|27|35|27|28|31|32|21|24|23|53|68|39|34|31|30|44|26|46|44|55|44|37|45|65|52|46|36|34|64|51|83|48|41|37|38|60|31|28|46|41|27|33|27|91|29|33|36|71|68|41|28|34|55|35|66|34|38|56|239|72|66|73|138|59|180|138|118|92|85|123|71|54|51|67|52|36|45|44|34|51|43|29|40|53|72|32|20|39|56|35|27|12|28|31|27|19|36|24|11|28|17|35|27|27|14|17|40|28|25|29|21|19|22|33|31|21|23|43|20|24|27|29|29|43|46|32|33|25|29|29|36|22|25|42|25|62|48|34|33|21|33|38|23|29|29|32|30|33|22|22|32|62|36|62|29|110|45|45|180|82|77|45|49|39|57|45|157|49|106|47|76|50|38|95|58|83|59|52|80|66|71|98|104|136|31|77|37|76|58|80|57|74|45|151|34|40|171|105|91|85|43|67|96|70|70|44|57|69|125|88|34|62|55|46|54|46|43|76|37|34|76|33|61|60|789|185|176|98|81|83|204|147|83|92|100|62|90|90|129|52|78|42|45|44|56|80|59|97|99|57|82|100|111|50|56|64|55|65|52|92|43|91|120|52|69|34|67|44|95|39|52|34|52|44|40|36|61|42|59|63|64|71|43|52|49|35|23|27|29|38|32|53|43|37|29|31|28|54|36|50|44|68|53|37|59|40|44|36|39|56|58|36|66|64|86|71|57|82|31|26|49|46|44|33|24|88|60|50|35|35|28|36|48|36|43|25|50|31|32|27|51|64|33|44|29|45|67|28|39|35|52|45|39|63|30|61
688,Marco Rossi,365,100|86|102|238|117|186|111|738|513|184|118|106|132|133|192|149|113|276|210|306|418|207|211|149|198|250|196|196|193|180|168|171|213|198|266|170|168|142|158|207|798|919|586|379|249|384|377|408|360|447|232|188|185|217|175|355|287|165|120|137|128|127|194|327|266|177|254|239|175|668|452|238|136|195|326|248|212|136|123|103|97|111|120|86|83|57|68|102|104|64|106|101|60|62|96|196|139|82|82|76|76|52|98|97|109|61|76|40|67|89|66|62|83|64|47|71|205|125|83|69|56|52|49|72|63|108|555|340|117|90|81|80|59|61|53|39|47|49|52|70|60|55|42|49|88|46|37|43|41|40|48|49|42|46|61|50|36|56|65|88|39|155|63|52|48|88|137|66|77|83|76|103|98|100|128|213|96|125|84|213|105|79|80|80|78|85|89|93|86|70|65|92|110|66|89|45|150|51|135|47|72|74|76|66|161|72|60|64|98|71|54|72|78|56|46|60|60|58|72|68|64|75|48|63|63|69|81|54|56|80|44|59|47|55|65|83|88|106|66|19615|3990|2438|1016|1297|429|432|500|545|408|393|166|166|132|154|422|217|262|222|126|254|298|181|138|164|206|129|150|154|159|104|176|134|110|122|146|129|131|204|138|148|148|145|162|109|130|154|107|150|129|177|111|159|114|149|113|105|91|78|103|110|178|183|161|189|139|127|288|326|237|190|482|426|288|250|264|195|197|217|160|196|187|264|247|470|210|140|197|137|107|447|168|690|184|143|470|192|290|237|265|230|197|154|108|127|101|122|88|104|81|229|246|122|151|81|110|119|78|117|97|184|269|117|197|106|165
689,Max Sasson,365,27|34|32|26|18|13|28|19|7|36|13|11|13|17|16|13|19|11|16|11|11|21|40|22|20|18|34|24|22|26|15|20|20|12|18|23|38|27|37|30|23|27|30|17|56|27|20|16|40|16|17|27|142|57|37|24|31|67|38|28|8|111|44|72|24|112|42|286|66|62|75|67|22|117|80|43|30|28|24|18|22|21|13|15|19|12|17|21|13|19|15|18|19|13|11|18|12|10|9|19|22|26|19|17|11|22|14|17|12|18|15|14|9|18|19|5|17|10|9|10|9|10|9|21|10|9|13|9|10|8|12|13|16|10|6|13|11|7|15|11|21|14|16|12|13|16|7|7|16|12|12|15|13|8|15|16|20|14|13|17|36|22|17|14|59|20|15|336|52|65|92|43|27|17|19|15|24|24|20|38|80|66|507|1155|297|110|79|89|78|567|93|86|93|57|96|37|252|88|66|32|188|46|127|39|39|131|136|35|87|24|44|275|78|80|144|38|22|58|26|23|64|30|32|202|52|37|110|35|30|59|44|21|70|96|52|159|34|24|282|88|147|336|650|382|167|311|151|461|74|267|61|70|56|40|93|62|80|70|40|84|179|135|38|63|54|52|392|48|158|51|332|44|30|60|29|131|32|237|50|72|40|46|38|55|92|93|44|36|34|35|43|36|27|63|28|22|48|31|32|34|26|15|32|26|23|34|36|36|26|30|84|68|52|28|36|34|24|40|28|39|35|52|39|243|152|93|84|39|35|37|29|34|13|16|33|24|45|87|33|10|24|28|25|27|19|29|10|20|24|172|59|33|91|32|39|138|27|45|19|38|31|35|27|22|67
690,Zeev Buium,365,736|986|2963|18370|2135|1575|737|2702|2465|817|384|303|383|227|416|215|224|263|411|348|262|330|261|299|335|262|223|179|141|170|186|196|348|175|813|295|344|663|1029|426|370|234|190|130|142|116|129|113|119|103|125|70|97|149|158|127|126|84|93|71|76|115|93|74|94|78|106|105|130|139|184|364|190|162|153|276|225|128|137|117|116|130|210|135|95|91|95|145|166|136|133|92|73|90|111|100|132|131|112|69|80|77|83|120|76|65|98|88|62|80|84|65|98|81|64|85|69|68|78|68|88|91|61|69|89|87|87|59|61|64|225|157|93|75|76|72|62|124|105|111|99|106|91|127|123|212|139|92|106|150|135|126|121|115|112|92|103|137|138|203|140|240|154|221|216|266|606|319|270|464|344|382|551|372|366|692|277|3191|1056|1268|1562|697|812|925|822|609|701|476|664|273|272|427|695|336|313|304|273|198|254|238|188|1081|255|349|707|258|359|183|444|160|177|248|361|253|111|183|370|219|360|268|224|187|188|317|312|239|613|153|172|331|195|296|168|288|179|188|152|165|709|31731|14589|8948|3596|4073|1294|1617|2440|2233|845|1196|526|441|695|812|1017|376|708|571|409|436|831|2062|495|452|523|398|480|360|856|265|421|346|256|368|301|393|240|378|276|316|260|675|321|451|327|345|239|286|230|438|274|352|256|282|221|187|183|151|148|177|252|236|246|362|273|240|455|489|440|375|1269|1035|693|495|636|483|271|408|302|363|325|418|399|529|439|292|592|289|212|301|254|339|283|226|278|263|319|341|372|280|356|450|228|534|318|399|272|308|216|854|453|251|275|215|228|236|219|425|277|506|468|290|836|270|501
691,Derek Forbort,365,50|62|48|44|62|49|44|44|37|68|38|44|53|32|33|32|40|41|46|43|36|45|30|34|28|33|39|30|30|71|33|58|51|29|33|116|73|45|54|32|27|23|76|39|42|22|235|296|105|59|72|50|42|49|38|26|37|25|36|26|19|30|35|29|29|46|43|29|30|32|33|39|26|45|39|60|46|29|32|32|40|31|15|31|27|19|26|22|28|37|42|31|35|17|24|40|30|42|21|16|28|25|25|22|26|24|46|20|19|29|31|16|18|31|20|21|17|28|20|20|23|12|14|18|14|21|19|15|24|20|17|33|27|22|22|14|25|22|22|17|20|28|32|17|34|13|26|28|29|21|14|26|27|27|21|21|32|38|22|18|28|32|38|14|78|39|31|122|78|34|23|46|74|79|48|123|42|97|45|45|49|48|40|26|45|27|18|29|26|40|26|29|40|34|33|18|25|38|34|36|29|26|35|41|19|40|38|36|42|20|34|31|41|24|33|27|24|26|28|31|36|41|20|55|25|25|29|35|22|35|23|34|23|43|29|41|22|23|24|59|47|41|40|60|37|35|40|49|36|32|28|31|25|38|40|21|45|56|36|40|40|72|30|50|41|27|34|31|39|33|41|42|35|46|37|32|60|80|32|47|40|39|39|38|50|44|25|43|30|29|30|37|34|35|30|35|29|35|30|31|33|23|19|40|28|21|51|40|17|30|57|45|30|29|31|54|38|144|50|35|68|55|54|47|54|47|26|31|31|33|35|13|35|32|28|26|38|23|29|22|35|33|28|21|22|28|27|35|39|34|43|14|28|23|26|26|25|26|29|33|38|36|64|42|62
692,Filip Hronek,365,64|79|58|63|52|59|44|42|37|31|23|38|41|43|27|69|40|55|66|62|56|114|76|91|78|58|77|73|48|60|46|94|104|57|98|77|80|75|49|57|51|36|41|23|19|32|28|33|25|35|34|49|28|38|36|44|33|23|21|22|34|52|60|48|38|37|39|26|33|43|62|38|41|37|53|58|52|29|42|30|37|52|36|39|25|36|24|33|24|23|25|21|38|24|16|26|27|28|35|16|23|17|28|40|23|30|28|25|34|55|25|42|47|27|28|29|23|29|14|12|23|19|29|33|16|33|15|21|32|21|23|26|23|31|32|44|32|28|22|26|20|32|32|28|28|36|26|26|34|29|35|30|39|30|25|28|44|36|30|21|31|36|109|40|51|31|69|73|38|89|63|70|65|46|59|135|58|102|61|71|44|43|73|63|71|56|50|55|34|58|52|78|156|59|76|45|55|65|97|68|100|42|61|55|57|78|89|71|78|39|30|95|96|88|102|54|53|106|54|61|172|92|84|97|64|73|104|95|65|81|66|57|65|74|60|146|63|70|68|299|410|340|138|257|94|99|112|154|72|83|45|37|49|67|79|93|116|141|68|79|124|269|87|151|122|105|267|159|110|79|108|109|109|130|110|111|197|195|143|197|99|148|93|80|71|135|62|103|88|118|85|83|63|90|96|115|99|107|160|169|593|268|165|265|128|263|712|266|225|310|270|185|143|81|128|122|117|123|77|96|97|185|146|149|107|119|103|52|59|142|61|68|64|51|53|36|68|56|84|49|39|105|39|90|53|71|43|35|45|64|107|56|86|53|48|76|42|61|62|162|82|54|142|63|137
693,Pierre-Olivier Joseph,365,59|110|116|99|96|60|68|56|52|59|54|83|82|58|70|151|366|604|92|50|65|68|54|54|51|56|58|60|50|46|45|68|36|28|43|50|89|133|91|103|169|132|78|49|44|29|34|33|54|71|132|321|73|64|64|55|56|40|58|36|31|52|71|69|58|30|51|45|38|47|30|70|45|67|91|1201|663|180|113|105|122|117|103|86|80|68|60|68|56|88|75|68|50|49|42|48|35|52|42|24|33|37|55|44|62|41|50|38|39|42|49|46|40|49|42|54|60|51|37|42|48|42|51|48|59|65|81|51|44|49|45|50|39|46|49|42|41|46|50|51|57|49|51|71|106|56|54|57|54|50|57|50|74|48|68|94|94|126|133|71|76|98|416|126|269|95|83|96|111|113|193|428|416|228|152|167|102|95|96|126|99|71|123|117|105|89|259|423|79|240|125|376|435|233|233|105|495|74|80|54|73|60|212|118|47|84|51|51|57|34|55|123|68|55|75|66|61|47|49|57|50|46|49|58|56|54|144|56|61|108|69|67|75|78|67|43|73|37|39|115|80|70|62|72|56|40|67|79|58|78|47|42|60|58|60|63|78|227|59|82|278|109|68|46|134|71|75|74|74|60|287|145|69|87|56|64|68|91|58|74|74|69|128|164|83|87|63|219|82|243|115|359|80|651|126|60|60|57|58|34|56|46|49|66|53|52|69|64|64|71|90|84|64|67|126|99|68|192|65|117|60|101|108|97|95|63|53|49|43|51|49|45|43|59|180|57|79|58|58|63|57|113|45|264|59|109|46|53|44|113|119|65|81|49|52|39|28|81|40|47|51|55|110|78|79
694,Victor Mancini,365,57|48|78|67|54|45|61|49|28|68|63|38|34|28|40|182|86|57|57|42|56|36|79|45|47|37|41|62|66|122|55|86|43|24|89|81|55|49|81|102|38|50|141|96|97|59|59|86|104|49|68|29|88|57|36|49|42|65|42|38|38|137|55|75|43|93|49|288|114|104|115|135|83|38|76|72|51|43|48|157|92|38|132|76|30|23|43|25|27|25|26|29|23|24|36|18|25|31|23|29|20|29|14|30|29|20|24|37|30|48|20|16|25|20|22|20|27|17|24|21|25|39|41|31|19|23|25|39|29|22|22|22|28|30|41|30|18|32|29|24|23|26|26|24|27|30|23|23|26|31|28|58|41|35|24|45|39|253|276|84|502|174|125|87|89|75|61|225|100|110|89|143|184|165|95|177|102|100|59|79|60|51|135|188|596|378|160|131|84|119|105|97|291|161|109|82|77|59|59|71|63|57|52|46|152|60|51|44|37|46|72|47|57|53|53|60|63|66|57|90|43|49|62|37|61|35|49|31|48|53|54|36|47|63|59|62|52|34|35|151|121|78|79|93|59|53|51|62|42|42|47|30|48|156|65|44|57|47|28|40|54|49|36|32|55|38|42|59|65|65|156|86|63|71|58|158|80|66|62|66|63|50|48|65|62|110|58|59|75|70|56|66|67|56|45|36|36|24|33|36|21|18|32|42|35|34|25|23|32|43|59|35|34|30|47|37|33|45|33|71|64|92|56|94|64|42|53|36|21|79|36|71|37|57|97|31|116|234|86|59|84|44|45|51|34|88|26|186|41|41|41|48|49|31|39|62|24|37|33|78|23|31|37|33|29
695,Elias Pettersson,365,43|66|48|59|68|52|49|55|34|35|38|30|46|44|41|31|42|48|50|37|30|62|36|27|39|38|73|47|38|47|41|43|31|36|37|42|45|55|54|67|43|34|33|27|37|32|37|29|36|35|44|36|27|27|28|37|32|33|40|18|33|49|64|42|39|32|25|42|60|58|55|67|36|37|71|63|54|59|41|41|29|37|46|42|22|22|28|21|30|39|36|26|37|24|29|13|31|28|31|23|31|22|38|48|33|40|27|19|28|32|41|46|21|32|19|26|36|25|25|23|21|21|43|27|18|26|43|71|32|38|29|29|28|44|23|26|29|22|37|30|49|30|31|56|63|40|27|34|36|47|61|51|54|36|38|33|34|65|48|40|53|42|131|64|98|101|58|67|138|194|71|73|85|61|99|301|103|192|80|131|47|90|129|173|205|89|92|117|44|75|95|160|175|50|90|56|55|51|38|35|63|30|30|29|23|34|36|28|21|21|16|43|41|38|29|19|26|86|49|51|81|42|46|85|77|62|59|53|69|77|91|93|79|167|52|81|52|34|78|177|159|145|72|126|60|53|105|92|65|90|46|35|37|46|139|55|144|85|56|74|99|137|52|76|74|71|101|114|262|86|106|53|30|36|34|42|48|75|36|80|34|61|54|56|22|109|55|76|61|134|46|82|52|129|36|50|34|25|41|62|58|79|92|66|45|57|110|58|66|57|69|102|64|80|91|64|69|139|81|128|83|134|116|104|110|72|113|55|50|68|57|76|60|56|98|33|74|36|56|35|67|110|48|37|35|40|44|48|34|95|70|52|35|38|47|62|30|52|42|86|66|50|126|125|222
696,Marcus Pettersson,365,78|66|48|70|87|54|55|41|48|45|58|41|46|41|54|72|88|103|123|86|102|151|144|86|146|106|121|83|111|102|39|96|116|76|149|91|73|140|59|72|29|36|42|34|37|32|60|44|48|43|40|43|43|48|35|39|52|37|40|37|40|68|51|29|35|19|42|99|82|65|68|94|59|48|74|91|58|30|38|36|33|35|39|32|26|26|34|39|34|40|32|24|40|21|24|23|34|24|23|25|23|33|35|49|35|34|32|25|19|32|28|33|29|30|26|24|27|24|23|22|26|21|20|27|28|31|28|26|34|23|29|31|27|32|29|19|21|23|25|25|36|19|25|29|40|31|29|41|41|20|23|28|45|47|34|36|55|46|37|28|37|33|76|38|110|39|36|91|63|134|65|54|70|144|80|180|80|131|48|127|39|43|103|122|140|83|139|225|49|88|64|92|209|59|147|37|106|54|61|33|104|42|60|42|38|93|60|38|88|31|35|125|88|110|70|47|40|76|43|43|83|85|63|86|65|60|77|32|38|71|48|33|70|127|55|108|43|45|53|183|121|96|58|144|124|41|91|108|40|105|40|41|42|32|109|73|118|85|57|68|92|129|45|60|92|42|114|72|706|171|157|73|82|111|58|108|102|130|88|116|70|90|102|166|70|107|68|90|59|166|39|72|48|91|58|42|46|32|48|54|39|33|58|40|28|40|64|39|38|38|70|53|40|48|67|37|45|81|52|134|81|82|76|94|82|37|105|39|40|51|36|74|34|47|64|35|66|49|62|48|86|88|44|50|23|54|32|62|43|178|70|45|58|39|53|54|28|89|49|53|61|37|68|33|119
697,Tom Willander,365,59|37|76|374|254|112|86|161|110|103|100|107|121|88|80|119|190|153|113|56|184|66|50|47|85|51|610|404|179|138|76|66|79|49|83|66|61|55|52|48|47|45|30|25|21|31|32|26|36|21|27|34|27|22|18|29|24|22|20|21|20|33|19|27|28|28|37|44|53|50|93|181|64|69|73|78|77|30|56|59|33|46|45|61|24|24|13|13|29|25|22|32|25|25|19|29|31|30|30|22|20|31|42|53|32|31|18|25|19|18|27|24|15|15|11|19|23|24|16|12|18|18|27|19|16|13|13|16|15|16|22|22|23|26|12|22|22|16|24|25|28|32|23|21|28|31|28|56|56|78|45|45|24|34|28|28|25|51|40|49|101|63|86|36|56|40|29|41|50|172|58|51|49|40|38|62|41|36|26|38|28|39|38|63|46|45|60|60|50|53|60|91|87|299|463|83|84|77|61|39|316|83|153|41|49|109|133|50|83|39|42|67|70|68|76|42|55|60|28|34|63|43|51|138|73|58|86|51|65|55|58|50|61|706|137|111|44|43|62|209|221|119|88|137|71|64|113|101|57|78|50|55|46|57|77|53|113|206|66|72|146|121|84|102|55|57|61|67|205|50|74|53|63|68|45|66|51|73|41|84|39|76|45|39|40|200|83|90|48|347|70|47|56|56|28|26|29|29|52|61|34|37|52|35|31|57|83|44|73|31|61|69|29|36|59|44|49|50|47|60|47|98|77|98|77|55|68|48|42|36|42|77|60|37|59|37|39|33|46|39|57|67|40|97|72|58|27|32|25|89|105|37|37|42|50|58|31|40|44|63|64|37|68|47|68
698,Ivan Barbashev,365,73|77|98|282|89|144|69|120|391|481|90|82|188|85|151|95|78|120|85|222|69|417|74|308|76|163|58|512|92|63|42|74|56|54|63|58|41|74|49|45|51|62|55|42|47|40|52|69|143|55|62|64|42|73|53|28|42|31|39|51|30|117|65|58|53|42|58|62|110|85|73|91|69|139|151|111|77|51|41|32|46|37|46|39|38|42|38|24|24|22|33|26|22|36|30|14|33|31|35|27|24|20|31|41|19|25|34|32|31|31|31|23|28|31|21|37|22|23|35|22|34|17|29|31|33|29|24|14|33|19|25|26|27|18|34|26|21|24|64|52|40|34|28|21|43|44|45|30|28|32|31|26|44|49|29|51|35|31|36|42|35|84|36|42|40|38|39|44|46|43|65|64|72|121|244|81|53|72|47|53|71|60|60|44|155|65|167|56|48|46|38|47|39|55|60|49|75|47|41|37|47|152|49|201|49|84|60|109|70|43|59|61|111|89|43|68|25|45|27|52|41|75|40|53|53|47|74|35|43|85|48|40|87|44|61|39|194|54|56|73|93|50|35|45|65|39|59|65|47|45|40|33|30|26|108|65|106|68|47|139|80|60|60|66|90|41|80|60|107|70|51|69|63|132|66|119|85|76|55|47|69|125|60|43|52|77|44|80|43|117|79|41|44|117|86|69|55|38|67|42|38|53|46|38|58|35|64|54|45|42|79|70|72|52|80|78|58|99|54|61|100|103|62|89|62|103|39|61|38|65|66|59|55|32|50|32|38|34|37|148|37|53|38|144|35|62|52|51|55|46|82|47|65|64|62|44|26|41|39|65|58|80|36|95|52
699,Braeden Bowman,154,146|814|202|122|689|157|517|202|542|391|329|134|171|129|73|96|73|66|554|94|90|152|55|66|29|82|33|81|35|42|29|29|31|54|21|30|46|54|26|92|20|40|32|58|28|91|40|23|50|38|24|33|31|37|29|41|27|35|60|24|38|352|120|38|62|61|36|46|26|45|1021|121|59|32|161|30|38|35|66|36|25|29|75|34|30|16|18|27|37|38|18|22|22|18|16|27|18|40|45|64|53|34|23|55|41|152|72|36|61|104|91|59|65|49|93|28|32|28|108|51|52|31|12|56|30|27|18|18|17|14|10|19|25|20|18|33|32|25|20|33|24|46|12|20|20|13|25|16|9|22|23|15|33|26
700,Pavel Dorofeyev,365,114|117|85|1421|156|218|63|117|123|67|41|34|196|123|104|59|57|59|125|212|92|243|72|172|49|235|53|428|95|52|38|40|23|22|39|39|37|31|29|27|27|46|33|18|33|14|25|24|26|25|21|24|22|39|24|24|23|17|32|22|26|41|30|19|23|36|27|34|29|40|30|44|45|128|199|138|90|41|35|32|51|63|27|27|24|18|21|24|18|26|26|28|21|17|35|34|36|25|30|29|19|15|23|43|36|23|22|26|15|28|15|27|19|23|20|16|23|16|16|23|17|10|17|20|17|21|14|15|26|18|20|17|44|26|21|15|24|21|25|31|17|25|26|36|30|22|14|15|20|16|21|28|24|61|100|45|37|46|40|41|27|54|34|29|35|48|21|48|45|58|54|68|57|101|3721|1042|319|779|404|368|347|173|804|276|312|125|1027|265|192|138|117|124|79|335|468|154|200|72|58|53|62|93|73|72|45|124|64|76|51|45|64|44|98|108|59|71|36|38|36|61|57|54|37|56|46|36|47|29|59|62|43|37|72|36|51|42|172|44|53|31|64|30|38|48|183|46|28|53|108|56|71|31|34|37|61|28|60|47|32|114|53|34|34|42|45|45|56|34|52|111|37|36|64|599|97|182|113|109|51|56|92|298|93|45|57|377|71|81|51|82|114|37|53|150|164|63|54|29|37|28|44|36|41|35|25|30|47|49|41|36|55|56|56|58|282|84|96|68|46|60|175|52|36|145|67|90|45|57|30|325|66|345|78|62|90|41|49|43|52|67|38|59|40|81|38|66|53|62|47|41|157|49|118|58|48|54|23|50|38|196|39|97|45|88|57
701,Nic Dowd,365,336|161|137|249|381|153|812|207|195|197|381|82|138|796|139|75|73|88|129|357|132|309|218|148|83|168|51|54|175|51|49|54|49|64|50|63|56|63|68|80|60|48|56|43|42|38|42|30|45|27|68|41|44|54|32|36|37|17|48|41|34|56|49|42|50|28|39|41|50|49|68|56|35|37|47|54|38|30|36|40|54|26|32|31|36|22|37|29|28|24|35|26|25|25|34|35|25|20|32|22|34|21|26|21|36|29|27|22|25|34|25|40|37|35|31|25|30|29|16|18|46|24|21|41|23|23|28|25|47|32|33|35|27|26|42|19|18|22|42|28|30|26|27|33|26|42|43|39|51|33|30|27|37|27|27|29|56|31|40|30|56|44|37|25|42|38|49|30|69|36|42|34|61|110|539|59|47|80|81|68|109|35|54|100|108|33|81|132|44|29|56|58|37|36|55|46|58|55|34|41|29|47|72|56|31|40|27|32|234|63|54|48|228|45|92|26|77|57|41|54|39|51|46|40|28|39|36|51|34|42|78|43|75|43|55|25|46|35|262|114|77|39|33|202|51|70|57|63|32|39|71|27|39|50|80|35|67|95|60|46|57|88|39|131|91|94|57|1006|333|221|108|204|89|94|72|107|102|76|59|122|42|73|101|62|56|59|42|479|103|124|67|322|190|45|99|69|63|35|55|35|47|34|52|49|43|33|51|45|46|39|140|83|58|51|108|53|134|135|76|73|59|3678|1825|977|262|388|230|136|122|117|90|139|69|70|73|74|68|75|193|120|39|58|52|94|68|447|79|134|88|54|98|68|93|60|60|127|50|71|64|294|42|82|59|178|57
702,Jack Eichel,365,492|511|485|2902|543|1263|497|960|1534|478|309|298|2212|594|3115|475|472|540|628|3004|627|5868|785|1597|920|1728|410|3268|654|663|669|784|494|592|668|370|446|453|385|354|319|473|605|485|327|326|304|333|656|354|588|240|318|460|217|275|531|229|386|466|422|1135|433|413|295|238|352|300|231|451|401|511|338|610|882|767|678|473|511|443|500|467|486|495|414|350|361|336|290|328|319|290|257|263|285|264|275|141|205|124|122|181|148|179|125|153|167|178|187|181|170|164|172|143|140|154|127|153|156|140|111|131|131|172|147|172|159|120|158|195|183|185|181|185|169|141|133|177|160|239|213|305|147|158|167|159|214|231|157|164|157|192|176|180|209|181|170|187|179|232|287|388|246|226|223|301|285|249|308|290|320|394|476|2442|3939|1161|521|653|458|578|1040|571|938|518|919|591|859|532|556|499|491|469|439|645|913|419|558|389|328|351|469|490|328|431|412|499|475|487|371|317|407|291|437|393|275|391|392|521|324|456|336|363|347|407|401|352|415|238|305|383|272|277|404|286|740|367|620|302|757|382|426|423|393|459|454|320|328|349|373|299|349|229|224|270|407|320|427|458|410|898|651|439|415|359|453|366|496|287|430|625|357|353|873|1492|423|461|444|556|541|705|1281|1816|436|380|374|559|349|583|403|719|1079|501|506|647|874|853|736|1136|797|777|2854|1766|7760|5804|1705|869|4113|1870|7452|3296|29749|13199|5101|3487|3435|1928|1476|1425|998|1214|1863|1201|760|771|676|1497|494|671|476|579|372|545|357|339|770|647|654|496|481|419|306|357|419|649|335|571|396|414|304|335|406|307|495|376|327|303|299|408|341|1202|350|632|385|574|468
703,Tomas Hertl,365,116|101|90|1658|172|383|119|150|280|142|84|89|255|103|212|101|98|89|146|365|108|554|158|1096|525|514|171|499|160|130|106|111|108|61|88|78|69|98|66|102|59|87|88|73|68|57|59|57|64|58|62|58|55|66|73|40|58|47|49|68|47|87|75|56|36|58|84|1518|626|334|168|267|159|243|263|194|149|88|90|51|82|62|58|76|81|65|87|77|63|34|47|58|58|41|50|53|40|47|34|34|46|45|43|36|43|49|41|54|43|64|40|62|60|44|40|37|45|47|39|34|37|19|35|32|45|41|33|44|47|105|61|74|42|39|47|46|49|35|51|46|58|38|42|50|46|44|30|46|35|39|48|38|45|46|44|46|34|50|50|58|45|62|54|49|64|50|59|104|72|111|92|71|78|111|195|407|932|338|134|116|189|91|221|89|167|86|108|61|75|119|86|86|96|94|107|59|170|105|59|79|53|87|104|108|84|160|84|159|124|95|132|66|113|83|61|161|61|112|89|107|109|77|88|65|113|107|487|97|102|87|64|68|166|53|141|55|87|59|103|70|86|73|60|107|112|75|80|68|216|85|234|88|59|74|120|63|230|141|118|129|94|85|86|138|249|153|141|94|135|828|170|119|136|378|127|138|110|274|96|94|193|271|95|93|87|163|88|103|73|126|173|98|98|120|188|157|109|139|131|195|917|508|197|318|175|684|1214|349|229|150|201|175|118|105|144|117|175|146|92|74|131|283|136|112|109|104|56|76|75|137|81|103|71|78|111|61|69|68|72|79|46|53|86|136|48|79|65|86|62|93|99|51|89|54|80|72|54|117|41|120|55|94|56|94|111
704,Alexander Holtz,365,66|57|77|92|95|92|81|68|107|79|65|56|76|66|98|78|59|175|82|96|75|97|61|73|91|78|54|56|63|41|35|52|47|38|51|39|48|58|53|61|45|65|60|51|57|70|52|46|52|45|52|42|50|37|37|49|47|53|39|49|47|63|59|45|45|67|66|46|50|77|71|111|97|101|110|83|69|58|69|59|64|48|54|50|37|28|38|58|52|61|57|34|40|40|43|39|44|29|36|33|36|27|33|43|28|36|43|33|41|38|27|25|47|45|34|43|37|38|18|46|32|30|34|24|32|44|37|61|39|45|36|38|27|29|24|33|33|31|25|29|43|34|43|40|31|22|23|33|30|30|29|45|47|77|54|41|53|53|49|30|39|61|62|48|62|62|67|66|63|122|62|65|179|177|117|103|84|89|67|64|82|74|109|66|133|51|83|103|116|89|90|109|84|76|78|42|88|47|58|59|39|51|51|54|55|49|53|70|42|63|70|52|49|44|37|57|46|63|60|76|54|64|52|35|49|61|82|69|79|59|52|60|119|75|59|39|56|54|46|142|77|47|60|63|85|53|42|52|56|52|72|40|30|45|297|81|97|77|61|99|71|63|73|96|66|73|86|70|64|74|51|49|84|84|58|171|75|65|58|48|53|125|68|41|59|74|54|60|54|60|75|59|68|101|109|51|54|50|48|53|54|56|65|69|52|77|95|70|56|62|64|73|66|55|58|61|76|61|56|61|69|389|398|162|74|61|54|49|64|55|38|48|71|80|57|40|55|48|40|41|32|55|44|49|39|46|40|35|36|40|28|38|66|44|77|56|40|36|25|42|67|53|31|43|49
705,Brett Howden,365,84|67|80|1397|230|225|116|155|161|77|61|232|1122|427|272|189|95|160|195|475|117|772|306|313|113|369|131|861|1176|421|163|139|1512|4968|6176|4670|1249|428|1325|1802|542|318|247|208|123|114|107|67|96|110|103|95|85|99|72|102|101|92|68|74|56|68|68|45|48|56|51|40|38|40|33|53|45|70|100|90|49|46|40|32|43|38|44|74|34|25|31|29|19|39|40|32|33|27|25|29|79|264|317|213|167|115|113|261|104|64|42|55|61|41|48|27|31|35|23|28|30|41|35|35|32|23|19|21|27|21|26|20|19|21|29|21|14|23|27|16|31|17|31|26|42|27|35|30|12|37|32|30|42|48|36|52|39|37|37|26|38|54|38|36|39|58|49|50|42|38|29|65|28|43|50|53|38|59|56|89|33|37|41|30|62|336|434|125|117|71|62|27|28|53|47|58|60|53|98|38|75|47|52|41|56|59|46|50|44|77|33|68|34|41|48|29|68|47|45|90|54|28|25|33|40|52|26|86|50|94|71|45|71|120|71|55|95|48|372|59|117|44|71|38|46|33|39|35|38|26|35|46|85|57|65|42|48|52|105|51|97|55|54|56|99|61|54|54|387|58|104|72|60|487|126|84|114|77|57|66|84|76|47|59|39|81|61|44|49|45|45|32|31|53|45|35|54|53|49|54|38|28|35|33|55|32|24|26|40|21|50|30|24|36|69|42|57|62|321|52|44|51|41|54|40|51|56|54|60|99|31|66|38|41|38|41|30|30|47|32|36|26|40|37|33|286|39|109|28|52|50|54|48|39|156|45|264|54|63|55|66|57|33|59|39|53|43|56|37
706,William Karlsson,365,117|107|141|469|216|272|149|232|337|146|120|123|546|160|392|129|141|130|135|1074|144|1653|205|2267|268|456|198|638|273|236|130|175|274|156|414|166|195|206|114|134|158|229|194|105|105|104|79|114|103|63|99|81|243|253|164|133|110|76|93|91|57|159|114|124|87|122|91|160|214|137|143|198|125|197|226|164|113|107|74|63|187|84|90|88|74|66|66|51|32|36|60|57|43|57|58|49|38|58|53|42|52|70|50|73|60|42|37|62|42|51|51|52|42|63|80|56|83|50|49|51|56|35|53|67|61|48|38|39|44|48|46|36|51|37|63|69|45|44|88|112|86|81|79|67|73|71|51|55|49|36|38|37|40|72|70|55|58|54|53|77|62|84|55|68|48|62|57|90|77|77|63|72|86|141|251|164|98|133|113|98|129|89|288|96|177|90|166|90|64|97|100|158|100|85|96|71|104|81|61|79|101|113|66|97|83|219|83|57|87|83|101|80|96|65|65|79|85|82|84|119|67|70|47|84|70|94|99|56|231|264|153|116|123|80|94|66|93|55|120|87|127|67|56|105|103|60|71|84|97|76|120|79|92|76|121|77|163|263|136|185|127|118|115|168|130|167|171|79|125|138|122|84|125|189|100|142|180|119|76|79|102|194|97|77|69|103|106|137|139|186|172|83|99|139|145|114|118|64|82|155|130|115|116|104|102|142|278|132|123|87|207|169|130|101|169|114|129|170|110|82|140|121|140|133|100|157|75|86|70|135|67|122|90|73|81|89|80|86|74|101|59|113|59|126|76|142|153|142|113|89|140|72|131|82|77|124|76|110|53|175|111|124|72|167|96
707,Keegan Kolesar,365,53|57|58|360|70|123|79|82|577|111|60|30|146|61|125|69|65|76|81|451|97|875|103|531|80|606|87|2040|180|88|65|65|51|55|68|38|38|62|49|52|37|48|49|55|38|59|36|36|52|41|78|33|44|46|32|17|57|18|45|38|23|42|44|31|28|35|33|36|30|24|40|40|53|62|106|46|58|32|26|32|50|41|28|36|27|21|23|19|29|26|34|32|31|40|31|30|27|22|28|30|19|13|25|33|27|12|58|27|24|25|20|38|27|29|19|16|34|26|39|19|25|21|15|15|24|31|25|17|25|17|17|25|21|19|15|18|17|30|27|27|22|25|30|29|28|20|18|21|16|24|22|37|29|33|22|27|20|33|26|45|32|92|33|20|36|20|62|58|33|38|35|31|41|45|110|65|28|73|41|36|54|50|114|28|105|28|67|30|34|41|58|100|49|56|50|32|75|36|34|48|27|50|30|53|31|108|41|46|28|30|52|35|71|47|44|65|51|90|29|82|45|39|41|50|118|55|62|26|41|51|30|43|59|55|135|35|85|49|59|41|45|42|46|39|61|32|24|56|69|22|83|43|40|40|106|36|77|106|54|278|168|72|76|55|1072|162|173|63|172|103|55|59|98|530|77|144|88|85|128|161|102|1633|170|95|84|132|52|230|48|160|107|37|68|139|96|47|46|37|45|52|54|49|44|45|43|34|40|41|56|46|88|63|73|53|86|64|71|139|39|44|84|127|43|127|46|269|39|53|24|45|36|152|35|28|65|30|65|42|44|67|30|74|33|324|37|86|58|91|47|38|73|28|429|73|76|107|64|71|33|99|61|90|38|97|57
708,Tanner Laczynski,365,8|11|13|16|7|14|11|19|15|23|11|8|17|25|26|19|17|20|25|25|23|42|14|28|21|36|16|19|29|11|8|13|13|17|22|21|17|18|11|12|12|8|16|12|8|22|16|17|14|14|11|7|17|11|13|10|8|10|13|12|10|9|13|6|10|12|9|30|22|7|13|15|9|10|17|18|19|16|11|11|11|7|18|13|10|7|9|11|8|9|10|20|12|17|10|7|9|9|19|4|10|5|11|10|9|12|14|9|6|12|11|10|13|20|8|16|9|9|14|9|12|21|12|6|9|4|12|15|12|8|16|9|6|7|8|7|10|12|4|10|12|10|9|9|8|9|6|12|6|6|11|11|11|20|13|18|16|17|12|28|13|21|23|10|15|16|56|25|11|15|14|11|15|17|17|18|14|15|9|16|12|13|26|20|16|9|19|11|19|10|11|10|10|13|17|15|11|10|9|9|15|15|11|12|10|14|13|10|12|12|13|10|16|24|28|48|43|11|9|22|16|8|10|9|7|16|7|14|11|14|20|16|13|16|16|6|15|14|19|12|16|13|10|12|18|17|11|8|10|10|19|15|29|24|19|18|14|31|30|27|15|27|27|29|25|17|13|17|22|21|15|12|26|123|30|60|24|165|26|27|42|116|47|29|30|54|27|30|17|15|59|18|41|30|19|20|18|20|30|34|42|12|9|18|7|15|11|14|19|12|24|20|18|16|155|36|26|25|21|23|12|22|18|17|14|18|14|10|33|18|12|14|12|15|17|16|9|13|15|23|9|11|25|27|21|10|16|15|21|16|12|23|22|14|15|20|21|18|14|21|15|12|15|15|16
709,Raphael Lavoie,365,22|22|22|19|12|14|18|15|20|31|22|24|34|15|31|30|26|38|30|59|30|65|31|41|23|47|22|41|37|26|25|23|18|22|50|25|23|31|32|25|21|24|90|27|20|38|20|17|21|25|33|24|18|26|20|29|27|26|31|27|16|28|18|20|20|9|19|23|35|19|21|41|27|39|49|41|36|34|19|74|65|65|60|19|12|18|21|18|13|8|23|19|12|8|28|20|14|17|7|32|12|16|19|8|29|13|6|16|14|22|15|21|15|17|10|23|14|15|14|14|12|22|11|22|11|12|13|17|7|26|20|9|19|10|14|20|15|11|10|12|19|10|26|16|12|11|8|24|13|21|11|19|16|15|21|24|18|33|25|35|31|26|52|24|33|30|29|86|79|27|26|19|32|17|26|16|26|21|16|18|29|19|21|16|19|27|20|22|30|33|23|24|17|8|17|11|29|16|22|14|21|16|21|33|18|23|21|22|13|23|13|16|18|27|21|17|12|13|26|15|12|15|25|36|11|18|20|30|23|16|10|17|16|21|29|13|22|21|21|21|17|26|17|23|9|20|16|12|14|20|24|26|26|28|21|27|37|24|11|27|22|20|23|11|27|15|13|9|13|13|10|10|6|17|14|19|17|18|17|70|18|20|14|12|14|27|20|9|10|13|20|7|15|16|21|16|14|7|6|8|13|11|7|17|15|5|6|14|19|17|18|13|16|12|21|24|11|25|20|62|46|30|35|14|14|20|12|15|14|23|13|6|9|10|16|13|11|17|24|20|49|21|19|26|17|18|13|10|29|14|12|15|25|15|11|13|17|12|44|20|24|25|32|21|25
710,Mitch Marner,365,1128|758|2551|3292|1342|2387|1186|2139|1090|2484|769|860|2549|1368|2593|1493|5719|9994|9304|2401|11335|2986|3411|1575|2618|1184|1342|5977|3957|5306|2511|38197|13361|7033|4233|3118|2160|2503|2326|1866|1426|2697|2642|2406|2275|2904|2826|2888|1886|1127|1154|892|1155|1221|948|914|2147|3051|2145|1818|1891|2118|1264|1728|1202|860|1257|1295|1194|1079|1576|2542|3136|11365|20342|12278|5514|2973|2355|1723|1565|1287|985|862|683|662|613|567|541|698|698|665|511|537|519|508|478|368|326|314|324|361|403|414|336|305|281|335|285|292|457|825|494|379|340|327|295|322|288|294|304|311|336|360|392|751|478|476|443|409|364|408|394|1753|1516|816|605|535|721|598|545|707|404|382|480|531|373|362|322|305|342|383|589|619|487|398|528|681|589|663|583|1322|646|689|456|572|605|630|637|783|822|821|1014|1838|3682|1261|999|1186|1111|825|1369|784|1082|664|3135|780|939|769|586|561|750|724|519|461|569|615|690|534|544|431|662|536|657|593|376|813|611|579|858|543|781|372|776|705|584|778|484|562|441|1139|578|525|476|593|604|650|943|420|372|735|411|403|606|518|538|444|801|440|556|420|608|421|539|749|838|587|480|763|966|604|764|506|463|523|784|595|729|1156|1269|1394|898|962|876|819|1143|704|941|570|939|692|677|908|1950|4955|1434|1006|703|634|449|1077|3105|8010|1522|848|664|1254|564|750|513|890|660|724|623|920|929|917|1090|970|927|903|3117|2210|1560|2258|1234|1024|26822|10706|4146|2174|8453|3293|1982|1588|1412|1223|1148|1299|837|833|773|1349|847|733|933|855|475|553|543|852|727|675|484|403|477|392|407|517|521|506|470|531|456|527|498|792|1592|1200|577|454|1130|589|686|410|370|427|369|484|311|620|474|507|397|708|535
711,Jonas Rondbjerg,365,15|22|7|28|23|26|17|16|32|10|19|16|21|16|23|13|27|31|26|38|20|58|37|37|28|36|26|60|215|719|208|104|280|108|476|485|280|149|56|33|34|36|24|19|17|19|15|15|16|17|14|19|21|21|14|14|17|10|11|80|51|37|19|6|12|9|10|11|11|21|22|16|19|38|30|33|25|20|124|117|135|139|131|123|109|106|106|115|114|119|115|114|121|116|115|103|107|14|7|10|16|6|10|15|9|13|13|9|15|9|12|19|17|10|6|10|14|10|10|15|5|13|4|15|8|11|6|7|12|13|8|9|14|12|9|13|9|14|14|14|12|12|9|11|12|13|9|10|15|16|12|17|8|14|15|13|17|17|19|9|14|26|7|8|19|13|14|19|11|24|31|24|27|26|23|14|24|17|36|20|36|49|42|32|28|28|35|40|42|27|40|16|18|48|22|22|33|28|28|23|33|39|19|34|31|23|32|41|23|31|25|16|27|33|5|11|5|20|7|13|14|9|10|11|15|16|20|16|11|9|12|12|12|16|18|8|17|12|6|11|9|16|20|13|10|14|23|8|11|19|22|15|18|20|34|25|28|27|41|78|65|42|56|49|117|72|46|41|30|27|41|25|32|22|19|20|35|26|61|29|24|101|42|49|50|48|50|29|42|69|89|51|71|148|131|79|127|128|111|111|149|78|228|142|75|146|78|40|51|41|53|43|35|42|51|48|31|15|24|22|21|6|10|13|17|13|13|20|25|13|24|20|16|16|24|12|17|11|12|23|12|13|18|11|12|16|24|45|38|16|12|13|21|5|16|12|9|18|4|11|7|7|5|9|8
712,Brandon Saad,365,189|188|166|2317|277|698|193|538|923|270|130|133|1257|235|701|223|195|251|148|1477|287|1649|235|317|179|195|189|250|174|116|138|163|141|121|117|235|222|178|151|128|116|320|200|148|120|164|171|113|165|117|202|665|317|228|177|148|180|121|160|133|108|159|189|148|131|125|169|137|132|325|338|228|133|172|224|232|162|169|260|214|219|203|195|190|210|180|168|187|167|191|171|156|186|161|192|172|171|84|51|74|52|53|62|76|66|64|62|66|96|86|48|75|71|64|68|82|127|69|73|50|300|436|631|475|315|312|276|229|240|216|185|157|135|117|124|122|105|68|115|78|94|98|78|85|84|71|74|78|87|64|102|88|142|101|92|85|72|101|80|106|88|87|80|71|74|79|69|112|94|99|96|103|103|193|178|169|105|145|94|123|160|153|192|117|188|168|326|134|111|167|157|175|181|199|400|146|202|103|105|132|118|299|111|187|133|217|154|184|95|152|151|105|506|141|90|244|156|134|131|230|143|150|108|146|141|113|172|114|4614|786|158|167|203|123|131|95|123|125|118|106|178|71|110|114|205|101|90|112|142|144|176|95|82|97|210|103|174|184|143|291|271|133|935|147|205|137|171|122|113|102|113|99|118|218|147|159|156|187|135|104|110|129|130|95|120|101|176|198|214|116|106|119|174|231|126|106|105|82|104|106|186|94|157|149|95|95|133|113|183|151|537|413|262|172|507|188|206|451|183|172|171|160|167|160|124|269|126|113|106|105|117|122|100|126|116|72|83|90|71|89|98|109|64|75|59|101|101|98|115|72|85|79|108|91|130|209|114|150|79|365|113|101|106|139|116
713,Colton Sissons,365,50|22|36|30|32|23|24|32|34|19|13|20|24|24|23|34|19|28|20|17|14|37|21|18|36|28|14|19|50|22|18|29|48|20|22|46|98|39|36|48|27|34|34|22|19|35|27|30|28|32|33|23|27|27|20|18|26|14|26|18|21|33|16|17|25|29|20|30|24|25|32|42|34|1381|323|145|102|70|58|60|51|50|62|41|34|33|20|30|28|28|49|37|30|23|29|35|36|25|22|35|15|19|16|42|27|20|29|23|26|22|19|26|21|24|19|18|30|17|27|24|30|16|22|23|28|26|22|13|27|16|17|20|33|19|16|27|19|39|24|31|30|32|24|21|26|20|21|31|38|34|30|34|25|30|35|31|30|42|36|34|44|95|38|31|26|45|83|46|52|134|45|49|50|75|203|99|43|170|50|37|91|42|91|32|211|36|54|35|32|70|42|76|41|28|38|24|41|37|13|37|53|122|36|41|37|39|30|68|30|29|53|33|53|37|30|63|39|44|25|44|33|46|21|27|35|25|164|62|40|36|30|27|40|42|22|18|61|28|53|30|28|25|16|31|46|20|24|71|48|30|79|24|29|24|182|36|54|119|29|63|37|42|30|28|44|30|43|34|45|59|30|33|47|40|41|61|44|37|35|31|42|52|36|20|33|43|31|36|30|38|34|34|38|31|36|19|23|16|44|37|32|18|48|31|20|18|31|25|31|29|43|26|37|26|101|52|44|82|39|26|48|53|50|81|60|91|26|29|24|155|35|35|28|29|40|28|35|91|40|31|29|91|44|55|25|44|26|77|47|36|17|18|199|32|53|104|28|42|18|43|28|36|28|45|36
714,Cole Smith,365,48|30|33|27|10|21|16|25|27|36|20|21|19|24|32|18|18|23|21|24|17|25|21|23|23|23|22|13|6|29|24|24|14|44|21|30|32|39|27|41|32|26|26|30|23|16|17|22|25|27|28|18|20|13|18|15|23|24|18|25|10|24|39|38|23|10|22|28|25|25|11|26|22|31|33|37|28|27|23|26|17|16|15|18|15|113|35|10|21|13|16|11|19|20|12|184|487|128|49|21|16|33|29|23|129|67|46|45|43|27|39|27|95|61|37|40|41|22|24|20|27|19|25|23|41|52|69|33|26|40|28|38|170|57|53|49|61|44|76|99|69|50|25|49|13|39|39|35|25|22|29|45|24|40|53|32|35|31|25|38|17|22|17|21|28|22|22|29|16|61|91|22|31|25|27|652|107|111|146|102|85|50|51|44|56|47|67|65|56|175|70|130|72|101|68|38|58|51|48|44|49|135|37|33|49|25|18|34|33|33|31|40|28|28|18|31|27|33|27|44|27|33|28|39|54|39|32|25|19|19|21|83|75|43|34|22|54|23|32|25|21|609|333|93|93|50|86|107|63|56|153|54|72|42|61|40|47|79|32|50|58|117|40|40|34|33|34|25|38|57|16|33|23|27|44|32|27|20|69|79|52|59|39|50|39|57|39|30|32|34|46|41|38|267|47|35|33|31|52|23|36|32|28|46|30|35|42|35|41|35|60|31|38|21|26|41|26|42|47|38|2249|762|198|317|135|130|46|59|48|58|44|66|31|27|101|237|102|155|62|70|69|89|38|116|37|58|39|171|46|40|43|36|69|22|57|211|128|110|70|54|27|41|30|52|44
715,Reilly Smith,365,128|127|142|450|171|281|187|376|351|193|124|110|550|163|255|118|115|133|158|355|181|645|146|6856|836|739|243|845|290|185|212|226|140|124|202|144|206|206|126|133|151|234|188|122|148|134|128|120|145|102|134|123|109|121|89|130|125|97|124|94|102|288|139|117|117|100|94|85|312|325|133|107|94|157|240|212|140|112|121|93|118|85|57|83|65|47|55|48|50|47|65|54|60|60|57|47|61|47|52|42|52|55|46|55|56|64|39|76|82|37|40|57|71|47|51|45|64|60|76|54|36|57|24|57|75|52|39|60|73|46|54|58|64|41|62|50|45|373|8576|5885|2494|1087|871|940|1192|1007|841|498|414|320|293|251|247|199|217|199|208|242|263|233|264|280|208|244|226|236|193|198|177|204|176|155|200|260|410|494|281|297|223|194|246|186|267|272|518|232|244|206|155|191|165|166|169|192|172|148|188|121|137|144|182|233|192|242|167|178|163|179|318|224|219|122|155|196|374|219|167|180|192|202|195|265|259|313|260|210|205|155|160|199|160|143|220|179|162|136|192|145|182|177|194|142|181|168|177|169|134|194|196|225|251|255|518|576|517|577|542|320|275|446|306|217|186|191|330|211|353|179|177|185|224|427|483|654|385|425|539|334|262|269|349|458|291|193|224|349|354|404|261|272|264|175|176|214|174|177|193|175|204|203|199|187|222|276|216|188|221|207|203|203|306|502|311|270|324|252|214|398|235|251|321|313|172|145|159|216|180|176|160|160|140|185|153|158|223|141|163|156|115|278|149|110|92|179|91|165|127|220|144|108|126|86|166|128|123|156|107|145|94|174|192|298|305|472|307
716,Mark Stone,365,228|243|292|1039|333|618|267|567|945|505|232|194|1149|435|1654|339|313|356|299|6122|673|2701|472|2369|710|1546|470|1387|415|260|328|266|220|212|214|203|218|250|223|192|203|309|293|162|153|184|270|203|225|134|206|159|140|175|100|109|189|91|180|174|139|498|217|209|175|122|141|109|113|129|137|191|190|259|480|392|288|193|257|225|268|242|216|243|232|187|202|195|200|229|193|208|192|192|210|201|191|97|71|75|96|73|60|73|63|71|71|104|99|67|76|113|82|72|68|65|84|98|83|70|80|51|54|74|65|62|84|72|66|75|86|83|95|80|92|92|83|97|117|110|91|90|106|106|117|179|130|96|71|83|90|121|121|122|141|112|96|103|132|111|100|159|109|139|117|134|140|164|155|137|138|146|169|241|431|298|149|202|110|115|250|181|486|201|668|329|331|246|463|340|222|195|151|146|151|112|188|106|105|116|135|158|114|165|134|164|152|163|157|116|201|147|215|192|141|168|135|143|133|156|136|148|199|444|324|193|247|128|156|229|119|164|235|105|250|127|264|136|656|204|221|154|180|171|354|136|134|364|349|154|228|125|174|229|277|156|366|1233|895|677|446|253|375|230|854|213|483|243|594|452|206|246|589|1080|243|481|315|458|263|184|421|3255|480|365|316|481|224|306|182|274|479|248|305|510|589|445|530|635|526|533|8380|3242|1145|5883|1234|811|2019|1185|1889|1007|6346|1804|870|570|547|387|375|484|450|277|292|442|347|284|198|277|160|184|185|246|148|230|129|121|184|127|157|146|148|188|154|252|132|1006|163|228|291|255|657|162|375|184|567|204|174|221|139|297|136|480|143|392|182|225|154
717,Kai Uchacz,43,31|16|12|16|98|66|6|9|7|5|3|7|7|5|11|5|7|6|3|26|5|7|7|11|9|2|3|15|7|14|8|5|6|10|4|3|12|9|7|6|13|17|8
718,Rasmus Andersson,365,75|261|216|137|119|93|95|75|52|51|68|43|61|38|46|91|78|95|98|79|90|239|199|116|172|96|304|144|97|90|61|84|178|131|292|168|261|265|136|114|85|86|107|81|71|74|81|82|112|85|81|64|81|84|70|60|54|55|59|80|61|65|85|74|238|183|286|203|356|344|347|259|200|513|726|292|289|143|118|100|124|80|80|77|74|80|84|52|68|117|61|62|61|69|58|46|46|46|52|69|41|51|38|61|37|36|31|38|41|34|44|38|69|51|85|85|94|104|39|41|41|39|59|54|73|57|35|35|52|21|43|226|166|81|56|60|68|62|67|51|94|58|34|46|65|78|38|45|95|38|36|54|41|41|50|56|44|43|58|73|70|44|56|43|47|39|52|89|41|53|49|53|72|86|187|88|104|52|46|53|70|110|44|54|60|59|108|68|104|65|81|62|132|76|86|71|56|42|43|73|85|43|88|75|64|42|57|44|89|227|342|199|177|82|84|129|170|67|53|84|160|90|113|87|92|70|70|72|93|78|81|112|82|135|66|106|76|112|57|84|93|70|137|278|187|200|109|791|154|110|196|90|92|102|185|101|455|367|174|190|172|202|158|176|156|201|191|135|413|271|523|527|463|748|2737|4376|5761|1702|571|542|558|883|315|301|185|247|153|225|146|178|231|191|167|446|301|206|218|169|160|446|226|219|187|172|133|258|468|199|130|112|184|186|182|123|260|154|112|113|107|109|131|226|173|135|111|157|89|104|87|69|70|214|84|61|102|62|57|64|88|79|39|74|65|112|71|167|102|197|68|63|190|49|221|83|78|103|62|80|46|93|52|105|54|86|71
719,Dylan Coghlan,365,15|29|39|27|14|18|23|23|31|40|26|13|19|18|42|17|18|50|21|37|32|30|23|27|21|24|21|21|44|27|29|17|14|10|15|21|17|27|28|28|16|19|29|29|24|19|18|5|15|7|8|10|11|16|11|16|15|18|25|8|3|10|10|21|16|10|12|17|9|10|11|9|23|11|484|247|101|57|34|28|36|38|54|25|28|15|29|15|19|10|13|20|18|20|36|18|13|22|14|37|16|13|23|17|10|8|17|21|17|17|10|9|8|18|13|10|10|14|18|14|14|11|21|13|11|9|12|20|10|9|10|15|15|18|18|12|20|20|17|18|11|10|12|19|7|10|11|9|11|19|14|24|20|21|16|15|31|52|21|60|14|32|36|17|11|34|51|55|24|19|15|21|13|10|22|17|18|24|19|8|17|18|16|9|29|20|18|19|19|10|9|15|22|11|15|20|14|12|21|23|24|16|11|17|13|15|11|11|19|20|19|15|30|11|13|8|12|9|15|13|15|13|9|8|14|19|21|15|16|12|5|12|14|18|48|51|16|15|22|20|15|14|9|17|15|16|5|10|16|22|21|11|13|17|24|18|26|24|20|21|21|19|17|9|18|7|145|30|32|22|10|17|13|17|20|22|24|21|40|22|56|35|17|9|20|28|25|17|21|25|26|22|24|21|16|18|16|10|20|8|10|12|9|11|11|7|14|15|13|6|20|10|27|21|39|14|26|13|19|32|12|14|18|14|9|14|13|10|18|14|15|14|10|20|15|13|10|7|17|13|8|6|14|16|6|13|9|11|22|19|13|15|20|17|11|20|17|18|16|21|15|15|9|23|13
720,Jeremy Davies,365,11|7|13|16|13|26|8|7|5|11|14|12|7|9|14|9|9|8|17|14|9|14|12|6|8|7|37|7|11|14|2|8|7|8|10|14|26|22|21|25|13|5|17|8|6|7|8|12|4|8|15|6|9|5|6|6|19|7|8|5|9|8|2|9|5|9|11|9|12|6|11|11|14|10|28|89|785|232|136|84|45|32|23|15|16|11|16|24|16|9|11|15|9|9|19|13|10|9|3|4|10|6|17|8|13|8|14|7|9|16|8|12|4|13|11|10|12|16|10|13|10|14|11|6|9|9|14|14|10|10|19|21|15|22|15|19|9|9|13|12|9|13|17|16|4|11|8|15|12|12|11|7|11|12|12|3|15|31|21|18|15|59|14|17|6|9|15|17|9|23|12|204|86|37|29|15|21|25|20|10|12|16|16|15|14|15|11|20|36|17|27|46|10|17|14|9|8|14|6|13|15|10|9|16|21|20|15|15|21|10|10|21|19|11|9|19|13|11|16|11|13|11|9|10|11|19|10|20|17|13|25|8|16|16|17|1|9|9|12|16|11|11|13|13|15|20|11|12|9|14|7|11|8|15|11|18|4|8|8|17|17|17|8|8|24|14|18|16|16|13|13|15|10|19|15|12|10|13|12|8|13|19|10|13|16|12|11|10|7|13|11|17|5|15|14|12|12|10|7|14|15|12|14|12|17|23|24|41|25|25|66|28|12|7|16|13|13|15|21|14|13|10|10|9|19|11|12|10|16|9|12|8|6|16|11|12|10|12|14|7|8|8|11|9|10|7|9|8|10|10|41|45|8|10|9|6|13|10|6|12|15|7|15|17|12
721,Noah Hanifin,365,148|146|164|389|132|514|179|294|379|145|83|79|226|190|376|105|170|130|176|727|216|550|148|498|136|408|123|454|183|127|92|319|205|133|190|119|125|133|112|119|98|146|159|290|150|150|123|107|300|218|181|123|114|105|78|54|89|84|78|74|80|139|82|70|83|65|86|109|73|129|173|212|121|230|498|663|1005|367|227|167|210|170|137|127|106|90|92|64|74|73|68|66|55|64|77|79|81|82|62|53|61|50|58|69|52|54|51|53|77|66|59|72|65|52|58|61|47|48|46|66|50|53|58|105|79|66|53|50|51|65|62|47|68|73|76|407|64|101|63|58|73|60|60|56|41|67|53|49|85|55|51|48|50|50|53|72|77|88|70|89|103|124|82|55|67|75|75|82|109|73|95|106|118|142|271|139|93|113|88|121|167|115|157|90|143|119|135|109|85|97|86|89|84|83|80|81|106|74|64|89|72|166|101|140|92|167|92|114|66|77|110|70|145|124|93|120|67|72|80|94|98|79|77|106|91|99|95|99|79|143|86|85|117|91|118|88|253|87|120|90|114|95|81|96|147|81|102|141|184|90|113|83|85|99|133|90|170|171|142|1368|773|275|249|171|227|146|221|175|203|207|156|172|196|269|131|286|542|278|199|183|605|383|239|170|162|194|134|148|131|219|208|168|188|281|445|549|431|343|351|372|1240|758|4613|3405|793|1187|2225|814|1468|1073|13245|5438|2450|1944|2220|1520|1011|692|480|443|599|400|240|271|252|395|142|159|117|149|100|150|108|107|140|116|123|127|112|121|123|131|111|210|87|150|143|182|111|114|152|73|169|103|115|121|104|131|92|182|84|124|80|119|106
722,Ben Hutton,325,3|5|1|3|2|1|1|1|2|1|3|1|6|3|1|1|3|2|16|2|4|8|1|4|7|4|2|2|2|1|10|1|4|1|1|3|1|2|2|1|1|1|5|3|6|6|5|1|2|3|5|1|4|3|1|2|2|4|2|1|3|2|3|1|1|3|1|1|7|2|1|1|6|1|1|3|2|2|1|2|1|1|2|2|2|2|2|1|1|1|4|4|2|1|4|1|5|3|2|1|2|2|1|3|2|5|4|2|1|3|4|2|2|2|4|2|4|2|2|1|1|2|2|1|2|1|1|1|2|2|2|2|1|3|1|16|9|6|2|1|8|5|52|26|38|23|36|24|18|26|25|26|30|19|30|22|34|24|18|23|13|17|17|26|13|24|19|12|26|20|28|31|25|26|25|327|74|108|32|26|31|26|22|37|41|28|48|25|30|109|30|30|49|37|51|38|65|23|40|80|73|46|45|36|45|23|42|37|65|20|25|15|15|20|94|37|73|108|34|41|36|42|44|30|52|29|39|35|38|38|18|22|43|102|34|28|35|30|35|23|46|204|42|41|25|58|24|19|28|50|44|33|28|157|36|22|23|17|25|23|34|20|29|27|20|19|28|32|37|33|82|44|46|32|29|24|22|42|41|20|27|31|38|29|21|26|15|12|15|17|13|15|12|23|23|28|23|27|20|19|17|16|24|25|14|120|21|167|19|21|19|23|37|27|40|115|23|37|15|24|22|27|20|24|26
723,Kaedan Korczak,365,16|20|30|46|20|36|22|14|35|19|27|14|23|15|34|20|20|24|21|243|32|111|33|95|20|53|23|55|42|12|14|13|20|6|17|21|25|18|29|17|19|26|17|13|16|16|14|19|19|16|12|11|16|11|14|14|6|13|12|15|27|43|20|17|17|18|19|22|14|17|15|23|22|45|60|354|242|62|40|39|32|32|15|12|15|27|12|14|24|16|21|16|20|12|18|13|16|9|11|14|15|5|15|11|12|5|18|14|8|24|21|11|16|13|10|7|15|18|12|12|15|12|9|31|17|13|13|20|11|21|18|21|25|14|17|17|12|20|18|10|18|11|8|14|10|14|13|17|13|21|13|12|23|26|11|19|24|30|16|51|125|110|126|118|134|15|120|126|110|65|24|23|36|30|87|42|15|38|23|17|186|39|86|27|133|32|42|16|16|19|34|39|21|25|23|12|21|18|16|18|19|27|21|36|19|107|24|46|25|23|33|34|34|48|26|46|36|37|13|21|27|25|24|49|18|19|38|18|22|40|19|21|38|25|64|16|41|22|33|16|28|15|25|23|23|19|18|105|85|26|42|16|17|24|68|27|28|37|20|46|35|25|41|29|76|37|35|21|55|45|27|23|42|64|27|58|76|39|30|25|42|143|36|19|24|45|31|49|25|45|28|24|23|75|33|30|28|21|30|16|24|12|13|26|12|14|19|28|18|16|35|28|25|25|19|50|47|42|49|39|39|25|27|33|19|44|18|28|19|43|17|171|55|28|32|30|22|20|22|16|18|34|15|41|14|23|24|22|29|35|27|16|75|32|39|31|17|22|20|44|25|61|17|50|31
724,Jeremy Lauzon,365,68|49|39|46|51|41|43|24|21|30|31|22|25|44|25|22|35|36|36|34|25|33|26|18|26|29|26|24|18|27|20|29|21|29|19|21|29|28|31|35|39|21|23|29|27|21|24|30|33|23|34|26|22|23|20|21|12|22|31|28|37|17|37|12|18|15|30|104|111|53|36|37|45|1222|328|119|87|99|58|57|66|51|58|41|27|31|23|26|28|25|37|29|29|22|35|36|34|24|31|20|17|31|19|17|27|15|27|28|18|28|26|22|16|24|25|18|28|11|25|20|28|31|13|14|21|42|18|20|21|15|22|17|25|26|33|21|19|23|29|14|21|38|22|27|24|24|23|23|28|22|23|37|41|30|27|31|27|28|27|62|29|28|31|23|31|33|34|27|40|210|37|69|57|81|215|92|37|175|46|36|103|38|164|55|248|54|67|32|39|49|80|94|70|49|42|28|48|23|48|45|41|107|67|61|32|64|24|73|31|39|61|32|45|34|54|47|35|31|24|73|47|32|24|29|187|41|113|241|218|123|52|42|45|49|50|32|39|34|43|34|36|32|40|42|98|33|39|250|88|49|65|26|30|67|40|49|60|110|36|78|53|68|62|60|104|46|45|48|130|93|53|55|93|99|53|200|126|53|51|57|444|150|66|57|82|193|40|64|55|69|58|40|41|102|71|62|41|33|43|35|32|28|26|33|40|20|35|25|22|19|46|47|49|46|158|62|83|77|63|64|68|45|40|168|54|72|39|69|54|44|18|76|46|36|37|25|166|255|306|244|187|182|145|218|101|106|84|116|83|64|78|53|393|59|87|72|58|109|49|43|43|72|75|73|50
725,Brayden McNabb,365,57|49|73|323|79|226|62|113|275|111|58|44|189|97|233|70|74|72|74|484|74|1497|267|758|154|656|100|427|129|93|57|73|52|48|52|36|38|68|58|43|41|46|88|51|48|47|56|39|45|39|50|27|56|59|53|43|58|33|35|31|30|89|48|53|33|53|40|42|48|50|50|56|51|53|74|82|44|69|145|145|167|148|137|146|128|132|136|125|129|129|120|134|132|116|131|135|138|53|31|32|18|20|25|36|26|23|34|30|30|30|22|33|24|34|32|25|28|21|28|28|32|23|36|29|37|29|29|34|20|25|28|21|30|21|52|44|28|34|30|31|31|25|38|26|41|26|17|35|24|27|14|35|24|23|32|21|23|34|30|36|26|58|22|19|30|18|28|70|47|37|41|33|36|60|143|68|41|82|42|32|69|50|92|25|107|54|58|31|29|43|60|81|47|44|55|21|71|30|32|37|30|64|38|43|38|68|37|67|29|35|133|31|72|60|33|109|58|44|36|49|43|51|33|34|42|37|62|26|43|63|38|32|79|30|38|27|130|38|87|41|108|38|30|40|84|37|32|76|92|47|44|29|43|51|130|34|126|75|46|61|65|39|48|36|80|40|38|49|33|49|34|40|64|74|32|46|92|79|80|53|56|84|55|50|51|42|36|49|22|57|49|47|49|74|69|31|39|29|31|28|29|38|32|31|42|24|45|33|28|38|61|41|44|49|91|64|70|72|51|49|138|154|52|62|40|110|34|60|45|94|45|52|48|35|501|75|47|44|116|131|34|52|39|103|28|59|52|85|546|76|64|42|145|58|63|121|46|51|40|98|45|66|33|92|30
726,Jaycob Megna,365,53|33|35|40|52|64|40|47|45|32|44|64|52|63|44|62|55|56|84|47|64|45|71|57|101|31|53|77|65|68|39|166|69|119|67|137|72|153|64|101|68|189|108|103|65|64|66|84|257|79|222|64|70|303|98|69|179|50|204|94|96|2218|513|392|185|231|172|167|82|68|64|81|59|70|561|449|152|97|81|54|81|74|68|52|75|65|57|59|50|60|70|53|84|41|50|41|38|39|36|32|35|26|32|35|30|30|32|44|35|32|25|43|24|25|27|46|42|39|30|31|34|28|28|42|33|29|27|27|24|32|17|24|24|24|24|28|28|25|41|30|29|39|19|25|25|30|45|31|22|18|38|21|34|19|30|27|31|53|29|35|27|37|53|28|32|43|175|44|31|42|39|25|36|46|31|44|47|34|33|38|30|43|36|32|54|35|33|123|94|66|63|62|42|48|71|45|35|41|19|48|28|31|45|24|33|40|47|24|58|26|27|39|47|50|32|33|170|27|29|42|31|28|28|32|32|53|37|41|62|81|104|77|80|47|63|52|37|34|31|55|51|28|24|32|35|23|32|116|58|43|31|28|24|23|38|46|32|50|30|188|114|74|253|42|73|56|94|49|52|35|33|34|42|42|48|69|54|167|68|37|65|51|50|45|57|23|36|49|69|84|56|53|57|56|45|68|63|21|37|24|108|35|36|75|40|32|37|36|35|69|145|83|49|43|63|47|51|96|51|46|31|69|33|30|30|37|24|28|27|25|28|30|25|31|26|33|32|31|33|32|27|30|51|29|29|33|23|17|23|26|20|44|42|22|24|29|31|21|38|24|23|18|23|28|25
727,Shea Theodore,365,76|102|105|384|135|297|112|157|316|138|79|81|201|203|520|96|96|124|107|671|118|620|112|485|141|336|100|402|150|95|96|109|100|68|77|71|77|113|87|78|86|104|204|227|111|96|82|75|115|53|65|66|82|55|64|47|58|29|69|49|46|131|66|95|81|69|74|62|62|66|54|110|95|146|177|151|119|90|54|41|80|68|49|56|34|37|42|42|40|45|37|35|27|35|46|37|48|48|42|44|49|37|41|26|29|41|38|61|74|50|49|82|72|50|43|44|38|61|66|49|32|26|37|33|37|42|45|27|27|46|45|48|29|45|42|44|44|46|54|67|49|57|53|56|58|40|41|53|33|40|41|35|55|62|56|45|43|33|62|48|67|91|49|48|80|60|53|74|65|71|88|104|73|86|165|122|67|69|62|78|113|84|104|51|113|55|83|69|87|56|61|94|59|70|77|51|88|53|41|66|51|64|56|84|51|129|96|106|61|55|192|64|95|84|58|156|83|73|73|151|78|59|65|75|88|71|73|54|64|190|88|62|238|86|79|52|113|64|72|65|67|44|57|69|78|47|60|76|76|91|63|51|60|92|90|71|135|852|649|374|255|125|138|122|152|93|137|102|183|127|82|94|190|177|74|199|180|109|74|89|133|225|106|105|107|1051|705|196|119|183|188|147|164|195|257|382|644|600|428|505|1241|1314|620|1412|555|390|1031|623|8927|2335|6456|1440|609|376|325|248|201|210|110|110|155|103|114|152|153|200|112|105|85|87|77|100|72|56|84|80|86|76|59|94|62|61|53|119|67|62|91|165|501|78|101|63|124|96|98|103|55|95|74|104|70|111|78|171|85
728,Anthony Beauvillier,365,219|106|98|239|6168|1153|1188|297|433|377|644|158|197|498|145|90|153|163|213|282|160|329|107|135|105|236|82|504|700|149|94|134|99|104|92|63|90|101|113|124|89|94|56|103|68|71|65|61|77|71|74|87|73|81|56|48|72|53|63|68|63|84|81|92|324|142|115|102|74|95|128|157|90|135|339|380|325|411|157|105|89|73|70|65|61|51|58|62|47|59|47|55|50|46|44|51|41|49|45|52|45|62|70|71|82|63|59|56|55|51|63|79|67|47|70|53|49|46|45|54|35|44|49|50|41|37|46|49|50|63|52|50|46|56|89|38|50|56|46|51|50|43|64|60|107|80|81|61|51|61|50|55|44|57|65|51|61|68|48|82|63|70|51|66|74|74|70|57|67|54|80|56|106|136|134|86|111|188|723|121|133|91|124|122|197|100|86|97|60|89|109|83|70|62|87|80|164|148|92|86|48|92|415|280|129|118|91|128|110|84|95|85|89|95|77|99|209|148|87|89|98|79|89|114|102|186|290|167|101|175|120|127|119|142|118|104|167|101|126|172|162|122|97|122|74|152|140|110|76|89|117|87|70|110|301|248|214|304|186|138|177|291|158|169|165|165|175|294|116|122|112|226|134|174|120|112|141|134|109|159|116|136|160|85|101|117|119|113|111|132|102|401|248|117|133|86|106|86|80|108|125|96|76|102|92|76|85|92|81|83|138|109|81|79|118|125|142|169|116|95|93|93|129|130|118|171|123|166|119|88|126|77|53|76|154|225|87|131|158|90|81|66|68|95|64|119|121|97|87|91|75|74|95|110|85|77|118|88|161|138|99|79|174|83|82
729,Pierre-Luc Dubois,365,325|272|408|719|1959|337|1166|549|662|428|990|220|467|964|335|218|171|660|401|491|386|577|391|254|250|441|165|225|504|219|210|216|184|158|129|197|211|171|157|140|89|166|164|113|126|121|124|140|118|78|116|86|114|128|91|76|120|79|84|121|110|291|121|104|88|68|110|130|111|97|86|173|117|115|110|147|139|159|150|118|119|140|103|68|96|63|83|66|82|87|87|149|170|130|127|96|106|75|75|80|85|73|57|76|67|61|53|62|66|62|81|68|87|52|82|81|64|62|51|60|62|60|69|68|72|61|78|50|57|74|63|66|67|67|48|55|61|61|67|75|73|69|52|78|82|63|58|67|66|62|81|66|61|95|122|79|106|113|198|168|119|79|95|93|107|102|94|83|107|176|197|141|172|240|258|122|215|195|190|156|179|119|129|137|158|101|114|137|104|154|191|149|107|116|163|98|120|175|104|145|111|182|198|199|123|220|162|122|162|129|146|97|142|88|135|127|162|109|106|129|79|135|105|173|82|96|140|89|102|131|153|81|114|102|107|99|109|107|116|128|200|121|160|117|128|146|197|187|107|136|153|117|113|116|133|167|231|179|173|199|273|211|172|203|178|188|177|212|143|146|156|216|162|178|887|543|230|196|184|155|177|329|209|145|167|175|140|173|151|163|180|250|213|314|548|167|151|105|111|140|158|130|147|187|145|153|184|165|183|132|280|322|251|241|246|240|837|278|172|185|261|155|237|194|163|113|107|146|180|117|237|106|126|207|257|268|187|172|139|106|123|541|198|167|152|150|109|117|185|115|165|119|178|149|266|115|204|185|197|184|134|153|168|164|161
730,Brandon Duhaime,365,99|83|57|235|435|145|666|326|1440|288|2114|561|441|768|181|101|108|93|165|318|104|321|173|85|77|154|63|86|119|84|47|41|119|112|92|93|64|66|64|65|47|44|46|44|57|34|52|34|39|43|49|49|43|36|22|31|37|24|26|37|28|43|28|26|26|21|39|30|40|41|57|46|31|27|64|104|56|37|23|27|25|27|34|23|28|21|17|18|19|16|24|23|23|12|22|23|25|34|18|30|27|24|24|22|32|27|23|26|16|24|28|42|44|18|25|25|21|22|28|26|24|19|30|33|17|21|21|29|46|34|33|21|17|16|19|26|25|8|33|18|13|20|22|34|30|26|18|21|23|24|34|27|19|40|29|45|55|53|14|87|40|53|31|37|41|32|32|35|42|35|48|28|108|104|92|30|32|75|58|47|96|30|99|143|196|95|68|99|51|53|67|54|46|40|58|27|194|86|54|45|33|29|277|113|53|170|56|54|182|151|326|57|49|63|36|28|108|67|39|50|51|50|91|53|55|48|56|42|40|107|241|69|76|37|297|26|42|41|46|49|59|50|36|212|51|96|67|61|25|44|49|36|25|29|54|55|116|72|57|54|58|90|57|214|68|226|58|71|54|48|36|72|61|68|47|110|97|63|56|59|53|63|68|35|41|113|155|82|45|68|68|52|61|55|60|52|89|35|46|31|31|34|40|43|39|24|78|84|49|52|78|56|51|52|89|55|47|180|38|29|51|94|70|69|40|63|64|81|85|47|70|48|35|33|31|79|41|66|56|27|26|50|38|165|115|52|41|40|80|65|71|45|71|94|57|51|55|37|65|62|41|48|57|57|30
731,Ethen Frank,365,79|54|57|54|69|46|62|22|48|39|56|26|33|78|33|26|29|35|52|72|30|71|41|48|35|51|39|32|46|31|19|21|28|17|41|21|32|26|40|33|19|19|22|24|41|20|18|17|28|20|34|16|18|20|14|23|27|18|30|34|13|25|20|16|24|20|22|14|20|21|30|28|42|21|22|36|31|29|25|27|33|22|20|16|24|15|11|25|15|28|30|23|21|19|24|35|14|20|24|17|18|22|19|24|24|17|16|18|20|33|34|23|14|30|23|19|24|18|13|16|29|20|13|19|23|23|22|12|15|19|19|18|17|17|16|23|23|14|16|23|21|16|29|19|20|14|27|29|18|21|23|37|23|35|22|21|45|39|39|37|43|45|37|26|29|30|25|50|51|39|70|76|59|59|40|39|34|76|45|35|54|42|67|75|49|32|70|86|33|50|82|35|32|39|227|82|50|29|32|33|36|29|32|28|25|79|39|74|126|42|66|27|44|29|39|24|109|1462|113|229|88|85|88|139|63|35|58|31|34|84|84|41|251|47|123|33|29|37|74|43|69|27|34|64|31|79|74|601|230|82|156|31|40|33|56|55|98|84|82|43|42|80|27|107|33|46|46|172|72|213|44|1612|227|177|56|75|797|320|98|71|48|82|81|34|33|34|30|102|54|67|32|90|69|56|123|41|46|43|46|45|45|34|47|31|24|22|35|47|42|30|69|62|63|55|86|54|96|81|44|36|286|134|69|146|61|54|141|78|70|56|131|84|85|33|24|64|38|57|309|69|36|36|38|45|24|41|29|20|37|39|34|31|62|30|42|30|32|33|48|42|35|34|32|83|60
732,David Kampf,365,66|38|65|131|60|136|69|96|73|105|42|58|70|59|113|66|70|84|184|74|172|89|121|61|112|76|298|301|165|159|90|321|175|263|530|103|101|68|71|54|47|42|39|27|25|36|38|22|21|16|23|16|25|30|23|24|18|18|17|19|19|28|30|38|29|22|23|30|17|29|22|26|28|55|68|71|52|43|31|28|41|38|39|26|29|17|25|52|25|16|27|39|30|29|24|33|18|25|21|23|14|16|18|33|22|28|21|21|26|26|22|17|24|20|15|25|20|26|13|27|15|17|29|23|19|17|13|21|15|20|22|30|19|22|20|11|26|29|18|24|20|24|27|28|13|17|19|16|16|21|14|30|38|31|28|27|55|32|35|27|27|47|31|56|50|49|49|59|267|260|150|100|75|76|53|72|86|87|64|34|53|38|42|65|65|24|38|42|36|30|57|44|24|32|36|31|39|35|251|449|418|179|257|1323|558|768|374|333|192|2072|1621|2698|3448|1325|1101|375|288|472|142|138|265|134|72|505|92|67|158|53|41|71|45|45|81|103|43|119|36|42|96|114|143|80|71|124|60|62|786|168|56|80|37|30|33|55|114|85|58|436|58|90|118|150|40|212|144|92|86|117|519|65|84|86|51|43|44|87|51|97|32|110|45|65|56|74|69|71|71|82|57|255|58|77|60|91|98|128|75|76|110|137|882|360|138|225|84|807|1081|257|159|97|126|115|78|47|69|53|50|49|42|55|58|67|1305|811|325|180|117|135|82|58|145|139|76|66|79|67|47|34|77|57|84|46|50|41|33|52|43|199|170|88|104|42|51|29|39|63|47|33|36|46|71|40|55|54|46
733,Hendrix Lapierre,365,45|48|36|46|87|61|89|44|57|46|82|34|62|57|73|38|37|65|50|52|35|67|45|56|45|41|38|34|38|37|47|36|40|43|28|44|29|44|39|62|62|32|28|23|33|19|18|26|34|38|29|17|34|24|16|39|34|29|23|30|17|34|18|43|28|16|28|126|37|37|39|65|48|41|48|53|33|45|34|167|63|56|39|20|25|30|22|36|32|17|38|25|21|20|22|37|17|16|34|38|12|21|21|20|24|19|14|18|25|19|12|24|23|31|30|46|34|23|26|17|24|23|20|23|20|23|22|12|23|7|15|14|11|11|12|21|13|19|17|9|25|14|19|25|14|13|20|13|20|21|20|14|16|26|24|23|68|92|36|30|42|88|35|27|24|34|29|38|42|62|42|70|73|82|80|36|35|49|45|52|159|70|74|69|180|53|50|61|47|46|50|53|31|41|42|25|51|22|33|39|22|24|67|42|26|34|35|28|33|40|44|26|75|18|44|36|74|96|36|53|23|45|33|43|41|37|49|54|22|46|61|27|53|26|44|15|26|37|35|45|67|40|24|86|29|43|38|37|36|26|43|24|27|30|37|42|78|79|63|50|43|74|42|70|44|64|32|53|39|44|42|116|51|48|29|57|64|91|56|79|28|412|156|41|46|41|31|27|219|116|53|50|55|29|43|29|62|43|32|30|24|19|46|37|18|21|34|22|21|26|30|27|34|33|93|40|42|41|24|39|43|38|52|43|44|100|102|29|36|34|135|35|32|25|25|48|27|52|46|32|29|40|22|37|17|110|17|28|46|29|35|20|56|63|57|34|51|23|45|51|38|42|31|43|46
734,Ryan Leonard,365,316|251|256|480|1265|585|1292|455|1150|835|625|240|355|914|240|284|246|382|364|962|380|365|244|191|223|212|211|185|447|194|129|126|131|126|245|177|133|176|158|173|104|139|119|118|126|114|81|113|135|103|115|81|107|106|95|93|94|76|85|132|77|107|69|80|77|87|84|117|126|96|151|566|263|190|194|156|133|105|107|79|84|86|134|155|123|70|82|99|100|91|80|79|54|75|72|71|69|61|64|51|72|53|58|61|73|80|48|59|59|62|48|56|69|39|48|62|50|63|49|50|70|76|59|54|55|55|55|57|45|40|55|38|59|34|32|46|48|48|80|115|91|112|89|95|81|74|54|83|67|66|76|94|66|94|75|100|92|85|110|209|162|212|159|186|221|148|113|208|399|163|135|125|210|253|453|126|144|475|208|204|392|185|165|217|317|176|173|508|200|187|213|151|147|108|165|96|132|159|133|122|123|106|255|225|132|170|191|149|186|162|187|164|180|142|136|140|1693|354|175|256|256|280|280|244|191|233|361|304|233|254|1336|440|703|311|317|186|178|279|361|244|204|329|262|305|298|221|841|688|299|283|537|351|442|466|382|334|430|463|360|294|386|488|399|716|244|261|219|277|241|238|194|279|222|475|241|237|238|170|202|284|192|264|249|151|137|177|136|294|194|179|136|199|354|271|225|142|140|181|232|171|199|179|205|181|331|159|203|197|243|260|588|539|397|341|381|297|288|331|257|286|283|218|281|441|233|263|301|259|365|438|532|284|260|265|267|366|269|326|238|185|190|234|234|197|172|214|160|173|295|208|202|205|365|315|196|157|338|166|577|403|236|215|290|219|252
735,Connor McMichael,365,118|67|59|284|281|146|1784|789|570|260|765|88|300|399|108|71|68|76|142|192|101|1969|207|123|106|116|94|87|181|99|269|142|156|75|58|46|74|75|82|68|48|38|47|38|50|59|49|61|46|28|83|51|50|37|26|26|42|43|27|31|28|31|23|31|29|27|51|44|23|37|39|72|69|43|52|65|45|44|26|36|45|27|32|35|29|24|22|34|27|34|34|29|32|28|23|22|31|23|25|26|20|15|24|18|23|18|23|21|21|24|22|16|35|25|22|30|20|19|12|33|27|19|23|27|22|24|31|17|23|17|28|32|12|26|19|20|23|31|30|13|30|25|20|23|24|24|18|18|21|29|27|30|18|26|27|25|40|25|33|28|42|111|23|41|44|48|59|68|42|52|70|58|69|115|130|35|54|88|59|47|135|56|61|53|90|46|48|53|32|60|101|57|32|34|35|20|34|42|46|33|32|34|48|59|33|34|29|42|50|38|48|28|121|52|54|51|172|71|45|63|38|72|27|172|243|223|63|55|37|54|67|38|51|48|57|28|35|55|188|91|81|77|49|58|37|80|55|34|37|37|64|26|38|39|61|44|73|76|71|65|77|86|77|218|67|66|32|135|72|108|47|196|62|65|39|76|61|38|55|54|46|58|110|44|35|42|33|32|42|44|49|53|48|35|34|20|44|30|34|35|35|35|25|28|28|35|38|42|37|27|115|88|59|52|66|49|68|93|41|40|50|34|60|74|40|51|112|69|43|53|101|35|35|25|22|123|47|59|63|52|31|33|33|40|32|39|38|27|39|42|35|29|160|84|52|42|122|46|51|319|111|43|41|44|117
736,Ivan Miroshnichenko,365,45|58|44|56|61|47|46|20|31|20|45|30|37|60|41|40|42|61|49|39|33|47|34|34|29|31|21|21|48|43|22|32|25|30|48|27|37|43|41|64|37|27|46|27|23|30|25|34|33|24|20|26|19|21|32|29|13|14|24|25|18|19|20|28|33|21|15|32|27|28|44|74|47|37|35|46|43|30|18|28|37|28|42|31|22|16|23|35|20|14|21|26|16|29|19|17|18|27|27|16|7|12|37|20|12|26|25|8|14|9|17|13|19|15|17|14|15|20|16|14|14|16|16|18|22|20|8|17|24|7|15|16|20|16|12|26|13|13|21|15|19|21|23|10|14|14|19|18|9|14|27|21|15|25|31|19|46|39|34|22|29|130|38|39|20|21|40|40|49|64|58|69|53|38|31|21|25|35|31|29|23|32|33|22|35|16|22|29|28|24|26|37|24|23|25|24|57|45|27|29|35|22|37|24|31|30|23|25|25|31|20|25|36|38|27|25|35|28|20|37|31|33|26|33|26|24|44|32|29|24|39|25|29|26|38|27|24|20|20|43|42|21|15|26|19|46|75|77|76|34|19|18|25|22|30|36|27|34|16|35|27|39|44|37|30|38|29|21|41|36|23|30|48|48|65|104|56|49|27|34|34|40|28|26|34|32|31|20|35|38|44|30|44|32|39|26|20|22|22|23|32|26|32|14|30|15|32|40|50|47|40|31|29|24|31|26|30|44|25|39|39|28|219|100|35|40|24|46|41|26|35|43|34|35|29|51|61|43|66|45|64|81|39|691|107|132|39|42|67|39|75|30|50|36|70|46|91|25|116|101|56|42|62|45|27
737,Alex Ovechkin,365,16404|9259|7509|9760|22495|9629|9426|6141|9047|7340|8511|4245|6516|11019|5090|3498|4002|4353|8520|24609|8164|9431|7131|5535|5188|6383|3350|4347|13535|4743|4493|4204|2826|2431|2569|2426|2790|2763|2940|2165|2232|5427|6688|4657|2760|2482|2381|2531|3950|1912|3977|1908|2073|3496|1797|1688|2577|1358|2414|1406|1402|4094|1889|2339|1357|1866|2318|1859|1431|1326|1935|1558|1188|1304|1387|1238|1207|1065|1104|1269|1172|1206|1341|1226|1302|1180|1412|1290|1063|1155|3094|1376|1202|1207|1120|1091|1048|946|846|850|791|1014|781|945|1004|838|888|954|963|1378|1076|998|1055|1102|1052|1013|973|1018|861|890|905|809|759|808|782|925|987|835|866|786|918|962|1059|898|820|976|1067|952|1003|926|929|1028|1003|920|937|964|963|994|895|968|1025|1247|2435|1965|1691|1624|1963|1509|1489|1374|1264|1385|1224|1536|1567|1894|1600|1628|1911|1763|1742|1649|2665|4038|4822|2187|2122|3133|2656|3672|4249|1797|2148|4812|2949|1903|1925|2560|1755|2148|4492|3189|2551|4258|4567|2097|2397|2386|2377|1770|1861|2135|28091|9908|4076|3712|2547|2381|3633|2525|2722|1986|3171|2696|3397|2306|4291|7238|2917|2731|2007|2123|1973|5959|2465|2899|3006|2429|2510|2788|4484|2761|2886|2422|2317|1882|1957|2100|2475|2228|2728|2276|2158|4253|2308|2752|2833|3142|3392|2865|3598|2485|2305|2854|4129|3163|3847|4501|4593|3962|4211|5073|3619|5349|4020|6057|4741|6224|4531|5657|4330|5104|3749|4931|4469|4714|5246|4147|3052|3527|3078|3969|4625|3016|2601|3710|2515|4099|8165|4753|3198|3718|3783|3090|3567|3298|4225|3459|3578|3836|5309|4670|4747|5805|4270|3742|5731|4409|6359|5699|18003|9341|5976|4749|4983|5312|4331|5994|3104|2685|3007|2722|3943|6110|3554|3045|3374|3011|3552|2805|4927|2843|1917|2002|2004|4357|2515|2349|5920|6565|2901|2734|1905|4474|2409|2798|1882|2165|4744|2464|2538|2443|4100|4033|2322|3770|4672|3597|9044|14117|15236|10418|14800|7490|5364
738,Aliaksei Protas,365,262|228|151|269|374|304|392|417|377|357|315|205|880|977|152|103|124|115|185|4442|297|469|204|155|208|194|81|100|324|100|58|77|61|52|66|77|147|164|127|117|76|40|52|44|63|46|42|49|58|49|61|40|39|65|42|53|46|36|45|35|34|49|38|45|44|50|57|64|44|43|47|120|54|36|55|70|84|69|60|47|44|33|32|33|46|27|30|52|45|43|40|39|37|38|34|26|41|28|41|23|35|26|35|32|30|34|34|40|37|30|25|33|47|24|28|31|24|28|33|26|29|31|26|33|33|35|26|40|25|42|40|36|27|33|42|47|32|34|47|35|45|38|27|54|32|47|37|40|40|36|35|45|47|61|64|72|61|54|65|52|97|170|73|104|87|62|133|95|93|77|99|94|108|158|170|76|135|899|355|673|1897|480|294|442|302|142|86|173|90|93|126|118|55|68|141|60|78|103|85|59|51|52|142|85|55|79|46|60|100|58|58|71|107|70|98|66|278|154|57|97|77|147|86|101|93|89|169|84|59|135|225|99|247|91|178|68|61|75|158|59|61|53|56|125|68|263|238|199|58|55|258|71|52|63|300|91|132|285|282|118|116|157|107|137|102|104|91|139|78|78|64|234|87|170|84|95|136|82|69|97|59|254|297|55|69|127|61|67|237|182|56|108|258|112|116|68|101|55|58|88|111|67|84|64|51|58|70|46|77|53|101|90|80|56|230|63|204|87|51|57|215|85|103|257|131|95|85|61|98|120|145|82|67|42|54|202|65|162|96|56|37|62|31|70|34|118|55|57|65|44|28|56|285|159|493|841|2144|281|1598|2408|666|346|249|134|133
739,Ilya Protas,1,1
740,Justin Sourdif,365,15|22|24|20|22|22|16|13|17|11|13|16|17|16|30|24|12|24|27|22|20|19|28|27|10|27|24|20|17|20|27|35|22|32|34|24|21|39|38|45|52|87|84|14|49|26|22|110|66|30|48|24|74|48|36|23|32|140|73|49|41|143|48|84|47|88|43|95|30|1241|3414|832|371|193|134|108|96|60|44|43|51|31|50|31|25|29|31|37|24|30|135|92|49|32|15|28|17|49|26|14|31|22|25|21|35|38|25|22|16|28|26|27|24|18|23|23|27|23|16|23|26|11|26|33|30|21|21|26|18|13|31|22|13|16|19|15|18|29|35|42|26|18|19|31|17|52|33|24|41|39|26|25|33|40|45|42|48|29|39|60|63|103|36|69|63|33|29|52|95|152|156|132|243|404|845|68|116|368|177|206|404|73|77|277|312|74|144|220|59|67|1269|167|44|41|50|26|41|62|38|43|45|31|118|80|26|47|52|43|70|85|399|60|109|50|126|68|327|613|63|458|73|617|224|185|255|145|123|80|34|115|89|61|144|47|412|39|44|48|218|51|125|48|38|68|31|260|122|95|43|48|116|47|23|61|112|95|203|1087|1164|334|190|162|105|10401|1635|874|296|1032|199|245|144|160|130|113|91|76|128|65|66|851|123|208|1570|234|177|284|86|108|92|876|194|226|231|143|168|65|57|59|68|58|55|44|48|52|42|46|45|51|46|43|90|91|89|71|118|89|220|272|38|49|72|56|55|214|50|69|368|82|139|68|241|82|56|43|44|113|42|70|472|176|153|109|61|84|75|214|59|66|89|68|76|52|133|66|54|46|164|50|122|290|83|105|124|63|39
741,Dylan Strome,365,695|398|383|606|1309|937|3425|524|1342|1107|1278|341|497|1332|464|276|395|501|674|1080|812|975|466|392|332|419|279|450|477|340|252|841|478|417|247|195|321|281|253|256|219|593|704|489|262|268|199|198|387|305|317|191|236|265|138|171|244|249|198|164|120|251|210|172|142|133|192|214|175|226|329|369|233|317|579|534|582|445|380|335|355|302|293|239|250|188|213|204|217|216|203|187|185|202|235|232|200|85|85|60|73|83|74|66|73|89|98|53|98|72|75|130|111|66|69|70|87|62|88|86|70|74|64|106|73|76|58|81|64|79|89|78|81|74|81|66|79|58|92|81|85|78|80|98|112|88|96|65|65|72|93|105|115|114|85|86|82|82|102|103|271|437|138|98|106|132|142|114|157|119|116|156|198|251|273|118|100|198|165|188|241|140|220|548|275|162|150|175|107|141|181|192|125|114|132|284|220|160|152|100|113|116|188|385|134|181|126|110|220|136|182|106|204|107|178|122|305|2237|1845|735|425|330|210|260|221|387|214|155|163|208|251|166|375|202|220|130|193|150|142|128|259|254|176|404|211|185|180|214|153|145|275|165|350|180|181|210|296|267|323|229|219|634|425|669|268|219|267|505|267|233|234|3142|3340|1425|463|634|372|295|195|336|249|286|449|172|245|187|148|255|181|185|161|236|222|153|188|148|125|110|125|133|178|148|244|178|164|141|256|256|238|206|477|543|1634|1343|1144|653|378|280|216|237|158|228|728|670|745|530|472|288|236|183|205|163|150|133|180|241|179|198|201|292|124|181|169|230|128|394|146|141|146|129|147|119|296|161|180|236|502|135|191|280|246|149|185|173|176
742,Tom Wilson,365,583|451|366|1142|1754|988|1534|784|12862|4794|13476|2604|2375|8337|1682|767|594|725|1301|2092|1242|6318|1696|968|916|1682|573|737|2733|675|342|337|244|281|247|215|234|300|249|324|228|240|250|242|223|191|194|189|245|207|256|177|244|347|207|195|282|159|246|154|177|275|142|135|162|137|131|157|133|130|162|192|153|174|152|155|179|142|111|127|125|132|122|128|174|122|111|92|98|99|102|117|90|85|127|111|117|117|86|108|77|120|101|88|116|132|127|148|148|117|144|114|122|85|88|114|84|102|101|99|88|87|100|103|99|88|124|102|158|76|124|115|96|174|133|132|113|115|117|103|128|117|84|129|128|87|98|74|101|102|173|159|161|179|170|140|149|165|172|157|136|126|141|122|112|138|236|111|212|123|141|125|153|272|738|176|158|268|345|246|761|212|221|291|690|602|350|325|254|256|417|226|174|168|282|162|228|366|227|181|171|177|822|423|221|391|188|236|343|219|232|237|310|290|382|361|1043|863|382|895|346|430|439|460|465|454|550|400|283|457|470|298|752|506|436|343|366|312|375|913|772|467|361|355|367|424|448|362|256|358|506|216|221|214|276|294|733|4928|4691|1712|958|958|550|650|512|489|419|360|306|391|327|412|304|418|331|269|314|269|281|422|243|709|682|265|303|298|248|366|284|584|400|601|549|553|733|805|1406|2037|1655|1430|4783|5324|3978|19013|13888|6772|5317|2295|4519|3256|26115|6076|2614|1407|1052|937|784|1011|639|447|481|356|1024|887|438|436|481|365|918|434|564|323|285|240|262|585|388|388|339|255|236|333|215|823|533|491|311|473|629|280|356|286|414|394|356|371|466|280|677|610|426|327|325|259|458
743,Declan Chisholm,365,32|30|31|43|27|38|29|74|61|41|20|26|36|26|69|37|12|24|22|19|9|14|13|22|10|10|16|15|18|23|14|13|15|13|12|13|14|14|23|17|14|25|22|14|16|17|13|20|11|17|11|11|11|8|18|11|10|12|4|18|11|16|12|21|18|7|15|13|13|18|17|956|441|320|203|107|80|67|43|38|46|34|30|31|24|44|39|28|38|34|58|49|32|19|23|28|20|30|23|15|14|35|20|23|33|18|21|12|17|23|25|21|27|15|20|23|23|15|15|15|25|10|15|16|20|18|21|22|14|16|24|11|14|15|17|28|25|31|28|24|30|33|28|19|16|17|20|21|22|14|25|21|29|11|20|60|84|65|36|43|71|70|27|30|37|32|43|25|61|54|319|152|131|135|49|54|33|181|340|64|54|57|95|132|52|35|33|31|48|48|106|26|26|28|68|38|51|56|46|30|24|19|29|27|14|10|25|32|56|23|54|40|36|19|26|19|24|29|27|32|20|42|25|19|13|18|33|23|19|24|75|26|53|37|20|16|29|24|27|28|29|19|22|32|16|66|56|38|16|19|76|15|13|25|36|29|36|28|23|36|29|31|25|50|39|24|31|80|35|66|31|42|31|31|29|21|36|41|35|30|34|22|25|17|30|48|23|231|44|59|52|32|38|30|26|35|17|28|25|20|21|13|17|18|7|17|16|23|26|16|30|21|27|22|97|36|63|81|20|26|19|25|42|57|38|51|46|33|28|30|14|19|17|17|17|33|26|14|33|15|26|17|18|16|14|13|12|9|21|19|20|17|23|11|20|23|26|16|41|35|18|11|22|26|22
744,Jakob Chychrun,365,374|241|242|523|899|668|953|555|3363|739|1043|284|1596|2281|394|243|235|274|383|904|434|636|424|326|239|1363|245|317|1729|471|445|218|200|217|199|181|130|137|144|219|158|139|171|137|121|102|113|125|174|127|153|133|171|167|131|89|135|90|111|259|226|183|135|135|115|100|90|103|90|99|113|138|98|83|102|123|111|80|68|92|85|87|65|51|73|69|62|74|69|69|59|54|67|73|76|82|57|62|50|49|57|72|56|57|64|67|80|64|75|80|63|89|70|61|65|70|50|46|52|55|84|57|66|104|51|61|56|64|57|66|62|63|59|55|46|65|63|55|71|61|77|70|84|78|59|66|52|43|52|68|78|57|59|61|80|50|92|80|86|93|67|90|65|100|104|94|90|92|111|93|121|104|151|182|255|110|107|177|191|221|736|202|222|202|306|192|237|683|155|182|216|208|118|127|356|192|175|167|136|116|126|107|416|217|163|318|182|161|560|334|354|130|222|120|219|139|291|441|216|428|179|1051|392|1367|435|1687|539|467|527|490|751|365|374|220|1087|279|454|395|289|226|382|165|214|347|307|2144|751|390|271|272|329|229|220|190|818|295|930|2872|1524|947|658|587|333|454|294|361|239|366|190|192|159|248|154|228|139|684|601|329|223|286|201|320|591|142|143|173|112|277|143|375|175|269|374|166|1849|303|249|162|165|174|327|209|216|256|158|132|246|214|380|278|754|762|509|348|517|338|889|451|218|163|250|173|252|560|231|192|223|193|263|323|356|181|111|120|132|238|127|137|161|100|105|150|112|125|83|147|78|263|487|131|144|163|247|186|133|121|302|103|170|232|160|157|372|134|155
745,Martin Fehérváry,365,61|53|47|119|321|191|125|69|73|39|86|44|58|94|32|43|35|44|57|93|74|90|47|61|47|83|63|41|117|54|45|53|78|41|41|48|31|52|42|61|35|45|31|21|21|27|27|19|20|25|23|29|41|26|24|17|30|13|20|93|35|20|26|25|24|20|18|28|44|33|26|45|23|21|663|277|146|66|42|45|33|35|27|15|19|17|13|22|26|14|25|26|21|17|15|29|33|22|21|24|20|13|22|15|35|14|17|17|18|23|17|19|20|21|19|22|14|14|28|17|16|11|10|25|23|20|33|58|32|21|21|14|29|19|22|27|18|12|34|14|28|18|23|19|21|17|26|27|11|17|20|29|19|45|21|20|29|19|20|43|22|24|35|29|33|19|27|29|56|35|24|36|51|59|83|36|89|227|101|40|90|46|45|118|118|45|30|54|32|22|73|84|32|29|40|35|27|48|43|31|28|43|66|48|32|38|28|33|210|56|51|22|95|36|66|47|98|68|34|36|35|120|36|50|39|42|72|28|34|51|66|27|49|24|297|29|31|30|51|30|56|17|25|64|27|87|76|78|37|29|75|25|33|30|60|57|134|119|83|72|70|67|77|122|80|168|63|91|50|51|67|87|39|61|33|56|93|73|35|61|34|83|89|35|57|53|40|47|71|73|89|353|134|103|253|150|111|134|182|887|504|324|467|265|154|204|827|643|2502|1028|409|177|178|126|113|80|109|214|48|56|65|44|84|90|58|59|60|44|61|58|60|48|35|35|29|85|37|41|59|38|43|40|27|48|35|46|36|37|47|34|55|40|68|48|65|45|216|43|59|90|71|52|73|72|55
746,Cole Hutson,365,327|296|289|846|601|240|367|229|1224|596|801|222|283|424|278|222|247|311|334|271|207|301|150|105|112|90|97|83|124|102|83|108|143|109|89|74|89|119|104|91|65|54|81|40|54|70|71|48|61|48|42|49|49|578|460|188|152|89|83|87|80|94|82|107|72|73|86|94|112|97|162|347|151|135|146|344|844|377|272|157|136|211|144|166|95|51|63|82|83|83|83|61|65|82|152|89|72|80|60|63|88|72|67|58|72|46|51|61|47|67|72|38|53|48|44|58|48|112|94|68|58|92|64|55|61|73|53|54|47|42|49|69|59|64|67|71|44|62|62|65|1037|472|179|186|185|182|112|89|144|88|180|186|135|104|81|92|103|104|110|400|160|91|142|183|148|133|136|142|136|135|252|230|192|175|181|129|263|216|388|392|315|175|330|357|189|86|209|133|172|189|158|148|99|111|109|97|85|160|126|92|115|198|161|134|215|204|138|172|233|163|119|149|176|96|151|125|267|272|149|334|169|125|116|104|108|119|201|223|150|126|218|121|124|168|166|122|208|230|470|422|320|736|545|530|238|3153|388|350|250|336|543|741|2410|6013|13225|2958|1473|794|930|2182|10353|1051|842|529|314|440|240|251|298|375|491|273|169|281|385|289|159|135|321|236|199|197|263|130|114|166|186|177|217|186|151|721|201|249|144|216|119|101|509|134|189|182|158|173|134|101|138|145|165|166|397|410|343|212|153|201|178|370|241|172|196|168|538|228|187|170|201|252|224|220|493|2593|2462|1396|3137|15179|2413|2789|1456|807|536|548|525|529|312|642|299|285|282|317|824|294|1041|1013|420|458|1160|449|814|645|331|284|303|266|252
747,Timothy Liljegren,365,96|55|80|80|74|123|70|264|67|100|40|42|47|46|49|45|48|55|92|59|76|68|55|51|71|44|44|43|40|58|57|92|63|56|58|53|69|80|54|60|42|34|46|46|40|29|23|23|22|47|32|44|38|34|30|28|31|31|33|31|26|30|40|39|30|35|50|46|32|55|54|90|35|52|59|50|67|47|116|73|70|62|38|49|75|60|27|33|36|39|29|30|27|26|26|23|32|25|21|10|21|22|25|22|23|20|21|28|24|21|23|21|15|19|21|19|22|28|19|24|17|33|19|19|32|30|20|14|22|21|18|25|26|17|24|20|23|32|16|23|22|19|29|26|21|24|22|28|35|32|34|28|18|38|31|25|34|41|40|31|24|49|59|50|31|32|32|27|40|44|48|36|43|41|32|71|44|50|43|27|48|56|44|42|47|32|40|27|53|61|37|44|64|50|48|34|74|75|50|70|21|35|77|41|83|70|38|31|51|60|49|46|56|34|36|43|45|61|36|65|77|54|34|37|64|42|53|29|65|31|69|28|60|56|38|81|54|50|125|65|44|41|39|64|28|40|42|27|33|33|37|34|52|55|41|39|46|44|49|75|94|117|50|67|75|97|62|61|75|69|59|43|45|41|62|42|54|95|48|46|33|76|59|43|43|138|60|152|70|35|35|46|56|84|78|31|41|25|41|34|34|54|64|43|40|60|60|36|30|43|59|48|46|41|43|95|54|68|63|53|89|98|1973|721|300|215|105|168|259|92|115|60|79|58|63|61|45|60|67|39|44|55|37|38|41|37|24|78|63|77|77|41|61|50|59|47|73|45|73|271|88|72|46|71|56
748,Dylan McIlrath,365,95|50|60|80|95|56|80|58|105|58|188|102|72|62|50|63|46|71|67|51|51|73|62|79|68|67|63|56|60|48|33|39|56|51|101|68|75|122|70|83|77|46|37|28|30|37|43|29|28|31|36|21|30|38|24|29|31|20|29|27|24|41|28|21|21|22|31|40|47|36|38|38|40|51|28|42|38|39|24|13|42|22|35|25|27|21|18|25|29|20|22|25|17|17|16|27|19|16|19|22|27|16|18|19|29|32|31|20|23|23|29|11|15|22|16|33|17|28|38|16|16|17|16|24|21|10|25|20|21|21|22|15|19|22|13|17|24|18|19|17|21|16|15|26|30|18|20|26|14|19|10|25|33|29|21|27|30|29|23|34|29|47|31|72|31|40|40|40|31|38|48|47|48|54|34|27|27|51|56|23|59|50|46|37|36|31|30|39|70|58|47|85|80|69|52|38|72|38|33|34|34|36|31|55|33|43|30|39|23|43|29|26|30|46|40|32|41|76|37|54|28|34|34|75|32|38|40|43|30|30|55|39|57|48|65|38|43|52|34|38|47|50|38|21|31|45|52|34|31|44|65|25|19|24|29|39|98|217|72|33|45|42|83|247|93|126|46|71|53|39|54|504|113|101|101|45|36|36|33|37|41|40|36|21|30|58|38|34|48|58|42|46|55|39|40|90|45|61|52|36|40|24|19|27|31|44|47|26|29|36|35|40|58|30|42|34|41|29|39|35|55|35|47|50|34|33|34|27|36|44|54|32|22|33|29|24|26|38|38|28|27|31|24|17|22|35|17|23|33|36|32|20|42|27|39|26|26|23|38|55|35|39|64|56|33
749,Matt Roy,365,82|52|43|244|331|108|489|290|799|193|420|62|151|186|66|42|51|55|129|262|82|296|138|129|98|179|55|84|359|54|31|40|24|42|41|33|49|49|37|54|22|38|24|33|45|16|35|32|50|35|52|29|44|45|33|40|23|16|33|37|27|35|33|20|31|23|18|33|29|31|29|31|24|56|59|45|39|27|24|22|28|30|20|36|21|19|14|25|13|14|20|28|25|24|14|17|19|12|17|13|24|26|23|23|34|24|24|12|17|18|17|23|26|21|16|18|17|15|13|21|11|15|23|23|21|14|20|20|16|19|25|24|25|19|15|19|22|17|19|14|18|26|33|21|22|21|17|21|17|22|24|13|26|35|24|29|33|8|19|20|24|37|19|18|30|23|29|24|25|41|34|32|35|57|80|23|32|43|42|41|70|34|42|59|55|32|28|47|22|44|62|34|33|16|50|23|43|47|25|26|21|30|67|42|27|34|35|26|39|25|40|22|33|33|380|43|82|107|39|38|27|58|35|71|94|69|59|55|38|130|100|60|66|45|39|25|26|37|39|16|27|33|17|32|23|86|77|149|63|42|63|38|31|29|62|32|80|65|51|35|41|61|28|61|31|62|41|37|25|35|34|125|29|45|20|52|97|49|27|55|29|37|66|32|33|29|45|38|35|28|39|76|63|35|32|34|49|39|26|22|35|22|26|25|21|37|23|18|31|32|54|38|33|28|81|41|85|70|38|30|31|48|75|72|43|80|108|80|77|63|347|76|37|39|37|84|27|81|147|33|31|40|35|62|44|40|28|38|43|35|43|34|52|31|30|34|38|21|60|64|21|29|36|39|33
750,Rasmus Sandin,365,85|54|42|228|377|159|226|166|258|162|254|66|128|189|104|60|52|72|142|167|121|185|109|78|93|151|87|70|233|103|109|162|302|127|277|144|166|200|88|97|64|65|55|51|82|78|57|47|62|41|62|39|46|46|37|33|43|33|42|27|41|41|48|39|63|67|84|44|51|55|53|82|53|64|74|67|45|38|38|50|48|47|58|55|38|17|40|27|29|32|43|41|34|28|22|32|22|21|27|22|37|20|35|46|47|39|42|34|39|40|27|27|34|34|23|20|27|32|24|25|17|21|28|35|34|23|31|33|50|56|45|34|33|36|32|36|27|34|26|24|22|26|20|22|24|26|29|33|28|138|125|116|30|46|45|39|44|23|39|46|29|40|40|44|40|35|38|39|31|40|43|49|53|88|84|60|49|120|96|57|82|65|53|79|125|108|77|66|76|60|57|45|46|45|55|47|54|30|38|35|43|45|85|142|54|47|47|65|59|62|118|73|77|38|67|46|80|92|64|95|59|65|50|65|97|144|64|66|58|57|86|42|61|50|53|47|64|56|105|106|72|77|44|83|56|148|87|101|69|59|53|47|31|39|92|69|162|138|97|114|87|101|97|118|127|81|83|119|59|59|67|213|75|86|67|71|96|47|50|60|42|90|106|51|73|115|73|75|62|64|43|75|66|49|67|51|56|38|46|59|38|77|49|56|46|46|106|77|57|70|72|81|71|58|251|65|116|86|67|61|82|83|206|197|103|87|75|76|75|57|220|78|53|45|62|114|45|42|71|22|43|72|49|121|38|50|28|53|62|58|53|60|78|59|77|57|122|49|126|96|57|66|42|68|61
751,Trevor van Riemsdyk,365,93|64|67|320|542|176|487|210|906|303|730|103|291|495|108|51|66|70|216|340|152|708|445|266|259|365|153|177|483|61|52|58|66|59|53|48|93|78|73|62|40|57|38|34|28|41|32|28|45|29|50|28|47|48|36|42|57|24|26|40|37|42|51|38|31|17|41|33|30|35|35|36|30|30|130|110|64|45|48|43|42|32|30|32|54|42|35|41|30|33|31|31|32|17|28|35|33|41|44|26|31|18|35|32|46|52|30|24|20|48|27|47|29|44|18|24|38|19|23|33|23|22|20|32|24|29|23|20|16|34|28|30|31|20|31|33|36|19|27|18|43|23|20|20|22|28|18|17|27|28|26|37|30|38|91|52|66|34|38|36|41|37|34|46|39|38|25|73|57|48|40|47|51|93|147|55|50|92|184|89|294|103|63|72|121|66|46|82|59|48|62|178|48|39|67|114|95|59|84|87|40|45|138|136|66|72|68|62|50|44|36|29|83|54|84|69|106|51|83|144|51|131|51|57|84|67|82|50|56|166|175|74|156|85|87|102|61|58|79|35|96|39|39|85|67|43|196|280|78|51|210|34|46|67|87|68|99|69|110|78|95|145|56|132|49|73|101|94|114|56|100|212|71|78|265|180|123|87|63|119|110|103|120|39|48|115|75|482|94|61|70|104|201|64|63|54|40|47|37|44|55|38|42|67|31|31|38|39|37|46|101|89|63|39|562|71|73|111|75|43|54|73|219|163|52|135|80|58|167|79|150|52|38|54|74|104|68|71|72|44|42|53|31|50|53|61|46|60|131|43|64|50|101|76|51|68|93|71|98|532|155|75|119|59|60
752,Morgan Barron,365,72|1115|503|136|249|87|93|232|50|265|139|79|71|286|106|1004|266|1432|135|111|185|66|274|166|78|83|171|51|288|79|549|85|51|50|43|41|41|61|58|68|30|32|41|43|32|30|32|21|34|23|31|44|155|135|108|80|41|44|35|36|30|33|19|34|26|29|26|20|18|22|29|37|31|34|42|64|36|40|55|57|52|37|31|24|28|24|23|365|190|71|35|39|39|35|25|38|28|28|17|34|34|19|20|22|18|34|20|11|20|31|23|21|24|25|19|23|26|21|34|35|28|19|17|38|24|25|28|23|24|22|33|20|28|22|23|26|61|91|172|36|168|25|30|36|20|15|15|25|32|32|30|48|24|37|34|32|70|54|68|30|41|48|103|37|33|32|57|29|30|34|29|36|30|49|61|235|219|81|297|117|86|134|306|216|216|71|65|49|45|72|77|88|42|43|94|45|83|65|55|69|60|44|27|32|49|34|38|33|24|23|51|51|53|72|52|87|50|41|66|59|44|53|42|47|30|42|83|48|64|82|69|37|86|50|34|30|28|31|116|48|137|42|108|57|66|42|194|54|126|38|34|28|26|48|58|38|129|41|49|95|47|74|34|36|76|45|60|46|55|46|35|65|60|53|52|103|38|49|43|36|41|56|73|40|60|52|44|63|43|40|50|41|42|79|35|38|25|25|18|27|36|25|30|22|17|26|33|24|32|27|75|42|35|40|60|32|60|162|69|51|57|39|121|54|88|48|49|161|58|102|81|122|60|53|268|36|73|131|71|57|65|76|52|255|75|58|30|29|47|32|81|38|55|81|62|34|14|25|44|40|27|21|35|34|51
753,Nikita Chibrikov,365,24|22|22|15|14|16|16|8|6|16|12|8|4|20|21|12|11|23|27|18|13|11|14|11|11|13|11|16|20|16|37|31|18|21|21|11|23|27|29|15|17|21|4|12|11|11|15|9|10|6|9|11|6|11|9|15|9|9|10|15|8|20|15|16|19|17|18|15|12|9|19|16|26|18|19|21|34|21|52|30|20|6|12|13|10|6|19|10|11|8|13|19|10|15|14|6|16|9|9|12|7|10|12|12|16|6|4|10|6|7|9|9|8|13|5|9|5|7|6|10|5|7|18|8|16|10|9|8|7|11|4|14|19|10|7|11|14|6|16|5|4|11|14|4|8|4|9|7|9|12|21|21|3|14|14|11|38|23|23|21|14|9|13|77|26|16|17|27|22|13|117|106|71|68|77|81|177|32|68|24|21|29|17|21|20|12|18|23|39|23|88|38|47|25|19|17|22|25|13|20|18|24|23|17|57|18|48|23|36|22|16|17|25|15|19|12|23|21|17|16|10|14|26|26|14|22|12|18|12|19|18|11|13|6|12|15|11|9|14|18|13|9|13|11|7|13|10|13|10|13|6|14|9|13|11|12|14|18|15|13|27|22|17|19|23|12|16|21|9|11|22|9|8|12|23|10|13|12|14|12|7|14|22|13|9|18|11|8|6|9|13|14|16|15|8|14|10|10|8|9|9|19|7|13|19|12|12|15|12|19|20|9|17|16|15|8|13|15|18|13|12|11|27|14|63|17|11|10|11|16|12|15|11|13|5|11|7|17|115|18|22|13|15|14|7|13|3|10|17|15|11|13|12|6|27|12|18|8|16|23|22|84|40|8|21
754,Kyle Connor,365,301|657|2444|483|2182|477|348|479|162|569|199|133|165|970|431|588|772|4396|549|416|1092|465|2078|1152|426|323|706|274|960|534|1504|460|440|350|241|199|165|163|177|140|133|145|196|195|160|118|103|131|159|127|135|93|106|117|103|113|289|117|116|136|79|184|98|165|98|96|101|102|88|97|130|152|120|119|174|189|330|255|253|254|264|233|223|283|214|201|202|221|192|195|193|197|210|205|194|181|172|92|77|64|67|67|74|92|72|75|70|85|133|105|86|97|74|64|55|76|80|129|134|82|124|103|93|126|71|110|74|52|72|75|107|130|86|69|82|50|68|78|65|77|75|93|81|174|92|107|73|83|79|83|82|95|101|104|133|129|83|118|109|115|113|102|91|78|106|137|144|125|146|126|89|171|178|2229|852|1067|560|246|255|179|134|200|221|170|216|141|165|105|122|131|143|121|119|107|187|123|236|256|170|140|114|128|122|117|159|109|178|96|131|133|190|107|148|84|92|204|109|111|187|116|114|95|79|121|83|130|167|101|147|90|257|120|202|134|92|217|209|97|281|120|136|108|144|106|140|92|100|95|184|98|120|85|76|104|262|140|270|243|426|572|384|208|193|153|227|169|298|218|182|123|139|220|131|203|109|306|132|165|221|124|160|128|397|141|100|148|137|191|165|147|198|238|182|427|361|608|417|339|446|383|976|738|1097|993|486|626|1163|682|1165|684|9076|4781|6496|10201|2855|1312|834|651|415|366|343|242|325|220|297|193|147|157|175|300|244|387|154|149|145|173|202|184|234|119|106|187|143|156|119|215|186|320|533|413|507|458|1200|439|467|312|300|350|342|323|214|236|216|200|312
755,Alex Iafallo,365,192|333|3060|285|664|133|171|208|82|130|89|44|72|315|119|203|127|1724|174|124|284|90|251|168|64|58|284|54|316|173|805|71|60|48|39|37|43|40|38|43|19|26|24|55|36|29|50|17|36|29|35|27|50|43|36|31|38|35|25|26|22|29|16|31|21|30|18|30|26|22|28|33|29|24|36|53|46|33|25|45|36|32|19|22|19|24|16|35|31|28|16|67|75|40|41|41|20|27|24|40|29|24|23|35|28|30|26|27|16|20|38|31|20|38|23|17|13|22|15|21|19|18|19|21|10|31|15|25|25|25|20|16|26|23|15|26|21|18|17|18|22|16|27|19|20|22|21|20|22|31|31|30|28|17|26|23|15|20|42|34|20|29|52|31|21|17|36|46|23|77|36|38|43|44|49|66|373|94|72|40|40|47|47|40|61|60|48|40|61|197|99|55|42|26|89|44|58|83|22|29|29|72|31|37|65|31|55|27|182|47|121|36|54|48|48|55|70|34|72|63|35|28|21|30|20|34|61|47|154|37|53|26|78|56|35|27|61|30|95|35|86|25|33|34|45|24|52|50|56|47|30|13|21|27|58|22|91|32|39|189|43|65|27|32|70|40|61|128|125|42|28|144|45|102|41|164|32|54|72|35|50|30|55|43|38|53|29|99|31|28|29|62|42|82|37|32|50|28|40|27|28|34|31|35|21|24|27|29|34|17|60|48|55|50|57|44|259|70|49|35|43|25|70|43|70|37|28|60|43|43|314|87|47|22|57|40|58|62|73|29|22|78|24|40|42|48|19|19|67|38|41|34|47|30|72|31|23|121|38|37|39|40|33|21|30
756,Cole Koepke,365,66|52|34|30|37|25|33|35|31|35|31|105|89|52|38|48|49|168|38|42|65|47|49|45|32|26|44|24|54|39|86|30|33|20|22|30|40|26|30|41|26|20|52|37|27|22|24|38|35|29|49|28|35|27|28|27|42|22|32|34|24|40|29|27|28|22|30|22|30|31|35|37|50|57|1333|615|173|122|82|57|64|81|55|42|39|32|34|34|33|29|27|44|36|31|46|38|23|26|40|37|30|22|37|35|56|43|49|46|35|24|25|35|33|36|23|30|41|23|30|24|22|34|16|32|21|29|26|21|20|18|23|23|27|20|20|24|18|33|35|26|30|25|26|37|26|23|31|36|24|31|35|43|33|36|48|47|121|67|46|106|40|30|97|34|44|46|238|50|50|263|43|60|81|64|113|234|152|80|260|102|49|71|124|81|132|55|54|32|34|77|96|59|52|51|177|45|131|95|40|37|50|116|22|45|79|30|38|29|57|33|34|58|57|40|53|62|50|43|72|72|51|29|46|37|25|29|41|47|34|35|99|26|947|181|58|42|74|29|320|62|80|47|63|37|52|30|31|39|26|37|27|49|45|72|72|28|50|32|38|70|42|60|28|45|46|44|68|298|96|49|32|82|63|110|44|51|45|62|44|41|45|34|295|43|43|253|49|70|40|42|61|49|39|50|30|37|34|31|45|36|38|27|37|27|22|34|44|35|54|40|73|61|47|63|55|59|65|67|48|46|77|26|176|70|68|40|58|69|37|55|42|77|33|19|41|62|91|180|94|28|35|183|61|105|37|377|75|76|158|40|45|35|56|34|96|52|37|57|54|95|41|46|40|36|418
757,Adam Lowry,365,249|974|2156|444|1183|322|302|902|167|863|270|126|179|1426|1122|1116|656|30225|2091|862|1806|445|4133|947|335|334|792|332|1759|1287|5897|741|366|429|418|247|167|168|137|169|308|351|194|130|99|86|97|115|134|173|171|130|106|119|61|69|86|81|73|76|76|106|96|172|128|97|83|81|76|69|133|208|102|84|109|106|106|105|105|124|107|67|78|74|85|60|47|99|68|60|64|75|75|76|81|98|114|65|65|42|57|54|49|41|51|67|46|59|44|60|192|281|181|80|72|78|44|54|57|59|41|46|50|41|38|62|62|56|52|46|53|129|122|56|39|36|56|159|141|94|95|57|59|70|60|45|83|82|54|74|68|61|77|70|83|60|81|97|79|118|87|102|81|83|75|72|59|50|65|106|56|44|82|111|127|300|222|128|137|106|157|116|133|154|215|113|193|113|113|135|114|137|95|66|112|62|123|125|81|137|214|241|120|167|128|121|159|113|238|90|124|81|397|92|81|292|1110|313|603|251|224|93|88|95|71|61|97|90|109|86|886|158|153|1286|157|100|124|59|90|83|148|88|110|69|148|66|77|77|97|73|69|63|56|75|114|103|318|143|191|277|96|202|107|94|352|142|227|155|137|101|84|190|92|119|82|249|81|153|147|79|484|172|169|79|79|98|54|91|110|81|76|111|77|137|77|73|81|53|59|72|141|80|72|110|96|70|93|140|124|106|383|258|212|244|252|166|189|190|130|66|96|65|135|99|144|83|67|117|97|115|95|122|52|65|90|71|75|111|184|96|71|78|60|226|192|183|119|161|150|99|285|113|111|67|157|81|90|128|92|120|97|297|161|103|128
758,Vladislav Namestnikov,365,101|354|259|109|322|81|103|139|91|213|101|75|83|1555|219|291|219|3358|267|213|331|116|221|229|93|105|220|75|816|185|520|142|144|141|102|70|100|74|84|89|77|66|47|43|48|65|84|62|65|59|55|49|44|72|34|47|45|31|40|47|36|66|49|63|52|65|35|42|50|57|70|72|41|66|76|72|79|88|170|160|154|159|129|154|128|128|138|140|124|141|149|138|145|141|138|154|138|52|76|33|27|30|36|32|32|31|39|25|29|28|26|36|22|40|23|44|73|86|40|40|25|28|53|52|39|35|28|40|39|37|32|37|31|27|35|32|26|39|44|27|29|44|34|29|22|20|20|17|33|37|46|72|54|59|69|68|65|43|47|49|56|48|49|49|31|35|80|51|45|53|31|31|39|56|45|208|94|49|62|53|36|97|104|78|113|92|95|51|53|192|104|57|57|56|131|62|162|121|76|55|36|93|51|137|381|83|86|44|99|57|49|44|83|45|47|94|60|91|156|85|54|40|66|89|48|48|65|49|66|89|115|52|49|58|71|62|77|46|51|50|74|54|55|65|39|56|60|56|55|63|38|46|38|27|60|47|91|61|142|87|61|79|42|66|104|57|114|289|103|98|159|131|106|69|65|90|86|60|81|65|66|45|162|51|68|96|53|138|63|59|76|83|64|95|65|54|58|53|44|56|73|37|58|40|39|43|62|50|46|47|116|79|76|64|88|63|71|64|52|45|34|43|81|77|91|53|38|60|45|51|49|40|164|123|78|44|46|51|54|55|37|71|67|56|30|53|45|36|56|39|46|43|60|62|84|52|32|33|44|46|51|35|41|35|34
759,Nino Niederreiter,365,118|417|446|175|348|256|270|303|140|338|127|98|158|1780|249|730|276|3708|275|210|2392|220|487|1066|345|197|658|125|696|165|1071|352|279|206|335|191|1055|1462|430|160|128|118|128|208|108|76|87|69|85|57|73|57|56|66|54|60|64|71|122|163|81|84|62|86|60|84|91|86|51|97|60|75|66|70|81|86|98|94|64|55|90|69|69|49|59|45|48|52|40|56|57|36|76|83|80|52|56|53|36|77|49|34|46|52|57|28|52|42|55|54|38|43|32|46|41|42|47|37|45|41|43|34|38|69|79|59|41|64|77|85|88|60|45|45|49|44|62|49|47|53|39|45|50|97|72|50|43|34|47|43|60|46|50|44|101|52|42|51|61|44|75|38|140|73|43|68|153|87|52|98|54|52|56|56|96|131|129|92|296|104|93|106|91|155|183|90|143|87|59|168|87|46|81|63|348|72|116|86|59|52|55|73|72|87|129|82|103|79|136|66|109|78|84|62|75|145|175|101|177|248|95|44|65|107|111|153|264|100|93|79|162|74|88|81|69|64|111|92|451|519|2491|607|290|197|198|105|125|137|98|76|99|93|96|103|425|114|195|141|165|270|210|165|122|119|223|113|192|243|180|147|125|227|107|231|95|253|124|151|160|136|147|92|150|88|91|162|120|130|126|86|103|98|104|430|926|860|274|205|161|261|938|1591|707|504|272|571|1131|360|255|200|536|366|187|220|219|204|182|145|112|97|119|91|116|115|95|70|52|107|68|87|80|81|62|84|74|77|65|82|83|73|59|80|61|69|51|77|49|83|79|56|73|74|79|53|125|85|65|75|55|115|61|85|67|59|155
760,Gustav Nyquist,365,54|66|59|188|74|163|86|169|215|77|45|66|590|151|316|109|77|105|65|62|55|53|60|48|61|47|43|54|48|55|57|87|69|58|75|60|47|53|51|65|54|62|47|45|44|45|44|47|59|47|59|44|102|52|73|55|43|40|42|45|36|53|65|54|67|53|60|43|40|44|46|73|45|104|128|1407|1358|415|304|234|275|311|333|232|208|170|154|173|170|155|146|193|183|155|165|166|160|95|81|59|56|50|39|102|120|70|56|34|38|65|53|76|62|30|53|58|33|44|34|43|37|52|48|65|56|58|44|43|66|55|47|55|40|54|59|53|74|65|65|57|87|111|81|55|43|38|37|40|56|36|57|66|62|66|142|174|109|59|85|436|72|67|55|87|74|61|90|70|45|256|77|58|98|93|107|299|187|127|166|107|78|204|152|127|175|63|93|69|53|91|90|88|90|48|235|64|134|66|54|76|66|73|61|48|82|56|60|50|51|60|97|67|96|36|66|214|72|67|173|153|81|58|65|81|76|84|117|56|78|70|54|59|60|50|44|42|58|64|151|73|116|56|113|95|101|55|111|86|120|55|79|46|49|69|309|81|136|93|379|206|88|62|61|68|104|75|95|79|79|55|75|100|75|73|66|66|53|57|108|52|74|43|90|49|61|57|42|70|104|107|60|115|64|147|59|54|60|43|57|93|67|77|68|54|62|77|156|98|97|75|159|117|58|89|82|91|113|72|90|69|119|82|738|121|91|60|51|84|44|93|56|64|45|47|79|95|114|68|122|45|38|64|54|46|27|51|38|39|71|43|45|45|46|51|84|68|41|43|55|79|56|71|63|53|71
761,Cole Perfetti,365,172|820|553|218|448|114|103|418|90|263|89|58|78|339|142|1080|213|18155|1952|740|1339|274|474|399|166|196|276|106|432|176|756|156|142|149|121|92|94|73|90|87|70|97|84|64|64|61|58|50|74|81|73|35|41|71|53|43|55|79|46|56|50|65|59|71|64|50|57|58|48|60|77|118|57|49|90|82|84|74|67|67|50|49|61|49|38|41|45|57|57|57|61|59|54|35|43|57|36|32|44|39|25|34|47|49|41|36|33|32|46|49|35|39|49|41|41|49|27|34|32|39|42|26|31|46|31|47|69|37|55|46|42|82|42|55|33|43|52|39|39|45|36|33|38|32|64|48|39|43|44|44|33|40|41|32|53|57|48|52|69|83|57|56|56|42|44|47|67|58|59|102|91|94|77|70|86|124|84|69|89|76|61|75|92|55|90|60|68|61|60|83|75|56|67|52|63|50|74|66|53|42|47|102|50|58|78|78|150|58|91|54|65|43|162|51|45|76|61|77|131|72|53|49|46|105|56|116|126|71|76|56|142|62|70|87|47|43|62|48|66|71|80|73|96|57|74|47|111|57|59|55|57|57|40|66|100|65|182|83|316|281|112|99|74|182|236|100|98|132|189|93|76|87|72|84|55|106|63|105|87|88|140|96|145|60|85|102|98|107|131|101|64|225|68|124|62|46|57|37|52|55|61|55|46|92|116|58|68|61|74|53|125|105|71|90|200|84|161|112|93|70|179|93|152|84|111|44|38|79|51|61|70|83|53|48|49|49|46|69|103|52|46|174|88|85|37|122|41|50|187|67|53|52|75|43|94|51|42|69|48|57|54|67|55|42|75
762,Isak Rosen,365,51|26|29|23|19|20|17|18|32|25|17|16|19|20|20|19|32|25|35|22|22|17|21|24|15|18|14|39|26|44|26|34|33|15|22|22|26|21|33|27|33|23|14|32|18|8|16|11|22|17|18|15|15|14|11|18|18|9|28|36|26|25|38|17|20|20|21|25|27|62|37|66|29|31|37|64|46|22|32|14|34|22|18|15|25|19|17|24|19|22|22|21|23|55|27|15|18|11|17|14|7|13|12|13|14|8|14|20|15|9|14|12|17|15|10|12|13|14|12|10|10|13|13|12|15|8|17|16|10|12|12|15|14|9|9|28|18|19|9|9|13|12|6|2|6|22|33|22|7|20|18|23|28|14|11|8|14|10|17|16|20|33|25|42|22|21|14|14|19|23|17|13|25|24|19|24|53|33|23|26|17|24|34|34|34|27|14|20|36|31|42|41|19|20|25|38|50|357|685|96|93|138|44|73|29|32|12|21|34|734|103|41|68|36|185|59|75|30|69|54|42|25|27|17|37|30|21|29|37|36|33|22|35|28|32|18|47|39|29|27|19|68|50|41|36|36|38|41|42|33|48|16|25|30|51|33|48|25|45|26|42|32|38|34|22|35|32|31|30|23|27|19|42|36|31|27|33|24|53|34|42|59|34|18|27|26|28|26|31|40|62|115|63|32|54|63|24|16|17|28|48|55|23|23|11|18|40|36|22|37|34|34|23|29|30|22|40|50|57|81|50|47|5576|1447|720|304|196|539|103|803|183|278|70|40|95|86|91|107|125|64|56|95|82|137|59|74|47|53|311|57|85|55|64|44|152|58|50|85|53|69|44|111|179|70|67
763,Mark Scheifele,365,390|1503|2153|606|2339|556|509|704|299|649|305|238|225|2481|1140|1122|1411|3891|987|662|2184|502|1307|665|335|406|858|289|4676|27490|92790|12609|3850|1992|1504|824|691|584|472|514|468|672|918|816|463|340|340|314|381|304|314|253|289|274|205|201|322|194|317|443|407|372|222|189|180|148|151|181|133|157|168|194|170|128|154|172|351|256|298|267|229|268|229|201|201|210|202|210|188|284|224|219|234|276|263|230|205|117|95|107|103|98|109|114|91|131|119|123|116|95|101|107|117|150|102|102|99|99|120|82|119|129|106|121|89|162|106|117|81|104|114|98|145|85|123|91|121|95|113|108|99|105|108|113|95|95|65|99|101|113|116|172|139|135|211|153|180|187|129|157|120|114|161|150|138|125|131|117|136|182|165|148|161|265|232|439|436|267|378|214|186|228|505|456|1145|314|467|366|232|253|231|252|237|187|217|171|307|269|281|213|238|284|237|208|254|210|229|162|233|167|237|146|404|163|155|818|282|223|333|321|234|114|139|222|143|192|226|150|193|187|859|201|281|300|184|184|758|183|285|142|283|208|272|172|228|104|207|187|181|163|190|141|174|192|368|224|733|1322|1065|1725|582|502|324|323|415|245|343|531|406|296|213|473|266|385|412|536|317|290|364|185|220|193|238|233|147|284|158|212|190|257|197|274|318|510|360|234|234|306|192|197|271|256|208|283|235|247|399|232|346|458|1182|727|381|360|390|238|274|264|179|173|275|144|335|167|374|213|201|200|158|288|241|595|255|159|185|165|136|213|249|168|169|356|162|450|181|169|122|108|205|139|198|180|476|190|751|205|195|318|281|276|153|540|361|212|486
764,Jonathan Toews,365,755|849|2668|825|1455|698|1741|633|621|1416|748|1405|737|687|1594|642|3182|1127|869|755|855|1185|1004|821|785|997|839|1080|905|1341|1949|1219|863|1133|1021|674|606|825|764|813|843|7100|8077|3434|2425|1719|2372|2340|2459|1498|1863|921|1246|1517|1222|1554|1651|1251|1370|1117|1635|2580|1345|33412|16575|7012|4899|2968|2163|1468|1429|1376|1142|1255|2485|1436|1034|4952|9831|3551|2094|1240|1038|852|825|750|680|614|640|831|791|604|565|623|643|514|482|427|402|369|399|375|382|479|416|410|353|405|398|385|341|379|421|400|357|364|346|329|346|286|338|412|392|374|339|327|304|275|326|302|343|335|307|333|303|273|365|542|716|526|458|511|393|436|448|400|481|1818|1384|721|571|607|508|471|602|592|1061|624|791|4503|1264|828|763|844|578|623|984|720|623|691|524|531|1166|1267|2082|9781|3972|2154|1859|1775|1028|1516|1237|3233|2783|1385|4205|1842|1080|1311|2009|1094|997|696|1508|1688|3164|1461|911|667|852|935|661|620|1199|1017|977|716|1698|737|883|551|1782|695|554|1101|567|865|1368|837|916|541|604|1141|566|769|913|577|933|789|2320|741|894|1244|587|567|939|842|1111|727|1202|540|974|728|1105|580|964|645|756|590|729|488|538|620|1400|841|1424|1879|5837|2714|1237|1237|950|847|952|740|1758|1594|1154|813|852|1492|736|2327|1101|2916|2172|21499|4448|2607|2772|2132|1630|823|810|916|687|1652|1011|710|609|1073|704|1323|715|694|775|745|676|776|1943|1800|1381|4915|1620|1039|3121|1644|4212|2063|27786|7999|3057|2180|1926|1405|1210|1209|975|950|1210|1043|1209|883|1268|670|579|757|491|824|785|717|475|709|816|662|1030|922|925|468|487|631|459|932|715|1185|714|655|935|489|642|756|767|658|1207|701|642|1037|718|1226|609|818|619|556|1186
765,Gabriel Vilardi,365,140|197|363|159|232|143|191|122|108|278|124|124|171|487|179|246|162|1322|197|206|552|141|646|313|104|148|300|79|428|135|532|144|104|86|109|82|55|68|55|51|64|56|62|70|42|67|42|58|50|45|41|30|65|45|40|45|42|34|41|49|36|53|50|66|36|58|53|53|57|70|59|57|69|62|118|115|151|102|90|153|73|60|59|54|45|42|37|55|39|45|54|640|655|228|418|317|126|75|54|43|41|43|53|40|47|36|25|38|33|23|32|34|34|33|20|30|22|25|28|40|32|32|30|37|30|41|34|30|36|34|23|40|31|35|31|34|34|29|26|33|29|22|39|32|28|18|28|22|25|37|34|44|41|39|31|27|34|54|32|44|39|55|31|53|46|38|43|53|44|47|45|58|74|115|83|116|198|80|74|35|52|62|68|50|59|51|58|48|54|118|113|71|43|48|67|41|234|115|51|47|40|105|36|64|63|61|69|40|101|53|60|46|273|61|43|67|64|52|159|79|63|52|53|166|51|65|107|65|182|51|140|50|127|119|85|57|65|52|68|58|123|60|76|52|81|35|55|52|41|47|52|41|38|44|91|48|82|75|85|285|80|78|49|61|78|60|103|119|90|49|69|92|59|93|53|248|363|126|110|95|73|58|68|27|49|95|45|56|47|42|34|82|66|158|56|36|52|34|37|43|71|64|53|57|43|53|66|54|60|39|90|61|69|76|132|71|120|75|45|46|51|47|80|54|152|52|43|132|105|656|85|58|46|41|165|56|64|54|112|63|41|57|42|62|62|117|70|83|77|54|37|51|49|40|114|39|50|78|72|97|60|68|76|35|69
766,Jacob Bryson,365,38|29|36|29|39|21|24|23|27|26|28|23|18|20|28|23|22|28|27|29|20|21|22|12|16|25|28|28|15|31|26|23|21|38|28|21|33|32|28|27|30|21|34|28|29|14|26|28|27|12|27|18|25|30|24|13|23|13|24|25|18|27|31|10|22|26|22|22|25|37|32|49|29|24|48|37|34|20|24|21|20|19|20|21|26|20|8|17|20|15|32|20|17|19|19|26|14|20|15|27|19|14|18|19|25|15|26|19|18|19|15|14|27|23|11|17|25|26|10|16|16|18|13|18|8|7|15|11|16|10|14|15|21|20|16|21|17|21|21|18|17|17|25|25|14|11|12|13|21|17|25|23|18|38|21|22|13|19|21|27|17|18|14|27|23|22|23|23|20|32|16|18|32|43|27|36|39|52|40|28|52|41|25|45|34|41|41|24|36|24|47|18|22|43|28|17|24|19|26|26|23|26|27|29|19|24|30|29|22|35|25|14|34|24|110|31|24|22|116|43|28|22|16|31|44|35|26|23|64|30|27|27|31|21|33|29|37|25|37|27|30|38|28|29|23|41|21|34|28|31|71|25|28|24|53|33|36|41|56|51|58|46|32|34|67|43|44|30|60|34|139|38|60|62|41|36|52|30|49|25|115|44|44|34|45|51|34|35|28|100|97|134|69|31|124|48|32|40|31|34|33|24|37|38|26|27|50|37|31|34|87|41|41|36|43|31|39|37|35|27|40|31|3929|900|582|192|110|228|80|636|105|121|63|60|108|67|64|68|63|47|35|51|44|29|30|96|49|42|109|31|59|41|68|55|101|29|44|106|34|63|40|60|68|42|57
767,Dylan DeMelo,365,53|236|247|58|232|57|62|173|135|147|49|43|34|531|97|237|142|1538|113|81|281|89|298|187|38|53|269|45|195|64|642|135|139|71|72|36|43|38|35|41|38|36|34|18|49|33|32|26|27|34|37|26|42|66|36|21|36|19|34|28|24|33|33|35|42|41|31|30|11|34|27|30|18|18|25|32|29|42|19|25|22|17|14|22|18|22|16|24|20|23|25|21|32|19|18|31|27|33|18|25|23|22|26|22|25|21|27|13|22|23|15|21|23|26|14|27|35|13|14|18|7|10|21|12|12|26|19|20|21|16|17|16|27|17|21|24|20|16|20|19|26|201|28|22|15|16|16|21|18|22|40|50|14|35|29|19|24|25|18|11|23|18|20|26|25|20|35|21|29|41|27|24|24|29|23|64|59|38|36|37|18|36|38|24|51|32|49|311|118|67|55|119|70|38|51|32|83|48|30|30|36|43|27|36|80|38|32|22|50|22|37|24|72|21|28|47|30|22|66|34|33|25|42|37|28|43|26|26|69|29|117|28|46|45|22|24|34|25|56|46|50|31|49|30|34|15|28|33|26|24|19|31|21|30|96|67|93|29|79|243|50|83|29|36|49|38|72|129|40|33|29|61|46|35|39|77|40|139|113|66|88|45|46|33|28|36|31|36|45|32|31|58|36|97|42|29|22|37|34|37|48|26|29|18|12|34|37|20|29|27|47|27|27|34|34|23|52|67|42|42|42|37|110|34|55|29|30|53|60|136|35|50|32|27|35|34|40|48|56|32|36|44|22|39|24|39|32|45|66|34|36|38|41|26|55|31|26|34|36|30|33|21|39|27|106
768,Haydn Fleury,365,94|184|148|108|163|118|100|98|79|539|106|72|76|185|111|168|526|10622|597|509|2976|314|1796|1005|244|152|1774|190|623|186|3687|277|341|380|195|181|180|183|111|109|128|160|161|78|71|71|194|118|300|130|258|161|136|230|55|125|172|94|97|75|73|225|131|97|159|89|103|61|60|65|56|476|304|131|142|97|130|97|74|64|70|105|69|45|48|27|47|35|31|40|38|43|34|48|41|39|28|31|38|24|30|22|34|88|50|47|32|37|43|34|24|31|30|38|24|39|34|30|41|23|33|27|23|34|24|52|36|41|29|22|43|36|47|27|33|24|41|38|27|46|32|42|43|32|31|25|38|36|33|45|35|34|42|18|30|41|123|55|25|43|56|54|366|79|56|98|75|49|45|275|45|66|45|53|56|193|155|119|114|80|88|70|89|110|273|108|298|77|182|555|148|131|102|61|103|43|101|135|63|59|87|81|61|48|109|57|129|72|111|55|74|68|69|52|51|70|41|62|63|72|44|46|63|48|56|49|58|64|60|59|46|41|48|73|49|48|57|50|58|57|56|49|56|116|74|84|157|65|60|61|55|37|55|51|61|81|138|54|69|108|317|100|77|98|7929|1607|411|243|218|167|145|118|113|70|88|119|76|76|72|74|98|73|120|79|91|87|76|83|70|85|66|69|76|68|71|59|69|61|56|58|70|71|57|79|53|60|79|69|74|69|120|85|85|71|67|78|61|154|107|85|93|61|183|69|153|63|63|111|79|116|104|739|403|136|101|77|97|232|121|63|58|91|60|122|66|68|47|47|51|57|103|63|83|98|309|69|59|110|235|232|78|212|397|111|88
769,Ville Heinola,365,40|52|40|42|38|23|21|36|27|36|23|20|19|43|26|33|38|220|53|41|99|27|64|37|24|28|44|28|54|32|101|27|42|38|40|20|34|27|34|18|23|19|19|23|14|16|10|10|15|10|17|16|14|18|21|15|10|15|19|22|10|22|27|28|33|24|29|21|21|15|16|56|44|22|37|39|30|41|16|19|29|13|19|24|22|15|18|22|12|40|21|23|26|16|21|18|14|18|14|8|13|9|13|14|16|19|9|11|11|12|14|17|14|7|11|19|10|8|14|6|11|10|7|13|15|12|13|22|15|11|12|13|16|9|13|19|14|20|13|14|7|15|16|10|23|19|11|11|10|12|25|19|16|5|10|18|30|20|18|53|18|29|34|32|23|20|26|23|23|25|152|228|103|58|50|55|75|31|37|29|60|72|86|32|26|18|27|32|33|34|33|23|22|21|21|17|31|30|7|18|20|21|27|23|21|21|24|10|17|16|30|16|25|27|55|39|22|23|21|18|20|25|28|32|18|15|23|20|24|24|21|17|18|17|11|14|17|22|16|29|27|21|13|16|28|18|23|21|14|13|24|18|17|22|18|21|30|14|33|41|39|28|23|34|42|33|32|18|46|27|26|25|33|33|24|19|26|22|25|9|24|22|20|57|17|17|60|84|29|25|30|30|22|28|13|14|23|16|14|22|18|14|25|16|31|19|46|21|21|48|45|34|28|26|76|24|73|40|19|36|24|12|95|38|36|29|10|32|21|18|20|35|22|18|21|14|20|29|33|15|15|21|15|16|17|37|16|21|28|24|27|20|28|19|40|31|14|33|18|28|25|24|38|41|90
770,Colin Miller,365,54|76|91|80|83|62|52|326|64|49|61|68|51|79|71|72|75|233|76|110|392|87|291|307|77|88|96|65|80|54|128|60|48|47|34|44|55|52|50|57|38|40|52|56|51|33|40|41|47|44|39|53|38|47|34|37|34|27|35|47|40|57|70|33|37|34|35|31|38|24|43|36|36|79|40|49|48|66|153|150|140|130|133|133|135|133|119|140|135|139|131|137|133|125|137|133|140|40|23|22|34|19|27|20|25|32|22|39|32|26|36|30|22|24|19|16|17|19|32|23|21|23|24|35|32|24|19|20|27|33|33|28|27|27|30|35|42|27|33|39|31|32|23|28|22|32|39|28|31|29|27|29|33|47|22|23|42|23|37|49|35|29|25|47|27|33|27|22|22|20|28|36|41|38|27|42|36|36|55|38|34|46|47|37|38|27|29|37|37|52|45|39|26|105|119|48|51|31|32|31|30|46|48|26|36|43|31|34|26|29|38|37|30|36|42|48|32|33|40|48|29|19|35|49|52|40|51|47|56|32|34|29|41|37|34|34|41|41|33|47|32|34|31|31|28|31|35|26|27|30|33|40|30|29|38|34|98|48|39|107|42|54|34|41|53|29|40|81|63|62|72|46|50|34|25|34|42|37|43|41|46|39|41|29|36|34|32|41|26|27|33|28|31|37|48|35|36|22|31|36|36|26|30|33|29|48|42|40|61|47|63|48|36|45|39|44|39|40|41|26|35|28|55|53|44|43|33|46|40|40|21|35|33|24|104|47|38|32|48|29|32|38|24|34|21|32|39|47|62|35|27|19|33|21|47|33|21|27|20|32|28|55|37|28|32
771,Josh Morrissey,365,169|338|392|170|341|142|129|194|81|158|77|78|92|345|167|380|351|1524|302|220|430|277|891|587|218|138|445|161|645|656|2949|763|689|399|205|121|111|79|90|94|69|81|85|106|62|60|58|59|89|77|94|47|57|71|58|72|67|28|54|54|46|95|80|77|44|47|56|41|37|50|57|69|55|42|90|65|87|63|55|45|61|39|49|52|39|34|28|37|25|59|34|36|44|40|45|48|36|41|40|25|36|26|35|47|47|37|37|47|61|42|41|54|45|46|38|43|34|39|41|58|32|32|43|32|42|55|60|42|49|47|41|44|58|41|38|43|27|55|35|25|44|178|46|45|28|31|36|34|25|27|32|56|37|40|38|37|52|53|47|57|53|48|44|58|62|55|50|52|66|105|74|79|85|88|88|105|137|74|83|70|65|90|83|68|110|66|142|74|57|90|138|91|78|39|62|39|99|76|42|48|42|79|63|69|100|66|80|61|140|66|88|76|168|67|81|170|79|117|166|77|74|60|75|60|44|42|59|60|87|64|156|50|91|80|65|51|72|53|65|99|117|74|92|77|83|57|58|59|70|62|55|52|58|79|165|75|205|524|538|348|178|144|121|105|154|103|163|187|121|97|95|217|92|165|85|113|92|118|183|67|195|111|147|192|71|96|94|97|117|84|116|122|179|257|219|269|301|333|348|387|1634|1311|668|852|388|380|702|460|797|1575|2791|1069|534|320|290|161|148|148|94|97|116|74|105|189|414|110|78|133|65|65|96|90|53|58|95|70|57|72|76|47|45|75|53|83|89|71|43|46|72|74|75|56|61|51|95|65|78|132|97|116|81|81|72|63|93
772,Neal Pionk,365,787|575|405|130|296|86|122|330|71|216|60|47|41|330|87|376|173|6841|526|326|1089|157|847|303|122|112|509|82|962|200|1743|185|118|75|70|61|75|84|55|56|52|47|63|41|33|19|37|23|39|48|52|37|51|64|39|32|45|32|43|26|21|48|40|40|64|62|42|38|44|34|38|47|26|39|62|67|34|42|53|25|37|35|35|24|29|17|16|29|19|26|30|25|39|29|31|28|40|26|28|29|31|40|46|43|45|33|35|16|32|18|25|23|27|21|13|25|20|27|24|25|23|24|17|80|50|31|39|28|25|34|23|26|23|23|18|22|24|15|26|23|29|28|36|20|31|22|17|20|23|37|32|31|24|23|33|33|31|16|35|44|31|38|41|49|37|40|100|55|37|63|48|46|53|54|38|88|78|48|69|30|39|49|44|34|52|32|51|44|32|65|82|54|44|39|287|43|68|92|41|30|26|70|22|54|64|84|71|38|67|33|101|37|101|36|38|88|47|45|173|85|78|82|41|32|25|36|44|36|41|52|88|33|105|59|31|34|53|32|50|52|63|44|140|119|84|55|111|105|50|39|34|45|37|35|132|54|465|95|66|167|54|87|46|61|72|38|100|70|72|43|39|73|111|67|55|49|40|41|44|52|25|39|41|26|58|66|42|47|55|32|35|52|50|58|29|39|43|26|32|30|34|23|17|39|22|33|36|42|32|33|84|68|46|54|39|51|87|61|38|35|51|32|76|64|71|37|36|46|40|56|52|69|57|32|61|42|27|94|186|33|35|50|26|64|55|100|58|26|44|37|125|48|50|19|74|30|22|31|30|54|45|33|28|27|31
773,Elias Salomonsson,365,14|8|3|14|8|8|10|17|13|9|15|9|6|19|8|12|13|19|15|6|5|9|13|5|22|11|8|10|11|6|19|12|15|33|52|33|27|13|14|14|19|11|16|10|9|6|9|3|8|9|7|9|11|15|8|13|11|8|12|6|8|6|4|12|8|10|12|9|8|12|10|23|15|12|13|15|15|10|7|8|11|10|5|4|9|7|15|12|14|7|5|8|8|7|13|26|8|9|6|9|17|11|6|8|14|8|5|5|4|8|10|5|7|7|10|11|13|11|6|5|4|3|7|7|11|8|9|8|27|12|8|4|7|5|12|8|7|9|9|6|9|8|7|7|9|12|9|10|13|11|14|7|8|7|5|9|30|35|11|36|13|12|28|16|26|25|8|18|12|10|10|17|12|3|11|5|17|15|10|9|10|7|13|5|4|16|5|4|20|8|6|12|9|3|8|5|9|15|8|10|5|8|8|4|10|5|7|6|5|8|6|4|11|6|12|6|2|14|14|9|7|94|168|246|63|35|32|18|24|21|48|24|96|22|22|15|52|49|22|17|19|19|18|10|15|13|13|18|16|10|8|11|10|17|8|9|9|8|19|32|22|16|18|17|20|17|9|11|23|11|7|27|28|118|12|96|15|17|23|19|151|20|42|23|30|65|27|67|33|23|34|30|25|52|12|12|10|9|9|10|9|6|4|8|12|4|8|13|9|7|11|15|8|21|35|13|273|68|28|18|36|30|98|35|55|19|11|46|14|40|30|47|18|21|39|35|35|48|96|25|25|48|16|25|15|33|28|19|36|17|36|21|21|12|33|13|21|11|12|18|16|19|14|18|19
774,Dylan Samberg,365,149|236|281|108|294|113|91|117|34|91|41|27|41|225|108|248|139|1719|163|149|436|72|236|170|72|69|197|43|203|81|568|98|91|47|58|44|39|53|64|41|33|28|41|32|44|26|33|43|38|35|36|25|32|44|20|16|42|22|14|25|16|40|25|29|28|24|32|43|20|33|20|42|26|25|60|55|40|71|52|59|33|66|45|22|30|18|16|30|25|29|16|42|26|44|41|44|31|42|34|25|33|299|166|456|216|143|59|43|45|34|30|39|34|28|37|20|21|17|15|27|17|10|19|28|25|19|23|13|21|30|22|20|26|23|22|10|16|13|18|14|16|15|14|21|17|13|17|22|14|16|15|20|20|18|20|13|23|12|15|43|24|29|23|45|107|66|41|37|21|28|24|20|33|40|31|57|65|33|29|37|18|37|40|31|45|31|16|23|27|48|33|25|22|24|65|24|29|42|15|16|20|31|11|12|33|17|29|24|34|34|157|36|61|24|28|56|26|24|40|61|32|24|16|47|22|24|36|20|28|24|53|20|45|25|19|16|31|13|34|27|35|25|23|24|35|16|28|25|16|24|20|21|18|26|104|25|78|21|46|62|27|36|22|35|59|26|41|57|47|27|23|42|34|81|24|31|21|39|59|29|35|53|62|22|33|33|23|57|30|18|28|26|30|35|26|27|17|13|28|30|28|15|13|19|13|17|27|27|32|59|79|51|37|37|36|26|40|45|26|23|81|22|97|24|37|20|31|23|31|43|36|60|25|34|26|24|25|44|69|25|14|24|12|32|27|33|19|17|32|23|23|28|27|17|50|20|13|27|22|25|36|19|24|21|29
