player_id,full_name,wikidata_qid,editions_available,editions_fetched,wiki_intl_12mo,per_edition_json,window_start,window_end,fetch_date,intl_match
1,Leo Carlsson,Q115703445,cs|fi|fr|ru|sv,cs|fi|fr|ru|sv,41414,"{""cs"": 2349, ""fi"": 2866, ""fr"": 2122, ""ru"": 6166, ""sv"": 27911}",20250418,20260417,2026-06-21,ok
2,Nathan Gaucher,Q112967545,fr|sv,fr|sv,2231,"{""fr"": 2167, ""sv"": 64}",20250418,20260417,2026-06-21,ok
3,Cutter Gauthier,Q81903054,cs|fi|fr|ru|sv,cs|fi|fr|ru|sv,18725,"{""cs"": 89, ""fi"": 1965, ""fr"": 8771, ""ru"": 4469, ""sv"": 3431}",20250418,20260417,2026-06-21,ok
4,Mikael Granlund,Q520141,cs|de|fi|fr|ru|sk|sv,cs|de|fi|fr|ru|sk|sv,117110,"{""cs"": 2823, ""de"": 5540, ""fi"": 85139, ""fr"": 3182, ""ru"": 12710, ""sk"": 1776, ""sv"": 5940}",20250418,20260417,2026-06-21,ok
5,Jansen Harkins,Q20066440,fi|fr|sv,fi|fr|sv,1102,"{""fi"": 491, ""fr"": 379, ""sv"": 232}",20250418,20260417,2026-06-21,ok
6,Ross Johnston,Q24006114,de|fi|fr|sv,de|fi|fr|sv,1594,"{""de"": 511, ""fi"": 339, ""fr"": 462, ""sv"": 282}",20250418,20260417,2026-06-21,ok
7,Alex Killorn,Q4719307,de|fi|fr|ru|sv,de|fi|fr|ru|sv,6217,"{""de"": 958, ""fi"": 1021, ""fr"": 1045, ""ru"": 2724, ""sv"": 469}",20250418,20260417,2026-06-21,ok
8,Chris Kreider,Q465017,de|fi|fr|ru|sv,de|fi|fr|ru|sv,11385,"{""de"": 2203, ""fi"": 1310, ""fr"": 1422, ""ru"": 5606, ""sv"": 844}",20250418,20260417,2026-06-21,ok
9,Mason McTavish,Q107684199,cs|de|fi|fr|ru|sv,de|fi|fr|ru|sv,12361,"{""de"": 2129, ""fi"": 1440, ""fr"": 4413, ""ru"": 3848, ""sv"": 531}",20250418,20260417,2026-06-21,ok
10,Ryan Poehling,Q30538929,de|fi|fr|sv,de|fi|fr|sv,4939,"{""de"": 918, ""fi"": 905, ""fr"": 2765, ""sv"": 351}",20250418,20260417,2026-06-21,ok
11,Beckett Sennecke,Q126930004,cs|fi|fr|ru|sv,fi|fr|ru|sv,4685,"{""fi"": 855, ""fr"": 1225, ""ru"": 2159, ""sv"": 446}",20250418,20260417,2026-06-21,ok
12,Troy Terry,Q21600096,de|fi|fr|ru|sv,de|fi|fr|ru|sv,4665,"{""de"": 677, ""fi"": 619, ""fr"": 651, ""ru"": 2376, ""sv"": 342}",20250418,20260417,2026-06-21,ok
13,Frank Vatrano,Q21484331,de|fi|fr|ru|sv,de|fi|fr|ru|sv,3854,"{""de"": 610, ""fi"": 649, ""fr"": 573, ""ru"": 1704, ""sv"": 318}",20250418,20260417,2026-06-21,ok
14,Jeffrey Viel,Q106291776,de|fr|sv,de|fr|sv,2932,"{""de"": 422, ""fr"": 2326, ""sv"": 184}",20250418,20260417,2026-06-21,ok
15,Tim Washe,Q133885139,sv,sv,209,"{""sv"": 209}",20250418,20260417,2026-06-21,ok
16,John Carlson,Q1364621,cs|de|fi|fr|ru|sv,cs|de|fi|fr|ru|sv,23210,"{""cs"": 1618, ""de"": 1761, ""fi"": 1323, ""fr"": 2296, ""ru"": 15043, ""sv"": 1169}",20250418,20260417,2026-06-21,ok
17,Radko Gudas,Q3501342,cs|de|fi|fr|ru|sk|sv,cs|de|fi|fr|ru|sk|sv,139309,"{""cs"": 110454, ""de"": 5958, ""fi"": 4760, ""fr"": 4155, ""ru"": 8154, ""sk"": 3788, ""sv"": 2040}",20250418,20260417,2026-06-21,ok
18,Drew Helleson,Q110553837,fi|sv,fi|sv,565,"{""fi"": 295, ""sv"": 270}",20250418,20260417,2026-06-21,ok
20,Jackson LaCombe,Q108556047,cs|de|fi|fr|ru|sv,cs|de|fi|fr|ru|sv,11199,"{""cs"": 362, ""de"": 883, ""fi"": 2648, ""fr"": 3040, ""ru"": 3753, ""sv"": 513}",20250418,20260417,2026-06-21,ok
21,Pavel Mintyukov,Q112967556,fi|fr|ru|sv,fi|fr|ru|sv,13645,"{""fi"": 454, ""fr"": 534, ""ru"": 11017, ""sv"": 1640}",20250418,20260417,2026-06-21,ok
22,Ian Moore,Q133869438,fi|sv,fi|sv,1711,"{""fi"": 124, ""sv"": 1587}",20250418,20260417,2026-06-21,ok
23,Jacob Trouba,Q3133586,cs|de|fi|fr|ru|sv,cs|de|fi|fr|ru|sv,12365,"{""cs"": 2489, ""de"": 1604, ""fi"": 963, ""fr"": 1472, ""ru"": 5192, ""sv"": 645}",20250418,20260417,2026-06-21,ok
24,Olen Zellweger,Q124350295,cs|fi|fr|sv,fi|fr|sv,1864,"{""fi"": 599, ""fr"": 891, ""sv"": 374}",20250418,20260417,2026-06-21,ok
25,Viktor Arvidsson,Q2645491,cs|de|fi|fr|ru|sv,cs|de|fi|fr|ru|sv,11955,"{""cs"": 1160, ""de"": 1851, ""fi"": 1028, ""fr"": 904, ""ru"": 2939, ""sv"": 4073}",20250418,20260417,2026-06-21,ok
26,Michael Eyssimont,Q111588813,cs|fi|fr|ru|sv,cs|fi|fr|ru|sv,3765,"{""cs"": 55, ""fi"": 817, ""fr"": 791, ""ru"": 1788, ""sv"": 314}",20250418,20260417,2026-06-21,ok
27,Morgan Geekie,Q87355712,cs|de|fi|fr|sv,cs|de|fi|fr|sv,6122,"{""cs"": 1356, ""de"": 1198, ""fi"": 1065, ""fr"": 2023, ""sv"": 480}",20250418,20260417,2026-06-21,ok
28,James Hagens,Q124303296,fi|sv,fi|sv,1247,"{""fi"": 1216, ""sv"": 31}",20250418,20260417,2026-06-21,ok
29,Tanner Jeannot,Q105741085,fi|fr|ru|sv,fi|fr|ru|sv,4689,"{""fi"": 476, ""fr"": 1788, ""ru"": 2064, ""sv"": 361}",20250418,20260417,2026-06-21,ok
30,Mark Kastelic,Q110751049,fi|sv,fi|sv,479,"{""fi"": 107, ""sv"": 372}",20250418,20260417,2026-06-21,ok
31,Marat Khusnutdinov,Q100166282,fi|fr|ru|sv,fi|fr|ru|sv,37207,"{""fi"": 916, ""fr"": 793, ""ru"": 35191, ""sv"": 307}",20250418,20260417,2026-06-21,ok
32,Sean Kuraly,Q27702898,de|fi|fr|ru|sv,de|fi|fr|ru|sv,3117,"{""de"": 746, ""fi"": 534, ""fr"": 538, ""ru"": 953, ""sv"": 346}",20250418,20260417,2026-06-21,ok
33,Elias Lindholm,Q3050933,cs|de|fi|fr|ru|sv,cs|de|fi|fr|ru|sv,31466,"{""cs"": 2510, ""de"": 2738, ""fi"": 1569, ""fr"": 1408, ""ru"": 5556, ""sv"": 17685}",20250418,20260417,2026-06-21,ok
34,Fraser Minten,Q115176275,de|fi|ru|sv,de|fi|sv,3343,"{""de"": 876, ""fi"": 2021, ""sv"": 446}",20250418,20260417,2026-06-21,ok
35,Casey Mittelstadt,Q28154979,de|fi|fr|ru|sv,de|fi|fr|ru|sv,5728,"{""de"": 1483, ""fi"": 609, ""fr"": 993, ""ru"": 2124, ""sv"": 519}",20250418,20260417,2026-06-21,ok
36,David Pastrnak,Q16224594,cs|de|fi|fr|ru|sk|sv,cs|de|fi|fr|ru|sk|sv,225887,"{""cs"": 157875, ""de"": 14709, ""fi"": 6895, ""fr"": 6476, ""ru"": 26573, ""sk"": 3351, ""sv"": 10008}",20250418,20260417,2026-06-21,ok
37,Lukas Reichel,Q70006257,de|fi|fr|ru|sv,de|fi|fr|ru|sv,43991,"{""de"": 38094, ""fi"": 1146, ""fr"": 1311, ""ru"": 2728, ""sv"": 712}",20250418,20260417,2026-06-21,ok
38,Alex Steeves,Q109984157,fi|sv,sv,360,"{""sv"": 360}",20250418,20260417,2026-06-21,ok
39,Pavel Zacha,Q16225756,cs|de|fi|fr|ru|sk|sv,cs|de|fi|fr|ru|sk|sv,23268,"{""cs"": 15037, ""de"": 1545, ""fi"": 837, ""fr"": 1683, ""ru"": 3260, ""sk"": 500, ""sv"": 406}",20250418,20260417,2026-06-21,ok
40,Jonathan Aspirot,Q90428177,fr|sv,fr|sv,5015,"{""fr"": 4857, ""sv"": 158}",20250418,20260417,2026-06-21,ok
41,Jordan Harris,Q111473583,fi|fr|sv,fi|fr|sv,2527,"{""fi"": 382, ""fr"": 1907, ""sv"": 238}",20250418,20260417,2026-06-21,ok
42,Henri Jokiharju,Q24827212,cs|de|fi|fr|ru|sv,cs|de|fi|fr|ru|sv,13008,"{""cs"": 760, ""de"": 1134, ""fi"": 7878, ""fr"": 814, ""ru"": 1868, ""sv"": 554}",20250418,20260417,2026-06-21,ok
43,Hampus Lindholm,Q3077684,cs|de|fi|fr|ru|sv,cs|de|fi|fr|ru|sv,12772,"{""cs"": 1176, ""de"": 1418, ""fi"": 941, ""fr"": 772, ""ru"": 1889, ""sv"": 6576}",20250418,20260417,2026-06-21,ok
44,Mason Lohrei,Q112150988,cs|fi|fr|ru|sv,cs|fi|fr|ru|sv,2878,"{""cs"": 78, ""fi"": 652, ""fr"": 789, ""ru"": 1029, ""sv"": 330}",20250418,20260417,2026-06-21,ok
45,Charlie McAvoy,Q23926004,cs|de|fi|fr|ru|sv,cs|de|fi|fr|ru|sv,14202,"{""cs"": 698, ""de"": 3108, ""fi"": 1674, ""fr"": 2405, ""ru"": 5531, ""sv"": 786}",20250418,20260417,2026-06-21,ok
46,Andrew Peeke,Q77579782,cs|de|fi|fr|ru|sv,cs|de|fi|fr|ru|sv,3792,"{""cs"": 73, ""de"": 821, ""fi"": 470, ""fr"": 569, ""ru"": 1517, ""sv"": 342}",20250418,20260417,2026-06-21,ok
47,Nikita Zadorov,Q3341513,de|fi|fr|ru|sv,de|fi|fr|ru|sv,54612,"{""de"": 1171, ""fi"": 1578, ""fr"": 1847, ""ru"": 49222, ""sv"": 794}",20250418,20260417,2026-06-21,ok
48,Zach Benson,Q120015681,cs|fi|fr|ru|sv,fi|fr|ru|sv,3156,"{""fi"": 604, ""fr"": 770, ""ru"": 1158, ""sv"": 624}",20250418,20260417,2026-06-21,ok
49,Sam Carrick,Q18448664,de|fi|fr|sv,de|fi|fr|sv,1875,"{""de"": 637, ""fi"": 439, ""fr"": 534, ""sv"": 265}",20250418,20260417,2026-06-21,ok
50,Justin Danforth,Q16228493,de|fi|fr|ru|sv,de|fi|fr|ru|sv,4117,"{""de"": 505, ""fi"": 1236, ""fr"": 365, ""ru"": 1779, ""sv"": 232}",20250418,20260417,2026-06-21,ok
51,Josh Doan,Q107637219,cs|fi|ru|sv,cs|fi|ru|sv,5726,"{""cs"": 730, ""fi"": 1236, ""ru"": 3272, ""sv"": 488}",20250418,20260417,2026-06-21,ok
52,Josh Dunne,Q106518567,sv,sv,248,"{""sv"": 248}",20250418,20260417,2026-06-21,ok
53,Jordan Greenway,Q20066659,de|fi|fr|ru|sv,de|fi|fr|ru|sv,2782,"{""de"": 477, ""fi"": 406, ""fr"": 494, ""ru"": 1052, ""sv"": 353}",20250418,20260417,2026-06-21,ok
54,Konsta Helenius,Q115777734,cs|fi|ru|sv,cs|fi|ru|sv,28116,"{""cs"": 712, ""fi"": 25049, ""ru"": 1911, ""sv"": 444}",20250418,20260417,2026-06-21,ok
55,Tyson Kozak,Q131397916,sv,sv,200,"{""sv"": 200}",20250418,20260417,2026-06-21,ok
56,Peyton Krebs,Q64781760,de|fi|fr|ru|sv,de|fi|fr|ru|sv,3173,"{""de"": 682, ""fi"": 453, ""fr"": 534, ""ru"": 1264, ""sv"": 240}",20250418,20260417,2026-06-21,ok
57,Jiri Kulich,Q110281931,cs|fi|fr|sv,cs|fi|fr|sv,10755,"{""cs"": 9087, ""fi"": 702, ""fr"": 654, ""sv"": 312}",20250418,20260417,2026-06-21,ok
58,Beck Malenstyn,Q75842732,sv,sv,335,"{""sv"": 335}",20250418,20260417,2026-06-21,ok
59,Ryan McLeod,Q106627447,de|fi|fr|ru|sv,de|fi|fr|ru|sv,6691,"{""de"": 1047, ""fi"": 608, ""fr"": 995, ""ru"": 3626, ""sv"": 415}",20250418,20260417,2026-06-21,ok
60,Josh Norris,Q30542583,de|fi|fr|sv,de|fi|fr|sv,3088,"{""de"": 1141, ""fi"": 690, ""fr"": 778, ""sv"": 479}",20250418,20260417,2026-06-21,ok
61,Noah Ostlund,Q112967549,fi|fr|sv,fi|fr|sv,6220,"{""fi"": 1911, ""fr"": 406, ""sv"": 3903}",20250418,20260417,2026-06-21,ok
62,Tanner Pearson,Q3515234,de|fi|fr|ru|sv,de|fi|fr|ru|sv,3989,"{""de"": 927, ""fi"": 598, ""fr"": 754, ""ru"": 1452, ""sv"": 258}",20250418,20260417,2026-06-21,ok
63,Jack Quinn,Q100149533,cs|de|fi|fr|ru|sv,de|fi|fr|ru|sv,4954,"{""de"": 807, ""fi"": 795, ""fr"": 990, ""ru"": 1894, ""sv"": 468}",20250418,20260417,2026-06-21,ok
64,Tage Thompson,Q24805735,cs|de|fi|fr|ru|sv,cs|de|fi|fr|ru|sv,59195,"{""cs"": 6877, ""de"": 16382, ""fi"": 5910, ""fr"": 7285, ""ru"": 14124, ""sv"": 8617}",20250418,20260417,2026-06-21,ok
65,Alex Tuch,Q17181019,cs|de|fi|fr|ru|sv,cs|de|fi|fr|ru|sv,9318,"{""cs"": 933, ""de"": 1541, ""fi"": 982, ""fr"": 1570, ""ru"": 2956, ""sv"": 1336}",20250418,20260417,2026-06-21,ok
66,Jason Zucker,Q1684008,de|fi|fr|ru|sv,de|fi|fr|ru|sv,4243,"{""de"": 914, ""fi"": 714, ""fr"": 728, ""ru"": 1517, ""sv"": 370}",20250418,20260417,2026-06-21,ok
67,Bowen Byram,Q64736735,cs|de|fi|fr|ru|sv,cs|de|fi|fr|ru|sv,4598,"{""cs"": 751, ""de"": 978, ""fi"": 766, ""fr"": 1224, ""ru"": 440, ""sv"": 439}",20250418,20260417,2026-06-21,ok
68,Rasmus Dahlin,Q27839454,cs|de|fi|fr|ru|sk|sv,cs|de|fi|fr|ru|sk|sv,59310,"{""cs"": 2595, ""de"": 5369, ""fi"": 4019, ""fr"": 2988, ""ru"": 10828, ""sk"": 105, ""sv"": 33406}",20250418,20260417,2026-06-21,ok
70,Michael Kesselring,Q116977379,cs|ru|sv,cs|ru|sv,2955,"{""cs"": 75, ""ru"": 2198, ""sv"": 682}",20250418,20260417,2026-06-21,ok
71,Zach Metsa,Q111547990,sv,sv,224,"{""sv"": 224}",20250418,20260417,2026-06-21,ok
72,Owen Power,Q102226150,cs|de|fi|fr|ru|sv,cs|de|fi|fr|ru|sv,14740,"{""cs"": 1496, ""de"": 2435, ""fi"": 1557, ""fr"": 1963, ""ru"": 6474, ""sv"": 815}",20250418,20260417,2026-06-21,ok
73,Mattias Samuelsson,Q56301360,de|fi|fr|sv,de|fi|fr|sv,7118,"{""de"": 667, ""fi"": 917, ""fr"": 660, ""sv"": 4874}",20250418,20260417,2026-06-21,ok
74,Luke Schenn,Q1390315,cs|de|fi|fr|ru|sv,cs|de|fi|fr|ru|sv,9015,"{""cs"": 717, ""de"": 1340, ""fi"": 1092, ""fr"": 1858, ""ru"": 3611, ""sv"": 397}",20250418,20260417,2026-06-21,ok
75,Logan Stanley,Q24804710,de|fi|fr|ru|sv,de|fi|fr|ru|sv,4456,"{""de"": 951, ""fi"": 771, ""fr"": 1111, ""ru"": 1254, ""sv"": 369}",20250418,20260417,2026-06-21,ok
76,Conor Timmins,Q69818578,de|fi|fr|sv,de|fi|fr|sv,1658,"{""de"": 547, ""fi"": 379, ""fr"": 480, ""sv"": 252}",20250418,20260417,2026-06-21,ok
77,Mikael Backlund,Q1286038,cs|de|fi|fr|ru|sv,cs|de|fi|fr|ru|sv,18410,"{""cs"": 1767, ""de"": 2222, ""fi"": 1617, ""fr"": 887, ""ru"": 3893, ""sv"": 8024}",20250418,20260417,2026-06-21,ok
78,John Beecher,Q65030545,fi|fr|sv,fi|fr|sv,1519,"{""fi"": 432, ""fr"": 743, ""sv"": 344}",20250418,20260417,2026-06-21,ok
79,Blake Coleman,Q8840022,de|fi|fr|ru|sv,de|fi|fr|ru|sv,4919,"{""de"": 1284, ""fi"": 462, ""fr"": 1248, ""ru"": 1438, ""sv"": 487}",20250418,20260417,2026-06-21,ok
80,Matt Coronato,Q107630709,fi|fr|ru|sv,fi|fr|ru|sv,2125,"{""fi"": 500, ""fr"": 567, ""ru"": 771, ""sv"": 287}",20250418,20260417,2026-06-21,ok
81,Joel Farabee,Q55176953,de|fi|fr|ru|sv,de|fi|fr|ru|sv,3078,"{""de"": 460, ""fi"": 530, ""fr"": 500, ""ru"": 1254, ""sv"": 334}",20250418,20260417,2026-06-21,ok
82,Morgan Frost,Q30572123,fi|fr|sv,fi|fr|sv,1357,"{""fi"": 552, ""fr"": 457, ""sv"": 348}",20250418,20260417,2026-06-21,ok
83,Matvei Gridin,Q126932921,fi|fr|ru|sv,fi|fr|ru|sv,9923,"{""fi"": 239, ""fr"": 772, ""ru"": 8757, ""sv"": 155}",20250418,20260417,2026-06-21,ok
84,Tyson Gross,Q138774598,sv,sv,147,"{""sv"": 147}",20250418,20260417,2026-06-21,ok
85,Samuel Honzek,Q110276609,cs|fi|fr|ru|sk|sv,cs|fi|fr|ru|sk|sv,6954,"{""cs"": 1334, ""fi"": 206, ""fr"": 240, ""ru"": 1109, ""sk"": 3862, ""sv"": 203}",20250418,20260417,2026-06-21,ok
86,Jonathan Huberdeau,Q984221,cs|de|fi|fr|ru|sv,cs|de|fi|fr|ru|sv,19284,"{""cs"": 1458, ""de"": 1802, ""fi"": 2123, ""fr"": 5104, ""ru"": 7700, ""sv"": 1097}",20250418,20260417,2026-06-21,ok
87,Rory Kerins,Q122477016,sv,sv,1676,"{""sv"": 1676}",20250418,20260417,2026-06-21,ok
88,Adam Klapka,Q118247936,cs|ru|sv,cs|ru|sv,35966,"{""cs"": 33736, ""ru"": 1676, ""sv"": 554}",20250418,20260417,2026-06-21,ok
89,Ryan Lomberg,Q47505541,de|fi|fr|ru|sv,de|fi|fr|ru|sv,3387,"{""de"": 525, ""fi"": 391, ""fr"": 975, ""ru"": 1089, ""sv"": 407}",20250418,20260417,2026-06-21,ok
90,Victor Olofsson,Q16224490,de|fi|fr|ru|sv,de|fi|fr|ru|sv,9543,"{""de"": 1265, ""fi"": 874, ""fr"": 923, ""ru"": 1717, ""sv"": 4764}",20250418,20260417,2026-06-21,ok
91,Martin Pospisil,Q98605613,cs|de|fi|ru|sk|sv,cs|de|fi|ru|sk|sv,17475,"{""cs"": 1499, ""de"": 1782, ""fi"": 1608, ""ru"": 2125, ""sk"": 8214, ""sv"": 2247}",20250418,20260417,2026-06-21,ok
92,Yegor Sharangovich,Q29788539,de|fi|fr|ru|sv,de|fi|fr|ru|sv,22032,"{""de"": 645, ""fi"": 581, ""fr"": 375, ""ru"": 20116, ""sv"": 315}",20250418,20260417,2026-06-21,ok
93,Ryan Strome,Q984027,de|fi|fr|ru|sv,de|fi|fr|ru|sv,7419,"{""de"": 992, ""fi"": 669, ""fr"": 780, ""ru"": 4475, ""sv"": 503}",20250418,20260417,2026-06-21,ok
94,Aydar Suniev,Q133895581,ru|sv,ru|sv,5350,"{""ru"": 5145, ""sv"": 205}",20250418,20260417,2026-06-21,ok
95,Connor Zary,Q100150920,fi|fr|ru|sv,fi|fr|ru|sv,2101,"{""fi"": 319, ""fr"": 526, ""ru"": 989, ""sv"": 267}",20250418,20260417,2026-06-21,ok
96,Kevin Bahl,Q79885347,fi|fr|sv,fi|fr|sv,1280,"{""fi"": 453, ""fr"": 486, ""sv"": 341}",20250418,20260417,2026-06-21,ok
97,Jake Bean,Q23880275,de|fi|fr|ru|sv,de|fi|fr|ru|sv,2506,"{""de"": 452, ""fi"": 511, ""fr"": 410, ""ru"": 805, ""sv"": 328}",20250418,20260417,2026-06-21,ok
98,Hunter Brzustewicz,Q81902087,sv,sv,212,"{""sv"": 212}",20250418,20260417,2026-06-21,ok
99,Joel Hanley,Q23728749,de|fi|fr|sv,de|fi|fr|sv,1378,"{""de"": 423, ""fi"": 294, ""fr"": 446, ""sv"": 215}",20250418,20260417,2026-06-21,ok
100,Yan Kuznetsov,Q122477025,ru|sv,ru|sv,10045,"{""ru"": 8392, ""sv"": 1653}",20250418,20260417,2026-06-21,ok
101,Olli Maatta,Q3351500,cs|de|fi|fr|ru|sv,cs|de|fi|fr|ru|sv,31628,"{""cs"": 942, ""de"": 3178, ""fi"": 21865, ""fr"": 889, ""ru"": 3916, ""sv"": 838}",20250418,20260417,2026-06-21,ok
102,Brayden Pachal,Q110810885,de|fr|sv,de|fr|sv,941,"{""de"": 433, ""fr"": 296, ""sv"": 212}",20250418,20260417,2026-06-21,ok
103,Zayne Parekh,Q124809440,cs|fi|sv,cs|fi|sv,4657,"{""cs"": 388, ""fi"": 2868, ""sv"": 1401}",20250418,20260417,2026-06-21,ok
104,Zach Whitecloud,Q51954829,de|fi|fr|ru|sv,de|fi|fr|ru|sv,4009,"{""de"": 727, ""fi"": 632, ""fr"": 1087, ""ru"": 1267, ""sv"": 296}",20250418,20260417,2026-06-21,ok
106,Sebastian Aho,Q16158994,cs|de|fi|fr|ru|sk|sv,cs|de|fi|fr|ru|sk|sv,73304,"{""cs"": 2208, ""de"": 4319, ""fi"": 47253, ""fr"": 3378, ""ru"": 11360, ""sk"": 997, ""sv"": 3789}",20250418,20260417,2026-06-21,ok
107,Jackson Blake,Q125102952,cs|fi|ru|sv,fi|ru|sv,2755,"{""fi"": 755, ""ru"": 1707, ""sv"": 293}",20250418,20260417,2026-06-21,ok
108,William Carrier,Q16200683,de|fi|fr|ru|sv,de|fi|fr|ru|sv,6720,"{""de"": 487, ""fi"": 386, ""fr"": 4674, ""ru"": 951, ""sv"": 222}",20250418,20260417,2026-06-21,ok
109,Nicolas Deslauriers,Q15964625,de|fi|fr|ru|sv,de|fi|fr|ru|sv,9730,"{""de"": 923, ""fi"": 777, ""fr"": 5902, ""ru"": 1220, ""sv"": 908}",20250418,20260417,2026-06-21,ok
110,Nikolaj Ehlers,Q15823679,cs|de|fi|fr|ru|sv,cs|de|fi|fr|ru|sv,44784,"{""cs"": 2343, ""de"": 22459, ""fi"": 3840, ""fr"": 3514, ""ru"": 7137, ""sv"": 5491}",20250418,20260417,2026-06-21,ok
111,Taylor Hall,Q721993,cs|de|fi|fr|ru|sk|sv,cs|de|fi|fr|ru|sk|sv,23014,"{""cs"": 2100, ""de"": 4039, ""fi"": 2440, ""fr"": 3090, ""ru"": 9296, ""sk"": 1074, ""sv"": 975}",20250418,20260417,2026-06-21,ok
112,Mark Jankowski,Q59402,de|fi|fr|sv,de|fi|fr|sv,2052,"{""de"": 642, ""fi"": 526, ""fr"": 590, ""sv"": 294}",20250418,20260417,2026-06-21,ok
113,Seth Jarvis,Q100149493,cs|de|fi|fr|ru|sv,cs|de|fi|fr|ru|sv,13829,"{""cs"": 247, ""de"": 1237, ""fi"": 2370, ""fr"": 4499, ""ru"": 4822, ""sv"": 654}",20250418,20260417,2026-06-21,ok
114,Jesperi Kotkaniemi,Q39400296,de|fi|fr|ru|sv,de|fi|fr|ru|sv,21207,"{""de"": 1291, ""fi"": 9716, ""fr"": 7082, ""ru"": 2499, ""sv"": 619}",20250418,20260417,2026-06-21,ok
115,Jordan Martinook,Q16229653,cs|de|fi|fr|ru|sv,cs|de|fi|fr|ru|sv,3870,"{""cs"": 2, ""de"": 525, ""fi"": 557, ""fr"": 417, ""ru"": 2016, ""sv"": 353}",20250418,20260417,2026-06-21,ok
116,Eric Robinson,Q52702779,de|fi|fr|sv,de|fi|fr|sv,1621,"{""de"": 513, ""fi"": 307, ""fr"": 478, ""sv"": 323}",20250418,20260417,2026-06-21,ok
117,Jordan Staal,Q447270,cs|de|fi|fr|ru|sv,cs|de|fi|fr|ru|sv,20838,"{""cs"": 1399, ""de"": 2175, ""fi"": 2235, ""fr"": 3390, ""ru"": 10818, ""sv"": 821}",20250418,20260417,2026-06-21,ok
118,Logan Stankoven,Q112801080,cs|fi|fr|ru|sv,cs|fi|fr|ru|sv,8475,"{""cs"": 1992, ""fi"": 1385, ""fr"": 1391, ""ru"": 3296, ""sv"": 411}",20250418,20260417,2026-06-21,ok
119,Andrei Svechnikov,Q34489864,cs|de|fi|fr|ru|sv,de|fi|fr|ru|sv,71380,"{""de"": 2882, ""fi"": 1735, ""fr"": 1879, ""ru"": 64235, ""sv"": 649}",20250418,20260417,2026-06-21,ok
120,Jalen Chatfield,Q104975388,cs|fi|fr|sv,fi|fr|sv,1607,"{""fi"": 497, ""fr"": 783, ""sv"": 327}",20250418,20260417,2026-06-21,ok
121,Shayne Gostisbehere,Q16228901,cs|de|fi|fr|ru|sv,cs|de|fi|fr|ru|sv,6629,"{""cs"": 684, ""de"": 1074, ""fi"": 919, ""fr"": 1665, ""ru"": 1860, ""sv"": 427}",20250418,20260417,2026-06-21,ok
122,K'Andre Miller,Q55183451,de|fi|fr|ru|sv,de|fi|fr|ru|sv,4732,"{""de"": 912, ""fi"": 958, ""fr"": 967, ""ru"": 1470, ""sv"": 425}",20250418,20260417,2026-06-21,ok
123,Alexander Nikishin,Q89889168,fi|fr|ru|sv,fi|fr|ru|sv,41552,"{""fi"": 920, ""fr"": 991, ""ru"": 39318, ""sv"": 323}",20250418,20260417,2026-06-21,ok
124,Mike Reilly,Q16224772,de|fi|fr|ru|sv,de|fi|fr|ru|sv,3177,"{""de"": 668, ""fi"": 487, ""fr"": 764, ""ru"": 973, ""sv"": 285}",20250418,20260417,2026-06-21,ok
125,Jaccob Slavin,Q21045691,cs|de|fi|fr|ru|sv,cs|de|fi|fr|ru|sv,11098,"{""cs"": 293, ""de"": 1675, ""fi"": 1383, ""fr"": 1456, ""ru"": 5673, ""sv"": 618}",20250418,20260417,2026-06-21,ok
126,Sean Walker,Q57758280,de|fi|fr|sv,de|fi|fr|sv,2132,"{""de"": 782, ""fi"": 523, ""fr"": 592, ""sv"": 235}",20250418,20260417,2026-06-21,ok
127,Connor Bedard,Q102425753,cs|de|fi|fr|ru|sk|sv,cs|de|fi|fr|ru|sk|sv,74857,"{""cs"": 7151, ""de"": 8365, ""fi"": 6121, ""fr"": 16957, ""ru"": 28383, ""sk"": 2775, ""sv"": 5105}",20250418,20260417,2026-06-21,ok
128,Tyler Bertuzzi,Q24006730,de|fi|fr|ru|sv,de|fi|fr|ru|sv,10612,"{""de"": 1817, ""fi"": 1677, ""fr"": 1948, ""ru"": 4356, ""sv"": 814}",20250418,20260417,2026-06-21,ok
129,Sacha Boisvert,Q126934335,fi|sv,fi|sv,208,"{""fi"": 89, ""sv"": 119}",20250418,20260417,2026-06-21,ok
130,Andre Burakovsky,Q13581457,cs|de|fi|fr|ru|sv,cs|de|fi|fr|ru|sv,21741,"{""cs"": 1159, ""de"": 1776, ""fi"": 1204, ""fr"": 1011, ""ru"": 6148, ""sv"": 10443}",20250418,20260417,2026-06-21,ok
131,Ryan Donato,Q17385847,cs|de|fi|fr|sv,cs|de|fi|fr|sv,3651,"{""cs"": 649, ""de"": 1124, ""fi"": 638, ""fr"": 793, ""sv"": 447}",20250418,20260417,2026-06-21,ok
132,Anton Frondell,Q125964662,cs|fi|sv,cs|fi|sv,17208,"{""cs"": 130, ""fi"": 1137, ""sv"": 15941}",20250418,20260417,2026-06-21,ok
133,Ryan Greene,Q133892630,sv,sv,262,"{""sv"": 262}",20250418,20260417,2026-06-21,ok
134,Sam Lafferty,Q70098297,de|fi|fr|sv,de|fi|fr|sv,1752,"{""de"": 561, ""fi"": 559, ""fr"": 319, ""sv"": 313}",20250418,20260417,2026-06-21,ok
135,Nick Lardis,Q137381676,fi|sv,fi|sv,341,"{""fi"": 200, ""sv"": 141}",20250418,20260417,2026-06-21,ok
136,Andrew Mangiapane,Q20745013,cs|de|fi|fr|ru|sv,cs|de|fi|fr|ru|sv,13620,"{""cs"": 1016, ""de"": 3127, ""fi"": 770, ""fr"": 2266, ""ru"": 5971, ""sv"": 470}",20250418,20260417,2026-06-21,ok
137,Ilya Mikheyev,Q25388037,de|fi|fr|ru|sv,de|fi|fr|ru|sv,17890,"{""de"": 683, ""fi"": 555, ""fr"": 440, ""ru"": 15839, ""sv"": 373}",20250418,20260417,2026-06-21,ok
138,Oliver Moore,Q120015682,fi|fr|sv,fi|fr|sv,2663,"{""fi"": 1888, ""fr"": 478, ""sv"": 297}",20250418,20260417,2026-06-21,ok
139,Frank Nazar,Q81905716,cs|fi|fr|ru|sv,cs|fi|fr|ru|sv,9812,"{""cs"": 150, ""fi"": 1485, ""fr"": 2214, ""ru"": 5154, ""sv"": 809}",20250418,20260417,2026-06-21,ok
140,Landon Slaggert,Q124823562,sv,sv,295,"{""sv"": 295}",20250418,20260417,2026-06-21,ok
141,Teuvo Teravainen,Q3519286,cs|de|fi|fr|ru|sv,cs|de|fi|fr|ru|sv,36261,"{""cs"": 1469, ""de"": 1671, ""fi"": 25712, ""fr"": 880, ""ru"": 5128, ""sv"": 1401}",20250418,20260417,2026-06-21,ok
142,Dominic Toninato,Q43349759,de|fi|fr|sv,de|fi|fr|sv,1113,"{""de"": 381, ""fi"": 279, ""fr"": 264, ""sv"": 189}",20250418,20260417,2026-06-21,ok
143,Louis Crevier,Q123671144,ru|sv,ru|sv,925,"{""ru"": 667, ""sv"": 258}",20250418,20260417,2026-06-21,ok
144,Ethan Del Mastro,Q125462680,cs|sv,sv,334,"{""sv"": 334}",20250418,20260417,2026-06-21,ok
145,Matt Grzelcyk,Q19564299,de|fi|fr|sv,de|fi|fr|sv,2188,"{""de"": 763, ""fi"": 512, ""fr"": 554, ""sv"": 359}",20250418,20260417,2026-06-21,ok
146,Wyatt Kaiser,Q117215047,fi|sv,fi|sv,778,"{""fi"": 488, ""sv"": 290}",20250418,20260417,2026-06-21,ok
147,Kevin Korchinski,Q112967557,fi|fr|sv,fi|fr|sv,2723,"{""fi"": 1880, ""fr"": 574, ""sv"": 269}",20250418,20260417,2026-06-21,ok
148,Artyom Levshunov,Q122980144,fi|fr|ru|sv,fi|fr|ru|sv,22847,"{""fi"": 826, ""fr"": 1912, ""ru"": 19614, ""sv"": 495}",20250418,20260417,2026-06-21,ok
149,Sam Rinzel,Q112967559,fi|fr|sv,fi|fr|sv,2806,"{""fi"": 1930, ""fr"": 586, ""sv"": 290}",20250418,20260417,2026-06-21,ok
150,Alex Vlasic,Q111310415,cs|fi|ru|sv,cs|fi|ru|sv,3564,"{""cs"": 78, ""fi"": 859, ""ru"": 2050, ""sv"": 577}",20250418,20260417,2026-06-21,ok
151,Zakhar Bardakov,Q105437939,fr|ru|sv,fr|ru|sv,17267,"{""fr"": 607, ""ru"": 16515, ""sv"": 145}",20250418,20260417,2026-06-21,ok
152,Ross Colton,Q105672753,de|fi|fr|ru|sv,de|fi|fr|ru|sv,3303,"{""de"": 568, ""fi"": 438, ""fr"": 469, ""ru"": 1506, ""sv"": 322}",20250418,20260417,2026-06-21,ok
153,Jack Drury,Q88018838,fi|fr|sv,fi|fr|sv,2149,"{""fi"": 666, ""fr"": 963, ""sv"": 520}",20250418,20260417,2026-06-21,ok
154,Nazem Kadri,Q1852981,cs|de|fi|fr|ru|sv,cs|de|fi|fr|ru|sv,22537,"{""cs"": 2068, ""de"": 2545, ""fi"": 2926, ""fr"": 7491, ""ru"": 6446, ""sv"": 1061}",20250418,20260417,2026-06-21,ok
155,Parker Kelly,Q106824020,fi|fr|ru|sv,fi|fr|ru|sv,2064,"{""fi"": 303, ""fr"": 445, ""ru"": 1000, ""sv"": 316}",20250418,20260417,2026-06-21,ok
156,Joel Kiviranta,Q16299903,cs|de|fi|fr|ru|sv,cs|de|fi|fr|ru|sv,16368,"{""cs"": 228, ""de"": 999, ""fi"": 11968, ""fr"": 570, ""ru"": 1959, ""sv"": 644}",20250418,20260417,2026-06-21,ok
157,Gabriel Landeskog,Q715421,cs|de|fi|fr|ru|sk|sv,cs|de|fi|fr|ru|sk|sv,76471,"{""cs"": 4024, ""de"": 8397, ""fi"": 7828, ""fr"": 5221, ""ru"": 13241, ""sk"": 1324, ""sv"": 36436}",20250418,20260417,2026-06-21,ok
158,Artturi Lehkonen,Q2365562,cs|de|fi|fr|ru|sv,cs|de|fi|fr|ru|sv,50385,"{""cs"": 1210, ""de"": 1974, ""fi"": 38762, ""fr"": 3501, ""ru"": 3293, ""sv"": 1645}",20250418,20260417,2026-06-21,ok
159,Nathan MacKinnon,Q1966594,cs|de|fi|fr|ru|sk|sv,cs|de|fi|fr|ru|sk|sv,175962,"{""cs"": 14417, ""de"": 22209, ""fi"": 13977, ""fr"": 23028, ""ru"": 91395, ""sk"": 4852, ""sv"": 6084}",20250418,20260417,2026-06-21,ok
160,Martin Necas,Q28057077,cs|de|fi|fr|ru|sv,cs|de|fi|fr|ru|sv,102483,"{""cs"": 82826, ""de"": 4579, ""fi"": 2634, ""fr"": 2425, ""ru"": 8986, ""sv"": 1033}",20250418,20260417,2026-06-21,ok
161,Brock Nelson,Q2925902,cs|de|fi|fr|ru|sv,cs|de|fi|fr|ru|sv,16944,"{""cs"": 706, ""de"": 3096, ""fi"": 2557, ""fr"": 2549, ""ru"": 7001, ""sv"": 1035}",20250418,20260417,2026-06-21,ok
162,Valeri Nichushkin,Q2365750,cs|de|fi|fr|ru|sv,cs|de|fi|fr|ru|sv,42316,"{""cs"": 1134, ""de"": 1228, ""fi"": 1276, ""fr"": 1145, ""ru"": 37077, ""sv"": 456}",20250418,20260417,2026-06-21,ok
163,Logan O'Connor,Q60823183,de|fi|fr|ru|sv,de|fi|fr|ru|sv,2893,"{""de"": 580, ""fi"": 409, ""fr"": 486, ""ru"": 1145, ""sv"": 273}",20250418,20260417,2026-06-21,ok
164,Nicolas Roy,Q16224877,cs|de|fi|fr|ru|sv,cs|de|fi|fr|ru|sv,13463,"{""cs"": 990, ""de"": 1582, ""fi"": 938, ""fr"": 5585, ""ru"": 3879, ""sv"": 489}",20250418,20260417,2026-06-21,ok
165,Jack Ahcan,Q106034953,sv,sv,180,"{""sv"": 180}",20250418,20260417,2026-06-21,ok
166,Nick Blankenburg,Q111598719,fi|sv,fi|sv,829,"{""fi"": 512, ""sv"": 317}",20250418,20260417,2026-06-21,ok
167,Brent Burns,Q909711,cs|de|fi|fr|ru|sv,cs|de|fi|fr|ru|sv,48655,"{""cs"": 4722, ""de"": 6020, ""fi"": 6616, ""fr"": 5932, ""ru"": 23418, ""sv"": 1947}",20250418,20260417,2026-06-21,ok
168,Brett Kulak,Q16229397,de|fi|fr|sv,de|fi|fr|sv,5351,"{""de"": 1778, ""fi"": 973, ""fr"": 2094, ""sv"": 506}",20250418,20260417,2026-06-21,ok
169,Cale Makar,Q29342308,cs|de|fi|fr|ru|sk|sv,cs|de|fi|fr|ru|sk|sv,83356,"{""cs"": 10031, ""de"": 12537, ""fi"": 8270, ""fr"": 13773, ""ru"": 33557, ""sk"": 1498, ""sv"": 3690}",20250418,20260417,2026-06-21,ok
170,Sam Malinski,Q117787535,fi|fr|sv,fi|fr|sv,1172,"{""fi"": 418, ""fr"": 455, ""sv"": 299}",20250418,20260417,2026-06-21,ok
171,Josh Manson,Q16229630,de|fi|fr|ru|sv,de|fi|fr|ru|sv,4184,"{""de"": 819, ""fi"": 645, ""fr"": 713, ""ru"": 1554, ""sv"": 453}",20250418,20260417,2026-06-21,ok
172,Devon Toews,Q60063280,cs|de|fi|fr|ru|sv,cs|de|fi|fr|ru|sv,14593,"{""cs"": 313, ""de"": 2954, ""fi"": 1390, ""fr"": 3410, ""ru"": 5702, ""sv"": 824}",20250418,20260417,2026-06-21,ok
173,Charlie Coyle,Q547607,cs|de|fi|fr|ru|sv,cs|de|fi|fr|ru|sv,6628,"{""cs"": 645, ""de"": 1277, ""fi"": 750, ""fr"": 1072, ""ru"": 2395, ""sv"": 489}",20250418,20260417,2026-06-21,ok
174,Adam Fantilli,Q114924131,cs|de|fi|fr|ru|sv,cs|de|fi|fr|ru|sv,11721,"{""cs"": 1236, ""de"": 1858, ""fi"": 974, ""fr"": 2273, ""ru"": 3401, ""sv"": 1979}",20250418,20260417,2026-06-21,ok
175,Conor Garland,Q20090755,cs|de|fi|fr|ru|sv,cs|de|fi|fr|ru|sv,13540,"{""cs"": 3150, ""de"": 3812, ""fi"": 1381, ""fr"": 1276, ""ru"": 3245, ""sv"": 676}",20250418,20260417,2026-06-21,ok
176,Danton Heinen,Q27282857,de|fi|fr|sv,de|fi|fr|sv,2239,"{""de"": 710, ""fi"": 622, ""fr"": 479, ""sv"": 428}",20250418,20260417,2026-06-21,ok
177,Boone Jenner,Q4943642,de|fi|fr|ru|sv,de|fi|fr|ru|sv,5929,"{""de"": 923, ""fi"": 785, ""fr"": 1194, ""ru"": 2657, ""sv"": 370}",20250418,20260417,2026-06-21,ok
178,Kent Johnson,Q107980587,cs|de|fi|fr|ru|sv,cs|de|fi|fr|ru|sv,5743,"{""cs"": 1, ""de"": 974, ""fi"": 737, ""fr"": 1066, ""ru"": 2110, ""sv"": 855}",20250418,20260417,2026-06-21,ok
179,Isac Lundeström,Q23869474,cs|de|fi|fr|ru|sv,cs|de|fi|fr|ru|sv,8105,"{""cs"": 690, ""de"": 719, ""fi"": 715, ""fr"": 350, ""ru"": 876, ""sv"": 4755}",20250418,20260417,2026-06-21,ok
180,Kirill Marchenko,Q56651259,fi|fr|ru|sv,fi|fr|ru|sv,31781,"{""fi"": 612, ""fr"": 977, ""ru"": 29869, ""sv"": 323}",20250418,20260417,2026-06-21,ok
181,Mason Marchment,Q80720760,de|fi|fr|ru|sv,de|fi|fr|ru|sv,7750,"{""de"": 1642, ""fi"": 1328, ""fr"": 1523, ""ru"": 2686, ""sv"": 571}",20250418,20260417,2026-06-21,ok
182,Sean Monahan,Q13581433,cs|de|fi|fr|ru|sv,cs|de|fi|fr|ru|sv,10224,"{""cs"": 784, ""de"": 1564, ""fi"": 887, ""fr"": 2840, ""ru"": 3597, ""sv"": 552}",20250418,20260417,2026-06-21,ok
183,Mathieu Olivier,Q60485104,fr|ru|sv,fr|ru|sv,13735,"{""fr"": 11885, ""ru"": 1432, ""sv"": 418}",20250418,20260417,2026-06-21,ok
184,Cole Sillinger,Q102077303,cs|de|fi|fr|ru|sv,cs|de|fi|fr|ru|sv,12826,"{""cs"": 558, ""de"": 1126, ""fi"": 713, ""fr"": 6800, ""ru"": 1299, ""sv"": 2330}",20250418,20260417,2026-06-21,ok
185,Dmitri Voronkov,Q64853164,fi|fr|ru|sv,fi|fr|ru|sv,26383,"{""fi"": 462, ""fr"": 674, ""ru"": 24937, ""sv"": 310}",20250418,20260417,2026-06-21,ok
186,Miles Wood,Q23809781,de|fi|fr|ru|sv,de|fi|fr|ru|sv,3725,"{""de"": 743, ""fi"": 766, ""fr"": 421, ""ru"": 1371, ""sv"": 424}",20250418,20260417,2026-06-21,ok
187,Jake Christiansen,Q110460125,fr|sv,fr|sv,488,"{""fr"": 222, ""sv"": 266}",20250418,20260417,2026-06-21,ok
188,Dante Fabbro,Q22005702,de|fi|fr|ru|sv,de|fi|fr|ru|sv,6282,"{""de"": 613, ""fi"": 521, ""fr"": 4051, ""ru"": 844, ""sv"": 253}",20250418,20260417,2026-06-21,ok
189,Erik Gudbranson,Q1353957,cs|de|fi|fr|ru|sv,cs|de|fi|fr|ru|sv,4406,"{""cs"": 459, ""de"": 628, ""fi"": 746, ""fr"": 625, ""ru"": 1438, ""sv"": 510}",20250418,20260417,2026-06-21,ok
190,Denton Mateychuk,Q81905280,cs|fi|fr|sv,fi|fr|sv,1108,"{""fi"": 312, ""fr"": 601, ""sv"": 195}",20250418,20260417,2026-06-21,ok
191,Ivan Provorov,Q19972647,cs|de|fi|fr|ru|sv,cs|de|fi|fr|ru|sv,25545,"{""cs"": 667, ""de"": 1368, ""fi"": 986, ""fr"": 919, ""ru"": 21110, ""sv"": 495}",20250418,20260417,2026-06-21,ok
192,Damon Severson,Q18247523,de|fi|fr|ru|sv,de|fi|fr|ru|sv,2668,"{""de"": 522, ""fi"": 388, ""fr"": 418, ""ru"": 1007, ""sv"": 333}",20250418,20260417,2026-06-21,ok
193,Brendan Smith,Q2907301,cs|de|fi|fr|ru|sv,cs|de|fi|fr|ru|sv,4026,"{""cs"": 430, ""de"": 822, ""fi"": 562, ""fr"": 450, ""ru"": 1339, ""sv"": 423}",20250418,20260417,2026-06-21,ok
194,Zach Werenski,Q19662630,cs|de|fi|fr|ru|sv,cs|de|fi|fr|ru|sv,21683,"{""cs"": 577, ""de"": 5758, ""fi"": 2272, ""fr"": 2495, ""ru"": 9732, ""sv"": 849}",20250418,20260417,2026-06-21,ok
195,Egor Zamula,Q105062111,fi|fr|ru|sv,fi|fr|ru|sv,13928,"{""fi"": 398, ""fr"": 383, ""ru"": 12912, ""sv"": 235}",20250418,20260417,2026-06-21,ok
196,Nathan Bastian,Q60706036,de|fr|sv,de|fr|sv,1334,"{""de"": 593, ""fr"": 448, ""sv"": 293}",20250418,20260417,2026-06-21,ok
197,Jamie Benn,Q1064791,cs|de|fi|fr|ru|sv,cs|de|fi|fr|ru|sv,22932,"{""cs"": 1844, ""de"": 3399, ""fi"": 3993, ""fr"": 3001, ""ru"": 9655, ""sv"": 1040}",20250418,20260417,2026-06-21,ok
198,Colin Blackwell,Q60823259,de|fi|fr|sv,de|fi|fr|sv,1725,"{""de"": 517, ""fi"": 451, ""fr"": 433, ""sv"": 324}",20250418,20260417,2026-06-21,ok
199,Mavrik Bourque,Q100166499,cs|fi|fr|sv,fi|fr|sv,9323,"{""fi"": 2834, ""fr"": 6084, ""sv"": 405}",20250418,20260417,2026-06-21,ok
200,Michael Bunting,Q59696575,cs|de|fi|fr|ru|sv,cs|de|fi|fr|ru|sv,4783,"{""cs"": 581, ""de"": 1065, ""fi"": 717, ""fr"": 535, ""ru"": 1620, ""sv"": 265}",20250418,20260417,2026-06-21,ok
201,Oskar Bäck,Q60404235,fi|sv,fi|sv,2176,"{""fi"": 831, ""sv"": 1345}",20250418,20260417,2026-06-21,ok
202,Matt Duchene,Q717078,cs|de|fi|fr|ru|sv,cs|de|fi|fr|ru|sv,17268,"{""cs"": 1880, ""de"": 2200, ""fi"": 2214, ""fr"": 3251, ""ru"": 6650, ""sv"": 1073}",20250418,20260417,2026-06-21,ok
203,Adam Erne,Q28122508,de|fi|fr|ru|sv,de|fi|fr|ru|sv,2624,"{""de"": 573, ""fi"": 495, ""fr"": 595, ""ru"": 596, ""sv"": 365}",20250418,20260417,2026-06-21,ok
204,Radek Faksa,Q3416408,cs|de|fi|fr|ru|sv,cs|de|fi|fr|ru|sv,15711,"{""cs"": 11152, ""de"": 1141, ""fi"": 879, ""fr"": 612, ""ru"": 1528, ""sv"": 399}",20250418,20260417,2026-06-21,ok
205,Roope Hintz,Q16229047,cs|de|fi|fr|ru|sv,cs|de|fi|fr|ru|sv,34963,"{""cs"": 1092, ""de"": 2749, ""fi"": 24071, ""fr"": 1151, ""ru"": 3844, ""sv"": 2056}",20250418,20260417,2026-06-21,ok
206,Justin Hryckowian,Q131598130,fi|sv,fi|sv,415,"{""fi"": 142, ""sv"": 273}",20250418,20260417,2026-06-21,ok
207,Arttu Hyry,Q101184366,fi|fr|ru|sv,fi|fr|ru|sv,8413,"{""fi"": 6927, ""fr"": 319, ""ru"": 816, ""sv"": 351}",20250418,20260417,2026-06-21,ok
208,Wyatt Johnston,Q107677619,cs|de|fi|fr|ru|sv,cs|de|fi|fr|ru|sv,8226,"{""cs"": 1, ""de"": 915, ""fi"": 1225, ""fr"": 2470, ""ru"": 3237, ""sv"": 378}",20250418,20260417,2026-06-21,ok
209,Mikko Rantanen,Q11882784,cs|de|fi|fr|ru|sk|sv,cs|de|fi|fr|ru|sk|sv,110004,"{""cs"": 5913, ""de"": 10506, ""fi"": 57083, ""fr"": 6699, ""ru"": 24120, ""sk"": 433, ""sv"": 5250}",20250418,20260417,2026-06-21,ok
210,Jason Robertson,Q83617451,cs|de|fi|fr|ru|sv,cs|de|fi|fr|ru|sv,21440,"{""cs"": 1602, ""de"": 2356, ""fi"": 4082, ""fr"": 5957, ""ru"": 6530, ""sv"": 913}",20250418,20260417,2026-06-21,ok
211,Tyler Seguin,Q772640,cs|de|fi|fr|ru|sk|sv,cs|de|fi|fr|ru|sk|sv,23319,"{""cs"": 1561, ""de"": 3636, ""fi"": 2585, ""fr"": 5479, ""ru"": 8517, ""sk"": 706, ""sv"": 835}",20250418,20260417,2026-06-21,ok
212,Sam Steel,Q24805711,de|fi|fr|ru|sv,de|fi|fr|ru|sv,3440,"{""de"": 771, ""fi"": 674, ""fr"": 601, ""ru"": 1162, ""sv"": 232}",20250418,20260417,2026-06-21,ok
213,Lian Bichsel,Q81901906,de|fi|fr|ru|sv,de|fi|fr|sv,17667,"{""de"": 12938, ""fi"": 1106, ""fr"": 2798, ""sv"": 825}",20250418,20260417,2026-06-21,ok
214,Kyle Capobianco,Q21706800,fi|fr|sv,fi|fr|sv,992,"{""fi"": 356, ""fr"": 340, ""sv"": 296}",20250418,20260417,2026-06-21,ok
215,Thomas Harley,Q65030543,cs|de|fi|fr|ru|sv,cs|de|fi|fr|ru|sv,10410,"{""cs"": 180, ""de"": 1318, ""fi"": 1479, ""fr"": 3570, ""ru"": 3277, ""sv"": 586}",20250418,20260417,2026-06-21,ok
216,Miro Heiskanen,Q24827214,cs|de|fi|fr|ru|sv,cs|de|fi|fr|ru|sv,40597,"{""cs"": 1463, ""de"": 3262, ""fi"": 28316, ""fr"": 1393, ""ru"": 4681, ""sv"": 1482}",20250418,20260417,2026-06-21,ok
217,Esa Lindell,Q11858583,cs|de|fi|fr|ru|sk|sv,cs|de|fi|fr|ru|sk|sv,19075,"{""cs"": 774, ""de"": 1444, ""fi"": 12409, ""fr"": 743, ""ru"": 2361, ""sk"": 325, ""sv"": 1019}",20250418,20260417,2026-06-21,ok
218,Nils Lundkvist,Q52482603,de|fi|fr|sv,de|fi|fr|sv,3682,"{""de"": 626, ""fi"": 608, ""fr"": 472, ""sv"": 1976}",20250418,20260417,2026-06-21,ok
219,Ilya Lyubushkin,Q16229578,de|fi|fr|ru|sv,de|fi|fr|ru|sv,13571,"{""de"": 615, ""fi"": 727, ""fr"": 382, ""ru"": 11640, ""sv"": 207}",20250418,20260417,2026-06-21,ok
220,Tyler Myers,Q1365229,cs|de|fi|fr|ru|sv,cs|de|fi|fr|ru|sv,9100,"{""cs"": 950, ""de"": 1501, ""fi"": 1452, ""fr"": 1492, ""ru"": 3105, ""sv"": 600}",20250418,20260417,2026-06-21,ok
221,Alexander Petrovic,Q4717623,de|fi|fr|ru|sv,de|fi|fr|ru|sv,8486,"{""de"": 4869, ""fi"": 956, ""fr"": 500, ""ru"": 1638, ""sv"": 523}",20250418,20260417,2026-06-21,ok
222,Mason Appleton,Q51883528,de|fi|fr|ru|sv,de|fi|fr|ru|sv,3632,"{""de"": 871, ""fi"": 508, ""fr"": 579, ""ru"": 1292, ""sv"": 382}",20250418,20260417,2026-06-21,ok
223,J.T. Compher,Q16728159,cs|de|fi|fr|ru|sv,cs|de|fi|fr|ru|sv,3634,"{""cs"": 495, ""de"": 535, ""fi"": 502, ""fr"": 367, ""ru"": 1384, ""sv"": 351}",20250418,20260417,2026-06-21,ok
224,Andrew Copp,Q19800096,cs|de|fi|fr|ru|sv,cs|de|fi|fr|ru|sv,3306,"{""cs"": 463, ""de"": 638, ""fi"": 440, ""fr"": 449, ""ru"": 1059, ""sv"": 257}",20250418,20260417,2026-06-21,ok
225,Alex DeBrincat,Q21621150,cs|de|fi|fr|ru|sv,cs|de|fi|fr|ru|sv,9710,"{""cs"": 869, ""de"": 1361, ""fi"": 1080, ""fr"": 1850, ""ru"": 3772, ""sv"": 778}",20250418,20260417,2026-06-21,ok
226,Emmitt Finnie,Q136463467,fi|sv,fi|sv,713,"{""fi"": 389, ""sv"": 324}",20250418,20260417,2026-06-21,ok
227,Patrick Kane,Q335876,cs|de|fi|fr|ru|sk|sv,cs|de|fi|fr|ru|sk|sv,104971,"{""cs"": 6582, ""de"": 13503, ""fi"": 10311, ""fr"": 9829, ""ru"": 57516, ""sk"": 2043, ""sv"": 5187}",20250418,20260417,2026-06-21,ok
228,Marco Kasper,Q110273344,cs|de|fi|fr|ru|sv,cs|de|fi|fr|ru|sv,20401,"{""cs"": 837, ""de"": 12041, ""fi"": 1262, ""fr"": 1043, ""ru"": 2856, ""sv"": 2362}",20250418,20260417,2026-06-21,ok
229,Dylan Larkin,Q17180725,cs|de|fi|fr|ru|sv,cs|de|fi|fr|ru|sv,35422,"{""cs"": 4295, ""de"": 6609, ""fi"": 2613, ""fr"": 2292, ""ru"": 17130, ""sv"": 2483}",20250418,20260417,2026-06-21,ok
230,David Perron,Q354570,cs|de|fi|fr|ru|sv,cs|de|fi|fr|ru|sv,11196,"{""cs"": 542, ""de"": 1114, ""fi"": 851, ""fr"": 5754, ""ru"": 2466, ""sv"": 469}",20250418,20260417,2026-06-21,ok
231,Michael Rasmussen,Q27922520,de|fi|fr|ru|sv,de|fi|fr|ru|sv,3256,"{""de"": 593, ""fi"": 522, ""fr"": 470, ""ru"": 963, ""sv"": 708}",20250418,20260417,2026-06-21,ok
232,Lucas Raymond,Q60248316,cs|de|fi|fr|ru|sv,cs|de|fi|fr|ru|sv,59044,"{""cs"": 3269, ""de"": 3921, ""fi"": 3385, ""fr"": 2886, ""ru"": 4077, ""sv"": 41506}",20250418,20260417,2026-06-21,ok
233,James van Riemsdyk,Q27502,cs|de|fi|fr|ru|sv,cs|de|fi|fr|ru|sv,11131,"{""cs"": 922, ""de"": 2232, ""fi"": 1158, ""fr"": 1922, ""ru"": 4293, ""sv"": 604}",20250418,20260417,2026-06-21,ok
234,Jacob Bernard-Docker,Q55183457,de|fi|fr|sv,de|fi|fr|sv,2296,"{""de"": 712, ""fi"": 625, ""fr"": 627, ""sv"": 332}",20250418,20260417,2026-06-21,ok
235,Ben Chiarot,Q15131093,de|fi|fr|ru|sv,de|fi|fr|ru|sv,4035,"{""de"": 602, ""fi"": 617, ""fr"": 1414, ""ru"": 1107, ""sv"": 295}",20250418,20260417,2026-06-21,ok
236,Simon Edvinsson,Q104451267,fi|fr|ru|sv,fi|fr|ru|sv,14220,"{""fi"": 2214, ""fr"": 724, ""ru"": 1526, ""sv"": 9756}",20250418,20260417,2026-06-21,ok
237,Justin Faulk,Q187535,de|fi|fr|ru|sv,de|fi|fr|ru|sv,5015,"{""de"": 1004, ""fi"": 800, ""fr"": 808, ""ru"": 2062, ""sv"": 341}",20250418,20260417,2026-06-21,ok
238,Travis Hamonic,Q762612,de|fi|fr|ru|sv,de|fi|fr|ru|sv,3397,"{""de"": 753, ""fi"": 423, ""fr"": 792, ""ru"": 1111, ""sv"": 318}",20250418,20260417,2026-06-21,ok
239,Albert Johansson,Q64808406,fi|sv,fi|sv,2454,"{""fi"": 476, ""sv"": 1978}",20250418,20260417,2026-06-21,ok
240,Moritz Seider,Q61037528,cs|de|fi|fr|ru|sv,cs|de|fi|fr|ru|sv,137593,"{""cs"": 1961, ""de"": 123297, ""fi"": 1635, ""fr"": 2043, ""ru"": 6628, ""sv"": 2029}",20250418,20260417,2026-06-21,ok
241,Colton Dach,Q120638015,cs|fi|sv,fi|sv,750,"{""fi"": 426, ""sv"": 324}",20250418,20260417,2026-06-21,ok
242,Jason Dickinson,Q13581459,de|fi|fr|ru|sv,de|fi|fr|ru|sv,3982,"{""de"": 1023, ""fi"": 540, ""fr"": 490, ""ru"": 1549, ""sv"": 380}",20250418,20260417,2026-06-21,ok
243,Leon Draisaitl,Q15012236,cs|de|fi|fr|ru|sk|sv,cs|de|fi|fr|ru|sk|sv,465148,"{""cs"": 14545, ""de"": 343696, ""fi"": 9954, ""fr"": 13202, ""ru"": 67934, ""sk"": 8173, ""sv"": 7644}",20250418,20260417,2026-06-21,ok
244,Trent Frederic,Q24804873,fi|fr|ru|sv,fi|fr|ru|sv,4378,"{""fi"": 793, ""fr"": 841, ""ru"": 2299, ""sv"": 445}",20250418,20260417,2026-06-21,ok
245,Adam Henrique,Q324136,de|fi|fr|ru|sv,de|fi|fr|ru|sv,6633,"{""de"": 1837, ""fi"": 790, ""fr"": 1131, ""ru"": 2484, ""sv"": 391}",20250418,20260417,2026-06-21,ok
246,Zach Hyman,Q19878924,de|fi|fr|ru|sk|sv,de|fi|fr|ru|sk|sv,14119,"{""de"": 4210, ""fi"": 1284, ""fr"": 1850, ""ru"": 5295, ""sk"": 950, ""sv"": 530}",20250418,20260417,2026-06-21,ok
247,Mattias Janmark,Q6791770,cs|de|fi|fr|ru|sv,cs|de|fi|fr|ru|sv,7241,"{""cs"": 418, ""de"": 1263, ""fi"": 734, ""fr"": 581, ""ru"": 1588, ""sv"": 2657}",20250418,20260417,2026-06-21,ok
248,Max Jones,Q21621612,de|fi|fr|sv,de|fi|fr|sv,2412,"{""de"": 1044, ""fi"": 502, ""fr"": 613, ""sv"": 253}",20250418,20260417,2026-06-21,ok
249,Kasperi Kapanen,Q11870266,de|fi|fr|ru|sv,de|fi|fr|ru|sv,48301,"{""de"": 4172, ""fi"": 32423, ""fr"": 4721, ""ru"": 4710, ""sv"": 2275}",20250418,20260417,2026-06-21,ok
250,Curtis Lazar,Q5195806,cs|de|fi|fr|ru|sv,cs|de|fi|fr|ru|sv,4939,"{""cs"": 629, ""de"": 1473, ""fi"": 544, ""fr"": 756, ""ru"": 1199, ""sv"": 338}",20250418,20260417,2026-06-21,ok
251,Connor McDavid,Q2806736,cs|de|fi|fr|ru|sk|sv,cs|de|fi|fr|ru|sk|sv,366847,"{""cs"": 20372, ""de"": 57508, ""fi"": 30679, ""fr"": 47634, ""ru"": 186974, ""sk"": 10289, ""sv"": 13391}",20250418,20260417,2026-06-21,ok
252,Ryan Nugent-Hopkins,Q715578,cs|de|fi|fr|ru|sv,cs|de|fi|fr|ru|sv,18818,"{""cs"": 2153, ""de"": 4736, ""fi"": 2246, ""fr"": 3226, ""ru"": 5345, ""sv"": 1112}",20250418,20260417,2026-06-21,ok
253,Vasily Podkolzin,Q58755513,fi|fr|ru|sv,fi|fr|ru|sv,46017,"{""fi"": 777, ""fr"": 951, ""ru"": 43945, ""sv"": 344}",20250418,20260417,2026-06-21,ok
254,Jack Roslovic,Q20727776,de|fi|fr|ru|sv,de|fi|fr|ru|sv,9847,"{""de"": 2933, ""fi"": 899, ""fr"": 1109, ""ru"": 4422, ""sv"": 484}",20250418,20260417,2026-06-21,ok
255,Josh Samanski,Q115593838,de|fi|sv,de|fi|sv,43583,"{""de"": 43169, ""fi"": 165, ""sv"": 249}",20250418,20260417,2026-06-21,ok
257,Evan Bouchard,Q50347957,de|fi|fr|ru|sv,de|fi|fr|ru|sv,25806,"{""de"": 4214, ""fi"": 2055, ""fr"": 11131, ""ru"": 7737, ""sv"": 669}",20250418,20260417,2026-06-21,ok
258,Mattias Ekholm,Q3062859,cs|de|fi|fr|ru|sv,cs|de|fi|fr|ru|sv,18199,"{""cs"": 852, ""de"": 3117, ""fi"": 1154, ""fr"": 1458, ""ru"": 3742, ""sv"": 7876}",20250418,20260417,2026-06-21,ok
259,Ty Emberson,Q123003338,sv,sv,164,"{""sv"": 164}",20250418,20260417,2026-06-21,ok
260,Connor Murphy,Q2993498,de|fi|fr|ru|sv,de|fi|fr|ru|sv,8014,"{""de"": 2013, ""fi"": 624, ""fr"": 2588, ""ru"": 2165, ""sv"": 624}",20250418,20260417,2026-06-21,ok
261,Darnell Nurse,Q13486477,cs|de|fi|fr|ru|sv,cs|de|fi|fr|ru|sv,11335,"{""cs"": 3, ""de"": 2773, ""fi"": 1569, ""fr"": 2388, ""ru"": 3994, ""sv"": 608}",20250418,20260417,2026-06-21,ok
262,Spencer Stastney,Q117379235,sv,sv,308,"{""sv"": 308}",20250418,20260417,2026-06-21,ok
263,Jake Walman,Q81066813,fi|fr|ru|sv,fi|fr|ru|sv,3980,"{""fi"": 772, ""fr"": 948, ""ru"": 1842, ""sv"": 418}",20250418,20260417,2026-06-21,ok
264,Aleksander Barkov,Q620356,cs|de|fi|fr|ru|sk|sv,cs|de|fi|fr|ru|sk|sv,203041,"{""cs"": 15781, ""de"": 11807, ""fi"": 61673, ""fr"": 8247, ""ru"": 98047, ""sk"": 2711, ""sv"": 4775}",20250418,20260417,2026-06-21,ok
265,Sam Bennett,Q16212438,cs|de|fi|fr|ru|sv,cs|de|fi|fr|ru|sv,27422,"{""cs"": 324, ""de"": 7338, ""fi"": 4966, ""fr"": 8402, ""ru"": 4848, ""sv"": 1544}",20250418,20260417,2026-06-21,ok
266,Jesper Boqvist,Q29359317,de|fi|fr|sv,de|fi|fr|sv,7572,"{""de"": 957, ""fi"": 912, ""fr"": 490, ""sv"": 5213}",20250418,20260417,2026-06-21,ok
267,Jonah Gadjovich,Q106879987,de|fr|sv,de|fr|sv,2249,"{""de"": 998, ""fr"": 677, ""sv"": 574}",20250418,20260417,2026-06-21,ok
268,A.J. Greer,Q27841034,de|fi|fr|sv,de|fi|fr|sv,14630,"{""de"": 954, ""fi"": 835, ""fr"": 12349, ""sv"": 492}",20250418,20260417,2026-06-21,ok
269,Vinnie Hinostroza,Q20090912,cs|de|fi|fr|ru|sv,cs|de|fi|fr|ru|sv,3875,"{""cs"": 442, ""de"": 723, ""fi"": 556, ""fr"": 442, ""ru"": 1460, ""sv"": 252}",20250418,20260417,2026-06-21,ok
270,Luke Kunin,Q24797868,de|fi|fr|ru|sv,de|fi|fr|ru|sv,5130,"{""de"": 855, ""fi"": 652, ""fr"": 458, ""ru"": 2688, ""sv"": 477}",20250418,20260417,2026-06-21,ok
271,Anton Lundell,Q56402315,cs|de|fi|fr|ru|sv,cs|de|fi|fr|ru|sv,37689,"{""cs"": 870, ""de"": 2335, ""fi"": 21988, ""fr"": 1328, ""ru"": 6650, ""sv"": 4518}",20250418,20260417,2026-06-21,ok
272,Eetu Luostarinen,Q28028703,cs|de|fi|fr|ru|sv,cs|de|fi|fr|ru|sv,24000,"{""cs"": 268, ""de"": 1521, ""fi"": 16759, ""fr"": 898, ""ru"": 3753, ""sv"": 801}",20250418,20260417,2026-06-21,ok
273,Brad Marchand,Q80733,cs|de|fi|fr|ru|sv,cs|de|fi|fr|ru|sv,214245,"{""cs"": 19835, ""de"": 27871, ""fi"": 22473, ""fr"": 60249, ""ru"": 77211, ""sv"": 6606}",20250418,20260417,2026-06-21,ok
274,Tomas Nosek,Q7820627,cs|de|fi|fr|ru|sv,cs|de|fi|fr|ru|sv,24364,"{""cs"": 18408, ""de"": 1238, ""fi"": 1069, ""fr"": 595, ""ru"": 2539, ""sv"": 515}",20250418,20260417,2026-06-21,ok
275,Cole Reinhardt,Q111536206,de|sv,de|sv,819,"{""de"": 608, ""sv"": 211}",20250418,20260417,2026-06-21,ok
276,Sam Reinhart,Q15952002,cs|de|fi|fr|ru|sv,cs|de|fi|fr|ru|sv,39213,"{""cs"": 3071, ""de"": 9087, ""fi"": 4697, ""fr"": 4664, ""ru"": 16453, ""sv"": 1241}",20250418,20260417,2026-06-21,ok
277,Evan Rodrigues,Q21622571,de|fi|fr|ru|sv,de|fi|fr|ru|sv,7960,"{""de"": 1167, ""fi"": 1270, ""fr"": 1829, ""ru"": 3295, ""sv"": 399}",20250418,20260417,2026-06-21,ok
278,Mackie Samoskevich,Q107629892,fi|fr|ru|sv,fi|fr|ru|sv,4209,"{""fi"": 698, ""fr"": 643, ""ru"": 1080, ""sv"": 1788}",20250418,20260417,2026-06-21,ok
279,Cole Schwindt,Q110160733,fi|sv,fi|sv,844,"{""fi"": 530, ""sv"": 314}",20250418,20260417,2026-06-21,ok
280,Matthew Tkachuk,Q21064031,cs|de|fi|fr|ru|sk|sv,cs|de|fi|fr|ru|sk|sv,166298,"{""cs"": 24615, ""de"": 43403, ""fi"": 11820, ""fr"": 15825, ""ru"": 57049, ""sk"": 3858, ""sv"": 9728}",20250418,20260417,2026-06-21,ok
281,Carter Verhaeghe,Q63248066,de|fi|fr|ru|sv,de|fi|fr|ru|sv,13444,"{""de"": 2137, ""fi"": 1877, ""fr"": 2158, ""ru"": 6738, ""sv"": 534}",20250418,20260417,2026-06-21,ok
282,Uvis Balinskis,Q29913994,cs|fi|fr|ru|sv,cs|fi|fr|ru|sv,8264,"{""cs"": 858, ""fi"": 1204, ""fr"": 583, ""ru"": 3614, ""sv"": 2005}",20250418,20260417,2026-06-21,ok
283,Aaron Ekblad,Q4661992,cs|de|fi|fr|ru|sk|sv,cs|de|fi|fr|ru|sk|sv,29302,"{""cs"": 2189, ""de"": 5567, ""fi"": 4324, ""fr"": 3809, ""ru"": 7988, ""sk"": 100, ""sv"": 5325}",20250418,20260417,2026-06-21,ok
284,Gustav Forsling,Q18238939,de|fi|fr|ru|sv,de|fi|fr|ru|sv,21247,"{""de"": 1759, ""fi"": 1620, ""fr"": 1284, ""ru"": 3669, ""sv"": 12915}",20250418,20260417,2026-06-21,ok
285,Seth Jones,Q4014741,cs|de|fi|fr|ru|sv,cs|de|fi|fr|ru|sv,18675,"{""cs"": 1532, ""de"": 2298, ""fi"": 2764, ""fr"": 3660, ""ru"": 7638, ""sv"": 783}",20250418,20260417,2026-06-21,ok
286,Dmitry Kulikov,Q977337,cs|de|fi|fr|ru|sv,cs|de|fi|fr|ru|sv,44441,"{""cs"": 903, ""de"": 1463, ""fi"": 1333, ""fr"": 1130, ""ru"": 39104, ""sv"": 508}",20250418,20260417,2026-06-21,ok
287,Niko Mikkola,Q5493915,cs|de|fi|fr|ru|sv,cs|de|fi|fr|ru|sv,35164,"{""cs"": 406, ""de"": 1699, ""fi"": 28758, ""fr"": 1622, ""ru"": 1526, ""sv"": 1153}",20250418,20260417,2026-06-21,ok
288,Donovan Sebrango,Q113945974,sv,sv,208,"{""sv"": 208}",20250418,20260417,2026-06-21,ok
289,Joel Armia,Q979188,cs|de|fi|fr|ru|sv,cs|de|fi|fr|ru|sv,30307,"{""cs"": 1172, ""de"": 1649, ""fi"": 17793, ""fr"": 4607, ""ru"": 3664, ""sv"": 1422}",20250418,20260417,2026-06-21,ok
290,Quinton Byfield,Q66472667,cs|de|fi|fr|ru|sv,cs|de|fi|fr|ru|sv,8160,"{""cs"": 93, ""de"": 2057, ""fi"": 762, ""fr"": 1514, ""ru"": 3186, ""sv"": 548}",20250418,20260417,2026-06-21,ok
291,Kevin Fiala,Q15989104,cs|de|fi|fr|ru|sv,cs|de|fi|fr|ru|sv,114223,"{""cs"": 36113, ""de"": 48779, ""fi"": 4067, ""fr"": 9541, ""ru"": 8697, ""sv"": 7026}",20250418,20260417,2026-06-21,ok
292,Samuel Helenius,Q100775889,fi|sv,fi|sv,13287,"{""fi"": 12469, ""sv"": 818}",20250418,20260417,2026-06-21,ok
293,Mathieu Joseph,Q56876976,de|fi|fr|ru|sv,de|fi|fr|ru|sv,5239,"{""de"": 729, ""fi"": 499, ""fr"": 2603, ""ru"": 1120, ""sv"": 288}",20250418,20260417,2026-06-21,ok
294,Adrian Kempe,Q15619153,cs|de|fi|fr|ru|sv,cs|de|fi|fr|ru|sv,32847,"{""cs"": 1529, ""de"": 3295, ""fi"": 2690, ""fr"": 1599, ""ru"": 5625, ""sv"": 18109}",20250418,20260417,2026-06-21,ok
295,Anze Kopitar,Q375787,cs|de|fi|fr|ru|sk|sv,cs|de|fi|fr|ru|sk|sv,81874,"{""cs"": 7572, ""de"": 8724, ""fi"": 8201, ""fr"": 5941, ""ru"": 42812, ""sk"": 3632, ""sv"": 4992}",20250418,20260417,2026-06-21,ok
296,Andrei Kuzmenko,Q20744952,fi|fr|ru|sv,fi|fr|ru|sv,25009,"{""fi"": 807, ""fr"": 706, ""ru"": 23041, ""sv"": 455}",20250418,20260417,2026-06-21,ok
297,Alex Laferriere,Q123022909,fi|fr|ru|sv,fi|fr|ru|sv,6966,"{""fi"": 605, ""fr"": 2941, ""ru"": 1597, ""sv"": 1823}",20250418,20260417,2026-06-21,ok
298,Scott Laughton,Q3476249,de|fi|fr|sv,de|fi|fr|sv,2603,"{""de"": 877, ""fi"": 570, ""fr"": 814, ""sv"": 342}",20250418,20260417,2026-06-21,ok
299,Jeff Malott,Q111320459,sv,sv,251,"{""sv"": 251}",20250418,20260417,2026-06-21,ok
300,Trevor Moore,Q60194335,de|fi|fr|sv,de|fi|fr|sv,2044,"{""de"": 812, ""fi"": 443, ""fr"": 538, ""sv"": 251}",20250418,20260417,2026-06-21,ok
301,Artemi Panarin,Q593699,cs|de|fi|fr|ru|sk|sv,cs|de|fi|fr|ru|sk|sv,204801,"{""cs"": 3306, ""de"": 5430, ""fi"": 5300, ""fr"": 5573, ""ru"": 181617, ""sk"": 1504, ""sv"": 2071}",20250418,20260417,2026-06-21,ok
302,Alex Turcotte,Q61748311,fi|fr|sv,fi|fr|sv,2391,"{""fi"": 532, ""fr"": 1547, ""sv"": 312}",20250418,20260417,2026-06-21,ok
303,Taylor Ward,Q133896106,sv,sv,299,"{""sv"": 299}",20250418,20260417,2026-06-21,ok
304,Jared Wright,Q138565548,sv,sv,91,"{""sv"": 91}",20250418,20260417,2026-06-21,ok
305,Mikey Anderson,Q86746353,fi|fr|sv,fi|fr|sv,1142,"{""fi"": 330, ""fr"": 413, ""sv"": 399}",20250418,20260417,2026-06-21,ok
306,Cody Ceci,Q2981716,cs|de|fi|fr|ru|sv,cs|de|fi|fr|ru|sv,6654,"{""cs"": 554, ""de"": 1384, ""fi"": 919, ""fr"": 1555, ""ru"": 1889, ""sv"": 353}",20250418,20260417,2026-06-21,ok
307,Brandt Clarke,Q107638205,cs|fi|fr|sv,fi|fr|sv,2859,"{""fi"": 2038, ""fr"": 534, ""sv"": 287}",20250418,20260417,2026-06-21,ok
308,Drew Doughty,Q706924,cs|de|fi|fr|ru|sv,cs|de|fi|fr|ru|sv,23771,"{""cs"": 2384, ""de"": 3805, ""fi"": 2313, ""fr"": 3110, ""ru"": 11181, ""sv"": 978}",20250418,20260417,2026-06-21,ok
309,Brian Dumoulin,Q4963628,de|fi|fr|ru|sv,de|fi|fr|ru|sv,4580,"{""de"": 797, ""fi"": 528, ""fr"": 1263, ""ru"": 1672, ""sv"": 320}",20250418,20260417,2026-06-21,ok
310,Joel Edmundson,Q21079893,cs|de|fi|fr|ru|sv,cs|de|fi|fr|ru|sv,4728,"{""cs"": 471, ""de"": 587, ""fi"": 607, ""fr"": 1339, ""ru"": 1147, ""sv"": 577}",20250418,20260417,2026-06-21,ok
311,Jacob Moverare,Q22279303,fi|sv,fi|sv,2363,"{""fi"": 969, ""sv"": 1394}",20250418,20260417,2026-06-21,ok
312,Nicolas Aube-Kubel,Q57990345,de|fi|fr|sv,de|fi|fr|sv,4413,"{""de"": 586, ""fi"": 571, ""fr"": 3019, ""sv"": 237}",20250418,20260417,2026-06-21,ok
313,Matt Boldy,Q64781754,cs|de|fi|fr|ru|sv,cs|de|fi|fr|ru|sv,19613,"{""cs"": 486, ""de"": 3876, ""fi"": 1410, ""fr"": 2599, ""ru"": 10527, ""sv"": 715}",20250418,20260417,2026-06-21,ok
314,Bobby Brink,Q111526026,fi|fr|sv,fi|fr|sv,1282,"{""fi"": 378, ""fr"": 557, ""sv"": 347}",20250418,20260417,2026-06-21,ok
315,Joel Eriksson Ek,Q19957723,cs|de|fi|fr|ru|sv,cs|de|fi|fr|ru|sv,15380,"{""cs"": 1114, ""de"": 1209, ""fi"": 1458, ""fr"": 835, ""ru"": 3262, ""sv"": 7502}",20250418,20260417,2026-06-21,ok
316,Robby Fabbri,Q16864070,de|fi|fr|ru|sv,de|fi|fr|ru|sv,5456,"{""de"": 1026, ""fi"": 546, ""fr"": 710, ""ru"": 2798, ""sv"": 376}",20250418,20260417,2026-06-21,ok
317,Marcus Foligno,Q246404,de|fi|fr|ru|sv,de|fi|fr|ru|sv,7913,"{""de"": 1507, ""fi"": 807, ""fr"": 1507, ""ru"": 3508, ""sv"": 584}",20250418,20260417,2026-06-21,ok
318,Nick Foligno,Q943363,cs|de|fi|fr|ru|sv,cs|de|fi|fr|ru|sv,13219,"{""cs"": 1021, ""de"": 2165, ""fi"": 1446, ""fr"": 1869, ""ru"": 5941, ""sv"": 777}",20250418,20260417,2026-06-21,ok
319,Hunter Haight,Q136470517,sv,sv,745,"{""sv"": 745}",20250418,20260417,2026-06-21,ok
320,Ryan Hartman,Q13581452,de|fi|fr|ru|sv,de|fi|fr|ru|sv,4626,"{""de"": 799, ""fi"": 1006, ""fr"": 578, ""ru"": 1878, ""sv"": 365}",20250418,20260417,2026-06-21,ok
322,Ben Jones,Q109660586,sv,sv,259,"{""sv"": 259}",20250418,20260417,2026-06-21,ok
323,Kirill Kaprizov,Q20164618,cs|de|fi|fr|ru|sv,cs|de|fi|fr|ru|sv,225683,"{""cs"": 4240, ""de"": 7722, ""fi"": 5334, ""fr"": 5797, ""ru"": 200273, ""sv"": 2317}",20250418,20260417,2026-06-21,ok
324,Michael McCarron,Q13580957,cs|de|fi|fr|ru|sv,cs|de|fi|fr|ru|sv,9077,"{""cs"": 47, ""de"": 2561, ""fi"": 1255, ""fr"": 2374, ""ru"": 1958, ""sv"": 882}",20250418,20260417,2026-06-21,ok
325,Nico Sturm,Q62794466,cs|de|fi|fr|sv,cs|de|fi|fr|sv,64644,"{""cs"": 1545, ""de"": 59811, ""fi"": 1831, ""fr"": 903, ""sv"": 554}",20250418,20260417,2026-06-21,ok
326,Vladimir Tarasenko,Q715587,cs|de|fi|fr|ru|sk|sv,cs|de|fi|fr|ru|sk|sv,92129,"{""cs"": 1835, ""de"": 2564, ""fi"": 2893, ""fr"": 2284, ""ru"": 80859, ""sk"": 633, ""sv"": 1061}",20250418,20260417,2026-06-21,ok
327,Yakov Trenin,Q24352194,de|fi|fr|ru|sv,de|fi|fr|ru|sv,17560,"{""de"": 706, ""fi"": 517, ""fr"": 393, ""ru"": 15677, ""sv"": 267}",20250418,20260417,2026-06-21,ok
328,Danila Yurov,Q110282106,fi|fr|ru|sv,fi|fr|ru|sv,24497,"{""fi"": 511, ""fr"": 650, ""ru"": 23081, ""sv"": 255}",20250418,20260417,2026-06-21,ok
329,Mats Zuccarello,Q252043,cs|de|fi|fr|ru|sk|sv,cs|de|fi|fr|ru|sk|sv,23900,"{""cs"": 1562, ""de"": 2535, ""fi"": 2453, ""fr"": 1716, ""ru"": 10143, ""sk"": 837, ""sv"": 4654}",20250418,20260417,2026-06-21,ok
330,Zach Bogosian,Q139302,de|fi|fr|ru|sk|sv,de|fi|fr|ru|sk|sv,11490,"{""de"": 1078, ""fi"": 758, ""fr"": 1001, ""ru"": 7379, ""sk"": 705, ""sv"": 569}",20250418,20260417,2026-06-21,ok
331,Jonas Brodin,Q1702919,cs|de|fi|fr|ru|sv,cs|de|fi|fr|ru|sv,14471,"{""cs"": 1065, ""de"": 1611, ""fi"": 1040, ""fr"": 742, ""ru"": 2765, ""sv"": 7248}",20250418,20260417,2026-06-21,ok
332,Brock Faber,Q110973348,cs|de|fi|fr|ru|sv,cs|de|fi|fr|ru|sv,9852,"{""cs"": 318, ""de"": 2396, ""fi"": 812, ""fr"": 1293, ""ru"": 4364, ""sv"": 669}",20250418,20260417,2026-06-21,ok
333,Viking Gustafsson Nyberg,Q135893027,sv,sv,409,"{""sv"": 409}",20250418,20260417,2026-06-21,ok
334,Quinn Hughes,Q47492979,cs|de|fi|fr|ru|sk|sv,cs|de|fi|fr|ru|sk|sv,94539,"{""cs"": 7308, ""de"": 22667, ""fi"": 11655, ""fr"": 14038, ""ru"": 29261, ""sk"": 1508, ""sv"": 8102}",20250418,20260417,2026-06-21,ok
335,Daemon Hunt,Q123231079,sv,sv,255,"{""sv"": 255}",20250418,20260417,2026-06-21,ok
336,Matt Kiersted,Q106364527,ru|sv,ru|sv,1208,"{""ru"": 933, ""sv"": 275}",20250418,20260417,2026-06-21,ok
337,Carson Lambos,Q105293487,fi|fr|sv,fi|fr|sv,601,"{""fi"": 257, ""fr"": 259, ""sv"": 85}",20250418,20260417,2026-06-21,ok
338,Jake Middleton,Q60463976,de|fi|fr|sv,de|fi|fr|sv,1973,"{""de"": 717, ""fi"": 418, ""fr"": 528, ""sv"": 310}",20250418,20260417,2026-06-21,ok
339,Jeff Petry,Q550890,de|fi|fr|ru|sv,de|fi|fr|ru|sv,7356,"{""de"": 1070, ""fi"": 948, ""fr"": 2880, ""ru"": 2085, ""sv"": 373}",20250418,20260417,2026-06-21,ok
340,David Spacek,Q114350612,cs|ru|sv,cs|ru|sv,35119,"{""cs"": 33021, ""ru"": 1893, ""sv"": 205}",20250418,20260417,2026-06-21,ok
341,Jared Spurgeon,Q550849,de|fi|fr|ru|sk|sv,de|fi|fr|ru|sk|sv,10673,"{""de"": 2141, ""fi"": 789, ""fr"": 1251, ""ru"": 5520, ""sk"": 444, ""sv"": 528}",20250418,20260417,2026-06-21,ok
342,Josh Anderson,Q18921336,de|fi|fr|ru|sv,de|fi|fr|ru|sv,14813,"{""de"": 734, ""fi"": 645, ""fr"": 10849, ""ru"": 2148, ""sv"": 437}",20250418,20260417,2026-06-21,ok
343,Owen Beck,Q114056232,fi|fr|sv,fi|fr|sv,3522,"{""fi"": 438, ""fr"": 2816, ""sv"": 268}",20250418,20260417,2026-06-21,ok
344,Zachary Bolduc,Q107671161,fi|fr|sv,fi|fr|sv,59961,"{""fi"": 604, ""fr"": 59040, ""sv"": 317}",20250418,20260417,2026-06-21,ok
345,Cole Caufield,Q62287650,cs|de|fi|fr|ru|sk|sv,cs|de|fi|fr|ru|sk|sv,82517,"{""cs"": 1486, ""de"": 2521, ""fi"": 2328, ""fr"": 64505, ""ru"": 8389, ""sk"": 2457, ""sv"": 831}",20250418,20260417,2026-06-21,ok
346,Kirby Dach,Q61755215,cs|de|fi|fr|ru|sv,de|fi|fr|ru|sv,14761,"{""de"": 1439, ""fi"": 945, ""fr"": 9806, ""ru"": 2105, ""sv"": 466}",20250418,20260417,2026-06-21,ok
347,Phillip Danault,Q3381073,de|fi|fr|ru|sv,de|fi|fr|ru|sv,24818,"{""de"": 1005, ""fi"": 782, ""fr"": 20740, ""ru"": 1943, ""sv"": 348}",20250418,20260417,2026-06-21,ok
348,Ivan Demidov,Q115325153,cs|fi|fr|ru|sk|sv,cs|fi|fr|ru|sk|sv,104173,"{""cs"": 2203, ""fi"": 4690, ""fr"": 29245, ""ru"": 65427, ""sk"": 1829, ""sv"": 779}",20250418,20260417,2026-06-21,ok
349,Jake Evans,Q84527727,fi|fr|ru|sk|sv,fi|fr|ru|sv,11825,"{""fi"": 694, ""fr"": 8501, ""ru"": 2221, ""sv"": 409}",20250418,20260417,2026-06-21,ok
350,Brendan Gallagher,Q2924426,de|fi|fr|ru|sv,de|fi|fr|ru|sv,39425,"{""de"": 1098, ""fi"": 651, ""fr"": 34963, ""ru"": 2276, ""sv"": 437}",20250418,20260417,2026-06-21,ok
351,Oliver Kapanen,Q108586045,cs|fi|fr|ru|sk|sv,cs|fi|fr|ru|sk|sv,60876,"{""cs"": 244, ""fi"": 40350, ""fr"": 13405, ""ru"": 3298, ""sk"": 1001, ""sv"": 2578}",20250418,20260417,2026-06-21,ok
352,Patrik Laine,Q17382085,cs|de|fi|fr|ru|sv,cs|de|fi|fr|ru|sv,77220,"{""cs"": 2627, ""de"": 3557, ""fi"": 38095, ""fr"": 18204, ""ru"": 11435, ""sv"": 3302}",20250418,20260417,2026-06-21,ok
353,Alex Newhook,Q64781759,cs|de|fi|fr|sv,de|fi|fr|sv,10387,"{""de"": 809, ""fi"": 524, ""fr"": 8671, ""sv"": 383}",20250418,20260417,2026-06-21,ok
354,Juraj Slafkovský,Q107074729,cs|de|fi|fr|ru|sk|sv,cs|de|fi|fr|ru|sk|sv,165307,"{""cs"": 24790, ""de"": 14074, ""fi"": 11347, ""fr"": 31469, ""ru"": 24656, ""sk"": 56412, ""sv"": 2559}",20250418,20260417,2026-06-21,ok
355,Nick Suzuki,Q29287706,cs|de|fi|fr|ru|sk|sv,cs|de|fi|fr|ru|sk|sv,127216,"{""cs"": 8874, ""de"": 8607, ""fi"": 6024, ""fr"": 74693, ""ru"": 21379, ""sk"": 5597, ""sv"": 2042}",20250418,20260417,2026-06-21,ok
356,Alexandre Texier,Q30729474,de|fi|fr|ru|sk|sv,de|fi|fr|ru|sk|sv,121395,"{""de"": 3619, ""fi"": 2398, ""fr"": 109561, ""ru"": 4056, ""sk"": 837, ""sv"": 924}",20250418,20260417,2026-06-21,ok
357,Joe Veleno,Q20973749,cs|de|fi|fr|ru|sv,cs|de|fi|fr|ru|sv,30536,"{""cs"": 643, ""de"": 1093, ""fi"": 756, ""fr"": 25934, ""ru"": 1654, ""sv"": 456}",20250418,20260417,2026-06-21,ok
358,Florian Xhekaj,Q120129774,fr|sv,fr|sv,14245,"{""fr"": 13580, ""sv"": 665}",20250418,20260417,2026-06-21,ok
359,Alexandre Carrier,Q28466396,de|fi|fr|ru|sk|sv,de|fi|fr|ru|sk|sv,29587,"{""de"": 772, ""fi"": 446, ""fr"": 26121, ""ru"": 1707, ""sk"": 204, ""sv"": 337}",20250418,20260417,2026-06-21,ok
360,Noah Dobson,Q52063145,de|fi|fr|ru|sk|sv,de|fi|fr|ru|sk|sv,49382,"{""de"": 1613, ""fi"": 1295, ""fr"": 41402, ""ru"": 4207, ""sk"": 289, ""sv"": 576}",20250418,20260417,2026-06-21,ok
361,Adam Engstrom,Q135438271,fr|sk|sv,fr|sv,2753,"{""fr"": 2375, ""sv"": 378}",20250418,20260417,2026-06-21,ok
362,Kaiden Guhle,Q99744351,cs|fi|fr|sv,fi|fr|sv,11815,"{""fi"": 510, ""fr"": 10984, ""sv"": 321}",20250418,20260417,2026-06-21,ok
363,Lane Hutson,Q81903752,cs|de|fi|fr|ru|sk|sv,cs|de|fi|fr|ru|sk|sv,65538,"{""cs"": 2089, ""de"": 2513, ""fi"": 3230, ""fr"": 43527, ""ru"": 11656, ""sk"": 1595, ""sv"": 928}",20250418,20260417,2026-06-21,ok
364,Mike Matheson,Q3313431,cs|de|fi|fr|ru|sk|sv,cs|de|fi|fr|ru|sk|sv,30474,"{""cs"": 719, ""de"": 1847, ""fi"": 987, ""fr"": 24103, ""ru"": 2065, ""sk"": 291, ""sv"": 462}",20250418,20260417,2026-06-21,ok
365,David Reinbacher,Q116769129,cs|de|fi|fr|ru|sk|sv,cs|de|fi|fr|ru|sv,18745,"{""cs"": 623, ""de"": 6993, ""fi"": 488, ""fr"": 8061, ""ru"": 2551, ""sv"": 29}",20250418,20260417,2026-06-21,ok
366,Jayden Struble,Q123527598,fr|sk|sv,fr|sk|sv,11806,"{""fr"": 10104, ""sk"": 43, ""sv"": 1659}",20250418,20260417,2026-06-21,ok
367,Arber Xhekaj,Q114631109,cs|fi|fr|sk|sv,cs|fi|fr|sk|sv,83818,"{""cs"": 3575, ""fi"": 2069, ""fr"": 74119, ""sk"": 2602, ""sv"": 1453}",20250418,20260417,2026-06-21,ok
368,Ross Colton,Q105672753,de|fi|fr|ru|sv,de|fi|fr|ru|sv,3303,"{""de"": 568, ""fi"": 438, ""fr"": 469, ""ru"": 1506, ""sv"": 322}",20250418,20260417,2026-06-21,ok
369,Luke Evangelista,Q116947087,fi|fr|ru|sv,fi|fr|ru|sv,3776,"{""fi"": 612, ""fr"": 722, ""ru"": 1830, ""sv"": 612}",20250418,20260417,2026-06-21,ok
370,Filip Forsberg,Q1413527,cs|de|fi|fr|ru|sv,cs|de|fi|fr|ru|sv,79278,"{""cs"": 7511, ""de"": 6490, ""fi"": 7720, ""fr"": 3183, ""ru"": 8318, ""sv"": 46056}",20250418,20260417,2026-06-21,ok
371,Erik Haula,Q11858149,cs|de|fi|fr|ru|sv,cs|de|fi|fr|ru|sv,35866,"{""cs"": 1120, ""de"": 2033, ""fi"": 27272, ""fr"": 1179, ""ru"": 2740, ""sv"": 1522}",20250418,20260417,2026-06-21,ok
372,Tyson Jost,Q22005703,cs|de|fi|fr|ru|sv,cs|de|fi|fr|ru|sv,4885,"{""cs"": 547, ""de"": 856, ""fi"": 593, ""fr"": 546, ""ru"": 1924, ""sv"": 419}",20250418,20260417,2026-06-21,ok
373,Jonathan Marchessault,Q3183311,cs|de|fi|fr|ru|sv,cs|de|fi|fr|ru|sv,18436,"{""cs"": 1108, ""de"": 1732, ""fi"": 1315, ""fr"": 5806, ""ru"": 7867, ""sv"": 608}",20250418,20260417,2026-06-21,ok
374,Ryan O'Reilly,Q861211,cs|de|fi|fr|ru|sv,cs|de|fi|fr|ru|sv,23500,"{""cs"": 2293, ""de"": 3808, ""fi"": 2592, ""fr"": 3148, ""ru"": 10289, ""sv"": 1370}",20250418,20260417,2026-06-21,ok
375,Steven Stamkos,Q520397,cs|de|fi|fr|ru|sk|sv,cs|de|fi|fr|ru|sk|sv,94748,"{""cs"": 3280, ""de"": 5168, ""fi"": 5091, ""fr"": 6427, ""ru"": 70526, ""sk"": 1344, ""sv"": 2912}",20250418,20260417,2026-06-21,ok
376,Fedor Svechkov,Q107640761,fi|fr|ru|sv,fi|fr|ru|sv,9792,"{""fi"": 460, ""fr"": 326, ""ru"": 8824, ""sv"": 182}",20250418,20260417,2026-06-21,ok
377,Ozzy Wiesblatt,Q100189128,de|fi|fr|sv,de|fi|fr|sv,2832,"{""de"": 1143, ""fi"": 502, ""fr"": 846, ""sv"": 341}",20250418,20260417,2026-06-21,ok
378,Matthew Wood,Q120064321,fi|fr|ru|sv,fi|fr|ru|sv,1632,"{""fi"": 484, ""fr"": 242, ""ru"": 608, ""sv"": 298}",20250418,20260417,2026-06-21,ok
379,Justin Barron,Q100166662,de|fi|fr|sv,de|fi|fr|sv,3764,"{""de"": 536, ""fi"": 436, ""fr"": 2536, ""sv"": 256}",20250418,20260417,2026-06-21,ok
380,Nicolas Hague,Q28090632,de|fi|fr|sv,de|fi|fr|sv,2604,"{""de"": 842, ""fi"": 383, ""fr"": 1064, ""sv"": 315}",20250418,20260417,2026-06-21,ok
381,Roman Josi,Q440285,cs|de|fi|fr|ru|sk|sv,cs|de|fi|fr|ru|sk|sv,53079,"{""cs"": 5362, ""de"": 25512, ""fi"": 3313, ""fr"": 7034, ""ru"": 9349, ""sk"": 1281, ""sv"": 1228}",20250418,20260417,2026-06-21,ok
382,Nick Perbix,Q110810900,fi|fr|sk|sv,fi|fr|sk|sv,1442,"{""fi"": 399, ""fr"": 474, ""sk"": 367, ""sv"": 202}",20250418,20260417,2026-06-21,ok
383,Brady Skjei,Q2923509,cs|de|fi|fr|ru|sv,cs|de|fi|fr|ru|sv,7137,"{""cs"": 79, ""de"": 1761, ""fi"": 1110, ""fr"": 900, ""ru"": 2371, ""sv"": 916}",20250418,20260417,2026-06-21,ok
384,Adam Wilsby,Q67558595,fi|sv,fi|sv,2475,"{""fi"": 321, ""sv"": 2154}",20250418,20260417,2026-06-21,ok
385,Nick Bjugstad,Q3047621,cs|de|fi|fr|ru|sv,cs|de|fi|fr|ru|sv,4138,"{""cs"": 560, ""de"": 815, ""fi"": 615, ""fr"": 541, ""ru"": 1107, ""sv"": 500}",20250418,20260417,2026-06-21,ok
386,Jesper Bratt,Q30229860,cs|de|fi|fr|ru|sv,de|fi|fr|ru|sv,18174,"{""de"": 1217, ""fi"": 1239, ""fr"": 988, ""ru"": 2365, ""sv"": 12365}",20250418,20260417,2026-06-21,ok
387,Connor Brown,Q16209503,de|fi|fr|ru|sv,de|fi|fr|ru|sv,6368,"{""de"": 1842, ""fi"": 692, ""fr"": 807, ""ru"": 2761, ""sv"": 266}",20250418,20260417,2026-06-21,ok
388,Paul Cotter,Q109521040,de|fi|fr|sv,de|fi|fr|sv,1575,"{""de"": 519, ""fi"": 352, ""fr"": 412, ""sv"": 292}",20250418,20260417,2026-06-21,ok
389,Evgenii Dadonov,Q209947,cs|de|fi|fr|ru|sk|sv,cs|de|fi|fr|ru|sk|sv,44469,"{""cs"": 676, ""de"": 1234, ""fi"": 1071, ""fr"": 1389, ""ru"": 39103, ""sk"": 607, ""sv"": 389}",20250418,20260417,2026-06-21,ok
390,Cody Glass,Q28869018,cs|de|fi|fr|ru|sv,cs|de|fi|fr|ru|sv,5389,"{""cs"": 531, ""de"": 1014, ""fi"": 621, ""fr"": 964, ""ru"": 1833, ""sv"": 426}",20250418,20260417,2026-06-21,ok
391,Arseny Gritsyuk,Q110279142,fi|fr|ru|sv,fi|fr|ru|sv,31988,"{""fi"": 462, ""fr"": 771, ""ru"": 30532, ""sv"": 223}",20250418,20260417,2026-06-21,ok
392,Nico Hischier,Q23817773,cs|de|fi|fr|ru|sk|sv,cs|de|fi|fr|ru|sk|sv,54179,"{""cs"": 3696, ""de"": 28230, ""fi"": 2147, ""fr"": 8344, ""ru"": 10470, ""sk"": 214, ""sv"": 1078}",20250418,20260417,2026-06-21,ok
393,Jack Hughes,Q55614777,cs|de|fi|fr|ru|sk|sv,cs|de|fi|fr|ru|sk|sv,103397,"{""cs"": 10743, ""de"": 29279, ""fi"": 14636, ""fr"": 19192, ""ru"": 19232, ""sk"": 502, ""sv"": 9813}",20250418,20260417,2026-06-21,ok
394,Zack MacEwen,Q61699318,fi|fr|sv,fi|fr|sv,1329,"{""fi"": 430, ""fr"": 591, ""sv"": 308}",20250418,20260417,2026-06-21,ok
395,Timo Meier,Q20392160,cs|de|fi|fr|ru|sv,cs|de|fi|fr|ru|sv,31228,"{""cs"": 1, ""de"": 18182, ""fi"": 3151, ""fr"": 4008, ""ru"": 4978, ""sv"": 908}",20250418,20260417,2026-06-21,ok
396,Dawson Mercer,Q99744349,cs|de|fi|fr|ru|sv,cs|de|fi|fr|ru|sv,4483,"{""cs"": 2, ""de"": 737, ""fi"": 480, ""fr"": 1565, ""ru"": 1407, ""sv"": 292}",20250418,20260417,2026-06-21,ok
397,Stefan Noesen,Q524005,de|fi|fr|sv,de|fi|fr|sv,1833,"{""de"": 661, ""fi"": 515, ""fr"": 390, ""sv"": 267}",20250418,20260417,2026-06-21,ok
398,Maxim Tsyplakov,Q108923123,fi|fr|ru|sv,fi|fr|ru|sv,21297,"{""fi"": 456, ""fr"": 421, ""ru"": 20128, ""sv"": 292}",20250418,20260417,2026-06-21,ok
399,Dennis Cholowski,Q24790832,de|fi|fr|sv,de|fi|fr|sv,1491,"{""de"": 525, ""fi"": 317, ""fr"": 308, ""sv"": 341}",20250418,20260417,2026-06-21,ok
400,Brenden Dillon,Q4558770,de|fi|fr|ru|sv,de|fi|fr|ru|sv,3775,"{""de"": 684, ""fi"": 502, ""fr"": 648, ""ru"": 1490, ""sv"": 451}",20250418,20260417,2026-06-21,ok
401,Dougie Hamilton,Q522687,de|fi|fr|ru|sv,de|fi|fr|ru|sv,6638,"{""de"": 992, ""fi"": 721, ""fr"": 937, ""ru"": 2857, ""sv"": 1131}",20250418,20260417,2026-06-21,ok
402,Luke Hughes,Q107636885,de|fi|fr|ru|sv,de|fi|fr|ru|sv,35119,"{""de"": 9415, ""fi"": 4174, ""fr"": 6344, ""ru"": 10926, ""sv"": 4260}",20250418,20260417,2026-06-21,ok
403,Johnathan Kovacevic,Q110726950,fr|sv,fr|sv,1211,"{""fr"": 993, ""sv"": 218}",20250418,20260417,2026-06-21,ok
404,Simon Nemec,Q106943350,cs|de|fi|fr|ru|sk|sv,cs|de|fi|fr|ru|sk|sv,30450,"{""cs"": 4029, ""de"": 2573, ""fi"": 1778, ""fr"": 2157, ""ru"": 5129, ""sk"": 14304, ""sv"": 480}",20250418,20260417,2026-06-21,ok
405,Brett Pesce,Q21278883,de|fi|fr|sv,de|fi|fr|sv,1723,"{""de"": 628, ""fi"": 392, ""fr"": 419, ""sv"": 284}",20250418,20260417,2026-06-21,ok
406,Jonas Siegenthaler,Q16990473,cs|de|fi|fr|ru|sv,cs|de|fi|fr|ru|sv,20594,"{""cs"": 1997, ""de"": 12567, ""fi"": 1015, ""fr"": 2444, ""ru"": 2177, ""sv"": 394}",20250418,20260417,2026-06-21,ok
407,Mathew Barzal,Q17385625,cs|de|fi|fr|ru|sv,cs|de|fi|fr|ru|sv,15648,"{""cs"": 1038, ""de"": 2303, ""fi"": 1542, ""fr"": 4302, ""ru"": 5733, ""sv"": 730}",20250418,20260417,2026-06-21,ok
408,Casey Cizikas,Q2940973,de|fi|fr|ru|sv,de|fi|fr|ru|sv,3241,"{""de"": 569, ""fi"": 496, ""fr"": 605, ""ru"": 1261, ""sv"": 310}",20250418,20260417,2026-06-21,ok
409,Anthony Duclair,Q16228616,cs|de|fi|fr|ru|sv,cs|de|fi|fr|ru|sv,8222,"{""cs"": 646, ""de"": 815, ""fi"": 786, ""fr"": 3371, ""ru"": 2040, ""sv"": 564}",20250418,20260417,2026-06-21,ok
410,Marc Gatcomb,Q131764819,sv,sv,227,"{""sv"": 227}",20250418,20260417,2026-06-21,ok
411,Emil Heineman,Q100159282,fi|fr|ru|sv,fi|fr|ru|sv,14203,"{""fi"": 778, ""fr"": 4441, ""ru"": 1887, ""sv"": 7097}",20250418,20260417,2026-06-21,ok
412,Simon Holmstrom,Q57293781,fi|fr|sv,fi|fr|sv,3806,"{""fi"": 522, ""fr"": 472, ""sv"": 2812}",20250418,20260417,2026-06-21,ok
413,Bo Horvat,Q13581453,cs|de|fi|fr|ru|sv,cs|de|fi|fr|ru|sv,41772,"{""cs"": 19500, ""de"": 5299, ""fi"": 3228, ""fr"": 4182, ""ru"": 7391, ""sv"": 2172}",20250418,20260417,2026-06-21,ok
414,Anders Lee,Q4753855,cs|de|fi|fr|ru|sv,cs|de|fi|fr|ru|sv,8640,"{""cs"": 887, ""de"": 1118, ""fi"": 833, ""fr"": 1176, ""ru"": 3629, ""sv"": 997}",20250418,20260417,2026-06-21,ok
415,Kyle MacLean,Q124322319,ru|sv,ru|sv,837,"{""ru"": 608, ""sv"": 229}",20250418,20260417,2026-06-21,ok
416,Jean-Gabriel Pageau,Q12860187,cs|de|fi|fr|ru|sv,cs|de|fi|fr|ru|sv,6260,"{""cs"": 433, ""de"": 709, ""fi"": 479, ""fr"": 2699, ""ru"": 1555, ""sv"": 385}",20250418,20260417,2026-06-21,ok
417,Ondrej Palat,Q6381284,cs|de|fi|fr|ru|sv,cs|de|fi|fr|ru|sv,32289,"{""cs"": 21312, ""de"": 1987, ""fi"": 1038, ""fr"": 1417, ""ru"": 5990, ""sv"": 545}",20250418,20260417,2026-06-21,ok
418,Kyle Palmieri,Q526935,cs|de|fi|fr|ru|sv,cs|de|fi|fr|ru|sv,5115,"{""cs"": 758, ""de"": 789, ""fi"": 740, ""fr"": 688, ""ru"": 1723, ""sv"": 417}",20250418,20260417,2026-06-21,ok
419,Brayden Schenn,Q902941,cs|de|fi|fr|ru|sv,cs|de|fi|fr|ru|sv,15055,"{""cs"": 1448, ""de"": 1954, ""fi"": 1354, ""fr"": 2561, ""ru"": 7169, ""sv"": 569}",20250418,20260417,2026-06-21,ok
420,Max Shabanov,Q123035720,fi|fr|ru|sv,fi|fr|ru|sv,84005,"{""fi"": 267, ""fr"": 936, ""ru"": 82614, ""sv"": 188}",20250418,20260417,2026-06-21,ok
421,Adam Boqvist,Q40592571,cs|de|fi|fr|ru|sv,cs|de|fi|fr|ru|sv,7624,"{""cs"": 518, ""de"": 707, ""fi"": 846, ""fr"": 574, ""ru"": 1655, ""sv"": 3324}",20250418,20260417,2026-06-21,ok
422,Tony DeAngelo,Q16228519,de|fi|fr|ru|sv,de|fi|fr|ru|sv,9214,"{""de"": 844, ""fi"": 678, ""fr"": 979, ""ru"": 6357, ""sv"": 356}",20250418,20260417,2026-06-21,ok
423,Scott Mayfield,Q6380406,de|fi|fr|sv,de|fi|fr|sv,1756,"{""de"": 511, ""fi"": 530, ""fr"": 420, ""sv"": 295}",20250418,20260417,2026-06-21,ok
424,Adam Pelech,Q16229469,de|fi|fr|ru|sv,de|fi|fr|ru|sv,2604,"{""de"": 561, ""fi"": 486, ""fr"": 477, ""ru"": 838, ""sv"": 242}",20250418,20260417,2026-06-21,ok
425,Ryan Pulock,Q7384450,de|fi|fr|ru|sv,de|fi|fr|ru|sv,2638,"{""de"": 500, ""fi"": 428, ""fr"": 510, ""ru"": 924, ""sv"": 276}",20250418,20260417,2026-06-21,ok
427,Matthew Schaefer,Q130416868,cs|de|fi|fr|ru|sk|sv,cs|de|fi|fr|ru|sk|sv,34368,"{""cs"": 1809, ""de"": 7322, ""fi"": 4052, ""fr"": 7394, ""ru"": 11971, ""sk"": 246, ""sv"": 1574}",20250418,20260417,2026-06-21,ok
428,Carson Soucy,Q51403345,de|fi|fr|ru|sv,de|fi|fr|ru|sv,3570,"{""de"": 672, ""fi"": 464, ""fr"": 1034, ""ru"": 1149, ""sv"": 251}",20250418,20260417,2026-06-21,ok
429,Jonny Brodzinski,Q20087670,de|fi|fr|sv,de|fi|fr|sv,1661,"{""de"": 495, ""fi"": 545, ""fr"": 374, ""sv"": 247}",20250418,20260417,2026-06-21,ok
431,Will Cuylle,Q112133947,fi|fr|sv,fi|fr|sv,1812,"{""fi"": 532, ""fr"": 936, ""sv"": 344}",20250418,20260417,2026-06-21,ok
432,Adam Edstrom,Q64853087,fi|sv,fi|sv,1977,"{""fi"": 344, ""sv"": 1633}",20250418,20260417,2026-06-21,ok
433,Tye Kartye,Q117865206,fi|fr|sv,fi|fr|sv,1069,"{""fi"": 378, ""fr"": 466, ""sv"": 225}",20250418,20260417,2026-06-21,ok
434,Noah Laba,Q125521759,fi|fr|sv,fi|sv,526,"{""fi"": 303, ""sv"": 223}",20250418,20260417,2026-06-21,ok
435,Alexis Lafrenière,Q52012798,cs|de|fi|fr|ru|sv,cs|de|fi|fr|ru|sv,23853,"{""cs"": 1900, ""de"": 3030, ""fi"": 1532, ""fr"": 7588, ""ru"": 8915, ""sv"": 888}",20250418,20260417,2026-06-21,ok
436,J.T. Miller,Q540422,cs|de|fi|fr|ru|sv,cs|de|fi|fr|ru|sv,17953,"{""cs"": 260, ""de"": 2771, ""fi"": 1671, ""fr"": 2801, ""ru"": 9001, ""sv"": 1449}",20250418,20260417,2026-06-21,ok
437,Gabe Perreault,Q120073173,fi|fr|sv,fi|fr|sv,6061,"{""fi"": 2026, ""fr"": 3595, ""sv"": 440}",20250418,20260417,2026-06-21,ok
438,Taylor Raddysh,Q28160427,cs|de|fi|fr|sv,de|fi|fr|sv,2704,"{""de"": 777, ""fi"": 642, ""fr"": 904, ""sv"": 381}",20250418,20260417,2026-06-21,ok
439,Matt Rempe,Q124515704,fi|fr|sv,fi|fr|sv,7524,"{""fi"": 2926, ""fr"": 3165, ""sv"": 1433}",20250418,20260417,2026-06-21,ok
440,Conor Sheary,Q21774096,de|fi|fr|ru|sv,de|fi|fr|ru|sv,4203,"{""de"": 826, ""fi"": 455, ""fr"": 513, ""ru"": 2070, ""sv"": 339}",20250418,20260417,2026-06-21,ok
441,Adam Sykora,Q81907417,cs|de|fi|fr|ru|sk|sv,cs|de|fi|fr|ru|sk|sv,15459,"{""cs"": 2034, ""de"": 725, ""fi"": 946, ""fr"": 682, ""ru"": 1410, ""sk"": 9556, ""sv"": 106}",20250418,20260417,2026-06-21,ok
442,Vincent Trocheck,Q7932086,cs|de|fi|fr|ru|sv,cs|de|fi|fr|ru|sv,12930,"{""cs"": 1603, ""de"": 2160, ""fi"": 1030, ""fr"": 1786, ""ru"": 5673, ""sv"": 678}",20250418,20260417,2026-06-21,ok
443,Mika Zibanejad,Q1859388,cs|de|fi|fr|ru|sv,cs|de|fi|fr|ru|sv,187845,"{""cs"": 19811, ""de"": 10493, ""fi"": 32202, ""fr"": 7318, ""ru"": 16961, ""sv"": 101060}",20250418,20260417,2026-06-21,ok
444,Will Borgen,Q47067563,de|fi|fr|ru|sv,de|fi|fr|ru|sv,2742,"{""de"": 627, ""fi"": 575, ""fr"": 392, ""ru"": 829, ""sv"": 319}",20250418,20260417,2026-06-21,ok
445,Drew Fortescue,Q124098758,sv,sv,57,"{""sv"": 57}",20250418,20260417,2026-06-21,ok
446,Adam Fox,Q60735944,de|fi|fr|ru|sv,de|fi|fr|ru|sv,9564,"{""de"": 2073, ""fi"": 1289, ""fr"": 1415, ""ru"": 3999, ""sv"": 788}",20250418,20260417,2026-06-21,ok
447,Vladislav Gavrikov,Q20066382,cs|de|fi|fr|ru|sv,cs|de|fi|fr|ru|sv,28403,"{""cs"": 771, ""de"": 1187, ""fi"": 830, ""fr"": 687, ""ru"": 24299, ""sv"": 629}",20250418,20260417,2026-06-21,ok
448,Vincent Iorio,Q116972089,sv,sv,282,"{""sv"": 282}",20250418,20260417,2026-06-21,ok
449,Matthew Robertson,Q114586313,fi|fr|sv,fi|sv,331,"{""fi"": 102, ""sv"": 229}",20250418,20260417,2026-06-21,ok
450,Braden Schneider,Q99744350,cs|de|fi|fr|sv,cs|de|fi|fr|sv,3151,"{""cs"": 561, ""de"": 860, ""fi"": 557, ""fr"": 813, ""sv"": 360}",20250418,20260417,2026-06-21,ok
451,Urho Vaakanainen,Q22917015,fi|fr|ru|sv,fi|fr|ru|sv,8679,"{""fi"": 5938, ""fr"": 422, ""ru"": 1801, ""sv"": 518}",20250418,20260417,2026-06-21,ok
452,Michael Amadio,Q42422430,de|fi|fr|sv,de|fi|fr|sv,1681,"{""de"": 608, ""fi"": 342, ""fr"": 530, ""sv"": 201}",20250418,20260417,2026-06-21,ok
453,Drake Batherson,Q58767012,cs|de|fi|fr|ru|sv,cs|de|fi|fr|ru|sv,5239,"{""cs"": 683, ""de"": 1135, ""fi"": 565, ""fr"": 1114, ""ru"": 1443, ""sv"": 299}",20250418,20260417,2026-06-21,ok
454,Graeme Clarke,Q123352915,sv,sv,203,"{""sv"": 203}",20250418,20260417,2026-06-21,ok
455,Nick Cousins,Q19611265,de|fi|fr|ru|sv,de|fi|fr|ru|sv,7154,"{""de"": 814, ""fi"": 751, ""fr"": 3442, ""ru"": 1843, ""sv"": 304}",20250418,20260417,2026-06-21,ok
456,Dylan Cozens,Q65030083,cs|de|fi|fr|ru|sv,cs|de|fi|fr|ru|sv,9428,"{""cs"": 1682, ""de"": 1390, ""fi"": 863, ""fr"": 1618, ""ru"": 3132, ""sv"": 743}",20250418,20260417,2026-06-21,ok
457,Lars Eller,Q427363,cs|de|fi|fr|ru|sv,cs|de|fi|fr|ru|sv,17977,"{""cs"": 1281, ""de"": 2073, ""fi"": 1426, ""fr"": 6071, ""ru"": 4987, ""sv"": 2139}",20250418,20260417,2026-06-21,ok
458,Warren Foegele,Q51010020,de|fi|fr|sv,de|fi|fr|sv,2619,"{""de"": 1115, ""fi"": 392, ""fr"": 744, ""sv"": 368}",20250418,20260417,2026-06-21,ok
459,Claude Giroux,Q940193,cs|de|fi|fr|ru|sk|sv,cs|de|fi|fr|ru|sk|sv,33327,"{""cs"": 2521, ""de"": 3098, ""fi"": 2274, ""fr"": 7881, ""ru"": 15403, ""sk"": 1019, ""sv"": 1131}",20250418,20260417,2026-06-21,ok
460,Ridly Greig,Q100177658,fi|fr|sv,fi|fr|sv,1346,"{""fi"": 391, ""fr"": 650, ""sv"": 305}",20250418,20260417,2026-06-21,ok
461,Stephen Halliday,Q134294475,sv,sv,94,"{""sv"": 94}",20250418,20260417,2026-06-21,ok
462,Hayden Hodgson,Q111362302,sv,sv,138,"{""sv"": 138}",20250418,20260417,2026-06-21,ok
463,Arthur Kaliyev,Q64781802,de|fi|fr|ru|sv,de|fi|fr|ru|sv,10476,"{""de"": 948, ""fi"": 538, ""fr"": 770, ""ru"": 7766, ""sv"": 454}",20250418,20260417,2026-06-21,ok
464,Kurtis MacDermid,Q41719374,de|fi|fr|sv,de|fi|fr|sv,3599,"{""de"": 698, ""fi"": 584, ""fr"": 1931, ""sv"": 386}",20250418,20260417,2026-06-21,ok
465,Shane Pinto,Q64853340,cs|de|fi|fr|ru|sv,cs|de|fi|fr|ru|sv,8260,"{""cs"": 81, ""de"": 1995, ""fi"": 1091, ""fr"": 1934, ""ru"": 2461, ""sv"": 698}",20250418,20260417,2026-06-21,ok
466,Tim Stützle,Q70008386,cs|de|fi|fr|ru|sv,cs|de|fi|fr|ru|sv,113981,"{""cs"": 2309, ""de"": 100999, ""fi"": 1651, ""fr"": 2667, ""ru"": 5366, ""sv"": 989}",20250418,20260417,2026-06-21,ok
467,Brady Tkachuk,Q47091197,cs|de|fi|fr|ru|sv,cs|de|fi|fr|ru|sv,103177,"{""cs"": 20388, ""de"": 29225, ""fi"": 7016, ""fr"": 10913, ""ru"": 28637, ""sv"": 6998}",20250418,20260417,2026-06-21,ok
468,Fabian Zetterlund,Q27049206,fi|fr|sv,fi|fr|sv,4522,"{""fi"": 675, ""fr"": 642, ""sv"": 3205}",20250418,20260417,2026-06-21,ok
469,Thomas Chabot,Q20070752,cs|de|fi|fr|ru|sv,cs|de|fi|fr|ru|sv,8269,"{""cs"": 4, ""de"": 931, ""fi"": 644, ""fr"": 4165, ""ru"": 2132, ""sv"": 393}",20250418,20260417,2026-06-21,ok
470,Cameron Crotty,Q125141169,sv,sv,1448,"{""sv"": 1448}",20250418,20260417,2026-06-21,ok
471,Dennis Gilbert,Q20676428,fr|sv,fr|sv,620,"{""fr"": 413, ""sv"": 207}",20250418,20260417,2026-06-21,ok
472,Nick Jensen,Q16229145,de|fi|fr|ru|sv,de|fi|fr|ru|sv,3364,"{""de"": 631, ""fi"": 657, ""fr"": 600, ""ru"": 1125, ""sv"": 351}",20250418,20260417,2026-06-21,ok
473,Tyler Kleven,Q117349974,fi|fr|sv,fi|fr|sv,829,"{""fi"": 287, ""fr"": 350, ""sv"": 192}",20250418,20260417,2026-06-21,ok
474,Nikolas Matinpalo,Q61103628,cs|fi|fr|ru|sv,cs|fi|fr|ru|sv,12721,"{""cs"": 156, ""fi"": 10938, ""fr"": 669, ""ru"": 352, ""sv"": 606}",20250418,20260417,2026-06-21,ok
475,Jake Sanderson,Q99744353,cs|de|fi|fr|ru|sv,cs|de|fi|fr|ru|sv,7502,"{""cs"": 315, ""de"": 1490, ""fi"": 982, ""fr"": 1712, ""ru"": 2573, ""sv"": 430}",20250418,20260417,2026-06-21,ok
476,Jordan Spence,Q104591119,fi|sv,fi|sv,803,"{""fi"": 513, ""sv"": 290}",20250418,20260417,2026-06-21,ok
477,Lassi Thomson,Q64781761,fi|fr|sv,fi|fr|sv,5258,"{""fi"": 3865, ""fr"": 386, ""sv"": 1007}",20250418,20260417,2026-06-21,ok
478,Carter Yakemchuk,Q126936261,fi|sv,fi|sv,127,"{""fi"": 71, ""sv"": 56}",20250418,20260417,2026-06-21,ok
479,Artem Zub,Q29788672,de|fi|fr|ru|sv,de|fi|fr|ru|sv,17863,"{""de"": 810, ""fi"": 593, ""fr"": 795, ""ru"": 15382, ""sv"": 283}",20250418,20260417,2026-06-21,ok
480,Rodrigo Abols,Q19356871,cs|de|fi|fr|sv,cs|de|fi|fr|sv,6609,"{""cs"": 1388, ""de"": 892, ""fi"": 1096, ""fr"": 442, ""sv"": 2791}",20250418,20260417,2026-06-21,ok
481,Denver Barkey,Q130548141,cs|fi|sv,fi|sv,312,"{""fi"": 159, ""sv"": 153}",20250418,20260417,2026-06-21,ok
482,Alex Bump,Q133500284,sv,sv,90,"{""sv"": 90}",20250418,20260417,2026-06-21,ok
483,Noah Cates,Q110552680,fi|fr|sv,fi|fr|sv,868,"{""fi"": 217, ""fr"": 344, ""sv"": 307}",20250418,20260417,2026-06-21,ok
484,Sean Couturier,Q1860056,cs|de|fi|fr|ru|sv,cs|de|fi|fr|ru|sv,12891,"{""cs"": 989, ""de"": 1189, ""fi"": 1021, ""fr"": 4789, ""ru"": 4423, ""sv"": 480}",20250418,20260417,2026-06-21,ok
485,Christian Dvorak,Q22681273,de|fi|fr|ru|sv,de|fi|fr|ru|sv,8307,"{""de"": 975, ""fi"": 731, ""fr"": 4150, ""ru"": 2072, ""sv"": 379}",20250418,20260417,2026-06-21,ok
486,Tyson Foerster,Q100187048,cs|fi|fr|ru|sv,fi|fr|ru|sv,2433,"{""fi"": 551, ""fr"": 774, ""ru"": 692, ""sv"": 416}",20250418,20260417,2026-06-21,ok
487,Jacob Gaucher,Q132126484,sv,sv,1691,"{""sv"": 1691}",20250418,20260417,2026-06-21,ok
488,Luke Glendening,Q15081068,de|fi|fr|ru|sv,de|fi|fr|ru|sv,3395,"{""de"": 769, ""fi"": 558, ""fr"": 422, ""ru"": 1362, ""sv"": 284}",20250418,20260417,2026-06-21,ok
489,Nikita Grebenkin,Q120920350,fr|ru|sv,fr|ru|sv,22521,"{""fr"": 461, ""ru"": 21763, ""sv"": 297}",20250418,20260417,2026-06-21,ok
490,Carl Grundstrom,Q20631146,fi|fr|sv,fi|fr|sv,3233,"{""fi"": 427, ""fr"": 400, ""sv"": 2406}",20250418,20260417,2026-06-21,ok
491,Garnet Hathaway,Q20656991,de|fi|fr|ru|sv,de|fi|fr|ru|sv,3125,"{""de"": 760, ""fi"": 402, ""fr"": 396, ""ru"": 1314, ""sv"": 253}",20250418,20260417,2026-06-21,ok
492,Travis Konecny,Q16229347,cs|de|fi|fr|ru|sv,cs|de|fi|fr|ru|sv,9921,"{""cs"": 2, ""de"": 1778, ""fi"": 920, ""fr"": 1638, ""ru"": 4442, ""sv"": 1141}",20250418,20260417,2026-06-21,ok
493,Jett Luchanko,Q126932754,fi|sv,fi|sv,696,"{""fi"": 444, ""sv"": 252}",20250418,20260417,2026-06-21,ok
494,Porter Martone,Q130211542,cs|fi|fr|sv,cs|fi|sv,258,"{""cs"": 1, ""fi"": 158, ""sv"": 99}",20250418,20260417,2026-06-21,ok
495,Matvei Michkov,Q81905428,cs|fi|fr|ru|sv,cs|fi|fr|ru|sv,51695,"{""cs"": 1381, ""fi"": 1053, ""fr"": 2576, ""ru"": 46219, ""sv"": 466}",20250418,20260417,2026-06-21,ok
496,Owen Tippett,Q26207541,cs|de|fi|fr|sv,cs|de|fi|fr|sv,3031,"{""cs"": 1, ""de"": 750, ""fi"": 489, ""fr"": 1314, ""sv"": 477}",20250418,20260417,2026-06-21,ok
497,Garrett Wilson,Q16089798,de|fi|fr|sv,de|fi|fr|sv,1748,"{""de"": 399, ""fi"": 417, ""fr"": 693, ""sv"": 239}",20250418,20260417,2026-06-21,ok
498,Trevor Zegras,Q64781751,cs|de|fi|fr|ru|sv,de|fi|fr|ru|sv,22009,"{""de"": 4468, ""fi"": 2740, ""fr"": 4457, ""ru"": 9201, ""sv"": 1143}",20250418,20260417,2026-06-21,ok
499,Emil Andrae,Q88670439,fi|sv,fi|sv,2577,"{""fi"": 441, ""sv"": 2136}",20250418,20260417,2026-06-21,ok
500,Simon Benoit,Q90828989,fi|fr|sv,fi|fr|sv,5462,"{""fi"": 380, ""fr"": 4643, ""sv"": 439}",20250418,20260417,2026-06-21,ok
501,Oliver Bonk,Q120068593,cs|fi|sv,cs|sv,1822,"{""cs"": 1790, ""sv"": 32}",20250418,20260417,2026-06-21,ok
502,Jamie Drysdale,Q80677472,cs|de|fi|fr|ru|sv,de|fi|fr|ru|sv,4568,"{""de"": 806, ""fi"": 691, ""fr"": 866, ""ru"": 1865, ""sv"": 340}",20250418,20260417,2026-06-21,ok
503,Helge Grans,Q85989235,fi|sv,fi|sv,1273,"{""fi"": 436, ""sv"": 837}",20250418,20260417,2026-06-21,ok
504,David Jiricek,Q101429563,cs|de|fi|fr|ru|sv,cs|de|fi|fr|ru|sv,17814,"{""cs"": 12777, ""de"": 961, ""fi"": 787, ""fr"": 824, ""ru"": 1986, ""sv"": 479}",20250418,20260417,2026-06-21,ok
505,Noah Juulsen,Q20652530,de|fi|fr|ru|sv,de|fi|fr|ru|sv,3346,"{""de"": 546, ""fi"": 470, ""fr"": 1246, ""ru"": 763, ""sv"": 321}",20250418,20260417,2026-06-21,ok
506,Hunter McDonald,Q137829787,sv,sv,55,"{""sv"": 55}",20250418,20260417,2026-06-21,ok
507,Rasmus Ristolainen,Q3077970,cs|de|fi|fr|ru|sv,cs|de|fi|fr|ru|sv,24035,"{""cs"": 930, ""de"": 1379, ""fi"": 17091, ""fr"": 990, ""ru"": 2646, ""sv"": 999}",20250418,20260417,2026-06-21,ok
508,Travis Sanheim,Q17180909,cs|de|fi|fr|ru|sv,cs|de|fi|fr|ru|sv,8725,"{""cs"": 237, ""de"": 1684, ""fi"": 1190, ""fr"": 1522, ""ru"": 3606, ""sv"": 486}",20250418,20260417,2026-06-21,ok
509,Nick Seeler,Q49139375,de|fi|fr|sv,de|fi|fr|sv,1412,"{""de"": 539, ""fi"": 265, ""fr"": 391, ""sv"": 217}",20250418,20260417,2026-06-21,ok
510,Cam York,Q64781756,de|fi|fr|sv,de|fi|fr|sv,1685,"{""de"": 466, ""fi"": 518, ""fr"": 447, ""sv"": 254}",20250418,20260417,2026-06-21,ok
511,Noel Acciari,Q20675813,de|fi|fr|sv,de|fi|fr|sv,1721,"{""de"": 597, ""fi"": 416, ""fr"": 471, ""sv"": 237}",20250418,20260417,2026-06-21,ok
512,Justin Brazeau,Q124622990,fr|sv,fr|sv,2462,"{""fr"": 2137, ""sv"": 325}",20250418,20260417,2026-06-21,ok
513,Egor Chinakhov,Q100150011,fi|fr|ru|sv,fi|fr|ru|sv,29206,"{""fi"": 827, ""fr"": 754, ""ru"": 27261, ""sv"": 364}",20250418,20260417,2026-06-21,ok
514,Sidney Crosby,Q311280,cs|de|fi|fr|ru|sk|sv,cs|de|fi|fr|ru|sk|sv,486562,"{""cs"": 50609, ""de"": 76085, ""fi"": 36990, ""fr"": 97505, ""ru"": 184130, ""sk"": 17002, ""sv"": 24241}",20250418,20260417,2026-06-21,ok
515,Connor Dewar,Q89882950,fi|fr|sv,fi|fr|sv,1230,"{""fi"": 495, ""fr"": 423, ""sv"": 312}",20250418,20260417,2026-06-21,ok
516,Filip Hallander,Q53912891,fi|sv,fi|sv,2675,"{""fi"": 441, ""sv"": 2234}",20250418,20260417,2026-06-21,ok
517,Kevin Hayes,Q3195713,de|fi|fr|ru|sv,de|fi|fr|ru|sv,10401,"{""de"": 3531, ""fi"": 725, ""fr"": 2119, ""ru"": 2155, ""sv"": 1871}",20250418,20260417,2026-06-21,ok
518,Ben Kindel,Q135106803,fi|fr|ru|sv,fi|ru|sv,2433,"{""fi"": 783, ""ru"": 1222, ""sv"": 428}",20250418,20260417,2026-06-21,ok
519,Ville Koivunen,Q108114408,fi|sv,fi|sv,7683,"{""fi"": 7218, ""sv"": 465}",20250418,20260417,2026-06-21,ok
520,Blake Lizotte,Q62932839,de|fi|fr|sv,de|fi|fr|sv,1929,"{""de"": 475, ""fi"": 619, ""fr"": 541, ""sv"": 294}",20250418,20260417,2026-06-21,ok
521,Evgeni Malkin,Q314433,cs|de|fi|fr|ru|sk|sv,cs|de|fi|fr|ru|sk|sv,281347,"{""cs"": 10711, ""de"": 10647, ""fi"": 10782, ""fr"": 7185, ""ru"": 233692, ""sk"": 2967, ""sv"": 5363}",20250418,20260417,2026-06-21,ok
522,Anthony Mantha,Q13580947,cs|de|fi|fr|ru|sv,cs|de|fi|fr|ru|sv,12803,"{""cs"": 937, ""de"": 1412, ""fi"": 1168, ""fr"": 4748, ""ru"": 3964, ""sv"": 574}",20250418,20260417,2026-06-21,ok
523,Tommy Novak,Q20707370,fi|fr|ru|sv,fi|fr|ru|sv,2979,"{""fi"": 468, ""fr"": 570, ""ru"": 1636, ""sv"": 305}",20250418,20260417,2026-06-21,ok
524,Rickard Rakell,Q1731789,cs|de|fi|fr|ru|sv,cs|de|fi|fr|ru|sv,16066,"{""cs"": 800, ""de"": 1061, ""fi"": 844, ""fr"": 798, ""ru"": 2816, ""sv"": 9747}",20250418,20260417,2026-06-21,ok
525,Bryan Rust,Q18637940,de|fi|fr|ru|sv,de|fi|fr|ru|sv,4912,"{""de"": 894, ""fi"": 643, ""fr"": 964, ""ru"": 2054, ""sv"": 357}",20250418,20260417,2026-06-21,ok
526,Elmer Soderblom,Q104179563,fi|sv,fi|sv,5127,"{""fi"": 764, ""sv"": 4363}",20250418,20260417,2026-06-21,ok
527,Connor Clifton,Q58837108,de|fi|fr|sv,de|fi|fr|sv,1622,"{""de"": 714, ""fi"": 326, ""fr"": 330, ""sv"": 252}",20250418,20260417,2026-06-21,ok
528,Samuel Girard,Q41874508,de|fi|fr|ru|sv,de|fi|fr|ru|sv,7778,"{""de"": 893, ""fi"": 809, ""fr"": 3803, ""ru"": 1714, ""sv"": 559}",20250418,20260417,2026-06-21,ok
529,Ryan Graves,Q50365958,cs|de|fi|fr|ru|sv,cs|de|fi|fr|ru|sv,4657,"{""cs"": 705, ""de"": 855, ""fi"": 606, ""fr"": 857, ""ru"": 1333, ""sv"": 301}",20250418,20260417,2026-06-21,ok
530,Erik Karlsson,Q929159,cs|de|fi|fr|ru|sv,cs|de|fi|fr|ru|sv,66849,"{""cs"": 3832, ""de"": 5704, ""fi"": 8801, ""fr"": 3622, ""ru"": 5712, ""sv"": 39178}",20250418,20260417,2026-06-21,ok
531,Kris Letang,Q1376409,cs|de|fi|fr|ru|sk|sv,cs|de|fi|fr|ru|sk|sv,31510,"{""cs"": 1468, ""de"": 2279, ""fi"": 1817, ""fr"": 10223, ""ru"": 13813, ""sk"": 807, ""sv"": 1103}",20250418,20260417,2026-06-21,ok
532,Jake Livanavage,Q133930914,sv,sv,24,"{""sv"": 24}",20250418,20260417,2026-06-21,ok
533,Ryan Shea,Q108301337,fi|sv,fi|sv,1968,"{""fi"": 316, ""sv"": 1652}",20250418,20260417,2026-06-21,ok
534,Ilya Solovyov,Q107136932,de|fi|fr|sv,de|fi|fr|sv,1802,"{""de"": 834, ""fi"": 400, ""fr"": 343, ""sv"": 225}",20250418,20260417,2026-06-21,ok
535,Jack St. Ivany,Q125116639,fi|fr|sv,fr|sv,1883,"{""fr"": 194, ""sv"": 1689}",20250418,20260417,2026-06-21,ok
536,Parker Wotherspoon,Q21683687,fi|fr|sv,fr|sv,726,"{""fr"": 457, ""sv"": 269}",20250418,20260417,2026-06-21,ok
537,Macklin Celebrini,Q116369841,cs|de|fi|fr|ru|sk|sv,cs|de|fi|fr|ru|sk|sv,187085,"{""cs"": 15906, ""de"": 37477, ""fi"": 15829, ""fr"": 46865, ""ru"": 58368, ""sk"": 4534, ""sv"": 8106}",20250418,20260417,2026-06-21,ok
538,Ty Dellandrea,Q55183445,de|fi|fr|sv,de|fi|fr|sv,1990,"{""de"": 567, ""fi"": 529, ""fr"": 502, ""sv"": 392}",20250418,20260417,2026-06-21,ok
539,William Eklund,Q104473429,fi|fr|ru|sv,fi|fr|ru|sv,23453,"{""fi"": 1249, ""fr"": 1402, ""ru"": 1647, ""sv"": 19155}",20250418,20260417,2026-06-21,ok
540,Adam Gaudette,Q28935407,de|fi|fr|ru|sv,de|fi|fr|ru|sv,4317,"{""de"": 979, ""fi"": 638, ""fr"": 1194, ""ru"": 1151, ""sv"": 355}",20250418,20260417,2026-06-21,ok
541,Barclay Goodrow,Q18391246,de|fi|fr|ru|sv,de|fi|fr|ru|sv,5073,"{""de"": 1159, ""fi"": 431, ""fr"": 535, ""ru"": 2606, ""sv"": 342}",20250418,20260417,2026-06-21,ok
542,Collin Graf,Q117468322,de|sv,de|sv,880,"{""de"": 469, ""sv"": 411}",20250418,20260417,2026-06-21,ok
543,Philipp Kurashev,Q60284256,cs|de|fi|fr|ru|sv,cs|de|fi|fr|ru|sv,25307,"{""cs"": 689, ""de"": 7903, ""fi"": 1022, ""fr"": 2043, ""ru"": 13053, ""sv"": 597}",20250418,20260417,2026-06-21,ok
544,Michael Misa,Q120143115,cs|de|fi|fr|ru|sv,cs|de|fi|fr|sv,3381,"{""cs"": 100, ""de"": 514, ""fi"": 853, ""fr"": 1374, ""sv"": 540}",20250418,20260417,2026-06-21,ok
545,Zack Ostapchuk,Q124828144,sv,sv,1793,"{""sv"": 1793}",20250418,20260417,2026-06-21,ok
546,Ryan Reaves,Q2178104,de|fi|fr|ru|sv,de|fi|fr|ru|sv,15194,"{""de"": 4580, ""fi"": 1704, ""fr"": 3560, ""ru"": 4481, ""sv"": 869}",20250418,20260417,2026-06-21,ok
547,Pavol Regenda,Q110933819,cs|de|fi|fr|ru|sk|sv,cs|de|fi|fr|ru|sk|sv,38797,"{""cs"": 5631, ""de"": 2144, ""fi"": 1249, ""fr"": 802, ""ru"": 2867, ""sk"": 25585, ""sv"": 519}",20250418,20260417,2026-06-21,ok
548,Kiefer Sherwood,Q56876110,de|fi|fr|ru|sv,de|fi|fr|ru|sv,5872,"{""de"": 1415, ""fi"": 463, ""fr"": 1286, ""ru"": 2194, ""sv"": 514}",20250418,20260417,2026-06-21,ok
549,Will Smith,Q120015664,cs|de|fi|fr|ru|sv,cs|de|fi|fr|ru|sv,20006,"{""cs"": 140, ""de"": 3207, ""fi"": 2685, ""fr"": 4534, ""ru"": 8121, ""sv"": 1319}",20250418,20260417,2026-06-21,ok
550,Tyler Toffoli,Q3546040,cs|de|fi|fr|ru|sv,cs|de|fi|fr|ru|sv,11121,"{""cs"": 1026, ""de"": 1792, ""fi"": 1016, ""fr"": 3042, ""ru"": 3741, ""sv"": 504}",20250418,20260417,2026-06-21,ok
551,Alexander Wennberg,Q4720354,cs|de|fi|fr|ru|sv,cs|de|fi|fr|ru|sv,15893,"{""cs"": 957, ""de"": 2290, ""fi"": 1112, ""fr"": 833, ""ru"": 2107, ""sv"": 8594}",20250418,20260417,2026-06-21,ok
552,Vincent Desharnais,Q116178534,sv,sv,399,"{""sv"": 399}",20250418,20260417,2026-06-21,ok
553,Sam Dickinson,Q124634454,fi|ru|sv,fi|ru|sv,2126,"{""fi"": 280, ""ru"": 1613, ""sv"": 233}",20250418,20260417,2026-06-21,ok
554,Mario Ferraro,Q69524804,de|fi|fr|ru|sv,de|fi|fr|ru|sv,3919,"{""de"": 750, ""fi"": 554, ""fr"": 897, ""ru"": 1341, ""sv"": 377}",20250418,20260417,2026-06-21,ok
555,John Klingberg,Q527382,cs|de|fi|fr|ru|sv,cs|de|fi|fr|ru|sv,16338,"{""cs"": 1054, ""de"": 2597, ""fi"": 2760, ""fr"": 957, ""ru"": 3275, ""sv"": 5695}",20250418,20260417,2026-06-21,ok
556,Nick Leddy,Q1985505,cs|de|fi|fr|ru|sv,cs|de|fi|fr|ru|sv,4952,"{""cs"": 663, ""de"": 938, ""fi"": 596, ""fr"": 506, ""ru"": 1878, ""sv"": 371}",20250418,20260417,2026-06-21,ok
557,Shakir Mukhamadullin,Q98961212,fi|fr|ru|sv,fi|fr|ru|sv,16654,"{""fi"": 888, ""fr"": 1034, ""ru"": 14160, ""sv"": 572}",20250418,20260417,2026-06-21,ok
558,Dmitry Orlov,Q1232790,cs|de|fi|fr|ru|sv,cs|de|fi|fr|ru|sv,42309,"{""cs"": 1407, ""de"": 1666, ""fi"": 981, ""fr"": 857, ""ru"": 36831, ""sv"": 567}",20250418,20260417,2026-06-21,ok
559,Matty Beniers,Q107035397,cs|de|fi|fr|ru|sv,cs|de|fi|fr|ru|sv,10209,"{""cs"": 94, ""de"": 2273, ""fi"": 112, ""fr"": 2053, ""ru"": 5000, ""sv"": 677}",20250418,20260417,2026-06-21,ok
560,Berkly Catton,Q124260524,fi|ru|sv,fi|ru|sv,794,"{""fi"": 308, ""ru"": 287, ""sv"": 199}",20250418,20260417,2026-06-21,ok
561,Jordan Eberle,Q975074,cs|de|fi|fr|ru|sk|sv,cs|de|fi|fr|ru|sk|sv,13601,"{""cs"": 1569, ""de"": 2091, ""fi"": 1062, ""fr"": 2038, ""ru"": 5327, ""sk"": 903, ""sv"": 611}",20250418,20260417,2026-06-21,ok
562,Frederick Gaudreau,Q27530137,de|fi|fr|ru|sv,de|fi|fr|ru|sv,7530,"{""de"": 1368, ""fi"": 1297, ""fr"": 2456, ""ru"": 1876, ""sv"": 533}",20250418,20260417,2026-06-21,ok
563,Kaapo Kakko,Q45835153,cs|de|fi|fr|ru|sk|sv,cs|de|fi|fr|ru|sk|sv,50214,"{""cs"": 2424, ""de"": 3975, ""fi"": 30666, ""fr"": 2320, ""ru"": 6664, ""sk"": 2231, ""sv"": 1934}",20250418,20260417,2026-06-21,ok
564,Jared McCann,Q16229703,cs|de|fi|fr|ru|sv,cs|de|fi|fr|ru|sv,5874,"{""cs"": 746, ""de"": 845, ""fi"": 486, ""fr"": 1289, ""ru"": 2129, ""sv"": 379}",20250418,20260417,2026-06-21,ok
565,Bobby McMann,Q116176450,fi|fr|sv,fi|fr|sv,1526,"{""fi"": 597, ""fr"": 665, ""sv"": 264}",20250418,20260417,2026-06-21,ok
566,Ben Meyers,Q110932966,fr|sv,fr|sv,477,"{""fr"": 285, ""sv"": 192}",20250418,20260417,2026-06-21,ok
567,Jaden Schwartz,Q3160420,de|fi|fr|ru|sv,de|fi|fr|ru|sv,3657,"{""de"": 787, ""fi"": 552, ""fr"": 667, ""ru"": 1352, ""sv"": 299}",20250418,20260417,2026-06-21,ok
568,Chandler Stephenson,Q21192284,de|fi|fr|sv,de|fi|fr|sv,1874,"{""de"": 567, ""fi"": 454, ""fr"": 540, ""sv"": 313}",20250418,20260417,2026-06-21,ok
569,Eeli Tolvanen,Q23906048,cs|de|fi|fr|ru|sv,cs|de|fi|fr|ru|sv,44929,"{""cs"": 1040, ""de"": 2864, ""fi"": 33125, ""fr"": 931, ""ru"": 5442, ""sv"": 1527}",20250418,20260417,2026-06-21,ok
570,Ryan Winterton,Q123394071,fr|sv,fr|sv,686,"{""fr"": 475, ""sv"": 211}",20250418,20260417,2026-06-21,ok
571,Shane Wright,Q105731667,cs|de|fi|fr|ru|sv,cs|de|fi|fr|ru|sv,9151,"{""cs"": 1725, ""de"": 1212, ""fi"": 1000, ""fr"": 4435, ""ru"": 431, ""sv"": 348}",20250418,20260417,2026-06-21,ok
572,Vince Dunn,Q41611395,cs|de|fi|fr|ru|sv,cs|de|fi|fr|ru|sv,6046,"{""cs"": 776, ""de"": 1301, ""fi"": 567, ""fr"": 1169, ""ru"": 1887, ""sv"": 346}",20250418,20260417,2026-06-21,ok
573,Ryker Evans,Q112144287,fi|fr|ru|sv,fi|fr|ru|sv,2043,"{""fi"": 402, ""fr"": 680, ""ru"": 739, ""sv"": 222}",20250418,20260417,2026-06-21,ok
574,Cale Fleury,Q69412866,de|fi|fr|sv,de|fi|fr|sv,2759,"{""de"": 623, ""fi"": 472, ""fr"": 1279, ""sv"": 385}",20250418,20260417,2026-06-21,ok
575,Adam Larsson,Q350284,cs|de|fi|fr|ru|sv,cs|de|fi|fr|ru|sv,11070,"{""cs"": 936, ""de"": 1212, ""fi"": 1192, ""fr"": 818, ""ru"": 789, ""sv"": 6123}",20250418,20260417,2026-06-21,ok
576,Ryan Lindgren,Q24827237,de|fi|fr|sv,de|fi|fr|sv,2993,"{""de"": 716, ""fi"": 651, ""fr"": 569, ""sv"": 1057}",20250418,20260417,2026-06-21,ok
577,Joshua Mahura,Q58883801,de|fi|fr|ru|sv,de|fi|fr|ru|sv,2001,"{""de"": 462, ""fi"": 342, ""fr"": 274, ""ru"": 699, ""sv"": 224}",20250418,20260417,2026-06-21,ok
578,Brandon Montour,Q23799452,de|fi|fr|ru|sv,de|fi|fr|ru|sv,8904,"{""de"": 1508, ""fi"": 1097, ""fr"": 2262, ""ru"": 3609, ""sv"": 428}",20250418,20260417,2026-06-21,ok
579,Jamie Oleksiak,Q3161564,cs|de|fi|fr|ru|sv,cs|de|fi|fr|ru|sv,6417,"{""cs"": 833, ""de"": 808, ""fi"": 707, ""fr"": 1724, ""ru"": 1936, ""sv"": 409}",20250418,20260417,2026-06-21,ok
580,Jonatan Berggren,Q52154379,fi|fr|sv,fi|fr|sv,3140,"{""fi"": 649, ""fr"": 470, ""sv"": 2021}",20250418,20260417,2026-06-21,ok
581,Pavel Buchnevich,Q3372929,cs|de|fi|fr|ru|sv,de|fi|fr|ru|sv,24218,"{""de"": 756, ""fi"": 690, ""fr"": 561, ""ru"": 21939, ""sv"": 272}",20250418,20260417,2026-06-21,ok
582,Jonathan Drouin,Q1572118,cs|de|fi|fr|ru|sv,cs|de|fi|fr|ru|sv,16057,"{""cs"": 950, ""de"": 1570, ""fi"": 1689, ""fr"": 7235, ""ru"": 3869, ""sv"": 744}",20250418,20260417,2026-06-21,ok
583,Dalibor Dvorsky,Q109335919,cs|de|fi|fr|ru|sk|sv,cs|de|fi|fr|ru|sk|sv,38707,"{""cs"": 5240, ""de"": 2343, ""fi"": 1221, ""fr"": 1176, ""ru"": 769, ""sk"": 24322, ""sv"": 3636}",20250418,20260417,2026-06-21,ok
584,Jack Finley,Q120401898,sv,sv,198,"{""sv"": 198}",20250418,20260417,2026-06-21,ok
585,Dylan Holloway,Q100166692,cs|fi|fr|ru|sv,fi|fr|ru|sv,2965,"{""fi"": 619, ""fr"": 670, ""ru"": 1356, ""sv"": 320}",20250418,20260417,2026-06-21,ok
586,Jordan Kyrou,Q47088002,cs|de|fi|fr|ru|sv,cs|de|fi|fr|ru|sv,9630,"{""cs"": 549, ""de"": 758, ""fi"": 872, ""fr"": 5002, ""ru"": 2019, ""sv"": 430}",20250418,20260417,2026-06-21,ok
587,Jake Neighbours,Q100166664,cs|de|fi|fr|sv,de|fi|fr|sv,1969,"{""de"": 548, ""fi"": 485, ""fr"": 623, ""sv"": 313}",20250418,20260417,2026-06-21,ok
588,Jimmy Snuggerud,Q81907130,fi|fr|ru|sv,fi|fr|ru|sv,4147,"{""fi"": 2086, ""fr"": 943, ""ru"": 151, ""sv"": 967}",20250418,20260417,2026-06-21,ok
589,Oskar Sundqvist,Q6381123,cs|de|fi|fr|ru|sv,cs|de|fi|fr|ru|sv,7279,"{""cs"": 476, ""de"": 768, ""fi"": 439, ""fr"": 556, ""ru"": 1180, ""sv"": 3860}",20250418,20260417,2026-06-21,ok
590,Pius Suter,Q17305227,cs|de|fi|fr|ru|sv,cs|de|fi|fr|ru|sv,13539,"{""cs"": 348, ""de"": 8165, ""fi"": 710, ""fr"": 2191, ""ru"": 1748, ""sv"": 377}",20250418,20260417,2026-06-21,ok
591,Robert Thomas,Q30689603,cs|de|fi|fr|ru|sv,cs|de|fi|fr|ru|sv,9078,"{""cs"": 950, ""de"": 810, ""fi"": 1000, ""fr"": 3257, ""ru"": 2500, ""sv"": 561}",20250418,20260417,2026-06-21,ok
592,Alexey Toropchenko,Q99761947,fi|fr|ru|sv,fi|fr|ru|sv,10719,"{""fi"": 433, ""fr"": 313, ""ru"": 9753, ""sv"": 220}",20250418,20260417,2026-06-21,ok
593,Nathan Walker,Q984365,cs|de|fi|fr|ru|sv,cs|de|fi|fr|ru|sv,7137,"{""cs"": 1134, ""de"": 999, ""fi"": 1309, ""fr"": 831, ""ru"": 2404, ""sv"": 460}",20250418,20260417,2026-06-21,ok
594,Philip Broberg,Q64764843,cs|de|fi|fr|sv,cs|de|fi|fr|sv,7967,"{""cs"": 523, ""de"": 520, ""fi"": 759, ""fr"": 756, ""sv"": 5409}",20250418,20260417,2026-06-21,ok
595,Cam Fowler,Q1027905,cs|de|fi|fr|ru|sv,cs|de|fi|fr|ru|sv,6011,"{""cs"": 552, ""de"": 956, ""fi"": 751, ""fr"": 1089, ""ru"": 1790, ""sv"": 873}",20250418,20260417,2026-06-21,ok
596,Justin Holl,Q47527934,de|fi|fr|ru|sv,de|fi|fr|ru|sv,2544,"{""de"": 628, ""fi"": 378, ""fr"": 348, ""ru"": 966, ""sv"": 224}",20250418,20260417,2026-06-21,ok
597,Matthew Kessel,Q124391190,ru|sv,ru|sv,1061,"{""ru"": 846, ""sv"": 215}",20250418,20260417,2026-06-21,ok
598,Logan Mailloux,Q107632114,fi|fr|sv,fi|fr|sv,11795,"{""fi"": 619, ""fr"": 10776, ""sv"": 400}",20250418,20260417,2026-06-21,ok
599,Colton Parayko,Q16204018,cs|de|fi|fr|ru|sv,cs|de|fi|fr|ru|sv,18891,"{""cs"": 3345, ""de"": 2285, ""fi"": 2024, ""fr"": 3018, ""ru"": 7531, ""sv"": 688}",20250418,20260417,2026-06-21,ok
600,Tyler Tucker,Q115249555,fi|sv,fi|sv,645,"{""fi"": 472, ""sv"": 173}",20250418,20260417,2026-06-21,ok
601,Oliver Bjorkstrand,Q1439741,cs|de|fi|fr|ru|sv,cs|de|fi|fr|ru|sv,7588,"{""cs"": 752, ""de"": 1300, ""fi"": 1213, ""fr"": 716, ""ru"": 2283, ""sv"": 1324}",20250418,20260417,2026-06-21,ok
602,Anthony Cirelli,Q50300676,cs|de|fi|fr|ru|sv,cs|de|fi|fr|ru|sv,8121,"{""cs"": 710, ""de"": 1264, ""fi"": 914, ""fr"": 1708, ""ru"": 3174, ""sv"": 351}",20250418,20260417,2026-06-21,ok
603,Conor Geekie,Q81903067,fi|fr|sk|sv,fi|fr|sk|sv,2551,"{""fi"": 589, ""fr"": 1117, ""sk"": 518, ""sv"": 327}",20250418,20260417,2026-06-21,ok
604,Zemgus Girgensons,Q3078663,cs|de|fi|fr|ru|sv,cs|de|fi|fr|ru|sv,8317,"{""cs"": 727, ""de"": 1109, ""fi"": 836, ""fr"": 579, ""ru"": 4499, ""sv"": 567}",20250418,20260417,2026-06-21,ok
605,Gage Goncalves,Q124258303,fi|sv,fi|sv,695,"{""fi"": 439, ""sv"": 256}",20250418,20260417,2026-06-21,ok
606,Yanni Gourde,Q3571720,de|fi|fr|ru|sk|sv,de|fi|fr|ru|sk|sv,9838,"{""de"": 873, ""fi"": 614, ""fr"": 4411, ""ru"": 2915, ""sk"": 615, ""sv"": 410}",20250418,20260417,2026-06-21,ok
607,Jake Guentzel,Q27902006,cs|de|fi|fr|ru|sv,cs|de|fi|fr|ru|sv,18980,"{""cs"": 374, ""de"": 4235, ""fi"": 1684, ""fr"": 2140, ""ru"": 9743, ""sv"": 804}",20250418,20260417,2026-06-21,ok
608,Brandon Hagel,Q87544687,cs|de|fi|fr|ru|sk|sv,cs|de|fi|fr|ru|sk|sv,15204,"{""cs"": 282, ""de"": 3365, ""fi"": 1563, ""fr"": 2630, ""ru"": 5772, ""sk"": 876, ""sv"": 716}",20250418,20260417,2026-06-21,ok
609,Pontus Holmberg,Q53869727,fi|fr|sv,fi|fr|sv,5150,"{""fi"": 686, ""fr"": 131, ""sv"": 4333}",20250418,20260417,2026-06-21,ok
610,Dominic James,Q136746484,fi,fi,95,"{""fi"": 95}",20250418,20260417,2026-06-21,ok
611,Nikita Kucherov,Q1693680,cs|de|fi|fr|ru|sk|sv,cs|de|fi|fr|ru|sk|sv,262258,"{""cs"": 5839, ""de"": 10615, ""fi"": 6302, ""fr"": 8057, ""ru"": 227685, ""sk"": 1637, ""sv"": 2123}",20250418,20260417,2026-06-21,ok
612,Nick Paul,Q22891534,de|fi|fr|ru|sv,de|fi|fr|ru|sv,4600,"{""de"": 702, ""fi"": 680, ""fr"": 627, ""ru"": 1833, ""sv"": 758}",20250418,20260417,2026-06-21,ok
613,Corey Perry,Q948963,cs|de|fi|fr|ru|sv,cs|de|fi|fr|ru|sv,94203,"{""cs"": 7532, ""de"": 11650, ""fi"": 12102, ""fr"": 16874, ""ru"": 42994, ""sv"": 3051}",20250418,20260417,2026-06-21,ok
614,Brayden Point,Q17183570,cs|de|fi|fr|ru|sv,de|fi|fr|ru|sv,13674,"{""de"": 1324, ""fi"": 1302, ""fr"": 2069, ""ru"": 8439, ""sv"": 540}",20250418,20260417,2026-06-21,ok
615,Scott Sabourin,Q16224923,fi|sv,fi|sv,977,"{""fi"": 639, ""sv"": 338}",20250418,20260417,2026-06-21,ok
616,Declan Carlile,Q124151607,fi|sv,fi|sv,240,"{""fi"": 76, ""sv"": 164}",20250418,20260417,2026-06-21,ok
617,Erik Cernak,Q15613791,cs|de|fi|fr|ru|sk|sv,cs|de|fi|fr|ru|sk|sv,27097,"{""cs"": 5999, ""de"": 1636, ""fi"": 1026, ""fr"": 838, ""ru"": 2922, ""sk"": 14165, ""sv"": 511}",20250418,20260417,2026-06-21,ok
618,Max Crozier,Q124285797,fi|fr|sv,fi|fr|sv,756,"{""fi"": 221, ""fr"": 357, ""sv"": 178}",20250418,20260417,2026-06-21,ok
619,Charle-Edouard D'Astous,Q116942773,fi|fr|sk|sv,fi|fr|sk|sv,12181,"{""fi"": 1873, ""fr"": 7019, ""sk"": 191, ""sv"": 3098}",20250418,20260417,2026-06-21,ok
620,Victor Hedman,Q728924,cs|de|fi|fr|ru|sk|sv,cs|de|fi|fr|ru|sk|sv,47956,"{""cs"": 2589, ""de"": 3644, ""fi"": 3299, ""fr"": 1919, ""ru"": 13584, ""sk"": 1028, ""sv"": 21893}",20250418,20260417,2026-06-21,ok
621,Emil Lilleberg,Q90910550,fi|fr|ru|sv,fi|fr|ru|sv,3883,"{""fi"": 866, ""fr"": 407, ""ru"": 209, ""sv"": 2401}",20250418,20260417,2026-06-21,ok
622,Ryan McDonagh,Q2094838,cs|de|fi|fr|ru|sv,cs|de|fi|fr|ru|sv,9565,"{""cs"": 974, ""de"": 1095, ""fi"": 669, ""fr"": 1736, ""ru"": 4579, ""sv"": 512}",20250418,20260417,2026-06-21,ok
623,J.J. Moser,Q63457572,de|fi|fr|ru|sv,de|fi|fr|ru|sv,18199,"{""de"": 12934, ""fi"": 1022, ""fr"": 2930, ""ru"": 831, ""sv"": 482}",20250418,20260417,2026-06-21,ok
624,Darren Raddysh,Q98755073,cs|fi|fr|sv,cs|fi|fr|sv,1810,"{""cs"": 2, ""fi"": 535, ""fr"": 942, ""sv"": 331}",20250418,20260417,2026-06-21,ok
625,Max Domi,Q13581451,de|fi|fr|ru|sv,de|fi|fr|ru|sv,17823,"{""de"": 3080, ""fi"": 2742, ""fr"": 5366, ""ru"": 4677, ""sv"": 1958}",20250418,20260417,2026-06-21,ok
628,Calle Jarnkrok,Q961358,cs|de|fi|fr|ru|sv,cs|de|fi|fr|ru|sv,12297,"{""cs"": 547, ""de"": 819, ""fi"": 549, ""fr"": 508, ""ru"": 1323, ""sv"": 8551}",20250418,20260417,2026-06-21,ok
629,Dakota Joshua,Q19519917,fi|fr|sv,fi|fr|sv,1653,"{""fi"": 483, ""fr"": 860, ""sv"": 310}",20250418,20260417,2026-06-21,ok
630,Matthew Knies,Q110984252,fi|fr|ru|sv,fi|fr|ru|sv,6470,"{""fi"": 1060, ""fr"": 2565, ""ru"": 2217, ""sv"": 628}",20250418,20260417,2026-06-21,ok
631,Steven Lorentz,Q105104970,de|fi|fr|sv,de|fi|fr|sv,1887,"{""de"": 551, ""fi"": 457, ""fr"": 611, ""sv"": 268}",20250418,20260417,2026-06-21,ok
632,Matias Maccelli,Q70335829,de|fi|fr|sv,de|fi|fr|sv,15089,"{""de"": 1083, ""fi"": 12192, ""fr"": 1023, ""sv"": 791}",20250418,20260417,2026-06-21,ok
633,Auston Matthews,Q20090644,cs|de|fi|fr|ru|sk|sv,cs|de|fi|fr|ru|sk|sv,134811,"{""cs"": 6861, ""de"": 20491, ""fi"": 9781, ""fr"": 15332, ""ru"": 77505, ""sk"": 1010, ""sv"": 3831}",20250418,20260417,2026-06-21,ok
634,William Nylander,Q14614517,cs|de|fi|fr|ru|sv,cs|de|fi|fr|ru|sv,87715,"{""cs"": 6071, ""de"": 9169, ""fi"": 6270, ""fr"": 6404, ""ru"": 11472, ""sv"": 48329}",20250418,20260417,2026-06-21,ok
635,Nicholas Robertson,Q98066183,fi|fr|sv,fi|fr|sv,2994,"{""fi"": 1208, ""fr"": 1284, ""sv"": 502}",20250418,20260417,2026-06-21,ok
636,John Tavares,Q537353,cs|de|fi|fr|ru|sk|sv,cs|de|fi|fr|ru|sk|sv,75242,"{""cs"": 3969, ""de"": 9315, ""fi"": 4379, ""fr"": 7862, ""ru"": 45825, ""sk"": 1260, ""sv"": 2632}",20250418,20260417,2026-06-21,ok
637,Emil Andrae,Q88670439,fi|sv,fi|sv,2577,"{""fi"": 441, ""sv"": 2136}",20250418,20260417,2026-06-21,ok
638,Simon Benoit,Q90828989,fi|fr|sv,fi|fr|sv,5462,"{""fi"": 380, ""fr"": 4643, ""sv"": 439}",20250418,20260417,2026-06-21,ok
639,Brandon Carlo,Q20067419,de|fi|fr|ru|sv,de|fi|fr|ru|sv,3920,"{""de"": 826, ""fi"": 523, ""fr"": 890, ""ru"": 1280, ""sv"": 401}",20250418,20260417,2026-06-21,ok
640,Oliver Ekman-Larsson,Q1390668,cs|de|fi|fr|ru|sv,cs|de|fi|fr|ru|sv,25393,"{""cs"": 1692, ""de"": 2021, ""fi"": 1610, ""fr"": 1300, ""ru"": 4514, ""sv"": 14256}",20250418,20260417,2026-06-21,ok
641,Jake McCabe,Q16054878,de|fi|fr|ru|sv,de|fi|fr|ru|sv,4858,"{""de"": 864, ""fi"": 1176, ""fr"": 832, ""ru"": 1062, ""sv"": 924}",20250418,20260417,2026-06-21,ok
642,Philippe Myers,Q56658449,de|fi|fr|ru|sv,de|fi|fr|ru|sv,2780,"{""de"": 429, ""fi"": 393, ""fr"": 720, ""ru"": 942, ""sv"": 296}",20250418,20260417,2026-06-21,ok
643,Morgan Rielly,Q552306,cs|de|fi|fr|ru|sv,cs|de|fi|fr|ru|sv,8803,"{""cs"": 1161, ""de"": 1480, ""fi"": 731, ""fr"": 2004, ""ru"": 2958, ""sv"": 469}",20250418,20260417,2026-06-21,ok
644,Troy Stecher,Q27571839,de|fi|fr|ru|sv,de|fi|fr|ru|sv,4388,"{""de"": 1491, ""fi"": 660, ""fr"": 720, ""ru"": 1164, ""sv"": 353}",20250418,20260417,2026-06-21,ok
645,Chris Tanev,Q1086998,de|fi|fr|ru|sv,de|fi|fr|ru|sv,8128,"{""de"": 1568, ""fi"": 954, ""fr"": 1730, ""ru"": 3355, ""sv"": 521}",20250418,20260417,2026-06-21,ok
646,Andrew Agozzino,Q4756183,de|sv,de|sv,777,"{""de"": 444, ""sv"": 333}",20250418,20260417,2026-06-21,ok
647,Daniil But,Q120067880,fi|fr|ru|sv,fi|fr|ru|sv,25554,"{""fi"": 371, ""fr"": 593, ""ru"": 24455, ""sv"": 135}",20250418,20260417,2026-06-21,ok
648,Michael Carcone,Q110304604,de|fr|sv,de|fr|sv,1228,"{""de"": 482, ""fr"": 457, ""sv"": 289}",20250418,20260417,2026-06-21,ok
649,Logan Cooley,Q112967578,cs|de|fi|fr|ru|sv,cs|de|fi|fr|ru|sv,15543,"{""cs"": 2318, ""de"": 1013, ""fi"": 1170, ""fr"": 3687, ""ru"": 5231, ""sv"": 2124}",20250418,20260417,2026-06-21,ok
650,Lawson Crouse,Q18763985,cs|de|fi|fr|ru|sv,cs|de|fi|fr|ru|sv,4178,"{""cs"": 1, ""de"": 777, ""fi"": 605, ""fr"": 777, ""ru"": 1701, ""sv"": 317}",20250418,20260417,2026-06-21,ok
651,Dylan Guenther,Q108030630,cs|fi|fr|ru|sv,cs|fi|fr|ru|sv,5293,"{""cs"": 701, ""fi"": 516, ""fr"": 1077, ""ru"": 2567, ""sv"": 432}",20250418,20260417,2026-06-21,ok
652,Barrett Hayton,Q51777580,de|fi|fr|ru|sv,de|fi|fr|ru|sv,5223,"{""de"": 849, ""fi"": 753, ""fr"": 1027, ""ru"": 2239, ""sv"": 355}",20250418,20260417,2026-06-21,ok
653,Clayton Keller,Q22278556,cs|de|fi|fr|ru|sv,cs|de|fi|fr|ru|sv,21216,"{""cs"": 409, ""de"": 4851, ""fi"": 1898, ""fr"": 2398, ""ru"": 10533, ""sv"": 1127}",20250418,20260417,2026-06-21,ok
654,Alexander Kerfoot,Q41455254,de|fi|fr|ru|sv,de|fi|fr|ru|sv,3302,"{""de"": 896, ""fi"": 526, ""fr"": 538, ""ru"": 1005, ""sv"": 337}",20250418,20260417,2026-06-21,ok
655,Jack McBain,Q110876482,cs|de|fi|ru|sv,cs|de|fi|ru|sv,2729,"{""cs"": 652, ""de"": 708, ""fi"": 355, ""ru"": 700, ""sv"": 314}",20250418,20260417,2026-06-21,ok
656,Ben McCartney,Q109448153,sv,sv,175,"{""sv"": 175}",20250418,20260417,2026-06-21,ok
657,Liam O'Brien,Q18228540,de|fi|fr|sv,de|fi|fr|sv,1826,"{""de"": 565, ""fi"": 468, ""fr"": 506, ""sv"": 287}",20250418,20260417,2026-06-21,ok
658,JJ Peterka,Q80808677,cs|de|fi|fr|ru|sv,cs|de|fi|fr|ru|sv,73220,"{""cs"": 5910, ""de"": 57399, ""fi"": 1527, ""fr"": 1684, ""ru"": 5868, ""sv"": 832}",20250418,20260417,2026-06-21,ok
659,Kevin Rooney,Q28865575,de|fi|fr|ru|sv,de|fi|fr|ru|sv,3751,"{""de"": 516, ""fi"": 557, ""fr"": 412, ""ru"": 2026, ""sv"": 240}",20250418,20260417,2026-06-21,ok
660,Nick Schmaltz,Q17180924,de|fi|fr|ru|sv,de|fi|fr|ru|sv,6187,"{""de"": 1376, ""fi"": 753, ""fr"": 1079, ""ru"": 2479, ""sv"": 500}",20250418,20260417,2026-06-21,ok
661,Kevin Stenlund,Q20709999,de|fi|fr|sv,de|fi|fr|sv,4260,"{""de"": 623, ""fi"": 383, ""fr"": 383, ""sv"": 2871}",20250418,20260417,2026-06-21,ok
662,Brandon Tanev,Q23918693,de|fi|fr|ru|sv,de|fi|fr|ru|sv,7566,"{""de"": 1480, ""fi"": 831, ""fr"": 1357, ""ru"": 3386, ""sv"": 512}",20250418,20260417,2026-06-21,ok
663,Kailer Yamamoto,Q24827223,cs|de|fi|fr|ru|sv,cs|de|fi|fr|ru|sv,9581,"{""cs"": 584, ""de"": 1610, ""fi"": 986, ""fr"": 2604, ""ru"": 3339, ""sv"": 458}",20250418,20260417,2026-06-21,ok
664,Ian Cole,Q1655486,cs|de|fi|fr|ru|sv,cs|de|fi|fr|ru|sv,4958,"{""cs"": 1105, ""de"": 782, ""fi"": 529, ""fr"": 648, ""ru"": 1463, ""sv"": 431}",20250418,20260417,2026-06-21,ok
665,Nick DeSimone,Q115133336,sv,sv,256,"{""sv"": 256}",20250418,20260417,2026-06-21,ok
666,Sean Durzi,Q109735832,fi|fr|sv,fi|fr|sv,1247,"{""fi"": 361, ""fr"": 500, ""sv"": 386}",20250418,20260417,2026-06-21,ok
667,Maveric Lamoureux,Q112967564,fi|fr|sv,fi|fr|sv,3537,"{""fi"": 297, ""fr"": 3033, ""sv"": 207}",20250418,20260417,2026-06-21,ok
668,John Marino,Q70152038,de|fi|fr|sv,de|fi|fr|sv,2058,"{""de"": 943, ""fi"": 326, ""fr"": 487, ""sv"": 302}",20250418,20260417,2026-06-21,ok
669,Scott Perunovich,Q62082495,cs|fi|fr|sv,cs|fi|fr|sv,1520,"{""cs"": 489, ""fi"": 464, ""fr"": 411, ""sv"": 156}",20250418,20260417,2026-06-21,ok
670,Nate Schmidt,Q15142783,de|fi|fr|ru|sv,de|fi|fr|ru|sv,9082,"{""de"": 1997, ""fi"": 1762, ""fr"": 1054, ""ru"": 3837, ""sv"": 432}",20250418,20260417,2026-06-21,ok
671,Mikhail Sergachev,Q21622801,cs|de|fi|fr|ru|sv,de|fi|fr|ru|sv,55467,"{""de"": 1627, ""fi"": 875, ""fr"": 3142, ""ru"": 49300, ""sv"": 523}",20250418,20260417,2026-06-21,ok
672,Dmitri Simashev,Q120067858,fi|fr|ru|sv,fi|fr|ru|sv,21433,"{""fi"": 347, ""fr"": 957, ""ru"": 19955, ""sv"": 174}",20250418,20260417,2026-06-21,ok
673,Maksymilian Szuber,Q111901366,de|ru|sv,de|ru|sv,7728,"{""de"": 6908, ""ru"": 599, ""sv"": 221}",20250418,20260417,2026-06-21,ok
674,MacKenzie Weegar,Q29246743,cs|de|fi|fr|ru|sv,cs|de|fi|fr|ru|sv,6853,"{""cs"": 830, ""de"": 1163, ""fi"": 1021, ""fr"": 1290, ""ru"": 2134, ""sv"": 415}",20250418,20260417,2026-06-21,ok
675,Nils Aman,Q100251382,fr|sv,fr|sv,1203,"{""fr"": 256, ""sv"": 947}",20250418,20260417,2026-06-21,ok
676,Teddy Blueger,Q15407916,cs|de|fi|fr|ru|sv,cs|de|fi|fr|ru|sv,4162,"{""cs"": 770, ""de"": 1095, ""fi"": 777, ""fr"": 554, ""ru"": 432, ""sv"": 534}",20250418,20260417,2026-06-21,ok
677,Brock Boeser,Q20090315,de|fi|fr|ru|sv,de|fi|fr|ru|sv,7257,"{""de"": 1649, ""fi"": 688, ""fr"": 1449, ""ru"": 2998, ""sv"": 473}",20250418,20260417,2026-06-21,ok
678,Filip Chytil,Q30582528,cs|de|fi|fr|ru|sv,cs|de|fi|fr|ru|sv,12199,"{""cs"": 7592, ""de"": 989, ""fi"": 734, ""fr"": 536, ""ru"": 1952, ""sv"": 396}",20250418,20260417,2026-06-21,ok
679,Jake DeBrusk,Q20536540,cs|de|fi|fr|ru|sv,cs|de|fi|fr|ru|sv,5543,"{""cs"": 667, ""de"": 1125, ""fi"": 464, ""fr"": 1056, ""ru"": 1799, ""sv"": 432}",20250418,20260417,2026-06-21,ok
680,Curtis Douglas,Q136470461,sv,sv,317,"{""sv"": 317}",20250418,20260417,2026-06-21,ok
681,Nils Hoglander,Q54828774,de|fi|fr|sv,de|fi|fr|sv,4366,"{""de"": 526, ""fi"": 459, ""fr"": 351, ""sv"": 3030}",20250418,20260417,2026-06-21,ok
682,Evander Kane,Q976515,cs|de|fi|fr|ru|sv,cs|de|fi|fr|ru|sv,26482,"{""cs"": 1737, ""de"": 6054, ""fi"": 3321, ""fr"": 6637, ""ru"": 7374, ""sv"": 1359}",20250418,20260417,2026-06-21,ok
683,Linus Karlsson,Q55364020,sv,sv,2171,"{""sv"": 2171}",20250418,20260417,2026-06-21,ok
684,Drew O'Connor,Q105083026,cs|fi|fr|sv,cs|fi|fr|sv,1440,"{""cs"": 81, ""fi"": 502, ""fr"": 628, ""sv"": 229}",20250418,20260417,2026-06-21,ok
685,Liam Ohgren,Q112960703,fi|fr|sv,fi|fr|sv,4163,"{""fi"": 519, ""fr"": 319, ""sv"": 3325}",20250418,20260417,2026-06-21,ok
686,Elias Pettersson,Q28057083,cs|de|fi|fr|ru|sv,cs|de|fi|fr|ru|sv,30074,"{""cs"": 1783, ""de"": 2979, ""fi"": 3070, ""fr"": 2567, ""ru"": 1363, ""sv"": 18312}",20250418,20260417,2026-06-21,ok
687,Aatu Räty,Q70335876,fi|sv,fi|sv,7698,"{""fi"": 7312, ""sv"": 386}",20250418,20260417,2026-06-21,ok
688,Marco Rossi,Q44086008,de|fi|fr|ru|sv,de|fi|fr|ru|sv,20577,"{""de"": 13541, ""fi"": 1208, ""fr"": 1488, ""ru"": 3758, ""sv"": 582}",20250418,20260417,2026-06-21,ok
689,Max Sasson,Q131316613,fi|sv,sv,222,"{""sv"": 222}",20250418,20260417,2026-06-21,ok
690,Zeev Buium,Q124098765,cs|fi|fr|ru|sv,cs|fi|fr|ru|sv,6612,"{""cs"": 83, ""fi"": 1734, ""fr"": 2897, ""ru"": 909, ""sv"": 989}",20250418,20260417,2026-06-21,ok
691,Derek Forbort,Q3023724,de|fi|fr|sv,de|fi|fr|sv,1483,"{""de"": 472, ""fi"": 345, ""fr"": 407, ""sv"": 259}",20250418,20260417,2026-06-21,ok
692,Filip Hronek,Q20057354,cs|de|fi|fr|ru|sv,cs|de|fi|fr|ru|sv,23633,"{""cs"": 18195, ""de"": 1363, ""fi"": 682, ""fr"": 728, ""ru"": 2190, ""sv"": 475}",20250418,20260417,2026-06-21,ok
693,Pierre-Olivier Joseph,Q30596054,de|fi|fr|ru|sv,de|fi|fr|ru|sv,5227,"{""de"": 627, ""fi"": 328, ""fr"": 2394, ""ru"": 1342, ""sv"": 536}",20250418,20260417,2026-06-21,ok
694,Victor Mancini,Q130470301,fi|sv,fi|sv,729,"{""fi"": 464, ""sv"": 265}",20250418,20260417,2026-06-21,ok
695,Elias Pettersson,Q28057083,cs|de|fi|fr|ru|sv,cs|de|fi|fr|ru|sv,30074,"{""cs"": 1783, ""de"": 2979, ""fi"": 3070, ""fr"": 2567, ""ru"": 1363, ""sv"": 18312}",20250418,20260417,2026-06-21,ok
696,Marcus Pettersson,Q16224651,de|fi|fr|ru|sv,de|fi|fr|ru|sv,7065,"{""de"": 1071, ""fi"": 657, ""fr"": 588, ""ru"": 1759, ""sv"": 2990}",20250418,20260417,2026-06-21,ok
697,Tom Willander,Q119997633,cs|fi|fr|sv,fi|fr|sv,2040,"{""fi"": 302, ""fr"": 302, ""sv"": 1436}",20250418,20260417,2026-06-21,ok
698,Ivan Barbashev,Q16147074,cs|de|fi|fr|ru|sv,cs|de|fi|fr|ru|sv,26680,"{""cs"": 753, ""de"": 950, ""fi"": 707, ""fr"": 631, ""ru"": 23279, ""sv"": 360}",20250418,20260417,2026-06-21,ok
699,Braeden Bowman,Q136785645,fi|sv,fi|sv,239,"{""fi"": 85, ""sv"": 154}",20250418,20260417,2026-06-21,ok
700,Pavel Dorofeyev,Q60677539,fi|fr|ru|sv,fi|fr|ru|sv,40093,"{""fi"": 923, ""fr"": 888, ""ru"": 37944, ""sv"": 338}",20250418,20260417,2026-06-21,ok
701,Nic Dowd,Q16228586,de|fi|fr|ru|sv,de|fi|fr|ru|sv,5099,"{""de"": 609, ""fi"": 499, ""fr"": 621, ""ru"": 3055, ""sv"": 315}",20250418,20260417,2026-06-21,ok
702,Jack Eichel,Q17285387,cs|de|fi|fr|ru|sv,cs|de|fi|fr|ru|sv,37902,"{""cs"": 3335, ""de"": 10301, ""fi"": 4230, ""fr"": 3846, ""ru"": 14218, ""sv"": 1972}",20250418,20260417,2026-06-21,ok
703,Tomas Hertl,Q2257856,cs|de|fi|fr|ru|sv,cs|de|fi|fr|ru|sv,33740,"{""cs"": 24744, ""de"": 2402, ""fi"": 1024, ""fr"": 1087, ""ru"": 3863, ""sv"": 620}",20250418,20260417,2026-06-21,ok
704,Alexander Holtz,Q63375795,fi|fr|sv,fi|fr|sv,11690,"{""fi"": 688, ""fr"": 586, ""sv"": 10416}",20250418,20260417,2026-06-21,ok
705,Brett Howden,Q24805730,cs|de|fi|fr|sv,de|fi|fr|sv,2290,"{""de"": 619, ""fi"": 645, ""fr"": 738, ""sv"": 288}",20250418,20260417,2026-06-21,ok
706,William Karlsson,Q2577203,cs|de|fi|fr|ru|sv,cs|de|fi|fr|ru|sv,22828,"{""cs"": 1334, ""de"": 1574, ""fi"": 1332, ""fr"": 1100, ""ru"": 3525, ""sv"": 13963}",20250418,20260417,2026-06-21,ok
707,Keegan Kolesar,Q81764726,de|fi|fr|sv,de|fi|fr|sv,1935,"{""de"": 501, ""fi"": 410, ""fr"": 664, ""sv"": 360}",20250418,20260417,2026-06-21,ok
708,Tanner Laczynski,Q106359276,sv,sv,188,"{""sv"": 188}",20250418,20260417,2026-06-21,ok
709,Raphael Lavoie,Q98744669,fi|sv,fi|sv,2136,"{""fi"": 379, ""sv"": 1757}",20250418,20260417,2026-06-21,ok
710,Mitch Marner,Q19896071,cs|de|fi|fr|ru|sv,cs|de|fi|fr|ru|sv,53262,"{""cs"": 512, ""de"": 9859, ""fi"": 4863, ""fr"": 14914, ""ru"": 19953, ""sv"": 3161}",20250418,20260417,2026-06-21,ok
711,Jonas Rondbjerg,Q23845870,fi|ru|sv,fi|ru|sv,2231,"{""fi"": 474, ""ru"": 1280, ""sv"": 477}",20250418,20260417,2026-06-21,ok
712,Brandon Saad,Q389490,cs|de|fi|fr|ru|sv,cs|de|fi|fr|ru|sv,7439,"{""cs"": 973, ""de"": 940, ""fi"": 831, ""fr"": 1180, ""ru"": 3155, ""sv"": 360}",20250418,20260417,2026-06-21,ok
713,Colton Sissons,Q15705565,de|fi|fr|ru|sv,de|fi|fr|ru|sv,2992,"{""de"": 572, ""fi"": 463, ""fr"": 395, ""ru"": 1052, ""sv"": 510}",20250418,20260417,2026-06-21,ok
714,Cole Smith,Q104828654,ru|sv,ru|sv,1001,"{""ru"": 712, ""sv"": 289}",20250418,20260417,2026-06-21,ok
715,Reilly Smith,Q4588453,de|fi|fr|ru|sv,de|fi|fr|ru|sv,9021,"{""de"": 2934, ""fi"": 857, ""fr"": 1427, ""ru"": 3231, ""sv"": 572}",20250418,20260417,2026-06-21,ok
716,Mark Stone,Q473524,cs|de|fi|fr|ru|sv,cs|de|fi|fr|ru|sv,21370,"{""cs"": 3708, ""de"": 3711, ""fi"": 3342, ""fr"": 3073, ""ru"": 6131, ""sv"": 1405}",20250418,20260417,2026-06-21,ok
717,Kai Uchacz,Q138013097,sv,sv,128,"{""sv"": 128}",20250418,20260417,2026-06-21,ok
718,Rasmus Andersson,Q16150336,de|fi|fr|ru|sv,de|fi|fr|ru|sv,9320,"{""de"": 1856, ""fi"": 1264, ""fr"": 1564, ""ru"": 1360, ""sv"": 3276}",20250418,20260417,2026-06-21,ok
719,Dylan Coghlan,Q105332801,fi|fr|sv,fi|fr|sv,686,"{""fi"": 273, ""fr"": 273, ""sv"": 140}",20250418,20260417,2026-06-21,ok
720,Jeremy Davies,Q105844188,ru|sv,ru|sv,645,"{""ru"": 480, ""sv"": 165}",20250418,20260417,2026-06-21,ok
721,Noah Hanifin,Q17386014,cs|de|fi|fr|ru|sv,cs|de|fi|fr|ru|sv,10443,"{""cs"": 1080, ""de"": 1938, ""fi"": 1003, ""fr"": 1232, ""ru"": 4541, ""sv"": 649}",20250418,20260417,2026-06-21,ok
722,Ben Hutton,Q16229096,de|fi|fr|ru|sv,de|fi|fr|ru|sv,2288,"{""de"": 526, ""fi"": 368, ""fr"": 444, ""ru"": 674, ""sv"": 276}",20250418,20260417,2026-06-21,ok
723,Kaedan Korczak,Q104591090,fi|fr|sv,fi|fr|sv,604,"{""fi"": 97, ""fr"": 313, ""sv"": 194}",20250418,20260417,2026-06-21,ok
724,Jeremy Lauzon,Q58002269,de|fi|fr|sv,de|fi|fr|sv,3205,"{""de"": 569, ""fi"": 452, ""fr"": 1908, ""sv"": 276}",20250418,20260417,2026-06-21,ok
725,Brayden McNabb,Q944469,de|fi|fr|ru|sv,de|fi|fr|ru|sv,3768,"{""de"": 731, ""fi"": 476, ""fr"": 438, ""ru"": 1788, ""sv"": 335}",20250418,20260417,2026-06-21,ok
726,Jaycob Megna,Q16229748,cs|de|fi|fr|sv,cs|de|fi|fr|sv,1939,"{""cs"": 298, ""de"": 446, ""fi"": 488, ""fr"": 393, ""sv"": 314}",20250418,20260417,2026-06-21,ok
727,Shea Theodore,Q13581460,cs|de|fi|fr|ru|sv,cs|de|fi|fr|ru|sv,12711,"{""cs"": 1289, ""de"": 2052, ""fi"": 1250, ""fr"": 3018, ""ru"": 4631, ""sv"": 471}",20250418,20260417,2026-06-21,ok
728,Anthony Beauvillier,Q20065960,de|fi|fr|ru|sv,de|fi|fr|ru|sv,15514,"{""de"": 846, ""fi"": 719, ""fr"": 10324, ""ru"": 3246, ""sv"": 379}",20250418,20260417,2026-06-21,ok
729,Pierre-Luc Dubois,Q21621212,cs|de|fi|fr|ru|sv,cs|de|fi|fr|ru|sv,23127,"{""cs"": 1151, ""de"": 1675, ""fi"": 1680, ""fr"": 10031, ""ru"": 8064, ""sv"": 526}",20250418,20260417,2026-06-21,ok
730,Brandon Duhaime,Q108913705,fi|fr|sv,fi|fr|sv,5335,"{""fi"": 407, ""fr"": 4554, ""sv"": 374}",20250418,20260417,2026-06-21,ok
731,Ethen Frank,Q113415535,fi|sv,fi|sv,435,"{""fi"": 115, ""sv"": 320}",20250418,20260417,2026-06-21,ok
732,David Kampf,Q16229225,cs|de|fi|fr|ru|sv,cs|de|fi|fr|ru|sv,24259,"{""cs"": 19144, ""de"": 2682, ""fi"": 664, ""fr"": 907, ""ru"": 313, ""sv"": 549}",20250418,20260417,2026-06-21,ok
733,Hendrix Lapierre,Q100150917,fi|fr|sv,fi|fr|sv,2353,"{""fi"": 264, ""fr"": 1843, ""sv"": 246}",20250418,20260417,2026-06-21,ok
734,Ryan Leonard,Q120056851,fi|fr|ru|sv,fi|fr|ru|sv,11897,"{""fi"": 2410, ""fr"": 1767, ""ru"": 7271, ""sv"": 449}",20250418,20260417,2026-06-21,ok
735,Connor McMichael,Q64781753,fi|fr|ru|sv,fi|fr|ru|sv,5098,"{""fi"": 456, ""fr"": 851, ""ru"": 3536, ""sv"": 255}",20250418,20260417,2026-06-21,ok
736,Ivan Miroshnichenko,Q81905462,cs|fi|fr|ru|sv,cs|fi|fr|ru|sv,21803,"{""cs"": 336, ""fi"": 304, ""fr"": 437, ""ru"": 20528, ""sv"": 198}",20250418,20260417,2026-06-21,ok
737,Alex Ovechkin,Q311374,cs|de|fi|fr|ru|sk|sv,cs|de|fi|fr|ru|sk|sv,1329395,"{""cs"": 38023, ""de"": 73083, ""fi"": 28241, ""fr"": 54672, ""ru"": 1099225, ""sk"": 14574, ""sv"": 21577}",20250418,20260417,2026-06-21,ok
738,Aliaksei Protas,Q105949105,de|fi|ru|sv,de|fi|ru|sv,53190,"{""de"": 1412, ""fi"": 1271, ""ru"": 49910, ""sv"": 597}",20250418,20260417,2026-06-21,ok
739,Ilya Protas,Q126951602,fi|ru|sv,fi|ru|sv,778,"{""fi"": 110, ""ru"": 575, ""sv"": 93}",20250418,20260417,2026-06-21,ok
740,Justin Sourdif,Q123091694,fi|sv,fi|sv,1903,"{""fi"": 75, ""sv"": 1828}",20250418,20260417,2026-06-21,ok
741,Dylan Strome,Q17388804,cs|de|fi|fr|ru|sv,cs|de|fi|fr|ru|sv,14913,"{""cs"": 854, ""de"": 1645, ""fi"": 1047, ""fr"": 2250, ""ru"": 8626, ""sv"": 491}",20250418,20260417,2026-06-21,ok
742,Tom Wilson,Q542781,cs|de|fi|fr|ru|sv,cs|de|fi|fr|ru|sv,54816,"{""cs"": 3961, ""de"": 6443, ""fi"": 5325, ""fr"": 19461, ""ru"": 17563, ""sv"": 2063}",20250418,20260417,2026-06-21,ok
743,Declan Chisholm,Q110552291,fr|sv,fr|sv,564,"{""fr"": 358, ""sv"": 206}",20250418,20260417,2026-06-21,ok
744,Jakob Chychrun,Q16240150,de|fi|fr|ru|sv,de|fi|fr|ru|sv,14035,"{""de"": 1360, ""fi"": 933, ""fr"": 2803, ""ru"": 8260, ""sv"": 679}",20250418,20260417,2026-06-21,ok
745,Martin Fehérváry,Q22116861,cs|de|fi|fr|ru|sk|sv,cs|de|fi|fr|ru|sk|sv,22385,"{""cs"": 3176, ""de"": 809, ""fi"": 707, ""fr"": 603, ""ru"": 3918, ""sk"": 12598, ""sv"": 574}",20250418,20260417,2026-06-21,ok
746,Cole Hutson,Q126855093,fi|ru|sv,fi|sv,302,"{""fi"": 213, ""sv"": 89}",20250418,20260417,2026-06-21,ok
747,Timothy Liljegren,Q22959336,de|fi|fr|ru|sv,de|fi|fr|ru|sv,6992,"{""de"": 1191, ""fi"": 520, ""fr"": 648, ""ru"": 1562, ""sv"": 3071}",20250418,20260417,2026-06-21,ok
748,Dylan McIlrath,Q980125,de|fi|fr|sv,de|fi|fr|sv,1592,"{""de"": 506, ""fi"": 319, ""fr"": 461, ""sv"": 306}",20250418,20260417,2026-06-21,ok
749,Matt Roy,Q61750232,de|fi|fr|ru|sv,de|fi|fr|ru|sv,4783,"{""de"": 513, ""fi"": 368, ""fr"": 1542, ""ru"": 2128, ""sv"": 232}",20250418,20260417,2026-06-21,ok
750,Rasmus Sandin,Q43177791,cs|de|fi|fr|sv,cs|de|fi|fr|sv,10529,"{""cs"": 712, ""de"": 874, ""fi"": 867, ""fr"": 733, ""sv"": 7343}",20250418,20260417,2026-06-21,ok
751,Trevor van Riemsdyk,Q16225498,cs|de|fi|fr|ru|sv,cs|de|fi|fr|ru|sv,5753,"{""cs"": 510, ""de"": 686, ""fi"": 452, ""fr"": 835, ""ru"": 2895, ""sv"": 375}",20250418,20260417,2026-06-21,ok
752,Morgan Barron,Q98099029,fi|fr|sv,fi|fr|sv,1346,"{""fi"": 383, ""fr"": 705, ""sv"": 258}",20250418,20260417,2026-06-21,ok
753,Nikita Chibrikov,Q107691526,fr|ru|sv,fr|ru|sv,7455,"{""fr"": 284, ""ru"": 6980, ""sv"": 191}",20250418,20260417,2026-06-21,ok
754,Kyle Connor,Q20067704,cs|de|fi|fr|ru|sv,cs|de|fi|fr|ru|sv,13541,"{""cs"": 1445, ""de"": 2359, ""fi"": 1206, ""fr"": 2110, ""ru"": 5859, ""sv"": 562}",20250418,20260417,2026-06-21,ok
755,Alex Iafallo,Q41719381,de|fi|fr|ru|sv,de|fi|fr|ru|sv,2972,"{""de"": 607, ""fi"": 406, ""fr"": 492, ""ru"": 1160, ""sv"": 307}",20250418,20260417,2026-06-21,ok
756,Cole Koepke,Q108527818,sv,sv,256,"{""sv"": 256}",20250418,20260417,2026-06-21,ok
757,Adam Lowry,Q4679424,de|fi|fr|ru|sv,de|fi|fr|ru|sv,7265,"{""de"": 1861, ""fi"": 783, ""fr"": 1534, ""ru"": 2689, ""sv"": 398}",20250418,20260417,2026-06-21,ok
758,Vladislav Namestnikov,Q1339462,cs|de|fi|fr|ru|sv,cs|de|fi|fr|ru|sv,20331,"{""cs"": 701, ""de"": 933, ""fi"": 596, ""fr"": 642, ""ru"": 17168, ""sv"": 291}",20250418,20260417,2026-06-21,ok
759,Nino Niederreiter,Q688768,cs|de|fi|fr|ru|sk|sv,cs|de|fi|fr|ru|sk|sv,47386,"{""cs"": 3586, ""de"": 27367, ""fi"": 3105, ""fr"": 5279, ""ru"": 6038, ""sk"": 1003, ""sv"": 1008}",20250418,20260417,2026-06-21,ok
760,Gustav Nyquist,Q128328,cs|de|fi|fr|ru|sk|sv,cs|de|fi|fr|ru|sk|sv,9457,"{""cs"": 759, ""de"": 1033, ""fi"": 1011, ""fr"": 854, ""ru"": 2821, ""sk"": 429, ""sv"": 2550}",20250418,20260417,2026-06-21,ok
761,Cole Perfetti,Q99744352,cs|de|fi|fr|ru|sv,de|fi|fr|ru|sv,4537,"{""de"": 746, ""fi"": 533, ""fr"": 1165, ""ru"": 1772, ""sv"": 321}",20250418,20260417,2026-06-21,ok
762,Isak Rosen,Q107629898,fi|fr|sv,fi|fr|sv,2160,"{""fi"": 431, ""fr"": 377, ""sv"": 1352}",20250418,20260417,2026-06-21,ok
763,Mark Scheifele,Q982252,cs|de|fi|fr|ru|sv,cs|de|fi|fr|ru|sv,20108,"{""cs"": 1265, ""de"": 4515, ""fi"": 2110, ""fr"": 4524, ""ru"": 6862, ""sv"": 832}",20250418,20260417,2026-06-21,ok
764,Jonathan Toews,Q528240,cs|de|fi|fr|ru|sk|sv,cs|de|fi|fr|ru|sk|sv,69971,"{""cs"": 4976, ""de"": 10348, ""fi"": 6873, ""fr"": 19698, ""ru"": 22291, ""sk"": 2406, ""sv"": 3379}",20250418,20260417,2026-06-21,ok
765,Gabriel Vilardi,Q26251709,cs|de|fi|fr|ru|sv,de|fi|fr|ru|sv,4286,"{""de"": 635, ""fi"": 587, ""fr"": 793, ""ru"": 1970, ""sv"": 301}",20250418,20260417,2026-06-21,ok
766,Jacob Bryson,Q105659049,fi|fr|sv,fi|fr|sv,918,"{""fi"": 318, ""fr"": 388, ""sv"": 212}",20250418,20260417,2026-06-21,ok
767,Dylan DeMelo,Q15727578,de|fi|fr|ru|sv,de|fi|fr|ru|sv,2766,"{""de"": 452, ""fi"": 441, ""fr"": 629, ""ru"": 926, ""sv"": 318}",20250418,20260417,2026-06-21,ok
768,Haydn Fleury,Q16228754,cs|de|fi|fr|ru|sv,cs|de|fi|fr|ru|sv,6759,"{""cs"": 659, ""de"": 1151, ""fi"": 773, ""fr"": 1638, ""ru"": 1854, ""sv"": 684}",20250418,20260417,2026-06-21,ok
769,Ville Heinola,Q56402321,cs|fi|fr|sv,cs|fi|fr|sv,5544,"{""cs"": 410, ""fi"": 4488, ""fr"": 356, ""sv"": 290}",20250418,20260417,2026-06-21,ok
771,Josh Morrissey,Q13581454,cs|de|fi|fr|ru|sv,cs|de|fi|fr|ru|sv,7523,"{""cs"": 216, ""de"": 1567, ""fi"": 917, ""fr"": 1329, ""ru"": 3100, ""sv"": 394}",20250418,20260417,2026-06-21,ok
772,Neal Pionk,Q48568980,de|fi|fr|ru|sv,de|fi|fr|ru|sv,3063,"{""de"": 506, ""fi"": 548, ""fr"": 545, ""ru"": 1177, ""sv"": 287}",20250418,20260417,2026-06-21,ok
773,Elias Salomonsson,Q112998981,fi|sv,fi|sv,1144,"{""fi"": 149, ""sv"": 995}",20250418,20260417,2026-06-21,ok
774,Dylan Samberg,Q110552007,fi|fr|ru|sv,fi|fr|ru|sv,1930,"{""fi"": 414, ""fr"": 384, ""ru"": 834, ""sv"": 298}",20250418,20260417,2026-06-21,ok
